$MeshFormat
2.2 0 8
$EndMeshFormat
$Nodes
3904
1 0 0 0
2 220 0 0
3 220 60 0
4 0 60 0
5 1.818181818177314 0 0
6 3.636363636354712 0 0
7 5.454545454531968 0 0
8 7.272727272708917 0 0
9 9.090909090885917 0 0
10 10.90909090906305 0 0
11 12.72727272724032 0 0
12 14.54545454541815 0 0
13 16.36363636359656 0 0
14 18.18181818177516 0 0
15 19.99999999995377 0 0
16 21.81818181813236 0 0
17 23.63636363631096 0 0
18 25.45454545448957 0 0
19 27.27272727266757 0 0
20 29.09090909084415 0 0
21 30.90909090901986 0 0
22 32.72727272719553 0 0
23 34.54545454537119 0 0
24 36.36363636354685 0 0
25 38.18181818172251 0 0
26 39.99999999989817 0 0
27 41.81818181807384 0 0
28 43.63636363624949 0 0
29 45.45454545442516 0 0
30 47.27272727260082 0 0
31 49.09090909077649 0 0
32 50.90909090895215 0 0
33 52.72727272712781 0 0
34 54.54545454530348 0 0
35 56.36363636347914 0 0
36 58.18181818165481 0 0
37 59.99999999983047 0 0
38 61.81818181800613 0 0
39 63.63636363618179 0 0
40 65.45454545435746 0 0
41 67.27272727253312 0 0
42 69.09090909070878 0 0
43 70.90909090888444 0 0
44 72.72727272706011 0 0
45 74.54545454523577 0 0
46 76.36363636341143 0 0
47 78.18181818158709 0 0
48 79.99999999976275 0 0
49 81.81818181793842 0 0
50 83.63636363611408 0 0
51 85.45454545428974 0 0
52 87.27272727246539 0 0
53 89.09090909064106 0 0
54 90.90909090881672 0 0
55 92.72727272699238 0 0
56 94.54545454516804 0 0
57 96.36363636334372 0 0
58 98.18181818151938 0 0
59 99.99999999969502 0 0
60 101.8181818178707 0 0
61 103.6363636360464 0 0
62 105.454545454222 0 0
63 107.2727272723977 0 0
64 109.0909090905747 0 0
65 110.9090909087562 0 0
66 112.7272727269423 0 0
67 114.5454545451297 0 0
68 116.3636363633171 0 0
69 118.1818181815046 0 0
70 119.999999999692 0 0
71 121.8181818178794 0 0
72 123.6363636360668 0 0
73 125.4545454542542 0 0
74 127.2727272724417 0 0
75 129.0909090906291 0 0
76 130.9090909088165 0 0
77 132.7272727270039 0 0
78 134.5454545451914 0 0
79 136.3636363633788 0 0
80 138.1818181815662 0 0
81 139.9999999997536 0 0
82 141.818181817941 0 0
83 143.6363636361284 0 0
84 145.4545454543159 0 0
85 147.2727272725033 0 0
86 149.0909090906907 0 0
87 150.9090909088781 0 0
88 152.7272727270655 0 0
89 154.5454545452529 0 0
90 156.3636363634404 0 0
91 158.1818181816278 0 0
92 159.9999999998152 0 0
93 161.8181818180026 0 0
94 163.6363636361901 0 0
95 165.4545454543774 0 0
96 167.2727272725649 0 0
97 169.0909090907523 0 0
98 170.9090909089397 0 0
99 172.7272727271271 0 0
100 174.5454545453145 0 0
101 176.3636363635019 0 0
102 178.1818181816894 0 0
103 179.9999999998768 0 0
104 181.8181818180642 0 0
105 183.6363636362516 0 0
106 185.454545454439 0 0
107 187.2727272726265 0 0
108 189.0909090908139 0 0
109 190.9090909090013 0 0
110 192.7272727271887 0 0
111 194.5454545453761 0 0
112 196.3636363635636 0 0
113 198.181818181751 0 0
114 199.9999999999384 0 0
115 201.8181818181258 0 0
116 203.6363636363132 0 0
117 205.4545454545007 0 0
118 207.2727272726881 0 0
119 209.0909090908755 0 0
120 210.9090909090629 0 0
121 212.7272727272503 0 0
122 214.5454545454377 0 0
123 216.3636363636252 0 0
124 218.1818181818126 0 0
125 220 1.935483870967272 0
126 220 3.870967741933564 0
127 220 5.806451612902216 0
128 220 7.74193548387062 0
129 220 9.677419354836681 0
130 220 11.61290322580266 0
131 220 13.54838709676864 0
132 220 15.48387096773462 0
133 220 17.41935483869691 0
134 220 19.35483870965716 0
135 220 21.29032258061741 0
136 220 23.22580645157766 0
137 220 25.16129032253791 0
138 220 27.09677419349816 0
139 220 29.03225806445841 0
140 220 30.96774193542439 0
141 220 32.9032258063961 0
142 220 34.8387096773678 0
143 220 36.77419354833951 0
144 220 38.70967741931122 0
145 220 40.64516129028292 0
146 220 42.58064516125464 0
147 220 44.51612903222634 0
148 220 46.45161290319805 0
149 220 48.38709677416975 0
150 220 50.32258064514146 0
151 220 52.25806451611317 0
152 220 54.19354838708487 0
153 220 56.12903225805658 0
154 220 58.06451612902828 0
155 218.1818181818103 60 0
156 216.3636363636207 60 0
157 214.545454545431 60 0
158 212.7272727272414 60 0
159 210.9090909090517 60 0
160 209.090909090862 60 0
161 207.2727272726724 60 0
162 205.4545454544827 60 0
163 203.6363636362931 60 0
164 201.8181818181034 60 0
165 199.9999999999137 60 0
166 198.1818181817241 60 0
167 196.3636363635344 60 0
168 194.5454545453447 60 0
169 192.7272727271599 60 0
170 190.9090909089864 60 0
171 189.0909090908198 60 0
172 187.2727272726536 60 0
173 185.4545454544875 60 0
174 183.6363636363213 60 0
175 181.8181818181551 60 0
176 179.9999999999889 60 0
177 178.1818181818228 60 0
178 176.3636363636566 60 0
179 174.5454545454904 60 0
180 172.7272727273243 60 0
181 170.9090909091581 60 0
182 169.0909090909919 60 0
183 167.2727272728257 60 0
184 165.4545454546596 60 0
185 163.6363636364934 60 0
186 161.8181818183272 60 0
187 160.000000000161 60 0
188 158.1818181819949 60 0
189 156.3636363638287 60 0
190 154.5454545456626 60 0
191 152.7272727274964 60 0
192 150.9090909093302 60 0
193 149.090909091164 60 0
194 147.2727272729979 60 0
195 145.4545454548317 60 0
196 143.6363636366655 60 0
197 141.8181818184994 60 0
198 140.0000000003332 60 0
199 138.181818182167 60 0
200 136.3636363640009 60 0
201 134.5454545458347 60 0
202 132.7272727276686 60 0
203 130.9090909095024 60 0
204 129.0909090913362 60 0
205 127.2727272731648 60 0
206 125.4545454549871 60 0
207 123.6363636368092 60 0
208 121.8181818186313 60 0
209 120.0000000004534 60 0
210 118.1818181822755 60 0
211 116.3636363640976 60 0
212 114.5454545459196 60 0
213 112.7272727277417 60 0
214 110.9090909095625 60 0
215 109.0909090913787 60 0
216 107.2727272731904 60 0
217 105.4545454550007 60 0
218 103.636363636811 60 0
219 101.8181818186214 60 0
220 100.0000000004317 60 0
221 98.18181818224204 60 0
222 96.36363636405237 60 0
223 94.54545454586271 60 0
224 92.72727272767304 60 0
225 90.90909090948335 60 0
226 89.0909090912937 60 0
227 87.27272727310404 60 0
228 85.45454545491438 60 0
229 83.6363636367247 60 0
230 81.81818181853501 60 0
231 80.00000000034538 60 0
232 78.1818181821557 60 0
233 76.36363636396604 60 0
234 74.54545454577635 60 0
235 72.72727272758669 60 0
236 70.90909090939704 60 0
237 69.09090909120735 60 0
238 67.27272727301769 60 0
239 65.45454545482804 60 0
240 63.63636363663838 60 0
241 61.81818181844869 60 0
242 60.00000000025904 60 0
243 58.18181818206938 60 0
244 56.36363636387969 60 0
245 54.54545454569004 60 0
246 52.72727272750035 60 0
247 50.90909090931069 60 0
248 49.09090909112103 60 0
249 47.27272727293135 60 0
250 45.45454545474169 60 0
251 43.63636363655201 60 0
252 41.81818181836232 60 0
253 40.00000000017266 60 0
254 38.181818181983 60 0
255 36.36363636379335 60 0
256 34.54545454560366 60 0
257 32.727272727414 60 0
258 30.90909090922435 60 0
259 29.09090909103466 60 0
260 27.272727272845 60 0
261 25.45454545465532 60 0
262 23.63636363646569 60 0
263 21.818181818276 60 0
264 20.00000000008632 60 0
265 18.18181818189666 60 0
266 16.363636363707 60 0
267 14.54545454551735 60 0
268 12.72727272732766 60 0
269 10.909090909138 60 0
270 9.090909090948344 60 0
271 7.272727272758658 60 0
272 5.454545454569001 60 0
273 3.636363636379343 60 0
274 1.818181818189686 60 0
275 0 58.06451612902738 0
276 0 56.12903225805475 0
277 0 54.19354838708212 0
278 0 52.2580645161095 0
279 0 50.32258064513687 0
280 0 48.38709677416425 0
281 0 46.45161290319163 0
282 0 44.516129032219 0
283 0 42.58064516126115 0
284 0 40.64516129031144 0
285 0 38.70967741936174 0
286 0 36.77419354841203 0
287 0 34.83870967746232 0
288 0 32.90322580651262 0
289 0 30.96774193555615 0
290 0 29.03225806458926 0
291 0 27.09677419361665 0
292 0 25.16129032264403 0
293 0 23.22580645167141 0
294 0 21.29032258069879 0
295 0 19.35483870972617 0
296 0 17.41935483875356 0
297 0 15.48387096778094 0
298 0 13.54838709680832 0
299 0 11.6129032258357 0
300 0 9.677419354863083 0
301 0 7.741935483890465 0
302 0 5.806451612917854 0
303 0 3.870967741945236 0
304 0 1.935483870972618 0
305 1.818181818177713 1.935483870972574 0
306 1.818181818178112 3.870967741945139 0
307 1.818181818178511 5.806451612917726 0
308 1.81818181817891 7.741935483890303 0
309 1.818181818179309 9.677419354862865 0
310 1.818181818179708 11.61290322583543 0
311 1.818181818180108 13.54838709680799 0
312 1.818181818180507 15.48387096778056 0
313 1.818181818180906 17.41935483875309 0
314 1.818181818181305 19.3548387097256 0
315 1.818181818181704 21.29032258069811 0
316 1.818181818182103 23.22580645167064 0
317 1.818181818182502 25.16129032264315 0
318 1.818181818182901 27.09677419361566 0
319 1.818181818183301 29.03225806458819 0
320 1.818181818183699 30.96774193555507 0
321 1.818181818184098 32.90322580651166 0
322 1.818181818184498 34.83870967746153 0
323 1.818181818184896 36.77419354841143 0
324 1.818181818185296 38.70967741936133 0
325 1.818181818185695 40.64516129031119 0
326 1.818181818186094 42.58064516126108 0
327 1.818181818186493 44.51612903221906 0
328 1.818181818186892 46.45161290319169 0
329 1.818181818187291 48.38709677416429 0
330 1.818181818187691 50.32258064513692 0
331 1.818181818188089 52.25806451610953 0
332 1.818181818188488 54.19354838708215 0
333 1.818181818188888 56.12903225805476 0
334 1.818181818189287 58.06451612902738 0
335 3.636363636355506 1.93548387097253 0
336 3.636363636356301 3.870967741945043 0
337 3.636363636357096 5.806451612917596 0
338 3.636363636357891 7.741935483890138 0
339 3.636363636358685 9.67741935486265 0
340 3.63636363635948 11.61290322583515 0
341 3.636363636360274 13.54838709680766 0
342 3.636363636361068 15.48387096778017 0
343 3.636363636361863 17.41935483875263 0
344 3.636363636362657 19.35483870972503 0
345 3.636363636363452 21.29032258069744 0
346 3.636363636364247 23.22580645166986 0
347 3.636363636365041 25.16129032264227 0
348 3.636363636365836 27.09677419361469 0
349 3.63636363636663 29.0322580645871 0
350 3.636363636367426 30.96774193555398 0
351 3.63636363636822 32.9032258065107 0
352 3.636363636369015 34.83870967746076 0
353 3.636363636369809 36.77419354841083 0
354 3.636363636370603 38.70967741936089 0
355 3.636363636371398 40.64516129031096 0
356 3.636363636372193 42.58064516126103 0
357 3.636363636372987 44.51612903221913 0
358 3.636363636373782 46.45161290319174 0
359 3.636363636374576 48.38709677416435 0
360 3.636363636375371 50.32258064513696 0
361 3.636363636376165 52.25806451610956 0
362 3.636363636376959 54.19354838708217 0
363 3.636363636377753 56.12903225805478 0
364 3.636363636378548 58.0645161290274 0
365 5.454545454533164 1.935483870972485 0
366 5.454545454534357 3.870967741944948 0
367 5.45454545453555 5.806451612917465 0
368 5.454545454536746 7.741935483889974 0
369 5.454545454537942 9.67741935486243 0
370 5.454545454539135 11.61290322583488 0
371 5.454545454540329 13.54838709680734 0
372 5.454545454541525 15.48387096777979 0
373 5.45454545454272 17.41935483875216 0
374 5.454545454543914 19.35483870972446 0
375 5.454545454545108 21.29032258069677 0
376 5.454545454546304 23.22580645166909 0
377 5.454545454547499 25.1612903226414 0
378 5.454545454548692 27.09677419361371 0
379 5.454545454549885 29.03225806458602 0
380 5.454545454551081 30.96774193555289 0
381 5.454545454552277 32.90322580650973 0
382 5.454545454553471 34.83870967745997 0
383 5.454545454554665 36.77419354841023 0
384 5.45454545455586 38.70967741936049 0
385 5.454545454557056 40.64516129031073 0
386 5.454545454558249 42.58064516126098 0
387 5.454545454559442 44.51612903221918 0
388 5.454545454560638 46.45161290319178 0
389 5.454545454561833 48.38709677416438 0
390 5.454545454563028 50.322580645137 0
391 5.454545454564221 52.25806451610959 0
392 5.454545454565417 54.19354838708218 0
393 5.454545454566612 56.12903225805479 0
394 5.454545454567806 58.0645161290274 0
395 7.272727272710521 1.935483870972441 0
396 7.272727272712126 3.87096774194485 0
397 7.27272727271373 5.806451612917338 0
398 7.272727272715335 7.741935483889809 0
399 7.272727272716941 9.677419354862208 0
400 7.272727272718545 11.61290322583461 0
401 7.272727272720149 13.54838709680701 0
402 7.272727272721754 15.48387096777941 0
403 7.272727272723357 17.41935483875169 0
404 7.272727272724962 19.35483870972388 0
405 7.272727272726566 21.29032258069609 0
406 7.27272727272817 23.22580645166831 0
407 7.272727272729777 25.16129032264052 0
408 7.27272727273138 27.09677419361273 0
409 7.272727272732984 29.03225806458494 0
410 7.272727272734589 30.96774193555179 0
411 7.272727272736194 32.90322580650877 0
412 7.272727272737798 34.83870967745919 0
413 7.272727272739402 36.77419354840964 0
414 7.272727272741008 38.70967741936008 0
415 7.272727272742613 40.64516129031051 0
416 7.272727272744215 42.58064516126092 0
417 7.272727272745822 44.51612903221925 0
418 7.272727272747428 46.45161290319184 0
419 7.272727272749031 48.38709677416443 0
420 7.272727272750634 50.32258064513702 0
421 7.272727272752238 52.25806451610962 0
422 7.272727272753842 54.19354838708221 0
423 7.272727272755449 56.12903225805481 0
424 7.272727272757053 58.0645161290274 0
425 9.090909090887928 1.935483870972397 0
426 9.090909090889946 3.870967741944754 0
427 9.090909090891955 5.806451612917208 0
428 9.090909090893971 7.741935483889646 0
429 9.090909090895986 9.677419354861993 0
430 9.090909090897998 11.61290322583434 0
431 9.090909090900009 13.54838709680668 0
432 9.090909090902029 15.48387096777902 0
433 9.09090909090404 17.41935483875123 0
434 9.090909090906054 19.35483870972331 0
435 9.090909090908067 21.29032258069542 0
436 9.090909090910081 23.22580645166753 0
437 9.090909090912097 25.16129032263964 0
438 9.090909090914112 27.09677419361175 0
439 9.090909090916124 29.03225806458386 0
440 9.090909090918135 30.96774193555071 0
441 9.090909090920151 32.90322580650781 0
442 9.090909090922164 34.83870967745841 0
443 9.090909090924178 36.77419354840903 0
444 9.090909090926195 38.70967741935965 0
445 9.090909090928204 40.64516129031026 0
446 9.090909090930218 42.58064516126088 0
447 9.090909090932234 44.5161290322193 0
448 9.090909090934249 46.45161290319189 0
449 9.090909090936261 48.38709677416447 0
450 9.090909090938277 50.32258064513707 0
451 9.090909090940288 52.25806451610966 0
452 9.090909090942301 54.19354838708223 0
453 9.090909090944317 56.12903225805481 0
454 9.09090909094633 58.06451612902741 0
455 10.90909090906547 1.935483870972353 0
456 10.90909090906789 3.870967741944657 0
457 10.9090909090703 5.806451612917078 0
458 10.90909090907272 7.741935483889481 0
459 10.90909090907514 9.677419354861774 0
460 10.90909090907756 11.61290322583406 0
461 10.90909090907998 13.54838709680636 0
462 10.90909090908239 15.48387096777864 0
463 10.90909090908481 17.41935483875076 0
464 10.90909090908723 19.35483870972274 0
465 10.90909090908965 21.29032258069475 0
466 10.90909090909206 23.22580645166677 0
467 10.90909090909448 25.16129032263877 0
468 10.9090909090969 27.09677419361077 0
469 10.90909090909932 29.03225806458278 0
470 10.90909090910174 30.96774193554962 0
471 10.90909090910416 32.90322580650685 0
472 10.90909090910657 34.83870967745762 0
473 10.90909090910899 36.77419354840843 0
474 10.90909090911141 38.70967741935923 0
475 10.90909090911383 40.64516129031002 0
476 10.90909090911624 42.58064516126082 0
477 10.90909090911866 44.51612903221936 0
478 10.90909090912108 46.45161290319196 0
479 10.9090909091235 48.38709677416452 0
480 10.90909090912591 50.32258064513709 0
481 10.90909090912833 52.25806451610967 0
482 10.90909090913075 54.19354838708226 0
483 10.90909090913317 56.12903225805484 0
484 10.90909090913558 58.06451612902743 0
485 12.72727272724314 1.935483870972309 0
486 12.72727272724596 3.870967741944562 0
487 12.72727272724877 5.806451612916951 0
488 12.7272727272516 7.741935483889318 0
489 12.72727272725441 9.677419354861558 0
490 12.72727272725723 11.61290322583379 0
491 12.72727272726005 13.54838709680602 0
492 12.72727272726286 15.48387096777826 0
493 12.72727272726568 17.41935483875029 0
494 12.7272727272685 19.35483870972217 0
495 12.72727272727132 21.29032258069407 0
496 12.72727272727413 23.22580645166599 0
497 12.72727272727695 25.16129032263789 0
498 12.72727272727977 27.09677419360979 0
499 12.72727272728259 29.0322580645817 0
500 12.7272727272854 30.96774193554853 0
501 12.72727272728822 32.90322580650588 0
502 12.72727272729104 34.83870967745685 0
503 12.72727272729385 36.77419354840784 0
504 12.72727272729667 38.70967741935883 0
505 12.72727272729949 40.64516129030979 0
506 12.7272727273023 42.58064516126078 0
507 12.72727272730512 44.51612903221942 0
508 12.72727272730794 46.45161290319201 0
509 12.72727272731076 48.38709677416458 0
510 12.72727272731357 50.32258064513714 0
511 12.72727272731639 52.25806451610971 0
512 12.72727272731921 54.19354838708229 0
513 12.72727272732203 56.12903225805485 0
514 12.72727272732484 58.06451612902743 0
515 14.54545454542135 1.935483870972265 0
516 14.54545454542455 3.870967741944464 0
517 14.54545454542775 5.80645161291682 0
518 14.54545454543095 7.741935483889155 0
519 14.54545454543415 9.677419354861337 0
520 14.54545454543735 11.61290322583352 0
521 14.54545454544055 13.54838709680569 0
522 14.54545454544375 15.48387096777788 0
523 14.54545454544695 17.41935483874982 0
524 14.54545454545015 19.35483870972161 0
525 14.54545454545335 21.29032258069341 0
526 14.54545454545655 23.22580645166521 0
527 14.54545454545975 25.16129032263702 0
528 14.54545454546295 27.09677419360881 0
529 14.54545454546615 29.03225806458061 0
530 14.54545454546935 30.96774193554745 0
531 14.54545454547254 32.90322580650491 0
532 14.54545454547575 34.83870967745607 0
533 14.54545454547895 36.77419354840724 0
534 14.54545454548215 38.7096774193584 0
535 14.54545454548535 40.64516129030954 0
536 14.54545454548854 42.58064516126072 0
537 14.54545454549174 44.51612903221948 0
538 14.54545454549495 46.45161290319205 0
539 14.54545454549815 48.3870967741646 0
540 14.54545454550135 50.32258064513717 0
541 14.54545454550455 52.25806451610975 0
542 14.54545454550775 54.19354838708231 0
543 14.54545454551094 56.12903225805486 0
544 14.54545454551415 58.06451612902743 0
545 16.36363636360012 1.935483870972221 0
546 16.36363636360369 3.870967741944368 0
547 16.36363636360725 5.806451612916692 0
548 16.36363636361081 7.74193548388899 0
549 16.36363636361438 9.677419354861121 0
550 16.36363636361794 11.61290322583324 0
551 16.3636363636215 13.54838709680537 0
552 16.36363636362506 15.4838709677775 0
553 16.36363636362862 17.41935483874935 0
554 16.36363636363219 19.35483870972104 0
555 16.36363636363575 21.29032258069273 0
556 16.36363636363932 23.22580645166443 0
557 16.36363636364288 25.16129032263613 0
558 16.36363636364644 27.09677419360783 0
559 16.36363636365 29.03225806457953 0
560 16.36363636365356 30.96774193554635 0
561 16.36363636365713 32.90322580650395 0
562 16.36363636366069 34.83870967745528 0
563 16.36363636366425 36.77419354840664 0
564 16.36363636366782 38.70967741935797 0
565 16.36363636367138 40.64516129030931 0
566 16.36363636367494 42.58064516126066 0
567 16.3636363636785 44.51612903221955 0
568 16.36363636368206 46.45161290319211 0
569 16.36363636368562 48.38709677416466 0
570 16.36363636368919 50.32258064513722 0
571 16.36363636369276 52.25806451610977 0
572 16.36363636369632 54.19354838708232 0
573 16.36363636369988 56.12903225805487 0
574 16.36363636370344 58.06451612902744 0
575 18.18181818177908 1.935483870972176 0
576 18.181818181783 3.870967741944272 0
577 18.18181818178692 5.806451612916561 0
578 18.18181818179085 7.741935483888826 0
579 18.18181818179476 9.6774193548609 0
580 18.18181818179868 11.61290322583297 0
581 18.18181818180259 13.54838709680504 0
582 18.18181818180652 15.48387096777711 0
583 18.18181818181044 17.41935483874888 0
584 18.18181818181436 19.35483870972047 0
585 18.18181818181827 21.29032258069206 0
586 18.18181818182219 23.22580645166366 0
587 18.18181818182611 25.16129032263526 0
588 18.18181818183003 27.09677419360685 0
589 18.18181818183395 29.03225806457845 0
590 18.18181818183787 30.96774193554526 0
591 18.18181818184178 32.903225806503 0
592 18.18181818184571 34.83870967745452 0
593 18.18181818184963 36.77419354840605 0
594 18.18181818185355 38.70967741935757 0
595 18.18181818185747 40.64516129030908 0
596 18.18181818186139 42.5806451612606 0
597 18.1818181818653 44.51612903221962 0
598 18.18181818186923 46.45161290319216 0
599 18.18181818187315 48.3870967741647 0
600 18.18181818187706 50.32258064513725 0
601 18.18181818188098 52.25806451610981 0
602 18.1818181818849 54.19354838708235 0
603 18.18181818188882 56.1290322580549 0
604 18.18181818189274 58.06451612902745 0
605 19.99999999995805 1.935483870972132 0
606 19.99999999996232 3.870967741944176 0
607 19.9999999999666 5.806451612916432 0
608 19.99999999997087 7.741935483888661 0
609 19.99999999997515 9.677419354860684 0
610 19.99999999997942 11.6129032258327 0
611 19.9999999999837 13.54838709680472 0
612 19.99999999998797 15.48387096777673 0
613 19.99999999999225 17.41935483874842 0
614 19.99999999999653 19.35483870971989 0
615 20.0000000000008 21.29032258069139 0
616 20.00000000000507 23.22580645166288 0
617 20.00000000000935 25.16129032263439 0
618 20.00000000001363 27.09677419360587 0
619 20.0000000000179 29.03225806457737 0
620 20.00000000002218 30.96774193554418 0
621 20.00000000002645 32.90322580650203 0
622 20.00000000003073 34.83870967745372 0
623 20.00000000003501 36.77419354840544 0
624 20.00000000003929 38.70967741935716 0
625 20.00000000004356 40.64516129030884 0
626 20.00000000004783 42.58064516126055 0
627 20.00000000005211 44.51612903221966 0
628 20.00000000005638 46.4516129031922 0
629 20.00000000006066 48.38709677416475 0
630 20.00000000006494 50.32258064513728 0
631 20.00000000006921 52.25806451610983 0
632 20.00000000007349 54.19354838708239 0
633 20.00000000007777 56.12903225805492 0
634 20.00000000008205 58.06451612902746 0
635 21.818181818137 1.935483870972088 0
636 21.81818181814163 3.870967741944079 0
637 21.81818181814626 5.806451612916304 0
638 21.81818181815089 7.741935483888497 0
639 21.81818181815553 9.677419354860467 0
640 21.81818181816017 11.61290322583243 0
641 21.8181818181648 13.54838709680438 0
642 21.81818181816943 15.48387096777634 0
643 21.81818181817407 17.41935483874795 0
644 21.8181818181787 19.35483870971932 0
645 21.81818181818333 21.29032258069072 0
646 21.81818181818797 23.22580645166212 0
647 21.8181818181926 25.16129032263351 0
648 21.81818181819724 27.09677419360489 0
649 21.81818181820187 29.03225806457629 0
650 21.8181818182065 30.96774193554309 0
651 21.81818181821113 32.90322580650108 0
652 21.81818181821577 34.83870967745295 0
653 21.81818181822041 36.77419354840484 0
654 21.81818181822504 38.70967741935673 0
655 21.81818181822968 40.6451612903086 0
656 21.8181818182343 42.58064516126049 0
657 21.81818181823894 44.51612903221973 0
658 21.81818181824357 46.45161290319226 0
659 21.81818181824821 48.3870967741648 0
660 21.81818181825284 50.32258064513734 0
661 21.81818181825747 52.25806451610987 0
662 21.8181818182621 54.19354838708239 0
663 21.81818181826673 56.12903225805493 0
664 21.81818181827137 58.06451612902747 0
665 23.63636363631595 1.935483870972044 0
666 23.63636363632094 3.870967741943983 0
667 23.63636363632594 5.806451612916173 0
668 23.63636363633092 7.741935483888335 0
669 23.63636363633592 9.677419354860247 0
670 23.63636363634091 11.61290322583215 0
671 23.6363636363459 13.54838709680406 0
672 23.63636363635089 15.48387096777596 0
673 23.63636363635588 17.41935483874747 0
674 23.63636363636088 19.35483870971875 0
675 23.63636363636586 21.29032258069004 0
676 23.63636363637086 23.22580645166134 0
677 23.63636363637584 25.16129032263262 0
678 23.63636363638084 27.09677419360391 0
679 23.63636363638583 29.0322580645752 0
680 23.63636363639082 30.967741935542 0
681 23.63636363639581 32.90322580650011 0
682 23.6363636364008 34.83870967745216 0
683 23.63636363640579 36.77419354840423 0
684 23.63636363641079 38.70967741935631 0
685 23.63636363641578 40.64516129030837 0
686 23.63636363642076 42.58064516126044 0
687 23.63636363642576 44.51612903221979 0
688 23.63636363643076 46.45161290319233 0
689 23.63636363643574 48.38709677416483 0
690 23.63636363644073 50.32258064513737 0
691 23.63636363644572 52.2580645161099 0
692 23.63636363645071 54.19354838708241 0
693 23.63636363645571 56.12903225805494 0
694 23.6363636364607 58.06451612902748 0
695 25.45454545449492 1.935483870972 0
696 25.45454545450026 3.870967741943886 0
697 25.45454545450561 5.806451612916044 0
698 25.45454545451096 7.741935483888171 0
699 25.4545454545163 9.677419354860026 0
700 25.45454545452165 11.61290322583188 0
701 25.454545454527 13.54838709680373 0
702 25.45454545453234 15.48387096777558 0
703 25.45454545453769 17.41935483874701 0
704 25.45454545454304 19.35483870971818 0
705 25.45454545454839 21.29032258068936 0
706 25.45454545455373 23.22580645166056 0
707 25.45454545455907 25.16129032263175 0
708 25.45454545456442 27.09677419360294 0
709 25.45454545456978 29.03225806457413 0
710 25.45454545457512 30.96774193554091 0
711 25.45454545458046 32.90322580649914 0
712 25.45454545458582 34.83870967745138 0
713 25.45454545459116 36.77419354840363 0
714 25.45454545459651 38.7096774193559 0
715 25.45454545460185 40.64516129030814 0
716 25.45454545460719 42.58064516126039 0
717 25.45454545461254 44.51612903221984 0
718 25.45454545461789 46.45161290319238 0
719 25.45454545462324 48.38709677416488 0
720 25.45454545462858 50.32258064513741 0
721 25.45454545463393 52.25806451610993 0
722 25.45454545463928 54.19354838708243 0
723 25.45454545464462 56.12903225805496 0
724 25.45454545464997 58.06451612902748 0
725 27.27272727267329 1.935483870971955 0
726 27.27272727267901 3.870967741943789 0
727 27.27272727268474 5.806451612915915 0
728 27.27272727269046 7.741935483888005 0
729 27.27272727269619 9.677419354859813 0
730 27.27272727270191 11.61290322583161 0
731 27.27272727270763 13.5483870968034 0
732 27.27272727271336 15.4838709677752 0
733 27.27272727271907 17.41935483874654 0
734 27.2727272727248 19.35483870971761 0
735 27.27272727273052 21.2903225806887 0
736 27.27272727273626 23.22580645165979 0
737 27.27272727274198 25.16129032263088 0
738 27.27272727274769 27.09677419360196 0
739 27.27272727275342 29.03225806457305 0
740 27.27272727275914 30.96774193553982 0
741 27.27272727276487 32.90322580649818 0
742 27.2727272727706 34.83870967745059 0
743 27.27272727277632 36.77419354840303 0
744 27.27272727278205 38.70967741935547 0
745 27.27272727278776 40.6451612903079 0
746 27.27272727279349 42.58064516126034 0
747 27.27272727279922 44.5161290322199 0
748 27.27272727280494 46.45161290319243 0
749 27.27272727281066 48.38709677416494 0
750 27.27272727281638 50.32258064513746 0
751 27.27272727282211 52.25806451610995 0
752 27.27272727282783 54.19354838708246 0
753 27.27272727283356 56.12903225805498 0
754 27.27272727283927 58.06451612902748 0
755 29.0909090908503 1.935483870971911 0
756 29.09090909085644 3.870967741943693 0
757 29.09090909086259 5.806451612915785 0
758 29.09090909086873 7.741935483887842 0
759 29.09090909087488 9.677419354859593 0
760 29.09090909088101 11.61290322583133 0
761 29.09090909088716 13.54838709680307 0
762 29.09090909089331 15.48387096777481 0
763 29.09090909089945 17.41935483874607 0
764 29.09090909090561 19.35483870971704 0
765 29.09090909091174 21.29032258068802 0
766 29.09090909091789 23.22580645165901 0
767 29.09090909092404 25.16129032263 0
768 29.09090909093019 27.09677419360098 0
769 29.09090909093633 29.03225806457196 0
770 29.09090909094248 30.96774193553873 0
771 29.09090909094862 32.90322580649721 0
772 29.09090909095477 34.83870967744982 0
773 29.09090909096091 36.77419354840244 0
774 29.09090909096706 38.70967741935505 0
775 29.0909090909732 40.64516129030766 0
776 29.09090909097936 42.58064516126028 0
777 29.0909090909855 44.51612903221997 0
778 29.09090909099165 46.45161290319248 0
779 29.09090909099779 48.38709677416497 0
780 29.09090909100393 50.32258064513748 0
781 29.09090909101008 52.25806451610998 0
782 29.09090909101622 54.19354838708249 0
783 29.09090909102237 56.12903225805498 0
784 29.09090909102851 58.0645161290275 0
785 30.90909090902646 1.935483870971867 0
786 30.90909090903305 3.870967741943596 0
787 30.90909090903965 5.806451612915658 0
788 30.90909090904625 7.741935483887677 0
789 30.90909090905284 9.677419354859373 0
790 30.90909090905944 11.61290322583106 0
791 30.90909090906603 13.54838709680275 0
792 30.90909090907262 15.48387096777443 0
793 30.90909090907923 17.4193548387456 0
794 30.90909090908582 19.35483870971647 0
795 30.90909090909243 21.29032258068735 0
796 30.90909090909902 23.22580645165824 0
797 30.90909090910562 25.16129032262912 0
798 30.90909090911221 27.0967741936 0
799 30.9090909091188 29.03225806457088 0
800 30.9090909091254 30.96774193553764 0
801 30.90909090913199 32.90322580649625 0
802 30.90909090913859 34.83870967744903 0
803 30.90909090914519 36.77419354840184 0
804 30.90909090915179 38.70967741935466 0
805 30.90909090915838 40.64516129030743 0
806 30.90909090916497 42.58064516126024 0
807 30.90909090917157 44.51612903222003 0
808 30.90909090917818 46.45161290319253 0
809 30.90909090918476 48.38709677416503 0
810 30.90909090919136 50.32258064513751 0
811 30.90909090919796 52.25806451611001 0
812 30.90909090920455 54.19354838708251 0
813 30.90909090921115 56.12903225805501 0
814 30.90909090921776 58.0645161290275 0
815 32.72727272720258 1.935483870971823 0
816 32.72727272720962 3.8709677419435 0
817 32.72727272721667 5.806451612915528 0
818 32.72727272722372 7.741935483887513 0
819 32.72727272723076 9.677419354859156 0
820 32.72727272723782 11.61290322583078 0
821 32.72727272724487 13.54838709680242 0
822 32.7272727272519 15.48387096777405 0
823 32.72727272725895 17.41935483874513 0
824 32.727272727266 19.3548387097159 0
825 32.72727272727306 21.29032258068668 0
826 32.7272727272801 23.22580645165747 0
827 32.72727272728714 25.16129032262825 0
828 32.72727272729419 27.09677419359902 0
829 32.72727272730124 29.0322580645698 0
830 32.72727272730829 30.96774193553656 0
831 32.72727272731534 32.90322580649528 0
832 32.72727272732239 34.83870967744826 0
833 32.72727272732944 36.77419354840124 0
834 32.72727272733648 38.70967741935422 0
835 32.72727272734353 40.64516129030719 0
836 32.72727272735057 42.58064516126017 0
837 32.72727272735763 44.51612903222009 0
838 32.72727272736468 46.45161290319258 0
839 32.72727272737171 48.38709677416506 0
840 32.72727272737876 50.32258064513757 0
841 32.7272727273858 52.25806451611004 0
842 32.72727272739286 54.19354838708252 0
843 32.72727272739991 56.12903225805501 0
844 32.72727272740696 58.06451612902752 0
845 34.5454545453787 1.935483870971779 0
846 34.54545454538619 3.870967741943403 0
847 34.5454545453937 5.806451612915399 0
848 34.54545454540118 7.74193548388735 0
849 34.54545454540868 9.677419354858939 0
850 34.54545454541619 11.61290322583051 0
851 34.54545454542369 13.54838709680209 0
852 34.5454545454312 15.48387096777367 0
853 34.54545454543869 17.41935483874466 0
854 34.54545454544618 19.35483870971533 0
855 34.54545454545367 21.29032258068601 0
856 34.54545454546119 23.22580645165669 0
857 34.54545454546869 25.16129032262737 0
858 34.54545454547618 27.09677419359804 0
859 34.54545454548368 29.03225806456872 0
860 34.54545454549118 30.96774193553546 0
861 34.54545454549868 32.90322580649433 0
862 34.54545454550619 34.83870967744747 0
863 34.54545454551367 36.77419354840065 0
864 34.54545454552118 38.70967741935381 0
865 34.54545454552869 40.64516129030695 0
866 34.54545454553617 42.58064516126012 0
867 34.54545454554368 44.51612903222016 0
868 34.54545454555117 46.45161290319263 0
869 34.54545454555868 48.38709677416512 0
870 34.54545454556617 50.32258064513759 0
871 34.54545454557367 52.25806451611008 0
872 34.54545454558116 54.19354838708255 0
873 34.54545454558867 56.12903225805505 0
874 34.54545454559617 58.06451612902751 0
875 36.3636363635548 1.935483870971735 0
876 36.36363636356275 3.870967741943307 0
877 36.3636363635707 5.806451612915271 0
878 36.36363636357866 7.741935483887187 0
879 36.36363636358662 9.677419354858721 0
880 36.36363636359457 11.61290322583024 0
881 36.36363636360252 13.54838709680176 0
882 36.36363636361046 15.48387096777328 0
883 36.36363636361842 17.41935483874419 0
884 36.36363636362636 19.35483870971476 0
885 36.36363636363432 21.29032258068533 0
886 36.36363636364228 23.22580645165591 0
887 36.36363636365022 25.1612903226265 0
888 36.36363636365817 27.09677419359706 0
889 36.36363636366612 29.03225806456764 0
890 36.36363636367408 30.96774193553437 0
891 36.36363636368203 32.90322580649337 0
892 36.36363636368997 34.8387096774467 0
893 36.36363636369793 36.77419354840005 0
894 36.36363636370589 38.70967741935338 0
895 36.36363636371383 40.64516129030672 0
896 36.36363636372177 42.58064516126006 0
897 36.36363636372973 44.51612903222022 0
898 36.36363636373768 46.45161290319268 0
899 36.36363636374564 48.38709677416516 0
900 36.36363636375359 50.32258064513763 0
901 36.36363636376155 52.2580645161101 0
902 36.36363636376949 54.19354838708258 0
903 36.36363636377745 56.12903225805505 0
904 36.3636363637854 58.06451612902752 0
905 38.18181818173091 1.93548387097169 0
906 38.18181818173932 3.87096774194321 0
907 38.18181818174774 5.806451612915138 0
908 38.18181818175612 7.741935483887021 0
909 38.18181818176453 9.677419354858499 0
910 38.18181818177293 11.61290322582997 0
911 38.18181818178133 13.54838709680143 0
912 38.18181818178974 15.4838709677729 0
913 38.18181818179815 17.41935483874373 0
914 38.18181818180655 19.35483870971419 0
915 38.18181818181495 21.29032258068467 0
916 38.18181818182334 23.22580645165514 0
917 38.18181818183176 25.16129032262561 0
918 38.18181818184016 27.09677419359608 0
919 38.18181818184857 29.03225806456656 0
920 38.18181818185697 30.96774193553329 0
921 38.18181818186537 32.90322580649241 0
922 38.18181818187376 34.83870967744592 0
923 38.18181818188217 36.77419354839945 0
924 38.18181818189058 38.70967741935297 0
925 38.18181818189897 40.64516129030649 0
926 38.18181818190739 42.58064516126 0
927 38.18181818191579 44.51612903222027 0
928 38.18181818192418 46.45161290319274 0
929 38.18181818193259 48.38709677416519 0
930 38.18181818194099 50.32258064513768 0
931 38.18181818194939 52.25806451611014 0
932 38.1818181819578 54.1935483870826 0
933 38.1818181819662 56.12903225805506 0
934 38.1818181819746 58.06451612902754 0
935 39.99999999990703 1.935483870971646 0
936 39.99999999991587 3.870967741943114 0
937 39.99999999992473 5.80645161291501 0
938 39.9999999999336 7.741935483886858 0
939 39.99999999994244 9.677419354858284 0
940 39.99999999995129 11.61290322582969 0
941 39.99999999996015 13.5483870968011 0
942 39.99999999996901 15.48387096777252 0
943 39.99999999997787 17.41935483874326 0
944 39.99999999998672 19.35483870971362 0
945 39.99999999999557 21.29032258068399 0
946 40.00000000000442 23.22580645165436 0
947 40.00000000001328 25.16129032262474 0
948 40.00000000002213 27.0967741935951 0
949 40.00000000003099 29.03225806456548 0
950 40.00000000003984 30.9677419355322 0
951 40.0000000000487 32.90322580649144 0
952 40.00000000005755 34.83870967744514 0
953 40.0000000000664 36.77419354839886 0
954 40.00000000007525 38.70967741935255 0
955 40.00000000008412 40.64516129030623 0
956 40.00000000009298 42.58064516125996 0
957 40.00000000010183 44.51612903222033 0
958 40.00000000011067 46.4516129031928 0
959 40.00000000011954 48.38709677416525 0
960 40.00000000012838 50.32258064513771 0
961 40.00000000013724 52.25806451611017 0
962 40.00000000014611 54.19354838708263 0
963 40.00000000015494 56.12903225805507 0
964 40.0000000001638 58.06451612902754 0
965 41.81818181808315 1.935483870971602 0
966 41.81818181809245 3.870967741943018 0
967 41.81818181810177 5.806451612914881 0
968 41.81818181811106 7.741935483886693 0
969 41.81818181812039 9.677419354858067 0
970 41.81818181812966 11.61290322582942 0
971 41.81818181813899 13.54838709680078 0
972 41.81818181814829 15.48387096777213 0
973 41.81818181815758 17.4193548387428 0
974 41.81818181816691 19.35483870971305 0
975 41.81818181817621 21.29032258068332 0
976 41.81818181818551 23.22580645165359 0
977 41.81818181819482 25.16129032262386 0
978 41.81818181820412 27.09677419359413 0
979 41.81818181821342 29.0322580645644 0
980 41.81818181822273 30.96774193553111 0
981 41.81818181823203 32.90322580649048 0
982 41.81818181824134 34.83870967744434 0
983 41.81818181825065 36.77419354839825 0
984 41.81818181825996 38.70967741935213 0
985 41.81818181826925 40.64516129030601 0
986 41.81818181827856 42.58064516125991 0
987 41.81818181828789 44.51612903222039 0
988 41.81818181829718 46.45161290319285 0
989 41.81818181830649 48.38709677416529 0
990 41.81818181831579 50.32258064513776 0
991 41.81818181832509 52.2580645161102 0
992 41.81818181833441 54.19354838708263 0
993 41.8181818183437 56.12903225805509 0
994 41.81818181835301 58.06451612902754 0
995 43.63636363625925 1.935483870971558 0
996 43.63636363626902 3.870967741942921 0
997 43.63636363627876 5.806451612914752 0
998 43.63636363628853 7.741935483886529 0
999 43.63636363629829 9.677419354857847 0
1000 43.63636363630805 11.61290322582915 0
1001 43.6363636363178 13.54838709680045 0
1002 43.63636363632757 15.48387096777175 0
1003 43.63636363633733 17.41935483874233 0
1004 43.63636363634708 19.35483870971248 0
1005 43.63636363635683 21.29032258068264 0
1006 43.6363636363666 23.22580645165282 0
1007 43.63636363637636 25.16129032262298 0
1008 43.63636363638612 27.09677419359314 0
1009 43.63636363639586 29.03225806456331 0
1010 43.63636363640563 30.96774193553003 0
1011 43.63636363641538 32.90322580648951 0
1012 43.63636363642515 34.83870967744358 0
1013 43.63636363643489 36.77419354839765 0
1014 43.63636363644466 38.70967741935173 0
1015 43.63636363645443 40.64516129030579 0
1016 43.63636363646417 42.58064516125985 0
1017 43.63636363647394 44.51612903222045 0
1018 43.6363636364837 46.45161290319291 0
1019 43.63636363649344 48.38709677416534 0
1020 43.63636363650321 50.3225806451378 0
1021 43.63636363651298 52.25806451611022 0
1022 43.63636363652272 54.19354838708266 0
1023 43.63636363653249 56.12903225805511 0
1024 43.63636363654224 58.06451612902755 0
1025 45.45454545443537 1.935483870971514 0
1026 45.45454545444559 3.870967741942825 0
1027 45.4545454544558 5.806451612914623 0
1028 45.45454545446602 7.741935483886365 0
1029 45.4545454544762 9.677419354857628 0
1030 45.45454545448644 11.61290322582887 0
1031 45.45454545449663 13.54838709680012 0
1032 45.45454545450684 15.48387096777137 0
1033 45.45454545451706 17.41935483874185 0
1034 45.45454545452726 19.35483870971191 0
1035 45.45454545453748 21.29032258068197 0
1036 45.4545454545477 23.22580645165204 0
1037 45.4545454545579 25.16129032262211 0
1038 45.45454545456809 27.09677419359216 0
1039 45.45454545457832 29.03225806456223 0
1040 45.45454545458853 30.96774193552893 0
1041 45.45454545459874 32.90322580648854 0
1042 45.45454545460895 34.83870967744279 0
1043 45.45454545461917 36.77419354839704 0
1044 45.45454545462937 38.70967741935129 0
1045 45.45454545463959 40.64516129030554 0
1046 45.4545454546498 42.5806451612598 0
1047 45.45454545466001 44.51612903222053 0
1048 45.45454545467021 46.45161290319296 0
1049 45.45454545468041 48.38709677416538 0
1050 45.45454545469065 50.32258064513782 0
1051 45.45454545470085 52.25806451611027 0
1052 45.45454545471105 54.19354838708269 0
1053 45.45454545472127 56.12903225805513 0
1054 45.4545454547315 58.06451612902757 0
1055 47.27272727261149 1.935483870971469 0
1056 47.27272727262215 3.870967741942728 0
1057 47.27272727263281 5.806451612914494 0
1058 47.27272727264346 7.741935483886203 0
1059 47.27272727265413 9.677419354857411 0
1060 47.2727272726648 11.6129032258286 0
1061 47.27272727267545 13.54838709679979 0
1062 47.27272727268611 15.48387096777099 0
1063 47.27272727269679 17.4193548387414 0
1064 47.27272727270744 19.35483870971134 0
1065 47.27272727271811 21.2903225806813 0
1066 47.27272727272877 23.22580645165127 0
1067 47.27272727273943 25.16129032262123 0
1068 47.27272727275009 27.09677419359119 0
1069 47.27272727276075 29.03225806456115 0
1070 47.27272727277142 30.96774193552784 0
1071 47.27272727278206 32.90322580648758 0
1072 47.27272727279274 34.83870967744201 0
1073 47.27272727280341 36.77419354839644 0
1074 47.27272727281407 38.70967741935088 0
1075 47.27272727282472 40.6451612903053 0
1076 47.27272727283538 42.58064516125975 0
1077 47.27272727284606 44.51612903222058 0
1078 47.27272727285671 46.451612903193 0
1079 47.27272727286737 48.38709677416542 0
1080 47.27272727287804 50.32258064513786 0
1081 47.27272727288869 52.25806451611029 0
1082 47.27272727289936 54.19354838708272 0
1083 47.27272727291002 56.12903225805515 0
1084 47.27272727292069 58.06451612902757 0
1085 49.0909090907876 1.935483870971425 0
1086 49.09090909079871 3.870967741942632 0
1087 49.09090909080982 5.806451612914364 0
1088 49.09090909082095 7.741935483886037 0
1089 49.09090909083205 9.677419354857193 0
1090 49.09090909084317 11.61290322582833 0
1091 49.09090909085428 13.54838709679946 0
1092 49.0909090908654 15.4838709677706 0
1093 49.09090909087652 17.41935483874093 0
1094 49.09090909088763 19.35483870971077 0
1095 49.09090909089873 21.29032258068063 0
1096 49.09090909090985 23.22580645165049 0
1097 49.09090909092097 25.16129032262035 0
1098 49.09090909093209 27.09677419359021 0
1099 49.0909090909432 29.03225806456007 0
1100 49.09090909095433 30.96774193552676 0
1101 49.09090909096544 32.90322580648662 0
1102 49.09090909097655 34.83870967744123 0
1103 49.09090909098766 36.77419354839584 0
1104 49.09090909099879 38.70967741935048 0
1105 49.09090909100989 40.64516129030508 0
1106 49.09090909102101 42.5806451612597 0
1107 49.09090909103212 44.51612903222064 0
1108 49.09090909104324 46.45161290319307 0
1109 49.09090909105436 48.38709677416547 0
1110 49.09090909106546 50.3225806451379 0
1111 49.09090909107658 52.25806451611034 0
1112 49.09090909108769 54.19354838708274 0
1113 49.09090909109879 56.12903225805516 0
1114 49.09090909110991 58.06451612902757 0
1115 50.90909090896371 1.935483870971381 0
1116 50.90909090897528 3.870967741942535 0
1117 50.90909090898685 5.806451612914237 0
1118 50.9090909089984 7.741935483885872 0
1119 50.90909090900998 9.677419354856973 0
1120 50.90909090902154 11.61290322582806 0
1121 50.9090909090331 13.54838709679914 0
1122 50.90909090904467 15.48387096777022 0
1123 50.90909090905623 17.41935483874045 0
1124 50.90909090906781 19.35483870971019 0
1125 50.90909090907937 21.29032258067995 0
1126 50.90909090909094 23.22580645164971 0
1127 50.9090909091025 25.16129032261947 0
1128 50.90909090911406 27.09677419358923 0
1129 50.90909090912564 29.03225806455899 0
1130 50.9090909091372 30.96774193552566 0
1131 50.90909090914878 32.90322580648566 0
1132 50.90909090916033 34.83870967744045 0
1133 50.9090909091719 36.77419354839525 0
1134 50.90909090918346 38.70967741935004 0
1135 50.90909090919502 40.64516129030483 0
1136 50.90909090920659 42.58064516125964 0
1137 50.90909090921816 44.5161290322207 0
1138 50.90909090922972 46.45161290319312 0
1139 50.90909090924129 48.38709677416551 0
1140 50.90909090925285 50.32258064513794 0
1141 50.90909090926443 52.25806451611035 0
1142 50.909090909276 54.19354838708276 0
1143 50.90909090928756 56.12903225805516 0
1144 50.90909090929912 58.0645161290276 0
1145 52.72727272713982 1.935483870971337 0
1146 52.72727272715184 3.870967741942438 0
1147 52.72727272716386 5.806451612914104 0
1148 52.72727272717589 7.741935483885709 0
1149 52.7272727271879 9.677419354856758 0
1150 52.72727272719992 11.61290322582778 0
1151 52.72727272721193 13.54838709679881 0
1152 52.72727272722395 15.48387096776984 0
1153 52.72727272723596 17.41935483873999 0
1154 52.72727272724798 19.35483870970963 0
1155 52.72727272726002 21.29032258067928 0
1156 52.72727272727201 23.22580645164894 0
1157 52.72727272728403 25.16129032261859 0
1158 52.72727272729605 27.09677419358825 0
1159 52.72727272730808 29.0322580645579 0
1160 52.72727272732008 30.96774193552457 0
1161 52.72727272733211 32.90322580648471 0
1162 52.72727272734413 34.83870967743967 0
1163 52.72727272735615 36.77419354839465 0
1164 52.72727272736815 38.70967741934963 0
1165 52.72727272738017 40.64516129030459 0
1166 52.72727272739219 42.58064516125958 0
1167 52.72727272740421 44.51612903222075 0
1168 52.72727272741624 46.45161290319317 0
1169 52.72727272742825 48.38709677416557 0
1170 52.72727272744025 50.32258064513798 0
1171 52.72727272745227 52.25806451611038 0
1172 52.7272727274643 54.19354838708279 0
1173 52.72727272747633 56.12903225805519 0
1174 52.72727272748833 58.0645161290276 0
1175 54.54545454531595 1.935483870971293 0
1176 54.5454545453284 3.870967741942342 0
1177 54.54545454534087 5.806451612913977 0
1178 54.54545454535334 7.741935483885545 0
1179 54.54545454536583 9.677419354856538 0
1180 54.54545454537829 11.61290322582751 0
1181 54.54545454539076 13.54838709679848 0
1182 54.54545454540323 15.48387096776945 0
1183 54.5454545454157 17.41935483873952 0
1184 54.54545454542817 19.35483870970906 0
1185 54.54545454544063 21.29032258067861 0
1186 54.54545454545313 23.22580645164817 0
1187 54.54545454546558 25.16129032261772 0
1188 54.54545454547805 27.09677419358727 0
1189 54.54545454549052 29.03225806455682 0
1190 54.54545454550299 30.96774193552349 0
1191 54.54545454551547 32.90322580648374 0
1192 54.54545454552792 34.83870967743889 0
1193 54.5454545455404 36.77419354839405 0
1194 54.54545454555288 38.70967741934922 0
1195 54.54545454556535 40.64516129030436 0
1196 54.54545454557781 42.58064516125953 0
1197 54.54545454559028 44.51612903222081 0
1198 54.54545454560275 46.45161290319323 0
1199 54.54545454561522 48.3870967741656 0
1200 54.5454545456277 50.32258064513802 0
1201 54.54545454564016 52.2580645161104 0
1202 54.54545454565263 54.1935483870828 0
1203 54.5454545456651 56.12903225805519 0
1204 54.54545454567757 58.0645161290276 0
1205 56.36363636349206 1.935483870971249 0
1206 56.36363636350497 3.870967741942246 0
1207 56.36363636351791 5.806451612913847 0
1208 56.36363636353082 7.741935483885381 0
1209 56.36363636354376 9.677419354856321 0
1210 56.36363636355668 11.61290322582724 0
1211 56.36363636356959 13.54838709679816 0
1212 56.36363636358252 15.48387096776907 0
1213 56.36363636359543 17.41935483873905 0
1214 56.36363636360836 19.35483870970849 0
1215 56.36363636362128 21.29032258067794 0
1216 56.3636363636342 23.22580645164739 0
1217 56.36363636364712 25.16129032261685 0
1218 56.36363636366004 27.09677419358629 0
1219 56.36363636367295 29.03225806455574 0
1220 56.36363636368589 30.96774193552239 0
1221 56.3636363636988 32.90322580648277 0
1222 56.36363636371172 34.8387096774381 0
1223 56.36363636372464 36.77419354839346 0
1224 56.36363636373757 38.70967741934879 0
1225 56.3636363637505 40.64516129030413 0
1226 56.36363636376341 42.58064516125948 0
1227 56.36363636377632 44.51612903222088 0
1228 56.36363636378925 46.45161290319328 0
1229 56.36363636380217 48.38709677416565 0
1230 56.36363636381508 50.32258064513805 0
1231 56.36363636382801 52.25806451611044 0
1232 56.36363636384093 54.19354838708283 0
1233 56.36363636385386 56.12903225805522 0
1234 56.36363636386678 58.06451612902761 0
1235 58.18181818166817 1.935483870971205 0
1236 58.18181818168155 3.870967741942149 0
1237 58.18181818169492 5.806451612913718 0
1238 58.18181818170829 7.741935483885218 0
1239 58.18181818172167 9.677419354856104 0
1240 58.18181818173505 11.61290322582696 0
1241 58.18181818174841 13.54838709679783 0
1242 58.18181818176178 15.48387096776869 0
1243 58.18181818177518 17.41935483873858 0
1244 58.18181818178854 19.35483870970792 0
1245 58.18181818180191 21.29032258067726 0
1246 58.18181818181529 23.22580645164662 0
1247 58.18181818182867 25.16129032261597 0
1248 58.18181818184203 27.09677419358531 0
1249 58.18181818185541 29.03225806455466 0
1250 58.18181818186876 30.96774193552131 0
1251 58.18181818188215 32.90322580648181 0
1252 58.18181818189552 34.83870967743732 0
1253 58.1818181819089 36.77419354839286 0
1254 58.18181818192227 38.70967741934838 0
1255 58.18181818193564 40.64516129030389 0
1256 58.18181818194901 42.58064516125943 0
1257 58.18181818196239 44.51612903222094 0
1258 58.18181818197577 46.45161290319333 0
1259 58.18181818198912 48.3870967741657 0
1260 58.18181818200252 50.32258064513808 0
1261 58.18181818201589 52.25806451611047 0
1262 58.18181818202926 54.19354838708285 0
1263 58.18181818204262 56.12903225805522 0
1264 58.18181818205601 58.06451612902762 0
1265 59.99999999984429 1.93548387097116 0
1266 59.99999999985811 3.870967741942053 0
1267 59.99999999987195 5.806451612913589 0
1268 59.99999999988577 7.741935483885053 0
1269 59.9999999998996 9.677419354855886 0
1270 59.99999999991343 11.61290322582669 0
1271 59.99999999992724 13.5483870967975 0
1272 59.99999999994105 15.48387096776831 0
1273 59.99999999995488 17.41935483873811 0
1274 59.99999999996872 19.35483870970735 0
1275 59.99999999998255 21.2903225806766 0
1276 59.99999999999636 23.22580645164585 0
1277 60.0000000000102 25.16129032261509 0
1278 60.00000000002402 27.09677419358433 0
1279 60.00000000003783 29.03225806455358 0
1280 60.00000000005167 30.96774193552022 0
1281 60.00000000006548 32.90322580648084 0
1282 60.00000000007931 34.83870967743654 0
1283 60.00000000009314 36.77419354839225 0
1284 60.00000000010697 38.70967741934797 0
1285 60.00000000012079 40.64516129030365 0
1286 60.00000000013461 42.58064516125937 0
1287 60.00000000014845 44.516129032221 0
1288 60.00000000016227 46.45161290319337 0
1289 60.00000000017609 48.38709677416574 0
1290 60.00000000018991 50.32258064513813 0
1291 60.00000000020375 52.25806451611049 0
1292 60.00000000021757 54.19354838708286 0
1293 60.00000000023138 56.12903225805525 0
1294 60.00000000024521 58.06451612902762 0
1295 61.81818181802039 1.935483870971116 0
1296 61.81818181803468 3.870967741941956 0
1297 61.81818181804896 5.806451612913459 0
1298 61.81818181806324 7.741935483884889 0
1299 61.81818181807751 9.677419354855665 0
1300 61.81818181809179 11.61290322582642 0
1301 61.81818181810606 13.54838709679717 0
1302 61.81818181812032 15.48387096776792 0
1303 61.81818181813461 17.41935483873764 0
1304 61.81818181814889 19.35483870970678 0
1305 61.81818181816317 21.29032258067591 0
1306 61.81818181817744 23.22580645164506 0
1307 61.81818181819172 25.16129032261421 0
1308 61.818181818206 27.09677419358335 0
1309 61.81818181822028 29.0322580645525 0
1310 61.81818181823454 30.96774193551913 0
1311 61.81818181824885 32.90322580647987 0
1312 61.8181818182631 34.83870967743576 0
1313 61.81818181827739 36.77419354839166 0
1314 61.81818181829166 38.70967741934755 0
1315 61.81818181830594 40.64516129030343 0
1316 61.81818181832021 42.58064516125931 0
1317 61.81818181833447 44.51612903222107 0
1318 61.81818181834876 46.45161290319343 0
1319 61.81818181836303 48.3870967741658 0
1320 61.81818181837733 50.32258064513816 0
1321 61.81818181839159 52.25806451611052 0
1322 61.81818181840587 54.19354838708289 0
1323 61.81818181842014 56.12903225805527 0
1324 61.81818181843442 58.06451612902762 0
1325 63.63636363619654 1.935483870971072 0
1326 63.63636363621125 3.87096774194186 0
1327 63.63636363622598 5.806451612913331 0
1328 63.6363636362407 7.741935483884725 0
1329 63.63636363625545 9.677419354855445 0
1330 63.63636363627015 11.61290322582615 0
1331 63.63636363628491 13.54838709679684 0
1332 63.63636363629962 15.48387096776754 0
1333 63.63636363631434 17.41935483873717 0
1334 63.63636363632908 19.3548387097062 0
1335 63.6363636363438 21.29032258067525 0
1336 63.63636363635854 23.22580645164429 0
1337 63.63636363637326 25.16129032261334 0
1338 63.636363636388 27.09677419358237 0
1339 63.63636363640273 29.03225806455142 0
1340 63.63636363641746 30.96774193551805 0
1341 63.63636363643217 32.90322580647891 0
1342 63.63636363644692 34.83870967743498 0
1343 63.63636363646164 36.77419354839104 0
1344 63.63636363647635 38.70967741934712 0
1345 63.6363636364911 40.64516129030319 0
1346 63.63636363650581 42.58064516125927 0
1347 63.63636363652056 44.51612903222112 0
1348 63.63636363653527 46.45161290319349 0
1349 63.63636363655002 48.38709677416584 0
1350 63.63636363656473 50.3225806451382 0
1351 63.63636363657946 52.25806451611055 0
1352 63.6363636365942 54.19354838708292 0
1353 63.63636363660893 56.12903225805528 0
1354 63.63636363662364 58.06451612902762 0
1355 65.45454545437264 1.935483870971028 0
1356 65.45454545438781 3.870967741941763 0
1357 65.45454545440299 5.806451612913202 0
1358 65.45454545441817 7.741935483884561 0
1359 65.45454545443337 9.67741935485523 0
1360 65.45454545444855 11.61290322582587 0
1361 65.45454545446373 13.54838709679651 0
1362 65.4545454544789 15.48387096776716 0
1363 65.45454545449405 17.4193548387367 0
1364 65.45454545450926 19.35483870970563 0
1365 65.45454545452444 21.29032258067458 0
1366 65.45454545453961 23.22580645164351 0
1367 65.45454545455479 25.16129032261245 0
1368 65.45454545456997 27.0967741935814 0
1369 65.45454545458514 29.03225806455034 0
1370 65.45454545460035 30.96774193551695 0
1371 65.45454545461553 32.90322580647796 0
1372 65.4545454546307 34.8387096774342 0
1373 65.45454545464588 36.77419354839046 0
1374 65.45454545466106 38.70967741934672 0
1375 65.45454545467624 40.64516129030294 0
1376 65.45454545469141 42.58064516125921 0
1377 65.45454545470659 44.51612903222119 0
1378 65.45454545472177 46.45161290319355 0
1379 65.45454545473695 48.38709677416588 0
1380 65.45454545475215 50.32258064513825 0
1381 65.45454545476731 52.25806451611059 0
1382 65.45454545478251 54.19354838708295 0
1383 65.45454545479767 56.1290322580553 0
1384 65.45454545481286 58.06451612902765 0
1385 67.27272727254876 1.935483870970983 0
1386 67.27272727256438 3.870967741941667 0
1387 67.27272727258001 5.806451612913071 0
1388 67.27272727259563 7.741935483884397 0
1389 67.27272727261128 9.677419354855012 0
1390 67.27272727262691 11.6129032258256 0
1391 67.27272727264254 13.54838709679619 0
1392 67.27272727265817 15.48387096776677 0
1393 67.27272727267382 17.41935483873623 0
1394 67.27272727268944 19.35483870970506 0
1395 67.27272727270507 21.2903225806739 0
1396 67.27272727272069 23.22580645164274 0
1397 67.27272727273633 25.16129032261158 0
1398 67.27272727275194 27.09677419358042 0
1399 67.2727272727676 29.03225806454925 0
1400 67.27272727278321 30.96774193551586 0
1401 67.27272727279886 32.903225806477 0
1402 67.27272727281446 34.83870967743341 0
1403 67.27272727283012 36.77419354838985 0
1404 67.27272727284573 38.70967741934629 0
1405 67.27272727286139 40.64516129030271 0
1406 67.27272727287702 42.58064516125916 0
1407 67.27272727289265 44.51612903222124 0
1408 67.27272727290826 46.45161290319361 0
1409 67.27272727292393 48.38709677416594 0
1410 67.27272727293955 50.32258064513827 0
1411 67.27272727295518 52.25806451611062 0
1412 67.27272727297081 54.19354838708296 0
1413 67.27272727298642 56.12903225805529 0
1414 67.27272727300205 58.06451612902765 0
1415 69.09090909072486 1.935483870970939 0
1416 69.09090909074095 3.87096774194157 0
1417 69.09090909075704 5.806451612912944 0
1418 69.09090909077311 7.741935483884234 0
1419 69.0909090907892 9.67741935485479 0
1420 69.09090909080527 11.61290322582533 0
1421 69.09090909082136 13.54838709679586 0
1422 69.09090909083744 15.48387096776639 0
1423 69.09090909085354 17.41935483873576 0
1424 69.09090909086959 19.3548387097045 0
1425 69.0909090908857 21.29032258067323 0
1426 69.09090909090179 23.22580645164197 0
1427 69.09090909091785 25.1612903226107 0
1428 69.09090909093393 27.09677419357944 0
1429 69.09090909095002 29.03225806454817 0
1430 69.09090909096611 30.96774193551478 0
1431 69.09090909098219 32.90322580647604 0
1432 69.09090909099828 34.83870967743263 0
1433 69.09090909101437 36.77419354838925 0
1434 69.09090909103045 38.70967741934587 0
1435 69.09090909104651 40.64516129030248 0
1436 69.0909090910626 42.5806451612591 0
1437 69.09090909107869 44.5161290322213 0
1438 69.09090909109479 46.45161290319366 0
1439 69.09090909111087 48.38709677416597 0
1440 69.09090909112695 50.32258064513831 0
1441 69.09090909114305 52.25806451611066 0
1442 69.09090909115911 54.19354838708298 0
1443 69.09090909117519 56.12903225805533 0
1444 69.09090909119126 58.06451612902765 0
1445 70.90909090890096 1.935483870970895 0
1446 70.90909090891748 3.870967741941474 0
1447 70.90909090893403 5.806451612912813 0
1448 70.90909090895057 7.741935483884069 0
1449 70.90909090896712 9.677419354854575 0
1450 70.90909090898364 11.61290322582505 0
1451 70.9090909090002 13.54838709679553 0
1452 70.90909090901671 15.48387096776601 0
1453 70.90909090903325 17.4193548387353 0
1454 70.9090909090498 19.35483870970393 0
1455 70.90909090906632 21.29032258067256 0
1456 70.90909090908284 23.2258064516412 0
1457 70.90909090909939 25.16129032260982 0
1458 70.90909090911593 27.09677419357846 0
1459 70.90909090913247 29.03225806454709 0
1460 70.90909090914902 30.96774193551369 0
1461 70.90909090916556 32.90322580647507 0
1462 70.90909090918207 34.83870967743187 0
1463 70.9090909091986 36.77419354838865 0
1464 70.90909090921514 38.70967741934547 0
1465 70.90909090923167 40.64516129030224 0
1466 70.90909090924819 42.58064516125904 0
1467 70.90909090926475 44.51612903222137 0
1468 70.90909090928129 46.45161290319371 0
1469 70.90909090929783 48.38709677416603 0
1470 70.90909090931437 50.32258064513836 0
1471 70.90909090933087 52.25806451611068 0
1472 70.90909090934743 54.193548387083 0
1473 70.90909090936397 56.12903225805535 0
1474 70.90909090938051 58.06451612902767 0
1475 72.72727272707709 1.935483870970851 0
1476 72.7272727270941 3.870967741941378 0
1477 72.72727272711109 5.806451612912683 0
1478 72.72727272712807 7.741935483883905 0
1479 72.72727272714506 9.677419354854356 0
1480 72.72727272716203 11.61290322582478 0
1481 72.72727272717903 13.5483870967952 0
1482 72.727272727196 15.48387096776563 0
1483 72.72727272721299 17.41935483873483 0
1484 72.72727272722999 19.35483870970335 0
1485 72.72727272724698 21.29032258067188 0
1486 72.72727272726394 23.22580645164042 0
1487 72.72727272728095 25.16129032260895 0
1488 72.72727272729792 27.09677419357748 0
1489 72.72727272731491 29.03225806454601 0
1490 72.72727272733191 30.9677419355126 0
1491 72.72727272734888 32.9032258064741 0
1492 72.72727272736587 34.83870967743107 0
1493 72.72727272738284 36.77419354838806 0
1494 72.72727272739984 38.70967741934504 0
1495 72.72727272741683 40.64516129030201 0
1496 72.72727272743383 42.58064516125899 0
1497 72.7272727274508 44.51612903222144 0
1498 72.72727272746779 46.45161290319374 0
1499 72.72727272748476 48.38709677416607 0
1500 72.72727272750176 50.32258064513839 0
1501 72.72727272751875 52.25806451611071 0
1502 72.72727272753575 54.19354838708303 0
1503 72.72727272755273 56.12903225805536 0
1504 72.72727272756971 58.06451612902768 0
1505 74.54545454525322 1.935483870970806 0
1506 74.54545454527062 3.870967741941281 0
1507 74.54545454528807 5.806451612912555 0
1508 74.54545454530552 7.74193548388374 0
1509 74.54545454532297 9.677419354854136 0
1510 74.54545454534039 11.61290322582451 0
1511 74.54545454535783 13.54838709679487 0
1512 74.54545454537528 15.48387096776525 0
1513 74.54545454539273 17.41935483873436 0
1514 74.54545454541014 19.35483870970278 0
1515 74.54545454542759 21.29032258067121 0
1516 74.54545454544504 23.22580645163965 0
1517 74.54545454546248 25.16129032260807 0
1518 74.54545454547991 27.0967741935765 0
1519 74.54545454549734 29.03225806454493 0
1520 74.54545454551479 30.96774193551151 0
1521 74.54545454553224 32.90322580647314 0
1522 74.54545454554966 34.8387096774303 0
1523 74.54545454556711 36.77419354838746 0
1524 74.54545454558453 38.70967741934462 0
1525 74.54545454560196 40.64516129030178 0
1526 74.54545454561941 42.58064516125894 0
1527 74.54545454563686 44.5161290322215 0
1528 74.54545454565428 46.4516129031938 0
1529 74.5454545456717 48.38709677416611 0
1530 74.54545454568915 50.32258064513843 0
1531 74.54545454570662 52.25806451611075 0
1532 74.54545454572406 54.19354838708306 0
1533 74.54545454574148 56.12903225805538 0
1534 74.54545454575892 58.06451612902768 0
1535 76.36363636342932 1.935483870970763 0
1536 76.36363636344721 3.870967741941184 0
1537 76.36363636346512 5.806451612912424 0
1538 76.36363636348297 7.741935483883577 0
1539 76.36363636350089 9.677419354853919 0
1540 76.36363636351878 11.61290322582423 0
1541 76.36363636353667 13.54838709679455 0
1542 76.36363636355455 15.48387096776486 0
1543 76.36363636357245 17.41935483873389 0
1544 76.36363636359036 19.35483870970221 0
1545 76.36363636360822 21.29032258067054 0
1546 76.36363636362613 23.22580645163887 0
1547 76.36363636364402 25.16129032260719 0
1548 76.3636363636619 27.09677419357552 0
1549 76.3636363636798 29.03225806454385 0
1550 76.36363636369767 30.96774193551042 0
1551 76.36363636371557 32.90322580647217 0
1552 76.36363636373349 34.83870967742951 0
1553 76.36363636375137 36.77419354838686 0
1554 76.36363636376925 38.7096774193442 0
1555 76.36363636378715 40.64516129030154 0
1556 76.36363636380501 42.58064516125889 0
1557 76.36363636382293 44.51612903222156 0
1558 76.36363636384081 46.45161290319386 0
1559 76.3636363638587 48.38709677416617 0
1560 76.36363636387661 50.32258064513847 0
1561 76.36363636389447 52.25806451611078 0
1562 76.36363636391238 54.19354838708306 0
1563 76.36363636393028 56.12903225805538 0
1564 76.36363636394815 58.06451612902768 0
1565 78.18181818160542 1.935483870970719 0
1566 78.1818181816238 3.870967741941089 0
1567 78.18181818164211 5.806451612912296 0
1568 78.18181818166045 7.741935483883413 0
1569 78.18181818167881 9.677419354853702 0
1570 78.18181818169717 11.61290322582396 0
1571 78.18181818171549 13.54838709679422 0
1572 78.18181818173383 15.48387096776448 0
1573 78.18181818175219 17.41935483873342 0
1574 78.18181818177052 19.35483870970164 0
1575 78.18181818178886 21.29032258066987 0
1576 78.18181818180717 23.22580645163809 0
1577 78.18181818182555 25.16129032260632 0
1578 78.18181818184388 27.09677419357454 0
1579 78.18181818186221 29.03225806454276 0
1580 78.18181818188057 30.96774193550934 0
1581 78.18181818189891 32.90322580647121 0
1582 78.18181818191724 34.83870967742872 0
1583 78.1818181819356 36.77419354838627 0
1584 78.18181818195393 38.70967741934379 0
1585 78.18181818197226 40.6451612903013 0
1586 78.18181818199062 42.58064516125883 0
1587 78.18181818200895 44.51612903222161 0
1588 78.18181818202729 46.45161290319392 0
1589 78.18181818204565 48.3870967741662 0
1590 78.18181818206398 50.32258064513851 0
1591 78.18181818208231 52.25806451611081 0
1592 78.18181818210067 54.19354838708309 0
1593 78.18181818211903 56.1290322580554 0
1594 78.18181818213733 58.0645161290277 0
1595 79.99999999978155 1.935483870970674 0
1596 79.99999999980032 3.870967741940993 0
1597 79.99999999981911 5.806451612912167 0
1598 79.99999999983793 7.741935483883249 0
1599 79.99999999985674 9.677419354853484 0
1600 79.99999999987553 11.61290322582369 0
1601 79.99999999989431 13.54838709679389 0
1602 79.99999999991314 15.48387096776409 0
1603 79.9999999999319 17.41935483873296 0
1604 79.99999999995067 19.35483870970107 0
1605 79.99999999996948 21.29032258066919 0
1606 79.9999999999883 23.22580645163732 0
1607 80.00000000000711 25.16129032260544 0
1608 80.00000000002589 27.09677419357356 0
1609 80.00000000004467 29.03225806454169 0
1610 80.00000000006347 30.96774193550824 0
1611 80.00000000008227 32.90322580647024 0
1612 80.00000000010104 34.83870967742794 0
1613 80.00000000011984 36.77419354838566 0
1614 80.00000000013863 38.70967741934337 0
1615 80.00000000015744 40.64516129030107 0
1616 80.00000000017622 42.58064516125877 0
1617 80.00000000019502 44.51612903222167 0
1618 80.00000000021383 46.45161290319397 0
1619 80.0000000002326 48.38709677416625 0
1620 80.0000000002514 50.32258064513853 0
1621 80.00000000027022 52.25806451611084 0
1622 80.00000000028896 54.19354838708313 0
1623 80.00000000030779 56.12903225805542 0
1624 80.00000000032658 58.0645161290277 0
1625 81.81818181795768 1.93548387097063 0
1626 81.81818181797694 3.870967741940896 0
1627 81.81818181799618 5.806451612912037 0
1628 81.81818181801543 7.741935483883085 0
1629 81.81818181803465 9.677419354853262 0
1630 81.8181818180539 11.61290322582342 0
1631 81.81818181807313 13.54838709679357 0
1632 81.81818181809238 15.48387096776371 0
1633 81.81818181811164 17.4193548387325 0
1634 81.81818181813088 19.3548387097005 0
1635 81.81818181815011 21.29032258066852 0
1636 81.81818181816938 23.22580645163654 0
1637 81.81818181818863 25.16129032260457 0
1638 81.81818181820788 27.09677419357258 0
1639 81.81818181822712 29.0322580645406 0
1640 81.81818181824635 30.96774193550715 0
1641 81.81818181826559 32.90322580646929 0
1642 81.81818181828484 34.83870967742718 0
1643 81.81818181830408 36.77419354838506 0
1644 81.81818181832333 38.70967741934295 0
1645 81.81818181834255 40.64516129030084 0
1646 81.81818181836182 42.58064516125873 0
1647 81.81818181838106 44.51612903222172 0
1648 81.81818181840031 46.45161290319403 0
1649 81.81818181841955 48.3870967741663 0
1650 81.81818181843879 50.32258064513857 0
1651 81.81818181845803 52.25806451611086 0
1652 81.81818181847727 54.19354838708316 0
1653 81.81818181849654 56.12903225805543 0
1654 81.81818181851577 58.06451612902771 0
1655 83.63636363613378 1.935483870970586 0
1656 83.63636363615346 3.870967741940799 0
1657 83.63636363617316 5.806451612911909 0
1658 83.63636363619283 7.741935483882921 0
1659 83.63636363621257 9.677419354853049 0
1660 83.63636363623229 11.61290322582314 0
1661 83.63636363625193 13.54838709679324 0
1662 83.63636363627165 15.48387096776333 0
1663 83.63636363629135 17.41935483873203 0
1664 83.63636363631106 19.35483870969993 0
1665 83.63636363633074 21.29032258066785 0
1666 83.63636363635045 23.22580645163577 0
1667 83.63636363637016 25.16129032260368 0
1668 83.63636363638983 27.0967741935716 0
1669 83.63636363640956 29.03225806453952 0
1670 83.63636363642925 30.96774193550606 0
1671 83.63636363644895 32.90322580646834 0
1672 83.63636363646862 34.83870967742639 0
1673 83.63636363648834 36.77419354838446 0
1674 83.63636363650804 38.70967741934253 0
1675 83.63636363652773 40.64516129030058 0
1676 83.63636363654743 42.58064516125867 0
1677 83.63636363656713 44.51612903222178 0
1678 83.63636363658679 46.45161290319408 0
1679 83.63636363660652 48.38709677416633 0
1680 83.6363636366262 50.32258064513862 0
1681 83.63636363664591 52.25806451611089 0
1682 83.63636363666558 54.19354838708318 0
1683 83.6363636366853 56.12903225805544 0
1684 83.63636363670499 58.06451612902772 0
1685 85.45454545430987 1.935483870970542 0
1686 85.45454545433006 3.870967741940703 0
1687 85.4545454543502 5.806451612911781 0
1688 85.45454545437032 7.741935483882756 0
1689 85.45454545439048 9.677419354852828 0
1690 85.45454545441064 11.61290322582287 0
1691 85.4545454544308 13.5483870967929 0
1692 85.45454545445095 15.48387096776295 0
1693 85.4545454544711 17.41935483873156 0
1694 85.45454545449121 19.35483870969937 0
1695 85.45454545451139 21.29032258066717 0
1696 85.45454545453156 23.225806451635 0
1697 85.45454545455172 25.16129032260281 0
1698 85.45454545457184 27.09677419357063 0
1699 85.45454545459199 29.03225806453844 0
1700 85.45454545461212 30.96774193550498 0
1701 85.45454545463228 32.90322580646736 0
1702 85.45454545465242 34.83870967742561 0
1703 85.45454545467258 36.77419354838386 0
1704 85.45454545469272 38.70967741934211 0
1705 85.45454545471289 40.64516129030035 0
1706 85.45454545473302 42.58064516125862 0
1707 85.45454545475316 44.51612903222186 0
1708 85.45454545477334 46.45161290319412 0
1709 85.45454545479349 48.3870967741664 0
1710 85.45454545481363 50.32258064513866 0
1711 85.45454545483376 52.25806451611091 0
1712 85.45454545485394 54.1935483870832 0
1713 85.45454545487405 56.12903225805545 0
1714 85.45454545489424 58.06451612902772 0
1715 87.27272727248599 1.935483870970498 0
1716 87.2727272725066 3.870967741940605 0
1717 87.27272727252721 5.80645161291165 0
1718 87.27272727254781 7.741935483882593 0
1719 87.27272727256839 9.677419354852608 0
1720 87.272727272589 11.6129032258226 0
1721 87.27272727260964 13.54838709679258 0
1722 87.27272727263018 15.48387096776256 0
1723 87.27272727265078 17.41935483873109 0
1724 87.27272727267138 19.3548387096988 0
1725 87.27272727269198 21.29032258066651 0
1726 87.27272727271259 23.22580645163422 0
1727 87.27272727273321 25.16129032260193 0
1728 87.27272727275378 27.09677419356965 0
1729 87.2727272727744 29.03225806453735 0
1730 87.27272727279498 30.96774193550389 0
1731 87.27272727281562 32.9032258064664 0
1732 87.27272727283621 34.83870967742483 0
1733 87.27272727285681 36.77419354838325 0
1734 87.2727272728774 38.70967741934169 0
1735 87.27272727289802 40.64516129030013 0
1736 87.27272727291863 42.58064516125856 0
1737 87.27272727293921 44.51612903222192 0
1738 87.27272727295984 46.45161290319417 0
1739 87.27272727298042 48.38709677416642 0
1740 87.27272727300104 50.3225806451387 0
1741 87.27272727302163 52.25806451611095 0
1742 87.27272727304222 54.1935483870832 0
1743 87.27272727306284 56.12903225805547 0
1744 87.27272727308342 58.06451612902774 0
1745 89.09090909066212 1.935483870970453 0
1746 89.09090909068318 3.870967741940509 0
1747 89.09090909070422 5.806451612911522 0
1748 89.09090909072528 7.741935483882429 0
1749 89.09090909074631 9.677419354852393 0
1750 89.09090909076737 11.61290322582232 0
1751 89.09090909078843 13.54838709679225 0
1752 89.09090909080949 15.48387096776218 0
1753 89.09090909083054 17.41935483873062 0
1754 89.09090909085158 19.35483870969822 0
1755 89.09090909087266 21.29032258066583 0
1756 89.09090909089369 23.22580645163345 0
1757 89.09090909091475 25.16129032260105 0
1758 89.09090909093581 27.09677419356867 0
1759 89.09090909095687 29.03225806453627 0
1760 89.09090909097789 30.96774193550279 0
1761 89.09090909099895 32.90322580646544 0
1762 89.09090909102001 34.83870967742405 0
1763 89.09090909104107 36.77419354838267 0
1764 89.0909090910621 38.70967741934129 0
1765 89.09090909108316 40.6451612902999 0
1766 89.09090909110422 42.58064516125852 0
1767 89.09090909112528 44.51612903222197 0
1768 89.09090909114632 46.45161290319422 0
1769 89.09090909116736 48.38709677416648 0
1770 89.09090909118844 50.32258064513873 0
1771 89.09090909120947 52.25806451611098 0
1772 89.09090909123054 54.19354838708323 0
1773 89.09090909125159 56.12903225805549 0
1774 89.09090909127264 58.06451612902774 0
1775 90.90909090883822 1.935483870970409 0
1776 90.90909090885972 3.870967741940413 0
1777 90.90909090888124 5.80645161291139 0
1778 90.90909090890273 7.741935483882266 0
1779 90.90909090892426 9.677419354852175 0
1780 90.90909090894576 11.61290322582205 0
1781 90.90909090896727 13.54838709679192 0
1782 90.90909090898876 15.4838709677618 0
1783 90.90909090901026 17.41935483873015 0
1784 90.90909090903176 19.35483870969765 0
1785 90.90909090905325 21.29032258066515 0
1786 90.90909090907476 23.22580645163267 0
1787 90.90909090909628 25.16129032260018 0
1788 90.90909090911778 27.09677419356768 0
1789 90.90909090913928 29.03225806453519 0
1790 90.90909090916077 30.96774193550171 0
1791 90.90909090918228 32.90322580646447 0
1792 90.90909090920377 34.83870967742327 0
1793 90.90909090922533 36.77419354838206 0
1794 90.9090909092468 38.70967741934086 0
1795 90.90909090926832 40.64516129029964 0
1796 90.90909090928983 42.58064516125845 0
1797 90.90909090931132 44.51612903222203 0
1798 90.90909090933283 46.45161290319427 0
1799 90.90909090935436 48.38709677416652 0
1800 90.90909090937583 50.32258064513877 0
1801 90.90909090939732 52.25806451611102 0
1802 90.90909090941885 54.19354838708325 0
1803 90.90909090944037 56.1290322580555 0
1804 90.90909090946184 58.06451612902775 0
1805 92.72727272701435 1.935483870970365 0
1806 92.72727272703629 3.870967741940317 0
1807 92.72727272705825 5.806451612911262 0
1808 92.72727272708019 7.7419354838821 0
1809 92.72727272710218 9.677419354851955 0
1810 92.72727272712412 11.61290322582178 0
1811 92.72727272714604 13.5483870967916 0
1812 92.72727272716803 15.48387096776142 0
1813 92.72727272719 17.41935483872968 0
1814 92.72727272721197 19.35483870969708 0
1815 92.72727272723392 21.29032258066449 0
1816 92.72727272725587 23.2258064516319 0
1817 92.72727272727782 25.1612903225993 0
1818 92.72727272729976 27.09677419356671 0
1819 92.72727272732169 29.03225806453412 0
1820 92.72727272734369 30.96774193550062 0
1821 92.72727272736563 32.9032258064635 0
1822 92.72727272738759 34.83870967742249 0
1823 92.72727272740958 36.77419354838146 0
1824 92.72727272743153 38.70967741934045 0
1825 92.72727272745345 40.64516129029941 0
1826 92.72727272747541 42.5806451612584 0
1827 92.72727272749741 44.51612903222209 0
1828 92.72727272751934 46.45161290319434 0
1829 92.72727272754128 48.38709677416657 0
1830 92.72727272756325 50.32258064513881 0
1831 92.72727272758523 52.25806451611105 0
1832 92.72727272760717 54.19354838708329 0
1833 92.7272727276291 56.12903225805551 0
1834 92.72727272765107 58.06451612902775 0
1835 94.54545454519047 1.935483870970321 0
1836 94.54545454521285 3.87096774194022 0
1837 94.54545454523529 5.806451612911134 0
1838 94.54545454525768 7.741935483881937 0
1839 94.54545454528008 9.677419354851734 0
1840 94.54545454530249 11.6129032258215 0
1841 94.5454545453249 13.54838709679127 0
1842 94.54545454534728 15.48387096776103 0
1843 94.54545454536972 17.41935483872922 0
1844 94.54545454539212 19.35483870969651 0
1845 94.54545454541454 21.29032258066381 0
1846 94.54545454543694 23.22580645163112 0
1847 94.54545454545936 25.16129032259843 0
1848 94.54545454548176 27.09677419356572 0
1849 94.54545454550419 29.03225806453303 0
1850 94.54545454552658 30.96774193549953 0
1851 94.54545454554898 32.90322580646255 0
1852 94.54545454557137 34.83870967742169 0
1853 94.5454545455938 36.77419354838087 0
1854 94.54545454561622 38.70967741934003 0
1855 94.54545454563862 40.64516129029917 0
1856 94.54545454566105 42.58064516125835 0
1857 94.54545454568344 44.51612903222215 0
1858 94.54545454570584 46.4516129031944 0
1859 94.54545454572826 48.38709677416661 0
1860 94.54545454575067 50.32258064513884 0
1861 94.54545454577307 52.25806451611108 0
1862 94.54545454579547 54.1935483870833 0
1863 94.54545454581788 56.12903225805552 0
1864 94.5454545458403 58.06451612902777 0
1865 96.36363636336657 1.935483870970277 0
1866 96.36363636338945 3.870967741940125 0
1867 96.3636363634123 5.806451612911004 0
1868 96.36363636343516 7.741935483881773 0
1869 96.36363636345803 9.677419354851523 0
1870 96.36363636348088 11.61290322582123 0
1871 96.36363636350373 13.54838709679094 0
1872 96.36363636352661 15.48387096776065 0
1873 96.36363636354946 17.41935483872875 0
1874 96.3636363635723 19.35483870969594 0
1875 96.36363636359519 21.29032258066314 0
1876 96.36363636361804 23.22580645163034 0
1877 96.36363636364089 25.16129032259755 0
1878 96.36363636366376 27.09677419356475 0
1879 96.36363636368662 29.03225806453195 0
1880 96.36363636370948 30.96774193549845 0
1881 96.36363636373233 32.90322580646158 0
1882 96.36363636375518 34.83870967742092 0
1883 96.36363636377806 36.77419354838027 0
1884 96.36363636380091 38.70967741933961 0
1885 96.36363636382376 40.64516129029894 0
1886 96.36363636384661 42.58064516125829 0
1887 96.36363636386949 44.51612903222221 0
1888 96.36363636389237 46.45161290319444 0
1889 96.36363636391522 48.38709677416665 0
1890 96.36363636393807 50.32258064513889 0
1891 96.36363636396092 52.25806451611111 0
1892 96.36363636398377 54.19354838708332 0
1893 96.36363636400665 56.12903225805555 0
1894 96.36363636402953 58.06451612902777 0
1895 98.1818181815427 1.935483870970232 0
1896 98.18181818156599 3.870967741940028 0
1897 98.18181818158929 5.806451612910876 0
1898 98.18181818161264 7.741935483881609 0
1899 98.18181818163592 9.677419354851303 0
1900 98.18181818165924 11.61290322582096 0
1901 98.18181818168259 13.54838709679061 0
1902 98.18181818170585 15.48387096776027 0
1903 98.1818181817292 17.41935483872828 0
1904 98.18181818175252 19.35483870969537 0
1905 98.18181818177582 21.29032258066247 0
1906 98.18181818179913 23.22580645162957 0
1907 98.18181818182245 25.16129032259667 0
1908 98.18181818184574 27.09677419356376 0
1909 98.18181818186905 29.03225806453087 0
1910 98.18181818189237 30.96774193549735 0
1911 98.1818181819157 32.90322580646062 0
1912 98.18181818193897 34.83870967742013 0
1913 98.18181818196231 36.77419354837968 0
1914 98.18181818198562 38.70967741933919 0
1915 98.18181818200895 40.64516129029872 0
1916 98.18181818203225 42.58064516125825 0
1917 98.18181818205555 44.51612903222227 0
1918 98.18181818207884 46.45161290319448 0
1919 98.18181818210216 48.38709677416671 0
1920 98.18181818212547 50.32258064513891 0
1921 98.1818181821488 52.25806451611113 0
1922 98.18181818217212 54.19354838708335 0
1923 98.18181818219541 56.12903225805556 0
1924 98.18181818221876 58.06451612902777 0
1925 99.99999999971882 1.935483870970189 0
1926 99.99999999974257 3.87096774193993 0
1927 99.9999999997663 5.806451612910745 0
1928 99.99999999979006 7.741935483881446 0
1929 99.99999999981384 9.677419354851081 0
1930 99.99999999983761 11.61290322582068 0
1931 99.99999999986139 13.54838709679028 0
1932 99.99999999988518 15.48387096775988 0
1933 99.99999999990891 17.41935483872781 0
1934 99.99999999993264 19.3548387096948 0
1935 99.99999999995646 21.29032258066179 0
1936 99.99999999998022 23.2258064516288 0
1937 100.000000000004 25.16129032259579 0
1938 100.0000000000277 27.09677419356278 0
1939 100.0000000000515 29.03225806452979 0
1940 100.0000000000753 30.96774193549626 0
1941 100.000000000099 32.90322580645967 0
1942 100.0000000001228 34.83870967741936 0
1943 100.0000000001465 36.77419354837906 0
1944 100.0000000001703 38.70967741933877 0
1945 100.0000000001941 40.64516129029848 0
1946 100.0000000002179 42.58064516125819 0
1947 100.0000000002416 44.51612903222235 0
1948 100.0000000002654 46.45161290319454 0
1949 100.0000000002891 48.38709677416675 0
1950 100.0000000003129 50.32258064513896 0
1951 100.0000000003367 52.25806451611116 0
1952 100.0000000003604 54.19354838708337 0
1953 100.0000000003842 56.12903225805559 0
1954 100.0000000004079 58.06451612902778 0
1955 101.8181818178949 1.935483870970144 0
1956 101.8181818179191 3.870967741939834 0
1957 101.8181818179434 5.806451612910616 0
1958 101.8181818179676 7.74193548388128 0
1959 101.8181818179918 9.677419354850867 0
1960 101.818181818016 11.61290322582041 0
1961 101.8181818180402 13.54838709678996 0
1962 101.8181818180644 15.4838709677595 0
1963 101.8181818180887 17.41935483872734 0
1964 101.8181818181129 19.35483870969423 0
1965 101.8181818181371 21.29032258066112 0
1966 101.8181818181613 23.22580645162802 0
1967 101.8181818181855 25.16129032259492 0
1968 101.8181818182097 27.09677419356181 0
1969 101.818181818234 29.03225806452871 0
1970 101.8181818182581 30.96774193549517 0
1971 101.8181818182823 32.9032258064587 0
1972 101.8181818183066 34.83870967741858 0
1973 101.8181818183308 36.77419354837846 0
1974 101.818181818355 38.70967741933836 0
1975 101.8181818183792 40.64516129029824 0
1976 101.8181818184034 42.58064516125813 0
1977 101.8181818184277 44.51612903222241 0
1978 101.8181818184519 46.45161290319459 0
1979 101.818181818476 48.38709677416679 0
1980 101.8181818185003 50.322580645139 0
1981 101.8181818185245 52.25806451611121 0
1982 101.8181818185487 54.1935483870834 0
1983 101.8181818185729 56.1290322580556 0
1984 101.8181818185972 58.06451612902779 0
1985 103.636363636071 1.9354838709701 0
1986 103.6363636360957 3.870967741939738 0
1987 103.6363636361204 5.806451612910488 0
1988 103.636363636145 7.741935483881116 0
1989 103.6363636361697 9.677419354850649 0
1990 103.6363636361944 11.61290322582014 0
1991 103.636363636219 13.54838709678963 0
1992 103.6363636362437 15.48387096775912 0
1993 103.6363636362684 17.41935483872687 0
1994 103.636363636293 19.35483870969366 0
1995 103.6363636363177 21.29032258066045 0
1996 103.6363636363424 23.22580645162725 0
1997 103.636363636367 25.16129032259404 0
1998 103.6363636363917 27.09677419356084 0
1999 103.6363636364164 29.03225806452763 0
2000 103.636363636441 30.96774193549408 0
2001 103.6363636364657 32.90322580645773 0
2002 103.6363636364904 34.8387096774178 0
2003 103.636363636515 36.77419354837787 0
2004 103.6363636365397 38.70967741933794 0
2005 103.6363636365644 40.64516129029799 0
2006 103.636363636589 42.58064516125808 0
2007 103.6363636366137 44.51612903222247 0
2008 103.6363636366384 46.45161290319465 0
2009 103.636363636663 48.38709677416684 0
2010 103.6363636366877 50.32258064513904 0
2011 103.6363636367124 52.25806451611123 0
2012 103.636363636737 54.19354838708342 0
2013 103.6363636367617 56.12903225805562 0
2014 103.6363636367864 58.06451612902779 0
2015 105.4545454542471 1.935483870970056 0
2016 105.4545454542723 3.870967741939642 0
2017 105.4545454542974 5.806451612910356 0
2018 105.4545454543225 7.741935483880953 0
2019 105.4545454543476 9.677419354850425 0
2020 105.4545454543728 11.61290322581986 0
2021 105.4545454543979 13.5483870967893 0
2022 105.454545454423 15.48387096775874 0
2023 105.4545454544481 17.4193548387264 0
2024 105.4545454544732 19.35483870969309 0
2025 105.4545454544983 21.29032258065977 0
2026 105.4545454545234 23.22580645162648 0
2027 105.4545454545486 25.16129032259316 0
2028 105.4545454545737 27.09677419355985 0
2029 105.4545454545988 29.03225806452655 0
2030 105.4545454546239 30.967741935493 0
2031 105.454545454649 32.90322580645676 0
2032 105.4545454546742 34.83870967741702 0
2033 105.4545454546993 36.77419354837727 0
2034 105.4545454547244 38.70967741933752 0
2035 105.4545454547495 40.64516129029776 0
2036 105.4545454547747 42.58064516125801 0
2037 105.4545454547997 44.51612903222251 0
2038 105.4545454548249 46.4516129031947 0
2039 105.45454545485 48.38709677416689 0
2040 105.4545454548751 50.32258064513907 0
2041 105.4545454549002 52.25806451611126 0
2042 105.4545454549254 54.19354838708343 0
2043 105.4545454549505 56.12903225805562 0
2044 105.4545454549756 58.06451612902781 0
2045 107.2727272724233 1.935483870970011 0
2046 107.2727272724488 3.870967741939545 0
2047 107.2727272724744 5.806451612910229 0
2048 107.2727272724999 7.741935483880789 0
2049 107.2727272725255 9.67741935485021 0
2050 107.2727272725511 11.61290322581959 0
2051 107.2727272725767 13.54838709678897 0
2052 107.2727272726023 15.48387096775835 0
2053 107.2727272726278 17.41935483872593 0
2054 107.2727272726534 19.35483870969252 0
2055 107.272727272679 21.29032258065911 0
2056 107.2727272727045 23.2258064516257 0
2057 107.2727272727301 25.16129032259229 0
2058 107.2727272727557 27.09677419355887 0
2059 107.2727272727813 29.03225806452546 0
2060 107.2727272728068 30.96774193549191 0
2061 107.2727272728324 32.9032258064558 0
2062 107.272727272858 34.83870967741623 0
2063 107.2727272728835 36.77419354837667 0
2064 107.2727272729091 38.70967741933711 0
2065 107.2727272729347 40.64516129029754 0
2066 107.2727272729602 42.58064516125797 0
2067 107.2727272729858 44.51612903222257 0
2068 107.2727272730114 46.45161290319476 0
2069 107.272727273037 48.38709677416694 0
2070 107.2727272730625 50.32258064513911 0
2071 107.2727272730881 52.25806451611129 0
2072 107.2727272731137 54.19354838708345 0
2073 107.2727272731393 56.12903225805564 0
2074 107.2727272731648 58.06451612902782 0
2075 109.0909090906006 1.935483870969967 0
2076 109.0909090906265 3.870967741939449 0
2077 109.0909090906525 5.806451612910101 0
2078 109.0909090906784 7.741935483880624 0
2079 109.0909090907043 9.677419354849993 0
2080 109.0909090907303 11.61290322581932 0
2081 109.0909090907562 13.54838709678865 0
2082 109.0909090907822 15.48387096775797 0
2083 109.0909090908081 17.41935483872547 0
2084 109.090909090834 19.35483870969195 0
2085 109.09090909086 21.29032258065843 0
2086 109.0909090908859 23.22580645162493 0
2087 109.0909090909118 25.16129032259141 0
2088 109.0909090909378 27.09677419355789 0
2089 109.0909090909637 29.03225806452438 0
2090 109.0909090909896 30.96774193549082 0
2091 109.0909090910156 32.90322580645483 0
2092 109.0909090910415 34.83870967741545 0
2093 109.0909090910675 36.77419354837608 0
2094 109.0909090910934 38.70967741933669 0
2095 109.0909090911193 40.64516129029728 0
2096 109.0909090911453 42.58064516125792 0
2097 109.0909090911712 44.51612903222262 0
2098 109.0909090911972 46.45161290319482 0
2099 109.0909090912231 48.38709677416697 0
2100 109.0909090912491 50.32258064513916 0
2101 109.090909091275 52.25806451611132 0
2102 109.0909090913009 54.19354838708348 0
2103 109.0909090913269 56.12903225805565 0
2104 109.0909090913528 58.06451612902782 0
2105 110.9090909087822 1.935483870969923 0
2106 110.9090909088082 3.870967741939351 0
2107 110.9090909088342 5.806451612909969 0
2108 110.9090909088602 7.741935483880461 0
2109 110.9090909088862 9.677419354849773 0
2110 110.9090909089123 11.61290322581905 0
2111 110.9090909089383 13.54838709678831 0
2112 110.9090909089643 15.48387096775759 0
2113 110.9090909089903 17.419354838725 0
2114 110.9090909090163 19.35483870969138 0
2115 110.9090909090423 21.29032258065776 0
2116 110.9090909090683 23.22580645162415 0
2117 110.9090909090943 25.16129032259053 0
2118 110.9090909091203 27.09677419355691 0
2119 110.9090909091463 29.0322580645233 0
2120 110.9090909091723 30.96774193548973 0
2121 110.9090909091983 32.90322580645387 0
2122 110.9090909092244 34.83870967741467 0
2123 110.9090909092504 36.77419354837547 0
2124 110.9090909092764 38.70967741933627 0
2125 110.9090909093024 40.64516129029706 0
2126 110.9090909093284 42.58064516125786 0
2127 110.9090909093544 44.51612903222269 0
2128 110.9090909093804 46.45161290319486 0
2129 110.9090909094064 48.38709677416702 0
2130 110.9090909094324 50.32258064513918 0
2131 110.9090909094585 52.25806451611135 0
2132 110.9090909094845 54.19354838708352 0
2133 110.9090909095105 56.12903225805567 0
2134 110.9090909095365 58.06451612902782 0
2135 112.7272727269681 1.935483870969879 0
2136 112.7272727269939 3.870967741939255 0
2137 112.7272727270197 5.806451612909842 0
2138 112.7272727270455 7.741935483880297 0
2139 112.7272727270712 9.677419354849553 0
2140 112.727272727097 11.61290322581877 0
2141 112.7272727271229 13.54838709678799 0
2142 112.7272727271486 15.48387096775721 0
2143 112.7272727271744 17.41935483872453 0
2144 112.7272727272002 19.35483870969081 0
2145 112.727272727226 21.29032258065708 0
2146 112.7272727272518 23.22580645162338 0
2147 112.7272727272776 25.16129032258965 0
2148 112.7272727273033 27.09677419355593 0
2149 112.7272727273291 29.03225806452222 0
2150 112.7272727273549 30.96774193548864 0
2151 112.7272727273807 32.90322580645292 0
2152 112.7272727274065 34.83870967741389 0
2153 112.7272727274323 36.77419354837487 0
2154 112.7272727274581 38.70967741933586 0
2155 112.7272727274838 40.64516129029683 0
2156 112.7272727275096 42.58064516125781 0
2157 112.7272727275355 44.51612903222276 0
2158 112.7272727275613 46.45161290319491 0
2159 112.727272727587 48.38709677416706 0
2160 112.7272727276128 50.32258064513923 0
2161 112.7272727276386 52.25806451611138 0
2162 112.7272727276644 54.19354838708353 0
2163 112.7272727276902 56.12903225805569 0
2164 112.727272727716 58.06451612902784 0
2165 114.5454545451552 1.935483870969835 0
2166 114.5454545451807 3.870967741939158 0
2167 114.5454545452062 5.80645161290971 0
2168 114.5454545452317 7.741935483880132 0
2169 114.5454545452571 9.677419354849342 0
2170 114.5454545452826 11.6129032258185 0
2171 114.5454545453081 13.54838709678766 0
2172 114.5454545453336 15.48387096775682 0
2173 114.5454545453591 17.41935483872406 0
2174 114.5454545453845 19.35483870969024 0
2175 114.54545454541 21.29032258065642 0
2176 114.5454545454355 23.2258064516226 0
2177 114.545454545461 25.16129032258878 0
2178 114.5454545454865 27.09677419355495 0
2179 114.5454545455119 29.03225806452114 0
2180 114.5454545455374 30.96774193548756 0
2181 114.5454545455629 32.90322580645196 0
2182 114.5454545455884 34.83870967741311 0
2183 114.5454545456139 36.77419354837427 0
2184 114.5454545456393 38.70967741933544 0
2185 114.5454545456648 40.64516129029658 0
2186 114.5454545456903 42.58064516125776 0
2187 114.5454545457158 44.51612903222283 0
2188 114.5454545457413 46.45161290319496 0
2189 114.5454545457668 48.38709677416711 0
2190 114.5454545457922 50.32258064513925 0
2191 114.5454545458177 52.2580645161114 0
2192 114.5454545458432 54.19354838708354 0
2193 114.5454545458687 56.1290322580557 0
2194 114.5454545458942 58.06451612902785 0
2195 116.3636363633423 1.935483870969791 0
2196 116.3636363633675 3.870967741939063 0
2197 116.3636363633926 5.806451612909582 0
2198 116.3636363634178 7.741935483879971 0
2199 116.363636363443 9.677419354849119 0
2200 116.3636363634682 11.61290322581823 0
2201 116.3636363634934 13.54838709678733 0
2202 116.3636363635185 15.48387096775644 0
2203 116.3636363635437 17.4193548387236 0
2204 116.3636363635689 19.35483870968967 0
2205 116.3636363635941 21.29032258065574 0
2206 116.3636363636192 23.22580645162182 0
2207 116.3636363636444 25.1612903225879 0
2208 116.3636363636696 27.09677419355397 0
2209 116.3636363636948 29.03225806452005 0
2210 116.3636363637199 30.96774193548646 0
2211 116.3636363637451 32.903225806451 0
2212 116.3636363637703 34.83870967741233 0
2213 116.3636363637954 36.77419354837367 0
2214 116.3636363638206 38.70967741933502 0
2215 116.3636363638458 40.64516129029635 0
2216 116.363636363871 42.58064516125771 0
2217 116.3636363638962 44.51612903222289 0
2218 116.3636363639213 46.45161290319502 0
2219 116.3636363639465 48.38709677416716 0
2220 116.3636363639717 50.3225806451393 0
2221 116.3636363639968 52.25806451611143 0
2222 116.363636364022 54.19354838708357 0
2223 116.3636363640472 56.12903225805572 0
2224 116.3636363640724 58.06451612902785 0
2225 118.1818181815294 1.935483870969746 0
2226 118.1818181815543 3.870967741938966 0
2227 118.1818181815792 5.806451612909455 0
2228 118.181818181604 7.741935483879806 0
2229 118.1818181816289 9.677419354848901 0
2230 118.1818181816538 11.61290322581795 0
2231 118.1818181816787 13.548387096787 0
2232 118.1818181817035 15.48387096775606 0
2233 118.1818181817284 17.41935483872313 0
2234 118.1818181817532 19.3548387096891 0
2235 118.1818181817781 21.29032258065507 0
2236 118.181818181803 23.22580645162105 0
2237 118.1818181818279 25.16129032258702 0
2238 118.1818181818527 27.09677419355299 0
2239 118.1818181818776 29.03225806451897 0
2240 118.1818181819024 30.96774193548537 0
2241 118.1818181819273 32.90322580645003 0
2242 118.1818181819522 34.83870967741154 0
2243 118.1818181819771 36.77419354837308 0
2244 118.1818181820019 38.7096774193346 0
2245 118.1818181820268 40.64516129029612 0
2246 118.1818181820517 42.58064516125765 0
2247 118.1818181820765 44.51612903222294 0
2248 118.1818181821014 46.45161290319508 0
2249 118.1818181821263 48.38709677416721 0
2250 118.1818181821511 50.32258064513934 0
2251 118.181818182176 52.25806451611146 0
2252 118.1818181822009 54.1935483870836 0
2253 118.1818181822257 56.12903225805573 0
2254 118.1818181822506 58.06451612902787 0
2255 119.9999999997165 1.935483870969702 0
2256 119.9999999997411 3.87096774193887 0
2257 119.9999999997657 5.806451612909322 0
2258 119.9999999997902 7.74193548387964 0
2259 119.9999999998148 9.677419354848682 0
2260 119.9999999998394 11.61290322581768 0
2261 119.9999999998639 13.54838709678668 0
2262 119.9999999998885 15.48387096775567 0
2263 119.9999999999131 17.41935483872267 0
2264 119.9999999999376 19.35483870968853 0
2265 119.9999999999622 21.2903225806544 0
2266 119.9999999999867 23.22580645162027 0
2267 120.0000000000113 25.16129032258614 0
2268 120.0000000000358 27.09677419355201 0
2269 120.0000000000604 29.03225806451789 0
2270 120.000000000085 30.96774193548429 0
2271 120.0000000001095 32.90322580644907 0
2272 120.0000000001341 34.83870967741076 0
2273 120.0000000001587 36.77419354837248 0
2274 120.0000000001832 38.70967741933418 0
2275 120.0000000002078 40.64516129029588 0
2276 120.0000000002323 42.58064516125759 0
2277 120.0000000002569 44.516129032223 0
2278 120.0000000002815 46.45161290319513 0
2279 120.000000000306 48.38709677416725 0
2280 120.0000000003306 50.32258064513938 0
2281 120.0000000003551 52.2580645161115 0
2282 120.0000000003797 54.19354838708363 0
2283 120.0000000004042 56.12903225805576 0
2284 120.0000000004288 58.06451612902787 0
2285 121.8181818179036 1.935483870969658 0
2286 121.8181818179279 3.870967741938773 0
2287 121.8181818179522 5.806451612909195 0
2288 121.8181818179764 7.741935483879477 0
2289 121.8181818180007 9.677419354848468 0
2290 121.8181818180249 11.61290322581741 0
2291 121.8181818180491 13.54838709678635 0
2292 121.8181818180734 15.48387096775529 0
2293 121.8181818180977 17.4193548387222 0
2294 121.818181818122 19.35483870968795 0
2295 121.8181818181462 21.29032258065372 0
2296 121.8181818181704 23.2258064516195 0
2297 121.8181818181947 25.16129032258527 0
2298 121.8181818182189 27.09677419355104 0
2299 121.8181818182432 29.03225806451681 0
2300 121.8181818182675 30.9677419354832 0
2301 121.8181818182917 32.9032258064481 0
2302 121.818181818316 34.83870967740998 0
2303 121.8181818183403 36.77419354837187 0
2304 121.8181818183645 38.70967741933376 0
2305 121.8181818183887 40.64516129029563 0
2306 121.818181818413 42.58064516125754 0
2307 121.8181818184373 44.51612903222306 0
2308 121.8181818184615 46.45161290319518 0
2309 121.8181818184857 48.38709677416729 0
2310 121.81818181851 50.32258064513941 0
2311 121.8181818185342 52.25806451611153 0
2312 121.8181818185585 54.19354838708365 0
2313 121.8181818185828 56.12903225805575 0
2314 121.818181818607 58.06451612902788 0
2315 123.6363636360908 1.935483870969614 0
2316 123.6363636361147 3.870967741938676 0
2317 123.6363636361387 5.806451612909065 0
2318 123.6363636361626 7.741935483879313 0
2319 123.6363636361866 9.677419354848245 0
2320 123.6363636362105 11.61290322581714 0
2321 123.6363636362345 13.54838709678602 0
2322 123.6363636362584 15.48387096775491 0
2323 123.6363636362824 17.41935483872172 0
2324 123.6363636363063 19.35483870968739 0
2325 123.6363636363303 21.29032258065305 0
2326 123.6363636363542 23.22580645161872 0
2327 123.6363636363782 25.16129032258439 0
2328 123.6363636364021 27.09677419355007 0
2329 123.636363636426 29.03225806451573 0
2330 123.63636363645 30.9677419354821 0
2331 123.6363636364739 32.90322580644713 0
2332 123.6363636364979 34.83870967740921 0
2333 123.6363636365219 36.77419354837127 0
2334 123.6363636365458 38.70967741933335 0
2335 123.6363636365697 40.64516129029541 0
2336 123.6363636365937 42.58064516125748 0
2337 123.6363636366176 44.51612903222312 0
2338 123.6363636366416 46.45161290319525 0
2339 123.6363636366655 48.38709677416733 0
2340 123.6363636366895 50.32258064513945 0
2341 123.6363636367134 52.25806451611156 0
2342 123.6363636367374 54.19354838708365 0
2343 123.6363636367613 56.12903225805579 0
2344 123.6363636367853 58.06451612902788 0
2345 125.4545454542779 1.935483870969569 0
2346 125.4545454543015 3.87096774193858 0
2347 125.4545454543252 5.806451612908935 0
2348 125.4545454543488 7.741935483879148 0
2349 125.4545454543724 9.677419354848027 0
2350 125.4545454543961 11.61290322581686 0
2351 125.4545454544197 13.54838709678569 0
2352 125.4545454544434 15.48387096775453 0
2353 125.454545454467 17.41935483872125 0
2354 125.4545454544906 19.35483870968682 0
2355 125.4545454545143 21.29032258065238 0
2356 125.4545454545379 23.22580645161795 0
2357 125.4545454545616 25.16129032258351 0
2358 125.4545454545852 27.09677419354908 0
2359 125.4545454546089 29.03225806451465 0
2360 125.4545454546325 30.96774193548102 0
2361 125.4545454546561 32.90322580644617 0
2362 125.4545454546798 34.83870967740842 0
2363 125.4545454547034 36.77419354837068 0
2364 125.4545454547271 38.70967741933293 0
2365 125.4545454547507 40.64516129029518 0
2366 125.4545454547744 42.58064516125744 0
2367 125.454545454798 44.51612903222318 0
2368 125.4545454548216 46.45161290319529 0
2369 125.4545454548452 48.38709677416739 0
2370 125.4545454548689 50.32258064513948 0
2371 125.4545454548925 52.25806451611159 0
2372 125.4545454549162 54.19354838708369 0
2373 125.4545454549398 56.12903225805578 0
2374 125.4545454549635 58.06451612902789 0
2375 127.272727272465 1.935483870969526 0
2376 127.2727272724883 3.870967741938483 0
2377 127.2727272725116 5.806451612908807 0
2378 127.272727272535 7.741935483878985 0
2379 127.2727272725583 9.677419354847812 0
2380 127.2727272725816 11.61290322581659 0
2381 127.272727272605 13.54838709678537 0
2382 127.2727272726283 15.48387096775414 0
2383 127.2727272726516 17.41935483872079 0
2384 127.2727272726749 19.35483870968625 0
2385 127.2727272726983 21.2903225806517 0
2386 127.2727272727216 23.22580645161717 0
2387 127.2727272727449 25.16129032258264 0
2388 127.2727272727682 27.0967741935481 0
2389 127.2727272727916 29.03225806451356 0
2390 127.2727272728149 30.96774193547993 0
2391 127.2727272728382 32.90322580644521 0
2392 127.2727272728615 34.83870967740764 0
2393 127.2727272728848 36.77419354837008 0
2394 127.2727272729082 38.70967741933251 0
2395 127.2727272729315 40.64516129029492 0
2396 127.2727272729548 42.58064516125738 0
2397 127.2727272729782 44.51612903222326 0
2398 127.2727272730015 46.45161290319533 0
2399 127.2727272730248 48.38709677416743 0
2400 127.2727272730481 50.32258064513952 0
2401 127.2727272730714 52.25806451611162 0
2402 127.2727272730948 54.19354838708372 0
2403 127.2727272731181 56.12903225805582 0
2404 127.2727272731414 58.06451612902789 0
2405 129.0909090906519 1.935483870969482 0
2406 129.0909090906747 3.870967741938387 0
2407 129.0909090906975 5.806451612908678 0
2408 129.0909090907203 7.74193548387882 0
2409 129.0909090907431 9.677419354847592 0
2410 129.0909090907659 11.61290322581631 0
2411 129.0909090907888 13.54838709678504 0
2412 129.0909090908115 15.48387096775376 0
2413 129.0909090908344 17.41935483872032 0
2414 129.0909090908572 19.35483870968567 0
2415 129.09090909088 21.29032258065104 0
2416 129.0909090909028 23.2258064516164 0
2417 129.0909090909256 25.16129032258176 0
2418 129.0909090909484 27.09677419354712 0
2419 129.0909090909712 29.03225806451249 0
2420 129.0909090909941 30.96774193547883 0
2421 129.0909090910169 32.90322580644426 0
2422 129.0909090910397 34.83870967740685 0
2423 129.0909090910624 36.77419354836947 0
2424 129.0909090910852 38.7096774193321 0
2425 129.0909090911081 40.6451612902947 0
2426 129.0909090911309 42.58064516125732 0
2427 129.0909090911537 44.51612903222332 0
2428 129.0909090911765 46.45161290319539 0
2429 129.0909090911993 48.38709677416748 0
2430 129.0909090912221 50.32258064513957 0
2431 129.090909091245 52.25806451611166 0
2432 129.0909090912678 54.19354838708374 0
2433 129.0909090912905 56.12903225805581 0
2434 129.0909090913134 58.06451612902791 0
2435 130.9090909088386 1.935483870969437 0
2436 130.9090909088607 3.870967741938291 0
2437 130.9090909088828 5.806451612908548 0
2438 130.909090908905 7.741935483878657 0
2439 130.9090909089271 9.677419354847372 0
2440 130.9090909089492 11.61290322581604 0
2441 130.9090909089713 13.54838709678471 0
2442 130.9090909089935 15.48387096775338 0
2443 130.9090909090156 17.41935483871985 0
2444 130.9090909090377 19.3548387096851 0
2445 130.9090909090599 21.29032258065036 0
2446 130.909090909082 23.22580645161563 0
2447 130.9090909091041 25.16129032258088 0
2448 130.9090909091262 27.09677419354614 0
2449 130.9090909091484 29.0322580645114 0
2450 130.9090909091705 30.96774193547775 0
2451 130.9090909091926 32.9032258064433 0
2452 130.9090909092147 34.83870967740607 0
2453 130.9090909092369 36.77419354836887 0
2454 130.909090909259 38.70967741933168 0
2455 130.9090909092811 40.64516129029447 0
2456 130.9090909093033 42.58064516125728 0
2457 130.9090909093254 44.51612903222337 0
2458 130.9090909093475 46.45161290319545 0
2459 130.9090909093696 48.38709677416752 0
2460 130.9090909093918 50.32258064513961 0
2461 130.9090909094139 52.25806451611169 0
2462 130.909090909436 54.19354838708375 0
2463 130.9090909094581 56.12903225805584 0
2464 130.9090909094802 58.06451612902791 0
2465 132.7272727270254 1.935483870969393 0
2466 132.7272727270468 3.870967741938194 0
2467 132.7272727270683 5.80645161290842 0
2468 132.7272727270897 7.741935483878493 0
2469 132.7272727271111 9.677419354847155 0
2470 132.7272727271325 11.61290322581577 0
2471 132.727272727154 13.54838709678438 0
2472 132.7272727271754 15.48387096775299 0
2473 132.7272727271968 17.41935483871938 0
2474 132.7272727272184 19.35483870968454 0
2475 132.7272727272398 21.29032258064969 0
2476 132.7272727272612 23.22580645161485 0
2477 132.7272727272826 25.16129032258001 0
2478 132.727272727304 27.09677419354516 0
2479 132.7272727273255 29.03225806451032 0
2480 132.727272727347 30.96774193547667 0
2481 132.7272727273684 32.90322580644233 0
2482 132.7272727273898 34.83870967740529 0
2483 132.7272727274113 36.77419354836828 0
2484 132.7272727274327 38.70967741933126 0
2485 132.7272727274542 40.64516129029423 0
2486 132.7272727274756 42.58064516125722 0
2487 132.727272727497 44.51612903222343 0
2488 132.7272727275185 46.4516129031955 0
2489 132.7272727275399 48.38709677416756 0
2490 132.7272727275614 50.32258064513964 0
2491 132.7272727275828 52.25806451611172 0
2492 132.7272727276042 54.19354838708377 0
2493 132.7272727276257 56.12903225805585 0
2494 132.7272727276471 58.06451612902792 0
2495 134.5454545452122 1.935483870969349 0
2496 134.5454545452329 3.870967741938098 0
2497 134.5454545452537 5.806451612908289 0
2498 134.5454545452743 7.741935483878329 0
2499 134.5454545452951 9.677419354846938 0
2500 134.5454545453159 11.61290322581549 0
2501 134.5454545453366 13.54838709678405 0
2502 134.5454545453574 15.48387096775261 0
2503 134.5454545453781 17.41935483871891 0
2504 134.5454545453989 19.35483870968396 0
2505 134.5454545454196 21.29032258064902 0
2506 134.5454545454404 23.22580645161408 0
2507 134.5454545454612 25.16129032257913 0
2508 134.5454545454819 27.09677419354418 0
2509 134.5454545455027 29.03225806450924 0
2510 134.5454545455234 30.96774193547558 0
2511 134.5454545455442 32.90322580644136 0
2512 134.5454545455649 34.83870967740452 0
2513 134.5454545455856 36.77419354836768 0
2514 134.5454545456064 38.70967741933085 0
2515 134.5454545456272 40.64516129029399 0
2516 134.545454545648 42.58064516125717 0
2517 134.5454545456687 44.51612903222348 0
2518 134.5454545456894 46.45161290319556 0
2519 134.5454545457102 48.38709677416762 0
2520 134.5454545457309 50.32258064513968 0
2521 134.5454545457517 52.25806451611175 0
2522 134.5454545457725 54.1935483870838 0
2523 134.5454545457932 56.12903225805587 0
2524 134.545454545814 58.06451612902792 0
2525 136.3636363633988 1.935483870969305 0
2526 136.3636363634189 3.870967741938002 0
2527 136.363636363439 5.806451612908161 0
2528 136.363636363459 7.741935483878164 0
2529 136.3636363634791 9.677419354846718 0
2530 136.3636363634991 11.61290322581522 0
2531 136.3636363635193 13.54838709678373 0
2532 136.3636363635393 15.48387096775223 0
2533 136.3636363635594 17.41935483871844 0
2534 136.3636363635794 19.35483870968339 0
2535 136.3636363635995 21.29032258064834 0
2536 136.3636363636196 23.2258064516133 0
2537 136.3636363636396 25.16129032257825 0
2538 136.3636363636597 27.0967741935432 0
2539 136.3636363636798 29.03225806450816 0
2540 136.3636363636999 30.96774193547449 0
2541 136.3636363637199 32.90322580644039 0
2542 136.36363636374 34.83870967740373 0
2543 136.3636363637601 36.77419354836708 0
2544 136.3636363637801 38.70967741933043 0
2545 136.3636363638002 40.64516129029376 0
2546 136.3636363638203 42.58064516125711 0
2547 136.3636363638403 44.51612903222355 0
2548 136.3636363638604 46.45161290319562 0
2549 136.3636363638805 48.38709677416766 0
2550 136.3636363639005 50.32258064513972 0
2551 136.3636363639206 52.25806451611177 0
2552 136.3636363639407 54.19354838708383 0
2553 136.3636363639607 56.12903225805588 0
2554 136.3636363639809 58.06451612902794 0
2555 138.1818181815856 1.93548387096926 0
2556 138.1818181816049 3.870967741937906 0
2557 138.1818181816243 5.806451612908031 0
2558 138.1818181816437 7.741935483878001 0
2559 138.1818181816631 9.677419354846498 0
2560 138.1818181816825 11.61290322581495 0
2561 138.1818181817019 13.5483870967834 0
2562 138.1818181817212 15.48387096775184 0
2563 138.1818181817406 17.41935483871798 0
2564 138.18181818176 19.35483870968282 0
2565 138.1818181817794 21.29032258064767 0
2566 138.1818181817988 23.22580645161253 0
2567 138.1818181818182 25.16129032257738 0
2568 138.1818181818375 27.09677419354222 0
2569 138.181818181857 29.03225806450708 0
2570 138.1818181818763 30.96774193547339 0
2571 138.1818181818957 32.90322580643943 0
2572 138.1818181819151 34.83870967740296 0
2573 138.1818181819345 36.77419354836648 0
2574 138.1818181819538 38.70967741933001 0
2575 138.1818181819732 40.64516129029354 0
2576 138.1818181819926 42.58064516125705 0
2577 138.181818182012 44.51612903222361 0
2578 138.1818181820314 46.45161290319566 0
2579 138.1818181820507 48.3870967741677 0
2580 138.1818181820701 50.32258064513975 0
2581 138.1818181820895 52.2580645161118 0
2582 138.1818181821089 54.19354838708384 0
2583 138.1818181821283 56.1290322580559 0
2584 138.1818181821476 58.06451612902794 0
2585 139.9999999997723 1.935483870969216 0
2586 139.999999999791 3.870967741937808 0
2587 139.9999999998097 5.806451612907901 0
2588 139.9999999998284 7.741935483877835 0
2589 139.9999999998471 9.677419354846284 0
2590 139.9999999998657 11.61290322581468 0
2591 139.9999999998845 13.54838709678307 0
2592 139.9999999999032 15.48387096775146 0
2593 139.9999999999219 17.4193548387175 0
2594 139.9999999999405 19.35483870968226 0
2595 139.9999999999592 21.29032258064699 0
2596 139.9999999999779 23.22580645161175 0
2597 139.9999999999967 25.1612903225765 0
2598 140.0000000000154 27.09677419354124 0
2599 140.0000000000341 29.03225806450599 0
2600 140.0000000000528 30.9677419354723 0
2601 140.0000000000714 32.90322580643846 0
2602 140.0000000000901 34.83870967740216 0
2603 140.0000000001088 36.77419354836589 0
2604 140.0000000001276 38.70967741932959 0
2605 140.0000000001462 40.64516129029328 0
2606 140.0000000001649 42.580645161257 0
2607 140.0000000001836 44.51612903222368 0
2608 140.0000000002023 46.45161290319572 0
2609 140.000000000221 48.38709677416775 0
2610 140.0000000002397 50.32258064513978 0
2611 140.0000000002584 52.25806451611183 0
2612 140.0000000002771 54.19354838708387 0
2613 140.0000000002958 56.12903225805592 0
2614 140.0000000003145 58.06451612902795 0
2615 141.818181817959 1.935483870969172 0
2616 141.818181817977 3.870967741937712 0
2617 141.8181818179951 5.806451612907774 0
2618 141.818181818013 7.741935483877672 0
2619 141.818181818031 9.677419354846064 0
2620 141.8181818180491 11.6129032258144 0
2621 141.8181818180671 13.54838709678274 0
2622 141.8181818180851 15.48387096775108 0
2623 141.8181818181031 17.41935483871703 0
2624 141.8181818181211 19.35483870968168 0
2625 141.8181818181391 21.29032258064633 0
2626 141.8181818181571 23.22580645161098 0
2627 141.8181818181751 25.16129032257562 0
2628 141.8181818181932 27.09677419354026 0
2629 141.8181818182112 29.03225806450492 0
2630 141.8181818182292 30.96774193547122 0
2631 141.8181818182472 32.90322580643751 0
2632 141.8181818182652 34.8387096774014 0
2633 141.8181818182832 36.77419354836529 0
2634 141.8181818183012 38.70967741932917 0
2635 141.8181818183193 40.64516129029305 0
2636 141.8181818183373 42.58064516125695 0
2637 141.8181818183553 44.51612903222374 0
2638 141.8181818183733 46.45161290319576 0
2639 141.8181818183912 48.38709677416779 0
2640 141.8181818184093 50.32258064513982 0
2641 141.8181818184273 52.25806451611187 0
2642 141.8181818184453 54.19354838708389 0
2643 141.8181818184633 56.12903225805592 0
2644 141.8181818184814 58.06451612902795 0
2645 143.6363636361458 1.935483870969128 0
2646 143.6363636361631 3.870967741937616 0
2647 143.6363636361805 5.806451612907642 0
2648 143.6363636361977 7.741935483877509 0
2649 143.6363636362151 9.677419354845844 0
2650 143.6363636362324 11.61290322581413 0
2651 143.6363636362497 13.54838709678241 0
2652 143.6363636362671 15.4838709677507 0
2653 143.6363636362844 17.41935483871657 0
2654 143.6363636363017 19.35483870968111 0
2655 143.636363636319 21.29032258064566 0
2656 143.6363636363364 23.2258064516102 0
2657 143.6363636363537 25.16129032257474 0
2658 143.636363636371 27.0967741935393 0
2659 143.6363636363883 29.03225806450383 0
2660 143.6363636364057 30.96774193547012 0
2661 143.6363636364229 32.90322580643655 0
2662 143.6363636364403 34.8387096774006 0
2663 143.6363636364576 36.77419354836468 0
2664 143.636363636475 38.70967741932876 0
2665 143.6363636364922 40.64516129029282 0
2666 143.6363636365096 42.5806451612569 0
2667 143.6363636365269 44.5161290322238 0
2668 143.6363636365442 46.45161290319582 0
2669 143.6363636365616 48.38709677416784 0
2670 143.6363636365789 50.32258064513987 0
2671 143.6363636365962 52.25806451611189 0
2672 143.6363636366136 54.19354838708392 0
2673 143.6363636366309 56.12903225805594 0
2674 143.6363636366482 58.06451612902797 0
2675 145.4545454543325 1.935483870969083 0
2676 145.4545454543491 3.870967741937519 0
2677 145.4545454543658 5.806451612907515 0
2678 145.4545454543824 7.741935483877345 0
2679 145.454545454399 9.677419354845627 0
2680 145.4545454544157 11.61290322581386 0
2681 145.4545454544324 13.54838709678208 0
2682 145.454545454449 15.48387096775032 0
2683 145.4545454544657 17.41935483871611 0
2684 145.4545454544822 19.35483870968054 0
2685 145.4545454544989 21.29032258064498 0
2686 145.4545454545155 23.22580645160943 0
2687 145.4545454545322 25.16129032257387 0
2688 145.4545454545488 27.09677419353831 0
2689 145.4545454545655 29.03225806450275 0
2690 145.4545454545821 30.96774193546904 0
2691 145.4545454545987 32.90322580643559 0
2692 145.4545454546154 34.83870967739983 0
2693 145.454545454632 36.77419354836408 0
2694 145.4545454546487 38.70967741932833 0
2695 145.4545454546653 40.64516129029258 0
2696 145.4545454546819 42.58064516125684 0
2697 145.4545454546986 44.51612903222385 0
2698 145.4545454547152 46.45161290319587 0
2699 145.4545454547318 48.38709677416789 0
2700 145.4545454547485 50.32258064513991 0
2701 145.4545454547651 52.25806451611193 0
2702 145.4545454547818 54.19354838708394 0
2703 145.4545454547985 56.12903225805595 0
2704 145.4545454548151 58.06451612902797 0
2705 147.2727272725192 1.935483870969039 0
2706 147.2727272725351 3.870967741937423 0
2707 147.2727272725511 5.806451612907386 0
2708 147.272727272567 7.74193548387718 0
2709 147.272727272583 9.67741935484541 0
2710 147.272727272599 11.61290322581358 0
2711 147.272727272615 13.54838709678176 0
2712 147.2727272726309 15.48387096774993 0
2713 147.2727272726469 17.41935483871563 0
2714 147.2727272726628 19.35483870967997 0
2715 147.2727272726788 21.29032258064431 0
2716 147.2727272726947 23.22580645160866 0
2717 147.2727272727107 25.161290322573 0
2718 147.2727272727266 27.09677419353733 0
2719 147.2727272727425 29.03225806450167 0
2720 147.2727272727585 30.96774193546795 0
2721 147.2727272727745 32.90322580643463 0
2722 147.2727272727905 34.83870967739904 0
2723 147.2727272728064 36.77419354836349 0
2724 147.2727272728224 38.70967741932792 0
2725 147.2727272728384 40.64516129029234 0
2726 147.2727272728543 42.5806451612568 0
2727 147.2727272728702 44.51612903222391 0
2728 147.2727272728862 46.45161290319592 0
2729 147.2727272729021 48.38709677416792 0
2730 147.2727272729181 50.32258064513994 0
2731 147.2727272729341 52.25806451611196 0
2732 147.27272727295 54.19354838708395 0
2733 147.272727272966 56.12903225805599 0
2734 147.2727272729819 58.06451612902798 0
2735 149.090909090706 1.935483870968995 0
2736 149.0909090907212 3.870967741937326 0
2737 149.0909090907365 5.806451612907255 0
2738 149.0909090907517 7.741935483877017 0
2739 149.090909090767 9.67741935484519 0
2740 149.0909090907823 11.61290322581331 0
2741 149.0909090907976 13.54838709678143 0
2742 149.0909090908128 15.48387096774955 0
2743 149.0909090908281 17.41935483871517 0
2744 149.0909090908434 19.3548387096794 0
2745 149.0909090908586 21.29032258064364 0
2746 149.0909090908739 23.22580645160788 0
2747 149.0909090908892 25.16129032257212 0
2748 149.0909090909045 27.09677419353635 0
2749 149.0909090909197 29.03225806450059 0
2750 149.090909090935 30.96774193546686 0
2751 149.0909090909503 32.90322580643366 0
2752 149.0909090909656 34.83870967739827 0
2753 149.0909090909808 36.77419354836289 0
2754 149.0909090909961 38.70967741932751 0
2755 149.0909090910113 40.64516129029211 0
2756 149.0909090910266 42.58064516125673 0
2757 149.0909090910419 44.51612903222397 0
2758 149.0909090910571 46.45161290319599 0
2759 149.0909090910724 48.38709677416797 0
2760 149.0909090910877 50.32258064513998 0
2761 149.090909091103 52.25806451611199 0
2762 149.0909090911183 54.19354838708398 0
2763 149.0909090911335 56.12903225805597 0
2764 149.0909090911488 58.06451612902797 0
2765 150.9090909088927 1.935483870968951 0
2766 150.9090909089073 3.87096774193723 0
2767 150.9090909089219 5.806451612907128 0
2768 150.9090909089365 7.741935483876853 0
2769 150.909090908951 9.67741935484497 0
2770 150.9090909089656 11.61290322581304 0
2771 150.9090909089802 13.5483870967811 0
2772 150.9090909089948 15.48387096774917 0
2773 150.9090909090094 17.4193548387147 0
2774 150.909090909024 19.35483870967883 0
2775 150.9090909090386 21.29032258064297 0
2776 150.9090909090531 23.22580645160711 0
2777 150.9090909090677 25.16129032257123 0
2778 150.9090909090823 27.09677419353537 0
2779 150.9090909090969 29.03225806449951 0
2780 150.9090909091115 30.96774193546577 0
2781 150.9090909091261 32.90322580643269 0
2782 150.9090909091406 34.83870967739749 0
2783 150.9090909091552 36.77419354836228 0
2784 150.9090909091698 38.70967741932708 0
2785 150.9090909091844 40.64516129029187 0
2786 150.9090909091989 42.58064516125668 0
2787 150.9090909092136 44.51612903222402 0
2788 150.9090909092282 46.45161290319603 0
2789 150.9090909092427 48.38709677416802 0
2790 150.9090909092573 50.32258064514001 0
2791 150.9090909092719 52.25806451611202 0
2792 150.9090909092865 54.193548387084 0
2793 150.9090909093011 56.12903225805601 0
2794 150.9090909093156 58.06451612902799 0
2795 152.7272727270794 1.935483870968907 0
2796 152.7272727270933 3.870967741937132 0
2797 152.7272727271072 5.806451612906998 0
2798 152.7272727271211 7.741935483876688 0
2799 152.727272727135 9.677419354844759 0
2800 152.7272727271489 11.61290322581277 0
2801 152.7272727271628 13.54838709678078 0
2802 152.7272727271766 15.48387096774878 0
2803 152.7272727271906 17.41935483871423 0
2804 152.7272727272045 19.35483870967826 0
2805 152.7272727272184 21.29032258064229 0
2806 152.7272727272323 23.22580645160632 0
2807 152.7272727272462 25.16129032257036 0
2808 152.7272727272601 27.09677419353439 0
2809 152.727272727274 29.03225806449842 0
2810 152.7272727272879 30.96774193546468 0
2811 152.7272727273018 32.90322580643173 0
2812 152.7272727273157 34.83870967739671 0
2813 152.7272727273296 36.77419354836168 0
2814 152.7272727273435 38.70967741932667 0
2815 152.7272727273574 40.64516129029163 0
2816 152.7272727273713 42.58064516125663 0
2817 152.7272727273852 44.5161290322241 0
2818 152.7272727273991 46.45161290319609 0
2819 152.727272727413 48.38709677416807 0
2820 152.7272727274269 50.32258064514007 0
2821 152.7272727274408 52.25806451611204 0
2822 152.7272727274547 54.19354838708402 0
2823 152.7272727274686 56.12903225805603 0
2824 152.7272727274825 58.06451612902801 0
2825 154.5454545452661 1.935483870968862 0
2826 154.5454545452794 3.870967741937037 0
2827 154.5454545452926 5.806451612906868 0
2828 154.5454545453057 7.741935483876525 0
2829 154.545454545319 9.677419354844538 0
2830 154.5454545453322 11.61290322581249 0
2831 154.5454545453454 13.54838709678045 0
2832 154.5454545453586 15.4838709677484 0
2833 154.5454545453719 17.41935483871377 0
2834 154.545454545385 19.35483870967769 0
2835 154.5454545453983 21.29032258064162 0
2836 154.5454545454115 23.22580645160555 0
2837 154.5454545454247 25.16129032256949 0
2838 154.5454545454379 27.09677419353341 0
2839 154.5454545454512 29.03225806449734 0
2840 154.5454545454643 30.96774193546359 0
2841 154.5454545454775 32.90322580643075 0
2842 154.5454545454908 34.83870967739593 0
2843 154.545454545504 36.77419354836108 0
2844 154.5454545455172 38.70967741932626 0
2845 154.5454545455305 40.64516129029141 0
2846 154.5454545455436 42.58064516125656 0
2847 154.5454545455568 44.51612903222416 0
2848 154.5454545455701 46.45161290319613 0
2849 154.5454545455833 48.38709677416811 0
2850 154.5454545455965 50.3225806451401 0
2851 154.5454545456097 52.25806451611209 0
2852 154.5454545456229 54.19354838708406 0
2853 154.5454545456361 56.12903225805604 0
2854 154.5454545456493 58.06451612902801 0
2855 156.3636363634529 1.935483870968819 0
2856 156.3636363634655 3.87096774193694 0
2857 156.363636363478 5.80645161290674 0
2858 156.3636363634905 7.741935483876361 0
2859 156.363636363503 9.677419354844318 0
2860 156.3636363635155 11.61290322581222 0
2861 156.363636363528 13.54838709678012 0
2862 156.3636363635407 15.48387096774802 0
2863 156.3636363635531 17.4193548387133 0
2864 156.3636363635657 19.35483870967712 0
2865 156.3636363635782 21.29032258064095 0
2866 156.3636363635907 23.22580645160478 0
2867 156.3636363636032 25.1612903225686 0
2868 156.3636363636157 27.09677419353243 0
2869 156.3636363636283 29.03225806449626 0
2870 156.3636363636408 30.96774193546251 0
2871 156.3636363636533 32.9032258064298 0
2872 156.3636363636659 34.83870967739514 0
2873 156.3636363636784 36.77419354836049 0
2874 156.3636363636909 38.70967741932583 0
2875 156.3636363637035 40.64516129029118 0
2876 156.363636363716 42.58064516125651 0
2877 156.3636363637285 44.51612903222422 0
2878 156.363636363741 46.45161290319618 0
2879 156.3636363637535 48.38709677416815 0
2880 156.3636363637661 50.32258064514012 0
2881 156.3636363637786 52.2580645161121 0
2882 156.3636363637911 54.19354838708407 0
2883 156.3636363638036 56.12903225805606 0
2884 156.3636363638162 58.06451612902802 0
2885 158.1818181816396 1.935483870968775 0
2886 158.1818181816515 3.870967741936843 0
2887 158.1818181816633 5.80645161290661 0
2888 158.1818181816752 7.741935483876198 0
2889 158.181818181687 9.677419354844103 0
2890 158.1818181816988 11.61290322581195 0
2891 158.1818181817106 13.54838709677979 0
2892 158.1818181817225 15.48387096774764 0
2893 158.1818181817343 17.41935483871283 0
2894 158.1818181817462 19.35483870967655 0
2895 158.1818181817581 21.29032258064027 0
2896 158.1818181817699 23.225806451604 0
2897 158.1818181817817 25.16129032256772 0
2898 158.1818181817936 27.09677419353145 0
2899 158.1818181818054 29.03225806449519 0
2900 158.1818181818172 30.96774193546142 0
2901 158.1818181818291 32.90322580642884 0
2902 158.1818181818409 34.83870967739436 0
2903 158.1818181818528 36.77419354835989 0
2904 158.1818181818646 38.70967741932542 0
2905 158.1818181818765 40.64516129029092 0
2906 158.1818181818883 42.58064516125646 0
2907 158.1818181819002 44.51612903222429 0
2908 158.181818181912 46.45161290319624 0
2909 158.1818181819238 48.38709677416821 0
2910 158.1818181819357 50.32258064514016 0
2911 158.1818181819475 52.25806451611214 0
2912 158.1818181819594 54.19354838708409 0
2913 158.1818181819712 56.12903225805607 0
2914 158.181818181983 58.06451612902802 0
2915 159.9999999998263 1.93548387096873 0
2916 159.9999999998375 3.870967741936747 0
2917 159.9999999998487 5.80645161290648 0
2918 159.9999999998599 7.741935483876032 0
2919 159.999999999871 9.677419354843885 0
2920 159.9999999998822 11.61290322581167 0
2921 159.9999999998933 13.54838709677946 0
2922 159.9999999999045 15.48387096774725 0
2923 159.9999999999156 17.41935483871236 0
2924 159.9999999999268 19.35483870967598 0
2925 159.9999999999379 21.2903225806396 0
2926 159.9999999999491 23.22580645160323 0
2927 159.9999999999602 25.16129032256685 0
2928 159.9999999999714 27.09677419353047 0
2929 159.9999999999826 29.03225806449411 0
2930 159.9999999999937 30.96774193546032 0
2931 160.0000000000048 32.90322580642789 0
2932 160.000000000016 34.83870967739358 0
2933 160.0000000000272 36.77419354835929 0
2934 160.0000000000383 38.709677419325 0
2935 160.0000000000495 40.64516129029069 0
2936 160.0000000000607 42.58064516125641 0
2937 160.0000000000718 44.51612903222434 0
2938 160.0000000000829 46.45161290319631 0
2939 160.0000000000941 48.38709677416824 0
2940 160.0000000001052 50.32258064514021 0
2941 160.0000000001164 52.25806451611217 0
2942 160.0000000001276 54.19354838708411 0
2943 160.0000000001388 56.12903225805609 0
2944 160.0000000001499 58.06451612902804 0
2945 161.8181818180132 1.935483870968686 0
2946 161.8181818180235 3.870967741936651 0
2947 161.8181818180341 5.806451612906352 0
2948 161.8181818180445 7.741935483875868 0
2949 161.818181818055 9.677419354843662 0
2950 161.8181818180654 11.6129032258114 0
2951 161.818181818076 13.54838709677913 0
2952 161.8181818180864 15.48387096774687 0
2953 161.8181818180968 17.41935483871189 0
2954 161.8181818181073 19.35483870967541 0
2955 161.8181818181178 21.29032258063893 0
2956 161.8181818181283 23.22580645160245 0
2957 161.8181818181388 25.16129032256598 0
2958 161.8181818181492 27.0967741935295 0
2959 161.8181818181597 29.03225806449301 0
2960 161.8181818181701 30.96774193545924 0
2961 161.8181818181807 32.90322580642692 0
2962 161.8181818181911 34.8387096773928 0
2963 161.8181818182016 36.7741935483587 0
2964 161.818181818212 38.70967741932458 0
2965 161.8181818182225 40.64516129029046 0
2966 161.818181818233 42.58064516125636 0
2967 161.8181818182435 44.5161290322244 0
2968 161.8181818182539 46.45161290319636 0
2969 161.8181818182644 48.38709677416829 0
2970 161.8181818182748 50.32258064514024 0
2971 161.8181818182853 52.2580645161122 0
2972 161.8181818182958 54.19354838708414 0
2973 161.8181818183062 56.12903225805609 0
2974 161.8181818183168 58.06451612902804 0
2975 163.6363636361999 1.935483870968642 0
2976 163.6363636362096 3.870967741936554 0
2977 163.6363636362194 5.806451612906222 0
2978 163.6363636362292 7.741935483875704 0
2979 163.6363636362389 9.677419354843446 0
2980 163.6363636362488 11.61290322581112 0
2981 163.6363636362585 13.54838709677881 0
2982 163.6363636362683 15.48387096774649 0
2983 163.6363636362781 17.41935483871142 0
2984 163.6363636362879 19.35483870967484 0
2985 163.6363636362976 21.29032258063825 0
2986 163.6363636363075 23.22580645160168 0
2987 163.6363636363173 25.1612903225651 0
2988 163.636363636327 27.09677419352852 0
2989 163.6363636363368 29.03225806449194 0
2990 163.6363636363466 30.96774193545815 0
2991 163.6363636363564 32.90322580642596 0
2992 163.6363636363662 34.83870967739202 0
2993 163.636363636376 36.7741935483581 0
2994 163.6363636363858 38.70967741932417 0
2995 163.6363636363955 40.64516129029022 0
2996 163.6363636364053 42.58064516125631 0
2997 163.6363636364151 44.51612903222447 0
2998 163.6363636364249 46.45161290319641 0
2999 163.6363636364347 48.38709677416834 0
3000 163.6363636364445 50.3225806451403 0
3001 163.6363636364543 52.25806451611224 0
3002 163.636363636464 54.19354838708417 0
3003 163.6363636364739 56.12903225805611 0
3004 163.6363636364836 58.06451612902805 0
3005 165.4545454543865 1.935483870968598 0
3006 165.4545454543956 3.870967741936457 0
3007 165.4545454544048 5.806451612906094 0
3008 165.4545454544139 7.74193548387554 0
3009 165.4545454544229 9.677419354843229 0
3010 165.454545454432 11.61290322581085 0
3011 165.4545454544411 13.54838709677848 0
3012 165.4545454544502 15.4838709677461 0
3013 165.4545454544594 17.41935483871095 0
3014 165.4545454544684 19.35483870967427 0
3015 165.4545454544775 21.29032258063758 0
3016 165.4545454544866 23.2258064516009 0
3017 165.4545454544957 25.16129032256422 0
3018 165.4545454545048 27.09677419352754 0
3019 165.4545454545139 29.03225806449085 0
3020 165.4545454545231 30.96774193545707 0
3021 165.4545454545321 32.90322580642499 0
3022 165.4545454545412 34.83870967739124 0
3023 165.4545454545503 36.77419354835749 0
3024 165.4545454545595 38.70967741932375 0
3025 165.4545454545686 40.64516129028998 0
3026 165.4545454545776 42.58064516125626 0
3027 165.4545454545867 44.5161290322245 0
3028 165.4545454545959 46.45161290319646 0
3029 165.4545454546049 48.38709677416838 0
3030 165.4545454546141 50.32258064514033 0
3031 165.4545454546232 52.25806451611226 0
3032 165.4545454546322 54.19354838708418 0
3033 165.4545454546413 56.12903225805613 0
3034 165.4545454546505 58.06451612902806 0
3035 167.2727272725733 1.935483870968553 0
3036 167.2727272725817 3.870967741936362 0
3037 167.2727272725901 5.806451612905963 0
3038 167.2727272725986 7.741935483875378 0
3039 167.272727272607 9.677419354843011 0
3040 167.2727272726154 11.61290322581058 0
3041 167.2727272726238 13.54838709677815 0
3042 167.2727272726322 15.48387096774572 0
3043 167.2727272726407 17.41935483871049 0
3044 167.272727272649 19.3548387096737 0
3045 167.2727272726574 21.2903225806369 0
3046 167.2727272726659 23.22580645160013 0
3047 167.2727272726742 25.16129032256335 0
3048 167.2727272726827 27.09677419352656 0
3049 167.2727272726911 29.03225806448977 0
3050 167.2727272726995 30.96774193545597 0
3051 167.2727272727079 32.90322580642403 0
3052 167.2727272727163 34.83870967739046 0
3053 167.2727272727247 36.77419354835689 0
3054 167.2727272727332 38.70967741932333 0
3055 167.2727272727416 40.64516129028975 0
3056 167.27272727275 42.5806451612562 0
3057 167.2727272727584 44.51612903222458 0
3058 167.2727272727668 46.4516129031965 0
3059 167.2727272727753 48.38709677416844 0
3060 167.2727272727836 50.32258064514035 0
3061 167.2727272727921 52.25806451611229 0
3062 167.2727272728005 54.19354838708419 0
3063 167.2727272728089 56.12903225805614 0
3064 167.2727272728173 58.06451612902807 0
3065 169.0909090907601 1.935483870968509 0
3066 169.0909090907677 3.870967741936265 0
3067 169.0909090907755 5.806451612905834 0
3068 169.0909090907832 7.741935483875212 0
3069 169.0909090907909 9.67741935484279 0
3070 169.0909090907987 11.61290322581031 0
3071 169.0909090908064 13.54838709677782 0
3072 169.0909090908141 15.48387096774534 0
3073 169.0909090908218 17.41935483871002 0
3074 169.0909090908296 19.35483870967313 0
3075 169.0909090908373 21.29032258063623 0
3076 169.0909090908451 23.22580645159935 0
3077 169.0909090908528 25.16129032256247 0
3078 169.0909090908605 27.09677419352558 0
3079 169.0909090908682 29.03225806448869 0
3080 169.0909090908759 30.96774193545488 0
3081 169.0909090908837 32.90322580642306 0
3082 169.0909090908914 34.83870967738967 0
3083 169.0909090908992 36.77419354835629 0
3084 169.0909090909069 38.7096774193229 0
3085 169.0909090909146 40.64516129028952 0
3086 169.0909090909223 42.58064516125614 0
3087 169.09090909093 44.51612903222465 0
3088 169.0909090909378 46.45161290319655 0
3089 169.0909090909455 48.38709677416847 0
3090 169.0909090909533 50.32258064514041 0
3091 169.090909090961 52.25806451611231 0
3092 169.0909090909687 54.19354838708424 0
3093 169.0909090909765 56.12903225805616 0
3094 169.0909090909842 58.06451612902806 0
3095 170.9090909089467 1.935483870968465 0
3096 170.9090909089537 3.870967741936168 0
3097 170.9090909089608 5.806451612905706 0
3098 170.9090909089679 7.741935483875049 0
3099 170.9090909089749 9.677419354842577 0
3100 170.9090909089819 11.61290322581004 0
3101 170.909090908989 13.54838709677749 0
3102 170.909090908996 15.48387096774496 0
3103 170.9090909090031 17.41935483870955 0
3104 170.9090909090101 19.35483870967256 0
3105 170.9090909090172 21.29032258063557 0
3106 170.9090909090242 23.22580645159858 0
3107 170.9090909090313 25.16129032256158 0
3108 170.9090909090383 27.0967741935246 0
3109 170.9090909090454 29.03225806448761 0
3110 170.9090909090524 30.9677419354538 0
3111 170.9090909090594 32.90322580642209 0
3112 170.9090909090665 34.83870967738889 0
3113 170.9090909090736 36.7741935483557 0
3114 170.9090909090806 38.7096774193225 0
3115 170.9090909090877 40.64516129028927 0
3116 170.9090909090946 42.58064516125609 0
3117 170.9090909091017 44.5161290322247 0
3118 170.9090909091087 46.45161290319661 0
3119 170.9090909091158 48.38709677416853 0
3120 170.9090909091229 50.32258064514044 0
3121 170.9090909091298 52.25806451611234 0
3122 170.9090909091369 54.19354838708426 0
3123 170.9090909091439 56.12903225805619 0
3124 170.909090909151 58.06451612902808 0
3125 172.7272727271335 1.935483870968421 0
3126 172.7272727271399 3.870967741936072 0
3127 172.7272727271462 5.806451612905575 0
3128 172.7272727271526 7.741935483874883 0
3129 172.7272727271589 9.677419354842357 0
3130 172.7272727271653 11.61290322580976 0
3131 172.7272727271716 13.54838709677717 0
3132 172.727272727178 15.48387096774458 0
3133 172.7272727271844 17.41935483870908 0
3134 172.7272727271908 19.35483870967199 0
3135 172.7272727271971 21.29032258063489 0
3136 172.7272727272035 23.22580645159781 0
3137 172.7272727272098 25.16129032256071 0
3138 172.7272727272162 27.09677419352362 0
3139 172.7272727272226 29.03225806448653 0
3140 172.7272727272289 30.9677419354527 0
3141 172.7272727272352 32.90322580642114 0
3142 172.7272727272416 34.8387096773881 0
3143 172.7272727272479 36.77419354835509 0
3144 172.7272727272543 38.70967741932208 0
3145 172.7272727272607 40.64516129028905 0
3146 172.727272727267 42.58064516125602 0
3147 172.7272727272734 44.51612903222477 0
3148 172.7272727272798 46.45161290319667 0
3149 172.7272727272861 48.38709677416857 0
3150 172.7272727272924 50.32258064514046 0
3151 172.7272727272988 52.25806451611237 0
3152 172.7272727273052 54.19354838708428 0
3153 172.7272727273115 56.12903225805619 0
3154 172.7272727273179 58.06451612902809 0
3155 174.5454545453202 1.935483870968376 0
3156 174.5454545453259 3.870967741935975 0
3157 174.5454545453316 5.806451612905448 0
3158 174.5454545453372 7.74193548387472 0
3159 174.5454545453429 9.677419354842137 0
3160 174.5454545453486 11.61290322580949 0
3161 174.5454545453543 13.54838709677684 0
3162 174.5454545453599 15.48387096774419 0
3163 174.5454545453657 17.41935483870861 0
3164 174.5454545453713 19.35483870967141 0
3165 174.5454545453769 21.29032258063422 0
3166 174.5454545453826 23.22580645159703 0
3167 174.5454545453883 25.16129032255984 0
3168 174.545454545394 27.09677419352264 0
3169 174.5454545453997 29.03225806448545 0
3170 174.5454545454053 30.96774193545162 0
3171 174.545454545411 32.90322580642017 0
3172 174.5454545454167 34.83870967738733 0
3173 174.5454545454224 36.77419354835449 0
3174 174.545454545428 38.70967741932165 0
3175 174.5454545454337 40.64516129028882 0
3176 174.5454545454394 42.58064516125597 0
3177 174.545454545445 44.51612903222482 0
3178 174.5454545454507 46.45161290319673 0
3179 174.5454545454564 48.38709677416861 0
3180 174.5454545454621 50.32258064514052 0
3181 174.5454545454677 52.25806451611241 0
3182 174.5454545454734 54.19354838708431 0
3183 174.5454545454791 56.12903225805621 0
3184 174.5454545454848 58.0645161290281 0
3185 176.363636363507 1.935483870968332 0
3186 176.3636363635119 3.870967741935879 0
3187 176.3636363635169 5.806451612905319 0
3188 176.3636363635219 7.741935483874556 0
3189 176.3636363635269 9.677419354841918 0
3190 176.3636363635319 11.61290322580921 0
3191 176.3636363635368 13.54838709677651 0
3192 176.3636363635418 15.48387096774381 0
3193 176.3636363635469 17.41935483870814 0
3194 176.3636363635518 19.35483870967084 0
3195 176.3636363635568 21.29032258063355 0
3196 176.3636363635619 23.22580645159626 0
3197 176.3636363635668 25.16129032255896 0
3198 176.3636363635718 27.09677419352166 0
3199 176.3636363635768 29.03225806448437 0
3200 176.3636363635818 30.96774193545053 0
3201 176.3636363635868 32.90322580641922 0
3202 176.3636363635917 34.83870967738654 0
3203 176.3636363635968 36.77419354835389 0
3204 176.3636363636018 38.70967741932125 0
3205 176.3636363636067 40.64516129028858 0
3206 176.3636363636117 42.58064516125593 0
3207 176.3636363636167 44.51612903222488 0
3208 176.3636363636217 46.45161290319678 0
3209 176.3636363636267 48.38709677416865 0
3210 176.3636363636317 50.32258064514055 0
3211 176.3636363636367 52.25806451611244 0
3212 176.3636363636417 54.19354838708432 0
3213 176.3636363636466 56.12903225805621 0
3214 176.3636363636516 58.06451612902809 0
3215 178.1818181816936 1.935483870968288 0
3216 178.181818181698 3.870967741935782 0
3217 178.1818181817023 5.806451612905187 0
3218 178.1818181817066 7.741935483874394 0
3219 178.1818181817108 9.677419354841701 0
3220 178.1818181817152 11.61290322580894 0
3221 178.1818181817195 13.54838709677618 0
3222 178.1818181817237 15.48387096774343 0
3223 178.1818181817281 17.41935483870767 0
3224 178.1818181817324 19.35483870967028 0
3225 178.1818181817367 21.29032258063288 0
3226 178.181818181741 23.22580645159548 0
3227 178.1818181817452 25.16129032255808 0
3228 178.1818181817496 27.09677419352068 0
3229 178.1818181817539 29.03225806448328 0
3230 178.1818181817582 30.96774193544943 0
3231 178.1818181817625 32.90322580641826 0
3232 178.1818181817668 34.83870967738577 0
3233 178.1818181817712 36.7741935483533 0
3234 178.1818181817755 38.70967741932083 0
3235 178.1818181817797 40.64516129028833 0
3236 178.181818181784 42.58064516125587 0
3237 178.1818181817883 44.51612903222495 0
3238 178.1818181817926 46.45161290319684 0
3239 178.1818181817969 48.38709677416869 0
3240 178.1818181818013 50.32258064514058 0
3241 178.1818181818056 52.25806451611247 0
3242 178.1818181818099 54.19354838708434 0
3243 178.1818181818141 56.12903225805624 0
3244 178.1818181818184 58.06451612902811 0
3245 179.9999999998804 1.935483870968244 0
3246 179.999999999884 3.870967741935687 0
3247 179.9999999998877 5.806451612905059 0
3248 179.9999999998913 7.741935483874229 0
3249 179.9999999998949 9.677419354841481 0
3250 179.9999999998986 11.61290322580867 0
3251 179.9999999999021 13.54838709677586 0
3252 179.9999999999057 15.48387096774304 0
3253 179.9999999999094 17.4193548387072 0
3254 179.9999999999129 19.35483870966971 0
3255 179.9999999999166 21.2903225806322 0
3256 179.9999999999202 23.22580645159471 0
3257 179.9999999999238 25.16129032255721 0
3258 179.9999999999275 27.0967741935197 0
3259 179.9999999999311 29.0322580644822 0
3260 179.9999999999347 30.96774193544836 0
3261 179.9999999999383 32.90322580641729 0
3262 179.9999999999419 34.838709677385 0
3263 179.9999999999455 36.7741935483527 0
3264 179.9999999999492 38.7096774193204 0
3265 179.9999999999528 40.64516129028811 0
3266 179.9999999999564 42.58064516125583 0
3267 179.99999999996 44.516129032225 0
3268 179.9999999999636 46.45161290319688 0
3269 179.9999999999673 48.38709677416875 0
3270 179.9999999999709 50.32258064514064 0
3271 179.9999999999745 52.2580645161125 0
3272 179.9999999999782 54.19354838708437 0
3273 179.9999999999817 56.12903225805626 0
3274 179.9999999999853 58.06451612902811 0
3275 181.8181818180672 1.9354838709682 0
3276 181.8181818180701 3.87096774193559 0
3277 181.818181818073 5.806451612904928 0
3278 181.8181818180759 7.741935483874064 0
3279 181.8181818180788 9.677419354841261 0
3280 181.8181818180818 11.6129032258084 0
3281 181.8181818180847 13.54838709677552 0
3282 181.8181818180877 15.48387096774266 0
3283 181.8181818180906 17.41935483870674 0
3284 181.8181818180935 19.35483870966914 0
3285 181.8181818180965 21.29032258063153 0
3286 181.8181818180995 23.22580645159393 0
3287 181.8181818181024 25.16129032255633 0
3288 181.8181818181053 27.09677419351872 0
3289 181.8181818181082 29.03225806448112 0
3290 181.8181818181111 30.96774193544726 0
3291 181.8181818181141 32.90322580641632 0
3292 181.818181818117 34.8387096773842 0
3293 181.8181818181199 36.7741935483521 0
3294 181.8181818181229 38.70967741931999 0
3295 181.8181818181258 40.64516129028787 0
3296 181.8181818181287 42.58064516125577 0
3297 181.8181818181317 44.51612903222507 0
3298 181.8181818181346 46.45161290319692 0
3299 181.8181818181376 48.3870967741688 0
3300 181.8181818181405 50.32258064514067 0
3301 181.8181818181434 52.25806451611253 0
3302 181.8181818181463 54.19354838708439 0
3303 181.8181818181492 56.12903225805627 0
3304 181.8181818181522 58.06451612902813 0
3305 183.6363636362538 1.935483870968156 0
3306 183.6363636362561 3.870967741935493 0
3307 183.6363636362584 5.806451612904801 0
3308 183.6363636362606 7.741935483873899 0
3309 183.6363636362628 9.677419354841048 0
3310 183.6363636362651 11.61290322580812 0
3311 183.6363636362674 13.5483870967752 0
3312 183.6363636362696 15.48387096774228 0
3313 183.6363636362719 17.41935483870627 0
3314 183.6363636362741 19.35483870966856 0
3315 183.6363636362763 21.29032258063085 0
3316 183.6363636362786 23.22580645159316 0
3317 183.6363636362808 25.16129032255545 0
3318 183.6363636362831 27.09677419351775 0
3319 183.6363636362853 29.03225806448004 0
3320 183.6363636362875 30.96774193544617 0
3321 183.6363636362898 32.90322580641536 0
3322 183.6363636362921 34.83870967738343 0
3323 183.6363636362943 36.77419354835151 0
3324 183.6363636362966 38.70967741931958 0
3325 183.6363636362988 40.64516129028763 0
3326 183.636363636301 42.58064516125571 0
3327 183.6363636363033 44.51612903222513 0
3328 183.6363636363056 46.45161290319698 0
3329 183.6363636363078 48.38709677416884 0
3330 183.6363636363101 50.32258064514069 0
3331 183.6363636363123 52.25806451611257 0
3332 183.6363636363145 54.19354838708441 0
3333 183.6363636363168 56.12903225805628 0
3334 183.636363636319 58.06451612902814 0
3335 185.4545454544406 1.935483870968112 0
3336 185.4545454544422 3.870967741935397 0
3337 185.4545454544438 5.806451612904671 0
3338 185.4545454544453 7.741935483873736 0
3339 185.4545454544468 9.677419354840827 0
3340 185.4545454544484 11.61290322580785 0
3341 185.45454545445 13.54838709677487 0
3342 185.4545454544515 15.48387096774189 0
3343 185.4545454544531 17.4193548387058 0
3344 185.4545454544546 19.354838709668 0
3345 185.4545454544563 21.29032258063018 0
3346 185.4545454544578 23.22580645159238 0
3347 185.4545454544593 25.16129032255458 0
3348 185.4545454544609 27.09677419351677 0
3349 185.4545454544625 29.03225806447896 0
3350 185.454545454464 30.96774193544509 0
3351 185.4545454544656 32.90322580641439 0
3352 185.4545454544671 34.83870967738263 0
3353 185.4545454544687 36.7741935483509 0
3354 185.4545454544703 38.70967741931914 0
3355 185.4545454544718 40.6451612902874 0
3356 185.4545454544734 42.58064516125566 0
3357 185.4545454544749 44.51612903222519 0
3358 185.4545454544766 46.45161290319704 0
3359 185.4545454544781 48.3870967741689 0
3360 185.4545454544796 50.32258064514075 0
3361 185.4545454544812 52.25806451611259 0
3362 185.4545454544828 54.19354838708445 0
3363 185.4545454544843 56.1290322580563 0
3364 185.4545454544858 58.06451612902814 0
3365 187.2727272726274 1.935483870968068 0
3366 187.2727272726282 3.8709677419353 0
3367 187.2727272726291 5.806451612904541 0
3368 187.27272727263 7.741935483873572 0
3369 187.2727272726309 9.677419354840609 0
3370 187.2727272726318 11.61290322580758 0
3371 187.2727272726326 13.54838709677454 0
3372 187.2727272726335 15.48387096774151 0
3373 187.2727272726344 17.41935483870533 0
3374 187.2727272726352 19.35483870966742 0
3375 187.2727272726361 21.29032258062951 0
3376 187.272727272637 23.22580645159161 0
3377 187.2727272726378 25.1612903225537 0
3378 187.2727272726388 27.09677419351579 0
3379 187.2727272726397 29.03225806447788 0
3380 187.2727272726405 30.96774193544399 0
3381 187.2727272726414 32.90322580641342 0
3382 187.2727272726422 34.83870967738187 0
3383 187.2727272726432 36.7741935483503 0
3384 187.272727272644 38.70967741931874 0
3385 187.2727272726449 40.64516129028717 0
3386 187.2727272726458 42.5806451612556 0
3387 187.2727272726467 44.51612903222524 0
3388 187.2727272726475 46.45161290319709 0
3389 187.2727272726484 48.38709677416892 0
3390 187.2727272726493 50.32258064514078 0
3391 187.2727272726501 52.25806451611263 0
3392 187.272727272651 54.19354838708445 0
3393 187.2727272726519 56.1290322580563 0
3394 187.2727272726528 58.06451612902814 0
3395 189.0909090908141 1.935483870968023 0
3396 189.0909090908142 3.870967741935203 0
3397 189.0909090908144 5.806451612904413 0
3398 189.0909090908146 7.741935483873409 0
3399 189.0909090908149 9.67741935484039 0
3400 189.0909090908151 11.6129032258073 0
3401 189.0909090908153 13.54838709677422 0
3402 189.0909090908154 15.48387096774113 0
3403 189.0909090908155 17.41935483870486 0
3404 189.0909090908157 19.35483870966685 0
3405 189.090909090816 21.29032258062885 0
3406 189.0909090908162 23.22580645159083 0
3407 189.0909090908164 25.16129032255282 0
3408 189.0909090908166 27.09677419351481 0
3409 189.0909090908168 29.03225806447679 0
3410 189.0909090908169 30.9677419354429 0
3411 189.0909090908171 32.90322580641247 0
3412 189.0909090908173 34.83870967738108 0
3413 189.0909090908176 36.77419354834971 0
3414 189.0909090908177 38.70967741931833 0
3415 189.0909090908179 40.64516129028693 0
3416 189.0909090908181 42.58064516125555 0
3417 189.0909090908183 44.51612903222531 0
3418 189.0909090908185 46.45161290319715 0
3419 189.0909090908187 48.38709677416898 0
3420 189.0909090908188 50.32258064514081 0
3421 189.090909090819 52.25806451611265 0
3422 189.0909090908192 54.19354838708448 0
3423 189.0909090908194 56.12903225805632 0
3424 189.0909090908196 58.06451612902815 0
3425 190.9090909090008 1.935483870967979 0
3426 190.9090909090003 3.870967741935107 0
3427 190.9090909089999 5.806451612904283 0
3428 190.9090909089993 7.741935483873246 0
3429 190.9090909089989 9.677419354840176 0
3430 190.9090909089984 11.61290322580703 0
3431 190.9090909089979 13.54838709677389 0
3432 190.9090909089974 15.48387096774074 0
3433 190.909090908997 17.4193548387044 0
3434 190.9090909089965 19.35483870966628 0
3435 190.909090908996 21.29032258062816 0
3436 190.9090909089955 23.22580645159006 0
3437 190.909090908995 25.16129032255194 0
3438 190.9090909089946 27.09677419351383 0
3439 190.9090909089941 29.03225806447571 0
3440 190.9090909089936 30.96774193544182 0
3441 190.9090909089931 32.90322580641152 0
3442 190.9090909089927 34.83870967738031 0
3443 190.9090909089922 36.77419354834909 0
3444 190.9090909089917 38.7096774193179 0
3445 190.9090909089912 40.64516129028669 0
3446 190.9090909089907 42.58064516125548 0
3447 190.9090909089903 44.51612903222536 0
3448 190.9090909089898 46.45161290319721 0
3449 190.9090909089892 48.387096774169 0
3450 190.9090909089888 50.32258064514087 0
3451 190.9090909089883 52.25806451611268 0
3452 190.9090909089879 54.19354838708451 0
3453 190.9090909089873 56.12903225805632 0
3454 190.9090909089869 58.06451612902816 0
3455 192.7272727271878 1.935483870967935 0
3456 192.7272727271869 3.870967741935012 0
3457 192.727272727186 5.806451612904153 0
3458 192.727272727185 7.74193548387308 0
3459 192.7272727271842 9.677419354839953 0
3460 192.7272727271832 11.61290322580676 0
3461 192.7272727271822 13.54838709677356 0
3462 192.7272727271813 15.48387096774036 0
3463 192.7272727271804 17.41935483870394 0
3464 192.7272727271795 19.35483870966571 0
3465 192.7272727271785 21.2903225806275 0
3466 192.7272727271776 23.22580645158929 0
3467 192.7272727271767 25.16129032255107 0
3468 192.7272727271757 27.09677419351285 0
3469 192.7272727271748 29.03225806447463 0
3470 192.7272727271738 30.96774193544073 0
3471 192.7272727271729 32.90322580641055 0
3472 192.727272727172 34.83870967737951 0
3473 192.7272727271711 36.77419354834851 0
3474 192.7272727271702 38.70967741931747 0
3475 192.7272727271692 40.64516129028645 0
3476 192.7272727271683 42.58064516125544 0
3477 192.7272727271674 44.51612903222543 0
3478 192.7272727271664 46.45161290319726 0
3479 192.7272727271655 48.38709677416906 0
3480 192.7272727271646 50.32258064514089 0
3481 192.7272727271636 52.25806451611271 0
3482 192.7272727271627 54.19354838708453 0
3483 192.7272727271618 56.12903225805635 0
3484 192.7272727271609 58.06451612902816 0
3485 194.5454545453751 1.935483870967891 0
3486 194.5454545453741 3.870967741934915 0
3487 194.5454545453731 5.806451612904025 0
3488 194.545454545372 7.741935483872918 0
3489 194.5454545453711 9.677419354839739 0
3490 194.54545454537 11.61290322580648 0
3491 194.545454545369 13.54838709677323 0
3492 194.545454545368 15.48387096773998 0
3493 194.545454545367 17.41935483870346 0
3494 194.5454545453659 19.35483870966515 0
3495 194.545454545365 21.29032258062682 0
3496 194.545454545364 23.2258064515885 0
3497 194.5454545453629 25.16129032255019 0
3498 194.5454545453619 27.09677419351186 0
3499 194.5454545453609 29.03225806447356 0
3500 194.5454545453599 30.96774193543964 0
3501 194.5454545453589 32.90322580640959 0
3502 194.5454545453579 34.83870967737874 0
3503 194.5454545453569 36.7741935483479 0
3504 194.5454545453559 38.70967741931706 0
3505 194.5454545453549 40.64516129028621 0
3506 194.5454545453538 42.58064516125538 0
3507 194.5454545453528 44.5161290322255 0
3508 194.5454545453518 46.45161290319732 0
3509 194.5454545453508 48.38709677416911 0
3510 194.5454545453498 50.32258064514092 0
3511 194.5454545453488 52.25806451611274 0
3512 194.5454545453478 54.19354838708453 0
3513 194.5454545453468 56.12903225805637 0
3514 194.5454545453458 58.06451612902819 0
3515 196.3636363635626 1.935483870967846 0
3516 196.3636363635616 3.870967741934818 0
3517 196.3636363635607 5.806451612903895 0
3518 196.3636363635598 7.741935483872751 0
3519 196.3636363635588 9.67741935483952 0
3520 196.3636363635579 11.61290322580621 0
3521 196.363636363557 13.5483870967729 0
3522 196.3636363635561 15.4838709677396 0
3523 196.3636363635551 17.41935483870299 0
3524 196.3636363635541 19.35483870966458 0
3525 196.3636363635532 21.29032258062615 0
3526 196.3636363635523 23.22580645158774 0
3527 196.3636363635513 25.16129032254931 0
3528 196.3636363635504 27.09677419351089 0
3529 196.3636363635495 29.03225806447247 0
3530 196.3636363635486 30.96774193543855 0
3531 196.3636363635476 32.90322580640862 0
3532 196.3636363635466 34.83870967737795 0
3533 196.3636363635457 36.7741935483473 0
3534 196.3636363635448 38.70967741931665 0
3535 196.3636363635438 40.64516129028597 0
3536 196.3636363635429 42.58064516125534 0
3537 196.363636363542 44.51612903222556 0
3538 196.3636363635411 46.45161290319735 0
3539 196.36363636354 48.38709677416915 0
3540 196.3636363635391 50.32258064514098 0
3541 196.3636363635382 52.25806451611277 0
3542 196.3636363635372 54.19354838708456 0
3543 196.3636363635363 56.12903225805638 0
3544 196.3636363635354 58.06451612902818 0
3545 198.1818181817501 1.935483870967802 0
3546 198.1818181817492 3.870967741934722 0
3547 198.1818181817484 5.806451612903767 0
3548 198.1818181817475 7.741935483872589 0
3549 198.1818181817467 9.6774193548393 0
3550 198.1818181817457 11.61290322580594 0
3551 198.1818181817449 13.54838709677258 0
3552 198.181818181744 15.48387096773922 0
3553 198.1818181817432 17.41935483870253 0
3554 198.1818181817423 19.354838709664 0
3555 198.1818181817414 21.29032258062548 0
3556 198.1818181817406 23.22580645158696 0
3557 198.1818181817397 25.16129032254844 0
3558 198.1818181817388 27.09677419350991 0
3559 198.181818181738 29.03225806447139 0
3560 198.1818181817371 30.96774193543746 0
3561 198.1818181817363 32.90322580640765 0
3562 198.1818181817353 34.83870967737718 0
3563 198.1818181817345 36.77419354834671 0
3564 198.1818181817337 38.70967741931622 0
3565 198.1818181817327 40.64516129028574 0
3566 198.1818181817318 42.58064516125529 0
3567 198.1818181817311 44.51612903222561 0
3568 198.1818181817302 46.45161290319741 0
3569 198.1818181817293 48.3870967741692 0
3570 198.1818181817284 50.322580645141 0
3571 198.1818181817276 52.2580645161128 0
3572 198.1818181817267 54.1935483870846 0
3573 198.1818181817258 56.1290322580564 0
3574 198.1818181817249 58.06451612902819 0
3575 199.9999999999376 1.935483870967758 0
3576 199.9999999999368 3.870967741934624 0
3577 199.999999999936 5.806451612903638 0
3578 199.9999999999353 7.741935483872425 0
3579 199.9999999999344 9.677419354839079 0
3580 199.9999999999336 11.61290322580567 0
3581 199.9999999999328 13.54838709677225 0
3582 199.999999999932 15.48387096773883 0
3583 199.9999999999312 17.41935483870206 0
3584 199.9999999999304 19.35483870966343 0
3585 199.9999999999296 21.29032258062481 0
3586 199.9999999999289 23.22580645158619 0
3587 199.999999999928 25.16129032254756 0
3588 199.9999999999272 27.09677419350893 0
3589 199.9999999999264 29.03225806447031 0
3590 199.9999999999257 30.96774193543637 0
3591 199.9999999999249 32.90322580640669 0
3592 199.9999999999241 34.83870967737638 0
3593 199.9999999999233 36.77419354834611 0
3594 199.9999999999225 38.70967741931581 0
3595 199.9999999999217 40.64516129028552 0
3596 199.9999999999209 42.58064516125523 0
3597 199.9999999999201 44.51612903222568 0
3598 199.9999999999193 46.45161290319746 0
3599 199.9999999999185 48.38709677416924 0
3600 199.9999999999177 50.32258064514103 0
3601 199.9999999999169 52.25806451611283 0
3602 199.9999999999161 54.19354838708462 0
3603 199.9999999999153 56.12903225805641 0
3604 199.9999999999145 58.06451612902819 0
3605 201.8181818181251 1.935483870967714 0
3606 201.8181818181244 3.870967741934528 0
3607 201.8181818181236 5.806451612903507 0
3608 201.8181818181229 7.741935483872259 0
3609 201.8181818181222 9.677419354838863 0
3610 201.8181818181215 11.61290322580539 0
3611 201.8181818181207 13.54838709677192 0
3612 201.8181818181201 15.48387096773845 0
3613 201.8181818181193 17.41935483870159 0
3614 201.8181818181186 19.35483870966286 0
3615 201.8181818181179 21.29032258062413 0
3616 201.8181818181171 23.22580645158541 0
3617 201.8181818181164 25.16129032254668 0
3618 201.8181818181157 27.09677419350795 0
3619 201.8181818181149 29.03225806446923 0
3620 201.8181818181142 30.96774193543528 0
3621 201.8181818181136 32.90322580640572 0
3622 201.8181818181128 34.83870967737561 0
3623 201.8181818181121 36.77419354834551 0
3624 201.8181818181114 38.7096774193154 0
3625 201.8181818181106 40.64516129028528 0
3626 201.8181818181099 42.58064516125517 0
3627 201.8181818181092 44.51612903222573 0
3628 201.8181818181084 46.45161290319752 0
3629 201.8181818181078 48.38709677416929 0
3630 201.818181818107 50.32258064514109 0
3631 201.8181818181063 52.25806451611287 0
3632 201.8181818181056 54.19354838708464 0
3633 201.8181818181048 56.12903225805642 0
3634 201.8181818181041 58.06451612902821 0
3635 203.6363636363126 1.935483870967669 0
3636 203.6363636363119 3.870967741934432 0
3637 203.6363636363113 5.806451612903379 0
3638 203.6363636363107 7.741935483872097 0
3639 203.63636363631 9.677419354838646 0
3640 203.6363636363093 11.61290322580512 0
3641 203.6363636363087 13.54838709677159 0
3642 203.636363636308 15.48387096773807 0
3643 203.6363636363074 17.41935483870112 0
3644 203.6363636363067 19.35483870966229 0
3645 203.6363636363061 21.29032258062346 0
3646 203.6363636363054 23.22580645158463 0
3647 203.6363636363048 25.1612903225458 0
3648 203.6363636363042 27.09677419350697 0
3649 203.6363636363035 29.03225806446815 0
3650 203.6363636363028 30.96774193543419 0
3651 203.6363636363021 32.90322580640476 0
3652 203.6363636363015 34.83870967737482 0
3653 203.6363636363009 36.77419354834491 0
3654 203.6363636363002 38.70967741931497 0
3655 203.6363636362995 40.64516129028503 0
3656 203.6363636362989 42.58064516125512 0
3657 203.6363636362983 44.51612903222578 0
3658 203.6363636362976 46.45161290319758 0
3659 203.636363636297 48.38709677416934 0
3660 203.6363636362964 50.32258064514112 0
3661 203.6363636362957 52.25806451611288 0
3662 203.636363636295 54.19354838708465 0
3663 203.6363636362944 56.12903225805643 0
3664 203.6363636362937 58.06451612902821 0
3665 205.4545454545001 1.935483870967625 0
3666 205.4545454544995 3.870967741934335 0
3667 205.454545454499 5.806451612903249 0
3668 205.4545454544983 7.741935483871931 0
3669 205.4545454544978 9.677419354838426 0
3670 205.4545454544972 11.61290322580485 0
3671 205.4545454544966 13.54838709677126 0
3672 205.454545454496 15.48387096773768 0
3673 205.4545454544955 17.41935483870065 0
3674 205.4545454544949 19.35483870966172 0
3675 205.4545454544943 21.29032258062279 0
3676 205.4545454544937 23.22580645158386 0
3677 205.4545454544931 25.16129032254493 0
3678 205.4545454544926 27.096774193506 0
3679 205.454545454492 29.03225806446707 0
3680 205.4545454544914 30.9677419354331 0
3681 205.4545454544909 32.9032258064038 0
3682 205.4545454544902 34.83870967737406 0
3683 205.4545454544896 36.77419354834432 0
3684 205.4545454544891 38.70967741931456 0
3685 205.4545454544885 40.64516129028481 0
3686 205.4545454544879 42.58064516125506 0
3687 205.4545454544874 44.51612903222586 0
3688 205.4545454544868 46.45161290319761 0
3689 205.4545454544862 48.38709677416938 0
3690 205.4545454544857 50.32258064514115 0
3691 205.4545454544851 52.25806451611293 0
3692 205.4545454544845 54.19354838708468 0
3693 205.4545454544839 56.12903225805646 0
3694 205.4545454544833 58.06451612902822 0
3695 207.2727272726875 1.935483870967582 0
3696 207.272727272687 3.870967741934239 0
3697 207.2727272726865 5.80645161290312 0
3698 207.272727272686 7.741935483871768 0
3699 207.2727272726855 9.677419354838209 0
3700 207.272727272685 11.61290322580457 0
3701 207.2727272726845 13.54838709677094 0
3702 207.272727272684 15.4838709677373 0
3703 207.2727272726835 17.41935483870018 0
3704 207.272727272683 19.35483870966115 0
3705 207.2727272726825 21.29032258062211 0
3706 207.272727272682 23.22580645158308 0
3707 207.2727272726815 25.16129032254405 0
3708 207.272727272681 27.09677419350502 0
3709 207.2727272726805 29.03225806446598 0
3710 207.2727272726799 30.96774193543202 0
3711 207.2727272726795 32.90322580640285 0
3712 207.2727272726789 34.83870967737327 0
3713 207.2727272726784 36.77419354834373 0
3714 207.2727272726779 38.70967741931415 0
3715 207.2727272726774 40.64516129028457 0
3716 207.272727272677 42.58064516125501 0
3717 207.2727272726764 44.51612903222591 0
3718 207.2727272726759 46.45161290319766 0
3719 207.2727272726754 48.38709677416943 0
3720 207.2727272726749 50.32258064514121 0
3721 207.2727272726744 52.25806451611295 0
3722 207.2727272726739 54.19354838708471 0
3723 207.2727272726734 56.12903225805647 0
3724 207.2727272726729 58.06451612902822 0
3725 209.0909090908751 1.935483870967537 0
3726 209.0909090908747 3.870967741934143 0
3727 209.0909090908742 5.806451612902992 0
3728 209.0909090908737 7.741935483871604 0
3729 209.0909090908733 9.677419354837992 0
3730 209.0909090908729 11.6129032258043 0
3731 209.0909090908725 13.54838709677061 0
3732 209.090909090872 15.48387096773692 0
3733 209.0909090908716 17.41935483869971 0
3734 209.0909090908711 19.35483870966058 0
3735 209.0909090908708 21.29032258062144 0
3736 209.0909090908703 23.22580645158231 0
3737 209.0909090908699 25.16129032254317 0
3738 209.0909090908695 27.09677419350404 0
3739 209.090909090869 29.0322580644649 0
3740 209.0909090908686 30.96774193543093 0
3741 209.0909090908681 32.90322580640189 0
3742 209.0909090908677 34.83870967737249 0
3743 209.0909090908673 36.77419354834311 0
3744 209.0909090908668 38.70967741931372 0
3745 209.0909090908663 40.64516129028432 0
3746 209.090909090866 42.58064516125496 0
3747 209.0909090908654 44.51612903222598 0
3748 209.090909090865 46.45161290319771 0
3749 209.0909090908646 48.38709677416948 0
3750 209.0909090908642 50.32258064514123 0
3751 209.0909090908638 52.25806451611298 0
3752 209.0909090908633 54.19354838708474 0
3753 209.0909090908629 56.12903225805649 0
3754 209.0909090908625 58.06451612902824 0
3755 210.9090909090626 1.935483870967493 0
3756 210.9090909090622 3.870967741934046 0
3757 210.9090909090618 5.80645161290286 0
3758 210.9090909090615 7.741935483871441 0
3759 210.9090909090611 9.677419354837774 0
3760 210.9090909090607 11.61290322580403 0
3761 210.9090909090604 13.54838709677028 0
3762 210.90909090906 15.48387096773654 0
3763 210.9090909090596 17.41935483869925 0
3764 210.9090909090593 19.35483870966002 0
3765 210.9090909090589 21.29032258062077 0
3766 210.9090909090586 23.22580645158153 0
3767 210.9090909090582 25.1612903225423 0
3768 210.9090909090578 27.09677419350306 0
3769 210.9090909090575 29.03225806446382 0
3770 210.9090909090571 30.96774193542984 0
3771 210.9090909090567 32.90322580640092 0
3772 210.9090909090564 34.83870967737171 0
3773 210.909090909056 36.77419354834251 0
3774 210.9090909090556 38.70967741931331 0
3775 210.9090909090553 40.6451612902841 0
3776 210.909090909055 42.5806451612549 0
3777 210.9090909090546 44.51612903222605 0
3778 210.9090909090542 46.45161290319778 0
3779 210.9090909090539 48.38709677416952 0
3780 210.9090909090535 50.32258064514127 0
3781 210.9090909090531 52.25806451611302 0
3782 210.9090909090528 54.19354838708475 0
3783 210.9090909090525 56.1290322580565 0
3784 210.909090909052 58.06451612902824 0
3785 212.72727272725 1.935483870967449 0
3786 212.7272727272497 3.870967741933949 0
3787 212.7272727272494 5.806451612902732 0
3788 212.7272727272491 7.741935483871275 0
3789 212.7272727272489 9.677419354837555 0
3790 212.7272727272486 11.61290322580376 0
3791 212.7272727272483 13.54838709676995 0
3792 212.727272727248 15.48387096773615 0
3793 212.7272727272478 17.41935483869877 0
3794 212.7272727272474 19.35483870965945 0
3795 212.7272727272471 21.29032258062009 0
3796 212.7272727272468 23.22580645158076 0
3797 212.7272727272465 25.16129032254142 0
3798 212.7272727272463 27.09677419350208 0
3799 212.727272727246 29.03225806446274 0
3800 212.7272727272457 30.96774193542875 0
3801 212.7272727272454 32.90322580639995 0
3802 212.7272727272452 34.83870967737092 0
3803 212.7272727272449 36.7741935483419 0
3804 212.7272727272446 38.7096774193129 0
3805 212.7272727272442 40.64516129028387 0
3806 212.727272727244 42.58064516125486 0
3807 212.7272727272437 44.5161290322261 0
3808 212.7272727272433 46.45161290319784 0
3809 212.7272727272431 48.38709677416956 0
3810 212.7272727272428 50.32258064514129 0
3811 212.7272727272425 52.25806451611305 0
3812 212.7272727272422 54.19354838708476 0
3813 212.7272727272419 56.12903225805652 0
3814 212.7272727272416 58.06451612902825 0
3815 214.5454545454375 1.935483870967405 0
3816 214.5454545454373 3.870967741933854 0
3817 214.5454545454371 5.806451612902603 0
3818 214.5454545454369 7.741935483871113 0
3819 214.5454545454367 9.677419354837335 0
3820 214.5454545454365 11.61290322580348 0
3821 214.5454545454362 13.54838709676962 0
3822 214.545454545436 15.48387096773577 0
3823 214.5454545454358 17.41935483869831 0
3824 214.5454545454355 19.35483870965886 0
3825 214.5454545454354 21.29032258061942 0
3826 214.5454545454352 23.22580645157998 0
3827 214.5454545454349 25.16129032254054 0
3828 214.5454545454347 27.09677419350109 0
3829 214.5454545454345 29.03225806446165 0
3830 214.5454545454342 30.96774193542766 0
3831 214.5454545454341 32.90322580639898 0
3832 214.5454545454338 34.83870967737015 0
3833 214.5454545454336 36.77419354834132 0
3834 214.5454545454334 38.70967741931247 0
3835 214.5454545454332 40.64516129028363 0
3836 214.545454545433 42.58064516125479 0
3837 214.5454545454327 44.51612903222615 0
3838 214.5454545454326 46.45161290319789 0
3839 214.5454545454323 48.38709677416961 0
3840 214.5454545454322 50.32258064514134 0
3841 214.5454545454319 52.25806451611308 0
3842 214.5454545454317 54.19354838708479 0
3843 214.5454545454315 56.12903225805653 0
3844 214.5454545454313 58.06451612902825 0
3845 216.363636363625 1.93548387096736 0
3846 216.363636363625 3.870967741933757 0
3847 216.3636363636247 5.806451612902474 0
3848 216.3636363636246 7.741935483870947 0
3849 216.3636363636244 9.677419354837118 0
3850 216.3636363636243 11.61290322580321 0
3851 216.3636363636242 13.5483870967693 0
3852 216.363636363624 15.48387096773539 0
3853 216.3636363636239 17.41935483869785 0
3854 216.3636363636237 19.3548387096583 0
3855 216.3636363636236 21.29032258061876 0
3856 216.3636363636235 23.22580645157921 0
3857 216.3636363636233 25.16129032253966 0
3858 216.3636363636232 27.09677419350012 0
3859 216.363636363623 29.03225806446057 0
3860 216.3636363636229 30.96774193542657 0
3861 216.3636363636227 32.90322580639803 0
3862 216.3636363636226 34.83870967736936 0
3863 216.3636363636225 36.77419354834071 0
3864 216.3636363636224 38.70967741931206 0
3865 216.3636363636221 40.64516129028338 0
3866 216.363636363622 42.58064516125475 0
3867 216.3636363636218 44.5161290322262 0
3868 216.3636363636217 46.45161290319795 0
3869 216.3636363636215 48.38709677416966 0
3870 216.3636363636214 50.32258064514139 0
3871 216.3636363636213 52.25806451611311 0
3872 216.3636363636211 54.19354838708482 0
3873 216.363636363621 56.12903225805655 0
3874 216.3636363636209 58.06451612902827 0
3875 218.1818181818124 1.935483870967316 0
3876 218.1818181818124 3.87096774193366 0
3877 218.1818181818123 5.806451612902346 0
3878 218.1818181818122 7.741935483870783 0
3879 218.1818181818122 9.677419354836898 0
3880 218.1818181818121 11.61290322580293 0
3881 218.1818181818121 13.54838709676897 0
3882 218.1818181818119 15.48387096773501 0
3883 218.1818181818119 17.41935483869738 0
3884 218.1818181818119 19.35483870965773 0
3885 218.1818181818118 21.29032258061808 0
3886 218.1818181818117 23.22580645157844 0
3887 218.1818181818116 25.16129032253879 0
3888 218.1818181818115 27.09677419349914 0
3889 218.1818181818115 29.03225806445949 0
3890 218.1818181818114 30.96774193542549 0
3891 218.1818181818113 32.90322580639707 0
3892 218.1818181818113 34.83870967736858 0
3893 218.1818181818112 36.77419354834011 0
3894 218.1818181818111 38.70967741931165 0
3895 218.1818181818111 40.64516129028316 0
3896 218.181818181811 42.58064516125469 0
3897 218.1818181818109 44.51612903222628 0
3898 218.1818181818109 46.451612903198 0
3899 218.1818181818107 48.38709677416969 0
3900 218.1818181818107 50.32258064514141 0
3901 218.1818181818106 52.25806451611314 0
3902 218.1818181818105 54.19354838708485 0
3903 218.1818181818105 56.12903225805657 0
3904 218.1818181818104 58.06451612902828 0
$EndNodes
$Elements
4059
1 15 2 101 1 1
2 15 2 102 2 2
3 15 2 102 3 3
4 15 2 101 4 4
5 1 2 201 1 1 5
6 1 2 201 1 5 6
7 1 2 201 1 6 7
8 1 2 201 1 7 8
9 1 2 201 1 8 9
10 1 2 201 1 9 10
11 1 2 201 1 10 11
12 1 2 201 1 11 12
13 1 2 201 1 12 13
14 1 2 201 1 13 14
15 1 2 201 1 14 15
16 1 2 201 1 15 16
17 1 2 201 1 16 17
18 1 2 201 1 17 18
19 1 2 201 1 18 19
20 1 2 201 1 19 20
21 1 2 201 1 20 21
22 1 2 201 1 21 22
23 1 2 201 1 22 23
24 1 2 201 1 23 24
25 1 2 201 1 24 25
26 1 2 201 1 25 26
27 1 2 201 1 26 27
28 1 2 201 1 27 28
29 1 2 201 1 28 29
30 1 2 201 1 29 30
31 1 2 201 1 30 31
32 1 2 201 1 31 32
33 1 2 201 1 32 33
34 1 2 201 1 33 34
35 1 2 201 1 34 35
36 1 2 201 1 35 36
37 1 2 201 1 36 37
38 1 2 201 1 37 38
39 1 2 201 1 38 39
40 1 2 201 1 39 40
41 1 2 201 1 40 41
42 1 2 201 1 41 42
43 1 2 201 1 42 43
44 1 2 201 1 43 44
45 1 2 201 1 44 45
46 1 2 201 1 45 46
47 1 2 201 1 46 47
48 1 2 201 1 47 48
49 1 2 201 1 48 49
50 1 2 201 1 49 50
51 1 2 201 1 50 51
52 1 2 201 1 51 52
53 1 2 201 1 52 53
54 1 2 201 1 53 54
55 1 2 201 1 54 55
56 1 2 201 1 55 56
57 1 2 201 1 56 57
58 1 2 201 1 57 58
59 1 2 201 1 58 59
60 1 2 201 1 59 60
61 1 2 201 1 60 61
62 1 2 201 1 61 62
63 1 2 201 1 62 63
64 1 2 201 1 63 64
65 1 2 201 1 64 65
66 1 2 201 1 65 66
67 1 2 201 1 66 67
68 1 2 201 1 67 68
69 1 2 201 1 68 69
70 1 2 201 1 69 70
71 1 2 201 1 70 71
72 1 2 201 1 71 72
73 1 2 201 1 72 73
74 1 2 201 1 73 74
75 1 2 201 1 74 75
76 1 2 201 1 75 76
77 1 2 201 1 76 77
78 1 2 201 1 77 78
79 1 2 201 1 78 79
80 1 2 201 1 79 80
81 1 2 201 1 80 81
82 1 2 201 1 81 82
83 1 2 201 1 82 83
84 1 2 201 1 83 84
85 1 2 201 1 84 85
86 1 2 201 1 85 86
87 1 2 201 1 86 87
88 1 2 201 1 87 88
89 1 2 201 1 88 89
90 1 2 201 1 89 90
91 1 2 201 1 90 91
92 1 2 201 1 91 92
93 1 2 201 1 92 93
94 1 2 201 1 93 94
95 1 2 201 1 94 95
96 1 2 201 1 95 96
97 1 2 201 1 96 97
98 1 2 201 1 97 98
99 1 2 201 1 98 99
100 1 2 201 1 99 100
101 1 2 201 1 100 101
102 1 2 201 1 101 102
103 1 2 201 1 102 103
104 1 2 201 1 103 104
105 1 2 201 1 104 105
106 1 2 201 1 105 106
107 1 2 201 1 106 107
108 1 2 201 1 107 108
109 1 2 201 1 108 109
110 1 2 201 1 109 110
111 1 2 201 1 110 111
112 1 2 201 1 111 112
113 1 2 201 1 112 113
114 1 2 201 1 113 114
115 1 2 201 1 114 115
116 1 2 201 1 115 116
117 1 2 201 1 116 117
118 1 2 201 1 117 118
119 1 2 201 1 118 119
120 1 2 201 1 119 120
121 1 2 201 1 120 121
122 1 2 201 1 121 122
123 1 2 201 1 122 123
124 1 2 201 1 123 124
125 1 2 201 1 124 2
126 1 2 102 2 2 125
127 1 2 102 2 125 126
128 1 2 102 2 126 127
129 1 2 102 2 127 128
130 1 2 102 2 128 129
131 1 2 102 2 129 130
132 1 2 102 2 130 131
133 1 2 102 2 131 132
134 1 2 102 2 132 133
135 1 2 102 2 133 134
136 1 2 102 2 134 135
137 1 2 102 2 135 136
138 1 2 102 2 136 137
139 1 2 102 2 137 138
140 1 2 102 2 138 139
141 1 2 102 2 139 140
142 1 2 102 2 140 141
143 1 2 102 2 141 142
144 1 2 102 2 142 143
145 1 2 102 2 143 144
146 1 2 102 2 144 145
147 1 2 102 2 145 146
148 1 2 102 2 146 147
149 1 2 102 2 147 148
150 1 2 102 2 148 149
151 1 2 102 2 149 150
152 1 2 102 2 150 151
153 1 2 102 2 151 152
154 1 2 102 2 152 153
155 1 2 102 2 153 154
156 1 2 102 2 154 3
157 1 2 201 3 3 155
158 1 2 201 3 155 156
159 1 2 201 3 156 157
160 1 2 201 3 157 158
161 1 2 201 3 158 159
162 1 2 201 3 159 160
163 1 2 201 3 160 161
164 1 2 201 3 161 162
165 1 2 201 3 162 163
166 1 2 201 3 163 164
167 1 2 201 3 164 165
168 1 2 201 3 165 166
169 1 2 201 3 166 167
170 1 2 201 3 167 168
171 1 2 201 3 168 169
172 1 2 201 3 169 170
173 1 2 201 3 170 171
174 1 2 201 3 171 172
175 1 2 201 3 172 173
176 1 2 201 3 173 174
177 1 2 201 3 174 175
178 1 2 201 3 175 176
179 1 2 201 3 176 177
180 1 2 201 3 177 178
181 1 2 201 3 178 179
182 1 2 201 3 179 180
183 1 2 201 3 180 181
184 1 2 201 3 181 182
185 1 2 201 3 182 183
186 1 2 201 3 183 184
187 1 2 201 3 184 185
188 1 2 201 3 185 186
189 1 2 201 3 186 187
190 1 2 201 3 187 188
191 1 2 201 3 188 189
192 1 2 201 3 189 190
193 1 2 201 3 190 191
194 1 2 201 3 191 192
195 1 2 201 3 192 193
196 1 2 201 3 193 194
197 1 2 201 3 194 195
198 1 2 201 3 195 196
199 1 2 201 3 196 197
200 1 2 201 3 197 198
201 1 2 201 3 198 199
202 1 2 201 3 199 200
203 1 2 201 3 200 201
204 1 2 201 3 201 202
205 1 2 201 3 202 203
206 1 2 201 3 203 204
207 1 2 201 3 204 205
208 1 2 201 3 205 206
209 1 2 201 3 206 207
210 1 2 201 3 207 208
211 1 2 201 3 208 209
212 1 2 201 3 209 210
213 1 2 201 3 210 211
214 1 2 201 3 211 212
215 1 2 201 3 212 213
216 1 2 201 3 213 214
217 1 2 201 3 214 215
218 1 2 201 3 215 216
219 1 2 201 3 216 217
220 1 2 201 3 217 218
221 1 2 201 3 218 219
222 1 2 201 3 219 220
223 1 2 201 3 220 221
224 1 2 201 3 221 222
225 1 2 201 3 222 223
226 1 2 201 3 223 224
227 1 2 201 3 224 225
228 1 2 201 3 225 226
229 1 2 201 3 226 227
230 1 2 201 3 227 228
231 1 2 201 3 228 229
232 1 2 201 3 229 230
233 1 2 201 3 230 231
234 1 2 201 3 231 232
235 1 2 201 3 232 233
236 1 2 201 3 233 234
237 1 2 201 3 234 235
238 1 2 201 3 235 236
239 1 2 201 3 236 237
240 1 2 201 3 237 238
241 1 2 201 3 238 239
242 1 2 201 3 239 240
243 1 2 201 3 240 241
244 1 2 201 3 241 242
245 1 2 201 3 242 243
246 1 2 201 3 243 244
247 1 2 201 3 244 245
248 1 2 201 3 245 246
249 1 2 201 3 246 247
250 1 2 201 3 247 248
251 1 2 201 3 248 249
252 1 2 201 3 249 250
253 1 2 201 3 250 251
254 1 2 201 3 251 252
255 1 2 201 3 252 253
256 1 2 201 3 253 254
257 1 2 201 3 254 255
258 1 2 201 3 255 256
259 1 2 201 3 256 257
260 1 2 201 3 257 258
261 1 2 201 3 258 259
262 1 2 201 3 259 260
263 1 2 201 3 260 261
264 1 2 201 3 261 262
265 1 2 201 3 262 263
266 1 2 201 3 263 264
267 1 2 201 3 264 265
268 1 2 201 3 265 266
269 1 2 201 3 266 267
270 1 2 201 3 267 268
271 1 2 201 3 268 269
272 1 2 201 3 269 270
273 1 2 201 3 270 271
274 1 2 201 3 271 272
275 1 2 201 3 272 273
276 1 2 201 3 273 274
277 1 2 201 3 274 4
278 1 2 101 4 4 275
279 1 2 101 4 275 276
280 1 2 101 4 276 277
281 1 2 101 4 277 278
282 1 2 101 4 278 279
283 1 2 101 4 279 280
284 1 2 101 4 280 281
285 1 2 101 4 281 282
286 1 2 101 4 282 283
287 1 2 101 4 283 284
288 1 2 103 4 284 285
289 1 2 103 4 285 286
290 1 2 103 4 286 287
291 1 2 103 4 287 288
292 1 2 103 4 288 289
293 1 2 103 4 289 290
294 1 2 103 4 290 291
295 1 2 103 4 291 292
296 1 2 103 4 292 293
297 1 2 103 4 293 294
298 1 2 103 4 294 295
299 1 2 101 4 295 296
300 1 2 101 4 296 297
301 1 2 101 4 297 298
302 1 2 101 4 298 299
303 1 2 101 4 299 300
304 1 2 101 4 300 301
305 1 2 101 4 301 302
306 1 2 101 4 302 303
307 1 2 101 4 303 304
308 1 2 101 4 304 1
309 3 2 1 6 1 5 305 304
310 3 2 1 6 304 305 306 303
311 3 2 1 6 303 306 307 302
312 3 2 1 6 302 307 308 301
313 3 2 1 6 301 308 309 300
314 3 2 1 6 300 309 310 299
315 3 2 1 6 299 310 311 298
316 3 2 1 6 298 311 312 297
317 3 2 1 6 297 312 313 296
318 3 2 1 6 296 313 314 295
319 3 2 1 6 295 314 315 294
320 3 2 1 6 294 315 316 293
321 3 2 1 6 293 316 317 292
322 3 2 1 6 292 317 318 291
323 3 2 1 6 291 318 319 290
324 3 2 1 6 290 319 320 289
325 3 2 1 6 289 320 321 288
326 3 2 1 6 288 321 322 287
327 3 2 1 6 287 322 323 286
328 3 2 1 6 286 323 324 285
329 3 2 1 6 285 324 325 284
330 3 2 1 6 284 325 326 283
331 3 2 1 6 283 326 327 282
332 3 2 1 6 282 327 328 281
333 3 2 1 6 281 328 329 280
334 3 2 1 6 280 329 330 279
335 3 2 1 6 279 330 331 278
336 3 2 1 6 278 331 332 277
337 3 2 1 6 277 332 333 276
338 3 2 1 6 276 333 334 275
339 3 2 1 6 275 334 274 4
340 3 2 1 6 5 6 335 305
341 3 2 1 6 305 335 336 306
342 3 2 1 6 306 336 337 307
343 3 2 1 6 307 337 338 308
344 3 2 1 6 308 338 339 309
345 3 2 1 6 309 339 340 310
346 3 2 1 6 310 340 341 311
347 3 2 1 6 311 341 342 312
348 3 2 1 6 312 342 343 313
349 3 2 1 6 313 343 344 314
350 3 2 1 6 314 344 345 315
351 3 2 1 6 315 345 346 316
352 3 2 1 6 316 346 347 317
353 3 2 1 6 317 347 348 318
354 3 2 1 6 318 348 349 319
355 3 2 1 6 319 349 350 320
356 3 2 1 6 320 350 351 321
357 3 2 1 6 321 351 352 322
358 3 2 1 6 322 352 353 323
359 3 2 1 6 323 353 354 324
360 3 2 1 6 324 354 355 325
361 3 2 1 6 325 355 356 326
362 3 2 1 6 326 356 357 327
363 3 2 1 6 327 357 358 328
364 3 2 1 6 328 358 359 329
365 3 2 1 6 329 359 360 330
366 3 2 1 6 330 360 361 331
367 3 2 1 6 331 361 362 332
368 3 2 1 6 332 362 363 333
369 3 2 1 6 333 363 364 334
370 3 2 1 6 334 364 273 274
371 3 2 1 6 6 7 365 335
372 3 2 1 6 335 365 366 336
373 3 2 1 6 336 366 367 337
374 3 2 1 6 337 367 368 338
375 3 2 1 6 338 368 369 339
376 3 2 1 6 339 369 370 340
377 3 2 1 6 340 370 371 341
378 3 2 1 6 341 371 372 342
379 3 2 1 6 342 372 373 343
380 3 2 1 6 343 373 374 344
381 3 2 1 6 344 374 375 345
382 3 2 1 6 345 375 376 346
383 3 2 1 6 346 376 377 347
384 3 2 1 6 347 377 378 348
385 3 2 1 6 348 378 379 349
386 3 2 1 6 349 379 380 350
387 3 2 1 6 350 380 381 351
388 3 2 1 6 351 381 382 352
389 3 2 1 6 352 382 383 353
390 3 2 1 6 353 383 384 354
391 3 2 1 6 354 384 385 355
392 3 2 1 6 355 385 386 356
393 3 2 1 6 356 386 387 357
394 3 2 1 6 357 387 388 358
395 3 2 1 6 358 388 389 359
396 3 2 1 6 359 389 390 360
397 3 2 1 6 360 390 391 361
398 3 2 1 6 361 391 392 362
399 3 2 1 6 362 392 393 363
400 3 2 1 6 363 393 394 364
401 3 2 1 6 364 394 272 273
402 3 2 1 6 7 8 395 365
403 3 2 1 6 365 395 396 366
404 3 2 1 6 366 396 397 367
405 3 2 1 6 367 397 398 368
406 3 2 1 6 368 398 399 369
407 3 2 1 6 369 399 400 370
408 3 2 1 6 370 400 401 371
409 3 2 1 6 371 401 402 372
410 3 2 1 6 372 402 403 373
411 3 2 1 6 373 403 404 374
412 3 2 1 6 374 404 405 375
413 3 2 1 6 375 405 406 376
414 3 2 1 6 376 406 407 377
415 3 2 1 6 377 407 408 378
416 3 2 1 6 378 408 409 379
417 3 2 1 6 379 409 410 380
418 3 2 1 6 380 410 411 381
419 3 2 1 6 381 411 412 382
420 3 2 1 6 382 412 413 383
421 3 2 1 6 383 413 414 384
422 3 2 1 6 384 414 415 385
423 3 2 1 6 385 415 416 386
424 3 2 1 6 386 416 417 387
425 3 2 1 6 387 417 418 388
426 3 2 1 6 388 418 419 389
427 3 2 1 6 389 419 420 390
428 3 2 1 6 390 420 421 391
429 3 2 1 6 391 421 422 392
430 3 2 1 6 392 422 423 393
431 3 2 1 6 393 423 424 394
432 3 2 1 6 394 424 271 272
433 3 2 1 6 8 9 425 395
434 3 2 1 6 395 425 426 396
435 3 2 1 6 396 426 427 397
436 3 2 1 6 397 427 428 398
437 3 2 1 6 398 428 429 399
438 3 2 1 6 399 429 430 400
439 3 2 1 6 400 430 431 401
440 3 2 1 6 401 431 432 402
441 3 2 1 6 402 432 433 403
442 3 2 1 6 403 433 434 404
443 3 2 1 6 404 434 435 405
444 3 2 1 6 405 435 436 406
445 3 2 1 6 406 436 437 407
446 3 2 1 6 407 437 438 408
447 3 2 1 6 408 438 439 409
448 3 2 1 6 409 439 440 410
449 3 2 1 6 410 440 441 411
450 3 2 1 6 411 441 442 412
451 3 2 1 6 412 442 443 413
452 3 2 1 6 413 443 444 414
453 3 2 1 6 414 444 445 415
454 3 2 1 6 415 445 446 416
455 3 2 1 6 416 446 447 417
456 3 2 1 6 417 447 448 418
457 3 2 1 6 418 448 449 419
458 3 2 1 6 419 449 450 420
459 3 2 1 6 420 450 451 421
460 3 2 1 6 421 451 452 422
461 3 2 1 6 422 452 453 423
462 3 2 1 6 423 453 454 424
463 3 2 1 6 424 454 270 271
464 3 2 1 6 9 10 455 425
465 3 2 1 6 425 455 456 426
466 3 2 1 6 426 456 457 427
467 3 2 1 6 427 457 458 428
468 3 2 1 6 428 458 459 429
469 3 2 1 6 429 459 460 430
470 3 2 1 6 430 460 461 431
471 3 2 1 6 431 461 462 432
472 3 2 1 6 432 462 463 433
473 3 2 1 6 433 463 464 434
474 3 2 1 6 434 464 465 435
475 3 2 1 6 435 465 466 436
476 3 2 1 6 436 466 467 437
477 3 2 1 6 437 467 468 438
478 3 2 1 6 438 468 469 439
479 3 2 1 6 439 469 470 440
480 3 2 1 6 440 470 471 441
481 3 2 1 6 441 471 472 442
482 3 2 1 6 442 472 473 443
483 3 2 1 6 443 473 474 444
484 3 2 1 6 444 474 475 445
485 3 2 1 6 445 475 476 446
486 3 2 1 6 446 476 477 447
487 3 2 1 6 447 477 478 448
488 3 2 1 6 448 478 479 449
489 3 2 1 6 449 479 480 450
490 3 2 1 6 450 480 481 451
491 3 2 1 6 451 481 482 452
492 3 2 1 6 452 482 483 453
493 3 2 1 6 453 483 484 454
494 3 2 1 6 454 484 269 270
495 3 2 1 6 10 11 485 455
496 3 2 1 6 455 485 486 456
497 3 2 1 6 456 486 487 457
498 3 2 1 6 457 487 488 458
499 3 2 1 6 458 488 489 459
500 3 2 1 6 459 489 490 460
501 3 2 1 6 460 490 491 461
502 3 2 1 6 461 491 492 462
503 3 2 1 6 462 492 493 463
504 3 2 1 6 463 493 494 464
505 3 2 1 6 464 494 495 465
506 3 2 1 6 465 495 496 466
507 3 2 1 6 466 496 497 467
508 3 2 1 6 467 497 498 468
509 3 2 1 6 468 498 499 469
510 3 2 1 6 469 499 500 470
511 3 2 1 6 470 500 501 471
512 3 2 1 6 471 501 502 472
513 3 2 1 6 472 502 503 473
514 3 2 1 6 473 503 504 474
515 3 2 1 6 474 504 505 475
516 3 2 1 6 475 505 506 476
517 3 2 1 6 476 506 507 477
518 3 2 1 6 477 507 508 478
519 3 2 1 6 478 508 509 479
520 3 2 1 6 479 509 510 480
521 3 2 1 6 480 510 511 481
522 3 2 1 6 481 511 512 482
523 3 2 1 6 482 512 513 483
524 3 2 1 6 483 513 514 484
525 3 2 1 6 484 514 268 269
526 3 2 1 6 11 12 515 485
527 3 2 1 6 485 515 516 486
528 3 2 1 6 486 516 517 487
529 3 2 1 6 487 517 518 488
530 3 2 1 6 488 518 519 489
531 3 2 1 6 489 519 520 490
532 3 2 1 6 490 520 521 491
533 3 2 1 6 491 521 522 492
534 3 2 1 6 492 522 523 493
535 3 2 1 6 493 523 524 494
536 3 2 1 6 494 524 525 495
537 3 2 1 6 495 525 526 496
538 3 2 1 6 496 526 527 497
539 3 2 1 6 497 527 528 498
540 3 2 1 6 498 528 529 499
541 3 2 1 6 499 529 530 500
542 3 2 1 6 500 530 531 501
543 3 2 1 6 501 531 532 502
544 3 2 1 6 502 532 533 503
545 3 2 1 6 503 533 534 504
546 3 2 1 6 504 534 535 505
547 3 2 1 6 505 535 536 506
548 3 2 1 6 506 536 537 507
549 3 2 1 6 507 537 538 508
550 3 2 1 6 508 538 539 509
551 3 2 1 6 509 539 540 510
552 3 2 1 6 510 540 541 511
553 3 2 1 6 511 541 542 512
554 3 2 1 6 512 542 543 513
555 3 2 1 6 513 543 544 514
556 3 2 1 6 514 544 267 268
557 3 2 1 6 12 13 545 515
558 3 2 1 6 515 545 546 516
559 3 2 1 6 516 546 547 517
560 3 2 1 6 517 547 548 518
561 3 2 1 6 518 548 549 519
562 3 2 1 6 519 549 550 520
563 3 2 1 6 520 550 551 521
564 3 2 1 6 521 551 552 522
565 3 2 1 6 522 552 553 523
566 3 2 1 6 523 553 554 524
567 3 2 1 6 524 554 555 525
568 3 2 1 6 525 555 556 526
569 3 2 1 6 526 556 557 527
570 3 2 1 6 527 557 558 528
571 3 2 1 6 528 558 559 529
572 3 2 1 6 529 559 560 530
573 3 2 1 6 530 560 561 531
574 3 2 1 6 531 561 562 532
575 3 2 1 6 532 562 563 533
576 3 2 1 6 533 563 564 534
577 3 2 1 6 534 564 565 535
578 3 2 1 6 535 565 566 536
579 3 2 1 6 536 566 567 537
580 3 2 1 6 537 567 568 538
581 3 2 1 6 538 568 569 539
582 3 2 1 6 539 569 570 540
583 3 2 1 6 540 570 571 541
584 3 2 1 6 541 571 572 542
585 3 2 1 6 542 572 573 543
586 3 2 1 6 543 573 574 544
587 3 2 1 6 544 574 266 267
588 3 2 1 6 13 14 575 545
589 3 2 1 6 545 575 576 546
590 3 2 1 6 546 576 577 547
591 3 2 1 6 547 577 578 548
592 3 2 1 6 548 578 579 549
593 3 2 1 6 549 579 580 550
594 3 2 1 6 550 580 581 551
595 3 2 1 6 551 581 582 552
596 3 2 1 6 552 582 583 553
597 3 2 1 6 553 583 584 554
598 3 2 1 6 554 584 585 555
599 3 2 1 6 555 585 586 556
600 3 2 1 6 556 586 587 557
601 3 2 1 6 557 587 588 558
602 3 2 1 6 558 588 589 559
603 3 2 1 6 559 589 590 560
604 3 2 1 6 560 590 591 561
605 3 2 1 6 561 591 592 562
606 3 2 1 6 562 592 593 563
607 3 2 1 6 563 593 594 564
608 3 2 1 6 564 594 595 565
609 3 2 1 6 565 595 596 566
610 3 2 1 6 566 596 597 567
611 3 2 1 6 567 597 598 568
612 3 2 1 6 568 598 599 569
613 3 2 1 6 569 599 600 570
614 3 2 1 6 570 600 601 571
615 3 2 1 6 571 601 602 572
616 3 2 1 6 572 602 603 573
617 3 2 1 6 573 603 604 574
618 3 2 1 6 574 604 265 266
619 3 2 1 6 14 15 605 575
620 3 2 1 6 575 605 606 576
621 3 2 1 6 576 606 607 577
622 3 2 1 6 577 607 608 578
623 3 2 1 6 578 608 609 579
624 3 2 1 6 579 609 610 580
625 3 2 1 6 580 610 611 581
626 3 2 1 6 581 611 612 582
627 3 2 1 6 582 612 613 583
628 3 2 1 6 583 613 614 584
629 3 2 1 6 584 614 615 585
630 3 2 1 6 585 615 616 586
631 3 2 1 6 586 616 617 587
632 3 2 1 6 587 617 618 588
633 3 2 1 6 588 618 619 589
634 3 2 1 6 589 619 620 590
635 3 2 1 6 590 620 621 591
636 3 2 1 6 591 621 622 592
637 3 2 1 6 592 622 623 593
638 3 2 1 6 593 623 624 594
639 3 2 1 6 594 624 625 595
640 3 2 1 6 595 625 626 596
641 3 2 1 6 596 626 627 597
642 3 2 1 6 597 627 628 598
643 3 2 1 6 598 628 629 599
644 3 2 1 6 599 629 630 600
645 3 2 1 6 600 630 631 601
646 3 2 1 6 601 631 632 602
647 3 2 1 6 602 632 633 603
648 3 2 1 6 603 633 634 604
649 3 2 1 6 604 634 264 265
650 3 2 1 6 15 16 635 605
651 3 2 1 6 605 635 636 606
652 3 2 1 6 606 636 637 607
653 3 2 1 6 607 637 638 608
654 3 2 1 6 608 638 639 609
655 3 2 1 6 609 639 640 610
656 3 2 1 6 610 640 641 611
657 3 2 1 6 611 641 642 612
658 3 2 1 6 612 642 643 613
659 3 2 1 6 613 643 644 614
660 3 2 1 6 614 644 645 615
661 3 2 1 6 615 645 646 616
662 3 2 1 6 616 646 647 617
663 3 2 1 6 617 647 648 618
664 3 2 1 6 618 648 649 619
665 3 2 1 6 619 649 650 620
666 3 2 1 6 620 650 651 621
667 3 2 1 6 621 651 652 622
668 3 2 1 6 622 652 653 623
669 3 2 1 6 623 653 654 624
670 3 2 1 6 624 654 655 625
671 3 2 1 6 625 655 656 626
672 3 2 1 6 626 656 657 627
673 3 2 1 6 627 657 658 628
674 3 2 1 6 628 658 659 629
675 3 2 1 6 629 659 660 630
676 3 2 1 6 630 660 661 631
677 3 2 1 6 631 661 662 632
678 3 2 1 6 632 662 663 633
679 3 2 1 6 633 663 664 634
680 3 2 1 6 634 664 263 264
681 3 2 1 6 16 17 665 635
682 3 2 1 6 635 665 666 636
683 3 2 1 6 636 666 667 637
684 3 2 1 6 637 667 668 638
685 3 2 1 6 638 668 669 639
686 3 2 1 6 639 669 670 640
687 3 2 1 6 640 670 671 641
688 3 2 1 6 641 671 672 642
689 3 2 1 6 642 672 673 643
690 3 2 1 6 643 673 674 644
691 3 2 1 6 644 674 675 645
692 3 2 1 6 645 675 676 646
693 3 2 1 6 646 676 677 647
694 3 2 1 6 647 677 678 648
695 3 2 1 6 648 678 679 649
696 3 2 1 6 649 679 680 650
697 3 2 1 6 650 680 681 651
698 3 2 1 6 651 681 682 652
699 3 2 1 6 652 682 683 653
700 3 2 1 6 653 683 684 654
701 3 2 1 6 654 684 685 655
702 3 2 1 6 655 685 686 656
703 3 2 1 6 656 686 687 657
704 3 2 1 6 657 687 688 658
705 3 2 1 6 658 688 689 659
706 3 2 1 6 659 689 690 660
707 3 2 1 6 660 690 691 661
708 3 2 1 6 661 691 692 662
709 3 2 1 6 662 692 693 663
710 3 2 1 6 663 693 694 664
711 3 2 1 6 664 694 262 263
712 3 2 1 6 17 18 695 665
713 3 2 1 6 665 695 696 666
714 3 2 1 6 666 696 697 667
715 3 2 1 6 667 697 698 668
716 3 2 1 6 668 698 699 669
717 3 2 1 6 669 699 700 670
718 3 2 1 6 670 700 701 671
719 3 2 1 6 671 701 702 672
720 3 2 1 6 672 702 703 673
721 3 2 1 6 673 703 704 674
722 3 2 1 6 674 704 705 675
723 3 2 1 6 675 705 706 676
724 3 2 1 6 676 706 707 677
725 3 2 1 6 677 707 708 678
726 3 2 1 6 678 708 709 679
727 3 2 1 6 679 709 710 680
728 3 2 1 6 680 710 711 681
729 3 2 1 6 681 711 712 682
730 3 2 1 6 682 712 713 683
731 3 2 1 6 683 713 714 684
732 3 2 1 6 684 714 715 685
733 3 2 1 6 685 715 716 686
734 3 2 1 6 686 716 717 687
735 3 2 1 6 687 717 718 688
736 3 2 1 6 688 718 719 689
737 3 2 1 6 689 719 720 690
738 3 2 1 6 690 720 721 691
739 3 2 1 6 691 721 722 692
740 3 2 1 6 692 722 723 693
741 3 2 1 6 693 723 724 694
742 3 2 1 6 694 724 261 262
743 3 2 1 6 18 19 725 695
744 3 2 1 6 695 725 726 696
745 3 2 1 6 696 726 727 697
746 3 2 1 6 697 727 728 698
747 3 2 1 6 698 728 729 699
748 3 2 1 6 699 729 730 700
749 3 2 1 6 700 730 731 701
750 3 2 1 6 701 731 732 702
751 3 2 1 6 702 732 733 703
752 3 2 1 6 703 733 734 704
753 3 2 1 6 704 734 735 705
754 3 2 1 6 705 735 736 706
755 3 2 1 6 706 736 737 707
756 3 2 1 6 707 737 738 708
757 3 2 1 6 708 738 739 709
758 3 2 1 6 709 739 740 710
759 3 2 1 6 710 740 741 711
760 3 2 1 6 711 741 742 712
761 3 2 1 6 712 742 743 713
762 3 2 1 6 713 743 744 714
763 3 2 1 6 714 744 745 715
764 3 2 1 6 715 745 746 716
765 3 2 1 6 716 746 747 717
766 3 2 1 6 717 747 748 718
767 3 2 1 6 718 748 749 719
768 3 2 1 6 719 749 750 720
769 3 2 1 6 720 750 751 721
770 3 2 1 6 721 751 752 722
771 3 2 1 6 722 752 753 723
772 3 2 1 6 723 753 754 724
773 3 2 1 6 724 754 260 261
774 3 2 1 6 19 20 755 725
775 3 2 1 6 725 755 756 726
776 3 2 1 6 726 756 757 727
777 3 2 1 6 727 757 758 728
778 3 2 1 6 728 758 759 729
779 3 2 1 6 729 759 760 730
780 3 2 1 6 730 760 761 731
781 3 2 1 6 731 761 762 732
782 3 2 1 6 732 762 763 733
783 3 2 1 6 733 763 764 734
784 3 2 1 6 734 764 765 735
785 3 2 1 6 735 765 766 736
786 3 2 1 6 736 766 767 737
787 3 2 1 6 737 767 768 738
788 3 2 1 6 738 768 769 739
789 3 2 1 6 739 769 770 740
790 3 2 1 6 740 770 771 741
791 3 2 1 6 741 771 772 742
792 3 2 1 6 742 772 773 743
793 3 2 1 6 743 773 774 744
794 3 2 1 6 744 774 775 745
795 3 2 1 6 745 775 776 746
796 3 2 1 6 746 776 777 747
797 3 2 1 6 747 777 778 748
798 3 2 1 6 748 778 779 749
799 3 2 1 6 749 779 780 750
800 3 2 1 6 750 780 781 751
801 3 2 1 6 751 781 782 752
802 3 2 1 6 752 782 783 753
803 3 2 1 6 753 783 784 754
804 3 2 1 6 754 784 259 260
805 3 2 1 6 20 21 785 755
806 3 2 1 6 755 785 786 756
807 3 2 1 6 756 786 787 757
808 3 2 1 6 757 787 788 758
809 3 2 1 6 758 788 789 759
810 3 2 1 6 759 789 790 760
811 3 2 1 6 760 790 791 761
812 3 2 1 6 761 791 792 762
813 3 2 1 6 762 792 793 763
814 3 2 1 6 763 793 794 764
815 3 2 1 6 764 794 795 765
816 3 2 1 6 765 795 796 766
817 3 2 1 6 766 796 797 767
818 3 2 1 6 767 797 798 768
819 3 2 1 6 768 798 799 769
820 3 2 1 6 769 799 800 770
821 3 2 1 6 770 800 801 771
822 3 2 1 6 771 801 802 772
823 3 2 1 6 772 802 803 773
824 3 2 1 6 773 803 804 774
825 3 2 1 6 774 804 805 775
826 3 2 1 6 775 805 806 776
827 3 2 1 6 776 806 807 777
828 3 2 1 6 777 807 808 778
829 3 2 1 6 778 808 809 779
830 3 2 1 6 779 809 810 780
831 3 2 1 6 780 810 811 781
832 3 2 1 6 781 811 812 782
833 3 2 1 6 782 812 813 783
834 3 2 1 6 783 813 814 784
835 3 2 1 6 784 814 258 259
836 3 2 1 6 21 22 815 785
837 3 2 1 6 785 815 816 786
838 3 2 1 6 786 816 817 787
839 3 2 1 6 787 817 818 788
840 3 2 1 6 788 818 819 789
841 3 2 1 6 789 819 820 790
842 3 2 1 6 790 820 821 791
843 3 2 1 6 791 821 822 792
844 3 2 1 6 792 822 823 793
845 3 2 1 6 793 823 824 794
846 3 2 1 6 794 824 825 795
847 3 2 1 6 795 825 826 796
848 3 2 1 6 796 826 827 797
849 3 2 1 6 797 827 828 798
850 3 2 1 6 798 828 829 799
851 3 2 1 6 799 829 830 800
852 3 2 1 6 800 830 831 801
853 3 2 1 6 801 831 832 802
854 3 2 1 6 802 832 833 803
855 3 2 1 6 803 833 834 804
856 3 2 1 6 804 834 835 805
857 3 2 1 6 805 835 836 806
858 3 2 1 6 806 836 837 807
859 3 2 1 6 807 837 838 808
860 3 2 1 6 808 838 839 809
861 3 2 1 6 809 839 840 810
862 3 2 1 6 810 840 841 811
863 3 2 1 6 811 841 842 812
864 3 2 1 6 812 842 843 813
865 3 2 1 6 813 843 844 814
866 3 2 1 6 814 844 257 258
867 3 2 1 6 22 23 845 815
868 3 2 1 6 815 845 846 816
869 3 2 1 6 816 846 847 817
870 3 2 1 6 817 847 848 818
871 3 2 1 6 818 848 849 819
872 3 2 1 6 819 849 850 820
873 3 2 1 6 820 850 851 821
874 3 2 1 6 821 851 852 822
875 3 2 1 6 822 852 853 823
876 3 2 1 6 823 853 854 824
877 3 2 1 6 824 854 855 825
878 3 2 1 6 825 855 856 826
879 3 2 1 6 826 856 857 827
880 3 2 1 6 827 857 858 828
881 3 2 1 6 828 858 859 829
882 3 2 1 6 829 859 860 830
883 3 2 1 6 830 860 861 831
884 3 2 1 6 831 861 862 832
885 3 2 1 6 832 862 863 833
886 3 2 1 6 833 863 864 834
887 3 2 1 6 834 864 865 835
888 3 2 1 6 835 865 866 836
889 3 2 1 6 836 866 867 837
890 3 2 1 6 837 867 868 838
891 3 2 1 6 838 868 869 839
892 3 2 1 6 839 869 870 840
893 3 2 1 6 840 870 871 841
894 3 2 1 6 841 871 872 842
895 3 2 1 6 842 872 873 843
896 3 2 1 6 843 873 874 844
897 3 2 1 6 844 874 256 257
898 3 2 1 6 23 24 875 845
899 3 2 1 6 845 875 876 846
900 3 2 1 6 846 876 877 847
901 3 2 1 6 847 877 878 848
902 3 2 1 6 848 878 879 849
903 3 2 1 6 849 879 880 850
904 3 2 1 6 850 880 881 851
905 3 2 1 6 851 881 882 852
906 3 2 1 6 852 882 883 853
907 3 2 1 6 853 883 884 854
908 3 2 1 6 854 884 885 855
909 3 2 1 6 855 885 886 856
910 3 2 1 6 856 886 887 857
911 3 2 1 6 857 887 888 858
912 3 2 1 6 858 888 889 859
913 3 2 1 6 859 889 890 860
914 3 2 1 6 860 890 891 861
915 3 2 1 6 861 891 892 862
916 3 2 1 6 862 892 893 863
917 3 2 1 6 863 893 894 864
918 3 2 1 6 864 894 895 865
919 3 2 1 6 865 895 896 866
920 3 2 1 6 866 896 897 867
921 3 2 1 6 867 897 898 868
922 3 2 1 6 868 898 899 869
923 3 2 1 6 869 899 900 870
924 3 2 1 6 870 900 901 871
925 3 2 1 6 871 901 902 872
926 3 2 1 6 872 902 903 873
927 3 2 1 6 873 903 904 874
928 3 2 1 6 874 904 255 256
929 3 2 1 6 24 25 905 875
930 3 2 1 6 875 905 906 876
931 3 2 1 6 876 906 907 877
932 3 2 1 6 877 907 908 878
933 3 2 1 6 878 908 909 879
934 3 2 1 6 879 909 910 880
935 3 2 1 6 880 910 911 881
936 3 2 1 6 881 911 912 882
937 3 2 1 6 882 912 913 883
938 3 2 1 6 883 913 914 884
939 3 2 1 6 884 914 915 885
940 3 2 1 6 885 915 916 886
941 3 2 1 6 886 916 917 887
942 3 2 1 6 887 917 918 888
943 3 2 1 6 888 918 919 889
944 3 2 1 6 889 919 920 890
945 3 2 1 6 890 920 921 891
946 3 2 1 6 891 921 922 892
947 3 2 1 6 892 922 923 893
948 3 2 1 6 893 923 924 894
949 3 2 1 6 894 924 925 895
950 3 2 1 6 895 925 926 896
951 3 2 1 6 896 926 927 897
952 3 2 1 6 897 927 928 898
953 3 2 1 6 898 928 929 899
954 3 2 1 6 899 929 930 900
955 3 2 1 6 900 930 931 901
956 3 2 1 6 901 931 932 902
957 3 2 1 6 902 932 933 903
958 3 2 1 6 903 933 934 904
959 3 2 1 6 904 934 254 255
960 3 2 1 6 25 26 935 905
961 3 2 1 6 905 935 936 906
962 3 2 1 6 906 936 937 907
963 3 2 1 6 907 937 938 908
964 3 2 1 6 908 938 939 909
965 3 2 1 6 909 939 940 910
966 3 2 1 6 910 940 941 911
967 3 2 1 6 911 941 942 912
968 3 2 1 6 912 942 943 913
969 3 2 1 6 913 943 944 914
970 3 2 1 6 914 944 945 915
971 3 2 1 6 915 945 946 916
972 3 2 1 6 916 946 947 917
973 3 2 1 6 917 947 948 918
974 3 2 1 6 918 948 949 919
975 3 2 1 6 919 949 950 920
976 3 2 1 6 920 950 951 921
977 3 2 1 6 921 951 952 922
978 3 2 1 6 922 952 953 923
979 3 2 1 6 923 953 954 924
980 3 2 1 6 924 954 955 925
981 3 2 1 6 925 955 956 926
982 3 2 1 6 926 956 957 927
983 3 2 1 6 927 957 958 928
984 3 2 1 6 928 958 959 929
985 3 2 1 6 929 959 960 930
986 3 2 1 6 930 960 961 931
987 3 2 1 6 931 961 962 932
988 3 2 1 6 932 962 963 933
989 3 2 1 6 933 963 964 934
990 3 2 1 6 934 964 253 254
991 3 2 1 6 26 27 965 935
992 3 2 1 6 935 965 966 936
993 3 2 1 6 936 966 967 937
994 3 2 1 6 937 967 968 938
995 3 2 1 6 938 968 969 939
996 3 2 1 6 939 969 970 940
997 3 2 1 6 940 970 971 941
998 3 2 1 6 941 971 972 942
999 3 2 1 6 942 972 973 943
1000 3 2 1 6 943 973 974 944
1001 3 2 1 6 944 974 975 945
1002 3 2 1 6 945 975 976 946
1003 3 2 1 6 946 976 977 947
1004 3 2 1 6 947 977 978 948
1005 3 2 1 6 948 978 979 949
1006 3 2 1 6 949 979 980 950
1007 3 2 1 6 950 980 981 951
1008 3 2 1 6 951 981 982 952
1009 3 2 1 6 952 982 983 953
1010 3 2 1 6 953 983 984 954
1011 3 2 1 6 954 984 985 955
1012 3 2 1 6 955 985 986 956
1013 3 2 1 6 956 986 987 957
1014 3 2 1 6 957 987 988 958
1015 3 2 1 6 958 988 989 959
1016 3 2 1 6 959 989 990 960
1017 3 2 1 6 960 990 991 961
1018 3 2 1 6 961 991 992 962
1019 3 2 1 6 962 992 993 963
1020 3 2 1 6 963 993 994 964
1021 3 2 1 6 964 994 252 253
1022 3 2 1 6 27 28 995 965
1023 3 2 1 6 965 995 996 966
1024 3 2 1 6 966 996 997 967
1025 3 2 1 6 967 997 998 968
1026 3 2 1 6 968 998 999 969
1027 3 2 1 6 969 999 1000 970
1028 3 2 1 6 970 1000 1001 971
1029 3 2 1 6 971 1001 1002 972
1030 3 2 1 6 972 1002 1003 973
1031 3 2 1 6 973 1003 1004 974
1032 3 2 1 6 974 1004 1005 975
1033 3 2 1 6 975 1005 1006 976
1034 3 2 1 6 976 1006 1007 977
1035 3 2 1 6 977 1007 1008 978
1036 3 2 1 6 978 1008 1009 979
1037 3 2 1 6 979 1009 1010 980
1038 3 2 1 6 980 1010 1011 981
1039 3 2 1 6 981 1011 1012 982
1040 3 2 1 6 982 1012 1013 983
1041 3 2 1 6 983 1013 1014 984
1042 3 2 1 6 984 1014 1015 985
1043 3 2 1 6 985 1015 1016 986
1044 3 2 1 6 986 1016 1017 987
1045 3 2 1 6 987 1017 1018 988
1046 3 2 1 6 988 1018 1019 989
1047 3 2 1 6 989 1019 1020 990
1048 3 2 1 6 990 1020 1021 991
1049 3 2 1 6 991 1021 1022 992
1050 3 2 1 6 992 1022 1023 993
1051 3 2 1 6 993 1023 1024 994
1052 3 2 1 6 994 1024 251 252
1053 3 2 1 6 28 29 1025 995
1054 3 2 1 6 995 1025 1026 996
1055 3 2 1 6 996 1026 1027 997
1056 3 2 1 6 997 1027 1028 998
1057 3 2 1 6 998 1028 1029 999
1058 3 2 1 6 999 1029 1030 1000
1059 3 2 1 6 1000 1030 1031 1001
1060 3 2 1 6 1001 1031 1032 1002
1061 3 2 1 6 1002 1032 1033 1003
1062 3 2 1 6 1003 1033 1034 1004
1063 3 2 1 6 1004 1034 1035 1005
1064 3 2 1 6 1005 1035 1036 1006
1065 3 2 1 6 1006 1036 1037 1007
1066 3 2 1 6 1007 1037 1038 1008
1067 3 2 1 6 1008 1038 1039 1009
1068 3 2 1 6 1009 1039 1040 1010
1069 3 2 1 6 1010 1040 1041 1011
1070 3 2 1 6 1011 1041 1042 1012
1071 3 2 1 6 1012 1042 1043 1013
1072 3 2 1 6 1013 1043 1044 1014
1073 3 2 1 6 1014 1044 1045 1015
1074 3 2 1 6 1015 1045 1046 1016
1075 3 2 1 6 1016 1046 1047 1017
1076 3 2 1 6 1017 1047 1048 1018
1077 3 2 1 6 1018 1048 1049 1019
1078 3 2 1 6 1019 1049 1050 1020
1079 3 2 1 6 1020 1050 1051 1021
1080 3 2 1 6 1021 1051 1052 1022
1081 3 2 1 6 1022 1052 1053 1023
1082 3 2 1 6 1023 1053 1054 1024
1083 3 2 1 6 1024 1054 250 251
1084 3 2 1 6 29 30 1055 1025
1085 3 2 1 6 1025 1055 1056 1026
1086 3 2 1 6 1026 1056 1057 1027
1087 3 2 1 6 1027 1057 1058 1028
1088 3 2 1 6 1028 1058 1059 1029
1089 3 2 1 6 1029 1059 1060 1030
1090 3 2 1 6 1030 1060 1061 1031
1091 3 2 1 6 1031 1061 1062 1032
1092 3 2 1 6 1032 1062 1063 1033
1093 3 2 1 6 1033 1063 1064 1034
1094 3 2 1 6 1034 1064 1065 1035
1095 3 2 1 6 1035 1065 1066 1036
1096 3 2 1 6 1036 1066 1067 1037
1097 3 2 1 6 1037 1067 1068 1038
1098 3 2 1 6 1038 1068 1069 1039
1099 3 2 1 6 1039 1069 1070 1040
1100 3 2 1 6 1040 1070 1071 1041
1101 3 2 1 6 1041 1071 1072 1042
1102 3 2 1 6 1042 1072 1073 1043
1103 3 2 1 6 1043 1073 1074 1044
1104 3 2 1 6 1044 1074 1075 1045
1105 3 2 1 6 1045 1075 1076 1046
1106 3 2 1 6 1046 1076 1077 1047
1107 3 2 1 6 1047 1077 1078 1048
1108 3 2 1 6 1048 1078 1079 1049
1109 3 2 1 6 1049 1079 1080 1050
1110 3 2 1 6 1050 1080 1081 1051
1111 3 2 1 6 1051 1081 1082 1052
1112 3 2 1 6 1052 1082 1083 1053
1113 3 2 1 6 1053 1083 1084 1054
1114 3 2 1 6 1054 1084 249 250
1115 3 2 1 6 30 31 1085 1055
1116 3 2 1 6 1055 1085 1086 1056
1117 3 2 1 6 1056 1086 1087 1057
1118 3 2 1 6 1057 1087 1088 1058
1119 3 2 1 6 1058 1088 1089 1059
1120 3 2 1 6 1059 1089 1090 1060
1121 3 2 1 6 1060 1090 1091 1061
1122 3 2 1 6 1061 1091 1092 1062
1123 3 2 1 6 1062 1092 1093 1063
1124 3 2 1 6 1063 1093 1094 1064
1125 3 2 1 6 1064 1094 1095 1065
1126 3 2 1 6 1065 1095 1096 1066
1127 3 2 1 6 1066 1096 1097 1067
1128 3 2 1 6 1067 1097 1098 1068
1129 3 2 1 6 1068 1098 1099 1069
1130 3 2 1 6 1069 1099 1100 1070
1131 3 2 1 6 1070 1100 1101 1071
1132 3 2 1 6 1071 1101 1102 1072
1133 3 2 1 6 1072 1102 1103 1073
1134 3 2 1 6 1073 1103 1104 1074
1135 3 2 1 6 1074 1104 1105 1075
1136 3 2 1 6 1075 1105 1106 1076
1137 3 2 1 6 1076 1106 1107 1077
1138 3 2 1 6 1077 1107 1108 1078
1139 3 2 1 6 1078 1108 1109 1079
1140 3 2 1 6 1079 1109 1110 1080
1141 3 2 1 6 1080 1110 1111 1081
1142 3 2 1 6 1081 1111 1112 1082
1143 3 2 1 6 1082 1112 1113 1083
1144 3 2 1 6 1083 1113 1114 1084
1145 3 2 1 6 1084 1114 248 249
1146 3 2 1 6 31 32 1115 1085
1147 3 2 1 6 1085 1115 1116 1086
1148 3 2 1 6 1086 1116 1117 1087
1149 3 2 1 6 1087 1117 1118 1088
1150 3 2 1 6 1088 1118 1119 1089
1151 3 2 1 6 1089 1119 1120 1090
1152 3 2 1 6 1090 1120 1121 1091
1153 3 2 1 6 1091 1121 1122 1092
1154 3 2 1 6 1092 1122 1123 1093
1155 3 2 1 6 1093 1123 1124 1094
1156 3 2 1 6 1094 1124 1125 1095
1157 3 2 1 6 1095 1125 1126 1096
1158 3 2 1 6 1096 1126 1127 1097
1159 3 2 1 6 1097 1127 1128 1098
1160 3 2 1 6 1098 1128 1129 1099
1161 3 2 1 6 1099 1129 1130 1100
1162 3 2 1 6 1100 1130 1131 1101
1163 3 2 1 6 1101 1131 1132 1102
1164 3 2 1 6 1102 1132 1133 1103
1165 3 2 1 6 1103 1133 1134 1104
1166 3 2 1 6 1104 1134 1135 1105
1167 3 2 1 6 1105 1135 1136 1106
1168 3 2 1 6 1106 1136 1137 1107
1169 3 2 1 6 1107 1137 1138 1108
1170 3 2 1 6 1108 1138 1139 1109
1171 3 2 1 6 1109 1139 1140 1110
1172 3 2 1 6 1110 1140 1141 1111
1173 3 2 1 6 1111 1141 1142 1112
1174 3 2 1 6 1112 1142 1143 1113
1175 3 2 1 6 1113 1143 1144 1114
1176 3 2 1 6 1114 1144 247 248
1177 3 2 1 6 32 33 1145 1115
1178 3 2 1 6 1115 1145 1146 1116
1179 3 2 1 6 1116 1146 1147 1117
1180 3 2 1 6 1117 1147 1148 1118
1181 3 2 1 6 1118 1148 1149 1119
1182 3 2 1 6 1119 1149 1150 1120
1183 3 2 1 6 1120 1150 1151 1121
1184 3 2 1 6 1121 1151 1152 1122
1185 3 2 1 6 1122 1152 1153 1123
1186 3 2 1 6 1123 1153 1154 1124
1187 3 2 1 6 1124 1154 1155 1125
1188 3 2 1 6 1125 1155 1156 1126
1189 3 2 1 6 1126 1156 1157 1127
1190 3 2 1 6 1127 1157 1158 1128
1191 3 2 1 6 1128 1158 1159 1129
1192 3 2 1 6 1129 1159 1160 1130
1193 3 2 1 6 1130 1160 1161 1131
1194 3 2 1 6 1131 1161 1162 1132
1195 3 2 1 6 1132 1162 1163 1133
1196 3 2 1 6 1133 1163 1164 1134
1197 3 2 1 6 1134 1164 1165 1135
1198 3 2 1 6 1135 1165 1166 1136
1199 3 2 1 6 1136 1166 1167 1137
1200 3 2 1 6 1137 1167 1168 1138
1201 3 2 1 6 1138 1168 1169 1139
1202 3 2 1 6 1139 1169 1170 1140
1203 3 2 1 6 1140 1170 1171 1141
1204 3 2 1 6 1141 1171 1172 1142
1205 3 2 1 6 1142 1172 1173 1143
1206 3 2 1 6 1143 1173 1174 1144
1207 3 2 1 6 1144 1174 246 247
1208 3 2 1 6 33 34 1175 1145
1209 3 2 1 6 1145 1175 1176 1146
1210 3 2 1 6 1146 1176 1177 1147
1211 3 2 1 6 1147 1177 1178 1148
1212 3 2 1 6 1148 1178 1179 1149
1213 3 2 1 6 1149 1179 1180 1150
1214 3 2 1 6 1150 1180 1181 1151
1215 3 2 1 6 1151 1181 1182 1152
1216 3 2 1 6 1152 1182 1183 1153
1217 3 2 1 6 1153 1183 1184 1154
1218 3 2 1 6 1154 1184 1185 1155
1219 3 2 1 6 1155 1185 1186 1156
1220 3 2 1 6 1156 1186 1187 1157
1221 3 2 1 6 1157 1187 1188 1158
1222 3 2 1 6 1158 1188 1189 1159
1223 3 2 1 6 1159 1189 1190 1160
1224 3 2 1 6 1160 1190 1191 1161
1225 3 2 1 6 1161 1191 1192 1162
1226 3 2 1 6 1162 1192 1193 1163
1227 3 2 1 6 1163 1193 1194 1164
1228 3 2 1 6 1164 1194 1195 1165
1229 3 2 1 6 1165 1195 1196 1166
1230 3 2 1 6 1166 1196 1197 1167
1231 3 2 1 6 1167 1197 1198 1168
1232 3 2 1 6 1168 1198 1199 1169
1233 3 2 1 6 1169 1199 1200 1170
1234 3 2 1 6 1170 1200 1201 1171
1235 3 2 1 6 1171 1201 1202 1172
1236 3 2 1 6 1172 1202 1203 1173
1237 3 2 1 6 1173 1203 1204 1174
1238 3 2 1 6 1174 1204 245 246
1239 3 2 1 6 34 35 1205 1175
1240 3 2 1 6 1175 1205 1206 1176
1241 3 2 1 6 1176 1206 1207 1177
1242 3 2 1 6 1177 1207 1208 1178
1243 3 2 1 6 1178 1208 1209 1179
1244 3 2 1 6 1179 1209 1210 1180
1245 3 2 1 6 1180 1210 1211 1181
1246 3 2 1 6 1181 1211 1212 1182
1247 3 2 1 6 1182 1212 1213 1183
1248 3 2 1 6 1183 1213 1214 1184
1249 3 2 1 6 1184 1214 1215 1185
1250 3 2 1 6 1185 1215 1216 1186
1251 3 2 1 6 1186 1216 1217 1187
1252 3 2 1 6 1187 1217 1218 1188
1253 3 2 1 6 1188 1218 1219 1189
1254 3 2 1 6 1189 1219 1220 1190
1255 3 2 1 6 1190 1220 1221 1191
1256 3 2 1 6 1191 1221 1222 1192
1257 3 2 1 6 1192 1222 1223 1193
1258 3 2 1 6 1193 1223 1224 1194
1259 3 2 1 6 1194 1224 1225 1195
1260 3 2 1 6 1195 1225 1226 1196
1261 3 2 1 6 1196 1226 1227 1197
1262 3 2 1 6 1197 1227 1228 1198
1263 3 2 1 6 1198 1228 1229 1199
1264 3 2 1 6 1199 1229 1230 1200
1265 3 2 1 6 1200 1230 1231 1201
1266 3 2 1 6 1201 1231 1232 1202
1267 3 2 1 6 1202 1232 1233 1203
1268 3 2 1 6 1203 1233 1234 1204
1269 3 2 1 6 1204 1234 244 245
1270 3 2 1 6 35 36 1235 1205
1271 3 2 1 6 1205 1235 1236 1206
1272 3 2 1 6 1206 1236 1237 1207
1273 3 2 1 6 1207 1237 1238 1208
1274 3 2 1 6 1208 1238 1239 1209
1275 3 2 1 6 1209 1239 1240 1210
1276 3 2 1 6 1210 1240 1241 1211
1277 3 2 1 6 1211 1241 1242 1212
1278 3 2 1 6 1212 1242 1243 1213
1279 3 2 1 6 1213 1243 1244 1214
1280 3 2 1 6 1214 1244 1245 1215
1281 3 2 1 6 1215 1245 1246 1216
1282 3 2 1 6 1216 1246 1247 1217
1283 3 2 1 6 1217 1247 1248 1218
1284 3 2 1 6 1218 1248 1249 1219
1285 3 2 1 6 1219 1249 1250 1220
1286 3 2 1 6 1220 1250 1251 1221
1287 3 2 1 6 1221 1251 1252 1222
1288 3 2 1 6 1222 1252 1253 1223
1289 3 2 1 6 1223 1253 1254 1224
1290 3 2 1 6 1224 1254 1255 1225
1291 3 2 1 6 1225 1255 1256 1226
1292 3 2 1 6 1226 1256 1257 1227
1293 3 2 1 6 1227 1257 1258 1228
1294 3 2 1 6 1228 1258 1259 1229
1295 3 2 1 6 1229 1259 1260 1230
1296 3 2 1 6 1230 1260 1261 1231
1297 3 2 1 6 1231 1261 1262 1232
1298 3 2 1 6 1232 1262 1263 1233
1299 3 2 1 6 1233 1263 1264 1234
1300 3 2 1 6 1234 1264 243 244
1301 3 2 1 6 36 37 1265 1235
1302 3 2 1 6 1235 1265 1266 1236
1303 3 2 1 6 1236 1266 1267 1237
1304 3 2 1 6 1237 1267 1268 1238
1305 3 2 1 6 1238 1268 1269 1239
1306 3 2 1 6 1239 1269 1270 1240
1307 3 2 1 6 1240 1270 1271 1241
1308 3 2 1 6 1241 1271 1272 1242
1309 3 2 1 6 1242 1272 1273 1243
1310 3 2 1 6 1243 1273 1274 1244
1311 3 2 1 6 1244 1274 1275 1245
1312 3 2 1 6 1245 1275 1276 1246
1313 3 2 1 6 1246 1276 1277 1247
1314 3 2 1 6 1247 1277 1278 1248
1315 3 2 1 6 1248 1278 1279 1249
1316 3 2 1 6 1249 1279 1280 1250
1317 3 2 1 6 1250 1280 1281 1251
1318 3 2 1 6 1251 1281 1282 1252
1319 3 2 1 6 1252 1282 1283 1253
1320 3 2 1 6 1253 1283 1284 1254
1321 3 2 1 6 1254 1284 1285 1255
1322 3 2 1 6 1255 1285 1286 1256
1323 3 2 1 6 1256 1286 1287 1257
1324 3 2 1 6 1257 1287 1288 1258
1325 3 2 1 6 1258 1288 1289 1259
1326 3 2 1 6 1259 1289 1290 1260
1327 3 2 1 6 1260 1290 1291 1261
1328 3 2 1 6 1261 1291 1292 1262
1329 3 2 1 6 1262 1292 1293 1263
1330 3 2 1 6 1263 1293 1294 1264
1331 3 2 1 6 1264 1294 242 243
1332 3 2 1 6 37 38 1295 1265
1333 3 2 1 6 1265 1295 1296 1266
1334 3 2 1 6 1266 1296 1297 1267
1335 3 2 1 6 1267 1297 1298 1268
1336 3 2 1 6 1268 1298 1299 1269
1337 3 2 1 6 1269 1299 1300 1270
1338 3 2 1 6 1270 1300 1301 1271
1339 3 2 1 6 1271 1301 1302 1272
1340 3 2 1 6 1272 1302 1303 1273
1341 3 2 1 6 1273 1303 1304 1274
1342 3 2 1 6 1274 1304 1305 1275
1343 3 2 1 6 1275 1305 1306 1276
1344 3 2 1 6 1276 1306 1307 1277
1345 3 2 1 6 1277 1307 1308 1278
1346 3 2 1 6 1278 1308 1309 1279
1347 3 2 1 6 1279 1309 1310 1280
1348 3 2 1 6 1280 1310 1311 1281
1349 3 2 1 6 1281 1311 1312 1282
1350 3 2 1 6 1282 1312 1313 1283
1351 3 2 1 6 1283 1313 1314 1284
1352 3 2 1 6 1284 1314 1315 1285
1353 3 2 1 6 1285 1315 1316 1286
1354 3 2 1 6 1286 1316 1317 1287
1355 3 2 1 6 1287 1317 1318 1288
1356 3 2 1 6 1288 1318 1319 1289
1357 3 2 1 6 1289 1319 1320 1290
1358 3 2 1 6 1290 1320 1321 1291
1359 3 2 1 6 1291 1321 1322 1292
1360 3 2 1 6 1292 1322 1323 1293
1361 3 2 1 6 1293 1323 1324 1294
1362 3 2 1 6 1294 1324 241 242
1363 3 2 1 6 38 39 1325 1295
1364 3 2 1 6 1295 1325 1326 1296
1365 3 2 1 6 1296 1326 1327 1297
1366 3 2 1 6 1297 1327 1328 1298
1367 3 2 1 6 1298 1328 1329 1299
1368 3 2 1 6 1299 1329 1330 1300
1369 3 2 1 6 1300 1330 1331 1301
1370 3 2 1 6 1301 1331 1332 1302
1371 3 2 1 6 1302 1332 1333 1303
1372 3 2 1 6 1303 1333 1334 1304
1373 3 2 1 6 1304 1334 1335 1305
1374 3 2 1 6 1305 1335 1336 1306
1375 3 2 1 6 1306 1336 1337 1307
1376 3 2 1 6 1307 1337 1338 1308
1377 3 2 1 6 1308 1338 1339 1309
1378 3 2 1 6 1309 1339 1340 1310
1379 3 2 1 6 1310 1340 1341 1311
1380 3 2 1 6 1311 1341 1342 1312
1381 3 2 1 6 1312 1342 1343 1313
1382 3 2 1 6 1313 1343 1344 1314
1383 3 2 1 6 1314 1344 1345 1315
1384 3 2 1 6 1315 1345 1346 1316
1385 3 2 1 6 1316 1346 1347 1317
1386 3 2 1 6 1317 1347 1348 1318
1387 3 2 1 6 1318 1348 1349 1319
1388 3 2 1 6 1319 1349 1350 1320
1389 3 2 1 6 1320 1350 1351 1321
1390 3 2 1 6 1321 1351 1352 1322
1391 3 2 1 6 1322 1352 1353 1323
1392 3 2 1 6 1323 1353 1354 1324
1393 3 2 1 6 1324 1354 240 241
1394 3 2 1 6 39 40 1355 1325
1395 3 2 1 6 1325 1355 1356 1326
1396 3 2 1 6 1326 1356 1357 1327
1397 3 2 1 6 1327 1357 1358 1328
1398 3 2 1 6 1328 1358 1359 1329
1399 3 2 1 6 1329 1359 1360 1330
1400 3 2 1 6 1330 1360 1361 1331
1401 3 2 1 6 1331 1361 1362 1332
1402 3 2 1 6 1332 1362 1363 1333
1403 3 2 1 6 1333 1363 1364 1334
1404 3 2 1 6 1334 1364 1365 1335
1405 3 2 1 6 1335 1365 1366 1336
1406 3 2 1 6 1336 1366 1367 1337
1407 3 2 1 6 1337 1367 1368 1338
1408 3 2 1 6 1338 1368 1369 1339
1409 3 2 1 6 1339 1369 1370 1340
1410 3 2 1 6 1340 1370 1371 1341
1411 3 2 1 6 1341 1371 1372 1342
1412 3 2 1 6 1342 1372 1373 1343
1413 3 2 1 6 1343 1373 1374 1344
1414 3 2 1 6 1344 1374 1375 1345
1415 3 2 1 6 1345 1375 1376 1346
1416 3 2 1 6 1346 1376 1377 1347
1417 3 2 1 6 1347 1377 1378 1348
1418 3 2 1 6 1348 1378 1379 1349
1419 3 2 1 6 1349 1379 1380 1350
1420 3 2 1 6 1350 1380 1381 1351
1421 3 2 1 6 1351 1381 1382 1352
1422 3 2 1 6 1352 1382 1383 1353
1423 3 2 1 6 1353 1383 1384 1354
1424 3 2 1 6 1354 1384 239 240
1425 3 2 1 6 40 41 1385 1355
1426 3 2 1 6 1355 1385 1386 1356
1427 3 2 1 6 1356 1386 1387 1357
1428 3 2 1 6 1357 1387 1388 1358
1429 3 2 1 6 1358 1388 1389 1359
1430 3 2 1 6 1359 1389 1390 1360
1431 3 2 1 6 1360 1390 1391 1361
1432 3 2 1 6 1361 1391 1392 1362
1433 3 2 1 6 1362 1392 1393 1363
1434 3 2 1 6 1363 1393 1394 1364
1435 3 2 1 6 1364 1394 1395 1365
1436 3 2 1 6 1365 1395 1396 1366
1437 3 2 1 6 1366 1396 1397 1367
1438 3 2 1 6 1367 1397 1398 1368
1439 3 2 1 6 1368 1398 1399 1369
1440 3 2 1 6 1369 1399 1400 1370
1441 3 2 1 6 1370 1400 1401 1371
1442 3 2 1 6 1371 1401 1402 1372
1443 3 2 1 6 1372 1402 1403 1373
1444 3 2 1 6 1373 1403 1404 1374
1445 3 2 1 6 1374 1404 1405 1375
1446 3 2 1 6 1375 1405 1406 1376
1447 3 2 1 6 1376 1406 1407 1377
1448 3 2 1 6 1377 1407 1408 1378
1449 3 2 1 6 1378 1408 1409 1379
1450 3 2 1 6 1379 1409 1410 1380
1451 3 2 1 6 1380 1410 1411 1381
1452 3 2 1 6 1381 1411 1412 1382
1453 3 2 1 6 1382 1412 1413 1383
1454 3 2 1 6 1383 1413 1414 1384
1455 3 2 1 6 1384 1414 238 239
1456 3 2 1 6 41 42 1415 1385
1457 3 2 1 6 1385 1415 1416 1386
1458 3 2 1 6 1386 1416 1417 1387
1459 3 2 1 6 1387 1417 1418 1388
1460 3 2 1 6 1388 1418 1419 1389
1461 3 2 1 6 1389 1419 1420 1390
1462 3 2 1 6 1390 1420 1421 1391
1463 3 2 1 6 1391 1421 1422 1392
1464 3 2 1 6 1392 1422 1423 1393
1465 3 2 1 6 1393 1423 1424 1394
1466 3 2 1 6 1394 1424 1425 1395
1467 3 2 1 6 1395 1425 1426 1396
1468 3 2 1 6 1396 1426 1427 1397
1469 3 2 1 6 1397 1427 1428 1398
1470 3 2 1 6 1398 1428 1429 1399
1471 3 2 1 6 1399 1429 1430 1400
1472 3 2 1 6 1400 1430 1431 1401
1473 3 2 1 6 1401 1431 1432 1402
1474 3 2 1 6 1402 1432 1433 1403
1475 3 2 1 6 1403 1433 1434 1404
1476 3 2 1 6 1404 1434 1435 1405
1477 3 2 1 6 1405 1435 1436 1406
1478 3 2 1 6 1406 1436 1437 1407
1479 3 2 1 6 1407 1437 1438 1408
1480 3 2 1 6 1408 1438 1439 1409
1481 3 2 1 6 1409 1439 1440 1410
1482 3 2 1 6 1410 1440 1441 1411
1483 3 2 1 6 1411 1441 1442 1412
1484 3 2 1 6 1412 1442 1443 1413
1485 3 2 1 6 1413 1443 1444 1414
1486 3 2 1 6 1414 1444 237 238
1487 3 2 1 6 42 43 1445 1415
1488 3 2 1 6 1415 1445 1446 1416
1489 3 2 1 6 1416 1446 1447 1417
1490 3 2 1 6 1417 1447 1448 1418
1491 3 2 1 6 1418 1448 1449 1419
1492 3 2 1 6 1419 1449 1450 1420
1493 3 2 1 6 1420 1450 1451 1421
1494 3 2 1 6 1421 1451 1452 1422
1495 3 2 1 6 1422 1452 1453 1423
1496 3 2 1 6 1423 1453 1454 1424
1497 3 2 1 6 1424 1454 1455 1425
1498 3 2 1 6 1425 1455 1456 1426
1499 3 2 1 6 1426 1456 1457 1427
1500 3 2 1 6 1427 1457 1458 1428
1501 3 2 1 6 1428 1458 1459 1429
1502 3 2 1 6 1429 1459 1460 1430
1503 3 2 1 6 1430 1460 1461 1431
1504 3 2 1 6 1431 1461 1462 1432
1505 3 2 1 6 1432 1462 1463 1433
1506 3 2 1 6 1433 1463 1464 1434
1507 3 2 1 6 1434 1464 1465 1435
1508 3 2 1 6 1435 1465 1466 1436
1509 3 2 1 6 1436 1466 1467 1437
1510 3 2 1 6 1437 1467 1468 1438
1511 3 2 1 6 1438 1468 1469 1439
1512 3 2 1 6 1439 1469 1470 1440
1513 3 2 1 6 1440 1470 1471 1441
1514 3 2 1 6 1441 1471 1472 1442
1515 3 2 1 6 1442 1472 1473 1443
1516 3 2 1 6 1443 1473 1474 1444
1517 3 2 1 6 1444 1474 236 237
1518 3 2 1 6 43 44 1475 1445
1519 3 2 1 6 1445 1475 1476 1446
1520 3 2 1 6 1446 1476 1477 1447
1521 3 2 1 6 1447 1477 1478 1448
1522 3 2 1 6 1448 1478 1479 1449
1523 3 2 1 6 1449 1479 1480 1450
1524 3 2 1 6 1450 1480 1481 1451
1525 3 2 1 6 1451 1481 1482 1452
1526 3 2 1 6 1452 1482 1483 1453
1527 3 2 1 6 1453 1483 1484 1454
1528 3 2 1 6 1454 1484 1485 1455
1529 3 2 1 6 1455 1485 1486 1456
1530 3 2 1 6 1456 1486 1487 1457
1531 3 2 1 6 1457 1487 1488 1458
1532 3 2 1 6 1458 1488 1489 1459
1533 3 2 1 6 1459 1489 1490 1460
1534 3 2 1 6 1460 1490 1491 1461
1535 3 2 1 6 1461 1491 1492 1462
1536 3 2 1 6 1462 1492 1493 1463
1537 3 2 1 6 1463 1493 1494 1464
1538 3 2 1 6 1464 1494 1495 1465
1539 3 2 1 6 1465 1495 1496 1466
1540 3 2 1 6 1466 1496 1497 1467
1541 3 2 1 6 1467 1497 1498 1468
1542 3 2 1 6 1468 1498 1499 1469
1543 3 2 1 6 1469 1499 1500 1470
1544 3 2 1 6 1470 1500 1501 1471
1545 3 2 1 6 1471 1501 1502 1472
1546 3 2 1 6 1472 1502 1503 1473
1547 3 2 1 6 1473 1503 1504 1474
1548 3 2 1 6 1474 1504 235 236
1549 3 2 1 6 44 45 1505 1475
1550 3 2 1 6 1475 1505 1506 1476
1551 3 2 1 6 1476 1506 1507 1477
1552 3 2 1 6 1477 1507 1508 1478
1553 3 2 1 6 1478 1508 1509 1479
1554 3 2 1 6 1479 1509 1510 1480
1555 3 2 1 6 1480 1510 1511 1481
1556 3 2 1 6 1481 1511 1512 1482
1557 3 2 1 6 1482 1512 1513 1483
1558 3 2 1 6 1483 1513 1514 1484
1559 3 2 1 6 1484 1514 1515 1485
1560 3 2 1 6 1485 1515 1516 1486
1561 3 2 1 6 1486 1516 1517 1487
1562 3 2 1 6 1487 1517 1518 1488
1563 3 2 1 6 1488 1518 1519 1489
1564 3 2 1 6 1489 1519 1520 1490
1565 3 2 1 6 1490 1520 1521 1491
1566 3 2 1 6 1491 1521 1522 1492
1567 3 2 1 6 1492 1522 1523 1493
1568 3 2 1 6 1493 1523 1524 1494
1569 3 2 1 6 1494 1524 1525 1495
1570 3 2 1 6 1495 1525 1526 1496
1571 3 2 1 6 1496 1526 1527 1497
1572 3 2 1 6 1497 1527 1528 1498
1573 3 2 1 6 1498 1528 1529 1499
1574 3 2 1 6 1499 1529 1530 1500
1575 3 2 1 6 1500 1530 1531 1501
1576 3 2 1 6 1501 1531 1532 1502
1577 3 2 1 6 1502 1532 1533 1503
1578 3 2 1 6 1503 1533 1534 1504
1579 3 2 1 6 1504 1534 234 235
1580 3 2 1 6 45 46 1535 1505
1581 3 2 1 6 1505 1535 1536 1506
1582 3 2 1 6 1506 1536 1537 1507
1583 3 2 1 6 1507 1537 1538 1508
1584 3 2 1 6 1508 1538 1539 1509
1585 3 2 1 6 1509 1539 1540 1510
1586 3 2 1 6 1510 1540 1541 1511
1587 3 2 1 6 1511 1541 1542 1512
1588 3 2 1 6 1512 1542 1543 1513
1589 3 2 1 6 1513 1543 1544 1514
1590 3 2 1 6 1514 1544 1545 1515
1591 3 2 1 6 1515 1545 1546 1516
1592 3 2 1 6 1516 1546 1547 1517
1593 3 2 1 6 1517 1547 1548 1518
1594 3 2 1 6 1518 1548 1549 1519
1595 3 2 1 6 1519 1549 1550 1520
1596 3 2 1 6 1520 1550 1551 1521
1597 3 2 1 6 1521 1551 1552 1522
1598 3 2 1 6 1522 1552 1553 1523
1599 3 2 1 6 1523 1553 1554 1524
1600 3 2 1 6 1524 1554 1555 1525
1601 3 2 1 6 1525 1555 1556 1526
1602 3 2 1 6 1526 1556 1557 1527
1603 3 2 1 6 1527 1557 1558 1528
1604 3 2 1 6 1528 1558 1559 1529
1605 3 2 1 6 1529 1559 1560 1530
1606 3 2 1 6 1530 1560 1561 1531
1607 3 2 1 6 1531 1561 1562 1532
1608 3 2 1 6 1532 1562 1563 1533
1609 3 2 1 6 1533 1563 1564 1534
1610 3 2 1 6 1534 1564 233 234
1611 3 2 1 6 46 47 1565 1535
1612 3 2 1 6 1535 1565 1566 1536
1613 3 2 1 6 1536 1566 1567 1537
1614 3 2 1 6 1537 1567 1568 1538
1615 3 2 1 6 1538 1568 1569 1539
1616 3 2 1 6 1539 1569 1570 1540
1617 3 2 1 6 1540 1570 1571 1541
1618 3 2 1 6 1541 1571 1572 1542
1619 3 2 1 6 1542 1572 1573 1543
1620 3 2 1 6 1543 1573 1574 1544
1621 3 2 1 6 1544 1574 1575 1545
1622 3 2 1 6 1545 1575 1576 1546
1623 3 2 1 6 1546 1576 1577 1547
1624 3 2 1 6 1547 1577 1578 1548
1625 3 2 1 6 1548 1578 1579 1549
1626 3 2 1 6 1549 1579 1580 1550
1627 3 2 1 6 1550 1580 1581 1551
1628 3 2 1 6 1551 1581 1582 1552
1629 3 2 1 6 1552 1582 1583 1553
1630 3 2 1 6 1553 1583 1584 1554
1631 3 2 1 6 1554 1584 1585 1555
1632 3 2 1 6 1555 1585 1586 1556
1633 3 2 1 6 1556 1586 1587 1557
1634 3 2 1 6 1557 1587 1588 1558
1635 3 2 1 6 1558 1588 1589 1559
1636 3 2 1 6 1559 1589 1590 1560
1637 3 2 1 6 1560 1590 1591 1561
1638 3 2 1 6 1561 1591 1592 1562
1639 3 2 1 6 1562 1592 1593 1563
1640 3 2 1 6 1563 1593 1594 1564
1641 3 2 1 6 1564 1594 232 233
1642 3 2 1 6 47 48 1595 1565
1643 3 2 1 6 1565 1595 1596 1566
1644 3 2 1 6 1566 1596 1597 1567
1645 3 2 1 6 1567 1597 1598 1568
1646 3 2 1 6 1568 1598 1599 1569
1647 3 2 1 6 1569 1599 1600 1570
1648 3 2 1 6 1570 1600 1601 1571
1649 3 2 1 6 1571 1601 1602 1572
1650 3 2 1 6 1572 1602 1603 1573
1651 3 2 1 6 1573 1603 1604 1574
1652 3 2 1 6 1574 1604 1605 1575
1653 3 2 1 6 1575 1605 1606 1576
1654 3 2 1 6 1576 1606 1607 1577
1655 3 2 1 6 1577 1607 1608 1578
1656 3 2 1 6 1578 1608 1609 1579
1657 3 2 1 6 1579 1609 1610 1580
1658 3 2 1 6 1580 1610 1611 1581
1659 3 2 1 6 1581 1611 1612 1582
1660 3 2 1 6 1582 1612 1613 1583
1661 3 2 1 6 1583 1613 1614 1584
1662 3 2 1 6 1584 1614 1615 1585
1663 3 2 1 6 1585 1615 1616 1586
1664 3 2 1 6 1586 1616 1617 1587
1665 3 2 1 6 1587 1617 1618 1588
1666 3 2 1 6 1588 1618 1619 1589
1667 3 2 1 6 1589 1619 1620 1590
1668 3 2 1 6 1590 1620 1621 1591
1669 3 2 1 6 1591 1621 1622 1592
1670 3 2 1 6 1592 1622 1623 1593
1671 3 2 1 6 1593 1623 1624 1594
1672 3 2 1 6 1594 1624 231 232
1673 3 2 1 6 48 49 1625 1595
1674 3 2 1 6 1595 1625 1626 1596
1675 3 2 1 6 1596 1626 1627 1597
1676 3 2 1 6 1597 1627 1628 1598
1677 3 2 1 6 1598 1628 1629 1599
1678 3 2 1 6 1599 1629 1630 1600
1679 3 2 1 6 1600 1630 1631 1601
1680 3 2 1 6 1601 1631 1632 1602
1681 3 2 1 6 1602 1632 1633 1603
1682 3 2 1 6 1603 1633 1634 1604
1683 3 2 1 6 1604 1634 1635 1605
1684 3 2 1 6 1605 1635 1636 1606
1685 3 2 1 6 1606 1636 1637 1607
1686 3 2 1 6 1607 1637 1638 1608
1687 3 2 1 6 1608 1638 1639 1609
1688 3 2 1 6 1609 1639 1640 1610
1689 3 2 1 6 1610 1640 1641 1611
1690 3 2 1 6 1611 1641 1642 1612
1691 3 2 1 6 1612 1642 1643 1613
1692 3 2 1 6 1613 1643 1644 1614
1693 3 2 1 6 1614 1644 1645 1615
1694 3 2 1 6 1615 1645 1646 1616
1695 3 2 1 6 1616 1646 1647 1617
1696 3 2 1 6 1617 1647 1648 1618
1697 3 2 1 6 1618 1648 1649 1619
1698 3 2 1 6 1619 1649 1650 1620
1699 3 2 1 6 1620 1650 1651 1621
1700 3 2 1 6 1621 1651 1652 1622
1701 3 2 1 6 1622 1652 1653 1623
1702 3 2 1 6 1623 1653 1654 1624
1703 3 2 1 6 1624 1654 230 231
1704 3 2 1 6 49 50 1655 1625
1705 3 2 1 6 1625 1655 1656 1626
1706 3 2 1 6 1626 1656 1657 1627
1707 3 2 1 6 1627 1657 1658 1628
1708 3 2 1 6 1628 1658 1659 1629
1709 3 2 1 6 1629 1659 1660 1630
1710 3 2 1 6 1630 1660 1661 1631
1711 3 2 1 6 1631 1661 1662 1632
1712 3 2 1 6 1632 1662 1663 1633
1713 3 2 1 6 1633 1663 1664 1634
1714 3 2 1 6 1634 1664 1665 1635
1715 3 2 1 6 1635 1665 1666 1636
1716 3 2 1 6 1636 1666 1667 1637
1717 3 2 1 6 1637 1667 1668 1638
1718 3 2 1 6 1638 1668 1669 1639
1719 3 2 1 6 1639 1669 1670 1640
1720 3 2 1 6 1640 1670 1671 1641
1721 3 2 1 6 1641 1671 1672 1642
1722 3 2 1 6 1642 1672 1673 1643
1723 3 2 1 6 1643 1673 1674 1644
1724 3 2 1 6 1644 1674 1675 1645
1725 3 2 1 6 1645 1675 1676 1646
1726 3 2 1 6 1646 1676 1677 1647
1727 3 2 1 6 1647 1677 1678 1648
1728 3 2 1 6 1648 1678 1679 1649
1729 3 2 1 6 1649 1679 1680 1650
1730 3 2 1 6 1650 1680 1681 1651
1731 3 2 1 6 1651 1681 1682 1652
1732 3 2 1 6 1652 1682 1683 1653
1733 3 2 1 6 1653 1683 1684 1654
1734 3 2 1 6 1654 1684 229 230
1735 3 2 1 6 50 51 1685 1655
1736 3 2 1 6 1655 1685 1686 1656
1737 3 2 1 6 1656 1686 1687 1657
1738 3 2 1 6 1657 1687 1688 1658
1739 3 2 1 6 1658 1688 1689 1659
1740 3 2 1 6 1659 1689 1690 1660
1741 3 2 1 6 1660 1690 1691 1661
1742 3 2 1 6 1661 1691 1692 1662
1743 3 2 1 6 1662 1692 1693 1663
1744 3 2 1 6 1663 1693 1694 1664
1745 3 2 1 6 1664 1694 1695 1665
1746 3 2 1 6 1665 1695 1696 1666
1747 3 2 1 6 1666 1696 1697 1667
1748 3 2 1 6 1667 1697 1698 1668
1749 3 2 1 6 1668 1698 1699 1669
1750 3 2 1 6 1669 1699 1700 1670
1751 3 2 1 6 1670 1700 1701 1671
1752 3 2 1 6 1671 1701 1702 1672
1753 3 2 1 6 1672 1702 1703 1673
1754 3 2 1 6 1673 1703 1704 1674
1755 3 2 1 6 1674 1704 1705 1675
1756 3 2 1 6 1675 1705 1706 1676
1757 3 2 1 6 1676 1706 1707 1677
1758 3 2 1 6 1677 1707 1708 1678
1759 3 2 1 6 1678 1708 1709 1679
1760 3 2 1 6 1679 1709 1710 1680
1761 3 2 1 6 1680 1710 1711 1681
1762 3 2 1 6 1681 1711 1712 1682
1763 3 2 1 6 1682 1712 1713 1683
1764 3 2 1 6 1683 1713 1714 1684
1765 3 2 1 6 1684 1714 228 229
1766 3 2 1 6 51 52 1715 1685
1767 3 2 1 6 1685 1715 1716 1686
1768 3 2 1 6 1686 1716 1717 1687
1769 3 2 1 6 1687 1717 1718 1688
1770 3 2 1 6 1688 1718 1719 1689
1771 3 2 1 6 1689 1719 1720 1690
1772 3 2 1 6 1690 1720 1721 1691
1773 3 2 1 6 1691 1721 1722 1692
1774 3 2 1 6 1692 1722 1723 1693
1775 3 2 1 6 1693 1723 1724 1694
1776 3 2 1 6 1694 1724 1725 1695
1777 3 2 1 6 1695 1725 1726 1696
1778 3 2 1 6 1696 1726 1727 1697
1779 3 2 1 6 1697 1727 1728 1698
1780 3 2 1 6 1698 1728 1729 1699
1781 3 2 1 6 1699 1729 1730 1700
1782 3 2 1 6 1700 1730 1731 1701
1783 3 2 1 6 1701 1731 1732 1702
1784 3 2 1 6 1702 1732 1733 1703
1785 3 2 1 6 1703 1733 1734 1704
1786 3 2 1 6 1704 1734 1735 1705
1787 3 2 1 6 1705 1735 1736 1706
1788 3 2 1 6 1706 1736 1737 1707
1789 3 2 1 6 1707 1737 1738 1708
1790 3 2 1 6 1708 1738 1739 1709
1791 3 2 1 6 1709 1739 1740 1710
1792 3 2 1 6 1710 1740 1741 1711
1793 3 2 1 6 1711 1741 1742 1712
1794 3 2 1 6 1712 1742 1743 1713
1795 3 2 1 6 1713 1743 1744 1714
1796 3 2 1 6 1714 1744 227 228
1797 3 2 1 6 52 53 1745 1715
1798 3 2 1 6 1715 1745 1746 1716
1799 3 2 1 6 1716 1746 1747 1717
1800 3 2 1 6 1717 1747 1748 1718
1801 3 2 1 6 1718 1748 1749 1719
1802 3 2 1 6 1719 1749 1750 1720
1803 3 2 1 6 1720 1750 1751 1721
1804 3 2 1 6 1721 1751 1752 1722
1805 3 2 1 6 1722 1752 1753 1723
1806 3 2 1 6 1723 1753 1754 1724
1807 3 2 1 6 1724 1754 1755 1725
1808 3 2 1 6 1725 1755 1756 1726
1809 3 2 1 6 1726 1756 1757 1727
1810 3 2 1 6 1727 1757 1758 1728
1811 3 2 1 6 1728 1758 1759 1729
1812 3 2 1 6 1729 1759 1760 1730
1813 3 2 1 6 1730 1760 1761 1731
1814 3 2 1 6 1731 1761 1762 1732
1815 3 2 1 6 1732 1762 1763 1733
1816 3 2 1 6 1733 1763 1764 1734
1817 3 2 1 6 1734 1764 1765 1735
1818 3 2 1 6 1735 1765 1766 1736
1819 3 2 1 6 1736 1766 1767 1737
1820 3 2 1 6 1737 1767 1768 1738
1821 3 2 1 6 1738 1768 1769 1739
1822 3 2 1 6 1739 1769 1770 1740
1823 3 2 1 6 1740 1770 1771 1741
1824 3 2 1 6 1741 1771 1772 1742
1825 3 2 1 6 1742 1772 1773 1743
1826 3 2 1 6 1743 1773 1774 1744
1827 3 2 1 6 1744 1774 226 227
1828 3 2 1 6 53 54 1775 1745
1829 3 2 1 6 1745 1775 1776 1746
1830 3 2 1 6 1746 1776 1777 1747
1831 3 2 1 6 1747 1777 1778 1748
1832 3 2 1 6 1748 1778 1779 1749
1833 3 2 1 6 1749 1779 1780 1750
1834 3 2 1 6 1750 1780 1781 1751
1835 3 2 1 6 1751 1781 1782 1752
1836 3 2 1 6 1752 1782 1783 1753
1837 3 2 1 6 1753 1783 1784 1754
1838 3 2 1 6 1754 1784 1785 1755
1839 3 2 1 6 1755 1785 1786 1756
1840 3 2 1 6 1756 1786 1787 1757
1841 3 2 1 6 1757 1787 1788 1758
1842 3 2 1 6 1758 1788 1789 1759
1843 3 2 1 6 1759 1789 1790 1760
1844 3 2 1 6 1760 1790 1791 1761
1845 3 2 1 6 1761 1791 1792 1762
1846 3 2 1 6 1762 1792 1793 1763
1847 3 2 1 6 1763 1793 1794 1764
1848 3 2 1 6 1764 1794 1795 1765
1849 3 2 1 6 1765 1795 1796 1766
1850 3 2 1 6 1766 1796 1797 1767
1851 3 2 1 6 1767 1797 1798 1768
1852 3 2 1 6 1768 1798 1799 1769
1853 3 2 1 6 1769 1799 1800 1770
1854 3 2 1 6 1770 1800 1801 1771
1855 3 2 1 6 1771 1801 1802 1772
1856 3 2 1 6 1772 1802 1803 1773
1857 3 2 1 6 1773 1803 1804 1774
1858 3 2 1 6 1774 1804 225 226
1859 3 2 1 6 54 55 1805 1775
1860 3 2 1 6 1775 1805 1806 1776
1861 3 2 1 6 1776 1806 1807 1777
1862 3 2 1 6 1777 1807 1808 1778
1863 3 2 1 6 1778 1808 1809 1779
1864 3 2 1 6 1779 1809 1810 1780
1865 3 2 1 6 1780 1810 1811 1781
1866 3 2 1 6 1781 1811 1812 1782
1867 3 2 1 6 1782 1812 1813 1783
1868 3 2 1 6 1783 1813 1814 1784
1869 3 2 1 6 1784 1814 1815 1785
1870 3 2 1 6 1785 1815 1816 1786
1871 3 2 1 6 1786 1816 1817 1787
1872 3 2 1 6 1787 1817 1818 1788
1873 3 2 1 6 1788 1818 1819 1789
1874 3 2 1 6 1789 1819 1820 1790
1875 3 2 1 6 1790 1820 1821 1791
1876 3 2 1 6 1791 1821 1822 1792
1877 3 2 1 6 1792 1822 1823 1793
1878 3 2 1 6 1793 1823 1824 1794
1879 3 2 1 6 1794 1824 1825 1795
1880 3 2 1 6 1795 1825 1826 1796
1881 3 2 1 6 1796 1826 1827 1797
1882 3 2 1 6 1797 1827 1828 1798
1883 3 2 1 6 1798 1828 1829 1799
1884 3 2 1 6 1799 1829 1830 1800
1885 3 2 1 6 1800 1830 1831 1801
1886 3 2 1 6 1801 1831 1832 1802
1887 3 2 1 6 1802 1832 1833 1803
1888 3 2 1 6 1803 1833 1834 1804
1889 3 2 1 6 1804 1834 224 225
1890 3 2 1 6 55 56 1835 1805
1891 3 2 1 6 1805 1835 1836 1806
1892 3 2 1 6 1806 1836 1837 1807
1893 3 2 1 6 1807 1837 1838 1808
1894 3 2 1 6 1808 1838 1839 1809
1895 3 2 1 6 1809 1839 1840 1810
1896 3 2 1 6 1810 1840 1841 1811
1897 3 2 1 6 1811 1841 1842 1812
1898 3 2 1 6 1812 1842 1843 1813
1899 3 2 1 6 1813 1843 1844 1814
1900 3 2 1 6 1814 1844 1845 1815
1901 3 2 1 6 1815 1845 1846 1816
1902 3 2 1 6 1816 1846 1847 1817
1903 3 2 1 6 1817 1847 1848 1818
1904 3 2 1 6 1818 1848 1849 1819
1905 3 2 1 6 1819 1849 1850 1820
1906 3 2 1 6 1820 1850 1851 1821
1907 3 2 1 6 1821 1851 1852 1822
1908 3 2 1 6 1822 1852 1853 1823
1909 3 2 1 6 1823 1853 1854 1824
1910 3 2 1 6 1824 1854 1855 1825
1911 3 2 1 6 1825 1855 1856 1826
1912 3 2 1 6 1826 1856 1857 1827
1913 3 2 1 6 1827 1857 1858 1828
1914 3 2 1 6 1828 1858 1859 1829
1915 3 2 1 6 1829 1859 1860 1830
1916 3 2 1 6 1830 1860 1861 1831
1917 3 2 1 6 1831 1861 1862 1832
1918 3 2 1 6 1832 1862 1863 1833
1919 3 2 1 6 1833 1863 1864 1834
1920 3 2 1 6 1834 1864 223 224
1921 3 2 1 6 56 57 1865 1835
1922 3 2 1 6 1835 1865 1866 1836
1923 3 2 1 6 1836 1866 1867 1837
1924 3 2 1 6 1837 1867 1868 1838
1925 3 2 1 6 1838 1868 1869 1839
1926 3 2 1 6 1839 1869 1870 1840
1927 3 2 1 6 1840 1870 1871 1841
1928 3 2 1 6 1841 1871 1872 1842
1929 3 2 1 6 1842 1872 1873 1843
1930 3 2 1 6 1843 1873 1874 1844
1931 3 2 1 6 1844 1874 1875 1845
1932 3 2 1 6 1845 1875 1876 1846
1933 3 2 1 6 1846 1876 1877 1847
1934 3 2 1 6 1847 1877 1878 1848
1935 3 2 1 6 1848 1878 1879 1849
1936 3 2 1 6 1849 1879 1880 1850
1937 3 2 1 6 1850 1880 1881 1851
1938 3 2 1 6 1851 1881 1882 1852
1939 3 2 1 6 1852 1882 1883 1853
1940 3 2 1 6 1853 1883 1884 1854
1941 3 2 1 6 1854 1884 1885 1855
1942 3 2 1 6 1855 1885 1886 1856
1943 3 2 1 6 1856 1886 1887 1857
1944 3 2 1 6 1857 1887 1888 1858
1945 3 2 1 6 1858 1888 1889 1859
1946 3 2 1 6 1859 1889 1890 1860
1947 3 2 1 6 1860 1890 1891 1861
1948 3 2 1 6 1861 1891 1892 1862
1949 3 2 1 6 1862 1892 1893 1863
1950 3 2 1 6 1863 1893 1894 1864
1951 3 2 1 6 1864 1894 222 223
1952 3 2 1 6 57 58 1895 1865
1953 3 2 1 6 1865 1895 1896 1866
1954 3 2 1 6 1866 1896 1897 1867
1955 3 2 1 6 1867 1897 1898 1868
1956 3 2 1 6 1868 1898 1899 1869
1957 3 2 1 6 1869 1899 1900 1870
1958 3 2 1 6 1870 1900 1901 1871
1959 3 2 1 6 1871 1901 1902 1872
1960 3 2 1 6 1872 1902 1903 1873
1961 3 2 1 6 1873 1903 1904 1874
1962 3 2 1 6 1874 1904 1905 1875
1963 3 2 1 6 1875 1905 1906 1876
1964 3 2 1 6 1876 1906 1907 1877
1965 3 2 1 6 1877 1907 1908 1878
1966 3 2 1 6 1878 1908 1909 1879
1967 3 2 1 6 1879 1909 1910 1880
1968 3 2 1 6 1880 1910 1911 1881
1969 3 2 1 6 1881 1911 1912 1882
1970 3 2 1 6 1882 1912 1913 1883
1971 3 2 1 6 1883 1913 1914 1884
1972 3 2 1 6 1884 1914 1915 1885
1973 3 2 1 6 1885 1915 1916 1886
1974 3 2 1 6 1886 1916 1917 1887
1975 3 2 1 6 1887 1917 1918 1888
1976 3 2 1 6 1888 1918 1919 1889
1977 3 2 1 6 1889 1919 1920 1890
1978 3 2 1 6 1890 1920 1921 1891
1979 3 2 1 6 1891 1921 1922 1892
1980 3 2 1 6 1892 1922 1923 1893
1981 3 2 1 6 1893 1923 1924 1894
1982 3 2 1 6 1894 1924 221 222
1983 3 2 1 6 58 59 1925 1895
1984 3 2 1 6 1895 1925 1926 1896
1985 3 2 1 6 1896 1926 1927 1897
1986 3 2 1 6 1897 1927 1928 1898
1987 3 2 1 6 1898 1928 1929 1899
1988 3 2 1 6 1899 1929 1930 1900
1989 3 2 1 6 1900 1930 1931 1901
1990 3 2 1 6 1901 1931 1932 1902
1991 3 2 1 6 1902 1932 1933 1903
1992 3 2 1 6 1903 1933 1934 1904
1993 3 2 1 6 1904 1934 1935 1905
1994 3 2 1 6 1905 1935 1936 1906
1995 3 2 1 6 1906 1936 1937 1907
1996 3 2 1 6 1907 1937 1938 1908
1997 3 2 1 6 1908 1938 1939 1909
1998 3 2 1 6 1909 1939 1940 1910
1999 3 2 1 6 1910 1940 1941 1911
2000 3 2 1 6 1911 1941 1942 1912
2001 3 2 1 6 1912 1942 1943 1913
2002 3 2 1 6 1913 1943 1944 1914
2003 3 2 1 6 1914 1944 1945 1915
2004 3 2 1 6 1915 1945 1946 1916
2005 3 2 1 6 1916 1946 1947 1917
2006 3 2 1 6 1917 1947 1948 1918
2007 3 2 1 6 1918 1948 1949 1919
2008 3 2 1 6 1919 1949 1950 1920
2009 3 2 1 6 1920 1950 1951 1921
2010 3 2 1 6 1921 1951 1952 1922
2011 3 2 1 6 1922 1952 1953 1923
2012 3 2 1 6 1923 1953 1954 1924
2013 3 2 1 6 1924 1954 220 221
2014 3 2 1 6 59 60 1955 1925
2015 3 2 1 6 1925 1955 1956 1926
2016 3 2 1 6 1926 1956 1957 1927
2017 3 2 1 6 1927 1957 1958 1928
2018 3 2 1 6 1928 1958 1959 1929
2019 3 2 1 6 1929 1959 1960 1930
2020 3 2 1 6 1930 1960 1961 1931
2021 3 2 1 6 1931 1961 1962 1932
2022 3 2 1 6 1932 1962 1963 1933
2023 3 2 1 6 1933 1963 1964 1934
2024 3 2 1 6 1934 1964 1965 1935
2025 3 2 1 6 1935 1965 1966 1936
2026 3 2 1 6 1936 1966 1967 1937
2027 3 2 1 6 1937 1967 1968 1938
2028 3 2 1 6 1938 1968 1969 1939
2029 3 2 1 6 1939 1969 1970 1940
2030 3 2 1 6 1940 1970 1971 1941
2031 3 2 1 6 1941 1971 1972 1942
2032 3 2 1 6 1942 1972 1973 1943
2033 3 2 1 6 1943 1973 1974 1944
2034 3 2 1 6 1944 1974 1975 1945
2035 3 2 1 6 1945 1975 1976 1946
2036 3 2 1 6 1946 1976 1977 1947
2037 3 2 1 6 1947 1977 1978 1948
2038 3 2 1 6 1948 1978 1979 1949
2039 3 2 1 6 1949 1979 1980 1950
2040 3 2 1 6 1950 1980 1981 1951
2041 3 2 1 6 1951 1981 1982 1952
2042 3 2 1 6 1952 1982 1983 1953
2043 3 2 1 6 1953 1983 1984 1954
2044 3 2 1 6 1954 1984 219 220
2045 3 2 1 6 60 61 1985 1955
2046 3 2 1 6 1955 1985 1986 1956
2047 3 2 1 6 1956 1986 1987 1957
2048 3 2 1 6 1957 1987 1988 1958
2049 3 2 1 6 1958 1988 1989 1959
2050 3 2 1 6 1959 1989 1990 1960
2051 3 2 1 6 1960 1990 1991 1961
2052 3 2 1 6 1961 1991 1992 1962
2053 3 2 1 6 1962 1992 1993 1963
2054 3 2 1 6 1963 1993 1994 1964
2055 3 2 1 6 1964 1994 1995 1965
2056 3 2 1 6 1965 1995 1996 1966
2057 3 2 1 6 1966 1996 1997 1967
2058 3 2 1 6 1967 1997 1998 1968
2059 3 2 1 6 1968 1998 1999 1969
2060 3 2 1 6 1969 1999 2000 1970
2061 3 2 1 6 1970 2000 2001 1971
2062 3 2 1 6 1971 2001 2002 1972
2063 3 2 1 6 1972 2002 2003 1973
2064 3 2 1 6 1973 2003 2004 1974
2065 3 2 1 6 1974 2004 2005 1975
2066 3 2 1 6 1975 2005 2006 1976
2067 3 2 1 6 1976 2006 2007 1977
2068 3 2 1 6 1977 2007 2008 1978
2069 3 2 1 6 1978 2008 2009 1979
2070 3 2 1 6 1979 2009 2010 1980
2071 3 2 1 6 1980 2010 2011 1981
2072 3 2 1 6 1981 2011 2012 1982
2073 3 2 1 6 1982 2012 2013 1983
2074 3 2 1 6 1983 2013 2014 1984
2075 3 2 1 6 1984 2014 218 219
2076 3 2 1 6 61 62 2015 1985
2077 3 2 1 6 1985 2015 2016 1986
2078 3 2 1 6 1986 2016 2017 1987
2079 3 2 1 6 1987 2017 2018 1988
2080 3 2 1 6 1988 2018 2019 1989
2081 3 2 1 6 1989 2019 2020 1990
2082 3 2 1 6 1990 2020 2021 1991
2083 3 2 1 6 1991 2021 2022 1992
2084 3 2 1 6 1992 2022 2023 1993
2085 3 2 1 6 1993 2023 2024 1994
2086 3 2 1 6 1994 2024 2025 1995
2087 3 2 1 6 1995 2025 2026 1996
2088 3 2 1 6 1996 2026 2027 1997
2089 3 2 1 6 1997 2027 2028 1998
2090 3 2 1 6 1998 2028 2029 1999
2091 3 2 1 6 1999 2029 2030 2000
2092 3 2 1 6 2000 2030 2031 2001
2093 3 2 1 6 2001 2031 2032 2002
2094 3 2 1 6 2002 2032 2033 2003
2095 3 2 1 6 2003 2033 2034 2004
2096 3 2 1 6 2004 2034 2035 2005
2097 3 2 1 6 2005 2035 2036 2006
2098 3 2 1 6 2006 2036 2037 2007
2099 3 2 1 6 2007 2037 2038 2008
2100 3 2 1 6 2008 2038 2039 2009
2101 3 2 1 6 2009 2039 2040 2010
2102 3 2 1 6 2010 2040 2041 2011
2103 3 2 1 6 2011 2041 2042 2012
2104 3 2 1 6 2012 2042 2043 2013
2105 3 2 1 6 2013 2043 2044 2014
2106 3 2 1 6 2014 2044 217 218
2107 3 2 1 6 62 63 2045 2015
2108 3 2 1 6 2015 2045 2046 2016
2109 3 2 1 6 2016 2046 2047 2017
2110 3 2 1 6 2017 2047 2048 2018
2111 3 2 1 6 2018 2048 2049 2019
2112 3 2 1 6 2019 2049 2050 2020
2113 3 2 1 6 2020 2050 2051 2021
2114 3 2 1 6 2021 2051 2052 2022
2115 3 2 1 6 2022 2052 2053 2023
2116 3 2 1 6 2023 2053 2054 2024
2117 3 2 1 6 2024 2054 2055 2025
2118 3 2 1 6 2025 2055 2056 2026
2119 3 2 1 6 2026 2056 2057 2027
2120 3 2 1 6 2027 2057 2058 2028
2121 3 2 1 6 2028 2058 2059 2029
2122 3 2 1 6 2029 2059 2060 2030
2123 3 2 1 6 2030 2060 2061 2031
2124 3 2 1 6 2031 2061 2062 2032
2125 3 2 1 6 2032 2062 2063 2033
2126 3 2 1 6 2033 2063 2064 2034
2127 3 2 1 6 2034 2064 2065 2035
2128 3 2 1 6 2035 2065 2066 2036
2129 3 2 1 6 2036 2066 2067 2037
2130 3 2 1 6 2037 2067 2068 2038
2131 3 2 1 6 2038 2068 2069 2039
2132 3 2 1 6 2039 2069 2070 2040
2133 3 2 1 6 2040 2070 2071 2041
2134 3 2 1 6 2041 2071 2072 2042
2135 3 2 1 6 2042 2072 2073 2043
2136 3 2 1 6 2043 2073 2074 2044
2137 3 2 1 6 2044 2074 216 217
2138 3 2 1 6 63 64 2075 2045
2139 3 2 1 6 2045 2075 2076 2046
2140 3 2 1 6 2046 2076 2077 2047
2141 3 2 1 6 2047 2077 2078 2048
2142 3 2 1 6 2048 2078 2079 2049
2143 3 2 1 6 2049 2079 2080 2050
2144 3 2 1 6 2050 2080 2081 2051
2145 3 2 1 6 2051 2081 2082 2052
2146 3 2 1 6 2052 2082 2083 2053
2147 3 2 1 6 2053 2083 2084 2054
2148 3 2 1 6 2054 2084 2085 2055
2149 3 2 1 6 2055 2085 2086 2056
2150 3 2 1 6 2056 2086 2087 2057
2151 3 2 1 6 2057 2087 2088 2058
2152 3 2 1 6 2058 2088 2089 2059
2153 3 2 1 6 2059 2089 2090 2060
2154 3 2 1 6 2060 2090 2091 2061
2155 3 2 1 6 2061 2091 2092 2062
2156 3 2 1 6 2062 2092 2093 2063
2157 3 2 1 6 2063 2093 2094 2064
2158 3 2 1 6 2064 2094 2095 2065
2159 3 2 1 6 2065 2095 2096 2066
2160 3 2 1 6 2066 2096 2097 2067
2161 3 2 1 6 2067 2097 2098 2068
2162 3 2 1 6 2068 2098 2099 2069
2163 3 2 1 6 2069 2099 2100 2070
2164 3 2 1 6 2070 2100 2101 2071
2165 3 2 1 6 2071 2101 2102 2072
2166 3 2 1 6 2072 2102 2103 2073
2167 3 2 1 6 2073 2103 2104 2074
2168 3 2 1 6 2074 2104 215 216
2169 3 2 1 6 64 65 2105 2075
2170 3 2 1 6 2075 2105 2106 2076
2171 3 2 1 6 2076 2106 2107 2077
2172 3 2 1 6 2077 2107 2108 2078
2173 3 2 1 6 2078 2108 2109 2079
2174 3 2 1 6 2079 2109 2110 2080
2175 3 2 1 6 2080 2110 2111 2081
2176 3 2 1 6 2081 2111 2112 2082
2177 3 2 1 6 2082 2112 2113 2083
2178 3 2 1 6 2083 2113 2114 2084
2179 3 2 1 6 2084 2114 2115 2085
2180 3 2 1 6 2085 2115 2116 2086
2181 3 2 1 6 2086 2116 2117 2087
2182 3 2 1 6 2087 2117 2118 2088
2183 3 2 1 6 2088 2118 2119 2089
2184 3 2 1 6 2089 2119 2120 2090
2185 3 2 1 6 2090 2120 2121 2091
2186 3 2 1 6 2091 2121 2122 2092
2187 3 2 1 6 2092 2122 2123 2093
2188 3 2 1 6 2093 2123 2124 2094
2189 3 2 1 6 2094 2124 2125 2095
2190 3 2 1 6 2095 2125 2126 2096
2191 3 2 1 6 2096 2126 2127 2097
2192 3 2 1 6 2097 2127 2128 2098
2193 3 2 1 6 2098 2128 2129 2099
2194 3 2 1 6 2099 2129 2130 2100
2195 3 2 1 6 2100 2130 2131 2101
2196 3 2 1 6 2101 2131 2132 2102
2197 3 2 1 6 2102 2132 2133 2103
2198 3 2 1 6 2103 2133 2134 2104
2199 3 2 1 6 2104 2134 214 215
2200 3 2 1 6 65 66 2135 2105
2201 3 2 1 6 2105 2135 2136 2106
2202 3 2 1 6 2106 2136 2137 2107
2203 3 2 1 6 2107 2137 2138 2108
2204 3 2 1 6 2108 2138 2139 2109
2205 3 2 1 6 2109 2139 2140 2110
2206 3 2 1 6 2110 2140 2141 2111
2207 3 2 1 6 2111 2141 2142 2112
2208 3 2 1 6 2112 2142 2143 2113
2209 3 2 1 6 2113 2143 2144 2114
2210 3 2 1 6 2114 2144 2145 2115
2211 3 2 1 6 2115 2145 2146 2116
2212 3 2 1 6 2116 2146 2147 2117
2213 3 2 1 6 2117 2147 2148 2118
2214 3 2 1 6 2118 2148 2149 2119
2215 3 2 1 6 2119 2149 2150 2120
2216 3 2 1 6 2120 2150 2151 2121
2217 3 2 1 6 2121 2151 2152 2122
2218 3 2 1 6 2122 2152 2153 2123
2219 3 2 1 6 2123 2153 2154 2124
2220 3 2 1 6 2124 2154 2155 2125
2221 3 2 1 6 2125 2155 2156 2126
2222 3 2 1 6 2126 2156 2157 2127
2223 3 2 1 6 2127 2157 2158 2128
2224 3 2 1 6 2128 2158 2159 2129
2225 3 2 1 6 2129 2159 2160 2130
2226 3 2 1 6 2130 2160 2161 2131
2227 3 2 1 6 2131 2161 2162 2132
2228 3 2 1 6 2132 2162 2163 2133
2229 3 2 1 6 2133 2163 2164 2134
2230 3 2 1 6 2134 2164 213 214
2231 3 2 1 6 66 67 2165 2135
2232 3 2 1 6 2135 2165 2166 2136
2233 3 2 1 6 2136 2166 2167 2137
2234 3 2 1 6 2137 2167 2168 2138
2235 3 2 1 6 2138 2168 2169 2139
2236 3 2 1 6 2139 2169 2170 2140
2237 3 2 1 6 2140 2170 2171 2141
2238 3 2 1 6 2141 2171 2172 2142
2239 3 2 1 6 2142 2172 2173 2143
2240 3 2 1 6 2143 2173 2174 2144
2241 3 2 1 6 2144 2174 2175 2145
2242 3 2 1 6 2145 2175 2176 2146
2243 3 2 1 6 2146 2176 2177 2147
2244 3 2 1 6 2147 2177 2178 2148
2245 3 2 1 6 2148 2178 2179 2149
2246 3 2 1 6 2149 2179 2180 2150
2247 3 2 1 6 2150 2180 2181 2151
2248 3 2 1 6 2151 2181 2182 2152
2249 3 2 1 6 2152 2182 2183 2153
2250 3 2 1 6 2153 2183 2184 2154
2251 3 2 1 6 2154 2184 2185 2155
2252 3 2 1 6 2155 2185 2186 2156
2253 3 2 1 6 2156 2186 2187 2157
2254 3 2 1 6 2157 2187 2188 2158
2255 3 2 1 6 2158 2188 2189 2159
2256 3 2 1 6 2159 2189 2190 2160
2257 3 2 1 6 2160 2190 2191 2161
2258 3 2 1 6 2161 2191 2192 2162
2259 3 2 1 6 2162 2192 2193 2163
2260 3 2 1 6 2163 2193 2194 2164
2261 3 2 1 6 2164 2194 212 213
2262 3 2 1 6 67 68 2195 2165
2263 3 2 1 6 2165 2195 2196 2166
2264 3 2 1 6 2166 2196 2197 2167
2265 3 2 1 6 2167 2197 2198 2168
2266 3 2 1 6 2168 2198 2199 2169
2267 3 2 1 6 2169 2199 2200 2170
2268 3 2 1 6 2170 2200 2201 2171
2269 3 2 1 6 2171 2201 2202 2172
2270 3 2 1 6 2172 2202 2203 2173
2271 3 2 1 6 2173 2203 2204 2174
2272 3 2 1 6 2174 2204 2205 2175
2273 3 2 1 6 2175 2205 2206 2176
2274 3 2 1 6 2176 2206 2207 2177
2275 3 2 1 6 2177 2207 2208 2178
2276 3 2 1 6 2178 2208 2209 2179
2277 3 2 1 6 2179 2209 2210 2180
2278 3 2 1 6 2180 2210 2211 2181
2279 3 2 1 6 2181 2211 2212 2182
2280 3 2 1 6 2182 2212 2213 2183
2281 3 2 1 6 2183 2213 2214 2184
2282 3 2 1 6 2184 2214 2215 2185
2283 3 2 1 6 2185 2215 2216 2186
2284 3 2 1 6 2186 2216 2217 2187
2285 3 2 1 6 2187 2217 2218 2188
2286 3 2 1 6 2188 2218 2219 2189
2287 3 2 1 6 2189 2219 2220 2190
2288 3 2 1 6 2190 2220 2221 2191
2289 3 2 1 6 2191 2221 2222 2192
2290 3 2 1 6 2192 2222 2223 2193
2291 3 2 1 6 2193 2223 2224 2194
2292 3 2 1 6 2194 2224 211 212
2293 3 2 1 6 68 69 2225 2195
2294 3 2 1 6 2195 2225 2226 2196
2295 3 2 1 6 2196 2226 2227 2197
2296 3 2 1 6 2197 2227 2228 2198
2297 3 2 1 6 2198 2228 2229 2199
2298 3 2 1 6 2199 2229 2230 2200
2299 3 2 1 6 2200 2230 2231 2201
2300 3 2 1 6 2201 2231 2232 2202
2301 3 2 1 6 2202 2232 2233 2203
2302 3 2 1 6 2203 2233 2234 2204
2303 3 2 1 6 2204 2234 2235 2205
2304 3 2 1 6 2205 2235 2236 2206
2305 3 2 1 6 2206 2236 2237 2207
2306 3 2 1 6 2207 2237 2238 2208
2307 3 2 1 6 2208 2238 2239 2209
2308 3 2 1 6 2209 2239 2240 2210
2309 3 2 1 6 2210 2240 2241 2211
2310 3 2 1 6 2211 2241 2242 2212
2311 3 2 1 6 2212 2242 2243 2213
2312 3 2 1 6 2213 2243 2244 2214
2313 3 2 1 6 2214 2244 2245 2215
2314 3 2 1 6 2215 2245 2246 2216
2315 3 2 1 6 2216 2246 2247 2217
2316 3 2 1 6 2217 2247 2248 2218
2317 3 2 1 6 2218 2248 2249 2219
2318 3 2 1 6 2219 2249 2250 2220
2319 3 2 1 6 2220 2250 2251 2221
2320 3 2 1 6 2221 2251 2252 2222
2321 3 2 1 6 2222 2252 2253 2223
2322 3 2 1 6 2223 2253 2254 2224
2323 3 2 1 6 2224 2254 210 211
2324 3 2 1 6 69 70 2255 2225
2325 3 2 1 6 2225 2255 2256 2226
2326 3 2 1 6 2226 2256 2257 2227
2327 3 2 1 6 2227 2257 2258 2228
2328 3 2 1 6 2228 2258 2259 2229
2329 3 2 1 6 2229 2259 2260 2230
2330 3 2 1 6 2230 2260 2261 2231
2331 3 2 1 6 2231 2261 2262 2232
2332 3 2 1 6 2232 2262 2263 2233
2333 3 2 1 6 2233 2263 2264 2234
2334 3 2 1 6 2234 2264 2265 2235
2335 3 2 1 6 2235 2265 2266 2236
2336 3 2 1 6 2236 2266 2267 2237
2337 3 2 1 6 2237 2267 2268 2238
2338 3 2 1 6 2238 2268 2269 2239
2339 3 2 1 6 2239 2269 2270 2240
2340 3 2 1 6 2240 2270 2271 2241
2341 3 2 1 6 2241 2271 2272 2242
2342 3 2 1 6 2242 2272 2273 2243
2343 3 2 1 6 2243 2273 2274 2244
2344 3 2 1 6 2244 2274 2275 2245
2345 3 2 1 6 2245 2275 2276 2246
2346 3 2 1 6 2246 2276 2277 2247
2347 3 2 1 6 2247 2277 2278 2248
2348 3 2 1 6 2248 2278 2279 2249
2349 3 2 1 6 2249 2279 2280 2250
2350 3 2 1 6 2250 2280 2281 2251
2351 3 2 1 6 2251 2281 2282 2252
2352 3 2 1 6 2252 2282 2283 2253
2353 3 2 1 6 2253 2283 2284 2254
2354 3 2 1 6 2254 2284 209 210
2355 3 2 1 6 70 71 2285 2255
2356 3 2 1 6 2255 2285 2286 2256
2357 3 2 1 6 2256 2286 2287 2257
2358 3 2 1 6 2257 2287 2288 2258
2359 3 2 1 6 2258 2288 2289 2259
2360 3 2 1 6 2259 2289 2290 2260
2361 3 2 1 6 2260 2290 2291 2261
2362 3 2 1 6 2261 2291 2292 2262
2363 3 2 1 6 2262 2292 2293 2263
2364 3 2 1 6 2263 2293 2294 2264
2365 3 2 1 6 2264 2294 2295 2265
2366 3 2 1 6 2265 2295 2296 2266
2367 3 2 1 6 2266 2296 2297 2267
2368 3 2 1 6 2267 2297 2298 2268
2369 3 2 1 6 2268 2298 2299 2269
2370 3 2 1 6 2269 2299 2300 2270
2371 3 2 1 6 2270 2300 2301 2271
2372 3 2 1 6 2271 2301 2302 2272
2373 3 2 1 6 2272 2302 2303 2273
2374 3 2 1 6 2273 2303 2304 2274
2375 3 2 1 6 2274 2304 2305 2275
2376 3 2 1 6 2275 2305 2306 2276
2377 3 2 1 6 2276 2306 2307 2277
2378 3 2 1 6 2277 2307 2308 2278
2379 3 2 1 6 2278 2308 2309 2279
2380 3 2 1 6 2279 2309 2310 2280
2381 3 2 1 6 2280 2310 2311 2281
2382 3 2 1 6 2281 2311 2312 2282
2383 3 2 1 6 2282 2312 2313 2283
2384 3 2 1 6 2283 2313 2314 2284
2385 3 2 1 6 2284 2314 208 209
2386 3 2 1 6 71 72 2315 2285
2387 3 2 1 6 2285 2315 2316 2286
2388 3 2 1 6 2286 2316 2317 2287
2389 3 2 1 6 2287 2317 2318 2288
2390 3 2 1 6 2288 2318 2319 2289
2391 3 2 1 6 2289 2319 2320 2290
2392 3 2 1 6 2290 2320 2321 2291
2393 3 2 1 6 2291 2321 2322 2292
2394 3 2 1 6 2292 2322 2323 2293
2395 3 2 1 6 2293 2323 2324 2294
2396 3 2 1 6 2294 2324 2325 2295
2397 3 2 1 6 2295 2325 2326 2296
2398 3 2 1 6 2296 2326 2327 2297
2399 3 2 1 6 2297 2327 2328 2298
2400 3 2 1 6 2298 2328 2329 2299
2401 3 2 1 6 2299 2329 2330 2300
2402 3 2 1 6 2300 2330 2331 2301
2403 3 2 1 6 2301 2331 2332 2302
2404 3 2 1 6 2302 2332 2333 2303
2405 3 2 1 6 2303 2333 2334 2304
2406 3 2 1 6 2304 2334 2335 2305
2407 3 2 1 6 2305 2335 2336 2306
2408 3 2 1 6 2306 2336 2337 2307
2409 3 2 1 6 2307 2337 2338 2308
2410 3 2 1 6 2308 2338 2339 2309
2411 3 2 1 6 2309 2339 2340 2310
2412 3 2 1 6 2310 2340 2341 2311
2413 3 2 1 6 2311 2341 2342 2312
2414 3 2 1 6 2312 2342 2343 2313
2415 3 2 1 6 2313 2343 2344 2314
2416 3 2 1 6 2314 2344 207 208
2417 3 2 1 6 72 73 2345 2315
2418 3 2 1 6 2315 2345 2346 2316
2419 3 2 1 6 2316 2346 2347 2317
2420 3 2 1 6 2317 2347 2348 2318
2421 3 2 1 6 2318 2348 2349 2319
2422 3 2 1 6 2319 2349 2350 2320
2423 3 2 1 6 2320 2350 2351 2321
2424 3 2 1 6 2321 2351 2352 2322
2425 3 2 1 6 2322 2352 2353 2323
2426 3 2 1 6 2323 2353 2354 2324
2427 3 2 1 6 2324 2354 2355 2325
2428 3 2 1 6 2325 2355 2356 2326
2429 3 2 1 6 2326 2356 2357 2327
2430 3 2 1 6 2327 2357 2358 2328
2431 3 2 1 6 2328 2358 2359 2329
2432 3 2 1 6 2329 2359 2360 2330
2433 3 2 1 6 2330 2360 2361 2331
2434 3 2 1 6 2331 2361 2362 2332
2435 3 2 1 6 2332 2362 2363 2333
2436 3 2 1 6 2333 2363 2364 2334
2437 3 2 1 6 2334 2364 2365 2335
2438 3 2 1 6 2335 2365 2366 2336
2439 3 2 1 6 2336 2366 2367 2337
2440 3 2 1 6 2337 2367 2368 2338
2441 3 2 1 6 2338 2368 2369 2339
2442 3 2 1 6 2339 2369 2370 2340
2443 3 2 1 6 2340 2370 2371 2341
2444 3 2 1 6 2341 2371 2372 2342
2445 3 2 1 6 2342 2372 2373 2343
2446 3 2 1 6 2343 2373 2374 2344
2447 3 2 1 6 2344 2374 206 207
2448 3 2 1 6 73 74 2375 2345
2449 3 2 1 6 2345 2375 2376 2346
2450 3 2 1 6 2346 2376 2377 2347
2451 3 2 1 6 2347 2377 2378 2348
2452 3 2 1 6 2348 2378 2379 2349
2453 3 2 1 6 2349 2379 2380 2350
2454 3 2 1 6 2350 2380 2381 2351
2455 3 2 1 6 2351 2381 2382 2352
2456 3 2 1 6 2352 2382 2383 2353
2457 3 2 1 6 2353 2383 2384 2354
2458 3 2 1 6 2354 2384 2385 2355
2459 3 2 1 6 2355 2385 2386 2356
2460 3 2 1 6 2356 2386 2387 2357
2461 3 2 1 6 2357 2387 2388 2358
2462 3 2 1 6 2358 2388 2389 2359
2463 3 2 1 6 2359 2389 2390 2360
2464 3 2 1 6 2360 2390 2391 2361
2465 3 2 1 6 2361 2391 2392 2362
2466 3 2 1 6 2362 2392 2393 2363
2467 3 2 1 6 2363 2393 2394 2364
2468 3 2 1 6 2364 2394 2395 2365
2469 3 2 1 6 2365 2395 2396 2366
2470 3 2 1 6 2366 2396 2397 2367
2471 3 2 1 6 2367 2397 2398 2368
2472 3 2 1 6 2368 2398 2399 2369
2473 3 2 1 6 2369 2399 2400 2370
2474 3 2 1 6 2370 2400 2401 2371
2475 3 2 1 6 2371 2401 2402 2372
2476 3 2 1 6 2372 2402 2403 2373
2477 3 2 1 6 2373 2403 2404 2374
2478 3 2 1 6 2374 2404 205 206
2479 3 2 1 6 74 75 2405 2375
2480 3 2 1 6 2375 2405 2406 2376
2481 3 2 1 6 2376 2406 2407 2377
2482 3 2 1 6 2377 2407 2408 2378
2483 3 2 1 6 2378 2408 2409 2379
2484 3 2 1 6 2379 2409 2410 2380
2485 3 2 1 6 2380 2410 2411 2381
2486 3 2 1 6 2381 2411 2412 2382
2487 3 2 1 6 2382 2412 2413 2383
2488 3 2 1 6 2383 2413 2414 2384
2489 3 2 1 6 2384 2414 2415 2385
2490 3 2 1 6 2385 2415 2416 2386
2491 3 2 1 6 2386 2416 2417 2387
2492 3 2 1 6 2387 2417 2418 2388
2493 3 2 1 6 2388 2418 2419 2389
2494 3 2 1 6 2389 2419 2420 2390
2495 3 2 1 6 2390 2420 2421 2391
2496 3 2 1 6 2391 2421 2422 2392
2497 3 2 1 6 2392 2422 2423 2393
2498 3 2 1 6 2393 2423 2424 2394
2499 3 2 1 6 2394 2424 2425 2395
2500 3 2 1 6 2395 2425 2426 2396
2501 3 2 1 6 2396 2426 2427 2397
2502 3 2 1 6 2397 2427 2428 2398
2503 3 2 1 6 2398 2428 2429 2399
2504 3 2 1 6 2399 2429 2430 2400
2505 3 2 1 6 2400 2430 2431 2401
2506 3 2 1 6 2401 2431 2432 2402
2507 3 2 1 6 2402 2432 2433 2403
2508 3 2 1 6 2403 2433 2434 2404
2509 3 2 1 6 2404 2434 204 205
2510 3 2 1 6 75 76 2435 2405
2511 3 2 1 6 2405 2435 2436 2406
2512 3 2 1 6 2406 2436 2437 2407
2513 3 2 1 6 2407 2437 2438 2408
2514 3 2 1 6 2408 2438 2439 2409
2515 3 2 1 6 2409 2439 2440 2410
2516 3 2 1 6 2410 2440 2441 2411
2517 3 2 1 6 2411 2441 2442 2412
2518 3 2 1 6 2412 2442 2443 2413
2519 3 2 1 6 2413 2443 2444 2414
2520 3 2 1 6 2414 2444 2445 2415
2521 3 2 1 6 2415 2445 2446 2416
2522 3 2 1 6 2416 2446 2447 2417
2523 3 2 1 6 2417 2447 2448 2418
2524 3 2 1 6 2418 2448 2449 2419
2525 3 2 1 6 2419 2449 2450 2420
2526 3 2 1 6 2420 2450 2451 2421
2527 3 2 1 6 2421 2451 2452 2422
2528 3 2 1 6 2422 2452 2453 2423
2529 3 2 1 6 2423 2453 2454 2424
2530 3 2 1 6 2424 2454 2455 2425
2531 3 2 1 6 2425 2455 2456 2426
2532 3 2 1 6 2426 2456 2457 2427
2533 3 2 1 6 2427 2457 2458 2428
2534 3 2 1 6 2428 2458 2459 2429
2535 3 2 1 6 2429 2459 2460 2430
2536 3 2 1 6 2430 2460 2461 2431
2537 3 2 1 6 2431 2461 2462 2432
2538 3 2 1 6 2432 2462 2463 2433
2539 3 2 1 6 2433 2463 2464 2434
2540 3 2 1 6 2434 2464 203 204
2541 3 2 1 6 76 77 2465 2435
2542 3 2 1 6 2435 2465 2466 2436
2543 3 2 1 6 2436 2466 2467 2437
2544 3 2 1 6 2437 2467 2468 2438
2545 3 2 1 6 2438 2468 2469 2439
2546 3 2 1 6 2439 2469 2470 2440
2547 3 2 1 6 2440 2470 2471 2441
2548 3 2 1 6 2441 2471 2472 2442
2549 3 2 1 6 2442 2472 2473 2443
2550 3 2 1 6 2443 2473 2474 2444
2551 3 2 1 6 2444 2474 2475 2445
2552 3 2 1 6 2445 2475 2476 2446
2553 3 2 1 6 2446 2476 2477 2447
2554 3 2 1 6 2447 2477 2478 2448
2555 3 2 1 6 2448 2478 2479 2449
2556 3 2 1 6 2449 2479 2480 2450
2557 3 2 1 6 2450 2480 2481 2451
2558 3 2 1 6 2451 2481 2482 2452
2559 3 2 1 6 2452 2482 2483 2453
2560 3 2 1 6 2453 2483 2484 2454
2561 3 2 1 6 2454 2484 2485 2455
2562 3 2 1 6 2455 2485 2486 2456
2563 3 2 1 6 2456 2486 2487 2457
2564 3 2 1 6 2457 2487 2488 2458
2565 3 2 1 6 2458 2488 2489 2459
2566 3 2 1 6 2459 2489 2490 2460
2567 3 2 1 6 2460 2490 2491 2461
2568 3 2 1 6 2461 2491 2492 2462
2569 3 2 1 6 2462 2492 2493 2463
2570 3 2 1 6 2463 2493 2494 2464
2571 3 2 1 6 2464 2494 202 203
2572 3 2 1 6 77 78 2495 2465
2573 3 2 1 6 2465 2495 2496 2466
2574 3 2 1 6 2466 2496 2497 2467
2575 3 2 1 6 2467 2497 2498 2468
2576 3 2 1 6 2468 2498 2499 2469
2577 3 2 1 6 2469 2499 2500 2470
2578 3 2 1 6 2470 2500 2501 2471
2579 3 2 1 6 2471 2501 2502 2472
2580 3 2 1 6 2472 2502 2503 2473
2581 3 2 1 6 2473 2503 2504 2474
2582 3 2 1 6 2474 2504 2505 2475
2583 3 2 1 6 2475 2505 2506 2476
2584 3 2 1 6 2476 2506 2507 2477
2585 3 2 1 6 2477 2507 2508 2478
2586 3 2 1 6 2478 2508 2509 2479
2587 3 2 1 6 2479 2509 2510 2480
2588 3 2 1 6 2480 2510 2511 2481
2589 3 2 1 6 2481 2511 2512 2482
2590 3 2 1 6 2482 2512 2513 2483
2591 3 2 1 6 2483 2513 2514 2484
2592 3 2 1 6 2484 2514 2515 2485
2593 3 2 1 6 2485 2515 2516 2486
2594 3 2 1 6 2486 2516 2517 2487
2595 3 2 1 6 2487 2517 2518 2488
2596 3 2 1 6 2488 2518 2519 2489
2597 3 2 1 6 2489 2519 2520 2490
2598 3 2 1 6 2490 2520 2521 2491
2599 3 2 1 6 2491 2521 2522 2492
2600 3 2 1 6 2492 2522 2523 2493
2601 3 2 1 6 2493 2523 2524 2494
2602 3 2 1 6 2494 2524 201 202
2603 3 2 1 6 78 79 2525 2495
2604 3 2 1 6 2495 2525 2526 2496
2605 3 2 1 6 2496 2526 2527 2497
2606 3 2 1 6 2497 2527 2528 2498
2607 3 2 1 6 2498 2528 2529 2499
2608 3 2 1 6 2499 2529 2530 2500
2609 3 2 1 6 2500 2530 2531 2501
2610 3 2 1 6 2501 2531 2532 2502
2611 3 2 1 6 2502 2532 2533 2503
2612 3 2 1 6 2503 2533 2534 2504
2613 3 2 1 6 2504 2534 2535 2505
2614 3 2 1 6 2505 2535 2536 2506
2615 3 2 1 6 2506 2536 2537 2507
2616 3 2 1 6 2507 2537 2538 2508
2617 3 2 1 6 2508 2538 2539 2509
2618 3 2 1 6 2509 2539 2540 2510
2619 3 2 1 6 2510 2540 2541 2511
2620 3 2 1 6 2511 2541 2542 2512
2621 3 2 1 6 2512 2542 2543 2513
2622 3 2 1 6 2513 2543 2544 2514
2623 3 2 1 6 2514 2544 2545 2515
2624 3 2 1 6 2515 2545 2546 2516
2625 3 2 1 6 2516 2546 2547 2517
2626 3 2 1 6 2517 2547 2548 2518
2627 3 2 1 6 2518 2548 2549 2519
2628 3 2 1 6 2519 2549 2550 2520
2629 3 2 1 6 2520 2550 2551 2521
2630 3 2 1 6 2521 2551 2552 2522
2631 3 2 1 6 2522 2552 2553 2523
2632 3 2 1 6 2523 2553 2554 2524
2633 3 2 1 6 2524 2554 200 201
2634 3 2 1 6 79 80 2555 2525
2635 3 2 1 6 2525 2555 2556 2526
2636 3 2 1 6 2526 2556 2557 2527
2637 3 2 1 6 2527 2557 2558 2528
2638 3 2 1 6 2528 2558 2559 2529
2639 3 2 1 6 2529 2559 2560 2530
2640 3 2 1 6 2530 2560 2561 2531
2641 3 2 1 6 2531 2561 2562 2532
2642 3 2 1 6 2532 2562 2563 2533
2643 3 2 1 6 2533 2563 2564 2534
2644 3 2 1 6 2534 2564 2565 2535
2645 3 2 1 6 2535 2565 2566 2536
2646 3 2 1 6 2536 2566 2567 2537
2647 3 2 1 6 2537 2567 2568 2538
2648 3 2 1 6 2538 2568 2569 2539
2649 3 2 1 6 2539 2569 2570 2540
2650 3 2 1 6 2540 2570 2571 2541
2651 3 2 1 6 2541 2571 2572 2542
2652 3 2 1 6 2542 2572 2573 2543
2653 3 2 1 6 2543 2573 2574 2544
2654 3 2 1 6 2544 2574 2575 2545
2655 3 2 1 6 2545 2575 2576 2546
2656 3 2 1 6 2546 2576 2577 2547
2657 3 2 1 6 2547 2577 2578 2548
2658 3 2 1 6 2548 2578 2579 2549
2659 3 2 1 6 2549 2579 2580 2550
2660 3 2 1 6 2550 2580 2581 2551
2661 3 2 1 6 2551 2581 2582 2552
2662 3 2 1 6 2552 2582 2583 2553
2663 3 2 1 6 2553 2583 2584 2554
2664 3 2 1 6 2554 2584 199 200
2665 3 2 1 6 80 81 2585 2555
2666 3 2 1 6 2555 2585 2586 2556
2667 3 2 1 6 2556 2586 2587 2557
2668 3 2 1 6 2557 2587 2588 2558
2669 3 2 1 6 2558 2588 2589 2559
2670 3 2 1 6 2559 2589 2590 2560
2671 3 2 1 6 2560 2590 2591 2561
2672 3 2 1 6 2561 2591 2592 2562
2673 3 2 1 6 2562 2592 2593 2563
2674 3 2 1 6 2563 2593 2594 2564
2675 3 2 1 6 2564 2594 2595 2565
2676 3 2 1 6 2565 2595 2596 2566
2677 3 2 1 6 2566 2596 2597 2567
2678 3 2 1 6 2567 2597 2598 2568
2679 3 2 1 6 2568 2598 2599 2569
2680 3 2 1 6 2569 2599 2600 2570
2681 3 2 1 6 2570 2600 2601 2571
2682 3 2 1 6 2571 2601 2602 2572
2683 3 2 1 6 2572 2602 2603 2573
2684 3 2 1 6 2573 2603 2604 2574
2685 3 2 1 6 2574 2604 2605 2575
2686 3 2 1 6 2575 2605 2606 2576
2687 3 2 1 6 2576 2606 2607 2577
2688 3 2 1 6 2577 2607 2608 2578
2689 3 2 1 6 2578 2608 2609 2579
2690 3 2 1 6 2579 2609 2610 2580
2691 3 2 1 6 2580 2610 2611 2581
2692 3 2 1 6 2581 2611 2612 2582
2693 3 2 1 6 2582 2612 2613 2583
2694 3 2 1 6 2583 2613 2614 2584
2695 3 2 1 6 2584 2614 198 199
2696 3 2 1 6 81 82 2615 2585
2697 3 2 1 6 2585 2615 2616 2586
2698 3 2 1 6 2586 2616 2617 2587
2699 3 2 1 6 2587 2617 2618 2588
2700 3 2 1 6 2588 2618 2619 2589
2701 3 2 1 6 2589 2619 2620 2590
2702 3 2 1 6 2590 2620 2621 2591
2703 3 2 1 6 2591 2621 2622 2592
2704 3 2 1 6 2592 2622 2623 2593
2705 3 2 1 6 2593 2623 2624 2594
2706 3 2 1 6 2594 2624 2625 2595
2707 3 2 1 6 2595 2625 2626 2596
2708 3 2 1 6 2596 2626 2627 2597
2709 3 2 1 6 2597 2627 2628 2598
2710 3 2 1 6 2598 2628 2629 2599
2711 3 2 1 6 2599 2629 2630 2600
2712 3 2 1 6 2600 2630 2631 2601
2713 3 2 1 6 2601 2631 2632 2602
2714 3 2 1 6 2602 2632 2633 2603
2715 3 2 1 6 2603 2633 2634 2604
2716 3 2 1 6 2604 2634 2635 2605
2717 3 2 1 6 2605 2635 2636 2606
2718 3 2 1 6 2606 2636 2637 2607
2719 3 2 1 6 2607 2637 2638 2608
2720 3 2 1 6 2608 2638 2639 2609
2721 3 2 1 6 2609 2639 2640 2610
2722 3 2 1 6 2610 2640 2641 2611
2723 3 2 1 6 2611 2641 2642 2612
2724 3 2 1 6 2612 2642 2643 2613
2725 3 2 1 6 2613 2643 2644 2614
2726 3 2 1 6 2614 2644 197 198
2727 3 2 1 6 82 83 2645 2615
2728 3 2 1 6 2615 2645 2646 2616
2729 3 2 1 6 2616 2646 2647 2617
2730 3 2 1 6 2617 2647 2648 2618
2731 3 2 1 6 2618 2648 2649 2619
2732 3 2 1 6 2619 2649 2650 2620
2733 3 2 1 6 2620 2650 2651 2621
2734 3 2 1 6 2621 2651 2652 2622
2735 3 2 1 6 2622 2652 2653 2623
2736 3 2 1 6 2623 2653 2654 2624
2737 3 2 1 6 2624 2654 2655 2625
2738 3 2 1 6 2625 2655 2656 2626
2739 3 2 1 6 2626 2656 2657 2627
2740 3 2 1 6 2627 2657 2658 2628
2741 3 2 1 6 2628 2658 2659 2629
2742 3 2 1 6 2629 2659 2660 2630
2743 3 2 1 6 2630 2660 2661 2631
2744 3 2 1 6 2631 2661 2662 2632
2745 3 2 1 6 2632 2662 2663 2633
2746 3 2 1 6 2633 2663 2664 2634
2747 3 2 1 6 2634 2664 2665 2635
2748 3 2 1 6 2635 2665 2666 2636
2749 3 2 1 6 2636 2666 2667 2637
2750 3 2 1 6 2637 2667 2668 2638
2751 3 2 1 6 2638 2668 2669 2639
2752 3 2 1 6 2639 2669 2670 2640
2753 3 2 1 6 2640 2670 2671 2641
2754 3 2 1 6 2641 2671 2672 2642
2755 3 2 1 6 2642 2672 2673 2643
2756 3 2 1 6 2643 2673 2674 2644
2757 3 2 1 6 2644 2674 196 197
2758 3 2 1 6 83 84 2675 2645
2759 3 2 1 6 2645 2675 2676 2646
2760 3 2 1 6 2646 2676 2677 2647
2761 3 2 1 6 2647 2677 2678 2648
2762 3 2 1 6 2648 2678 2679 2649
2763 3 2 1 6 2649 2679 2680 2650
2764 3 2 1 6 2650 2680 2681 2651
2765 3 2 1 6 2651 2681 2682 2652
2766 3 2 1 6 2652 2682 2683 2653
2767 3 2 1 6 2653 2683 2684 2654
2768 3 2 1 6 2654 2684 2685 2655
2769 3 2 1 6 2655 2685 2686 2656
2770 3 2 1 6 2656 2686 2687 2657
2771 3 2 1 6 2657 2687 2688 2658
2772 3 2 1 6 2658 2688 2689 2659
2773 3 2 1 6 2659 2689 2690 2660
2774 3 2 1 6 2660 2690 2691 2661
2775 3 2 1 6 2661 2691 2692 2662
2776 3 2 1 6 2662 2692 2693 2663
2777 3 2 1 6 2663 2693 2694 2664
2778 3 2 1 6 2664 2694 2695 2665
2779 3 2 1 6 2665 2695 2696 2666
2780 3 2 1 6 2666 2696 2697 2667
2781 3 2 1 6 2667 2697 2698 2668
2782 3 2 1 6 2668 2698 2699 2669
2783 3 2 1 6 2669 2699 2700 2670
2784 3 2 1 6 2670 2700 2701 2671
2785 3 2 1 6 2671 2701 2702 2672
2786 3 2 1 6 2672 2702 2703 2673
2787 3 2 1 6 2673 2703 2704 2674
2788 3 2 1 6 2674 2704 195 196
2789 3 2 1 6 84 85 2705 2675
2790 3 2 1 6 2675 2705 2706 2676
2791 3 2 1 6 2676 2706 2707 2677
2792 3 2 1 6 2677 2707 2708 2678
2793 3 2 1 6 2678 2708 2709 2679
2794 3 2 1 6 2679 2709 2710 2680
2795 3 2 1 6 2680 2710 2711 2681
2796 3 2 1 6 2681 2711 2712 2682
2797 3 2 1 6 2682 2712 2713 2683
2798 3 2 1 6 2683 2713 2714 2684
2799 3 2 1 6 2684 2714 2715 2685
2800 3 2 1 6 2685 2715 2716 2686
2801 3 2 1 6 2686 2716 2717 2687
2802 3 2 1 6 2687 2717 2718 2688
2803 3 2 1 6 2688 2718 2719 2689
2804 3 2 1 6 2689 2719 2720 2690
2805 3 2 1 6 2690 2720 2721 2691
2806 3 2 1 6 2691 2721 2722 2692
2807 3 2 1 6 2692 2722 2723 2693
2808 3 2 1 6 2693 2723 2724 2694
2809 3 2 1 6 2694 2724 2725 2695
2810 3 2 1 6 2695 2725 2726 2696
2811 3 2 1 6 2696 2726 2727 2697
2812 3 2 1 6 2697 2727 2728 2698
2813 3 2 1 6 2698 2728 2729 2699
2814 3 2 1 6 2699 2729 2730 2700
2815 3 2 1 6 2700 2730 2731 2701
2816 3 2 1 6 2701 2731 2732 2702
2817 3 2 1 6 2702 2732 2733 2703
2818 3 2 1 6 2703 2733 2734 2704
2819 3 2 1 6 2704 2734 194 195
2820 3 2 1 6 85 86 2735 2705
2821 3 2 1 6 2705 2735 2736 2706
2822 3 2 1 6 2706 2736 2737 2707
2823 3 2 1 6 2707 2737 2738 2708
2824 3 2 1 6 2708 2738 2739 2709
2825 3 2 1 6 2709 2739 2740 2710
2826 3 2 1 6 2710 2740 2741 2711
2827 3 2 1 6 2711 2741 2742 2712
2828 3 2 1 6 2712 2742 2743 2713
2829 3 2 1 6 2713 2743 2744 2714
2830 3 2 1 6 2714 2744 2745 2715
2831 3 2 1 6 2715 2745 2746 2716
2832 3 2 1 6 2716 2746 2747 2717
2833 3 2 1 6 2717 2747 2748 2718
2834 3 2 1 6 2718 2748 2749 2719
2835 3 2 1 6 2719 2749 2750 2720
2836 3 2 1 6 2720 2750 2751 2721
2837 3 2 1 6 2721 2751 2752 2722
2838 3 2 1 6 2722 2752 2753 2723
2839 3 2 1 6 2723 2753 2754 2724
2840 3 2 1 6 2724 2754 2755 2725
2841 3 2 1 6 2725 2755 2756 2726
2842 3 2 1 6 2726 2756 2757 2727
2843 3 2 1 6 2727 2757 2758 2728
2844 3 2 1 6 2728 2758 2759 2729
2845 3 2 1 6 2729 2759 2760 2730
2846 3 2 1 6 2730 2760 2761 2731
2847 3 2 1 6 2731 2761 2762 2732
2848 3 2 1 6 2732 2762 2763 2733
2849 3 2 1 6 2733 2763 2764 2734
2850 3 2 1 6 2734 2764 193 194
2851 3 2 1 6 86 87 2765 2735
2852 3 2 1 6 2735 2765 2766 2736
2853 3 2 1 6 2736 2766 2767 2737
2854 3 2 1 6 2737 2767 2768 2738
2855 3 2 1 6 2738 2768 2769 2739
2856 3 2 1 6 2739 2769 2770 2740
2857 3 2 1 6 2740 2770 2771 2741
2858 3 2 1 6 2741 2771 2772 2742
2859 3 2 1 6 2742 2772 2773 2743
2860 3 2 1 6 2743 2773 2774 2744
2861 3 2 1 6 2744 2774 2775 2745
2862 3 2 1 6 2745 2775 2776 2746
2863 3 2 1 6 2746 2776 2777 2747
2864 3 2 1 6 2747 2777 2778 2748
2865 3 2 1 6 2748 2778 2779 2749
2866 3 2 1 6 2749 2779 2780 2750
2867 3 2 1 6 2750 2780 2781 2751
2868 3 2 1 6 2751 2781 2782 2752
2869 3 2 1 6 2752 2782 2783 2753
2870 3 2 1 6 2753 2783 2784 2754
2871 3 2 1 6 2754 2784 2785 2755
2872 3 2 1 6 2755 2785 2786 2756
2873 3 2 1 6 2756 2786 2787 2757
2874 3 2 1 6 2757 2787 2788 2758
2875 3 2 1 6 2758 2788 2789 2759
2876 3 2 1 6 2759 2789 2790 2760
2877 3 2 1 6 2760 2790 2791 2761
2878 3 2 1 6 2761 2791 2792 2762
2879 3 2 1 6 2762 2792 2793 2763
2880 3 2 1 6 2763 2793 2794 2764
2881 3 2 1 6 2764 2794 192 193
2882 3 2 1 6 87 88 2795 2765
2883 3 2 1 6 2765 2795 2796 2766
2884 3 2 1 6 2766 2796 2797 2767
2885 3 2 1 6 2767 2797 2798 2768
2886 3 2 1 6 2768 2798 2799 2769
2887 3 2 1 6 2769 2799 2800 2770
2888 3 2 1 6 2770 2800 2801 2771
2889 3 2 1 6 2771 2801 2802 2772
2890 3 2 1 6 2772 2802 2803 2773
2891 3 2 1 6 2773 2803 2804 2774
2892 3 2 1 6 2774 2804 2805 2775
2893 3 2 1 6 2775 2805 2806 2776
2894 3 2 1 6 2776 2806 2807 2777
2895 3 2 1 6 2777 2807 2808 2778
2896 3 2 1 6 2778 2808 2809 2779
2897 3 2 1 6 2779 2809 2810 2780
2898 3 2 1 6 2780 2810 2811 2781
2899 3 2 1 6 2781 2811 2812 2782
2900 3 2 1 6 2782 2812 2813 2783
2901 3 2 1 6 2783 2813 2814 2784
2902 3 2 1 6 2784 2814 2815 2785
2903 3 2 1 6 2785 2815 2816 2786
2904 3 2 1 6 2786 2816 2817 2787
2905 3 2 1 6 2787 2817 2818 2788
2906 3 2 1 6 2788 2818 2819 2789
2907 3 2 1 6 2789 2819 2820 2790
2908 3 2 1 6 2790 2820 2821 2791
2909 3 2 1 6 2791 2821 2822 2792
2910 3 2 1 6 2792 2822 2823 2793
2911 3 2 1 6 2793 2823 2824 2794
2912 3 2 1 6 2794 2824 191 192
2913 3 2 1 6 88 89 2825 2795
2914 3 2 1 6 2795 2825 2826 2796
2915 3 2 1 6 2796 2826 2827 2797
2916 3 2 1 6 2797 2827 2828 2798
2917 3 2 1 6 2798 2828 2829 2799
2918 3 2 1 6 2799 2829 2830 2800
2919 3 2 1 6 2800 2830 2831 2801
2920 3 2 1 6 2801 2831 2832 2802
2921 3 2 1 6 2802 2832 2833 2803
2922 3 2 1 6 2803 2833 2834 2804
2923 3 2 1 6 2804 2834 2835 2805
2924 3 2 1 6 2805 2835 2836 2806
2925 3 2 1 6 2806 2836 2837 2807
2926 3 2 1 6 2807 2837 2838 2808
2927 3 2 1 6 2808 2838 2839 2809
2928 3 2 1 6 2809 2839 2840 2810
2929 3 2 1 6 2810 2840 2841 2811
2930 3 2 1 6 2811 2841 2842 2812
2931 3 2 1 6 2812 2842 2843 2813
2932 3 2 1 6 2813 2843 2844 2814
2933 3 2 1 6 2814 2844 2845 2815
2934 3 2 1 6 2815 2845 2846 2816
2935 3 2 1 6 2816 2846 2847 2817
2936 3 2 1 6 2817 2847 2848 2818
2937 3 2 1 6 2818 2848 2849 2819
2938 3 2 1 6 2819 2849 2850 2820
2939 3 2 1 6 2820 2850 2851 2821
2940 3 2 1 6 2821 2851 2852 2822
2941 3 2 1 6 2822 2852 2853 2823
2942 3 2 1 6 2823 2853 2854 2824
2943 3 2 1 6 2824 2854 190 191
2944 3 2 1 6 89 90 2855 2825
2945 3 2 1 6 2825 2855 2856 2826
2946 3 2 1 6 2826 2856 2857 2827
2947 3 2 1 6 2827 2857 2858 2828
2948 3 2 1 6 2828 2858 2859 2829
2949 3 2 1 6 2829 2859 2860 2830
2950 3 2 1 6 2830 2860 2861 2831
2951 3 2 1 6 2831 2861 2862 2832
2952 3 2 1 6 2832 2862 2863 2833
2953 3 2 1 6 2833 2863 2864 2834
2954 3 2 1 6 2834 2864 2865 2835
2955 3 2 1 6 2835 2865 2866 2836
2956 3 2 1 6 2836 2866 2867 2837
2957 3 2 1 6 2837 2867 2868 2838
2958 3 2 1 6 2838 2868 2869 2839
2959 3 2 1 6 2839 2869 2870 2840
2960 3 2 1 6 2840 2870 2871 2841
2961 3 2 1 6 2841 2871 2872 2842
2962 3 2 1 6 2842 2872 2873 2843
2963 3 2 1 6 2843 2873 2874 2844
2964 3 2 1 6 2844 2874 2875 2845
2965 3 2 1 6 2845 2875 2876 2846
2966 3 2 1 6 2846 2876 2877 2847
2967 3 2 1 6 2847 2877 2878 2848
2968 3 2 1 6 2848 2878 2879 2849
2969 3 2 1 6 2849 2879 2880 2850
2970 3 2 1 6 2850 2880 2881 2851
2971 3 2 1 6 2851 2881 2882 2852
2972 3 2 1 6 2852 2882 2883 2853
2973 3 2 1 6 2853 2883 2884 2854
2974 3 2 1 6 2854 2884 189 190
2975 3 2 1 6 90 91 2885 2855
2976 3 2 1 6 2855 2885 2886 2856
2977 3 2 1 6 2856 2886 2887 2857
2978 3 2 1 6 2857 2887 2888 2858
2979 3 2 1 6 2858 2888 2889 2859
2980 3 2 1 6 2859 2889 2890 2860
2981 3 2 1 6 2860 2890 2891 2861
2982 3 2 1 6 2861 2891 2892 2862
2983 3 2 1 6 2862 2892 2893 2863
2984 3 2 1 6 2863 2893 2894 2864
2985 3 2 1 6 2864 2894 2895 2865
2986 3 2 1 6 2865 2895 2896 2866
2987 3 2 1 6 2866 2896 2897 2867
2988 3 2 1 6 2867 2897 2898 2868
2989 3 2 1 6 2868 2898 2899 2869
2990 3 2 1 6 2869 2899 2900 2870
2991 3 2 1 6 2870 2900 2901 2871
2992 3 2 1 6 2871 2901 2902 2872
2993 3 2 1 6 2872 2902 2903 2873
2994 3 2 1 6 2873 2903 2904 2874
2995 3 2 1 6 2874 2904 2905 2875
2996 3 2 1 6 2875 2905 2906 2876
2997 3 2 1 6 2876 2906 2907 2877
2998 3 2 1 6 2877 2907 2908 2878
2999 3 2 1 6 2878 2908 2909 2879
3000 3 2 1 6 2879 2909 2910 2880
3001 3 2 1 6 2880 2910 2911 2881
3002 3 2 1 6 2881 2911 2912 2882
3003 3 2 1 6 2882 2912 2913 2883
3004 3 2 1 6 2883 2913 2914 2884
3005 3 2 1 6 2884 2914 188 189
3006 3 2 1 6 91 92 2915 2885
3007 3 2 1 6 2885 2915 2916 2886
3008 3 2 1 6 2886 2916 2917 2887
3009 3 2 1 6 2887 2917 2918 2888
3010 3 2 1 6 2888 2918 2919 2889
3011 3 2 1 6 2889 2919 2920 2890
3012 3 2 1 6 2890 2920 2921 2891
3013 3 2 1 6 2891 2921 2922 2892
3014 3 2 1 6 2892 2922 2923 2893
3015 3 2 1 6 2893 2923 2924 2894
3016 3 2 1 6 2894 2924 2925 2895
3017 3 2 1 6 2895 2925 2926 2896
3018 3 2 1 6 2896 2926 2927 2897
3019 3 2 1 6 2897 2927 2928 2898
3020 3 2 1 6 2898 2928 2929 2899
3021 3 2 1 6 2899 2929 2930 2900
3022 3 2 1 6 2900 2930 2931 2901
3023 3 2 1 6 2901 2931 2932 2902
3024 3 2 1 6 2902 2932 2933 2903
3025 3 2 1 6 2903 2933 2934 2904
3026 3 2 1 6 2904 2934 2935 2905
3027 3 2 1 6 2905 2935 2936 2906
3028 3 2 1 6 2906 2936 2937 2907
3029 3 2 1 6 2907 2937 2938 2908
3030 3 2 1 6 2908 2938 2939 2909
3031 3 2 1 6 2909 2939 2940 2910
3032 3 2 1 6 2910 2940 2941 2911
3033 3 2 1 6 2911 2941 2942 2912
3034 3 2 1 6 2912 2942 2943 2913
3035 3 2 1 6 2913 2943 2944 2914
3036 3 2 1 6 2914 2944 187 188
3037 3 2 1 6 92 93 2945 2915
3038 3 2 1 6 2915 2945 2946 2916
3039 3 2 1 6 2916 2946 2947 2917
3040 3 2 1 6 2917 2947 2948 2918
3041 3 2 1 6 2918 2948 2949 2919
3042 3 2 1 6 2919 2949 2950 2920
3043 3 2 1 6 2920 2950 2951 2921
3044 3 2 1 6 2921 2951 2952 2922
3045 3 2 1 6 2922 2952 2953 2923
3046 3 2 1 6 2923 2953 2954 2924
3047 3 2 1 6 2924 2954 2955 2925
3048 3 2 1 6 2925 2955 2956 2926
3049 3 2 1 6 2926 2956 2957 2927
3050 3 2 1 6 2927 2957 2958 2928
3051 3 2 1 6 2928 2958 2959 2929
3052 3 2 1 6 2929 2959 2960 2930
3053 3 2 1 6 2930 2960 2961 2931
3054 3 2 1 6 2931 2961 2962 2932
3055 3 2 1 6 2932 2962 2963 2933
3056 3 2 1 6 2933 2963 2964 2934
3057 3 2 1 6 2934 2964 2965 2935
3058 3 2 1 6 2935 2965 2966 2936
3059 3 2 1 6 2936 2966 2967 2937
3060 3 2 1 6 2937 2967 2968 2938
3061 3 2 1 6 2938 2968 2969 2939
3062 3 2 1 6 2939 2969 2970 2940
3063 3 2 1 6 2940 2970 2971 2941
3064 3 2 1 6 2941 2971 2972 2942
3065 3 2 1 6 2942 2972 2973 2943
3066 3 2 1 6 2943 2973 2974 2944
3067 3 2 1 6 2944 2974 186 187
3068 3 2 1 6 93 94 2975 2945
3069 3 2 1 6 2945 2975 2976 2946
3070 3 2 1 6 2946 2976 2977 2947
3071 3 2 1 6 2947 2977 2978 2948
3072 3 2 1 6 2948 2978 2979 2949
3073 3 2 1 6 2949 2979 2980 2950
3074 3 2 1 6 2950 2980 2981 2951
3075 3 2 1 6 2951 2981 2982 2952
3076 3 2 1 6 2952 2982 2983 2953
3077 3 2 1 6 2953 2983 2984 2954
3078 3 2 1 6 2954 2984 2985 2955
3079 3 2 1 6 2955 2985 2986 2956
3080 3 2 1 6 2956 2986 2987 2957
3081 3 2 1 6 2957 2987 2988 2958
3082 3 2 1 6 2958 2988 2989 2959
3083 3 2 1 6 2959 2989 2990 2960
3084 3 2 1 6 2960 2990 2991 2961
3085 3 2 1 6 2961 2991 2992 2962
3086 3 2 1 6 2962 2992 2993 2963
3087 3 2 1 6 2963 2993 2994 2964
3088 3 2 1 6 2964 2994 2995 2965
3089 3 2 1 6 2965 2995 2996 2966
3090 3 2 1 6 2966 2996 2997 2967
3091 3 2 1 6 2967 2997 2998 2968
3092 3 2 1 6 2968 2998 2999 2969
3093 3 2 1 6 2969 2999 3000 2970
3094 3 2 1 6 2970 3000 3001 2971
3095 3 2 1 6 2971 3001 3002 2972
3096 3 2 1 6 2972 3002 3003 2973
3097 3 2 1 6 2973 3003 3004 2974
3098 3 2 1 6 2974 3004 185 186
3099 3 2 1 6 94 95 3005 2975
3100 3 2 1 6 2975 3005 3006 2976
3101 3 2 1 6 2976 3006 3007 2977
3102 3 2 1 6 2977 3007 3008 2978
3103 3 2 1 6 2978 3008 3009 2979
3104 3 2 1 6 2979 3009 3010 2980
3105 3 2 1 6 2980 3010 3011 2981
3106 3 2 1 6 2981 3011 3012 2982
3107 3 2 1 6 2982 3012 3013 2983
3108 3 2 1 6 2983 3013 3014 2984
3109 3 2 1 6 2984 3014 3015 2985
3110 3 2 1 6 2985 3015 3016 2986
3111 3 2 1 6 2986 3016 3017 2987
3112 3 2 1 6 2987 3017 3018 2988
3113 3 2 1 6 2988 3018 3019 2989
3114 3 2 1 6 2989 3019 3020 2990
3115 3 2 1 6 2990 3020 3021 2991
3116 3 2 1 6 2991 3021 3022 2992
3117 3 2 1 6 2992 3022 3023 2993
3118 3 2 1 6 2993 3023 3024 2994
3119 3 2 1 6 2994 3024 3025 2995
3120 3 2 1 6 2995 3025 3026 2996
3121 3 2 1 6 2996 3026 3027 2997
3122 3 2 1 6 2997 3027 3028 2998
3123 3 2 1 6 2998 3028 3029 2999
3124 3 2 1 6 2999 3029 3030 3000
3125 3 2 1 6 3000 3030 3031 3001
3126 3 2 1 6 3001 3031 3032 3002
3127 3 2 1 6 3002 3032 3033 3003
3128 3 2 1 6 3003 3033 3034 3004
3129 3 2 1 6 3004 3034 184 185
3130 3 2 1 6 95 96 3035 3005
3131 3 2 1 6 3005 3035 3036 3006
3132 3 2 1 6 3006 3036 3037 3007
3133 3 2 1 6 3007 3037 3038 3008
3134 3 2 1 6 3008 3038 3039 3009
3135 3 2 1 6 3009 3039 3040 3010
3136 3 2 1 6 3010 3040 3041 3011
3137 3 2 1 6 3011 3041 3042 3012
3138 3 2 1 6 3012 3042 3043 3013
3139 3 2 1 6 3013 3043 3044 3014
3140 3 2 1 6 3014 3044 3045 3015
3141 3 2 1 6 3015 3045 3046 3016
3142 3 2 1 6 3016 3046 3047 3017
3143 3 2 1 6 3017 3047 3048 3018
3144 3 2 1 6 3018 3048 3049 3019
3145 3 2 1 6 3019 3049 3050 3020
3146 3 2 1 6 3020 3050 3051 3021
3147 3 2 1 6 3021 3051 3052 3022
3148 3 2 1 6 3022 3052 3053 3023
3149 3 2 1 6 3023 3053 3054 3024
3150 3 2 1 6 3024 3054 3055 3025
3151 3 2 1 6 3025 3055 3056 3026
3152 3 2 1 6 3026 3056 3057 3027
3153 3 2 1 6 3027 3057 3058 3028
3154 3 2 1 6 3028 3058 3059 3029
3155 3 2 1 6 3029 3059 3060 3030
3156 3 2 1 6 3030 3060 3061 3031
3157 3 2 1 6 3031 3061 3062 3032
3158 3 2 1 6 3032 3062 3063 3033
3159 3 2 1 6 3033 3063 3064 3034
3160 3 2 1 6 3034 3064 183 184
3161 3 2 1 6 96 97 3065 3035
3162 3 2 1 6 3035 3065 3066 3036
3163 3 2 1 6 3036 3066 3067 3037
3164 3 2 1 6 3037 3067 3068 3038
3165 3 2 1 6 3038 3068 3069 3039
3166 3 2 1 6 3039 3069 3070 3040
3167 3 2 1 6 3040 3070 3071 3041
3168 3 2 1 6 3041 3071 3072 3042
3169 3 2 1 6 3042 3072 3073 3043
3170 3 2 1 6 3043 3073 3074 3044
3171 3 2 1 6 3044 3074 3075 3045
3172 3 2 1 6 3045 3075 3076 3046
3173 3 2 1 6 3046 3076 3077 3047
3174 3 2 1 6 3047 3077 3078 3048
3175 3 2 1 6 3048 3078 3079 3049
3176 3 2 1 6 3049 3079 3080 3050
3177 3 2 1 6 3050 3080 3081 3051
3178 3 2 1 6 3051 3081 3082 3052
3179 3 2 1 6 3052 3082 3083 3053
3180 3 2 1 6 3053 3083 3084 3054
3181 3 2 1 6 3054 3084 3085 3055
3182 3 2 1 6 3055 3085 3086 3056
3183 3 2 1 6 3056 3086 3087 3057
3184 3 2 1 6 3057 3087 3088 3058
3185 3 2 1 6 3058 3088 3089 3059
3186 3 2 1 6 3059 3089 3090 3060
3187 3 2 1 6 3060 3090 3091 3061
3188 3 2 1 6 3061 3091 3092 3062
3189 3 2 1 6 3062 3092 3093 3063
3190 3 2 1 6 3063 3093 3094 3064
3191 3 2 1 6 3064 3094 182 183
3192 3 2 1 6 97 98 3095 3065
3193 3 2 1 6 3065 3095 3096 3066
3194 3 2 1 6 3066 3096 3097 3067
3195 3 2 1 6 3067 3097 3098 3068
3196 3 2 1 6 3068 3098 3099 3069
3197 3 2 1 6 3069 3099 3100 3070
3198 3 2 1 6 3070 3100 3101 3071
3199 3 2 1 6 3071 3101 3102 3072
3200 3 2 1 6 3072 3102 3103 3073
3201 3 2 1 6 3073 3103 3104 3074
3202 3 2 1 6 3074 3104 3105 3075
3203 3 2 1 6 3075 3105 3106 3076
3204 3 2 1 6 3076 3106 3107 3077
3205 3 2 1 6 3077 3107 3108 3078
3206 3 2 1 6 3078 3108 3109 3079
3207 3 2 1 6 3079 3109 3110 3080
3208 3 2 1 6 3080 3110 3111 3081
3209 3 2 1 6 3081 3111 3112 3082
3210 3 2 1 6 3082 3112 3113 3083
3211 3 2 1 6 3083 3113 3114 3084
3212 3 2 1 6 3084 3114 3115 3085
3213 3 2 1 6 3085 3115 3116 3086
3214 3 2 1 6 3086 3116 3117 3087
3215 3 2 1 6 3087 3117 3118 3088
3216 3 2 1 6 3088 3118 3119 3089
3217 3 2 1 6 3089 3119 3120 3090
3218 3 2 1 6 3090 3120 3121 3091
3219 3 2 1 6 3091 3121 3122 3092
3220 3 2 1 6 3092 3122 3123 3093
3221 3 2 1 6 3093 3123 3124 3094
3222 3 2 1 6 3094 3124 181 182
3223 3 2 1 6 98 99 3125 3095
3224 3 2 1 6 3095 3125 3126 3096
3225 3 2 1 6 3096 3126 3127 3097
3226 3 2 1 6 3097 3127 3128 3098
3227 3 2 1 6 3098 3128 3129 3099
3228 3 2 1 6 3099 3129 3130 3100
3229 3 2 1 6 3100 3130 3131 3101
3230 3 2 1 6 3101 3131 3132 3102
3231 3 2 1 6 3102 3132 3133 3103
3232 3 2 1 6 3103 3133 3134 3104
3233 3 2 1 6 3104 3134 3135 3105
3234 3 2 1 6 3105 3135 3136 3106
3235 3 2 1 6 3106 3136 3137 3107
3236 3 2 1 6 3107 3137 3138 3108
3237 3 2 1 6 3108 3138 3139 3109
3238 3 2 1 6 3109 3139 3140 3110
3239 3 2 1 6 3110 3140 3141 3111
3240 3 2 1 6 3111 3141 3142 3112
3241 3 2 1 6 3112 3142 3143 3113
3242 3 2 1 6 3113 3143 3144 3114
3243 3 2 1 6 3114 3144 3145 3115
3244 3 2 1 6 3115 3145 3146 3116
3245 3 2 1 6 3116 3146 3147 3117
3246 3 2 1 6 3117 3147 3148 3118
3247 3 2 1 6 3118 3148 3149 3119
3248 3 2 1 6 3119 3149 3150 3120
3249 3 2 1 6 3120 3150 3151 3121
3250 3 2 1 6 3121 3151 3152 3122
3251 3 2 1 6 3122 3152 3153 3123
3252 3 2 1 6 3123 3153 3154 3124
3253 3 2 1 6 3124 3154 180 181
3254 3 2 1 6 99 100 3155 3125
3255 3 2 1 6 3125 3155 3156 3126
3256 3 2 1 6 3126 3156 3157 3127
3257 3 2 1 6 3127 3157 3158 3128
3258 3 2 1 6 3128 3158 3159 3129
3259 3 2 1 6 3129 3159 3160 3130
3260 3 2 1 6 3130 3160 3161 3131
3261 3 2 1 6 3131 3161 3162 3132
3262 3 2 1 6 3132 3162 3163 3133
3263 3 2 1 6 3133 3163 3164 3134
3264 3 2 1 6 3134 3164 3165 3135
3265 3 2 1 6 3135 3165 3166 3136
3266 3 2 1 6 3136 3166 3167 3137
3267 3 2 1 6 3137 3167 3168 3138
3268 3 2 1 6 3138 3168 3169 3139
3269 3 2 1 6 3139 3169 3170 3140
3270 3 2 1 6 3140 3170 3171 3141
3271 3 2 1 6 3141 3171 3172 3142
3272 3 2 1 6 3142 3172 3173 3143
3273 3 2 1 6 3143 3173 3174 3144
3274 3 2 1 6 3144 3174 3175 3145
3275 3 2 1 6 3145 3175 3176 3146
3276 3 2 1 6 3146 3176 3177 3147
3277 3 2 1 6 3147 3177 3178 3148
3278 3 2 1 6 3148 3178 3179 3149
3279 3 2 1 6 3149 3179 3180 3150
3280 3 2 1 6 3150 3180 3181 3151
3281 3 2 1 6 3151 3181 3182 3152
3282 3 2 1 6 3152 3182 3183 3153
3283 3 2 1 6 3153 3183 3184 3154
3284 3 2 1 6 3154 3184 179 180
3285 3 2 1 6 100 101 3185 3155
3286 3 2 1 6 3155 3185 3186 3156
3287 3 2 1 6 3156 3186 3187 3157
3288 3 2 1 6 3157 3187 3188 3158
3289 3 2 1 6 3158 3188 3189 3159
3290 3 2 1 6 3159 3189 3190 3160
3291 3 2 1 6 3160 3190 3191 3161
3292 3 2 1 6 3161 3191 3192 3162
3293 3 2 1 6 3162 3192 3193 3163
3294 3 2 1 6 3163 3193 3194 3164
3295 3 2 1 6 3164 3194 3195 3165
3296 3 2 1 6 3165 3195 3196 3166
3297 3 2 1 6 3166 3196 3197 3167
3298 3 2 1 6 3167 3197 3198 3168
3299 3 2 1 6 3168 3198 3199 3169
3300 3 2 1 6 3169 3199 3200 3170
3301 3 2 1 6 3170 3200 3201 3171
3302 3 2 1 6 3171 3201 3202 3172
3303 3 2 1 6 3172 3202 3203 3173
3304 3 2 1 6 3173 3203 3204 3174
3305 3 2 1 6 3174 3204 3205 3175
3306 3 2 1 6 3175 3205 3206 3176
3307 3 2 1 6 3176 3206 3207 3177
3308 3 2 1 6 3177 3207 3208 3178
3309 3 2 1 6 3178 3208 3209 3179
3310 3 2 1 6 3179 3209 3210 3180
3311 3 2 1 6 3180 3210 3211 3181
3312 3 2 1 6 3181 3211 3212 3182
3313 3 2 1 6 3182 3212 3213 3183
3314 3 2 1 6 3183 3213 3214 3184
3315 3 2 1 6 3184 3214 178 179
3316 3 2 1 6 101 102 3215 3185
3317 3 2 1 6 3185 3215 3216 3186
3318 3 2 1 6 3186 3216 3217 3187
3319 3 2 1 6 3187 3217 3218 3188
3320 3 2 1 6 3188 3218 3219 3189
3321 3 2 1 6 3189 3219 3220 3190
3322 3 2 1 6 3190 3220 3221 3191
3323 3 2 1 6 3191 3221 3222 3192
3324 3 2 1 6 3192 3222 3223 3193
3325 3 2 1 6 3193 3223 3224 3194
3326 3 2 1 6 3194 3224 3225 3195
3327 3 2 1 6 3195 3225 3226 3196
3328 3 2 1 6 3196 3226 3227 3197
3329 3 2 1 6 3197 3227 3228 3198
3330 3 2 1 6 3198 3228 3229 3199
3331 3 2 1 6 3199 3229 3230 3200
3332 3 2 1 6 3200 3230 3231 3201
3333 3 2 1 6 3201 3231 3232 3202
3334 3 2 1 6 3202 3232 3233 3203
3335 3 2 1 6 3203 3233 3234 3204
3336 3 2 1 6 3204 3234 3235 3205
3337 3 2 1 6 3205 3235 3236 3206
3338 3 2 1 6 3206 3236 3237 3207
3339 3 2 1 6 3207 3237 3238 3208
3340 3 2 1 6 3208 3238 3239 3209
3341 3 2 1 6 3209 3239 3240 3210
3342 3 2 1 6 3210 3240 3241 3211
3343 3 2 1 6 3211 3241 3242 3212
3344 3 2 1 6 3212 3242 3243 3213
3345 3 2 1 6 3213 3243 3244 3214
3346 3 2 1 6 3214 3244 177 178
3347 3 2 1 6 102 103 3245 3215
3348 3 2 1 6 3215 3245 3246 3216
3349 3 2 1 6 3216 3246 3247 3217
3350 3 2 1 6 3217 3247 3248 3218
3351 3 2 1 6 3218 3248 3249 3219
3352 3 2 1 6 3219 3249 3250 3220
3353 3 2 1 6 3220 3250 3251 3221
3354 3 2 1 6 3221 3251 3252 3222
3355 3 2 1 6 3222 3252 3253 3223
3356 3 2 1 6 3223 3253 3254 3224
3357 3 2 1 6 3224 3254 3255 3225
3358 3 2 1 6 3225 3255 3256 3226
3359 3 2 1 6 3226 3256 3257 3227
3360 3 2 1 6 3227 3257 3258 3228
3361 3 2 1 6 3228 3258 3259 3229
3362 3 2 1 6 3229 3259 3260 3230
3363 3 2 1 6 3230 3260 3261 3231
3364 3 2 1 6 3231 3261 3262 3232
3365 3 2 1 6 3232 3262 3263 3233
3366 3 2 1 6 3233 3263 3264 3234
3367 3 2 1 6 3234 3264 3265 3235
3368 3 2 1 6 3235 3265 3266 3236
3369 3 2 1 6 3236 3266 3267 3237
3370 3 2 1 6 3237 3267 3268 3238
3371 3 2 1 6 3238 3268 3269 3239
3372 3 2 1 6 3239 3269 3270 3240
3373 3 2 1 6 3240 3270 3271 3241
3374 3 2 1 6 3241 3271 3272 3242
3375 3 2 1 6 3242 3272 3273 3243
3376 3 2 1 6 3243 3273 3274 3244
3377 3 2 1 6 3244 3274 176 177
3378 3 2 1 6 103 104 3275 3245
3379 3 2 1 6 3245 3275 3276 3246
3380 3 2 1 6 3246 3276 3277 3247
3381 3 2 1 6 3247 3277 3278 3248
3382 3 2 1 6 3248 3278 3279 3249
3383 3 2 1 6 3249 3279 3280 3250
3384 3 2 1 6 3250 3280 3281 3251
3385 3 2 1 6 3251 3281 3282 3252
3386 3 2 1 6 3252 3282 3283 3253
3387 3 2 1 6 3253 3283 3284 3254
3388 3 2 1 6 3254 3284 3285 3255
3389 3 2 1 6 3255 3285 3286 3256
3390 3 2 1 6 3256 3286 3287 3257
3391 3 2 1 6 3257 3287 3288 3258
3392 3 2 1 6 3258 3288 3289 3259
3393 3 2 1 6 3259 3289 3290 3260
3394 3 2 1 6 3260 3290 3291 3261
3395 3 2 1 6 3261 3291 3292 3262
3396 3 2 1 6 3262 3292 3293 3263
3397 3 2 1 6 3263 3293 3294 3264
3398 3 2 1 6 3264 3294 3295 3265
3399 3 2 1 6 3265 3295 3296 3266
3400 3 2 1 6 3266 3296 3297 3267
3401 3 2 1 6 3267 3297 3298 3268
3402 3 2 1 6 3268 3298 3299 3269
3403 3 2 1 6 3269 3299 3300 3270
3404 3 2 1 6 3270 3300 3301 3271
3405 3 2 1 6 3271 3301 3302 3272
3406 3 2 1 6 3272 3302 3303 3273
3407 3 2 1 6 3273 3303 3304 3274
3408 3 2 1 6 3274 3304 175 176
3409 3 2 1 6 104 105 3305 3275
3410 3 2 1 6 3275 3305 3306 3276
3411 3 2 1 6 3276 3306 3307 3277
3412 3 2 1 6 3277 3307 3308 3278
3413 3 2 1 6 3278 3308 3309 3279
3414 3 2 1 6 3279 3309 3310 3280
3415 3 2 1 6 3280 3310 3311 3281
3416 3 2 1 6 3281 3311 3312 3282
3417 3 2 1 6 3282 3312 3313 3283
3418 3 2 1 6 3283 3313 3314 3284
3419 3 2 1 6 3284 3314 3315 3285
3420 3 2 1 6 3285 3315 3316 3286
3421 3 2 1 6 3286 3316 3317 3287
3422 3 2 1 6 3287 3317 3318 3288
3423 3 2 1 6 3288 3318 3319 3289
3424 3 2 1 6 3289 3319 3320 3290
3425 3 2 1 6 3290 3320 3321 3291
3426 3 2 1 6 3291 3321 3322 3292
3427 3 2 1 6 3292 3322 3323 3293
3428 3 2 1 6 3293 3323 3324 3294
3429 3 2 1 6 3294 3324 3325 3295
3430 3 2 1 6 3295 3325 3326 3296
3431 3 2 1 6 3296 3326 3327 3297
3432 3 2 1 6 3297 3327 3328 3298
3433 3 2 1 6 3298 3328 3329 3299
3434 3 2 1 6 3299 3329 3330 3300
3435 3 2 1 6 3300 3330 3331 3301
3436 3 2 1 6 3301 3331 3332 3302
3437 3 2 1 6 3302 3332 3333 3303
3438 3 2 1 6 3303 3333 3334 3304
3439 3 2 1 6 3304 3334 174 175
3440 3 2 1 6 105 106 3335 3305
3441 3 2 1 6 3305 3335 3336 3306
3442 3 2 1 6 3306 3336 3337 3307
3443 3 2 1 6 3307 3337 3338 3308
3444 3 2 1 6 3308 3338 3339 3309
3445 3 2 1 6 3309 3339 3340 3310
3446 3 2 1 6 3310 3340 3341 3311
3447 3 2 1 6 3311 3341 3342 3312
3448 3 2 1 6 3312 3342 3343 3313
3449 3 2 1 6 3313 3343 3344 3314
3450 3 2 1 6 3314 3344 3345 3315
3451 3 2 1 6 3315 3345 3346 3316
3452 3 2 1 6 3316 3346 3347 3317
3453 3 2 1 6 3317 3347 3348 3318
3454 3 2 1 6 3318 3348 3349 3319
3455 3 2 1 6 3319 3349 3350 3320
3456 3 2 1 6 3320 3350 3351 3321
3457 3 2 1 6 3321 3351 3352 3322
3458 3 2 1 6 3322 3352 3353 3323
3459 3 2 1 6 3323 3353 3354 3324
3460 3 2 1 6 3324 3354 3355 3325
3461 3 2 1 6 3325 3355 3356 3326
3462 3 2 1 6 3326 3356 3357 3327
3463 3 2 1 6 3327 3357 3358 3328
3464 3 2 1 6 3328 3358 3359 3329
3465 3 2 1 6 3329 3359 3360 3330
3466 3 2 1 6 3330 3360 3361 3331
3467 3 2 1 6 3331 3361 3362 3332
3468 3 2 1 6 3332 3362 3363 3333
3469 3 2 1 6 3333 3363 3364 3334
3470 3 2 1 6 3334 3364 173 174
3471 3 2 1 6 106 107 3365 3335
3472 3 2 1 6 3335 3365 3366 3336
3473 3 2 1 6 3336 3366 3367 3337
3474 3 2 1 6 3337 3367 3368 3338
3475 3 2 1 6 3338 3368 3369 3339
3476 3 2 1 6 3339 3369 3370 3340
3477 3 2 1 6 3340 3370 3371 3341
3478 3 2 1 6 3341 3371 3372 3342
3479 3 2 1 6 3342 3372 3373 3343
3480 3 2 1 6 3343 3373 3374 3344
3481 3 2 1 6 3344 3374 3375 3345
3482 3 2 1 6 3345 3375 3376 3346
3483 3 2 1 6 3346 3376 3377 3347
3484 3 2 1 6 3347 3377 3378 3348
3485 3 2 1 6 3348 3378 3379 3349
3486 3 2 1 6 3349 3379 3380 3350
3487 3 2 1 6 3350 3380 3381 3351
3488 3 2 1 6 3351 3381 3382 3352
3489 3 2 1 6 3352 3382 3383 3353
3490 3 2 1 6 3353 3383 3384 3354
3491 3 2 1 6 3354 3384 3385 3355
3492 3 2 1 6 3355 3385 3386 3356
3493 3 2 1 6 3356 3386 3387 3357
3494 3 2 1 6 3357 3387 3388 3358
3495 3 2 1 6 3358 3388 3389 3359
3496 3 2 1 6 3359 3389 3390 3360
3497 3 2 1 6 3360 3390 3391 3361
3498 3 2 1 6 3361 3391 3392 3362
3499 3 2 1 6 3362 3392 3393 3363
3500 3 2 1 6 3363 3393 3394 3364
3501 3 2 1 6 3364 3394 172 173
3502 3 2 1 6 107 108 3395 3365
3503 3 2 1 6 3365 3395 3396 3366
3504 3 2 1 6 3366 3396 3397 3367
3505 3 2 1 6 3367 3397 3398 3368
3506 3 2 1 6 3368 3398 3399 3369
3507 3 2 1 6 3369 3399 3400 3370
3508 3 2 1 6 3370 3400 3401 3371
3509 3 2 1 6 3371 3401 3402 3372
3510 3 2 1 6 3372 3402 3403 3373
3511 3 2 1 6 3373 3403 3404 3374
3512 3 2 1 6 3374 3404 3405 3375
3513 3 2 1 6 3375 3405 3406 3376
3514 3 2 1 6 3376 3406 3407 3377
3515 3 2 1 6 3377 3407 3408 3378
3516 3 2 1 6 3378 3408 3409 3379
3517 3 2 1 6 3379 3409 3410 3380
3518 3 2 1 6 3380 3410 3411 3381
3519 3 2 1 6 3381 3411 3412 3382
3520 3 2 1 6 3382 3412 3413 3383
3521 3 2 1 6 3383 3413 3414 3384
3522 3 2 1 6 3384 3414 3415 3385
3523 3 2 1 6 3385 3415 3416 3386
3524 3 2 1 6 3386 3416 3417 3387
3525 3 2 1 6 3387 3417 3418 3388
3526 3 2 1 6 3388 3418 3419 3389
3527 3 2 1 6 3389 3419 3420 3390
3528 3 2 1 6 3390 3420 3421 3391
3529 3 2 1 6 3391 3421 3422 3392
3530 3 2 1 6 3392 3422 3423 3393
3531 3 2 1 6 3393 3423 3424 3394
3532 3 2 1 6 3394 3424 171 172
3533 3 2 1 6 108 109 3425 3395
3534 3 2 1 6 3395 3425 3426 3396
3535 3 2 1 6 3396 3426 3427 3397
3536 3 2 1 6 3397 3427 3428 3398
3537 3 2 1 6 3398 3428 3429 3399
3538 3 2 1 6 3399 3429 3430 3400
3539 3 2 1 6 3400 3430 3431 3401
3540 3 2 1 6 3401 3431 3432 3402
3541 3 2 1 6 3402 3432 3433 3403
3542 3 2 1 6 3403 3433 3434 3404
3543 3 2 1 6 3404 3434 3435 3405
3544 3 2 1 6 3405 3435 3436 3406
3545 3 2 1 6 3406 3436 3437 3407
3546 3 2 1 6 3407 3437 3438 3408
3547 3 2 1 6 3408 3438 3439 3409
3548 3 2 1 6 3409 3439 3440 3410
3549 3 2 1 6 3410 3440 3441 3411
3550 3 2 1 6 3411 3441 3442 3412
3551 3 2 1 6 3412 3442 3443 3413
3552 3 2 1 6 3413 3443 3444 3414
3553 3 2 1 6 3414 3444 3445 3415
3554 3 2 1 6 3415 3445 3446 3416
3555 3 2 1 6 3416 3446 3447 3417
3556 3 2 1 6 3417 3447 3448 3418
3557 3 2 1 6 3418 3448 3449 3419
3558 3 2 1 6 3419 3449 3450 3420
3559 3 2 1 6 3420 3450 3451 3421
3560 3 2 1 6 3421 3451 3452 3422
3561 3 2 1 6 3422 3452 3453 3423
3562 3 2 1 6 3423 3453 3454 3424
3563 3 2 1 6 3424 3454 170 171
3564 3 2 1 6 109 110 3455 3425
3565 3 2 1 6 3425 3455 3456 3426
3566 3 2 1 6 3426 3456 3457 3427
3567 3 2 1 6 3427 3457 3458 3428
3568 3 2 1 6 3428 3458 3459 3429
3569 3 2 1 6 3429 3459 3460 3430
3570 3 2 1 6 3430 3460 3461 3431
3571 3 2 1 6 3431 3461 3462 3432
3572 3 2 1 6 3432 3462 3463 3433
3573 3 2 1 6 3433 3463 3464 3434
3574 3 2 1 6 3434 3464 3465 3435
3575 3 2 1 6 3435 3465 3466 3436
3576 3 2 1 6 3436 3466 3467 3437
3577 3 2 1 6 3437 3467 3468 3438
3578 3 2 1 6 3438 3468 3469 3439
3579 3 2 1 6 3439 3469 3470 3440
3580 3 2 1 6 3440 3470 3471 3441
3581 3 2 1 6 3441 3471 3472 3442
3582 3 2 1 6 3442 3472 3473 3443
3583 3 2 1 6 3443 3473 3474 3444
3584 3 2 1 6 3444 3474 3475 3445
3585 3 2 1 6 3445 3475 3476 3446
3586 3 2 1 6 3446 3476 3477 3447
3587 3 2 1 6 3447 3477 3478 3448
3588 3 2 1 6 3448 3478 3479 3449
3589 3 2 1 6 3449 3479 3480 3450
3590 3 2 1 6 3450 3480 3481 3451
3591 3 2 1 6 3451 3481 3482 3452
3592 3 2 1 6 3452 3482 3483 3453
3593 3 2 1 6 3453 3483 3484 3454
3594 3 2 1 6 3454 3484 169 170
3595 3 2 1 6 110 111 3485 3455
3596 3 2 1 6 3455 3485 3486 3456
3597 3 2 1 6 3456 3486 3487 3457
3598 3 2 1 6 3457 3487 3488 3458
3599 3 2 1 6 3458 3488 3489 3459
3600 3 2 1 6 3459 3489 3490 3460
3601 3 2 1 6 3460 3490 3491 3461
3602 3 2 1 6 3461 3491 3492 3462
3603 3 2 1 6 3462 3492 3493 3463
3604 3 2 1 6 3463 3493 3494 3464
3605 3 2 1 6 3464 3494 3495 3465
3606 3 2 1 6 3465 3495 3496 3466
3607 3 2 1 6 3466 3496 3497 3467
3608 3 2 1 6 3467 3497 3498 3468
3609 3 2 1 6 3468 3498 3499 3469
3610 3 2 1 6 3469 3499 3500 3470
3611 3 2 1 6 3470 3500 3501 3471
3612 3 2 1 6 3471 3501 3502 3472
3613 3 2 1 6 3472 3502 3503 3473
3614 3 2 1 6 3473 3503 3504 3474
3615 3 2 1 6 3474 3504 3505 3475
3616 3 2 1 6 3475 3505 3506 3476
3617 3 2 1 6 3476 3506 3507 3477
3618 3 2 1 6 3477 3507 3508 3478
3619 3 2 1 6 3478 3508 3509 3479
3620 3 2 1 6 3479 3509 3510 3480
3621 3 2 1 6 3480 3510 3511 3481
3622 3 2 1 6 3481 3511 3512 3482
3623 3 2 1 6 3482 3512 3513 3483
3624 3 2 1 6 3483 3513 3514 3484
3625 3 2 1 6 3484 3514 168 169
3626 3 2 1 6 111 112 3515 3485
3627 3 2 1 6 3485 3515 3516 3486
3628 3 2 1 6 3486 3516 3517 3487
3629 3 2 1 6 3487 3517 3518 3488
3630 3 2 1 6 3488 3518 3519 3489
3631 3 2 1 6 3489 3519 3520 3490
3632 3 2 1 6 3490 3520 3521 3491
3633 3 2 1 6 3491 3521 3522 3492
3634 3 2 1 6 3492 3522 3523 3493
3635 3 2 1 6 3493 3523 3524 3494
3636 3 2 1 6 3494 3524 3525 3495
3637 3 2 1 6 3495 3525 3526 3496
3638 3 2 1 6 3496 3526 3527 3497
3639 3 2 1 6 3497 3527 3528 3498
3640 3 2 1 6 3498 3528 3529 3499
3641 3 2 1 6 3499 3529 3530 3500
3642 3 2 1 6 3500 3530 3531 3501
3643 3 2 1 6 3501 3531 3532 3502
3644 3 2 1 6 3502 3532 3533 3503
3645 3 2 1 6 3503 3533 3534 3504
3646 3 2 1 6 3504 3534 3535 3505
3647 3 2 1 6 3505 3535 3536 3506
3648 3 2 1 6 3506 3536 3537 3507
3649 3 2 1 6 3507 3537 3538 3508
3650 3 2 1 6 3508 3538 3539 3509
3651 3 2 1 6 3509 3539 3540 3510
3652 3 2 1 6 3510 3540 3541 3511
3653 3 2 1 6 3511 3541 3542 3512
3654 3 2 1 6 3512 3542 3543 3513
3655 3 2 1 6 3513 3543 3544 3514
3656 3 2 1 6 3514 3544 167 168
3657 3 2 1 6 112 113 3545 3515
3658 3 2 1 6 3515 3545 3546 3516
3659 3 2 1 6 3516 3546 3547 3517
3660 3 2 1 6 3517 3547 3548 3518
3661 3 2 1 6 3518 3548 3549 3519
3662 3 2 1 6 3519 3549 3550 3520
3663 3 2 1 6 3520 3550 3551 3521
3664 3 2 1 6 3521 3551 3552 3522
3665 3 2 1 6 3522 3552 3553 3523
3666 3 2 1 6 3523 3553 3554 3524
3667 3 2 1 6 3524 3554 3555 3525
3668 3 2 1 6 3525 3555 3556 3526
3669 3 2 1 6 3526 3556 3557 3527
3670 3 2 1 6 3527 3557 3558 3528
3671 3 2 1 6 3528 3558 3559 3529
3672 3 2 1 6 3529 3559 3560 3530
3673 3 2 1 6 3530 3560 3561 3531
3674 3 2 1 6 3531 3561 3562 3532
3675 3 2 1 6 3532 3562 3563 3533
3676 3 2 1 6 3533 3563 3564 3534
3677 3 2 1 6 3534 3564 3565 3535
3678 3 2 1 6 3535 3565 3566 3536
3679 3 2 1 6 3536 3566 3567 3537
3680 3 2 1 6 3537 3567 3568 3538
3681 3 2 1 6 3538 3568 3569 3539
3682 3 2 1 6 3539 3569 3570 3540
3683 3 2 1 6 3540 3570 3571 3541
3684 3 2 1 6 3541 3571 3572 3542
3685 3 2 1 6 3542 3572 3573 3543
3686 3 2 1 6 3543 3573 3574 3544
3687 3 2 1 6 3544 3574 166 167
3688 3 2 1 6 113 114 3575 3545
3689 3 2 1 6 3545 3575 3576 3546
3690 3 2 1 6 3546 3576 3577 3547
3691 3 2 1 6 3547 3577 3578 3548
3692 3 2 1 6 3548 3578 3579 3549
3693 3 2 1 6 3549 3579 3580 3550
3694 3 2 1 6 3550 3580 3581 3551
3695 3 2 1 6 3551 3581 3582 3552
3696 3 2 1 6 3552 3582 3583 3553
3697 3 2 1 6 3553 3583 3584 3554
3698 3 2 1 6 3554 3584 3585 3555
3699 3 2 1 6 3555 3585 3586 3556
3700 3 2 1 6 3556 3586 3587 3557
3701 3 2 1 6 3557 3587 3588 3558
3702 3 2 1 6 3558 3588 3589 3559
3703 3 2 1 6 3559 3589 3590 3560
3704 3 2 1 6 3560 3590 3591 3561
3705 3 2 1 6 3561 3591 3592 3562
3706 3 2 1 6 3562 3592 3593 3563
3707 3 2 1 6 3563 3593 3594 3564
3708 3 2 1 6 3564 3594 3595 3565
3709 3 2 1 6 3565 3595 3596 3566
3710 3 2 1 6 3566 3596 3597 3567
3711 3 2 1 6 3567 3597 3598 3568
3712 3 2 1 6 3568 3598 3599 3569
3713 3 2 1 6 3569 3599 3600 3570
3714 3 2 1 6 3570 3600 3601 3571
3715 3 2 1 6 3571 3601 3602 3572
3716 3 2 1 6 3572 3602 3603 3573
3717 3 2 1 6 3573 3603 3604 3574
3718 3 2 1 6 3574 3604 165 166
3719 3 2 1 6 114 115 3605 3575
3720 3 2 1 6 3575 3605 3606 3576
3721 3 2 1 6 3576 3606 3607 3577
3722 3 2 1 6 3577 3607 3608 3578
3723 3 2 1 6 3578 3608 3609 3579
3724 3 2 1 6 3579 3609 3610 3580
3725 3 2 1 6 3580 3610 3611 3581
3726 3 2 1 6 3581 3611 3612 3582
3727 3 2 1 6 3582 3612 3613 3583
3728 3 2 1 6 3583 3613 3614 3584
3729 3 2 1 6 3584 3614 3615 3585
3730 3 2 1 6 3585 3615 3616 3586
3731 3 2 1 6 3586 3616 3617 3587
3732 3 2 1 6 3587 3617 3618 3588
3733 3 2 1 6 3588 3618 3619 3589
3734 3 2 1 6 3589 3619 3620 3590
3735 3 2 1 6 3590 3620 3621 3591
3736 3 2 1 6 3591 3621 3622 3592
3737 3 2 1 6 3592 3622 3623 3593
3738 3 2 1 6 3593 3623 3624 3594
3739 3 2 1 6 3594 3624 3625 3595
3740 3 2 1 6 3595 3625 3626 3596
3741 3 2 1 6 3596 3626 3627 3597
3742 3 2 1 6 3597 3627 3628 3598
3743 3 2 1 6 3598 3628 3629 3599
3744 3 2 1 6 3599 3629 3630 3600
3745 3 2 1 6 3600 3630 3631 3601
3746 3 2 1 6 3601 3631 3632 3602
3747 3 2 1 6 3602 3632 3633 3603
3748 3 2 1 6 3603 3633 3634 3604
3749 3 2 1 6 3604 3634 164 165
3750 3 2 1 6 115 116 3635 3605
3751 3 2 1 6 3605 3635 3636 3606
3752 3 2 1 6 3606 3636 3637 3607
3753 3 2 1 6 3607 3637 3638 3608
3754 3 2 1 6 3608 3638 3639 3609
3755 3 2 1 6 3609 3639 3640 3610
3756 3 2 1 6 3610 3640 3641 3611
3757 3 2 1 6 3611 3641 3642 3612
3758 3 2 1 6 3612 3642 3643 3613
3759 3 2 1 6 3613 3643 3644 3614
3760 3 2 1 6 3614 3644 3645 3615
3761 3 2 1 6 3615 3645 3646 3616
3762 3 2 1 6 3616 3646 3647 3617
3763 3 2 1 6 3617 3647 3648 3618
3764 3 2 1 6 3618 3648 3649 3619
3765 3 2 1 6 3619 3649 3650 3620
3766 3 2 1 6 3620 3650 3651 3621
3767 3 2 1 6 3621 3651 3652 3622
3768 3 2 1 6 3622 3652 3653 3623
3769 3 2 1 6 3623 3653 3654 3624
3770 3 2 1 6 3624 3654 3655 3625
3771 3 2 1 6 3625 3655 3656 3626
3772 3 2 1 6 3626 3656 3657 3627
3773 3 2 1 6 3627 3657 3658 3628
3774 3 2 1 6 3628 3658 3659 3629
3775 3 2 1 6 3629 3659 3660 3630
3776 3 2 1 6 3630 3660 3661 3631
3777 3 2 1 6 3631 3661 3662 3632
3778 3 2 1 6 3632 3662 3663 3633
3779 3 2 1 6 3633 3663 3664 3634
3780 3 2 1 6 3634 3664 163 164
3781 3 2 1 6 116 117 3665 3635
3782 3 2 1 6 3635 3665 3666 3636
3783 3 2 1 6 3636 3666 3667 3637
3784 3 2 1 6 3637 3667 3668 3638
3785 3 2 1 6 3638 3668 3669 3639
3786 3 2 1 6 3639 3669 3670 3640
3787 3 2 1 6 3640 3670 3671 3641
3788 3 2 1 6 3641 3671 3672 3642
3789 3 2 1 6 3642 3672 3673 3643
3790 3 2 1 6 3643 3673 3674 3644
3791 3 2 1 6 3644 3674 3675 3645
3792 3 2 1 6 3645 3675 3676 3646
3793 3 2 1 6 3646 3676 3677 3647
3794 3 2 1 6 3647 3677 3678 3648
3795 3 2 1 6 3648 3678 3679 3649
3796 3 2 1 6 3649 3679 3680 3650
3797 3 2 1 6 3650 3680 3681 3651
3798 3 2 1 6 3651 3681 3682 3652
3799 3 2 1 6 3652 3682 3683 3653
3800 3 2 1 6 3653 3683 3684 3654
3801 3 2 1 6 3654 3684 3685 3655
3802 3 2 1 6 3655 3685 3686 3656
3803 3 2 1 6 3656 3686 3687 3657
3804 3 2 1 6 3657 3687 3688 3658
3805 3 2 1 6 3658 3688 3689 3659
3806 3 2 1 6 3659 3689 3690 3660
3807 3 2 1 6 3660 3690 3691 3661
3808 3 2 1 6 3661 3691 3692 3662
3809 3 2 1 6 3662 3692 3693 3663
3810 3 2 1 6 3663 3693 3694 3664
3811 3 2 1 6 3664 3694 162 163
3812 3 2 1 6 117 118 3695 3665
3813 3 2 1 6 3665 3695 3696 3666
3814 3 2 1 6 3666 3696 3697 3667
3815 3 2 1 6 3667 3697 3698 3668
3816 3 2 1 6 3668 3698 3699 3669
3817 3 2 1 6 3669 3699 3700 3670
3818 3 2 1 6 3670 3700 3701 3671
3819 3 2 1 6 3671 3701 3702 3672
3820 3 2 1 6 3672 3702 3703 3673
3821 3 2 1 6 3673 3703 3704 3674
3822 3 2 1 6 3674 3704 3705 3675
3823 3 2 1 6 3675 3705 3706 3676
3824 3 2 1 6 3676 3706 3707 3677
3825 3 2 1 6 3677 3707 3708 3678
3826 3 2 1 6 3678 3708 3709 3679
3827 3 2 1 6 3679 3709 3710 3680
3828 3 2 1 6 3680 3710 3711 3681
3829 3 2 1 6 3681 3711 3712 3682
3830 3 2 1 6 3682 3712 3713 3683
3831 3 2 1 6 3683 3713 3714 3684
3832 3 2 1 6 3684 3714 3715 3685
3833 3 2 1 6 3685 3715 3716 3686
3834 3 2 1 6 3686 3716 3717 3687
3835 3 2 1 6 3687 3717 3718 3688
3836 3 2 1 6 3688 3718 3719 3689
3837 3 2 1 6 3689 3719 3720 3690
3838 3 2 1 6 3690 3720 3721 3691
3839 3 2 1 6 3691 3721 3722 3692
3840 3 2 1 6 3692 3722 3723 3693
3841 3 2 1 6 3693 3723 3724 3694
3842 3 2 1 6 3694 3724 161 162
3843 3 2 1 6 118 119 3725 3695
3844 3 2 1 6 3695 3725 3726 3696
3845 3 2 1 6 3696 3726 3727 3697
3846 3 2 1 6 3697 3727 3728 3698
3847 3 2 1 6 3698 3728 3729 3699
3848 3 2 1 6 3699 3729 3730 3700
3849 3 2 1 6 3700 3730 3731 3701
3850 3 2 1 6 3701 3731 3732 3702
3851 3 2 1 6 3702 3732 3733 3703
3852 3 2 1 6 3703 3733 3734 3704
3853 3 2 1 6 3704 3734 3735 3705
3854 3 2 1 6 3705 3735 3736 3706
3855 3 2 1 6 3706 3736 3737 3707
3856 3 2 1 6 3707 3737 3738 3708
3857 3 2 1 6 3708 3738 3739 3709
3858 3 2 1 6 3709 3739 3740 3710
3859 3 2 1 6 3710 3740 3741 3711
3860 3 2 1 6 3711 3741 3742 3712
3861 3 2 1 6 3712 3742 3743 3713
3862 3 2 1 6 3713 3743 3744 3714
3863 3 2 1 6 3714 3744 3745 3715
3864 3 2 1 6 3715 3745 3746 3716
3865 3 2 1 6 3716 3746 3747 3717
3866 3 2 1 6 3717 3747 3748 3718
3867 3 2 1 6 3718 3748 3749 3719
3868 3 2 1 6 3719 3749 3750 3720
3869 3 2 1 6 3720 3750 3751 3721
3870 3 2 1 6 3721 3751 3752 3722
3871 3 2 1 6 3722 3752 3753 3723
3872 3 2 1 6 3723 3753 3754 3724
3873 3 2 1 6 3724 3754 160 161
3874 3 2 1 6 119 120 3755 3725
3875 3 2 1 6 3725 3755 3756 3726
3876 3 2 1 6 3726 3756 3757 3727
3877 3 2 1 6 3727 3757 3758 3728
3878 3 2 1 6 3728 3758 3759 3729
3879 3 2 1 6 3729 3759 3760 3730
3880 3 2 1 6 3730 3760 3761 3731
3881 3 2 1 6 3731 3761 3762 3732
3882 3 2 1 6 3732 3762 3763 3733
3883 3 2 1 6 3733 3763 3764 3734
3884 3 2 1 6 3734 3764 3765 3735
3885 3 2 1 6 3735 3765 3766 3736
3886 3 2 1 6 3736 3766 3767 3737
3887 3 2 1 6 3737 3767 3768 3738
3888 3 2 1 6 3738 3768 3769 3739
3889 3 2 1 6 3739 3769 3770 3740
3890 3 2 1 6 3740 3770 3771 3741
3891 3 2 1 6 3741 3771 3772 3742
3892 3 2 1 6 3742 3772 3773 3743
3893 3 2 1 6 3743 3773 3774 3744
3894 3 2 1 6 3744 3774 3775 3745
3895 3 2 1 6 3745 3775 3776 3746
3896 3 2 1 6 3746 3776 3777 3747
3897 3 2 1 6 3747 3777 3778 3748
3898 3 2 1 6 3748 3778 3779 3749
3899 3 2 1 6 3749 3779 3780 3750
3900 3 2 1 6 3750 3780 3781 3751
3901 3 2 1 6 3751 3781 3782 3752
3902 3 2 1 6 3752 3782 3783 3753
3903 3 2 1 6 3753 3783 3784 3754
3904 3 2 1 6 3754 3784 159 160
3905 3 2 1 6 120 121 3785 3755
3906 3 2 1 6 3755 3785 3786 3756
3907 3 2 1 6 3756 3786 3787 3757
3908 3 2 1 6 3757 3787 3788 3758
3909 3 2 1 6 3758 3788 3789 3759
3910 3 2 1 6 3759 3789 3790 3760
3911 3 2 1 6 3760 3790 3791 3761
3912 3 2 1 6 3761 3791 3792 3762
3913 3 2 1 6 3762 3792 3793 3763
3914 3 2 1 6 3763 3793 3794 3764
3915 3 2 1 6 3764 3794 3795 3765
3916 3 2 1 6 3765 3795 3796 3766
3917 3 2 1 6 3766 3796 3797 3767
3918 3 2 1 6 3767 3797 3798 3768
3919 3 2 1 6 3768 3798 3799 3769
3920 3 2 1 6 3769 3799 3800 3770
3921 3 2 1 6 3770 3800 3801 3771
3922 3 2 1 6 3771 3801 3802 3772
3923 3 2 1 6 3772 3802 3803 3773
3924 3 2 1 6 3773 3803 3804 3774
3925 3 2 1 6 3774 3804 3805 3775
3926 3 2 1 6 3775 3805 3806 3776
3927 3 2 1 6 3776 3806 3807 3777
3928 3 2 1 6 3777 3807 3808 3778
3929 3 2 1 6 3778 3808 3809 3779
3930 3 2 1 6 3779 3809 3810 3780
3931 3 2 1 6 3780 3810 3811 3781
3932 3 2 1 6 3781 3811 3812 3782
3933 3 2 1 6 3782 3812 3813 3783
3934 3 2 1 6 3783 3813 3814 3784
3935 3 2 1 6 3784 3814 158 159
3936 3 2 1 6 121 122 3815 3785
3937 3 2 1 6 3785 3815 3816 3786
3938 3 2 1 6 3786 3816 3817 3787
3939 3 2 1 6 3787 3817 3818 3788
3940 3 2 1 6 3788 3818 3819 3789
3941 3 2 1 6 3789 3819 3820 3790
3942 3 2 1 6 3790 3820 3821 3791
3943 3 2 1 6 3791 3821 3822 3792
3944 3 2 1 6 3792 3822 3823 3793
3945 3 2 1 6 3793 3823 3824 3794
3946 3 2 1 6 3794 3824 3825 3795
3947 3 2 1 6 3795 3825 3826 3796
3948 3 2 1 6 3796 3826 3827 3797
3949 3 2 1 6 3797 3827 3828 3798
3950 3 2 1 6 3798 3828 3829 3799
3951 3 2 1 6 3799 3829 3830 3800
3952 3 2 1 6 3800 3830 3831 3801
3953 3 2 1 6 3801 3831 3832 3802
3954 3 2 1 6 3802 3832 3833 3803
3955 3 2 1 6 3803 3833 3834 3804
3956 3 2 1 6 3804 3834 3835 3805
3957 3 2 1 6 3805 3835 3836 3806
3958 3 2 1 6 3806 3836 3837 3807
3959 3 2 1 6 3807 3837 3838 3808
3960 3 2 1 6 3808 3838 3839 3809
3961 3 2 1 6 3809 3839 3840 3810
3962 3 2 1 6 3810 3840 3841 3811
3963 3 2 1 6 3811 3841 3842 3812
3964 3 2 1 6 3812 3842 3843 3813
3965 3 2 1 6 3813 3843 3844 3814
3966 3 2 1 6 3814 3844 157 158
3967 3 2 1 6 122 123 3845 3815
3968 3 2 1 6 3815 3845 3846 3816
3969 3 2 1 6 3816 3846 3847 3817
3970 3 2 1 6 3817 3847 3848 3818
3971 3 2 1 6 3818 3848 3849 3819
3972 3 2 1 6 3819 3849 3850 3820
3973 3 2 1 6 3820 3850 3851 3821
3974 3 2 1 6 3821 3851 3852 3822
3975 3 2 1 6 3822 3852 3853 3823
3976 3 2 1 6 3823 3853 3854 3824
3977 3 2 1 6 3824 3854 3855 3825
3978 3 2 1 6 3825 3855 3856 3826
3979 3 2 1 6 3826 3856 3857 3827
3980 3 2 1 6 3827 3857 3858 3828
3981 3 2 1 6 3828 3858 3859 3829
3982 3 2 1 6 3829 3859 3860 3830
3983 3 2 1 6 3830 3860 3861 3831
3984 3 2 1 6 3831 3861 3862 3832
3985 3 2 1 6 3832 3862 3863 3833
3986 3 2 1 6 3833 3863 3864 3834
3987 3 2 1 6 3834 3864 3865 3835
3988 3 2 1 6 3835 3865 3866 3836
3989 3 2 1 6 3836 3866 3867 3837
3990 3 2 1 6 3837 3867 3868 3838
3991 3 2 1 6 3838 3868 3869 3839
3992 3 2 1 6 3839 3869 3870 3840
3993 3 2 1 6 3840 3870 3871 3841
3994 3 2 1 6 3841 3871 3872 3842
3995 3 2 1 6 3842 3872 3873 3843
3996 3 2 1 6 3843 3873 3874 3844
3997 3 2 1 6 3844 3874 156 157
3998 3 2 1 6 123 124 3875 3845
3999 3 2 1 6 3845 3875 3876 3846
4000 3 2 1 6 3846 3876 3877 3847
4001 3 2 1 6 3847 3877 3878 3848
4002 3 2 1 6 3848 3878 3879 3849
4003 3 2 1 6 3849 3879 3880 3850
4004 3 2 1 6 3850 3880 3881 3851
4005 3 2 1 6 3851 3881 3882 3852
4006 3 2 1 6 3852 3882 3883 3853
4007 3 2 1 6 3853 3883 3884 3854
4008 3 2 1 6 3854 3884 3885 3855
4009 3 2 1 6 3855 3885 3886 3856
4010 3 2 1 6 3856 3886 3887 3857
4011 3 2 1 6 3857 3887 3888 3858
4012 3 2 1 6 3858 3888 3889 3859
4013 3 2 1 6 3859 3889 3890 3860
4014 3 2 1 6 3860 3890 3891 3861
4015 3 2 1 6 3861 3891 3892 3862
4016 3 2 1 6 3862 3892 3893 3863
4017 3 2 1 6 3863 3893 3894 3864
4018 3 2 1 6 3864 3894 3895 3865
4019 3 2 1 6 3865 3895 3896 3866
4020 3 2 1 6 3866 3896 3897 3867
4021 3 2 1 6 3867 3897 3898 3868
4022 3 2 1 6 3868 3898 3899 3869
4023 3 2 1 6 3869 3899 3900 3870
4024 3 2 1 6 3870 3900 3901 3871
4025 3 2 1 6 3871 3901 3902 3872
4026 3 2 1 6 3872 3902 3903 3873
4027 3 2 1 6 3873 3903 3904 3874
4028 3 2 1 6 3874 3904 155 156
4029 3 2 1 6 124 2 125 3875
4030 3 2 1 6 3875 125 126 3876
4031 3 2 1 6 3876 126 127 3877
4032 3 2 1 6 3877 127 128 3878
4033 3 2 1 6 3878 128 129 3879
4034 3 2 1 6 3879 129 130 3880
4035 3 2 1 6 3880 130 131 3881
4036 3 2 1 6 3881 131 132 3882
4037 3 2 1 6 3882 132 133 3883
4038 3 2 1 6 3883 133 134 3884
4039 3 2 1 6 3884 134 135 3885
4040 3 2 1 6 3885 135 136 3886
4041 3 2 1 6 3886 136 137 3887
4042 3 2 1 6 3887 137 138 3888
4043 3 2 1 6 3888 138 139 3889
4044 3 2 1 6 3889 139 140 3890
4045 3 2 1 6 3890 140 141 3891
4046 3 2 1 6 3891 141 142 3892
4047 3 2 1 6 3892 142 143 3893
4048 3 2 1 6 3893 143 144 3894
4049 3 2 1 6 3894 144 145 3895
4050 3 2 1 6 3895 145 146 3896
4051 3 2 1 6 3896 146 147 3897
4052 3 2 1 6 3897 147 148 3898
4053 3 2 1 6 3898 148 149 3899
4054 3 2 1 6 3899 149 150 3900
4055 3 2 1 6 3900 150 151 3901
4056 3 2 1 6 3901 151 152 3902
4057 3 2 1 6 3902 152 153 3903
4058 3 2 1 6 3903 153 154 3904
4059 3 2 1 6 3904 154 3 155
$EndElements
