$MeshFormat
2.2 0 8
$EndMeshFormat
$Nodes
11504
1 0 0 0
2 1 0 0
3 1 0.5 0
4 1 1 0
5 0.5 1 0
6 0 1 0
7 0 0.5 0
8 0.009999999999981052 0 0
9 0.01999999999996226 0 0
10 0.02999999999994291 0 0
11 0.03999999999992165 0 0
12 0.04999999999989939 0 0
13 0.05999999999987805 0 0
14 0.06999999999986013 0 0
15 0.07999999999984477 0 0
16 0.08999999999982945 0 0
17 0.09999999999981413 0 0
18 0.1099999999997988 0 0
19 0.1199999999997825 0 0
20 0.1299999999997603 0 0
21 0.139999999999732 0 0
22 0.1499999999997028 0 0
23 0.1599999999996737 0 0
24 0.1699999999996445 0 0
25 0.1799999999996153 0 0
26 0.1899999999995861 0 0
27 0.1999999999995569 0 0
28 0.2099999999995277 0 0
29 0.2199999999994985 0 0
30 0.2299999999994694 0 0
31 0.2399999999994402 0 0
32 0.2499999999994109 0 0
33 0.2599999999993817 0 0
34 0.2699999999993525 0 0
35 0.2799999999993234 0 0
36 0.2899999999992942 0 0
37 0.299999999999265 0 0
38 0.3099999999992358 0 0
39 0.3199999999992066 0 0
40 0.3299999999991774 0 0
41 0.3399999999991482 0 0
42 0.349999999999119 0 0
43 0.3599999999990898 0 0
44 0.3699999999990606 0 0
45 0.3799999999990315 0 0
46 0.3899999999990023 0 0
47 0.3999999999989731 0 0
48 0.4099999999989439 0 0
49 0.4199999999989147 0 0
50 0.4299999999988856 0 0
51 0.4399999999988564 0 0
52 0.4499999999988272 0 0
53 0.459999999998798 0 0
54 0.4699999999987688 0 0
55 0.4799999999987396 0 0
56 0.4899999999987104 0 0
57 0.4999999999986921 0 0
58 0.5099999999987076 0 0
59 0.5199999999987339 0 0
60 0.5299999999987604 0 0
61 0.5399999999987867 0 0
62 0.5499999999988131 0 0
63 0.5599999999988394 0 0
64 0.5699999999988659 0 0
65 0.5799999999988922 0 0
66 0.5899999999989186 0 0
67 0.5999999999989449 0 0
68 0.6099999999989714 0 0
69 0.6199999999989977 0 0
70 0.6299999999990241 0 0
71 0.6399999999990504 0 0
72 0.6499999999990769 0 0
73 0.6599999999991032 0 0
74 0.6699999999991296 0 0
75 0.679999999999156 0 0
76 0.6899999999991824 0 0
77 0.6999999999992087 0 0
78 0.7099999999992351 0 0
79 0.7199999999992615 0 0
80 0.7299999999992878 0 0
81 0.7399999999993142 0 0
82 0.7499999999993405 0 0
83 0.759999999999367 0 0
84 0.7699999999993933 0 0
85 0.7799999999994197 0 0
86 0.789999999999446 0 0
87 0.7999999999994725 0 0
88 0.8099999999994988 0 0
89 0.8199999999995252 0 0
90 0.8299999999995515 0 0
91 0.839999999999578 0 0
92 0.8499999999996043 0 0
93 0.8599999999996307 0 0
94 0.8699999999996571 0 0
95 0.8799999999996835 0 0
96 0.8899999999997098 0 0
97 0.8999999999997362 0 0
98 0.9099999999997626 0 0
99 0.919999999999789 0 0
100 0.9299999999998153 0 0
101 0.9399999999998417 0 0
102 0.9499999999998681 0 0
103 0.9599999999998945 0 0
104 0.9699999999999208 0 0
105 0.9799999999999473 0 0
106 0.9899999999999736 0 0
107 1 0.009999999999981132 0
108 1 0.01999999999996083 0
109 1 0.02999999999993903 0
110 1 0.03999999999992238 0
111 1 0.04999999999990706 0
112 1 0.05999999999989127 0
113 1 0.06999999999986602 0
114 1 0.07999999999983683 0
115 1 0.08999999999980764 0
116 1 0.09999999999977846 0
117 1 0.1099999999997493 0
118 1 0.1199999999997201 0
119 1 0.1299999999996909 0
120 1 0.1399999999996617 0
121 1 0.1499999999996325 0
122 1 0.1599999999996033 0
123 1 0.1699999999995741 0
124 1 0.1799999999995449 0
125 1 0.1899999999995157 0
126 1 0.1999999999994865 0
127 1 0.2099999999994574 0
128 1 0.2199999999994282 0
129 1 0.229999999999399 0
130 1 0.2399999999993698 0
131 1 0.2499999999993461 0
132 1 0.259999999999367 0
133 1 0.2699999999993933 0
134 1 0.2799999999994197 0
135 1 0.2899999999994461 0
136 1 0.2999999999994725 0
137 1 0.3099999999994988 0
138 1 0.3199999999995252 0
139 1 0.3299999999995516 0
140 1 0.339999999999578 0
141 1 0.3499999999996044 0
142 1 0.3599999999996307 0
143 1 0.3699999999996571 0
144 1 0.3799999999996835 0
145 1 0.3899999999997099 0
146 1 0.3999999999997362 0
147 1 0.4099999999997626 0
148 1 0.419999999999789 0
149 1 0.4299999999998154 0
150 1 0.4399999999998417 0
151 1 0.4499999999998681 0
152 1 0.4599999999998945 0
153 1 0.4699999999999209 0
154 1 0.4799999999999473 0
155 1 0.4899999999999736 0
156 1 0.51 0
157 1 0.52 0
158 1 0.53 0
159 1 0.54 0
160 1 0.55 0
161 1 0.5600000000000001 0
162 1 0.5700000000000001 0
163 1 0.58 0
164 1 0.59 0
165 1 0.6 0
166 1 0.61 0
167 1 0.62 0
168 1 0.63 0
169 1 0.64 0
170 1 0.65 0
171 1 0.66 0
172 1 0.67 0
173 1 0.6799999999999999 0
174 1 0.69 0
175 1 0.7 0
176 1 0.71 0
177 1 0.72 0
178 1 0.73 0
179 1 0.74 0
180 1 0.75 0
181 1 0.76 0
182 1 0.77 0
183 1 0.78 0
184 1 0.79 0
185 1 0.8 0
186 1 0.8100000000000001 0
187 1 0.8200000000000001 0
188 1 0.8300000000000001 0
189 1 0.8400000000000001 0
190 1 0.8500000000000001 0
191 1 0.86 0
192 1 0.87 0
193 1 0.88 0
194 1 0.89 0
195 1 0.9 0
196 1 0.91 0
197 1 0.9199999999999999 0
198 1 0.9299999999999999 0
199 1 0.94 0
200 1 0.95 0
201 1 0.96 0
202 1 0.97 0
203 1 0.98 0
204 1 0.99 0
205 0.99 1 0
206 0.98 1 0
207 0.97 1 0
208 0.96 1 0
209 0.95 1 0
210 0.94 1 0
211 0.9299999999999999 1 0
212 0.92 1 0
213 0.91 1 0
214 0.9 1 0
215 0.89 1 0
216 0.88 1 0
217 0.87 1 0
218 0.86 1 0
219 0.85 1 0
220 0.84 1 0
221 0.83 1 0
222 0.8200000000000001 1 0
223 0.8100000000000001 1 0
224 0.8 1 0
225 0.79 1 0
226 0.78 1 0
227 0.77 1 0
228 0.76 1 0
229 0.75 1 0
230 0.74 1 0
231 0.73 1 0
232 0.72 1 0
233 0.71 1 0
234 0.7 1 0
235 0.69 1 0
236 0.6799999999999999 1 0
237 0.6699999999999999 1 0
238 0.6599999999999999 1 0
239 0.6499999999999999 1 0
240 0.64 1 0
241 0.63 1 0
242 0.62 1 0
243 0.61 1 0
244 0.6 1 0
245 0.59 1 0
246 0.5800000000000001 1 0
247 0.5700000000000001 1 0
248 0.5600000000000001 1 0
249 0.55 1 0
250 0.54 1 0
251 0.53 1 0
252 0.52 1 0
253 0.51 1 0
254 0.4899999999999584 1 0
255 0.4799999999999167 1 0
256 0.4699999999998751 1 0
257 0.4599999999998334 1 0
258 0.4499999999997918 1 0
259 0.4399999999997541 1 0
260 0.4299999999997918 1 0
261 0.4199999999998612 1 0
262 0.4099999999999306 1 0
263 0.4 1 0
264 0.3900000000000694 1 0
265 0.3800000000001388 1 0
266 0.3700000000002082 1 0
267 0.3600000000002775 1 0
268 0.3500000000003469 1 0
269 0.3400000000004163 1 0
270 0.3300000000004856 1 0
271 0.320000000000555 1 0
272 0.3100000000006243 1 0
273 0.3000000000006937 1 0
274 0.2900000000007631 1 0
275 0.2800000000008325 1 0
276 0.2700000000009019 1 0
277 0.2600000000009712 1 0
278 0.2500000000010297 1 0
279 0.2400000000009989 1 0
280 0.2300000000009573 1 0
281 0.2200000000009157 1 0
282 0.210000000000874 1 0
283 0.2000000000008325 1 0
284 0.1900000000007908 1 0
285 0.1800000000007492 1 0
286 0.1700000000007076 1 0
287 0.1600000000006659 1 0
288 0.1500000000006244 1 0
289 0.1400000000005827 1 0
290 0.1300000000005411 1 0
291 0.1200000000004995 1 0
292 0.1100000000004578 1 0
293 0.1000000000004162 1 0
294 0.09000000000037461 1 0
295 0.08000000000033297 1 0
296 0.07000000000029133 1 0
297 0.06000000000024974 1 0
298 0.0500000000002081 1 0
299 0.04000000000016646 1 0
300 0.03000000000012487 1 0
301 0.02000000000008323 1 0
302 0.01000000000004164 1 0
303 0 0.99 0
304 0 0.98 0
305 0 0.97 0
306 0 0.96 0
307 0 0.95 0
308 0 0.94 0
309 0 0.9299999999999999 0
310 0 0.92 0
311 0 0.91 0
312 0 0.9 0
313 0 0.89 0
314 0 0.88 0
315 0 0.87 0
316 0 0.86 0
317 0 0.85 0
318 0 0.84 0
319 0 0.83 0
320 0 0.8200000000000001 0
321 0 0.8100000000000001 0
322 0 0.8 0
323 0 0.79 0
324 0 0.78 0
325 0 0.77 0
326 0 0.76 0
327 0 0.75 0
328 0 0.74 0
329 0 0.73 0
330 0 0.72 0
331 0 0.71 0
332 0 0.7 0
333 0 0.69 0
334 0 0.6799999999999999 0
335 0 0.6699999999999999 0
336 0 0.6599999999999999 0
337 0 0.6499999999999999 0
338 0 0.64 0
339 0 0.63 0
340 0 0.62 0
341 0 0.61 0
342 0 0.6 0
343 0 0.59 0
344 0 0.5800000000000001 0
345 0 0.5700000000000001 0
346 0 0.5600000000000001 0
347 0 0.55 0
348 0 0.54 0
349 0 0.53 0
350 0 0.52 0
351 0 0.51 0
352 0 0.4899999999999584 0
353 0 0.4799999999999167 0
354 0 0.4699999999998751 0
355 0 0.4599999999998334 0
356 0 0.4499999999997918 0
357 0 0.4399999999997541 0
358 0 0.4299999999997918 0
359 0 0.4199999999998612 0
360 0 0.4099999999999306 0
361 0 0.4 0
362 0 0.3900000000000694 0
363 0 0.3800000000001388 0
364 0 0.3700000000002082 0
365 0 0.3600000000002775 0
366 0 0.3500000000003469 0
367 0 0.3400000000004163 0
368 0 0.3300000000004856 0
369 0 0.320000000000555 0
370 0 0.3100000000006243 0
371 0 0.3000000000006937 0
372 0 0.2900000000007631 0
373 0 0.2800000000008325 0
374 0 0.2700000000009019 0
375 0 0.2600000000009712 0
376 0 0.2500000000010297 0
377 0 0.2400000000009989 0
378 0 0.2300000000009573 0
379 0 0.2200000000009157 0
380 0 0.210000000000874 0
381 0 0.2000000000008325 0
382 0 0.1900000000007908 0
383 0 0.1800000000007492 0
384 0 0.1700000000007076 0
385 0 0.1600000000006659 0
386 0 0.1500000000006244 0
387 0 0.1400000000005827 0
388 0 0.1300000000005411 0
389 0 0.1200000000004995 0
390 0 0.1100000000004578 0
391 0 0.1000000000004162 0
392 0 0.09000000000037461 0
393 0 0.08000000000033297 0
394 0 0.07000000000029133 0
395 0 0.06000000000024974 0
396 0 0.0500000000002081 0
397 0 0.04000000000016646 0
398 0 0.03000000000012487 0
399 0 0.02000000000008323 0
400 0 0.01000000000004164 0
401 0.009999999999981052 0.5 0
402 0.01999999999996226 0.5 0
403 0.02999999999994291 0.5 0
404 0.03999999999992165 0.5 0
405 0.04999999999989939 0.5 0
406 0.05999999999987805 0.5 0
407 0.06999999999986013 0.5 0
408 0.07999999999984477 0.5 0
409 0.08999999999982945 0.5 0
410 0.09999999999981413 0.5 0
411 0.1099999999997988 0.5 0
412 0.1199999999997825 0.5 0
413 0.1299999999997603 0.5 0
414 0.139999999999732 0.5 0
415 0.1499999999997028 0.5 0
416 0.1599999999996737 0.5 0
417 0.1699999999996445 0.5 0
418 0.1799999999996153 0.5 0
419 0.1899999999995861 0.5 0
420 0.1999999999995569 0.5 0
421 0.2099999999995277 0.5 0
422 0.2199999999994985 0.5 0
423 0.2299999999994694 0.5 0
424 0.2399999999994402 0.5 0
425 0.2499999999994109 0.5 0
426 0.2599999999993817 0.5 0
427 0.2699999999993525 0.5 0
428 0.2799999999993234 0.5 0
429 0.2899999999992942 0.5 0
430 0.299999999999265 0.5 0
431 0.3099999999992358 0.5 0
432 0.3199999999992066 0.5 0
433 0.3299999999991774 0.5 0
434 0.3399999999991482 0.5 0
435 0.349999999999119 0.5 0
436 0.3599999999990898 0.5 0
437 0.3699999999990606 0.5 0
438 0.3799999999990315 0.5 0
439 0.3899999999990023 0.5 0
440 0.3999999999989731 0.5 0
441 0.4099999999989439 0.5 0
442 0.4199999999989147 0.5 0
443 0.4299999999988856 0.5 0
444 0.4399999999988564 0.5 0
445 0.4499999999988272 0.5 0
446 0.459999999998798 0.5 0
447 0.4699999999987688 0.5 0
448 0.4799999999987396 0.5 0
449 0.4899999999987104 0.5 0
450 0.4999999999986921 0.5 0
451 0.5099999999987076 0.5 0
452 0.5199999999987339 0.5 0
453 0.5299999999987604 0.5 0
454 0.5399999999987867 0.5 0
455 0.5499999999988131 0.5 0
456 0.5599999999988394 0.5 0
457 0.5699999999988659 0.5 0
458 0.5799999999988922 0.5 0
459 0.5899999999989186 0.5 0
460 0.5999999999989449 0.5 0
461 0.6099999999989714 0.5 0
462 0.6199999999989977 0.5 0
463 0.6299999999990241 0.5 0
464 0.6399999999990504 0.5 0
465 0.6499999999990769 0.5 0
466 0.6599999999991032 0.5 0
467 0.6699999999991296 0.5 0
468 0.679999999999156 0.5 0
469 0.6899999999991824 0.5 0
470 0.6999999999992087 0.5 0
471 0.7099999999992351 0.5 0
472 0.7199999999992615 0.5 0
473 0.7299999999992878 0.5 0
474 0.7399999999993142 0.5 0
475 0.7499999999993405 0.5 0
476 0.759999999999367 0.5 0
477 0.7699999999993933 0.5 0
478 0.7799999999994197 0.5 0
479 0.789999999999446 0.5 0
480 0.7999999999994725 0.5 0
481 0.8099999999994988 0.5 0
482 0.8199999999995252 0.5 0
483 0.8299999999995515 0.5 0
484 0.839999999999578 0.5 0
485 0.8499999999996043 0.5 0
486 0.8599999999996307 0.5 0
487 0.8699999999996571 0.5 0
488 0.8799999999996835 0.5 0
489 0.8899999999997098 0.5 0
490 0.8999999999997362 0.5 0
491 0.9099999999997626 0.5 0
492 0.919999999999789 0.5 0
493 0.9299999999998153 0.5 0
494 0.9399999999998417 0.5 0
495 0.9499999999998681 0.5 0
496 0.9599999999998945 0.5 0
497 0.9699999999999208 0.5 0
498 0.9799999999999473 0.5 0
499 0.9899999999999736 0.5 0
500 0.1579805224211895 0.2689483759199228 0
501 0.2642300541032701 0.2440347137494174 0
502 0.4255149624398178 0.2490298599471473 0
503 0.2539506922174752 0.2737325115909254 0
504 0.3374488077606392 0.2507413280922254 0
505 0.289094099927722 0.2418100539493498 0
506 0.3625371754588674 0.2463731009437365 0
507 0.2324729250929263 0.2291083341963724 0
508 0.4073759949678262 0.2516649722651918 0
509 0.5861214669735785 0.2500666722923412 0
510 0.8158422617619462 0.2252071126189097 0
511 0.7526265405192094 0.2465618316560676 0
512 0.7372614858055772 0.2721673961456292 0
513 0.5632457792361957 0.2475716920189219 0
514 0.6077654376667314 0.250116114768498 0
515 0.617774297697312 0.2502984586139405 0
516 0.6276607282211945 0.2507573816461081 0
517 0.6774414122231227 0.2575205070389669 0
518 0.06315500828771119 0.199376498689855 0
519 0.8316922654367639 0.345309752033878 0
520 0.1905725331518471 0.4285629593934235 0
521 0.1017495684533611 0.358391700847466 0
522 0.9090100951184186 0.159267660387937 0
523 0.08999563875772071 0.3684968075526627 0
524 0.1253558280159369 0.09532762611319047 0
525 0.8658728700467302 0.3792385560890397 0
526 0.1110844420558714 0.1077384045530309 0
527 0.8991181957000067 0.1195027037530822 0
528 0.9251143642141451 0.3504535670561692 0
529 0.09646034899244707 0.1070291686460582 0
530 0.8828481816155139 0.08841695560097999 0
531 0.9076093998670967 0.3973497954789829 0
532 0.09460449972782081 0.09778137441069562 0
533 0.9052236236828801 0.4058627790896559 0
534 0.08664970482546597 0.4135903139822141 0
535 0.9133611795791925 0.08760341049269323 0
536 0.08230830614631964 0.08487988946300504 0
537 0.9152880028640137 0.07592762201714395 0
538 0.8828198103406354 0.4608793315756426 0
539 0.07741879549230996 0.07852568609965069 0
540 0.06016128707450374 0.4209319202403552 0
541 0.0678610418681444 0.427139673480563 0
542 0.9313917187794896 0.06117813643984041 0
543 0.06600029602451742 0.06465092823075865 0
544 0.07048461026167133 0.4418099680468581 0
545 0.06155384260126214 0.05577421310544651 0
546 0.9423972009431856 0.4557105323626036 0
547 0.04901582500851587 0.0503825711673595 0
548 0.05608211040851972 0.443575687522391 0
549 0.9489334149812297 0.4486327174060109 0
550 0.04671190070603754 0.4514779643781642 0
551 0.9548898403565808 0.04173945902417169 0
552 0.956486160335348 0.4685393075950201 0
553 0.0392971963375619 0.04127175390932152 0
554 0.9630864711649525 0.0393328570323327 0
555 0.9810526800744299 0.4560863238055754 0
556 0.03929102629956544 0.4731518822303933 0
557 0.9602729074260719 0.4771249680995657 0
558 0.9690826111135583 0.03122010849687448 0
559 0.9903651312647483 0.4676841415531655 0
560 0.02954670411839265 0.02776973884730025 0
561 0.9826104730832528 0.4844480488369674 0
562 0.008658552962012794 0.01418397085940636 0
563 0.1913295596000461 0.1385382778942089 0
564 0.2269626949635202 0.4070798416387558 0
565 0.7852888625906103 0.3670390038760962 0
566 0.2291807594858388 0.1041226508619303 0
567 0.4010424744512596 0.09788760260884753 0
568 0.404110648233676 0.3993453149646208 0
569 0.2797500101537521 0.1369602126815055 0
570 0.4524627049350201 0.138470791022804 0
571 0.4537433931075658 0.3625231018351459 0
572 0.5032803357062983 0.1347371433843961 0
573 0.495840553341047 0.3630585371563817 0
574 0.5881017053055271 0.1085629164290951 0
575 0.550842268191442 0.1714089198615496 0
576 0.5536819770364394 0.3262464252510152 0
577 0.2675750994460465 0.3697144066182145 0
578 0.3733249910921228 0.3636374567571967 0
579 0.3802494340874258 0.1415671616010344 0
580 0.4426991707400902 0.1569277274416177 0
581 0.4403486400338748 0.3374661487801451 0
582 0.3378202377574073 0.3504327514461667 0
583 0.3427256479550995 0.1480831223322915 0
584 0.3316025580975874 0.3809820360190505 0
585 0.4912638831190583 0.1038246447328177 0
586 0.4898392653527932 0.397449553458985 0
587 0.7112646267297145 0.3730453632292177 0
588 0.7151619054864264 0.1228521085800729 0
589 0.6868034870427434 0.1501453915046064 0
590 0.6912790663954178 0.3510906183791692 0
591 0.5328568032238896 0.1106030450881357 0
592 0.5358003876858941 0.3832511153094896 0
593 0.594440554956597 0.376677825659498 0
594 0.595403990651821 0.1252560495112676 0
595 0.6747334536288067 0.3505062996238561 0
596 0.7569294870304295 0.3447382844629664 0
597 0.76519362849574 0.112537333931111 0
598 0.5263790860790933 0.3794665896996677 0
599 0.519479655959739 0.1264160826792344 0
600 0.3315389684833111 0.3714262959325466 0
601 0.3246419664703111 0.1182459470016275 0
602 0.6116062512391007 0.09555241596596591 0
603 0.6120591552455412 0.4066324916841023 0
604 0.6754896732134129 0.08576144548597151 0
605 0.672599252373572 0.4100969681475667 0
606 0.6154423671498006 0.3600596410694519 0
607 0.5084949119638434 0.3832305405751133 0
608 0.2354428438214073 0.3648892498824524 0
609 0.2608150035648328 0.1413075485993748 0
610 0.6586074858234681 0.155442767972933 0
611 0.657985680036797 0.343391824347313 0
612 0.3637504743255911 0.4216185782057215 0
613 0.3132586807569616 0.3838865408494549 0
614 0.3398930857894754 0.3595625042817034 0
615 0.4343226576036073 0.3618298862263699 0
616 0.340611179184747 0.1388029382529264 0
617 0.4329659351356756 0.1391489857967051 0
618 0.2998496972878419 0.1136509472564972 0
619 0.4631672689435807 0.08565366262160684 0
620 0.4624246528861095 0.414565616866058 0
621 0.4139112259650231 0.1213540140219934 0
622 0.4154117790083667 0.3779463228951663 0
623 0.4797575557139295 0.374323458332206 0
624 0.4827226888471943 0.1282730881450191 0
625 0.7438072601149129 0.1451451033663335 0
626 0.7401393756042412 0.3696707651521142 0
627 0.6996576943095627 0.3558662087366619 0
628 0.5674784381150332 0.1066235103775264 0
629 0.559136922632123 0.3678839317261164 0
630 0.7016019665329436 0.1403518574184154 0
631 0.5754179604391788 0.3733453571165573 0
632 0.5768768950028601 0.1232561684387896 0
633 0.647270247713744 0.3826656198387803 0
634 0.6475440885364791 0.1176693123636184 0
635 0.879055825093961 0.2288078290143099 0
636 0.2200705788527653 0.304175495619251 0
637 0.07263428275028955 0.2572945793621878 0
638 0.7683125526540945 0.4381579558753366 0
639 0.1716336912992607 0.3527876511458137 0
640 0.9446893479834086 0.2608631560895717 0
641 0.8312032922624041 0.3988151331617941 0
642 0.2149350454920513 0.04908095151234182 0
643 0.9034570177081627 0.3177627577504902 0
644 0.8135476787674403 0.1506347217670281 0
645 0.1837447750045842 0.03041767896223528 0
646 0.9496994036894982 0.1977428472109819 0
647 0.8193337617467132 0.4662338007844157 0
648 0.8640986435305589 0.1768301642953589 0
649 0.04181152390420676 0.3073781538419227 0
650 0.1752937654710005 0.07307257722512592 0
651 0.1061416183979203 0.3031129883004516 0
652 0.1540391650506924 0.1867123568367325 0
653 0.1120659357116966 0.2151232157451721 0
654 0.8663332168233591 0.4206923940102825 0
655 0.1525795635442324 0.05962784986466979 0
656 0.05881596217910828 0.332740037397127 0
657 0.9452230769989548 0.1586911585461875 0
658 0.8548152071109449 0.4623389029652189 0
659 0.1416330316905277 0.04485871102249832 0
660 0.05520955747546991 0.3535059210481399 0
661 0.1613986777169977 0.4472695476199112 0
662 0.04601254497552119 0.1689387919247075 0
663 0.7858890738848109 0.2956906653240083 0
664 0.9258918451636918 0.1307090871097728 0
665 0.1451814123356342 0.4642237296913247 0
666 0.05824157354598242 0.1416974236751935 0
667 0.9657959847016578 0.1309742184157553 0
668 0.06178486054137544 0.3709876391582482 0
669 0.05892737799103927 0.1168869642855854 0
670 0.130471031937891 0.02204607731149294 0
671 0.1152772022248018 0.04590416428845196 0
672 0.9605907511817595 0.111769404267107 0
673 0.1218687789654371 0.4717417106719718 0
674 0.05615174337695477 0.1084093124548902 0
675 0.7523636702971027 0.05242290561808719 0
676 0.9695933626781431 0.2909499229253562 0
677 0.09998130081837396 0.0540470970303186 0
678 0.8951684270362715 0.04186832574386117 0
679 0.8629040942390506 0.2846030534630383 0
680 0.0971104717960358 0.1529102158194103 0
681 0.8004011005906858 0.0326025123280867 0
682 0.2365649511209215 0.4660088135796812 0
683 0.02536160865097333 0.3998154748049467 0
684 0.09876449223888266 0.03404550891324963 0
685 0.9627629417928068 0.09243064810091549 0
686 0.9073916282394741 0.04585189922717885 0
687 0.09705494601217792 0.4585028754272581 0
688 0.1427398267005691 0.4049369266933193 0
689 0.823063189186227 0.02821869401201167 0
690 0.9634204231901984 0.3247336134137401 0
691 0.8860709208433569 0.3457174296007265 0
692 0.95451156483554 0.08167458311178588 0
693 0.960935752554545 0.4054699895156399 0
694 0.07625060423381144 0.04329361824533525 0
695 0.838201458226178 0.4814532175295156 0
696 0.9735749060995431 0.07711772674233056 0
697 0.07903458254853543 0.02264216364286728 0
698 0.01593795920594332 0.08784685916063117 0
699 0.9644701529335626 0.3614743247384746 0
700 0.9160616053755685 0.4636542706795688 0
701 0.9325997842708831 0.3845285304824618 0
702 0.961556501952769 0.06579920492847859 0
703 0.06878017606470176 0.04164077284557964 0
704 0.03635835173703469 0.06870670389774448 0
705 0.2023254561157792 0.4647115669627703 0
706 0.1659585263572161 0.4702634156050886 0
707 0.0294961188817711 0.2233860322025527 0
708 0.8956813500130112 0.4292597580277179 0
709 0.07575123777600901 0.4699290773618876 0
710 0.1873520542188803 0.4729303334128499 0
711 0.9248858510249883 0.4788398407285791 0
712 0.9313888078087257 0.03103695217555436 0
713 0.9658621873194047 0.4277144295448175 0
714 0.8495942389890644 0.4827987979666745 0
715 0.05654202124713677 0.02986400593357225 0
716 0.9669239821485612 0.05798297391523053 0
717 0.03101823112853418 0.0641972652044257 0
718 0.02875324489322901 0.1774812389198938 0
719 0.9150291719184422 0.3751715008300302 0
720 0.8505804929189204 0.3711654715055509 0
721 0.1874755407830526 0.2261626098214818 0
722 0.06339224187288077 0.4709373786044864 0
723 0.8992287661624947 0.3669449505688581 0
724 0.9816980277965819 0.05722795178764056 0
725 0.9444728591660727 0.467915056919555 0
726 0.9392659747501495 0.02705437448641533 0
727 0.01583275737827527 0.05467565049224765 0
728 0.05700947124452464 0.4808100590165328 0
729 0.7809059044405777 0.2398436831836658 0
730 0.9481219063676672 0.02120090722868254 0
731 0.01913027347783822 0.457236272586181 0
732 0.01776144954681881 0.04569991749537397 0
733 0.04742346220295415 0.481846652133251 0
734 0.9419185124032925 0.4846059250281489 0
735 0.9028869684148104 0.4780409014606645 0
736 0.957177866793863 0.02111212543212541 0
737 0.01883104446567959 0.0358614241260125 0
738 0.9721424582726963 0.4527887056847592 0
739 0.2402377609718155 0.1904639424860021 0
740 0.9765396736751877 0.492503227024269 0
741 0.9802609412861163 0.465590049508728 0
742 0.9705539891518322 0.4752892623289584 0
743 0.980785847395276 0.4391789371032699 0
744 0.9337303092073894 0.4234847581963733 0
745 0.9400800743113312 0.4299887008419545 0
746 0.7395138374738793 0.2467572869432792 0
747 0.9715680263697415 0.01018355827347169 0
748 0.009378887491482702 0.4697099173230871 0
749 0.009225852391638655 0.02326727956338696 0
750 0.9255964829445399 0.4113614347367813 0
751 0.9808734861245858 0.4755149649389794 0
752 0.9898016252671569 0.03241090009019122 0
753 0.9903139339547975 0.02050866896406811 0
754 0.544494622463136 0.2518220696238733 0
755 0.02782624344188889 0.01729554519991984 0
756 0.5477967076917557 0.4440493095258732 0
757 0.7347036168607485 0.4261160516228117 0
758 0.556706868815339 0.06616924191187829 0
759 0.6756187407058372 0.2877292714761749 0
760 0.6782231752709523 0.204693934762537 0
761 0.2508778696689676 0.08708027455892603 0
762 0.5631297363789749 0.4303826553561119 0
763 0.4651108172771843 0.3109075764034004 0
764 0.4652618794806314 0.1881205300451015 0
765 0.3868968879902389 0.3133645072129213 0
766 0.38750887229722 0.1833062718282094 0
767 0.3704748362975621 0.3041029790074379 0
768 0.3709855365518981 0.1958606589126082 0
769 0.3617544860408655 0.3046892702697024 0
770 0.3606588827483314 0.1931730966365249 0
771 0.4828522397215362 0.317860710407213 0
772 0.4818043933694408 0.1859756758241133 0
773 0.3019457952930311 0.2995386152267039 0
774 0.4736669140899455 0.2790654600541713 0
775 0.4719876438486462 0.2138210085626443 0
776 0.2629693151023499 0.2963122076456503 0
777 0.2587846917204761 0.1840585501769222 0
778 0.5783271887346416 0.454494403889269 0
779 0.453893925886469 0.0652938039550906 0
780 0.4514963686900522 0.437768502221065 0
781 0.4239004191951761 0.2082812247186407 0
782 0.4235784314926296 0.2901301118028522 0
783 0.4640019919521133 0.4340490087409613 0
784 0.4646061134498912 0.06670241818025714 0
785 0.2611785250004076 0.4499934264073614 0
786 0.2666307407181461 0.06697684809588063 0
787 0.6108100883543982 0.1797113307876073 0
788 0.3646597209884454 0.4428250752321499 0
789 0.3624307963293954 0.05918141261293554 0
790 0.4320896452579378 0.08580069475046982 0
791 0.4292596782111469 0.4128062451091504 0
792 0.3302212166842683 0.444393600907299 0
793 0.3057437710152581 0.4405692742612088 0
794 0.2969956514508079 0.05324534611896973 0
795 0.4876866710092778 0.04948702968814139 0
796 0.4852311977057728 0.4481075345235112 0
797 0.5975976941226298 0.4431447756787837 0
798 0.6021483821690864 0.05722630417942084 0
799 0.3549416382167179 0.4428922641118741 0
800 0.3746326528759953 0.08379655830519041 0
801 0.3760159783940096 0.4150172369441713 0
802 0.379394415574089 0.1986629483073238 0
803 0.3748519362522673 0.2956160154918046 0
804 0.6764240204023424 0.3205245083861047 0
805 0.6747948993187704 0.1771704241562438 0
806 0.4039919359573912 0.3052874398180728 0
807 0.4068730402086629 0.1969307579984294 0
808 0.4034132677282258 0.3259217160868615 0
809 0.4006099560272787 0.1781581907593041 0
810 0.3823674436291799 0.4314749500617324 0
811 0.3827854947813006 0.06251056242512917 0
812 0.6879862420837888 0.1938723539781817 0
813 0.5847055487020015 0.1678300279638641 0
814 0.5853852338534471 0.3301006166471588 0
815 0.4970012929474179 0.4456508550733794 0
816 0.6210908051901413 0.2065120871663222 0
817 0.2875161215415809 0.0732492780421765 0
818 0.279007576996693 0.454198163824222 0
819 0.4939372423057696 0.163624233858867 0
820 0.4939722397221049 0.3378706124329982 0
821 0.4091510666119109 0.4390406806610461 0
822 0.5036352537635767 0.06506905589152269 0
823 0.6191476091566803 0.05626854360404057 0
824 0.6154612177978827 0.4454700024489953 0
825 0.4836545549033455 0.07808465057245363 0
826 0.4789535231492066 0.4212727291134359 0
827 0.7248708291521229 0.2997077748077284 0
828 0.7220160167267772 0.1616857794032843 0
829 0.534322925916714 0.3176811437098725 0
830 0.5327598922322777 0.178547338106049 0
831 0.6585916539969686 0.2037939261459058 0
832 0.5284916669745781 0.03564961067539108 0
833 0.5270889138633166 0.4610928679760602 0
834 0.6497127107255452 0.1969371358686871 0
835 0.6591813020699242 0.3091639409693936 0
836 0.477824496510282 0.1993642499579971 0
837 0.4760640995523583 0.298216467824692 0
838 0.3298888552208201 0.3085084770596526 0
839 0.3231791192531226 0.1845566855264526 0
840 0.3439017591463206 0.4131359995887078 0
841 0.3333129556740724 0.06551503903941347 0
842 0.6330272730636841 0.4401360632651903 0
843 0.5155588203493339 0.1895894540535549 0
844 0.516115018950991 0.3118722633601205 0
845 0.6585446806167125 0.05624982762013796 0
846 0.6842791035105019 0.4251558746644914 0
847 0.6800273083031201 0.07557748010179867 0
848 0.7107491978371633 0.4468081229332565 0
849 0.7164734699724513 0.06363541957702194 0
850 0.7031731353902087 0.3024059784629428 0
851 0.6918813562352937 0.4150820978447828 0
852 0.2806317312320741 0.2009729330359259 0
853 0.2826647155947688 0.2953542893929722 0
854 0.3141623300617832 0.4334285404677258 0
855 0.3073331621121934 0.07020738865484806 0
856 0.3453006512111426 0.2936346082679014 0
857 0.3440593880784283 0.2055604212053844 0
858 0.309459224646835 0.3307511069301261 0
859 0.6490015552203027 0.437271103577455 0
860 0.6506119508895468 0.06195197026723535 0
861 0.6387837809354439 0.3097874329061495 0
862 0.6313759537561414 0.1896098030572576 0
863 0.5850045338253381 0.2936993759421938 0
864 0.5828442406731532 0.20458096144351 0
865 0.5719495801257698 0.1850171087080875 0
866 0.5712261534453146 0.3143756467013605 0
867 0.5509845480649731 0.1870015130264868 0
868 0.5516428467812785 0.3124919707771339 0
869 0.7230776673997785 0.3412247102190379 0
870 0.7422658360955181 0.3288497470194018 0
871 0.2479951968718982 0.03782989670983232 0
872 0.2659763132896219 0.3398264057814011 0
873 0.6757276263532317 0.4693028863573998 0
874 0.6902149016594845 0.02753113740865383 0
875 0.2647984278741416 0.4124599271175079 0
876 0.2506948163346249 0.3186564525105584 0
877 0.7316202744218062 0.09392394554423533 0
878 0.4334194838066818 0.0275030120819597 0
879 0.4313365568311711 0.4695708640756829 0
880 0.553563592884189 0.2224408204689623 0
881 0.5571154656237665 0.2782510462076174 0
882 0.4725890246493483 0.4701205165411652 0
883 0.9143002015448427 0.2110665379558158 0
884 0.8979830498568301 0.2759560035797081 0
885 0.2376230250698761 0.1483446264116377 0
886 0.7491053017633471 0.4045956345385894 0
887 0.2239843762752896 0.2014047735591822 0
888 0.902206273884152 0.186842065339774 0
889 0.2283486353353049 0.2617146817191835 0
890 0.2730726656199516 0.1566723627969623 0
891 0.1129279189976001 0.2702984147112036 0
892 0.2072766550477486 0.2626839901431637 0
893 0.2024131284862827 0.05671028314717198 0
894 0.2144381006656253 0.1605184882442443 0
895 0.2090697598748235 0.3523379956133462 0
896 0.9094795669719704 0.2438243838495309 0
897 0.2020024362726495 0.08485061024662328 0
898 0.337513123533794 0.4676465215442038 0
899 0.2497860502803737 0.164485478240433 0
900 0.2325431886254692 0.06737129190361618 0
901 0.3567812140083672 0.03049181278020287 0
902 0.3707508596119732 0.4707184814885726 0
903 0.1556520171911536 0.1448078929563806 0
904 0.1791577601818286 0.1050717640960688 0
905 0.206193342999636 0.384168159988501 0
906 0.9281768103160279 0.1728995275003968 0
907 0.1293279141081096 0.2329995155446837 0
908 0.1753104682881862 0.3965490039286319 0
909 0.07038593380179373 0.3075815813675737 0
910 0.8434738443162406 0.3218284764385257 0
911 0.8037443284428508 0.4206690773745812 0
912 0.0291661471690818 0.2590773785452505 0
913 0.1703577643882904 0.3075006824791409 0
914 0.823947025141497 0.2875617073710113 0
915 0.7737108236041816 0.1529983265264326 0
916 0.8089414741123145 0.3195524778422048 0
917 0.8431410039444067 0.1941327870030797 0
918 0.954201281017895 0.2958577876228532 0
919 0.7655368658337233 0.08800301845261462 0
920 0.8005320367194158 0.2547437448465506 0
921 0.8344983370722062 0.2594290012766348 0
922 0.8311822079146962 0.4401185780103224 0
923 0.7415457323823637 0.4720000633785029 0
924 0.235627037202435 0.4285985257877014 0
925 0.1299330924979194 0.1664181249955144 0
926 0.2331896916566643 0.3390387706940324 0
927 0.1925004488634843 0.2930647865813335 0
928 0.1331038530705204 0.3231188569030093 0
929 0.791444498591914 0.3347581330333534 0
930 0.8142383452098843 0.1883561305477262 0
931 0.0856469177507409 0.3227388729403252 0
932 0.1774458903146326 0.1642672975997445 0
933 0.2131409985562436 0.4477678484526738 0
934 0.8059529933159618 0.06771822336454159 0
935 0.8414943852439248 0.133858909398727 0
936 0.195940692391086 0.3282827690408799 0
937 0.0729585019242384 0.2192896460387532 0
938 0.1352642732791798 0.2955753809169758 0
939 0.1534872133346764 0.3817539239143082 0
940 0.7640562223137858 0.3272890900087644 0
941 0.07429857441783551 0.3463407856885206 0
942 0.8601684495154074 0.1446077815059922 0
943 0.7865605153502679 0.1330731015874316 0
944 0.2516054901393886 0.2359481653853844 0
945 0.9278972643239529 0.1545186395969727 0
946 0.8928062617304718 0.2942306415579464 0
947 0.8498494078889415 0.4459805786003346 0
948 0.8666281054389851 0.08490987577854842 0
949 0.04485332699575165 0.2116767631432475 0
950 0.07821295649083583 0.2870390123153888 0
951 0.1250189620975341 0.1317931918471542 0
952 0.09111836407712123 0.3599567394333598 0
953 0.8423919912023196 0.08136220397486339 0
954 0.8320195414610149 0.09935063595843 0
955 0.76187243776126 0.2687968013738847 0
956 0.7358973362258839 0.1197680362578299 0
957 0.9448858318171372 0.2225310634907436 0
958 0.1850066547935167 0.4519211787507462 0
959 0.0761797850427102 0.1308343167303171 0
960 0.0882820049279858 0.1791960481518496 0
961 0.06875796021094985 0.1634843146820556 0
962 0.1944827644583497 0.4478897470772153 0
963 0.07478009098937849 0.1110869782205562 0
964 0.932707477440583 0.3255364586853741 0
965 0.09422443649112219 0.2353730234938787 0
966 0.2377133548110216 0.2819056734403915 0
967 0.7668205100847336 0.4709154583445109 0
968 0.2442540628444013 0.2454496707937592 0
969 0.04227706210606682 0.185709266794923 0
970 0.1585927719879468 0.03731462971449404 0
971 0.2642395071767043 0.2182588207826525 0
972 0.1825596373608472 0.2463995684908129 0
973 0.9731887738199404 0.2398869643752093 0
974 0.9500081149089201 0.3734412012928258 0
975 0.1510959611886131 0.4239336739659632 0
976 0.876747529303948 0.2081788041361644 0
977 0.8299542230820671 0.3662789979854199 0
978 0.7801175540769408 0.2164488199184041 0
979 0.1564659588857596 0.08948749873946449 0
980 0.7796537889821313 0.2592463832564031 0
981 0.9717396953299327 0.2225158209218904 0
982 0.1442129098079619 0.01619826201805335 0
983 0.03318841143784552 0.3628834212226907 0
984 0.7710867028912979 0.2676625346618876 0
985 0.8528325711250702 0.346157517049458 0
986 0.1370214793133449 0.07889173725410058 0
987 0.275265284216774 0.4723017638350764 0
988 0.1232668894256396 0.3785462522429821 0
989 0.8563024624870586 0.02267745117161644 0
990 0.9310411314934318 0.1072242969755279 0
991 0.1344375098782263 0.2024924904078303 0
992 0.1733555871502499 0.2094141359349901 0
993 0.8743671579663672 0.06575555893246557 0
994 0.03070880408564125 0.3331182143267414 0
995 0.7314678613765913 0.02516862112686952 0
996 0.9636260102497303 0.2735803206021514 0
997 0.02756289732557654 0.1207260304968325 0
998 0.1216804662969082 0.0470062462035716 0
999 0.8928983837478912 0.07818954674987616 0
1000 0.8183317867747619 0.04907041737263113 0
1001 0.02156691823732709 0.3756895880709784 0
1002 0.07168714351119805 0.3658255164046425 0
1003 0.9440936138964248 0.1400040027799797 0
1004 0.02906008715024661 0.1384095216173639 0
1005 0.2090206493188297 0.1241219479283371 0
1006 0.9812394042401559 0.2648668506082769 0
1007 0.02830305893767045 0.159070492939756 0
1008 0.1680909984963699 0.1326200765478445 0
1009 0.8832183338431329 0.1365334474066183 0
1010 0.0291415462610105 0.3948922865548887 0
1011 0.9605176786352656 0.3799365514952836 0
1012 0.1149224711170915 0.0256767547178496 0
1013 0.8225196216339084 0.07462577027742928 0
1014 0.976609364914155 0.1134003964435233 0
1015 0.1095854440041474 0.3382754519752435 0
1016 0.973987182810432 0.1012419144378358 0
1017 0.8879394862608454 0.1580424834473151 0
1018 0.9765374840384166 0.1814685847155199 0
1019 0.09323391027380482 0.203162374326435 0
1020 0.8737054841843273 0.4440555873921178 0
1021 0.1117130985219223 0.3917351659841478 0
1022 0.02432962088770694 0.1011732508557894 0
1023 0.1420473041960867 0.4423218465855441 0
1024 0.02760046676712008 0.1983213445654976 0
1025 0.9002941495527993 0.348406200299287 0
1026 0.8844081289918491 0.0713498010257551 0
1027 0.8048342141194915 0.4793709560202233 0
1028 0.9499334202324835 0.3390633626119449 0
1029 0.3528235212380906 0.3912446066176128 0
1030 0.344171700968935 0.1028093565419791 0
1031 0.3691492203090234 0.1164797761594806 0
1032 0.8951102368143515 0.02384848018705632 0
1033 0.810287443163477 0.3516420219056231 0
1034 0.1742832833280885 0.4559577746398448 0
1035 0.1000892784287331 0.01940878522018395 0
1036 0.9777533797301726 0.09468826892887021 0
1037 0.1679295648108448 0.4362635305377994 0
1038 0.09291659596010501 0.1182249759546209 0
1039 0.8949964856000118 0.3392906647032116 0
1040 0.7439015528141463 0.3519864805093462 0
1041 0.9790024792735675 0.3951508352854297 0
1042 0.8634957646947811 0.4429452794286454 0
1043 0.1022351173618635 0.4211515628216012 0
1044 0.1652681777133627 0.02096373024573913 0
1045 0.9101159840098951 0.06737755855055008 0
1046 0.9784801585446145 0.1612899293559558 0
1047 0.9514770469059899 0.4190230272537973 0
1048 0.2408640563071107 0.3920872131920979 0
1049 0.2296011793990968 0.01017251725462186 0
1050 0.9194473612904686 0.0939168525190943 0
1051 0.9492175003533385 0.1299612928192757 0
1052 0.07674188383002109 0.09474006798473852 0
1053 0.02678348787452872 0.2896042705543192 0
1054 0.8296423277944482 0.04363057217913247 0
1055 0.1259475344354837 0.4204960156361383 0
1056 0.8553911290596298 0.4005762552150151 0
1057 0.07271375473901996 0.4029421495493454 0
1058 0.9743213279937463 0.1378052009291471 0
1059 0.1240806171926428 0.1093967540083399 0
1060 0.1924105757777721 0.01658873379963764 0
1061 0.9863585515839674 0.3317205788427667 0
1062 0.9165122886272419 0.1125274962587222 0
1063 0.9409484586442719 0.4085382068473202 0
1064 0.09527094301643846 0.07297051593210918 0
1065 0.9077061414036157 0.3676171894094301 0
1066 0.2046561527472052 0.4149126839268061 0
1067 0.755485683328301 0.1331792302858318 0
1068 0.9312443989317161 0.08217408148265405 0
1069 0.06088442155022409 0.1790726215225201 0
1070 0.9146461222550405 0.3337220343070089 0
1071 0.9610675057089705 0.1735413414027625 0
1072 0.9069030605667953 0.01554250882505648 0
1073 0.9729070456873914 0.3059618191579587 0
1074 0.9641057492706956 0.345399195216193 0
1075 0.7852713321318287 0.04587042022023887 0
1076 0.08548244701959391 0.06051684842577686 0
1077 0.848215584721152 0.393429870741515 0
1078 0.1301950874476782 0.4590814987669799 0
1079 0.8407055904425166 0.3872854009174442 0
1080 0.9467321962336112 0.39427140308257 0
1081 0.8724497651000396 0.3700914404313745 0
1082 0.1195226479729583 0.4591259611274066 0
1083 0.04337118220930379 0.3172351183968907 0
1084 0.792865439968216 0.2301331428756813 0
1085 0.7875925509720468 0.01823097245471982 0
1086 0.8685245414451495 0.3621025484833783 0
1087 0.8444700622397102 0.4718290015937519 0
1088 0.9860698608961706 0.2848435378513803 0
1089 0.1066840505252987 0.08662049234863631 0
1090 0.843270046740122 0.3661865825360077 0
1091 0.8723904815044187 0.03872816246284356 0
1092 0.2453626590055887 0.1280042244918832 0
1093 0.8782980447563473 0.1170875764385866 0
1094 0.8841373302634057 0.4270003565519649 0
1095 0.2499199776404183 0.3687261938718902 0
1096 0.08085942048101656 0.4808203452331249 0
1097 0.8831518646611305 0.3765535071992546 0
1098 0.134381828700841 0.06057489684111317 0
1099 0.79129132031599 0.1048942271168909 0
1100 0.1212121639567286 0.01011426143773164 0
1101 0.1023793606394556 0.4483603173415902 0
1102 0.8937153493348656 0.01780125493034063 0
1103 0.1375552661062774 0.03541261546545234 0
1104 0.875671901193071 0.1009400649276453 0
1105 0.9394213483119031 0.1193440722811962 0
1106 0.9126643823979316 0.4221846482882076 0
1107 0.8420586233862264 0.4152539070721769 0
1108 0.9221922657550402 0.3697560061879134 0
1109 0.7754412101752496 0.3454763305977283 0
1110 0.02342416584658325 0.44656424486729 0
1111 0.07381948447045958 0.05837175608223156 0
1112 0.008195541866086344 0.06960213685899201 0
1113 0.2089266316951529 0.01824161993970525 0
1114 0.9532341570691751 0.4296518781721719 0
1115 0.158812291291757 0.4722108672583585 0
1116 0.2292805084727249 0.4702169369154368 0
1117 0.8208534004539323 0.4862136358902234 0
1118 0.9428775681120217 0.06696711581718165 0
1119 0.8995259247735966 0.04922937980050754 0
1120 0.01655749827261502 0.4342257869591562 0
1121 0.1373096751615187 0.006733172814414842 0
1122 0.06528332784371833 0.07980522752975164 0
1123 0.9841854436536632 0.434412854166243 0
1124 0.9250539701854164 0.4422887177288987 0
1125 0.9450675106419136 0.07817364468832103 0
1126 0.9215779457239223 0.01686279416858037 0
1127 0.9698885807430808 0.4195881651718071 0
1128 0.1609544485571654 0.4593846924189566 0
1129 0.1942419417452509 0.03697956989621707 0
1130 0.7367297123462615 0.1440758327347424 0
1131 0.9838671695309232 0.07808342740895254 0
1132 0.106174349011168 0.4631643875420515 0
1133 0.9307528396732051 0.3964066557832684 0
1134 0.06638424794679537 0.02646150329992603 0
1135 0.9017186628702878 0.3857030299851931 0
1136 0.02077741240084487 0.4118704412509202 0
1137 0.8059252958844756 0.01478508085588823 0
1138 0.89526999781783 0.4137610229699338 0
1139 0.9155633394465168 0.4330341886521884 0
1140 0.01750338411802746 0.06797231981874846 0
1141 0.9336911012454471 0.4496161798817272 0
1142 0.898537816261866 0.0319184009803264 0
1143 0.1233677971499257 0.03906213955944517 0
1144 0.9120285624837595 0.132154613822757 0
1145 0.1157816080284431 0.4002553863970408 0
1146 0.1263635633310336 0.4644202563215556 0
1147 0.9145179902448999 0.1439026933211277 0
1148 0.8813006319214658 0.03873291973400635 0
1149 0.08291488830081814 0.0292112721903728 0
1150 0.9625529592016013 0.1512945061391321 0
1151 0.07462372631129931 0.03261637293404609 0
1152 0.8349852600618982 0.01647126444152652 0
1153 0.882963392847371 0.481000979225737 0
1154 0.9803146614960632 0.07203121565489781 0
1155 0.06947136067160817 0.4900389991966526 0
1156 0.2662018962317341 0.2691846363021686 0
1157 0.9016978349279845 0.4356605448806268 0
1158 0.8690158040140809 0.477390312077317 0
1159 0.8782031601851594 0.4731393609064329 0
1160 0.1368376251800694 0.09768547508740644 0
1161 0.8934940271248183 0.3845497066690313 0
1162 0.9095083569878726 0.4695359390354508 0
1163 0.8316439679096832 0.4767769294809154 0
1164 0.06826318767444407 0.01389693682664154 0
1165 0.1022066801857996 0.4724958611648319 0
1166 0.955181839957146 0.4417479000981361 0
1167 0.1118309565716787 0.4880237817638726 0
1168 0.9188591045871533 0.3953275304001615 0
1169 0.9743985719100741 0.4091262255030607 0
1170 0.9317655574403277 0.4705951915285775 0
1171 0.1161715473510738 0.06472407837077576 0
1172 0.8760046431817825 0.3886051952577559 0
1173 0.0429443143598275 0.06531877488007734 0
1174 0.8921804019736621 0.4659224538794252 0
1175 0.03350020883595661 0.4000445610878812 0
1176 0.06928050043872965 0.05082199408852828 0
1177 0.5415377248640788 0.3436416435785422 0
1178 0.5424166275015887 0.1569570530972558 0
1179 0.03401250546239956 0.4118111627016571 0
1180 0.04911587951158381 0.4208879366705025 0
1181 0.04812843959488232 0.1508475668839163 0
1182 0.1065165122332079 0.3748452961735352 0
1183 0.05650615929174757 0.07294796334520948 0
1184 0.8734078132306238 0.01010403033968045 0
1185 0.8566434683849596 0.4708855403130433 0
1186 0.9348303695777425 0.03953104144875757 0
1187 0.02607411502135983 0.07275966749876153 0
1188 0.8491584518307338 0.0627052803565968 0
1189 0.9038578991292275 0.4142764072395452 0
1190 0.9519386015369489 0.03236762898888292 0
1191 0.9119571895092204 0.4896670930098793 0
1192 0.06898463541669445 0.4783665419698593 0
1193 0.2099235580916652 0.4815503339584055 0
1194 0.08184790535045683 0.4737978343482847 0
1195 0.03432156205463252 0.4388566451923944 0
1196 0.9204100775406081 0.4703860391485745 0
1197 0.913616534621448 0.4799384474502877 0
1198 0.1628391118282674 0.4896268873594815 0
1199 0.04245132285308868 0.02953175251930249 0
1200 0.9577078449594974 0.05165937727979678 0
1201 0.9116176935157629 0.3877629337119957 0
1202 0.04670653946172811 0.007224712411935696 0
1203 0.06213860774097709 0.4355881753808492 0
1204 0.9820730301948153 0.3633993974891644 0
1205 0.008799306789718516 0.04266687390863955 0
1206 0.05875761794006505 0.04484818191061337 0
1207 0.8706074964215099 0.4564461889525032 0
1208 0.9681094743447064 0.07094491957133749 0
1209 0.5637599331718192 0.3452991366654448 0
1210 0.09063176654254068 0.4697353189674112 0
1211 0.8900231455646058 0.0340106758269867 0
1212 0.05828251658616192 0.4591607650233918 0
1213 0.07341934848919644 0.4185270070582108 0
1214 0.03464574000660364 0.422744512430258 0
1215 0.8890228559009391 0.3642517143869853 0
1216 0.05116719395128805 0.03718594986625556 0
1217 0.0878841143819078 0.4531088163013852 0
1218 0.9202594822117843 0.3823716910264955 0
1219 0.9366382987440619 0.4632032263984821 0
1220 0.02686526395636991 0.04925002987564505 0
1221 0.9061310026012823 0.1398225531623849 0
1222 0.9707414256455291 0.03726535224636066 0
1223 0.964530029099428 0.04613172343049325 0
1224 0.1145300976650972 0.4674781104128485 0
1225 0.9499608071188137 0.0102393021675001 0
1226 0.04023701530667458 0.1111557398651107 0
1227 0.6708024197341369 0.1046212850423088 0
1228 0.6676497924645342 0.390579498687113 0
1229 0.6950350424453391 0.1169866642859361 0
1230 0.6914253605296123 0.3846334829245866 0
1231 0.9894546708131591 0.3080064844822994 0
1232 0.01010643107642418 0.3997884752208549 0
1233 0.007885918437972721 0.06063305715590133 0
1234 0.05001161523886211 0.09364102085345163 0
1235 0.9533931022916259 0.06180987624406453 0
1236 0.03788063267039073 0.05407166718819532 0
1237 0.09038485399010832 0.4905764985806217 0
1238 0.1118058473419974 0.03866944484864585 0
1239 0.5488180530741643 0.3971172805592606 0
1240 0.6799885313583464 0.3335148608681849 0
1241 0.6759424160402752 0.1662013702528063 0
1242 0.9352147498840827 0.4824352067072387 0
1243 0.9618835845537592 0.02876663357038383 0
1244 0.05396961778851986 0.3931312219429671 0
1245 0.9488096860664598 0.4794734744541696 0
1246 0.8892597092267668 0.04384350893875619 0
1247 0.03338908126395136 0.4494776838408524 0
1248 0.8430194645919071 0.4850108969788765 0
1249 0.05260148463335714 0.1309568518078942 0
1250 0.4452491352271856 0.2505903361195204 0
1251 0.8941690551874547 0.4031363055901579 0
1252 0.1114037651224786 0.4535926292866453 0
1253 0.9223066027287172 0.4901075090014742 0
1254 0.8909762890865552 0.1034621283887997 0
1255 0.03137221866863348 0.4604176351958799 0
1256 0.2680333367448113 0.1117604101735725 0
1257 0.01788267549553024 0.2326391947982098 0
1258 0.9575925286783869 0.07328808039759409 0
1259 0.3486647499087543 0.248789207941482 0
1260 0.1938553359202477 0.4692269388499524 0
1261 0.9037802130289397 0.377256338950043 0
1262 0.8590015445384044 0.4803724499330126 0
1263 0.8604286932680535 0.4901000405031202 0
1264 0.01377811630497268 0.4500324129911793 0
1265 0.9433128430459521 0.03600020822753053 0
1266 0.8670975252105304 0.05264852052358276 0
1267 0.9268341822296429 0.02334173734495964 0
1268 0.8580954077917015 0.3761785084878596 0
1269 0.09184707648141154 0.387734691452387 0
1270 0.958680903803417 0.1242725705795962 0
1271 0.9062432022471391 0.09308066192457321 0
1272 0.9744664937602363 0.06444449728324635 0
1273 0.9172294158282893 0.4495925766922165 0
1274 0.9572636684087502 0.4550264762105309 0
1275 0.05266718123407593 0.0189653323763732 0
1276 0.7331318580684395 0.2418788734094419 0
1277 0.9636190378510258 0.0753818057870949 0
1278 0.06109764057797049 0.02257305747039413 0
1279 0.04636416467306601 0.4752219369864379 0
1280 0.371354737443935 0.2524036428800187 0
1281 0.042391073388097 0.4638363432791532 0
1282 0.9895080078024922 0.0669747925515838 0
1283 0.9639912293862785 0.1001263123611405 0
1284 0.8415850138669483 0.4913886419122757 0
1285 0.04876642699712859 0.4907116111275806 0
1286 0.05887076585928241 0.4903292411498685 0
1287 0.03848530885147836 0.4817207830252208 0
1288 0.008106775169040287 0.08879519735973841 0
1289 0.08283109524121871 0.01418514293214439 0
1290 0.8505034660432467 0.4912073124669015 0
1291 0.9904226807301049 0.04948083788281574 0
1292 0.04751212552457895 0.3759357030539207 0
1293 0.08716320128083553 0.03862456535081679 0
1294 0.8314275607372826 0.4895907972252448 0
1295 0.9637301436441381 0.4859826890293357 0
1296 0.9687046336610959 0.440203610783428 0
1297 0.9673383538867416 0.4633833815585138 0
1298 0.9681486843302224 0.02130503287528222 0
1299 0.01932621068896641 0.4697909888085842 0
1300 0.9826174343934941 0.04089842364988103 0
1301 0.00925065655296177 0.03296928973752467 0
1302 0.9532635880607655 0.4904396030552555 0
1303 0.01027445789566726 0.1802674286569359 0
1304 0.0507849935730803 0.02571878271752476 0
1305 0.9164522345759285 0.03590877686455751 0
1306 0.9805879605799442 0.01002113015072621 0
1307 0.01947122488289967 0.4901818644092728 0
1308 0.01471438709134716 0.008098874711726906 0
1309 0.08936577671470322 0.4287735187321721 0
1310 0.05026514387415541 0.3447430846264979 0
1311 0.05642053472661358 0.009787760236113545 0
1312 0.9416067827096023 0.4911047645349835 0
1313 0.05355181823148473 0.4701138925884945 0
1314 0.03368344348072445 0.006864437709716851 0
1315 0.02897736132687415 0.4808825275910211 0
1316 0.7317249562993246 0.3897335079092069 0
1317 0.9728029251342982 0.01721703529295524 0
1318 0.06525213235518351 0.0347741953949428 0
1319 0.9653645557495965 0.08283863790946708 0
1320 0.3823792989834568 0.3419660396179363 0
1321 0.02335895805628859 0.05884264598737946 0
1322 0.07607036411555114 0.4328716912232642 0
1323 0.008796015170188049 0.4595587433165259 0
1324 0.01881653698479608 0.02588056406173771 0
1325 0.04054898860738765 0.01573319136631235 0
1326 0.9503954117769288 0.4616513518779471 0
1327 0.99016702428328 0.01016484154727949 0
1328 0.9490986106632072 0.05141161728165029 0
1329 0.008260157847304456 0.007923236877752893 0
1330 0.9898843513264518 0.4152338916528304 0
1331 0.9605375115876035 0.4948152291136423 0
1332 0.3934743938314161 0.03515268276958607 0
1333 0.2828051437105319 0.4180589311680506 0
1334 0.5959132228279537 0.2764817209028339 0
1335 0.5961102099104493 0.22315295960481 0
1336 0.2686191604159831 0.04395985577344204 0
1337 0.4104206646431085 0.4662683827824259 0
1338 0.3056255829064329 0.2197874950611451 0
1339 0.613203981837121 0.2974778684332169 0
1340 0.6148422854533981 0.2051809601888931 0
1341 0.5653855573574697 0.4605662286792979 0
1342 0.2815891549848243 0.03580143921242365 0
1343 0.6443543087007548 0.1515779097701414 0
1344 0.6463207692488613 0.3493994252168823 0
1345 0.5288766617172842 0.09887449901280518 0
1346 0.5420543273097858 0.4039284222622691 0
1347 0.3940383939596132 0.2815680593059949 0
1348 0.3924449029104194 0.2208352539659642 0
1349 0.3154091594291089 0.08765901177407377 0
1350 0.3185001200653729 0.4130044033331891 0
1351 0.2983523838401183 0.08911159958613402 0
1352 0.5027068030403066 0.4105830469254975 0
1353 0.2913489449106292 0.02809726063802843 0
1354 0.2942343624083576 0.3393790888277465 0
1355 0.5160029219451013 0.4540737617298505 0
1356 0.514511978798432 0.04753915171703802 0
1357 0.3295503959324816 0.1576741046890539 0
1358 0.3260418206394993 0.344021366545584 0
1359 0.5590345644815338 0.03943593182832272 0
1360 0.5769237156873931 0.2234262868718567 0
1361 0.5738815506474019 0.2753165074172809 0
1362 0.2980345399503093 0.4600278877389903 0
1363 0.6563897638389633 0.02971587330170409 0
1364 0.6555015084694289 0.4693573042991508 0
1365 0.6232486136504879 0.0943302583966051 0
1366 0.6229626726702717 0.4060819179362468 0
1367 0.6382762248880052 0.46856885745106 0
1368 0.6324376119483057 0.03538738493439803 0
1369 0.6425031448102903 0.401698730551569 0
1370 0.6410272221483254 0.1011833975525256 0
1371 0.3095685865928931 0.03371837374816043 0
1372 0.5115164891884225 0.2822904871942274 0
1373 0.5113499946468112 0.2208878750032493 0
1374 0.3178964101565192 0.4665139554338519 0
1375 0.300316296205521 0.2093957271513144 0
1376 0.2848168189552063 0.2223931011699295 0
1377 0.5758568554009601 0.1410655816549327 0
1378 0.3313142101904381 0.2822018931371951 0
1379 0.3322955586767943 0.2253614999584294 0
1380 0.285481918731601 0.100418292604366 0
1381 0.5037552763573749 0.02786451984972891 0
1382 0.4998950955103492 0.4680824407260064 0
1383 0.5213762400533787 0.3417918992687613 0
1384 0.5193631640668935 0.1584266036489414 0
1385 0.6198351223615825 0.4779015445269294 0
1386 0.6239195197272457 0.02886803268255975 0
1387 0.3906085704808894 0.2650844862534851 0
1388 0.3923610268718344 0.2345441448254924 0
1389 0.486919758458553 0.02789032493233669 0
1390 0.479661927307684 0.4730513996927928 0
1391 0.6307789858569378 0.3291111455125351 0
1392 0.6308708094056085 0.1683614517375621 0
1393 0.2833808924327467 0.4749675353490906 0
1394 0.3704782379326821 0.2161885365736219 0
1395 0.3648697922105874 0.2846723574225802 0
1396 0.4110216899761811 0.2136494164505313 0
1397 0.4130712676896219 0.2872947851677028 0
1398 0.4778267676111825 0.1600957566863288 0
1399 0.4791737392069471 0.3462362547035239 0
1400 0.355319596390178 0.2808087566109943 0
1401 0.3564582119203756 0.2194367405829631 0
1402 0.2729589889295026 0.0850073616568435 0
1403 0.3286380651792312 0.02666560665760639 0
1404 0.720114170866225 0.2697990588658603 0
1405 0.487862126059034 0.227500983053896 0
1406 0.4941321366494518 0.2728840673407637 0
1407 0.4557706638471983 0.2849028289879866 0
1408 0.6018813373101043 0.4642489452438373 0
1409 0.6013150247531389 0.0377976994023877 0
1410 0.5472956108340612 0.02083755362782583 0
1411 0.7112042027654989 0.4754136485913797 0
1412 0.5450535234964804 0.4790330158428116 0
1413 0.3728501250971835 0.2708383003979045 0
1414 0.37913313677627 0.2319742129855554 0
1415 0.284737484032711 0.1635281725623568 0
1416 0.3429159474103227 0.2681682247092602 0
1417 0.286714172469569 0.273623760459335 0
1418 0.613689035459369 0.02968258859029221 0
1419 0.6134727587428425 0.4679557315636645 0
1420 0.688234385597206 0.2897763181060515 0
1421 0.6919382167271012 0.2234389089633485 0
1422 0.7375090905681224 0.4451064175873989 0
1423 0.6082924675726364 0.3343494924932561 0
1424 0.4080985826466607 0.1605818269502834 0
1425 0.4081633207651858 0.3345875173953154 0
1426 0.3923670612098356 0.4530712058426856 0
1427 0.5760421329217408 0.4179176527926935 0
1428 0.5939453795613923 0.08209157137689736 0
1429 0.6576211888387794 0.2185371949017685 0
1430 0.5688877906674762 0.01983453564330676 0
1431 0.5626767134389952 0.4090233538991316 0
1432 0.5794013100101846 0.0926986271889846 0
1433 0.5814921730108141 0.1500677625952093 0
1434 0.7330113674564799 0.225908783162876 0
1435 0.6021071425668406 0.3470883564183904 0
1436 0.7192457840188502 0.2772451766567881 0
1437 0.4302313369961011 0.2314586178450073 0
1438 0.43301598228288 0.2717499617941596 0
1439 0.6633862118222709 0.2718795450707932 0
1440 0.6730453590974599 0.2270870615268422 0
1441 0.41364748706454 0.2325794171750767 0
1442 0.4121751653403254 0.2693496216512281 0
1443 0.7120173309700782 0.4037925187153362 0
1444 0.5286717292790558 0.01985112401317261 0
1445 0.5193782770230374 0.4799173255599991 0
1446 0.7031808073491187 0.2813166180244592 0
1447 0.421978721976751 0.1764971980414323 0
1448 0.4249620620183445 0.3219058685351118 0
1449 0.7588795329392598 0.4204009551460773 0
1450 0.3027741651152447 0.3552109526234472 0
1451 0.720844019003033 0.2152611871754993 0
1452 0.4325096411395609 0.1857614279929266 0
1453 0.43216592728684 0.3156353058791359 0
1454 0.5833269747524172 0.3552722368765032 0
1455 0.5970976105228258 0.3593163711863892 0
1456 0.3096838969037637 0.1392813205436987 0
1457 0.5951578050390709 0.1365810752116621 0
1458 0.5694878698626601 0.3545815832195312 0
1459 0.3660378909148109 0.0490402115081624 0
1460 0.6580082465708008 0.4164167283227226 0
1461 0.658066835507779 0.08454715108152433 0
1462 0.5476593489266335 0.08497511345888288 0
1463 0.6875323700315535 0.05719574516838706 0
1464 0.6727771567178698 0.04277301847121322 0
1465 0.3451467928679042 0.08274214136191808 0
1466 0.2647438675896131 0.08953170096700895 0
1467 0.3298694375057444 0.3990347166129782 0
1468 0.2918753308214623 0.1521233804286482 0
1469 0.6851689754621509 0.4476649373037682 0
1470 0.5781977618418984 0.4811838623602476 0
1471 0.7095356233890175 0.3251795987728036 0
1472 0.5906475934556531 0.0183363982257296 0
1473 0.4231812919055691 0.2318226797963764 0
1474 0.4243881997947711 0.2677417241650991 0
1475 0.7762065607899168 0.4156550644972827 0
1476 0.6847699708871902 0.2371356048534267 0
1477 0.3337847148096044 0.1681651388302834 0
1478 0.6164070267248124 0.2696571733823074 0
1479 0.617068626929701 0.2306753095735719 0
1480 0.2787819979477772 0.3979595446181799 0
1481 0.5363463204417912 0.2890173292388335 0
1482 0.5366226157529204 0.2110399413765264 0
1483 0.705027303923914 0.04692259999359521 0
1484 0.7267775865770192 0.3206043644987382 0
1485 0.9182270371472506 0.2689079384377127 0
1486 0.6998124447003351 0.3331197083063965 0
1487 0.4872003269391713 0.1512793111638972 0
1488 0.489533526793987 0.3498310540543438 0
1489 0.7041110662695338 0.4256990588397006 0
1490 0.4204501128746349 0.1038916278907633 0
1491 0.4259223767652408 0.3935287393288512 0
1492 0.7103291352399598 0.08546510984058847 0
1493 0.7424140489147924 0.07441370983684792 0
1494 0.9205928804555903 0.1898022278438555 0
1495 0.6676812859600975 0.4511721558601584 0
1496 0.5115566141420043 0.1396212190953461 0
1497 0.5055509379558731 0.361933009472423 0
1498 0.7258274962508335 0.04072048670270416 0
1499 0.5253010823948096 0.1741224348562136 0
1500 0.4094998853149623 0.08096631335877616 0
1501 0.4100032846263276 0.4186102719371517 0
1502 0.6850922257256074 0.1301381041355615 0
1503 0.136160452364415 0.2686657051004545 0
1504 0.4816844269265034 0.4130629369530813 0
1505 0.4843392462706583 0.088671438629692 0
1506 0.4658494222472162 0.3833322944195945 0
1507 0.4662425819354962 0.1179158970201919 0
1508 0.3722356374337875 0.4504437029935398 0
1509 0.607646100418974 0.07217196080087213 0
1510 0.1937088731282719 0.372733752753557 0
1511 0.1432220056379644 0.2509883691236863 0
1512 0.2101912845609991 0.2912511228252993 0
1513 0.3469690243175841 0.1780038303633875 0
1514 0.7176915808049246 0.142271150036383 0
1515 0.3829444607477712 0.1111390994319405 0
1516 0.3818257329371076 0.3952887267074304 0
1517 0.4763086344850963 0.2260799279138889 0
1518 0.4803503873649522 0.2734809259125495 0
1519 0.05175034681028254 0.2567402090020107 0
1520 0.6864517778003958 0.3164068116833676 0
1521 0.348683304102983 0.3248748070002666 0
1522 0.384982890608595 0.4014689825163426 0
1523 0.7255861452840355 0.4599184781596777 0
1524 0.3876237565329452 0.07905337468630036 0
1525 0.395580001580009 0.4156595768240458 0
1526 0.6945954746981944 0.4602733909312096 0
1527 0.2481852907200826 0.06863065365957606 0
1528 0.4256203615964122 0.4562113674832806 0
1529 0.4264951856878279 0.0449094054855753 0
1530 0.5389509599542747 0.1727159872908931 0
1531 0.5384513636298108 0.3276736553239888 0
1532 0.6223066356166164 0.4250318618224488 0
1533 0.6254786697504671 0.07506989435764437 0
1534 0.3483228229132861 0.03681856517044997 0
1535 0.7137974425598247 0.01895022839264688 0
1536 0.442169181364845 0.175865511559249 0
1537 0.4452075194632715 0.3236178357076323 0
1538 0.2893883535479291 0.3321624423012392 0
1539 0.1947381498879668 0.1568359899046032 0
1540 0.6724365920655112 0.3700744339914313 0
1541 0.4335673490091835 0.06198251564650798 0
1542 0.430095449991557 0.4362205609500268 0
1543 0.463325588107285 0.2310178924987393 0
1544 0.46494041909051 0.2656675745125197 0
1545 0.3176507835178932 0.4457067903281629 0
1546 0.7525993796682184 0.4335233284188148 0
1547 0.5693917188481523 0.1586724838467613 0
1548 0.1731513101995354 0.3725471094982658 0
1549 0.09554599290809715 0.2585183400934216 0
1550 0.336807905529147 0.3919618775651985 0
1551 0.1525555763820305 0.3366456307538002 0
1552 0.7305653577247988 0.2518907468898506 0
1553 0.4710649135403838 0.459947026332193 0
1554 0.4771077940284595 0.04285036250528842 0
1555 0.1615868691687831 0.247314206375577 0
1556 0.7876989706780031 0.4335066951781449 0
1557 0.9329647046844509 0.2028046032719432 0
1558 0.5721267608556547 0.3410330639035145 0
1559 0.2579972170738563 0.3906590152662153 0
1560 0.9243302510458673 0.2522468086786094 0
1561 0.1527183892633245 0.2057561534471214 0
1562 0.7449023199901768 0.03682139591690564 0
1563 0.1736285183269717 0.3316374589411283 0
1564 0.2825979150710838 0.3575020582854136 0
1565 0.5641846882753607 0.2961392630104556 0
1566 0.563193429937292 0.2073607662778615 0
1567 0.9324502847679638 0.2808024103739815 0
1568 0.3780053143806095 0.1676674200634906 0
1569 0.3782991935123649 0.3313366605242704 0
1570 0.1631657643856529 0.2919649102051681 0
1571 0.7028908656081836 0.1027958946808746 0
1572 0.1985529063201334 0.2428954836697539 0
1573 0.3726757852477486 0.1747462468578257 0
1574 0.261521213681552 0.0198002465376458 0
1575 0.1941783878449931 0.3536034505340798 0
1576 0.6482702250819292 0.1734444905739868 0
1577 0.652267218024724 0.3289162693120479 0
1578 0.5372635664525738 0.2310234285480824 0
1579 0.5374575122260529 0.266891168489564 0
1580 0.1857393790524217 0.2687399109251154 0
1581 0.7343596909093215 0.05776586665114152 0
1582 0.7435048246135559 0.2106491587956417 0
1583 0.372133461517196 0.3244147874296788 0
1584 0.1564878091214843 0.1666107132879967 0
1585 0.2101806537611784 0.1439426876085674 0
1586 0.7957418109122258 0.2736707988274575 0
1587 0.6970272833538456 0.1660054758917235 0
1588 0.2746395854103893 0.3168505329040431 0
1589 0.5676732458411985 0.2381143093714793 0
1590 0.5686223863827122 0.2617679930110698 0
1591 0.8653818302899813 0.3077544433036363 0
1592 0.8804514205818428 0.2789032774767957 0
1593 0.4292596017464138 0.009661004662644751 0
1594 0.4233602888747903 0.4894112546694742 0
1595 0.2686342379444411 0.4612703547972822 0
1596 0.08649360861825989 0.309932076418798 0
1597 0.7245820394753583 0.1107411488311474 0
1598 0.7597560147336532 0.0695068963905508 0
1599 0.9278897319381082 0.2353973220491902 0
1600 0.8403452480055987 0.2849519576784821 0
1601 0.3513725259707939 0.4060904799884887 0
1602 0.2243336650223314 0.2780531360968286 0
1603 0.1068050790340423 0.2449093418339617 0
1604 0.2219037832085855 0.09179065663264246 0
1605 0.1846948892391345 0.1280070097531382 0
1606 0.4627969089787385 0.1759092509369584 0
1607 0.4604610150678895 0.3213221192613998 0
1608 0.6921566795187342 0.4812001709438563 0
1609 0.8471741562204462 0.2718142670971357 0
1610 0.807122693001173 0.2915239420813248 0
1611 0.8487628521983334 0.2998888671032627 0
1612 0.2143785889452506 0.3339777987663979 0
1613 0.8889950950440919 0.2433869719076221 0
1614 0.9594260295780505 0.247019081965114 0
1615 0.4768599697678994 0.1779774247439832 0
1616 0.4818903001910724 0.3257810320904879 0
1617 0.7897422112863003 0.1460707638226652 0
1618 0.4626386141484697 0.04787559377855031 0
1619 0.465196438513727 0.4531217072313541 0
1620 0.8965867812276923 0.2141081783151043 0
1621 0.8523461930142804 0.255632746732283 0
1622 0.6837442683296379 0.3250255869466837 0
1623 0.2561887098096412 0.4301509262975691 0
1624 0.3682902294646868 0.09775244749216928 0
1625 0.7790737322059109 0.4642484563404177 0
1626 0.7710464943092986 0.308972968104991 0
1627 0.7663250023874707 0.202282792896741 0
1628 0.02569454815654855 0.2425373519838544 0
1629 0.1468549151388182 0.2162508894626271 0
1630 0.1835576943016562 0.1725225466474742 0
1631 0.7084599371043724 0.1560164074923897 0
1632 0.1518301130488384 0.3588320977021781 0
1633 0.2256584715468896 0.3218428211797655 0
1634 0.437185085190607 0.1024040564116029 0
1635 0.4394071968049929 0.4001993355245567 0
1636 0.1822331226548794 0.3178548906706998 0
1637 0.5550684489334331 0.3003104135247595 0
1638 0.5546439035018187 0.2010387517729923 0
1639 0.8277688990046108 0.3041451866635214 0
1640 0.769073106729134 0.1349825265947768 0
1641 0.7590855807598858 0.03343279472190609 0
1642 0.8143378750842991 0.2733405151775077 0
1643 0.3521523582218227 0.09650695251231681 0
1644 0.2341386224859037 0.4444939054900771 0
1645 0.8986708293825092 0.2239465952790744 0
1646 0.1315093863768441 0.1848516380737394 0
1647 0.1870236005583365 0.3380312577725342 0
1648 0.7369530781448195 0.3172413085501217 0
1649 0.9489761665459122 0.2806779650459303 0
1650 0.2222903953372808 0.3736463692898262 0
1651 0.6729799678195817 0.1262118163580416 0
1652 0.1207476139979449 0.3141324336207751 0
1653 0.1447577325361185 0.1759057845727585 0
1654 0.1243624033636517 0.2501183539767748 0
1655 0.9311572976144947 0.220106577175629 0
1656 0.1109412794158312 0.2888442720036213 0
1657 0.3159145915426063 0.483983469105792 0
1658 0.03606590046407519 0.2863864724226816 0
1659 0.14649594207119 0.2880472618006799 0
1660 0.1945106284517102 0.1143960500731577 0
1661 0.2475298389568103 0.3999356272828704 0
1662 0.226257989639768 0.1332393433003609 0
1663 0.4584258487898695 0.3910813155314816 0
1664 0.4585201151881418 0.1100232093210297 0
1665 0.8224082192861838 0.240649898976108 0
1666 0.3591464687374247 0.1334063272884826 0
1667 0.01073807049005734 0.3571040952840753 0
1668 0.06182586821087203 0.2744563939313771 0
1669 0.1283969077280108 0.1456558260816674 0
1670 0.8547771183399691 0.09923847573013125 0
1671 0.3532125121265475 0.3637631689029212 0
1672 0.96204542920831 0.2210948665085974 0
1673 0.1600830467079898 0.370073765543916 0
1674 0.2037258664079172 0.1723503491732434 0
1675 0.8331543117146969 0.2057901506777967 0
1676 0.8163845972160162 0.1347079398068262 0
1677 0.8042707785551757 0.4406177187087872 0
1678 0.6966942020380643 0.1226504811464351 0
1679 0.2273875975760923 0.02896143691986977 0
1680 0.2313121117068755 0.1742312444883901 0
1681 0.806350577638309 0.4018407118815378 0
1682 0.9626026655283245 0.2108499865757443 0
1683 0.2408811701126507 0.05588922992809212 0
1684 0.7475720499691275 0.09196499958452646 0
1685 0.2550460089323673 0.0558686135952557 0
1686 0.3576492312584472 0.04961170511872341 0
1687 0.1172962366348974 0.1532842238127633 0
1688 0.1060133963634313 0.1239081089340795 0
1689 0.858641448348837 0.2064432430143315 0
1690 0.7585582581604531 0.2088317960993899 0
1691 0.1853535632586754 0.4094516574204913 0
1692 0.126811609186529 0.2837343376763285 0
1693 0.7259885706408127 0.07899902229081718 0
1694 0.9625562708982882 0.2397137974013646 0
1695 0.8848028572871589 0.1805826437095428 0
1696 0.1949814752556522 0.2837571191562854 0
1697 0.1095548309079557 0.1378473204122231 0
1698 0.1310455293725806 0.2192046109903662 0
1699 0.7503612136177505 0.01919202886783699 0
1700 0.8555126677305537 0.1901667286264344 0
1701 0.7943162213707958 0.179627417171634 0
1702 0.8082332114206979 0.2389505491775658 0
1703 0.6910162798677914 0.008775219815950339 0
1704 0.2242137241369088 0.248276217679887 0
1705 0.9741549442081786 0.2005298810630618 0
1706 0.7475539517985541 0.1068363489614996 0
1707 0.1514609517587696 0.129122707998594 0
1708 0.770367184294795 0.4620212886005246 0
1709 0.04278493003252664 0.2755499934605271 0
1710 0.8603759385731133 0.2151202951683342 0
1711 0.4352737176440346 0.3811643566065366 0
1712 0.4354144413691315 0.1189001030347976 0
1713 0.7711205140175089 0.3835015363060109 0
1714 0.8743038593200874 0.2943204727312389 0
1715 0.8665700167604974 0.2667712890864665 0
1716 0.3990566342210074 0.1583316774482361 0
1717 0.2514751493164588 0.1987068128869005 0
1718 0.8116555656617072 0.3057218217633059 0
1719 0.8294324516616864 0.274395007187186 0
1720 0.81713566207519 0.4100907133725282 0
1721 0.3994885123069426 0.3386257928414433 0
1722 0.3797690681549322 0.009847327891443273 0
1723 0.7004832816247119 0.07103234015529364 0
1724 0.1470301297473771 0.2338028496508741 0
1725 0.08356855338931443 0.2470099419883652 0
1726 0.222735474816545 0.2124604962880287 0
1727 0.8955639072178601 0.2379479406686854 0
1728 0.2554823647652831 0.3573674554948031 0
1729 0.8317858553218469 0.2254535304288391 0
1730 0.808968219004186 0.330000713341165 0
1731 0.448007081699403 0.01528534667016691 0
1732 0.443408889939899 0.4910167758119294 0
1733 0.8319073037777641 0.1219563734593208 0
1734 0.8245689660739609 0.4182895402248809 0
1735 0.885031101733736 0.2614743681612479 0
1736 0.3541322316486943 0.4859559389008898 0
1737 0.2013861445520879 0.1460236999891347 0
1738 0.7930768533389055 0.4066104913354492 0
1739 0.2446832342640966 0.3579100588739512 0
1740 0.191404545651809 0.4020950332117085 0
1741 0.9157577615820207 0.1697311476415917 0
1742 0.2617105359752098 0.3569508014797921 0
1743 0.7244854852992056 0.4845879159068998 0
1744 0.2438559727580728 0.08238097064177566 0
1745 0.7496950066637423 0.3132917929285948 0
1746 0.7892681364655239 0.4540710128041025 0
1747 0.9445750973686065 0.2393275441886314 0
1748 0.979725264714387 0.3401042599568849 0
1749 0.6945235445040883 0.4326631346088184 0
1750 0.1744410070268252 0.1889710487483725 0
1751 0.6262525853253549 0.1134754200571858 0
1752 0.6257357626542703 0.3861766932013128 0
1753 0.8601952566316898 0.3164840683131853 0
1754 0.2510533347437637 0.1085638887479268 0
1755 0.1739014645709238 0.08349634795222813 0
1756 0.8436765591211047 0.1806686156619987 0
1757 0.8220917765567063 0.3328269965769035 0
1758 0.6628330352446044 0.4868957761852384 0
1759 0.5517076678907529 0.1587239518723904 0
1760 0.5501290303259656 0.3408374452524421 0
1761 0.7913544959036701 0.4674579558746961 0
1762 0.9467505391029978 0.3079449410961884 0
1763 0.2708479445443008 0.1392402541016422 0
1764 0.2623185991371132 0.2774652895780428 0
1765 0.8425621502449414 0.2405344440154997 0
1766 0.9258799687443732 0.1626080575201596 0
1767 0.2489166901254388 0.3424381230815196 0
1768 0.1217673537234791 0.3367993541324458 0
1769 0.04047067330867336 0.2435965010853816 0
1770 0.168987141434868 0.1806011908971515 0
1771 0.8513011145749442 0.3348282800765322 0
1772 0.8062358981381869 0.07823883293965968 0
1773 0.02675150996153053 0.2343544337032569 0
1774 0.2685182737160417 0.2047512142355323 0
1775 0.08891054059239864 0.135651177452586 0
1776 0.9390891467030422 0.1857059304367975 0
1777 0.09355382791485115 0.3394965021229285 0
1778 0.08034807569095445 0.2247227980246823 0
1779 0.7709616949871888 0.1211351335832659 0
1780 0.1244584192043393 0.3011541979351559 0
1781 0.345094191625644 0.01669888477265361 0
1782 0.1223871975638484 0.3473357563363406 0
1783 0.8180377610357408 0.2568420555690545 0
1784 0.7129361327657436 0.1771107944654147 0
1785 0.3408337411099268 0.4504132292995012 0
1786 0.8667313622505434 0.09935534477484717 0
1787 0.862132702049041 0.3385155766092087 0
1788 0.1605389215589164 0.3945495466497709 0
1789 0.7217548226484204 0.3615017807924288 0
1790 0.7798691363682162 0.2033861155496575 0
1791 0.08348703562643761 0.1683197983830095 0
1792 0.1121171343456455 0.2312822979868812 0
1793 0.7044828192403936 0.3465563845647136 0
1794 0.7690248102552305 0.0316347427567124 0
1795 0.1368182241970153 0.3773573075947963 0
1796 0.9111340349297131 0.2843902292898606 0
1797 0.7421777657890337 0.2362714093603353 0
1798 0.215579408333239 0.1836566549147304 0
1799 0.6690681328800999 0.3378840651049945 0
1800 0.6688231221131079 0.1705124526247381 0
1801 0.07940019338271831 0.1594234453005556 0
1802 0.7448607406313036 0.3739196402911809 0
1803 0.2058775001662228 0.2236161194569807 0
1804 0.5817219784134406 0.4360689233927003 0
1805 0.8522520918272031 0.1070183676677795 0
1806 0.2583555783012266 0.129044467446819 0
1807 0.828554043884177 0.1760905933795737 0
1808 0.8026313225483023 0.2117129429433966 0
1809 0.2571275988333058 0.4674696926164438 0
1810 0.167206726922694 0.3849695124722963 0
1811 0.8009089449889882 0.1799385639425314 0
1812 0.4430176823763157 0.04604807954695116 0
1813 0.4423207640690063 0.4522838791718279 0
1814 0.08892276767898714 0.2935207236584106 0
1815 0.2150744946182197 0.02808682204124869 0
1816 0.8109698930549507 0.09947048466696734 0
1817 0.2588047122478954 0.0772880529267615 0
1818 0.1784882030524509 0.415721969510608 0
1819 0.1406969058074343 0.1389550614208903 0
1820 0.1450804468320094 0.12170176294266 0
1821 0.01807271042096623 0.2156652181969082 0
1822 0.1402072135628022 0.3444809144482089 0
1823 0.1242947004678796 0.1890920559052873 0
1824 0.6531449034844054 0.3633587196385465 0
1825 0.6565803595619714 0.1345311647454618 0
1826 0.2411837246981503 0.02926048707688033 0
1827 0.6750157700341027 0.4266477332067364 0
1828 0.6733380318819968 0.06953692594230335 0
1829 0.2441019590133522 0.3000265080642842 0
1830 0.1467450693320655 0.1880141356243916 0
1831 0.9033883830027695 0.2586580589287684 0
1832 0.8380424687279603 0.4614699860890573 0
1833 0.9665813595845634 0.1871327380280356 0
1834 0.2174764031181811 0.1091730676820494 0
1835 0.7696089180774058 0.3999925087603461 0
1836 0.2012622064681575 0.4359047734486693 0
1837 0.08035953119417685 0.1393209942095095 0
1838 0.09286868501156598 0.223194388546702 0
1839 0.8927378930783424 0.316536570599979 0
1840 0.1870182259349769 0.2544307318902735 0
1841 0.231034920696743 0.2416353934663071 0
1842 0.1559686091928121 0.3194556377479275 0
1843 0.2451964754639731 0.4179364975604952 0
1844 0.4492976036370738 0.4004874604462802 0
1845 0.4457260765695742 0.1006858311215028 0
1846 0.7379386269567008 0.2803539403046689 0
1847 0.788917350619238 0.3476525724510359 0
1848 0.3351047895955979 0.4845626285363769 0
1849 0.2664824282862032 0.2328901800800952 0
1850 0.4656877341057341 0.3623737497994299 0
1851 0.4631136335357911 0.1407064985931369 0
1852 0.9723625928613119 0.372647411730436 0
1853 0.6138186793825499 0.1140208680272787 0
1854 0.6156455650761485 0.3848449263135515 0
1855 0.7608855493544615 0.2382973106631406 0
1856 0.7608749682709468 0.3079384409663422 0
1857 0.9083220439618701 0.1659270884503354 0
1858 0.03800279972768926 0.3737066590710658 0
1859 0.7366561696527905 0.1560586154926006 0
1860 0.09493977888367335 0.3501606759784236 0
1861 0.08225626034743835 0.2780854744161942 0
1862 0.1062922253441456 0.3252844446667555 0
1863 0.09472470129240838 0.31992263692053 0
1864 0.8281970149093091 0.3214483796844103 0
1865 0.785937397749454 0.1884973451916092 0
1866 0.8317878764072663 0.3367220801439757 0
1867 0.8603543968938192 0.03920130349964906 0
1868 0.2215561626141842 0.3823546744228204 0
1869 0.1427470250939927 0.1547178963337007 0
1870 0.8897006695371426 0.1699753861523685 0
1871 0.3468294674383548 0.121954759101985 0
1872 0.8175542271022843 0.3928816761348722 0
1873 0.7286666068782636 0.3706281381709964 0
1874 0.7842333955656976 0.1698221820569624 0
1875 0.90200247885173 0.1488437222167884 0
1876 0.7980533722497516 0.2370254143778638 0
1877 0.3465060569549879 0.4538690258602629 0
1878 0.3445656311122291 0.4281849397190758 0
1879 0.1668866006895976 0.1178136152234834 0
1880 0.2595809672012017 0.4588468707073674 0
1881 0.1667164971575436 0.05522977501410139 0
1882 0.7252708468787003 0.152811157536334 0
1883 0.1696035267014608 0.0330277675064557 0
1884 0.07571233644409466 0.1507875525421638 0
1885 0.9010365763195313 0.2969770800254686 0
1886 0.2508560919113512 0.2632095287068928 0
1887 0.2446138302993876 0.2066925901398377 0
1888 0.02928277360168033 0.299563232561748 0
1889 0.2033244450884326 0.1914205599187562 0
1890 0.2545531070782224 0.2962629751135983 0
1891 0.8782849310177101 0.3351158891879806 0
1892 0.5625317103793718 0.1257315660956255 0
1893 0.9126726591284796 0.2294762670944473 0
1894 0.8016348607861961 0.4709769969279572 0
1895 0.238940285208838 0.4715706697261196 0
1896 0.7694586173104707 0.0445338714614877 0
1897 0.1176620979007923 0.2235645123178857 0
1898 0.8235695324646656 0.1297493206575424 0
1899 0.2219299772204197 0.351624000975713 0
1900 0.05866912477039162 0.09806523878688829 0
1901 0.8712275844906303 0.1906435210901209 0
1902 0.1643271073958363 0.09546701828920112 0
1903 0.8620540733263146 0.2233532290047642 0
1904 0.7166620037064413 0.1954222813761199 0
1905 0.05179984600880461 0.3351401550047919 0
1906 0.7910250398070545 0.2419457870961613 0
1907 0.8012776890202893 0.3410005046486783 0
1908 0.2267928579055029 0.1487879897611573 0
1909 0.9153918674253924 0.3142735517194498 0
1910 0.111546164283066 0.1776228063752113 0
1911 0.1689945848064193 0.04646729217322488 0
1912 0.7672192676247717 0.2305582800099472 0
1913 0.957238531060955 0.1588602261120427 0
1914 0.9261083888594348 0.3338926789136641 0
1915 0.1404561445741182 0.3080102289427597 0
1916 0.1312134179514812 0.3876552252141977 0
1917 0.1167255469451277 0.1151766123025446 0
1918 0.7256930729297603 0.1214124175259109 0
1919 0.8359663063499138 0.4234184354279151 0
1920 0.1542249168504477 0.4038939246559726 0
1921 0.4443805741197868 0.371762090592589 0
1922 0.443945231604724 0.1289353587528997 0
1923 0.1125418563521796 0.3643535592208823 0
1924 0.1488102211089859 0.4111459438725125 0
1925 0.1544754084238867 0.07881935919594089 0
1926 0.7798914408185913 0.1506363020631544 0
1927 0.1712324804132295 0.4219400182904724 0
1928 0.2633930347245215 0.1943277304216841 0
1929 0.4926710796984896 0.1280376917047298 0
1930 0.4863502935442627 0.3739113798503427 0
1931 0.4718653934407571 0.06217728884232684 0
1932 0.4715367111858725 0.4375529029631962 0
1933 0.0541240263934152 0.2285025247242863 0
1934 0.9507766808454518 0.3235578988328702 0
1935 0.07858885121972814 0.2127858665575654 0
1936 0.1449070732158913 0.07335715972962219 0
1937 0.1595090731643125 0.123825301554553 0
1938 0.4229379379134881 0.07872969646477561 0
1939 0.4211205884971155 0.4198197426405756 0
1940 0.7447284731777741 0.1164719591854386 0
1941 0.07630284285715336 0.3291308546874307 0
1942 0.7317616288252083 0.1797181889569308 0
1943 0.9073542668514723 0.3094728727941262 0
1944 0.02431679358719658 0.2802772695436148 0
1945 0.7419351175928277 0.1085518731351431 0
1946 0.3717533057879625 0.4346227577072533 0
1947 0.3713412538961704 0.06139784149337574 0
1948 0.6859271597235179 0.1137747284260789 0
1949 0.4490608132620675 0.4248056107079913 0
1950 0.4505593076084417 0.07530015323014862 0
1951 0.2602222761565345 0.2576395165716898 0
1952 0.08671329910282398 0.1922135881088318 0
1953 0.03919494323302957 0.338772205180911 0
1954 0.1816768681345841 0.2991843790700628 0
1955 0.2449816245504079 0.4734195136229285 0
1956 0.6723577173111108 0.3287419120294045 0
1957 0.0512614875996168 0.2154908537957508 0
1958 0.8052486439218128 0.1584153017989037 0
1959 0.8242995096176153 0.05800770003304034 0
1960 0.8431074279564601 0.4295145228596404 0
1961 0.8245452234223315 0.3768780799858659 0
1962 0.4446592181627647 0.08125298167352574 0
1963 0.4433746079710709 0.4176152899544007 0
1964 0.8132310414852518 0.4722283159096368 0
1965 0.2334263745460063 0.2728296595457601 0
1966 0.772583313874998 0.2769895841555862 0
1967 0.8512446109146586 0.1357767866273408 0
1968 0.1111613711227711 0.3533402435325843 0
1969 0.5610894802336383 0.15888208098511 0
1970 0.3420574809063517 0.3690577189760256 0
1971 0.06508692299974869 0.2134837625508281 0
1972 0.4142666769155122 0.3578625808295871 0
1973 0.4117405447072152 0.1422676037570703 0
1974 0.8206327415365071 0.09118255249224565 0
1975 0.7913669816255626 0.1165043147164198 0
1976 0.3701210589619639 0.4916713876637937 0
1977 0.775503000819752 0.3653803799919194 0
1978 0.08426497323854931 0.4005400517171825 0
1979 0.7997790877426217 0.3245471121010551 0
1980 0.0537363386501481 0.1900292908691801 0
1981 0.06288068488141152 0.2991587636209688 0
1982 0.1161677757305292 0.420942672541701 0
1983 0.3386046548053995 0.4358402909100283 0
1984 0.2225478481739869 0.363745848935368 0
1985 0.03767554646819979 0.1592739355888362 0
1986 0.991064396293071 0.1222001442091266 0
1987 0.8015785604312273 0.1295541013342467 0
1988 0.7563409475213787 0.1830371441850619 0
1989 0.9890334034685582 0.1119159028574817 0
1990 0.9727314097868109 0.3514829811733372 0
1991 0.4662262458350026 0.01161606523561131 0
1992 0.4668020051302126 0.488699359424674 0
1993 0.7932794412747315 0.05335803423997786 0
1994 0.1709290439554479 0.2393535707341868 0
1995 0.1699415370248799 0.2004372931040091 0
1996 0.1558956793559692 0.04720446070375554 0
1997 0.9545277378456334 0.3116690466492919 0
1998 0.08509314053468509 0.1054551067450264 0
1999 0.05645323193307709 0.2074930685875477 0
2000 0.1987247415082779 0.1330248658508666 0
2001 0.8302962789675111 0.3547894745289798 0
2002 0.2380805586746538 0.1343876685611266 0
2003 0.3838246490831589 0.131099520171353 0
2004 0.3797457915233823 0.3718322902754285 0
2005 0.2178497195012958 0.4194080875004517 0
2006 0.09676936762572762 0.1839269573178566 0
2007 0.1846251939258583 0.3903759661370259 0
2008 0.7401837662043482 0.2569907801594465 0
2009 0.8393345962901292 0.07041547702333063 0
2010 0.3592367865854219 0.00875403019584927 0
2011 0.9273947379584453 0.1181307993840772 0
2012 0.9464946669396872 0.1801594738978487 0
2013 0.1048989823786218 0.1142174827135477 0
2014 0.7547225612851429 0.14728133689163 0
2015 0.2382776183691938 0.306986589598079 0
2016 0.2390828832130545 0.106749856691101 0
2017 0.9741974666863313 0.3275313372001345 0
2018 0.7351697378607189 0.33841294941622 0
2019 0.2520997151304326 0.1350167092594456 0
2020 0.2576415632912822 0.3057412094314019 0
2021 0.2431449853195257 0.2236353169831276 0
2022 0.9657305534353151 0.1646105438549987 0
2023 0.2105808217481545 0.3645794069179806 0
2024 0.2199818882934894 0.4422598034560484 0
2025 0.5981533020983081 0.3075775684378575 0
2026 0.5984348857132763 0.1919251827091599 0
2027 0.3750023411969991 0.1317606385336536 0
2028 0.6940305037614911 0.09861193938918481 0
2029 0.2237589190938857 0.4631056223204176 0
2030 0.6013492363360555 0.3671026509425389 0
2031 0.2238235324514305 0.05189485964671975 0
2032 0.03874447388253251 0.1495699964506984 0
2033 0.1844579460335712 0.05652902822527772 0
2034 0.01912612983658946 0.3029820815326881 0
2035 0.2554618403978015 0.2463947492899733 0
2036 0.8014685636130662 0.04643294876853004 0
2037 0.8154325325986743 0.06438294938186059 0
2038 0.2444410231487768 0.2692413752421012 0
2039 0.8723283443866845 0.1566713021292821 0
2040 0.9705890577521885 0.3399350942253955 0
2041 0.03144469296127857 0.3740751424138751 0
2042 0.2043023048695924 0.07212752232030548 0
2043 0.8558848308755649 0.4347575965146502 0
2044 0.5589446792923554 0.3367041312330355 0
2045 0.7490849978219586 0.2376609512888753 0
2046 0.06518688951443991 0.3209831889782451 0
2047 0.1123825189343167 0.4281253674894793 0
2048 0.9883228216045811 0.3188402319178357 0
2049 0.7941426844917897 0.2171723136505795 0
2050 0.5859598242129253 0.06842839180780284 0
2051 0.8113915450114118 0.4282146449800946 0
2052 0.03709270224310361 0.168428315931692 0
2053 0.837952529888474 0.0898964781873334 0
2054 0.1923645990914295 0.05324133956960162 0
2055 0.09401378725035252 0.3309086052347537 0
2056 0.6757903868657865 0.09444305001784664 0
2057 0.669195739947023 0.4023214672673633 0
2058 0.5522374612705612 0.362787429057744 0
2059 0.8436513650605856 0.05212915428716303 0
2060 0.1369476189446669 0.4276209463203677 0
2061 0.2450017268497218 0.1783547692567651 0
2062 0.2827081648755834 0.1544505754407028 0
2063 0.8558730225661488 0.0780948973107399 0
2064 0.8778937413322022 0.1649055071649739 0
2065 0.2498855758321889 0.2819511675509624 0
2066 0.1669541801265225 0.143093231155583 0
2067 0.9736743996838314 0.150101014070743 0
2068 0.8719340576321197 0.1400794050322282 0
2069 0.7116827206866685 0.3829286937395607 0
2070 0.5455986168715528 0.2412842198460171 0
2071 0.5475153495323993 0.2602951080728521 0
2072 0.0710672517309922 0.19259046882705 0
2073 0.02232183517419922 0.3259514702952094 0
2074 0.2439498499707437 0.1558494666643746 0
2075 0.1238067429799414 0.4813855763454564 0
2076 0.399240061567199 0.3175625293085309 0
2077 0.3961194937943343 0.1884165959022193 0
2078 0.8602505033573261 0.06935899616834222 0
2079 0.2546368749363792 0.1740501627192905 0
2080 0.1787511058122745 0.1981009400613981 0
2081 0.8895313200976647 0.3300217045738241 0
2082 0.9186440275857746 0.1253065921779429 0
2083 0.03322368459432029 0.2074782192173107 0
2084 0.09790538112405975 0.2140285421292798 0
2085 0.2288718842094989 0.3577585080505066 0
2086 0.4508020216314913 0.4722653265634406 0
2087 0.4513117672546185 0.03193358624300319 0
2088 0.5420270190878543 0.1803983472633489 0
2089 0.5428412083647067 0.3182937926497611 0
2090 0.1587705682509394 0.1011724738292699 0
2091 0.9135993137807145 0.3535644355291243 0
2092 0.7676905797620363 0.3532518668664656 0
2093 0.04267293885233859 0.09812093758271073 0
2094 0.7454179622853983 0.1857631128165551 0
2095 0.2063919351545225 0.03703145430760066 0
2096 0.9729084544843691 0.39921463311349 0
2097 0.7413044203024878 0.4910547721302045 0
2098 0.9591335702144581 0.2854603949915707 0
2099 0.06849802226436946 0.09290148045275802 0
2100 0.8214925762488043 0.1108179429650549 0
2101 0.06920107396285907 0.3365236299758806 0
2102 0.7688140351101975 0.09759593818689578 0
2103 0.03590111787372612 0.327093853920585 0
2104 0.8398605130952849 0.02658646028581273 0
2105 0.8696859283450725 0.3459210654329344 0
2106 0.8784401798835305 0.2185097385279826 0
2107 0.2200090184812173 0.02060696210232283 0
2108 0.9376064639318831 0.1570270143571051 0
2109 0.1811484863808912 0.1367037385271486 0
2110 0.7264393354448746 0.1829684777234222 0
2111 0.04159908668986851 0.1376901097387603 0
2112 0.07709099920155065 0.3182102973555981 0
2113 0.8133491845986771 0.4607436704319582 0
2114 0.9185767388971275 0.3278126026014562 0
2115 0.95732257111619 0.1830631123969817 0
2116 0.9774196738901083 0.3167227489982892 0
2117 0.1624982986643815 0.1499677890070809 0
2118 0.03555711358651584 0.1033947357641914 0
2119 0.7545756572713945 0.3556889414515032 0
2120 0.04473224263642989 0.2022468201251448 0
2121 0.9779467919109122 0.2521693727378607 0
2122 0.5514507111384752 0.1375098657479398 0
2123 0.8501672285483792 0.03254321035901345 0
2124 0.4538806453619497 0.3718176581865981 0
2125 0.4533043877802929 0.1293541358525265 0
2126 0.7498745984941915 0.2599973533773742 0
2127 0.8700986446121654 0.09281224890625676 0
2128 0.1613969299452263 0.4274997705185059 0
2129 0.7171092698935963 0.1331964881941341 0
2130 0.7087941926849428 0.1357406384168642 0
2131 0.7094249995751202 0.361695057855882 0
2132 0.7245425925837215 0.2360416179523343 0
2133 0.2397436090169138 0.09754473632027183 0
2134 0.408841802780107 0.3745554114249691 0
2135 0.4038930215707431 0.1226630778659344 0
2136 0.2455596221615615 0.382359149760498 0
2137 0.9342506868903999 0.3413654519747004 0
2138 0.2386809141985117 0.398478101618558 0
2139 0.03633942158025613 0.1927318451472377 0
2140 0.1667074844299426 0.2209615985927636 0
2141 0.1658422788851731 0.07763612112371982 0
2142 0.7409552382847121 0.3904246036080352 0
2143 0.4019139734626803 0.3685565096725006 0
2144 0.3948192883426215 0.1310568857574154 0
2145 0.1790708508023139 0.1486229564485417 0
2146 0.7713327571615904 0.07543155982755921 0
2147 0.8410353210607757 0.3454404726262729 0
2148 0.1817640617333118 0.441668521963935 0
2149 0.7307066004067226 0.1662462347403846 0
2150 0.8545344127292145 0.04853624466836773 0
2151 0.2003463803899763 0.4841540000904475 0
2152 0.7394164773171955 0.1320479681893374 0
2153 0.7850767724941121 0.03146007963732789 0
2154 0.354163900182431 0.05594676002610841 0
2155 0.8230569497056584 0.3441967034177498 0
2156 0.8485205514836591 0.4076639586530723 0
2157 0.9057368673125172 0.1079250135069573 0
2158 0.6912977185842524 0.4057355790861454 0
2159 0.1206525710033227 0.4091142032816363 0
2160 0.04583291616224729 0.2229336436003709 0
2161 0.1428725984944932 0.4186543376802118 0
2162 0.2105101422767193 0.4601005243878113 0
2163 0.129958041503297 0.1180857026916688 0
2164 0.1612074694939751 0.02940201944971873 0
2165 0.8394355461748436 0.4396968683249158 0
2166 0.2074312611448708 0.02739404858279203 0
2167 0.01060051108176549 0.388806166467824 0
2168 0.1760004815864084 0.2186968798271702 0
2169 0.03271167002853712 0.3828747425720925 0
2170 0.7466275130293153 0.3634940950711125 0
2171 0.1623703082503453 0.06644426582348052 0
2172 0.1553214655795453 0.4368973537482181 0
2173 0.3348960325475492 0.1205065567502518 0
2174 0.1732578509193593 0.4902781678929044 0
2175 0.8327704571825665 0.07552301602770514 0
2176 0.2548272241762979 0.2248550890454984 0
2177 0.7122634744129877 0.300515933592636 0
2178 0.7216038975651877 0.381111762800449 0
2179 0.9659683478609923 0.3950211633712355 0
2180 0.7803432712167204 0.3499999401911693 0
2181 0.3441468229042345 0.381551379126201 0
2182 0.1975058232153283 0.04589240431627278 0
2183 0.8609998551737873 0.4091992075558243 0
2184 0.970515034184947 0.1564265905464395 0
2185 0.592436330879207 0.0492694579600863 0
2186 0.7920495224883583 0.2528149583412658 0
2187 0.1078820405155605 0.0727918375924639 0
2188 0.8354238110044447 0.3942734169126872 0
2189 0.9415814907169224 0.3325684522972139 0
2190 0.1579319214133843 0.009206266462188145 0
2191 0.08502453606760149 0.1272671181726658 0
2192 0.2235253789976545 0.4899604971960033 0
2193 0.8999157621822498 0.1587415567145048 0
2194 0.7684859662059292 0.33996665605005 0
2195 0.6176235274045505 0.3186197741690467 0
2196 0.6161156625977897 0.1767597242474104 0
2197 0.9350030421047703 0.357487574639429 0
2198 0.7549951085079304 0.3241918043919366 0
2199 0.9609541998991252 0.3347066046917374 0
2200 0.06506486504407048 0.1031585242303829 0
2201 0.05520729140036206 0.1702757824168713 0
2202 0.06217467836128781 0.3978366895743007 0
2203 0.956561217526626 0.3896509607981935 0
2204 0.8110801194304743 0.03862375777445731 0
2205 0.9679494448542571 0.1446619312346543 0
2206 0.976452705338353 0.2300139637407757 0
2207 0.8664812060165057 0.03281054351651776 0
2208 0.7573829714681628 0.1187874516897219 0
2209 0.9939557582840002 0.1800712017856304 0
2210 0.5964876796123785 0.1136078014564514 0
2211 0.6003338491484624 0.400293069821633 0
2212 0.6055564289024306 0.3857155182315716 0
2213 0.603337849566948 0.120967917109049 0
2214 0.05677947850519739 0.1613545127582856 0
2215 0.1850321851576486 0.04507912411216918 0
2216 0.8921700214227223 0.3534605102349582 0
2217 0.8426786308014271 0.01859881355681963 0
2218 0.1123862528714423 0.0939983195184505 0
2219 0.8750206361067084 0.4126142483132532 0
2220 0.9615934790157972 0.2935525171370868 0
2221 0.9519918839296935 0.4098420546549736 0
2222 0.7999538587649908 0.224660606719134 0
2223 0.9402326663095185 0.3633506209314559 0
2224 0.1599947987069413 0.1410368124208064 0
2225 0.8541901336988863 0.4128682385638098 0
2226 0.498818822237696 0.1982641293383227 0
2227 0.5000246685227764 0.3028944229931173 0
2228 0.919113491387777 0.1528931271881176 0
2229 0.8529488305914941 0.01018931037258507 0
2230 0.9901142075566686 0.2956635391750274 0
2231 0.07202528909417579 0.3899719897003178 0
2232 0.1987467574316082 0.4197562743126594 0
2233 0.9739763395589849 0.1696970225121572 0
2234 0.782821488220119 0.3392524271772672 0
2235 0.2501704674743668 0.2139324239091578 0
2236 0.2281916381410133 0.3946034205558867 0
2237 0.8197701775630585 0.4775123329350213 0
2238 0.8525233889273252 0.4542739369686785 0
2239 0.1801173486042492 0.2373320407927993 0
2240 0.9634599383149188 0.3018515387507341 0
2241 0.8556362329833377 0.3628391029143538 0
2242 0.9907052168285279 0.2400912917952061 0
2243 0.6568751247887568 0.388410003390788 0
2244 0.6555326027132667 0.113954391173355 0
2245 0.08470699755075013 0.3388868825104628 0
2246 0.07285763170963382 0.3558744452058184 0
2247 0.1401512445562014 0.1112375145912289 0
2248 0.7827504873703404 0.2480496496631524 0
2249 0.1319842681496268 0.4379922323058113 0
2250 0.7619849216963557 0.141140667204282 0
2251 0.4100579040972446 0.1017238937645914 0
2252 0.1788272184241783 0.4295563301488411 0
2253 0.07408387858382962 0.1790371050784813 0
2254 0.2462498146330375 0.4089643089232029 0
2255 0.03337678619000202 0.3478881722877658 0
2256 0.8416599936640358 0.4006027286863953 0
2257 0.7602187348214043 0.3359725463396873 0
2258 0.108685285878274 0.3832912735764761 0
2259 0.9699411842988417 0.1780492512196771 0
2260 0.05567638575895183 0.3239871968141924 0
2261 0.232213667059252 0.3783241700404087 0
2262 0.2609735001854759 0.3707394195563905 0
2263 0.9560601454787202 0.3518049566524767 0
2264 0.2218504813296795 0.4777935771664376 0
2265 0.02277242017393154 0.188918080313592 0
2266 0.006976140557567679 0.2012171335687085 0
2267 0.77512191945571 0.02218292919663992 0
2268 0.07602969579038009 0.1703466095656064 0
2269 0.6807612336548529 0.3833780296341703 0
2270 0.0575156287012198 0.1520961905042307 0
2271 0.8452123891993943 0.4572581765179145 0
2272 0.332037040800648 0.1352546158514487 0
2273 0.3303591295545369 0.3618925752115689 0
2274 0.02852330172881571 0.1090529823219894 0
2275 0.1976753966892765 0.02574259827280993 0
2276 0.9720368415951817 0.2690676435439883 0
2277 0.1003582399543392 0.4902786131539218 0
2278 0.7802646521609148 0.2294599931255812 0
2279 0.06578812009210905 0.412538521979569 0
2280 0.9568407816939333 0.3682247717251605 0
2281 0.1285488376229439 0.4762340529153042 0
2282 0.3601580400575989 0.1133282049021294 0
2283 0.6743872786820494 0.1465199522834746 0
2284 0.6808677197738159 0.3520242015409998 0
2285 0.1236492801580812 0.3951481381086278 0
2286 0.1353947457539387 0.4116908072326175 0
2287 0.7925355542401955 0.480346581928866 0
2288 0.1140081958259434 0.3727253586751084 0
2289 0.8324607025219214 0.4069920563968119 0
2290 0.3955989776916108 0.4362576364888241 0
2291 0.3983522557797158 0.06196065957536794 0
2292 0.03117211292323819 0.1853199143981771 0
2293 0.2065258417992216 0.4728438387066045 0
2294 0.1420644962356076 0.06377276023071508 0
2295 0.1014787933100658 0.06629875216799748 0
2296 0.7024024585721359 0.1149003370981053 0
2297 0.5703724632771817 0.4422813180354885 0
2298 0.7723555792207398 0.01002886461982322 0
2299 0.03750140684181516 0.1254267540450605 0
2300 0.5621988032718123 0.1822952971939352 0
2301 0.5624874887497516 0.3166064102238223 0
2302 0.02892253837667226 0.1489854325090582 0
2303 0.8680444415110319 0.01946627794703434 0
2304 0.9822808155107563 0.2252285926053241 0
2305 0.04245080334860762 0.369009281978906 0
2306 0.2346915355261607 0.4755077844145839 0
2307 0.07571480692861297 0.1038568604013095 0
2308 0.1452953095868778 0.07985261440098376 0
2309 0.1489339498980555 0.4758466784450747 0
2310 0.7615469483003945 0.4903795634239639 0
2311 0.02446173194434179 0.2123681327390759 0
2312 0.7872644028928562 0.2097291694087471 0
2313 0.9549333053898508 0.4147376185389652 0
2314 0.7770678969203217 0.09334628705689396 0
2315 0.1610715002747928 0.4193093858594876 0
2316 0.7932797456462813 0.02627797564936377 0
2317 0.01806078167475417 0.4240873624011625 0
2318 0.2737853437775977 0.1201328618469229 0
2319 0.5206639533439373 0.4376069945523984 0
2320 0.4606835564327932 0.07769281703672654 0
2321 0.459744358168176 0.4225908243749524 0
2322 0.2724162643617893 0.4436422413736454 0
2323 0.9906798285406226 0.4271744922753418 0
2324 0.7269726765251758 0.132344074094236 0
2325 0.4772428223271656 0.380246760088877 0
2326 0.4791211146774591 0.1215304762857836 0
2327 0.4707531396199448 0.4178136854178517 0
2328 0.4725651244554114 0.08239671053826785 0
2329 0.934233930305905 0.1354915561169579 0
2330 0.8998318837271961 0.08562971366296915 0
2331 0.7333326294742748 0.3625887804436126 0
2332 0.7610922652401042 0.2590200052803366 0
2333 0.8669349962901366 0.4350399363778785 0
2334 0.3786222215285319 0.1205445205997127 0
2335 0.8976205161734149 0.3243596205894893 0
2336 0.2625803614222939 0.2497791498026356 0
2337 0.06475323026600469 0.3905991583862778 0
2338 0.9720254878246337 0.384857202214248 0
2339 0.8682983983869128 0.1090300665864408 0
2340 0.7528302044647192 0.2700540485016911 0
2341 0.6342898139770609 0.1331353441262866 0
2342 0.6311247959838497 0.3660384021084873 0
2343 0.9560807297327069 0.3611785914638352 0
2344 0.8846850197057732 0.0955601699964832 0
2345 0.08183606211624325 0.1166416407975742 0
2346 0.9303753687545445 0.1258029273395587 0
2347 0.935900482447502 0.1673132782821661 0
2348 0.8915022725666575 0.0617758767585808 0
2349 0.9053063309616224 0.1162112831355333 0
2350 0.9185651289288394 0.3400270085584761 0
2351 0.05794847211067019 0.4067209628726293 0
2352 0.376776363745508 0.3869343470141005 0
2353 0.851199884365791 0.08653352128149229 0
2354 0.2791199462282488 0.2424257672522076 0
2355 0.103806625450042 0.3447370494791712 0
2356 0.9803089731858249 0.1273852342601543 0
2357 0.171401483615524 0.4453622964108275 0
2358 0.06731447767048963 0.1351617501727025 0
2359 0.1192918153346638 0.05475186444401287 0
2360 0.9752365967375529 0.2786161499242442 0
2361 0.9540781406479146 0.3327781528049652 0
2362 0.04472237744734207 0.3881955709662737 0
2363 0.8012499647217698 0.02310406801601128 0
2364 0.2438546259866781 0.2781941270054668 0
2365 0.9369000984879243 0.3717644356587598 0
2366 0.09526406557557418 0.06080036448695401 0
2367 0.8784544251027153 0.3556074974984043 0
2368 0.8088026564067442 0.05465211280864098 0
2369 0.06257329025023145 0.1263319013326012 0
2370 0.8009279688050803 0.09741233091879578 0
2371 0.1483970231942988 0.04242040005563172 0
2372 0.9107914093403453 0.3228312486101488 0
2373 0.9383534456673788 0.3807321541876096 0
2374 0.953803034359475 0.1454649502244432 0
2375 0.1518082742244874 0.4457035160296049 0
2376 0.7081995771521339 0.2503407333857232 0
2377 0.01824268984722841 0.222981636151605 0
2378 0.846344307645902 0.07316290219883799 0
2379 0.9663498599476655 0.3121848417177716 0
2380 0.9730019487707424 0.3620962709713111 0
2381 0.6098979328436497 0.1857750200087621 0
2382 0.608942515511437 0.3135441911000644 0
2383 0.2270670790907033 0.4173367402386169 0
2384 0.9633534060244411 0.3705477132659668 0
2385 0.05018450391292145 0.3821939660814146 0
2386 0.3730422791722038 0.1476031941814099 0
2387 0.04493648492953253 0.1775751848089289 0
2388 0.261069955374324 0.1575976296944935 0
2389 0.9580492128251222 0.3430803748570723 0
2390 0.0310711703691591 0.09533060219785029 0
2391 0.1137792744838984 0.08013212598105915 0
2392 0.3069137606100115 0.199928019449611 0
2393 0.3620698389408384 0.3845177311223604 0
2394 0.9095987748634712 0.3441916157763696 0
2395 0.8288389869683053 0.06609776729983632 0
2396 0.3150294558397969 0.1792083352869251 0
2397 0.8640391091845056 0.06101621506299176 0
2398 0.3703154015596532 0.3485430286658087 0
2399 0.1043538470505454 0.007676338120396982 0
2400 0.9523288510303432 0.3979247533665259 0
2401 0.8810412551775727 0.4928282548864014 0
2402 0.2197251171106831 0.009589895157484782 0
2403 0.2489760172628852 0.1874957257310085 0
2404 0.3528287350791067 0.4205496624282374 0
2405 0.8927584104744372 0.09093290581150124 0
2406 0.1245013758689662 0.06351841140643415 0
2407 0.1993607428978849 0.01722372565205324 0
2408 0.03977783688411264 0.2306041946326515 0
2409 0.1773663728779533 0.03852846691157057 0
2410 0.1515051181510942 0.02709252612644716 0
2411 0.4625904858136616 0.3729710482567917 0
2412 0.4622444401467595 0.1289934709516098 0
2413 0.1391002986862971 0.07131590704612217 0
2414 0.9903183368143522 0.1626954704713865 0
2415 0.02836045315453835 0.1280597790370642 0
2416 0.2938515114647407 0.1862715501180781 0
2417 0.1493198768889168 0.03582803771925241 0
2418 0.4223958673651553 0.3719815899353496 0
2419 0.4207221919964083 0.127991907035428 0
2420 0.3101222951258692 0.2458855049189135 0
2421 0.8768681907875244 0.08655068868544071 0
2422 0.02259861225256068 0.3882839544391231 0
2423 0.4844091210625897 0.06294609146314936 0
2424 0.483536511486294 0.434417884095873 0
2425 0.7733111886549025 0.1066949937443733 0
2426 0.08245495311343573 0.3578537649948864 0
2427 0.983620636563266 0.2751504545507484 0
2428 0.04185827194616297 0.3541611349809503 0
2429 0.9094956235239861 0.03733411495712567 0
2430 0.6778557620218221 0.3088325110306336 0
2431 0.9454953289700777 0.3860665967693661 0
2432 0.9797584074104399 0.2975139061382722 0
2433 0.8306866251617021 0.02110151995327597 0
2434 0.793294349927128 0.03900512782986518 0
2435 0.9044513698476158 0.05791882957344489 0
2436 0.6054754433720921 0.1756753090540809 0
2437 0.07866232433345051 0.06585231552640387 0
2438 0.87455161748949 0.4242077256236387 0
2439 0.4430642914053313 0.1384932065435749 0
2440 0.4440142997857053 0.3624532556905006 0
2441 0.1465177460426791 0.4326573541140875 0
2442 0.145702569234608 0.09989346582703422 0
2443 0.7867872296256041 0.2232788369626295 0
2444 0.6042453493080705 0.325141086059907 0
2445 0.7816047081225169 0.4905773643659144 0
2446 0.9489265900762381 0.1531550146596402 0
2447 0.109517689955086 0.0155857807057788 0
2448 0.9244318285186681 0.4017375579459996 0
2449 0.947237056784209 0.3621329904634981 0
2450 0.8807126214139615 0.1265314391069082 0
2451 0.1488851052445691 0.4551501756809053 0
2452 0.7694625080900569 0.246694518380652 0
2453 0.2792344711800764 0.3766641383252391 0
2454 0.09070312295222982 0.05717204697518349 0
2455 0.1409905610004139 0.02495910052434415 0
2456 0.8230968112620909 0.01503363721623103 0
2457 0.9212409016519819 0.1044142593254372 0
2458 0.946990931688684 0.4037533728551397 0
2459 0.8904485486047759 0.1235794084847854 0
2460 0.7761408490545104 0.4728454924722676 0
2461 0.06480010832431941 0.1849906474176244 0
2462 0.180611828654618 0.0174618498516221 0
2463 0.7337460788395959 0.3509692945899651 0
2464 0.03325476846012718 0.1166844244740758 0
2465 0.9131464209371843 0.09972620871330798 0
2466 0.4092032594908012 0.1802229430775743 0
2467 0.4110343053121056 0.3218129901994163 0
2468 0.2450125364870285 0.1417323211416856 0
2469 0.03886639788181864 0.2159755008214218 0
2470 0.1218478160031812 0.4331135217311455 0
2471 0.09427015410693006 0.3981841622781973 0
2472 0.8768224954489099 0.4308247060289637 0
2473 0.9399342390194724 0.1485488910426191 0
2474 0.09811491297634774 0.4332187386471887 0
2475 0.8954285991304098 0.134437710848943 0
2476 0.5869115157887538 0.1305763976341457 0
2477 0.1453622730401163 0.08906219379293136 0
2478 0.2844666576555405 0.4432423824376299 0
2479 0.188300622879149 0.009859598880177584 0
2480 0.4560333717657291 0.4301302970067316 0
2481 0.4572693036036087 0.07076197200379283 0
2482 0.8254273768470836 0.4717181912827316 0
2483 0.02156672565267226 0.09538278149970995 0
2484 0.5624934006238024 0.3629484467560234 0
2485 0.9796311396063707 0.3068815583576302 0
2486 0.06409199961404498 0.173211671954626 0
2487 0.8381441579048871 0.3737512321717229 0
2488 0.2009563185084002 0.4918067297233696 0
2489 0.9202239124706716 0.1471536458202937 0
2490 0.8619906106507248 0.3545116352984692 0
2491 0.7860515381718423 0.2356312207403451 0
2492 0.5849081620582308 0.3753944709913097 0
2493 0.8641881265227459 0.3913730390285357 0
2494 0.0293888006682034 0.4188354128357632 0
2495 0.1455950237196573 0.05445456746825521 0
2496 0.01080015663182856 0.3780045893015801 0
2497 0.8869411689747205 0.4475322542632091 0
2498 0.8312936098678646 0.466350200630023 0
2499 0.1892244489722784 0.4611533549298276 0
2500 0.08991015826288658 0.06685077863099112 0
2501 0.0513585102204366 0.3622968854270328 0
2502 0.9644132501424033 0.3522383379310857 0
2503 0.7494325490540378 0.1249126687739693 0
2504 0.5613727783829401 0.1167374623727967 0
2505 0.9257043411360928 0.01409277286574838 0
2506 0.793446973311862 0.008230956892589224 0
2507 0.9594474964074931 0.1379255015999341 0
2508 0.06237970888816573 0.3637820701183079 0
2509 0.8522065460514714 0.4225969490024165 0
2510 0.5536784518349008 0.4371687141239709 0
2511 0.9030613611752545 0.02336626659461563 0
2512 0.8786561077570011 0.452353673669439 0
2513 0.5057772702427203 0.3273377917839609 0
2514 0.5079048992564 0.1734969118755736 0
2515 0.2061107191173141 0.452349598980109 0
2516 0.2402211871934918 0.2347502729206137 0
2517 0.8537632383222673 0.3849392279309303 0
2518 0.02661998204479785 0.4272341764156387 0
2519 0.8798653685267496 0.4200814766898155 0
2520 0.9073200726356498 0.08035126731227904 0
2521 0.5546319906934721 0.3495590426453397 0
2522 0.8090785794316385 0.02146283721964131 0
2523 0.2730972440071733 0.05873512829198231 0
2524 0.8749781707906273 0.01736451705737841 0
2525 0.9494263386470901 0.1673340002649036 0
2526 0.5414390988743585 0.4335549550321335 0
2527 0.1047759065196301 0.3663713624724294 0
2528 0.1072326830795584 0.4047707070450625 0
2529 0.1071405540204103 0.05894488757477769 0
2530 0.8477996113950566 0.3578732219540395 0
2531 0.3206507647035838 0.06422768706347172 0
2532 0.04044661838239078 0.3796441567966092 0
2533 0.9402540882304209 0.418815071556926 0
2534 0.9924567004626533 0.355700529707986 0
2535 0.747077963464143 0.3422343586479935 0
2536 0.9444269039405834 0.3502763373671326 0
2537 0.08369075959875856 0.07262431413212785 0
2538 0.8122343272869385 0.01432310540954268 0
2539 0.1053240613061034 0.1003025509097368 0
2540 0.8576107341915844 0.4438909170494264 0
2541 0.7832809484992794 0.009247705917547654 0
2542 0.1298922505336562 0.06926223943707754 0
2543 0.896530705542866 0.3609108475515916 0
2544 0.7640514792885235 0.34589366471353 0
2545 0.09673954798510885 0.3620142732145981 0
2546 0.7971445411812438 0.01609490535218143 0
2547 0.05386950500384594 0.1788485505750256 0
2548 0.08695808192392177 0.09396665189866016 0
2549 0.9350086468622072 0.4129847476350542 0
2550 0.9918209946818826 0.4011493844356192 0
2551 0.0987741026631475 0.376614055486961 0
2552 0.7484624849717941 0.1397591277069783 0
2553 0.4432201167412267 0.3473586742462771 0
2554 0.926059637211364 0.4279716569073583 0
2555 0.1103990771916727 0.4755096428362554 0
2556 0.1073991202427382 0.4814115311908089 0
2557 0.9906978135585893 0.2619470538102624 0
2558 0.5517222089827506 0.1506150906287728 0
2559 0.07217822059705073 0.08501352973102787 0
2560 0.08118111208249604 0.3676148429612982 0
2561 0.9298758049522067 0.4074086848396237 0
2562 0.9241210187599589 0.09841439289801574 0
2563 0.8702518844843925 0.07452896117000671 0
2564 0.5462666891593996 0.113986829193345 0
2565 0.9778487853465334 0.2880473091178299 0
2566 0.3545849614947985 0.3422157665642944 0
2567 0.3591795985086649 0.1624128426067119 0
2568 0.1371198191263091 0.0547917021890271 0
2569 0.903750381789204 0.008344892710578738 0
2570 0.02520027252073234 0.4367500532688514 0
2571 0.4894989399387883 0.1806602184452404 0
2572 0.4917059596316749 0.3198940975676727 0
2573 0.9124400590265585 0.01533058859758808 0
2574 0.9462913179287222 0.4243658086236704 0
2575 0.9932954915437443 0.2818641197536259 0
2576 0.9210945616825716 0.419689146755559 0
2577 0.9286289688977091 0.416587381222896 0
2578 0.2594784870164633 0.2398931060470647 0
2579 0.1888287282638666 0.0224107143334157 0
2580 0.2148573224390988 0.407317862240539 0
2581 0.2396609528856275 0.258689782776838 0
2582 0.9760050583519466 0.1894473903255922 0
2583 0.04732186048977975 0.08511949849280844 0
2584 0.9141668330650283 0.009807753775418473 0
2585 0.1044691099281141 0.02625619427952667 0
2586 0.928353722811433 0.1446262983422254 0
2587 0.04990836528739879 0.4017138913540757 0
2588 0.8598370770664562 0.4517990524218223 0
2589 0.8020733703016038 0.4906001072866615 0
2590 0.9056979560301501 0.3328815938490042 0
2591 0.814800892683367 0.4839128597928198 0
2592 0.8118065330794195 0.491540835296931 0
2593 0.9254907203496295 0.3896210719066698 0
2594 0.2405048287078825 0.4802938977285414 0
2595 0.8256524845751485 0.4824654067250603 0
2596 0.9506825255993068 0.09306560190243776 0
2597 0.9839542908626746 0.4045154396517438 0
2598 0.03461324995890744 0.4293109321038349 0
2599 0.9407064325482722 0.008944444392802703 0
2600 0.2521940476857975 0.1491582967730069 0
2601 0.8952955288214778 0.1114701366182855 0
2602 0.04575147826578949 0.4099210288017666 0
2603 0.8794032410429918 0.3984208127200078 0
2604 0.4547055390949698 0.07980982538874472 0
2605 0.4538291929925789 0.4201913589098428 0
2606 0.5599141379819386 0.1468347704941392 0
2607 0.4664336147817035 0.3041431186725736 0
2608 0.4666614831933889 0.1944922025047651 0
2609 0.9867522603245211 0.09991735345078918 0
2610 0.09081055456742294 0.4810569256867648 0
2611 0.1365432271718601 0.4609339944498198 0
2612 0.8393236885425045 0.3554194725722084 0
2613 0.9111559629869583 0.119901830505101 0
2614 0.8854716425228316 0.01186687068398559 0
2615 0.900650649770493 0.07217974487834902 0
2616 0.9736321593340018 0.4332892673738273 0
2617 0.9237109643985314 0.3592824083507309 0
2618 0.1305644088871356 0.04092987784571458 0
2619 0.8207668313659426 0.4917772727970642 0
2620 0.7418053018520968 0.3591265466039499 0
2621 0.05323603645501588 0.1010959906034058 0
2622 0.07745280091180756 0.4119332317114311 0
2623 0.07200077318885799 0.1428812723533981 0
2624 0.9236562196675368 0.03397139049702625 0
2625 0.1877768348812628 0.481252425042737 0
2626 0.1176617534247194 0.4790336928737355 0
2627 0.1655318112641883 0.4797277543100809 0
2628 0.9552967116673126 0.103684843995949 0
2629 0.08011514393921299 0.4902430459706079 0
2630 0.02823110763628432 0.1686020531417276 0
2631 0.8909598454939863 0.4229033304668579 0
2632 0.2538424977636123 0.4766119859662051 0
2633 0.07171858309411136 0.07221294027463253 0
2634 0.9705056459138491 0.1256521240984498 0
2635 0.2648935353040645 0.1486733411953251 0
2636 0.09435225758017812 0.08614877026592951 0
2637 0.1747551277306579 0.02533062372087103 0
2638 0.009061786738762337 0.4216494751487383 0
2639 0.8851485954219819 0.3858492192529286 0
2640 0.07191688685199336 0.1221290446662137 0
2641 0.04675996904290331 0.1055847401293995 0
2642 0.1786772042387134 0.4682073105370601 0
2643 0.5465348123990685 0.3700240818918315 0
2644 0.5443818659831099 0.1291233614161862 0
2645 0.5668340112098093 0.06379697147894886 0
2646 0.8868328081844709 0.08431549856008916 0
2647 0.5545065868954869 0.3752004496172182 0
2648 0.9168343204261596 0.4089974738750308 0
2649 0.1010192049223537 0.07962707928281373 0
2650 0.9407225479555628 0.4424804100467358 0
2651 0.3615830440963195 0.430541418714144 0
2652 0.970589059693669 0.09285442861001626 0
2653 0.876370866743339 0.1085388361871844 0
2654 0.9815584042225393 0.4168025244320315 0
2655 0.1920626363305445 0.4919724574396025 0
2656 0.888983058301447 0.4342593057266672 0
2657 0.8899720399983284 0.05017885170893412 0
2658 0.1265419975225715 0.03066726394494664 0
2659 0.9318956351906423 0.008283050712106149 0
2660 0.45463117097236 0.1205449745445342 0
2661 0.4545941677778864 0.3806677216672338 0
2662 0.05397051062089869 0.08264934708754673 0
2663 0.6686853205975915 0.2937856685426013 0
2664 0.6689725146921927 0.2045224721000452 0
2665 0.8165256767153826 0.01922529096870872 0
2666 0.9673431292438098 0.4934237416356606 0
2667 0.04134723648489172 0.419188203570883 0
2668 0.9259332062421775 0.4587824288532209 0
2669 0.9100451866094529 0.3795521981318512 0
2670 0.8778840901055508 0.05698593010591527 0
2671 0.02891174355975713 0.03864872860673903 0
2672 0.9714394514798149 0.2994645902150711 0
2673 0.9328463096121762 0.09633997264413899 0
2674 0.0503327261426563 0.1106242021826602 0
2675 0.01362636424514366 0.06078490840846568 0
2676 0.06751873334140653 0.4646104526840275 0
2677 0.09264162458369855 0.4214659087903465 0
2678 0.9106029980626387 0.415554486561988 0
2679 0.8948763045585226 0.008888082935399408 0
2680 0.9609872517507891 0.4159709201315255 0
2681 0.09989029453726615 0.09302014470116203 0
2682 0.2486742095369503 0.4876367022997658 0
2683 0.11118836013623 0.00568450669398893 0
2684 0.9276409271812378 0.3771756581308969 0
2685 0.008091315456905692 0.05189174085648274 0
2686 0.4283677795177597 0.2999307364723722 0
2687 0.4327402200334518 0.2019990811428938 0
2688 0.9373280479091811 0.391418614462441 0
2689 0.01929694029461634 0.4802382021222086 0
2690 0.9160409430318194 0.01997853022836833 0
2691 0.9201516516012191 0.08278006151129345 0
2692 0.6630984907738905 0.192927144756128 0
2693 0.6691648669585907 0.3131160228292549 0
2694 0.4350106263808443 0.4227634232958862 0
2695 0.4372963088031896 0.07594641380084276 0
2696 0.09881008525724978 0.04344056386615283 0
2697 0.9669254993523015 0.2821577508644789 0
2698 0.9611490333421582 0.01285733937152562 0
2699 0.7705223591180261 0.2583534806618101 0
2700 0.1980596324789544 0.4565151222338709 0
2701 0.5303491343362931 0.3115520713967386 0
2702 0.5292263649801841 0.187822833918525 0
2703 0.9855384753440841 0.4924192792154124 0
2704 0.1830686075886956 0.4911266477557088 0
2705 0.1390243507872901 0.4520656106123477 0
2706 0.06602850817855258 0.1457641650416904 0
2707 0.814232714441822 0.008567583321729766 0
2708 0.9683818245234021 0.1066069520445158 0
2709 0.8760362417911174 0.09381317195023922 0
2710 0.9838141647308408 0.2034175885935097 0
2711 0.1118534146274209 0.05139040682066477 0
2712 0.4203985890037786 0.3022071048936759 0
2713 0.4239055070677895 0.1958916845646864 0
2714 0.1615140361110444 0.4399946447086658 0
2715 0.8836600365723971 0.4076207040947316 0
2716 0.8338899986282207 0.05477579500450561 0
2717 0.9328534365176513 0.4356611204904577 0
2718 0.9110129597672493 0.1512485832018083 0
2719 0.121256236357551 0.07432815711339721 0
2720 0.8700109995297422 0.04456066331318342 0
2721 0.9062530931639036 0.03040080003206425 0
2722 0.05522781806251133 0.3731032894367141 0
2723 0.08097109086348862 0.377983093694271 0
2724 0.989616258597512 0.08830191554557283 0
2725 0.01633943537811397 0.07887251636760646 0
2726 0.7611057339383518 0.01000263830153677 0
2727 0.9025045829763726 0.03926821333418058 0
2728 0.8213829553843292 0.005640751802390126 0
2729 0.126425384637423 0.08155913660997907 0
2730 0.8627306609949151 0.4597645298289388 0
2731 0.9090357236329287 0.4422222776043084 0
2732 0.8869261604630935 0.3578017412880524 0
2733 0.9099426976574039 0.0220593651371608 0
2734 0.1004373733914496 0.4812514111630372 0
2735 0.2369745002258204 0.407782707997403 0
2736 0.5352808710692278 0.2489346589174801 0
2737 0.1275238280470294 0.450531635963581 0
2738 0.8352604407868597 0.4716557318097043 0
2739 0.8948471217848441 0.4418094275466767 0
2740 0.9460466271498874 0.4140636412314132 0
2741 0.8044548984195757 0.02828656223137184 0
2742 0.03665505858952255 0.1825958939888202 0
2743 0.03678772884966195 0.1767292291712673 0
2744 0.941936954293493 0.3977763609904335 0
2745 0.9468414238149966 0.1215080789379126 0
2746 0.09122802364783379 0.02423112908746496 0
2747 0.8563005297726688 0.05756751097918206 0
2748 0.9330879292407343 0.01756706068616451 0
2749 0.6976120000699905 0.1938300401968496 0
2750 0.04935939087997091 0.1436762689387603 0
2751 0.2097052650678683 0.009231780046662424 0
2752 0.3402573664211745 0.3031312757059405 0
2753 0.1073903941442345 0.4381299675763464 0
2754 0.2362712092306285 0.4174747960730516 0
2755 0.02421584305526797 0.008090960709267464 0
2756 0.8374872091294232 0.0637898487154005 0
2757 0.935185754793577 0.07216839496930774 0
2758 0.5814569694067132 0.1869240866207985 0
2759 0.008877901374991662 0.2412004522309884 0
2760 0.0975281898517365 0.368196536155112 0
2761 0.1006573822082523 0.3857409064498556 0
2762 0.1339338363145625 0.01397990302979428 0
2763 0.0471083494263848 0.1600697740442443 0
2764 0.04269893118234594 0.4296492496958171 0
2765 0.119577491497457 0.08771997032928747 0
2766 0.1472829633158885 0.008021650886816679 0
2767 0.9792343032245523 0.08509223741780805 0
2768 0.5685131742694816 0.3636220408931636 0
2769 0.08452571263291771 0.4381688393677667 0
2770 0.0583929069069646 0.3836278072472147 0
2771 0.8904139204992964 0.4755984109622258 0
2772 0.8939112936007376 0.3737356103811504 0
2773 0.8799450636825476 0.04821277037020334 0
2774 0.009236288079048555 0.2215178458429689 0
2775 0.9935289429400367 0.0588976438245821 0
2776 0.1181966824622074 0.1015679652927179 0
2777 0.575207428349972 0.112278022804264 0
2778 0.04014233702120409 0.00488688036311985 0
2779 0.2573994310547638 0.2657669649779033 0
2780 0.5803267398529501 0.312116122284807 0
2781 0.8457545700425987 0.3793524849079989 0
2782 0.02253930887753873 0.07911105957085947 0
2783 0.4496311166163851 0.1953391586776035 0
2784 0.4486314022033442 0.3054425892620842 0
2785 0.8623809616359102 0.3685160443234999 0
2786 0.5548287483985038 0.1805008682901408 0
2787 0.5558430999029284 0.3180605872231717 0
2788 0.9232507607497127 0.008231817993464835 0
2789 0.05276059056188458 0.4290325299096522 0
2790 0.9026602959862257 0.4637345282260508 0
2791 0.07724578940534502 0.08829192872981208 0
2792 0.9045325009105137 0.357283077928284 0
2793 0.8935816888701972 0.3911236274328831 0
2794 0.07904208640887769 0.4474225869077724 0
2795 0.02012315734631037 0.179106476978231 0
2796 0.8743372499365396 0.4647025621467015 0
2797 0.4861311329454027 0.3057589848592444 0
2798 0.4861494625054009 0.19448186897172 0
2799 0.9258465232676827 0.08861048353885875 0
2800 0.9063423540801311 0.4308754866057902 0
2801 0.06810810564544383 0.1135104865040759 0
2802 0.8993212214760191 0.3939106291429132 0
2803 0.4966358453139143 0.3870411886926525 0
2804 0.4963282801852442 0.1117394916178813 0
2805 0.9500027489515742 0.4716494793349559 0
2806 0.1034675106987139 0.3951143210733611 0
2807 0.2502768977371653 0.2427359135098363 0
2808 0.8744772278194544 0.02848021928903881 0
2809 0.1270399406354895 0.05753225383825216 0
2810 0.4688515863880319 0.07403848109388478 0
2811 0.4674813308553841 0.426017656075563 0
2812 0.866758393388534 0.4484977955605389 0
2813 0.9094790161469233 0.4567154820092682 0
2814 0.4701417545445834 0.3763218679677543 0
2815 0.470848034844525 0.1260823158929662 0
2816 0.3920690084991237 0.1753053961523432 0
2817 0.3914581846975296 0.3216292438615946 0
2818 0.1161023637544157 0.3806008639518997 0
2819 0.05298204207118348 0.4149648953520335 0
2820 0.1342824233756739 0.08882612138332996 0
2821 0.9423053633552589 0.09945493432186971 0
2822 0.0811444589906952 0.4238919117854958 0
2823 0.9473021700211769 0.4359535413964401 0
2824 0.03907957215114918 0.4907096852910396 0
2825 0.06684657967836329 0.1524484896957526 0
2826 0.1534234511013266 0.4683467579959123 0
2827 0.547045579912263 0.3045549740396112 0
2828 0.5466656593550571 0.195592670420241 0
2829 0.9395322175032237 0.4748946638474428 0
2830 0.0191698585700853 0.1691995058326627 0
2831 0.04378005488041735 0.439040169145635 0
2832 0.9141896841877305 0.3998762678511391 0
2833 0.8897993658065572 0.48867511527368 0
2834 0.913323634282263 0.02877515228442942 0
2835 0.8932919392733713 0.4576402534671996 0
2836 0.9886383487362911 0.4467800891037992 0
2837 0.05073931013568869 0.4378616919591741 0
2838 0.8813138464682625 0.1014449249211384 0
2839 0.08169076905913196 0.0529226971358878 0
2840 0.131189593018046 0.07706944386386558 0
2841 0.04532614641490512 0.0754354117668168 0
2842 0.05234886980005912 0.06065845351878598 0
2843 0.06906946569277259 0.3773800874126772 0
2844 0.9579593179304243 0.4231956273657566 0
2845 0.9801576698884225 0.425981907273384 0
2846 0.9200303559327431 0.1374823713209842 0
2847 0.9607770168725616 0.4348668252384158 0
2848 0.898692464360106 0.09862031610056815 0
2849 0.0293267744263122 0.4904547232502845 0
2850 0.01953521714277825 0.399885220723628 0
2851 0.9175793849468368 0.04301170118898847 0
2852 0.8837256855832896 0.02329800062219792 0
2853 0.07318231683243132 0.4561720747710689 0
2854 0.9018288641593935 0.4494239223233925 0
2855 0.0932670153109437 0.4432374185521062 0
2856 0.9046297665664934 0.1264140380001353 0
2857 0.8030821317283816 0.007785811420830403 0
2858 0.9913693878013404 0.4863306704727508 0
2859 0.9028168184097002 0.4235566467824926 0
2860 0.01761505750470016 0.01652554380322108 0
2861 0.06431815306326533 0.4502000971676627 0
2862 0.2154491904212476 0.4682773869481022 0
2863 0.5726608247438496 0.3826072375002204 0
2864 0.2595568644874897 0.1169402236267111 0
2865 0.04652076679521861 0.0429024328635615 0
2866 0.8700324936843256 0.4034196692819108 0
2867 0.241070942610689 0.3734366390691609 0
2868 0.9200549823849705 0.02654220079012033 0
2869 0.9633864673058269 0.4476035085499667 0
2870 0.4514145236528965 0.147413632632869 0
2871 0.4526527832332543 0.3529050812516634 0
2872 0.9906956733018547 0.4367892137017272 0
2873 0.2109485814971199 0.4907282967168954 0
2874 0.8868992753535723 0.1147420735676935 0
2875 0.02858663296082012 0.4054389279283394 0
2876 0.88376357111591 0.1068306233925623 0
2877 0.938091437693771 0.0483360982050063 0
2878 0.9014754442743358 0.4894503829511513 0
2879 0.9116906668960879 0.04239395430724749 0
2880 0.8960274542066552 0.4199360584752386 0
2881 0.01525545110328575 0.4434300843678053 0
2882 0.9321161576232793 0.4908932595938932 0
2883 0.009600070443853387 0.4799961301236279 0
2884 0.9731778900702153 0.02720810431366311 0
2885 0.1317447030686859 0.04891207602900277 0
2886 0.7608851282789687 0.2512523615343438 0
2887 0.02483858382512275 0.08738869226010891 0
2888 0.1316723540560554 0.1029671153335469 0
2889 0.9733929960076991 0.4845267696755668 0
2890 0.9905055845753537 0.07862763057446483 0
2891 0.08173292519139885 0.4619378901220222 0
2892 0.08887556188159071 0.07933905990559628 0
2893 0.8729717230080247 0.4883514525410178 0
2894 0.8862600388871812 0.4687312234445712 0
2895 0.9158003565426297 0.05252165204907731 0
2896 0.9358842457443715 0.4025483744277531 0
2897 0.9252387380643148 0.07925559323941382 0
2898 0.610716667045331 0.05618746596068498 0
2899 0.6060185602988809 0.4393674419748619 0
2900 0.03450984199156685 0.0784409125472542 0
2901 0.03720295495154387 0.3959822135179898 0
2902 0.5287642090472375 0.3622129161805771 0
2903 0.8814232147460193 0.4391347833116726 0
2904 0.8873423503398431 0.415920021646726 0
2905 0.9439155641872574 0.1089861737105198 0
2906 0.9398055825100928 0.08682685383311664 0
2907 0.880779228766004 0.3671218512809295 0
2908 0.06631877684365403 0.04538680182839303 0
2909 0.899343815445663 0.01644732622731552 0
2910 0.6502346929329358 0.4195620198790134 0
2911 0.6485853994855007 0.08700570849774494 0
2912 0.594818302104713 0.4803258504406884 0
2913 0.3246212520120983 0.0400708123250445 0
2914 0.2845566304736065 0.02117697096885068 0
2915 0.650251036994194 0.2370296941501069 0
2916 0.5267230378951181 0.08146631424170894 0
2917 0.5443066007577607 0.05193574000175433 0
2918 0.2956933853385269 0.4235258842744604 0
2919 0.305229605287234 0.4188257211926016 0
2920 0.4518611438679817 0.2637163190250139 0
2921 0.5535735927127081 0.4670563116134182 0
2922 0.3112174070986621 0.02333888847868883 0
2923 0.6581896249912093 0.04306830620653471 0
2924 0.3301212046986884 0.05144989780071748 0
2925 0.3999226808177825 0.05095505782066823 0
2926 0.4116515585604859 0.452565666111854 0
2927 0.6623226962659953 0.2320001738827346 0
2928 0.6385502513559869 0.2679613722716638 0
2929 0.3068589774835426 0.4835258929737523 0
2930 0.6448587810494633 0.04432050992433586 0
2931 0.3108806838774281 0.1584680822666476 0
2932 0.6341989365303367 0.07710731295822569 0
2933 0.6324891247513557 0.4284256140536366 0
2934 0.5450710777249314 0.03378160540941766 0
2935 0.6010903958499315 0.01659856601292806 0
2936 0.3224627500308988 0.07481263221911901 0
2937 0.6450591594197053 0.4572549429333903 0
2938 0.5909809519947324 0.2323972169647442 0
2939 0.591494444058951 0.2671371207609932 0
2940 0.4140452703246582 0.04616914563927013 0
2941 0.3148728674301942 0.04436640032073021 0
2942 0.5631547778107791 0.05281286883726859 0
2943 0.6313723759502219 0.4158889341196637 0
2944 0.4030504080892782 0.2250663831379123 0
2945 0.6207454042206522 0.04824433296305539 0
2946 0.4045098781170152 0.27968706632932 0
2947 0.3066137776952668 0.2651659356677308 0
2948 0.6120573099329444 0.3439741962671408 0
2949 0.6138599101358636 0.1563548509230947 0
2950 0.4039166295006662 0.2338314287009187 0
2951 0.4027024509880626 0.2709466186667787 0
2952 0.6267269358520277 0.1599549879047134 0
2953 0.6241748612852092 0.3403957991929657 0
2954 0.5856758870239313 0.4702368700786812 0
2955 0.5058701202355084 0.2937220349196377 0
2956 0.502402530687552 0.2068677068659749 0
2957 0.2739062929953318 0.02439104703479787 0
2958 0.6221457658363954 0.4509288861121992 0
2959 0.3062294182617737 0.3430048220241551 0
2960 0.5147790929411982 0.2389625926860837 0
2961 0.6385128144751607 0.05326931337386819 0
2962 0.5715259264541537 0.4720348263666918 0
2963 0.5371355213024662 0.2785959396265086 0
2964 0.5370489657017172 0.2211160853739874 0
2965 0.6887258936006946 0.04375332403122677 0
2966 0.2973528035185414 0.4693674780099976 0
2967 0.7033126344392239 0.2606309784942788 0
2968 0.6337791482785252 0.449809889993964 0
2969 0.575183285760892 0.4639657099677906 0
2970 0.5287192006278794 0.3873027970020626 0
2971 0.6303558362539155 0.1465368155674566 0
2972 0.5979981625400417 0.24060499167892 0
2973 0.5981174375930342 0.2593794511715508 0
2974 0.6237996855905417 0.3533842790748544 0
2975 0.3230593871480112 0.1071266147334859 0
2976 0.5239847901556729 0.1156978882205111 0
2977 0.7208800535947861 0.4121837825036478 0
2978 0.5165191602000374 0.4647359509299724 0
2979 0.3311233149818405 0.07811059126071902 0
2980 0.5581168089275219 0.0205746247473874 0
2981 0.7629165178500741 0.4292699300100919 0
2982 0.3063500876177133 0.4554674195852302 0
2983 0.656120752232036 0.4565312304058259 0
2984 0.6367723532597767 0.02071182119225259 0
2985 0.2904085050541658 0.2521962583899313 0
2986 0.5107268597553175 0.203310527807558 0
2987 0.5115024974436734 0.3006839563832164 0
2988 0.6173161397826655 0.01316049716544689 0
2989 0.5350747940403727 0.4243720952089944 0
2990 0.3150034369901416 0.2713048823235536 0
2991 0.5807313435881436 0.2349201669371459 0
2992 0.5796551841863066 0.2650095686639996 0
2993 0.3923673820671999 0.05547837107841917 0
2994 0.3292821721452634 0.2689858987586827 0
2995 0.2889346633385708 0.1346447902448435 0
2996 0.2884406144812404 0.05886649546424441 0
2997 0.6285037516502943 0.008745366328348573 0
2998 0.5203149190003817 0.3900408790971021 0
2999 0.4966964634467223 0.1546042050730568 0
3000 0.4983556617981316 0.3449526597820254 0
3001 0.5103450652937699 0.1132302821359434 0
3002 0.5360349511262135 0.4103512618809124 0
3003 0.3916733049066102 0.4710163264063465 0
3004 0.3078783428924927 0.1886964425933098 0
3005 0.6584109157979698 0.1016618584570229 0
3006 0.3067820326406845 0.08078063377203436 0
3007 0.3308865740832813 0.236277706414977 0
3008 0.3591425545335678 0.2332873700003777 0
3009 0.5092065746394796 0.4161643970191176 0
3010 0.5056109330475359 0.07861608881362713 0
3011 0.3565041459303464 0.2683538649976436 0
3012 0.5937437601787912 0.201667435224046 0
3013 0.5957568434129108 0.2985880875770109 0
3014 0.6938530421860456 0.2320198012125779 0
3015 0.7734359518770773 0.4285557476863995 0
3016 0.2706096477810528 0.00949222997145154 0
3017 0.6141582408782658 0.2883103272695789 0
3018 0.6142101392710223 0.2130516201140268 0
3019 0.5590516890838955 0.01020201127539383 0
3020 0.6595475652169079 0.3980338187068326 0
3021 0.6282659628655167 0.2409302377580684 0
3022 0.6274251195770892 0.2603856404757167 0
3023 0.7104215205571111 0.4610617203329577 0
3024 0.4945541847661952 0.4552315082890771 0
3025 0.2909886461316711 0.03596219917263738 0
3026 0.2949382862541077 0.1670925882428605 0
3027 0.605200671427476 0.08049056714876704 0
3028 0.5303002112527403 0.4698021151611193 0
3029 0.3458494452212934 0.1643680695857228 0
3030 0.2809305594784958 0.04831593146463138 0
3031 0.4015897988024111 0.4895740008366615 0
3032 0.6620327862168857 0.4056028595769911 0
3033 0.6657967071984696 0.09535005241231423 0
3034 0.4807857076725008 0.4864536728475806 0
3035 0.2965103805010896 0.1993643490212775 0
3036 0.3436873072369001 0.3378840830898014 0
3037 0.4872578956061802 0.009705399382084572 0
3038 0.5677018354561422 0.07770110490966056 0
3039 0.5226200468532584 0.4475278114912475 0
3040 0.4936037178572086 0.2900340095118036 0
3041 0.4940600012221709 0.211832985802445 0
3042 0.7040026539489047 0.4827074285403341 0
3043 0.3717474625242422 0.03373144229841626 0
3044 0.6719430594084357 0.02836594929344793 0
3045 0.3100798633403966 0.4467805043880013 0
3046 0.260700039864285 0.03165046575082435 0
3047 0.4921781851542462 0.03775417498072637 0
3048 0.5864427714047271 0.04001798654667068 0
3049 0.5344992497487162 0.08736604887123758 0
3050 0.5345459557579502 0.3350940916780165 0
3051 0.525773636817617 0.1497125082128121 0
3052 0.5310385745614157 0.1652675301170207 0
3053 0.2866509721093563 0.08703758409851298 0
3054 0.4017639161280836 0.03174000023859046 0
3055 0.5387903976839136 0.01023982790043295 0
3056 0.691742320051826 0.2598060177058477 0
3057 0.3222444732175976 0.3352733357909214 0
3058 0.5291518076881081 0.2112980799114557 0
3059 0.5265371287856007 0.287846698024965 0
3060 0.4009383509904289 0.4525730373407305 0
3061 0.5378984699362904 0.4470268012674668 0
3062 0.3425472092370167 0.02916038734370259 0
3063 0.6040353787445748 0.4148716120016146 0
3064 0.01339831846073214 0.2741918462738539 0
3065 0.5236598125137816 0.3511599801456729 0
3066 0.9298388232387145 0.2661313547497574 0
3067 0.6348519042708295 0.1780470555189306 0
3068 0.6350204721202558 0.3193081847900568 0
3069 0.2777792787412294 0.4072996611821645 0
3070 0.1858648079828168 0.3661181010254952 0
3071 0.3645869474938879 0.2246815110167997 0
3072 0.3621413493506904 0.2761174703053642 0
3073 0.3076276581833179 0.1073173179633743 0
3074 0.6491286293536435 0.3391095760900118 0
3075 0.5606631590462889 0.08491280925863226 0
3076 0.5661202458094166 0.421600019654358 0
3077 0.3801479518545397 0.01996218986742628 0
3078 0.3140849235281886 0.3390146363248642 0
3079 0.4342146322304513 0.2594175124304763 0
3080 0.4355750975476119 0.2384693299056053 0
3081 0.368044045118779 0.2376074159504697 0
3082 0.3640367024580632 0.2611761021359068 0
3083 0.2928183185795331 0.1072436681761651 0
3084 0.3160897743860512 0.4004083191444917 0
3085 0.594717322896696 0.2134061361279573 0
3086 0.5924165316314488 0.2877123895674483 0
3087 0.7109966852395732 0.2695013336378338 0
3088 0.5815486788981934 0.07948451769103368 0
3089 0.6969827749943446 0.3187792272589849 0
3090 0.4009102147490093 0.4611010535805222 0
3091 0.3565452579202638 0.2062598210914673 0
3092 0.6702240795857326 0.2647321749940759 0
3093 0.4154411086836118 0.1879495162979812 0
3094 0.4147774894710616 0.3120612051620295 0
3095 0.2891911590444399 0.1733897897516412 0
3096 0.3822158439497128 0.4617299179340695 0
3097 0.4913084321988241 0.410768234328957 0
3098 0.2738288752482919 0.4214080249928683 0
3099 0.1486766234376723 0.2575004234102106 0
3100 0.4904126726655824 0.08738236100928354 0
3101 0.3114604946356391 0.3750490826005871 0
3102 0.5232984089430595 0.1368143879831385 0
3103 0.7098616685726498 0.03148025001252246 0
3104 0.4181226255444127 0.4608383213719497 0
3105 0.1575035076703816 0.3406628341421739 0
3106 0.7104160123130424 0.2598702305669675 0
3107 0.3367486994025174 0.1082125839796072 0
3108 0.2957379810588627 0.391545496396223 0
3109 0.3799021600173863 0.1793821373771328 0
3110 0.6891956332592841 0.4736108433812841 0
3111 0.6538535645790047 0.09470973591055902 0
3112 0.3495389856146977 0.2614962903497051 0
3113 0.650047646000646 0.1624009583874368 0
3114 0.3793867833792186 0.3185067115144186 0
3115 0.7109714969035975 0.4323876657123016 0
3116 0.5174258239284815 0.3587017672176333 0
3117 0.3159155818323284 0.4216406678400606 0
3118 0.396484313811894 0.08427791590992238 0
3119 0.3208759681955967 0.1690467382927177 0
3120 0.3000493834224479 0.1003372374003753 0
3121 0.2958962753015612 0.08057972065786982 0
3122 0.2823467124386462 0.2127417963640163 0
3123 0.329648159717301 0.4120709373971033 0
3124 0.2776086973208443 0.3460651674890128 0
3125 0.6760566494215765 0.2367544043593588 0
3126 0.6810247870727771 0.1223977268536022 0
3127 0.7396701498543878 0.4579816303206032 0
3128 0.6545165182469275 0.4082111250596723 0
3129 0.7358493121385555 0.4349099081143237 0
3130 0.6637629391172748 0.42542412666108 0
3131 0.5789392284791983 0.02911829582228159 0
3132 0.507200585102918 0.1596868751986336 0
3133 0.5057251228633664 0.3399401823831887 0
3134 0.3478707806614307 0.2381615536011696 0
3135 0.6576069936992176 0.07266454244274839 0
3136 0.2801354871031414 0.2856469184800634 0
3137 0.716199093779492 0.0985676065421813 0
3138 0.3422109264858742 0.1833767635105021 0
3139 0.5933013677570895 0.4348255133957008 0
3140 0.6809446095548015 0.4569355590508232 0
3141 0.4236233504673264 0.4666066565185318 0
3142 0.2928205333997843 0.04445541880673787 0
3143 0.3866475800047163 0.211355896117867 0
3144 0.616151555264311 0.4366325715309899 0
3145 0.6557657729518712 0.318925206976572 0
3146 0.3979821475528461 0.4093252242269428 0
3147 0.641204783565127 0.1717208186898969 0
3148 0.2987035316747096 0.2932776915896841 0
3149 0.710224162860732 0.2192310643560917 0
3150 0.6980279331647806 0.2909175350325572 0
3151 0.1450073147906032 0.2662729163980373 0
3152 0.6179644102319523 0.06480252004837805 0
3153 0.5802455043520816 0.05800256314618625 0
3154 0.6982387612420047 0.03796320471231812 0
3155 0.6513418495696367 0.1059194298805394 0
3156 0.2965117008941009 0.2305695013647805 0
3157 0.1754893631970339 0.3641792271342068 0
3158 0.732691268082157 0.2165020635327911 0
3159 0.335886045694297 0.2617712847900944 0
3160 0.2082626812976906 0.2754496788845474 0
3161 0.5112796273170458 0.4911318517760639 0
3162 0.2941734182732417 0.3600531637316814 0
3163 0.3093858599701219 0.3946309233194768 0
3164 0.3011004445322086 0.1502700116645052 0
3165 0.6141534317134191 0.08326958669727756 0
3166 0.6728686403351862 0.05641833185090821 0
3167 0.612968127414501 0.03850533630246814 0
3168 0.5858236691435561 0.4263291233843998 0
3169 0.3017437693276208 0.1591146130949512 0
3170 0.7007883679243241 0.4144641875090583 0
3171 0.4014904236918301 0.2935323458031042 0
3172 0.3988089119204859 0.2078389214637438 0
3173 0.62243063772761 0.2797763178394682 0
3174 0.6241086724312921 0.219453387990304 0
3175 0.6095210146068426 0.06415394423467125 0
3176 0.300650624745661 0.1779859095730372 0
3177 0.7204879642614001 0.08911672859493691 0
3178 0.584478095074101 0.2141675876976517 0
3179 0.6159184116637071 0.4153372875575108 0
3180 0.5101577646959929 0.4739422797566023 0
3181 0.5822874593807479 0.2810717116768705 0
3182 0.5862166098181183 0.3408032778114506 0
3183 0.4435906346096297 0.277252471209512 0
3184 0.5710922067049409 0.05555703893633707 0
3185 0.2897844439964465 0.2043401741466571 0
3186 0.5901746940855959 0.008998719973970172 0
3187 0.7006052536133768 0.0254269120348152 0
3188 0.6506072712515499 0.3934781057723336 0
3189 0.4527220105380128 0.4923357841238233 0
3190 0.1694286124684316 0.3392026907805334 0
3191 0.320371041372142 0.1578871409689067 0
3192 0.6069544817805825 0.2314274030503675 0
3193 0.6067322590364229 0.2687102521340821 0
3194 0.2827757470584639 0.3380071775637072 0
3195 0.3589376368818533 0.1477300919979196 0
3196 0.5923035234364958 0.3509306191830484 0
3197 0.454082363322846 0.01413791278835631 0
3198 0.2717773307040545 0.4140395797752673 0
3199 0.717107100050015 0.3170722906754133 0
3200 0.2530417943216606 0.03068195239565515 0
3201 0.298520784610062 0.4466358317625265 0
3202 0.5287935485670475 0.02594274196785901 0
3203 0.5583553386706492 0.4484115403299624 0
3204 0.6121133254219405 0.4563087701327928 0
3205 0.7474318158252503 0.06355738264018693 0
3206 0.508107452536221 0.2741810536411304 0
3207 0.5041561979162545 0.2276259850414193 0
3208 0.3205459739312379 0.1477788230586556 0
3209 0.2632910874870087 0.4234606165903381 0
3210 0.1649174068752408 0.2768635263654283 0
3211 0.2982237216249749 0.347071297805302 0
3212 0.2749560529008743 0.3309603806679661 0
3213 0.4145083954876557 0.07272556352435258 0
3214 0.4564676797005693 0.4841903415160063 0
3215 0.3177890567696761 0.3470586563077156 0
3216 0.6353964888940247 0.3886945966995303 0
3217 0.4572524886243846 0.0188741306234812 0
3218 0.6355804254991855 0.1116435862379342 0
3219 0.4677132475590551 0.2231418377416835 0
3220 0.4704422603534811 0.2739199426080501 0
3221 0.1982376733816237 0.2512537386615536 0
3222 0.720909983906639 0.01421714032677597 0
3223 0.6936776405764339 0.2429613556151758 0
3224 0.3039636819468662 0.3225618623676237 0
3225 0.2919564255392778 0.2935852353198665 0
3226 0.516024793701542 0.03360009513079904 0
3227 0.5419031278140951 0.4655610612155387 0
3228 0.5732562231419895 0.09886884744981805 0
3229 0.1835159464543805 0.3557177493080249 0
3230 0.7110236452369052 0.008760113949549373 0
3231 0.6227844344824015 0.3229459630097825 0
3232 0.3097556881459883 0.0572510338439222 0
3233 0.332173285679573 0.2939293212978085 0
3234 0.6231863995827229 0.1725304330834571 0
3235 0.5921410940002684 0.3188753661644054 0
3236 0.7370913485534348 0.08469251060748875 0
3237 0.3441737263334777 0.3148408537877921 0
3238 0.5074403511743185 0.4619469323450998 0
3239 0.4129429707117374 0.1720566787807206 0
3240 0.4160749174253404 0.3292430450486211 0
3241 0.4253911568504514 0.05728237287586248 0
3242 0.5927104812143189 0.1799961222291212 0
3243 0.4307619620668418 0.4036082775079776 0
3244 0.4282455742741084 0.09860951022868013 0
3245 0.9332191906375844 0.2566185227090542 0
3246 0.1578679835313428 0.2841387884969017 0
3247 0.3390890941856359 0.07311585809350892 0
3248 0.6807604129393984 0.03579176654405677 0
3249 0.744787619968496 0.4295800087549357 0
3250 0.4044177595109283 0.4093328394847697 0
3251 0.712802216607894 0.228520316486523 0
3252 0.7030134735663391 0.4539597829872304 0
3253 0.6019370689616418 0.04837138877506476 0
3254 0.5930569885767105 0.04224536901498225 0
3255 0.6851709648285715 0.4652557865163257 0
3256 0.9391840555237356 0.2732667283615108 0
3257 0.5172642280317596 0.01254631669188142 0
3258 0.9277763808022572 0.2089726560773331 0
3259 0.5984717612622988 0.06996719990472475 0
3260 0.7203564191554016 0.05212720512190234 0
3261 0.4159666835362758 0.03790099809747543 0
3262 0.3362521558338412 0.1808020375563877 0
3263 0.7768534703103288 0.4367452783856091 0
3264 0.7955770939288362 0.2840568880772422 0
3265 0.6096327166568791 0.3634635847214036 0
3266 0.7299018013114899 0.328644201330126 0
3267 0.1575915389007457 0.2554986466093107 0
3268 0.01026661618092273 0.3272895802404778 0
3269 0.568336699607522 0.0294274743028932 0
3270 0.2688521837083154 0.1315567871771759 0
3271 0.2063288398318802 0.1625540535242657 0
3272 0.2923864286499683 0.3218074068891495 0
3273 0.5554858848297014 0.4036510195514872 0
3274 0.4206611760951058 0.4384198710852075 0
3275 0.6332182752073714 0.1026986905844384 0
3276 0.6555300086755832 0.3533552496616529 0
3277 0.6648391305881292 0.03595268265790433 0
3278 0.6021380906549634 0.1415274522761049 0
3279 0.6330972806142267 0.3980862488817915 0
3280 0.5476339310778133 0.09947504727010183 0
3281 0.6683551006919023 0.1177966354979159 0
3282 0.731145342469586 0.2628123491407534 0
3283 0.7449483026564954 0.4498549855736916 0
3284 0.4864602964340475 0.2804819766207432 0
3285 0.485163174246298 0.216482208410139 0
3286 0.294255525496434 0.2210573180495575 0
3287 0.1274646967551359 0.2716071255615361 0
3288 0.4828500713735898 0.03406218757953881 0
3289 0.3674022432471639 0.2040329712183109 0
3290 0.6531560331512688 0.1472089888844257 0
3291 0.3235743139972758 0.2770863534409963 0
3292 0.3643476647790266 0.2936952794691283 0
3293 0.7208388942670656 0.332212432041724 0
3294 0.6012052512772704 0.1531373104986942 0
3295 0.589398129001692 0.07458766420270303 0
3296 0.1040854055155436 0.2644679890170367 0
3297 0.4835331598469912 0.4637593122559814 0
3298 0.5407018989800689 0.07809059562882945 0
3299 0.695859009399057 0.0517961128776727 0
3300 0.5051416823604163 0.03975818712850788 0
3301 0.5732678605873365 0.2146305294589677 0
3302 0.5679173390012606 0.2824251661076035 0
3303 0.267185411565124 0.4030894157540998 0
3304 0.6975175455325227 0.08973349424226247 0
3305 0.5988673471472977 0.409394910781653 0
3306 0.6296356745691564 0.1234229500046487 0
3307 0.6280584024163076 0.3760564306641768 0
3308 0.4147210002510205 0.3454652798080612 0
3309 0.3504888519719124 0.0233484303766275 0
3310 0.4110178068292323 0.1513826532612252 0
3311 0.2805120843211475 0.07969134365548039 0
3312 0.4225994455372303 0.3106262976285359 0
3313 0.4236623664614742 0.1867501901337438 0
3314 0.7158301237865586 0.2911220812613858 0
3315 0.9207360326364193 0.2030055980063921 0
3316 0.5112222928322584 0.3481723270385383 0
3317 0.287128184663041 0.4280680871920181 0
3318 0.5152796162487839 0.1500480926573932 0
3319 0.7243464583874985 0.2053025677453331 0
3320 0.4960284490470268 0.35564101743976 0
3321 0.4994802655118454 0.1445042824535392 0
3322 0.696101317095335 0.4471581574293205 0
3323 0.6435927802766804 0.3242598099229834 0
3324 0.7179977469945899 0.4534994157004295 0
3325 0.5748900900246734 0.4244961709936106 0
3326 0.1583836030548828 0.3529889415725833 0
3327 0.294516133480301 0.06683553374390751 0
3328 0.7328832166936422 0.4091631736397007 0
3329 0.6977912475601189 0.2032603066839935 0
3330 0.6006879024898705 0.08879232675056073 0
3331 0.3245998740583526 0.2030039253603022 0
3332 0.7575426115467858 0.4453805501631284 0
3333 0.5856733832594878 0.2256226093502221 0
3334 0.5876774145841576 0.2726336039439752 0
3335 0.3491799681772562 0.3044043912885729 0
3336 0.1489788612388222 0.2768260675161479 0
3337 0.4271921614336083 0.4789607917238545 0
3338 0.2890139450700346 0.4048143807767853 0
3339 0.5575595184808456 0.2161302636546036 0
3340 0.5597397025142717 0.2869713276894742 0
3341 0.6914950987303343 0.1581460361575092 0
3342 0.3420250829220482 0.1154223444063762 0
3343 0.3756648869989518 0.04295093100106392 0
3344 0.3173507098329961 0.4756096874227215 0
3345 0.459906025604101 0.2193734383100962 0
3346 0.4637865058058575 0.274271225037334 0
3347 0.7032329991088411 0.4399726704268008 0
3348 0.6827173519409023 0.2816394494336507 0
3349 0.4763004811958083 0.4788839278392123 0
3350 0.7393524186953732 0.04700501429099122 0
3351 0.06234935029170064 0.256842928415187 0
3352 0.7863156305530815 0.30649463361027 0
3353 0.7110621799387763 0.4897494854165253 0
3354 0.5833928053881096 0.09820284894320543 0
3355 0.4841345650210858 0.02048778770425587 0
3356 0.2572080907799699 0.4010052251270446 0
3357 0.7562223073445149 0.06077660999634433 0
3358 0.7015329548459718 0.4047646797693236 0
3359 0.4305581554112197 0.01901438025584405 0
3360 0.3011862698860373 0.04053337723867887 0
3361 0.7102292191413971 0.3362391344537416 0
3362 0.7016762274755529 0.08164141936207331 0
3363 0.3529863656237829 0.1846956485063885 0
3364 0.7392252219110457 0.09287235757636786 0
3365 0.3528257420729237 0.3110330426482122 0
3366 0.7227903058109871 0.3131984719271294 0
3367 0.1721560325575772 0.2687065688389272 0
3368 0.7238962469521265 0.4028251287962885 0
3369 0.1103610861861048 0.2563592067812927 0
3370 0.7490830764141595 0.4212493955625178 0
3371 0.6655878235057078 0.04963120760112784 0
3372 0.625566670837741 0.4335524717376592 0
3373 0.662959882708959 0.465056275360379 0
3374 0.6552703742457827 0.2506083952401368 0
3375 0.7248649339190766 0.1012602471160173 0
3376 0.7130153795085585 0.07633360444990175 0
3377 0.6645978545047117 0.3569686852519249 0
3378 0.6717452797419956 0.460677726417945 0
3379 0.7491269720702263 0.4416264117273534 0
3380 0.3178474818275874 0.1274905838265016 0
3381 0.08169628327967281 0.256276466542405 0
3382 0.3723326197593931 0.4612753950946675 0
3383 0.6804485017741182 0.05002156385057038 0
3384 0.156151790270155 0.1771723844632901 0
3385 0.6274401091252626 0.06543849794376608 0
3386 0.9552902663957559 0.256591008099833 0
3387 0.6614911113159281 0.1427754825499853 0
3388 0.5569633829247677 0.2692275757864425 0
3389 0.5573619034717379 0.2314636843066451 0
3390 0.7178983050308097 0.2475893600698243 0
3391 0.5111571262567469 0.16783529240769 0
3392 0.5126093194173643 0.3334680590914462 0
3393 0.7333918329116568 0.4813252784890196 0
3394 0.349547805634038 0.2127484801643483 0
3395 0.7433832599696115 0.05519331535427425 0
3396 0.662577437436042 0.02182562302649303 0
3397 0.0219742748352917 0.2709596371038506 0
3398 0.9139092511862814 0.2557509858510924 0
3399 0.7008867988136223 0.4698948814708168 0
3400 0.7234873685820326 0.03167540500126684 0
3401 0.06291848690685352 0.2461215103034699 0
3402 0.3860376616617443 0.4418125940868619 0
3403 0.3529156949077468 0.1703958110563238 0
3404 0.5463132233178295 0.4551503075361056 0
3405 0.6821115729715391 0.1421974668501557 0
3406 0.3350495138420119 0.3184202601910907 0
3407 0.01048669821368107 0.3469862021903525 0
3408 0.3812701590238434 0.4713367875264992 0
3409 0.3577894371050999 0.3534521840653431 0
3410 0.9077993420336218 0.271773169753933 0
3411 0.8523274856605964 0.2847497397842246 0
3412 0.4415184583932568 0.02482410240896615 0
3413 0.2881146454588598 0.3506682891666139 0
3414 0.9851619947684475 0.2306404945276473 0
3415 0.4372317295497437 0.4804502536741084 0
3416 0.7730196851012577 0.4556986659951839 0
3417 0.3368193603925738 0.02129285012160651 0
3418 0.3268580892684991 0.4758396434989599 0
3419 0.7015988842094483 0.3944231536561135 0
3420 0.1342080831382182 0.2598772944137169 0
3421 0.2822751133284603 0.1853031595892889 0
3422 0.5922929919711077 0.0976445788999787 0
3423 0.6236533777345666 0.0846711919140727 0
3424 0.4470130883915737 0.4819413880513682 0
3425 0.666924144099401 0.4731462923690263 0
3426 0.7561160358246224 0.4258931496758527 0
3427 0.7393975722510905 0.009324074633035084 0
3428 0.9061963545422115 0.2215096349641146 0
3429 0.4494855132864066 0.0225188644269868 0
3430 0.6337503935576609 0.3558953519964176 0
3431 0.9350807983380862 0.2469012914097668 0
3432 0.3451295709610734 0.09166768122368658 0
3433 0.6392584031390447 0.1424035869527762 0
3434 0.6890419922884721 0.452846896884785 0
3435 0.8707841355349073 0.2851848601977854 0
3436 0.1791130060618222 0.3454867679281894 0
3437 0.4702837939459562 0.02108401359845812 0
3438 0.4695376651823034 0.4779521846823932 0
3439 0.2919014896576852 0.4143976996294865 0
3440 0.7941473049324169 0.303351598718913 0
3441 0.4120559356033242 0.2953676288842924 0
3442 0.408478332664297 0.2051596755773002 0
3443 0.5336678219033624 0.1542133417505988 0
3444 0.1655394976019429 0.3611561419813524 0
3445 0.4975502804262948 0.4325423701322713 0
3446 0.6845518679937036 0.2267076356598092 0
3447 0.2089562887747919 0.2506509167136015 0
3448 0.6227737848088013 0.4158271658620376 0
3449 0.3521189098675542 0.1406414295617827 0
3450 0.532616967086986 0.3434213269371527 0
3451 0.9923031099627401 0.1726718430022417 0
3452 0.4011883854177537 0.07561667079562892 0
3453 0.3668496606725548 0.02212274105847584 0
3454 0.2062381684102993 0.1126194048750417 0
3455 0.6013918218923263 0.451591161258624 0
3456 0.2935690435338451 0.3026864523247881 0
3457 0.6988975394236139 0.4784991224818362 0
3458 0.8055102173595832 0.2827555261491179 0
3459 0.3277072640233058 0.4668446869924398 0
3460 0.5918741380403224 0.02973514706821204 0
3461 0.5635757303725376 0.2772532639691914 0
3462 0.565239295717386 0.2228660572911742 0
3463 0.4870405690886668 0.09631946780236558 0
3464 0.4850736827293057 0.4054422876947689 0
3465 0.3365891208883162 0.4762755943203058 0
3466 0.6694964491455376 0.4794206367865659 0
3467 0.4226522925403091 0.4479172717815459 0
3468 0.2771366565657313 0.1063839919903084 0
3469 0.8548039381434965 0.2930414318387046 0
3470 0.7319773088641485 0.452337394642274 0
3471 0.2172257236677952 0.1315944201277284 0
3472 0.3849253158197519 0.2270459483059026 0
3473 0.3184342551155119 0.1930027272550897 0
3474 0.1965363409206577 0.2742188164039129 0
3475 0.3842426296625579 0.2754067854048221 0
3476 0.5494756469387327 0.4107487942662177 0
3477 0.1202184295607624 0.2765173007330814 0
3478 0.7110348240593704 0.05550228374723724 0
3479 0.4252282940126755 0.0314429139166257 0
3480 0.7248645633799259 0.446209209043396 0
3481 0.7260345903725103 0.4736391798256831 0
3482 0.855616646507775 0.2741501160414133 0
3483 0.3436571198185181 0.281028304371703 0
3484 0.1813148211198271 0.1163540698696938 0
3485 0.6076238400585659 0.2406863162040467 0
3486 0.6075070739480639 0.2595096494324326 0
3487 0.1425580164731692 0.2028992137676884 0
3488 0.3411930646446421 0.2191840539971917 0
3489 0.3226485530716117 0.3917173145386493 0
3490 0.6990342091501842 0.1531685068527273 0
3491 0.7565661648824075 0.04154773527993769 0
3492 0.5978031075968494 0.250031309212069 0
3493 0.7900726584909396 0.4188187362950623 0
3494 0.4266178808318924 0.3313266328583832 0
3495 0.425339774551345 0.1657301053189362 0
3496 0.3659375307958944 0.1689328038999662 0
3497 0.7779163591640494 0.3040190676094642 0
3498 0.1813597970850378 0.3358878522000733 0
3499 0.1069439392121228 0.2777937244420101 0
3500 0.4188142457664724 0.05120765552283325 0
3501 0.5034528175768658 0.3974934663198233 0
3502 0.4968872898754534 0.2352532724457468 0
3503 0.4928169039107094 0.2577402414965315 0
3504 0.4412317619472138 0.4438083300324334 0
3505 0.5694468046282796 0.009918347115684179 0
3506 0.7483555352350836 0.04445774875603575 0
3507 0.8628974657181281 0.2945510355533276 0
3508 0.4184327402414711 0.2962155225753967 0
3509 0.4152703220869403 0.2028582184325234 0
3510 0.4989357534882238 0.09843867512692188 0
3511 0.5167157929096491 0.4454346181132028 0
3512 0.2493365360517468 0.02384160085159548 0
3513 0.7603526993103467 0.4367669426406705 0
3514 0.644299308417624 0.3914864590718487 0
3515 0.6438558847724788 0.1091334192343311 0
3516 0.9049218440252556 0.2128113242232163 0
3517 0.7634616417282423 0.4108101510168752 0
3518 0.7878966511166169 0.4443192971950069 0
3519 0.3524369449122863 0.3348038997971246 0
3520 0.5248234717199977 0.06631778800991922 0
3521 0.6449846114452766 0.1830858369903237 0
3522 0.4360509966112185 0.05354107479982932 0
3523 0.4575724463997463 0.2512178963050618 0
3524 0.4583519741592905 0.2383652769728137 0
3525 0.5041065640406965 0.424283363186739 0
3526 0.5087883797699644 0.05610129255906225 0
3527 0.4981882805645131 0.0736406838803316 0
3528 0.8696613942546666 0.291147894961476 0
3529 0.1943929800710741 0.2149385930005152 0
3530 0.4011944724260338 0.216696024610341 0
3531 0.4063380977578179 0.2862415442296731 0
3532 0.2648076138376829 0.05312890946472752 0
3533 0.9215268623428111 0.224216459331203 0
3534 0.7405019053391799 0.1008757939364746 0
3535 0.7299336185114341 0.04941207660350261 0
3536 0.771699363784311 0.4905985991126947 0
3537 0.4321405766302751 0.4452868211071521 0
3538 0.4152672062579099 0.4760174986290954 0
3539 0.4244141623713134 0.240427467305625 0
3540 0.4259131796331268 0.2555411160673993 0
3541 0.3570640813514413 0.1209814286081922 0
3542 0.1218523057843367 0.2616902366051789 0
3543 0.3207352143797001 0.3635914383833565 0
3544 0.6789764608260022 0.0209862715941804 0
3545 0.6543208835709788 0.1876504063692882 0
3546 0.7153594285839738 0.04309890953949957 0
3547 0.1999842029911094 0.3780215490362778 0
3548 0.6586358731729615 0.4771039782159445 0
3549 0.2154310069998352 0.2974630555251367 0
3550 0.6926222443964037 0.3742334041795952 0
3551 0.9272016434734931 0.1843589834078505 0
3552 0.7117211897848272 0.4160568624793603 0
3553 0.5556349633794351 0.4577249781190287 0
3554 0.2320599643517304 0.3274586590312897 0
3555 0.2074592297927608 0.1359889094407832 0
3556 0.6869827141687743 0.06997234579272861 0
3557 0.5764387708602232 0.2435637207774256 0
3558 0.5789325834891975 0.2557047389695788 0
3559 0.7420662894692541 0.02908274648495597 0
3560 0.6785486656646496 0.4792872392755345 0
3561 0.6835513761988181 0.1625212179107384 0
3562 0.8927043270509287 0.2638945102812706 0
3563 0.1570585147942812 0.3653632186208423 0
3564 0.1019751791080675 0.3105597714466324 0
3565 0.4294058627885142 0.05229046310663687 0
3566 0.7720274311238837 0.4076983437709261 0
3567 0.5890839203296906 0.402936197819964 0
3568 0.319794692513782 0.1375045091418359 0
3569 0.4370678568094544 0.1100811004380841 0
3570 0.435154133932641 0.3895704170989146 0
3571 0.66957555858047 0.279772522164933 0
3572 0.455066558723444 0.4604377066687601 0
3573 0.9005966560639969 0.2452945362233814 0
3574 0.4569868594921152 0.03799627223169427 0
3575 0.7971455812551581 0.295640474389848 0
3576 0.2990468209649915 0.07233004014081754 0
3577 0.3876027889308488 0.1020333187117856 0
3578 0.3382845462498356 0.2878450953550089 0
3579 0.6248906080620853 0.1371788284852696 0
3580 0.7797358954930366 0.4037526831196023 0
3581 0.3564281698378434 0.01675179126917576 0
3582 0.6216461972940501 0.3627305061197303 0
3583 0.7047430821129811 0.07622491639311914 0
3584 0.1371271739230832 0.2106771642089662 0
3585 0.3636057681937597 0.332662058927524 0
3586 0.5171947634333129 0.3711357439729935 0
3587 0.368097247941639 0.3932434869343349 0
3588 0.5545369998383326 0.07757092049141087 0
3589 0.5159808439603822 0.1320975409501217 0
3590 0.720051845239626 0.08129509410732323 0
3591 0.5676204250338957 0.0381124024280064 0
3592 0.707513323582919 0.1484682525398174 0
3593 0.009434648324541559 0.3064772941666787 0
3594 0.5173596864409105 0.1698039930668669 0
3595 0.3567948195072201 0.4780565837806651 0
3596 0.5264946504946528 0.331132202327413 0
3597 0.7291967120302602 0.08652929092657183 0
3598 0.2788461251463568 0.09270393741128558 0
3599 0.918501623598352 0.2401523956376848 0
3600 0.9370505071360135 0.2296748920991848 0
3601 0.185734875175183 0.1599561919878918 0
3602 0.9383396698043306 0.217265222414588 0
3603 0.1896953276085704 0.2744146373534469 0
3604 0.7850542876530907 0.2852980789579788 0
3605 0.4942517745800716 0.02823033777755502 0
3606 0.7977942928122214 0.2637998050688365 0
3607 0.3132173925412837 0.491975263298096 0
3608 0.5609079335354 0.4394066787524268 0
3609 0.5068877201931842 0.372480427307075 0
3610 0.5090069572773268 0.1267945938166432 0
3611 0.5419351547519959 0.3899805480857021 0
3612 0.1053275306074596 0.1493686547058771 0
3613 0.9444092170435865 0.2034227174328179 0
3614 0.6973983123089362 0.1823806587771996 0
3615 0.239510138142411 0.07153093557085984 0
3616 0.0197256057178694 0.2612719389227746 0
3617 0.2983964997957199 0.3690163321337449 0
3618 0.8581585717802416 0.2653156385989891 0
3619 0.4785572978681329 0.2610376099942684 0
3620 0.4813490327230582 0.2388169516242002 0
3621 0.1360105483225942 0.2420807806254396 0
3622 0.9422442272687546 0.2832242616181508 0
3623 0.2122642680075691 0.1522573775828334 0
3624 0.2162121338969668 0.1703161056087106 0
3625 0.6158826896851828 0.3726755228330295 0
3626 0.6348969000620385 0.2960864016135085 0
3627 0.6295170024507445 0.2108894484537167 0
3628 0.6193536850085465 0.1269262967001284 0
3629 0.5778440752333015 0.3375829720799127 0
3630 0.5842280906419157 0.1583888680311414 0
3631 0.3465370470959243 0.4768021934210188 0
3632 0.6044010660012688 0.287763220281352 0
3633 0.6049958543818365 0.2130907786495221 0
3634 0.5763596051575456 0.3313841072855496 0
3635 0.299072994287256 0.1910648537346775 0
3636 0.9329072543678747 0.1908796976932902 0
3637 0.3633477220724388 0.08892871423323887 0
3638 0.1536027111393222 0.2444225016665036 0
3639 0.7786847667457756 0.4459807556735042 0
3640 0.201729033576574 0.1189744001670004 0
3641 0.9100938169700483 0.188280407508925 0
3642 0.3203998816278516 0.03107478402037076 0
3643 0.5838006692610755 0.1187438336439531 0
3644 0.6679565507073125 0.2140750728796566 0
3645 0.5759782103330611 0.1666631765350934 0
3646 0.5602594901022492 0.3987402572700305 0
3647 0.4970763346585414 0.4172947425635327 0
3648 0.04013968071488804 0.255661978453826 0
3649 0.6686736478843717 0.07682015464547026 0
3650 0.1892717477589377 0.3438188481180229 0
3651 0.9809441886209083 0.2135497960438495 0
3652 0.4998486873563851 0.08612303876129496 0
3653 0.1146743144526766 0.2823925595831557 0
3654 0.5206399437465963 0.4905434441294451 0
3655 0.379434071812964 0.2413954357098629 0
3656 0.6391089666965768 0.1648759814258209 0
3657 0.6398536022520479 0.3344945223311735 0
3658 0.3802538449521281 0.2592607962605764 0
3659 0.1015802386168515 0.1612598200716985 0
3660 0.1377045141458149 0.2773139503090749 0
3661 0.2083466790592652 0.1683219837724074 0
3662 0.416941931957885 0.1631943717116624 0
3663 0.4220729745379349 0.3363450046135192 0
3664 0.7744711196711335 0.2871573277884715 0
3665 0.5776595455352991 0.4055238657310813 0
3666 0.2224860308500259 0.1219964863785816 0
3667 0.7667964823023681 0.4208651746337046 0
3668 0.7358052785209256 0.03883523156344522 0
3669 0.5832460360067232 0.04874724841294418 0
3670 0.3181123854325306 0.4562855149712514 0
3671 0.4353284146225464 0.2881699193614132 0
3672 0.4386503117064667 0.2141653955111302 0
3673 0.4129211929868072 0.4266110383626566 0
3674 0.80705265202438 0.2646208713847479 0
3675 0.1968903824490687 0.1250258246889211 0
3676 0.5408817681436298 0.1054779468930103 0
3677 0.1343531649147514 0.2508577318523399 0
3678 0.923881918570894 0.2162043147171248 0
3679 0.1147461445524396 0.2479377058040057 0
3680 0.9034645990332821 0.2334723972533233 0
3681 0.8434690795568518 0.290524338513188 0
3682 0.592925746952881 0.1564501078949863 0
3683 0.8035358339141064 0.302271347709709 0
3684 0.06213006294848908 0.2658910053147402 0
3685 0.1656321666267145 0.3262459326893519 0
3686 0.7916970444376382 0.4903305345199265 0
3687 0.6435849567893992 0.3595186788091331 0
3688 0.4286560691713154 0.07044523016637753 0
3689 0.1427092927108331 0.3295003155923798 0
3690 0.3677198593085809 0.4817930229100961 0
3691 0.1951691012140425 0.2622540414972882 0
3692 0.6480687829298638 0.1384707677125489 0
3693 0.3829376742551054 0.3354682951833012 0
3694 0.1506839137150799 0.2522376070116332 0
3695 0.7189135533243742 0.4250273309765557 0
3696 0.7651283688131627 0.05769865576416073 0
3697 0.1851251658033581 0.2167746647527732 0
3698 0.5037650720477204 0.1830198190666293 0
3699 0.8748317018793839 0.2683120926554778 0
3700 0.3821317617125802 0.1628537907334554 0
3701 0.703864330942051 0.1599476089267638 0
3702 0.5798491281228095 0.009542719756413258 0
3703 0.5033551124800122 0.315363158080713 0
3704 0.7182644064350959 0.1875304332521091 0
3705 0.3285829130444046 0.3528365484682554 0
3706 0.4351703023977953 0.2492565850953913 0
3707 0.1891034737139497 0.235404573675778 0
3708 0.5765597991196949 0.1589309664892889 0
3709 0.8643399861519766 0.2756871766746851 0
3710 0.8261662551921817 0.2955184302330736 0
3711 0.07964022414685533 0.2508854081476024 0
3712 0.6612680537333934 0.2124548494955131 0
3713 0.1979398658190038 0.2343201666628635 0
3714 0.5002384457385506 0.3331840053148588 0
3715 0.8098872292618986 0.299116702972737 0
3716 0.5012100832677859 0.1682455395123028 0
3717 0.3307541827766439 0.1475789193735375 0
3718 0.7333437689276949 0.2352493801230656 0
3719 0.3921135458993462 0.09311434823887591 0
3720 0.7838391469313872 0.2727534709305853 0
3721 0.7925976795503752 0.1355850435171386 0
3722 0.2853368898984082 0.3641613436445831 0
3723 0.6895848596301697 0.1376848407884917 0
3724 0.07355664401270189 0.2494099305162599 0
3725 0.6679866393773081 0.4185872987176069 0
3726 0.1962532004808958 0.3397236005018347 0
3727 0.7023018422167179 0.05959107571839455 0
3728 0.8233900941805031 0.2328970022535223 0
3729 0.5888509003224549 0.4899462484882864 0
3730 0.9531154170196378 0.2394901697404531 0
3731 0.1923762833104955 0.1033731721548601 0
3732 0.3931456020690967 0.4025274136697502 0
3733 0.1667076701521131 0.3003509607532134 0
3734 0.009500969381243488 0.1184668616821661 0
3735 0.4071022621147776 0.3141658226528425 0
3736 0.4070258349728885 0.1884609667045521 0
3737 0.6702292140623047 0.380643770806346 0
3738 0.1706635659102482 0.3191327811925658 0
3739 0.4426530617754814 0.461238906118231 0
3740 0.1142680023575999 0.3062026467618914 0
3741 0.6911907077327606 0.01715448309985192 0
3742 0.7337447502823807 0.257026682054744 0
3743 0.2265400559491456 0.3335468939968197 0
3744 0.8233573986805974 0.2164583637822836 0
3745 0.6077405509889906 0.1944183946931584 0
3746 0.2764169645387241 0.3672526508024075 0
3747 0.507513113171103 0.1940966203970631 0
3748 0.5080319869302769 0.3071988362600805 0
3749 0.7379774086486309 0.01991080448152083 0
3750 0.5824556721830242 0.3849794356428629 0
3751 0.9361465662359892 0.2378509918195659 0
3752 0.3389443137576948 0.09517328605986992 0
3753 0.2537054281426147 0.4193145576793316 0
3754 0.606275839073425 0.3055314909447754 0
3755 0.3368491454234206 0.4058677471248152 0
3756 0.4462670652529343 0.04050201296126722 0
3757 0.7815713743575609 0.4239529925927049 0
3758 0.1433892487536561 0.1658856288677384 0
3759 0.9443663207956312 0.2484981788767287 0
3760 0.1654237299148169 0.3705781854042251 0
3761 0.6168748281085875 0.1044530438090304 0
3762 0.8364007481791047 0.2765589766934642 0
3763 0.614352945837595 0.3949633163009245 0
3764 0.6785971341912311 0.2173722021695385 0
3765 0.3590965500611338 0.4672706986402758 0
3766 0.258699162151987 0.3286861665445454 0
3767 0.8051215145738097 0.4095808700206254 0
3768 0.1531316358436527 0.2893905240052875 0
3769 0.8144090796460648 0.2814565331493306 0
3770 0.9165138847499567 0.2479618125359087 0
3771 0.8422521938735301 0.2614627367205714 0
3772 0.2479363351219286 0.04839788445389701 0
3773 0.2079801029649891 0.328011110991831 0
3774 0.6601167916665517 0.1221382055416918 0
3775 0.706909896261758 0.09433484628742321 0
3776 0.01821174768093619 0.251455854104248 0
3777 0.1336061710902384 0.1779916298430427 0
3778 0.2789455295952555 0.3122851201467693 0
3779 0.009654337435894099 0.1290590668368597 0
3780 0.9214727133437772 0.282598032410983 0
3781 0.1892466607050547 0.3228053945243676 0
3782 0.2673665301070344 0.32281090489813 0
3783 0.944819133042627 0.2909863328874737 0
3784 0.5344359853617444 0.3733377291721459 0
3785 0.1847767374822008 0.3292397264356756 0
3786 0.6992850085264628 0.4212389077723553 0
3787 0.5987871607651281 0.1311771157141019 0
3788 0.9266925080451263 0.1965624512960162 0
3789 0.3566087075248178 0.3752125395500049 0
3790 0.1164328567488281 0.2985853803248798 0
3791 0.4222078759745643 0.4082485778530651 0
3792 0.01567129963668353 0.2835301268068422 0
3793 0.8223402968451905 0.2804200767527987 0
3794 0.6793286460854777 0.23191274011499 0
3795 0.4237460267198315 0.09217777241876962 0
3796 0.7100093349786907 0.1651841069219924 0
3797 0.4788352417764572 0.1000957301177369 0
3798 0.4775173898518538 0.4009568260416702 0
3799 0.9200857844286635 0.2323080428690726 0
3800 0.02687726804027329 0.2503641081850908 0
3801 0.7331872502340987 0.03090713136231902 0
3802 0.01071382945785753 0.367509194168359 0
3803 0.6790167128510402 0.1719826052886689 0
3804 0.3711372944615858 0.09211231783389072 0
3805 0.6443851160308174 0.2232800559877755 0
3806 0.6430330647097736 0.2760100317536451 0
3807 0.1308439894939194 0.2774032388050008 0
3808 0.9126658134479602 0.1961423063380035 0
3809 0.09507555884144733 0.246550393471395 0
3810 0.7245090217834171 0.02342164629829227 0
3811 0.1740111923582571 0.29814163469445 0
3812 0.7253239418017649 0.06048456400592688 0
3813 0.7385780580605792 0.06604600502585015 0
3814 0.04429410667210765 0.2486181778345895 0
3815 0.3157043783025793 0.2017442798988879 0
3816 0.9532430029895103 0.248002620645834 0
3817 0.8450472334628308 0.2536718182494608 0
3818 0.1766838378937763 0.09396528916410953 0
3819 0.07177297775358156 0.2754809822859547 0
3820 0.127264791396207 0.1399490394728806 0
3821 0.4264233554541518 0.4275820611567935 0
3822 0.1756427537118832 0.3129428410737342 0
3823 0.1003824386043346 0.2939807477981841 0
3824 0.1868521627900247 0.1097935057703214 0
3825 0.3515682177566773 0.118200485013978 0
3826 0.1987719040890081 0.1653010712528187 0
3827 0.3657280953471883 0.4099348098331082 0
3828 0.1429842251238087 0.2585670522690627 0
3829 0.2350632742598162 0.3510860931446883 0
3830 0.05224134352305718 0.2745198870308525 0
3831 0.2137721967655031 0.3218544364179463 0
3832 0.1296461285808063 0.191304454419883 0
3833 0.7500930163488012 0.009715068452661268 0
3834 0.702604431034243 0.3260011780248268 0
3835 0.4199576525767538 0.06458598528034959 0
3836 0.8327841092952516 0.2843292599863947 0
3837 0.8706733047825496 0.3107242235286415 0
3838 0.6943408883929183 0.06441216309720863 0
3839 0.9695801329486522 0.09803861262631637 0
3840 0.5344000605688606 0.02883175850038145 0
3841 0.5065060827129797 0.4542200595405372 0
3842 0.1635426858793943 0.3774323142674124 0
3843 0.4361287905258706 0.40471641919425 0
3844 0.4352348995713991 0.09509604273561462 0
3845 0.008599177585627959 0.2965291361505518 0
3846 0.8806648499954312 0.2491834439667768 0
3847 0.5184664233627906 0.325712080067292 0
3848 0.5582276909011795 0.3902586425315785 0
3849 0.514392532328901 0.1778055221751261 0
3850 0.3106058676298 0.4085668759068961 0
3851 0.7268683660526333 0.2444470472477593 0
3852 0.6927808841398083 0.4231307812353313 0
3853 0.4510641424474032 0.4496414610694866 0
3854 0.2037777708875749 0.2133554522148927 0
3855 0.2124469093301102 0.2020718227982651 0
3856 0.179402625483764 0.3067227802852341 0
3857 0.8393781902973868 0.2692464669317787 0
3858 0.8240130214587673 0.2658760558420453 0
3859 0.8154715709041018 0.2324825555116823 0
3860 0.1370809447114102 0.2863312729323781 0
3861 0.7517076361701747 0.2167007287797398 0
3862 0.129483179521725 0.1546445144363504 0
3863 0.4026660775048029 0.4264602905860747 0
3864 0.9108729943147846 0.2637426556981407 0
3865 0.2638381860550388 0.3510571435444997 0
3866 0.443306259275728 0.03074805760883756 0
3867 0.8056593509184395 0.2736043875163539 0
3868 0.9530509939090123 0.2214864892845353 0
3869 0.5516989910144292 0.4274877589812968 0
3870 0.5126948779902721 0.08420198940836622 0
3871 0.8016552647348419 0.3170772335752256 0
3872 0.3671477729139607 0.1828058502474329 0
3873 0.07712978989919746 0.2427071716438798 0
3874 0.5236934418164904 0.02911459092849443 0
3875 0.4893550416312995 0.1406386271351318 0
3876 0.4839775935831239 0.3622624158298339 0
3877 0.4406559607469369 0.4707957973549323 0
3878 0.1450829369475707 0.2427846526460196 0
3879 0.08902522365158505 0.2522783820282514 0
3880 0.5833400261767036 0.1774653529269595 0
3881 0.3665103786010683 0.315615491665897 0
3882 0.8948738468246679 0.1801980833149366 0
3883 0.4538359908651212 0.04445408921471897 0
3884 0.9378566936484638 0.2222886027074257 0
3885 0.9833842261838621 0.3499506176278883 0
3886 0.8158204531360143 0.265150856972832 0
3887 0.5670349358244443 0.4011082053868171 0
3888 0.1171554621596732 0.1348715726905141 0
3889 0.7187426968660281 0.4807951822925561 0
3890 0.1388416196070793 0.2255653060655869 0
3891 0.5403992303108608 0.3373252011909677 0
3892 0.5356370258682488 0.1473721387554643 0
3893 0.7299004511221546 0.06859650500471856 0
3894 0.405284816306754 0.2429339672286721 0
3895 0.4099652580703467 0.2603515386367472 0
3896 0.8176879224435025 0.2972291241397063 0
3897 0.1256987977590071 0.1972488428694622 0
3898 0.3284397602607221 0.1648161185548553 0
3899 0.1257064778909093 0.3180158901877515 0
3900 0.5829934662249673 0.3210477146287823 0
3901 0.6581101560783139 0.166868186609456 0
3902 0.7955336689616691 0.1214687152897385 0
3903 0.5867502119705508 0.08754034738222589 0
3904 0.3278525264642948 0.2878776030051831 0
3905 0.8236358471174988 0.2250226859230598 0
3906 0.8012377830095482 0.4331462721413912 0
3907 0.8555765334346431 0.3098429006161496 0
3908 0.8616395936127124 0.2483505129083798 0
3909 0.778130505779141 0.3933376341355384 0
3910 0.225309957001486 0.3101199079027319 0
3911 0.4676679083483491 0.151642570726316 0
3912 0.4688284073705853 0.3498316351414506 0
3913 0.3307404659808427 0.3317268054248625 0
3914 0.4204801676336507 0.02250819283068083 0
3915 0.5476173902763699 0.2100687762770001 0
3916 0.5483973050285328 0.2909036223095513 0
3917 0.3616206272133999 0.1051259451235203 0
3918 0.1152873830264647 0.165207882178337 0
3919 0.5880185023162962 0.1951732044669574 0
3920 0.1940735009945231 0.1949567362862825 0
3921 0.5312971816100095 0.3527289897339972 0
3922 0.5868418381244188 0.300770725935844 0
3923 0.8350458776299328 0.2935612332669393 0
3924 0.1440014205227045 0.1437347383986808 0
3925 0.08601370419506882 0.2663523602196409 0
3926 0.07277228499156331 0.2663022347040219 0
3927 0.7512960112450038 0.02766143122911726 0
3928 0.1169196057998138 0.2384244944264226 0
3929 0.3472469750092875 0.4679738892969392 0
3930 0.6484937361272882 0.4727844529192375 0
3931 0.5579565262092789 0.0307589880960665 0
3932 0.6320915752571392 0.09393536951244234 0
3933 0.8291078268820571 0.2495717518630265 0
3934 0.4664200233841601 0.03669610820473837 0
3935 0.8224380695394482 0.2734213857861891 0
3936 0.464979177160805 0.4665599709440048 0
3937 0.1026499172398551 0.2857882229941327 0
3938 0.1197022784118646 0.2859172105878051 0
3939 0.433541250725017 0.4902027933504761 0
3940 0.2446939726202637 0.3384794912640222 0
3941 0.1501280299590409 0.1807070667531568 0
3942 0.7696798146810127 0.392118173437483 0
3943 0.2507466448737324 0.3337438501125502 0
3944 0.2371591118803378 0.06072223849457383 0
3945 0.93412549661654 0.2139728310423807 0
3946 0.4232311713471837 0.2223236491379056 0
3947 0.4236006704644592 0.2788788230963906 0
3948 0.1765759243686183 0.3839025737435471 0
3949 0.5756571622939851 0.2055910641863512 0
3950 0.5756590237963466 0.2913157094631661 0
3951 0.6167692839310665 0.3296964477995861 0
3952 0.6188382002548858 0.164632130713544 0
3953 0.8938751890102872 0.1935523284834298 0
3954 0.9074073602447257 0.2276914404315077 0
3955 0.1592683124926523 0.3045071933343829 0
3956 0.869427560806839 0.1179011793150499 0
3957 0.6314978344462696 0.4068128232393941 0
3958 0.7959955956543453 0.4261350605748163 0
3959 0.2084477725812902 0.2345872694818783 0
3960 0.2480585653262072 0.05795509754005013 0
3961 0.3657436248355264 0.3700393390607191 0
3962 0.1085702082492612 0.2959873466592801 0
3963 0.6916986967264338 0.3290623184464959 0
3964 0.8278222948646001 0.279520327940162 0
3965 0.7764269220197065 0.1294689078794253 0
3966 0.8309903346331277 0.2411537562554141 0
3967 0.3621131363260116 0.03884427805038878 0
3968 0.3806220843368784 0.4812330102861503 0
3969 0.3353141771906588 0.421512701632067 0
3970 0.1942076016346149 0.3156601126876752 0
3971 0.8027701719492937 0.2448540065127363 0
3972 0.8436076299429093 0.2795879734509508 0
3973 0.7317758845727589 0.491313260064737 0
3974 0.8818693647445371 0.1935003935539846 0
3975 0.6886555181667902 0.4419380161758562 0
3976 0.1001665959145564 0.3001600954827954 0
3977 0.5827402864613105 0.4154735272013009 0
3978 0.6903119134828384 0.2756690525014323 0
3979 0.8191678265436541 0.3132368047435212 0
3980 0.9027278021003178 0.2878664416987897 0
3981 0.1534172156977422 0.3303018214336947 0
3982 0.6601041343922193 0.377128663628471 0
3983 0.9388143532661262 0.2087515730288422 0
3984 0.2109064315826565 0.1868278543612217 0
3985 0.6885583095946046 0.1863160043540483 0
3986 0.2055593061017169 0.1839777815202489 0
3987 0.8150369186100603 0.1419894036424149 0
3988 0.2432955210570142 0.06509567614164306 0
3989 0.3927132608808961 0.06993909144541324 0
3990 0.4340778289471244 0.157909532771103 0
3991 0.437317267651574 0.3449394691003058 0
3992 0.8602177594615685 0.2567979647879514 0
3993 0.4842378807424037 0.2526391465402848 0
3994 0.2123419077830928 0.08814826482702458 0
3995 0.8385382733690825 0.3138177382457791 0
3996 0.2547414494045519 0.3413752614990928 0
3997 0.2309586254837432 0.09508444627633238 0
3998 0.1293461156356542 0.2125476757263107 0
3999 0.1459476661865908 0.3116833593905373 0
4000 0.5305731915797669 0.2391818742319214 0
4001 0.5344800353164193 0.2575538071611878 0
4002 0.8708128534664451 0.2393758976447633 0
4003 0.2929756756933358 0.09389414602080935 0
4004 0.6057138230147384 0.355704244321727 0
4005 0.8942293796506734 0.2531752665108079 0
4006 0.73856272916419 0.2646117307344529 0
4007 0.1910603910768485 0.1688017700718436 0
4008 0.2100211145993578 0.1778192649709659 0
4009 0.5912720731425494 0.4570687988647005 0
4010 0.3650869219509021 0.4608423021110928 0
4011 0.8871750645240045 0.2031343945412933 0
4012 0.5727952478506073 0.2294799377470752 0
4013 0.5657033823903069 0.2709228611402927 0
4014 0.8513346979296002 0.115987675078045 0
4015 0.1184479275434924 0.2913501057950115 0
4016 0.3425790441433711 0.2553637823816445 0
4017 0.7634008402779235 0.03764606055282466 0
4018 0.6821891373584592 0.1038992641596856 0
4019 0.09302192375204429 0.1441837214661559 0
4020 0.1892417906934185 0.3802900820467625 0
4021 0.4393980639573575 0.008586122657372783 0
4022 0.2711435028965481 0.03393835752745522 0
4023 0.2555672800247159 0.4106181815378389 0
4024 0.7143048965238138 0.2095764854695776 0
4025 0.2917412440875405 0.2115017540569333 0
4026 0.8005648664401183 0.1378641845632708 0
4027 0.9044901241197391 0.2411125876699307 0
4028 0.7764645431583641 0.2970002486661665 0
4029 0.7311539389296629 0.4394652640036859 0
4030 0.08844490113180302 0.156242634811039 0
4031 0.7847761721913903 0.4110209676693521 0
4032 0.7415197318933406 0.2879162506859322 0
4033 0.7533356225409251 0.4542623841476932 0
4034 0.3648949173185205 0.1255453604956256 0
4035 0.2965572641659953 0.3275114902130592 0
4036 0.1130250475106146 0.1457816748822931 0
4037 0.7399899030277871 0.2171420254730462 0
4038 0.9533170646959711 0.2306238124962096 0
4039 0.8582802906784872 0.303760101591516 0
4040 0.6654610528654646 0.2230083121475373 0
4041 0.8061075863095034 0.448376809694231 0
4042 0.01066296411752919 0.2102116048827232 0
4043 0.5900706521347854 0.18890060059915 0
4044 0.8093509663910646 0.2558298045564543 0
4045 0.5893743261077293 0.3098147470033044 0
4046 0.3175148905327453 0.3265014215227619 0
4047 0.3547565639299625 0.4582196099769348 0
4048 0.2885549158424872 0.181920004772592 0
4049 0.8603384240944243 0.1087497036602203 0
4050 0.8119870420950125 0.247474793015534 0
4051 0.3468626727572321 0.3574081884094006 0
4052 0.8490325149492695 0.1926259894800606 0
4053 0.6032966333445026 0.06349072136882998 0
4054 0.6813730426355527 0.4074421325703666 0
4055 0.03355658450436277 0.2776075479063819 0
4056 0.149705420912103 0.1606595021783456 0
4057 0.3127049383287019 0.2105886858069233 0
4058 0.6778935535684516 0.1126454432610059 0
4059 0.7853672167924539 0.1245409737386941 0
4060 0.1632340670847113 0.1618071496155477 0
4061 0.2022055486545897 0.3340478628829781 0
4062 0.7440138211346552 0.2252245573940004 0
4063 0.7453627278576076 0.08304283587332742 0
4064 0.6959462264872259 0.342140663234401 0
4065 0.5777804576079249 0.3479610823847448 0
4066 0.5437411986440061 0.1458018992509225 0
4067 0.3017259893144363 0.3783316870720554 0
4068 0.814692925584786 0.2174373322362848 0
4069 0.8726272656470288 0.2770235731838642 0
4070 0.8313920711861926 0.233234459690213 0
4071 0.6847046766730616 0.3599864678159855 0
4072 0.1472380124461244 0.3394335721289575 0
4073 0.4376679522358454 0.03619391825755279 0
4074 0.4336697559505785 0.4614992896414155 0
4075 0.2361236727136106 0.07882720709626269 0
4076 0.7124495548310118 0.2792542688523352 0
4077 0.1648111024379604 0.2612158257160421 0
4078 0.4752902969444779 0.4646381752734688 0
4079 0.4328611759433679 0.1761186437334003 0
4080 0.4355087071716747 0.3262073782917869 0
4081 0.7531773551531971 0.03483154462239026 0
4082 0.2219589946894443 0.2921760907246526 0
4083 0.4395023435139849 0.2033753457964486 0
4084 0.437476562515528 0.2977566286591877 0
4085 0.1574335981031038 0.1945151138356774 0
4086 0.2614618062107415 0.3142482239314043 0
4087 0.3248148697114611 0.422598057157242 0
4088 0.4408539395305366 0.19469445849867 0
4089 0.4393664238454352 0.3070908352797644 0
4090 0.1976090535903857 0.4767120120686502 0
4091 0.439901037783014 0.01690484427561958 0
4092 0.4027509459965984 0.3855065839780566 0
4093 0.4069544273393955 0.1109506961366319 0
4094 0.1930963384352707 0.1311930744184742 0
4095 0.4756953718895187 0.02825870533116243 0
4096 0.1516257881686508 0.3087671043430125 0
4097 0.1515077235112859 0.370522837121592 0
4098 0.1141335666417186 0.1271070172776158 0
4099 0.1377725126518987 0.1715638669539299 0
4100 0.5605424576081028 0.0997171084552079 0
4101 0.571129586714634 0.1201913663919068 0
4102 0.2074511933450154 0.3151042976618277 0
4103 0.7963334852926925 0.4428544868845879 0
4104 0.2568581501757932 0.3782780833513603 0
4105 0.008227701796442881 0.09831895203998588 0
4106 0.9665973565319919 0.1193619911891439 0
4107 0.3327371453946156 0.4923701704305025 0
4108 0.5843597638490684 0.1389699379843731 0
4109 0.6425214309350794 0.03233891802077153 0
4110 0.5575746215458962 0.4169699315012952 0
4111 0.009500884992289205 0.1495791546716359 0
4112 0.4335766870087852 0.1287891199039346 0
4113 0.4343746122593029 0.3716360591120904 0
4114 0.5415750106011361 0.09301558099521071 0
4115 0.8372867953513243 0.3027095676888515 0
4116 0.9441997538656298 0.1919573871874805 0
4117 0.4786470769811753 0.05659903018884976 0
4118 0.6882722797709926 0.1193406796827785 0
4119 0.8642185460120276 0.1947641926996171 0
4120 0.4783528317903749 0.4420300504258558 0
4121 0.203312058730219 0.2866611192452249 0
4122 0.6561658008456878 0.2783822634365558 0
4123 0.6842018597294056 0.2665644921678577 0
4124 0.7181967769637629 0.4675359389314063 0
4125 0.1201768102659861 0.1424032067518124 0
4126 0.8603567095433841 0.1025547990448526 0
4127 0.8877647741665117 0.2161908972281705 0
4128 0.4888789130525383 0.4240519875519449 0
4129 0.8474096259351917 0.2479182888298569 0
4130 0.3404329112520491 0.2429280285258826 0
4131 0.4907154046804914 0.06873000112545219 0
4132 0.1715007109475607 0.1002477787237224 0
4133 0.4507043413348264 0.185740663711356 0
4134 0.4500992558988418 0.3144091419627955 0
4135 0.841230630517216 0.2178875966645823 0
4136 0.871868878091741 0.3191725620851655 0
4137 0.2799776246742761 0.252309839307263 0
4138 0.8127812984078719 0.4389715452504128 0
4139 0.2196321716060314 0.3158281783152908 0
4140 0.1003975990893024 0.2405942519206538 0
4141 0.8771202120725531 0.2594661832390514 0
4142 0.1985330709451548 0.3660669708678794 0
4143 0.890452323374173 0.2728740176038726 0
4144 0.7043951725091446 0.1724553846177443 0
4145 0.8419777095146775 0.009602188637145636 0
4146 0.8683363506602848 0.2118614761489435 0
4147 0.3252335637855597 0.4841594271088743 0
4148 0.4560788814379211 0.402346877283666 0
4149 0.4556313215903677 0.09814131986314982 0
4150 0.8322883153079134 0.2166325581757387 0
4151 0.1964406782348555 0.1785309690888106 0
4152 0.1640139289343079 0.2407924275081842 0
4153 0.3242895117075952 0.2987671936240005 0
4154 0.1794262443236638 0.2760134002436472 0
4155 0.1377965481519105 0.2336344463354498 0
4156 0.41441255824159 0.3996303687436313 0
4157 0.2146645119519254 0.2224068736747622 0
4158 0.1019765071858033 0.2515395599343985 0
4159 0.2029558876628062 0.1038329377274031 0
4160 0.6433065940148348 0.1296368269818311 0
4161 0.3833485793324083 0.4522298596377553 0
4162 0.8158040762569734 0.2894285600205243 0
4163 0.8046077717474708 0.3105887027260236 0
4164 0.8488966405934225 0.3108096464334611 0
4165 0.06973009109138956 0.2382396223250018 0
4166 0.1522593421509636 0.3463329767090619 0
4167 0.8318248516141111 0.2672428667643366 0
4168 0.8106778703619141 0.4155536932714555 0
4169 0.2091776007340427 0.3021314620633404 0
4170 0.676834027687879 0.3419254296076958 0
4171 0.887936360160608 0.2817177008835093 0
4172 0.6942479124565277 0.2964881220738819 0
4173 0.230794837203347 0.1275338678975844 0
4174 0.04636431060086071 0.2893705296400285 0
4175 0.7069013721580754 0.202880890754022 0
4176 0.1229958630649488 0.1600711606897714 0
4177 0.2122519360159776 0.3768466282778897 0
4178 0.8500187880281469 0.263537335451163 0
4179 0.5982135518424856 0.1467835333634174 0
4180 0.7622316233653536 0.1574082590304204 0
4181 0.150172662065822 0.1713693503421362 0
4182 0.8092802187140012 0.1318774721394155 0
4183 0.3064049740928732 0.2067983069913112 0
4184 0.8300421569757878 0.1959217574982974 0
4185 0.9146792089841236 0.2769366488084153 0
4186 0.2752532589343583 0.1665682302690603 0
4187 0.5991760665105904 0.07786037314130036 0
4188 0.2887843464714227 0.373048737665907 0
4189 0.2247108697802115 0.0829333240525327 0
4190 0.8233612151276805 0.1375027812679006 0
4191 0.1356603576856497 0.1475955790062775 0
4192 0.01791091793394576 0.3354189522293815 0
4193 0.760994890043163 0.04914033303192831 0
4194 0.8804840230167143 0.3130165017633576 0
4195 0.6966354844689232 0.1327802078328335 0
4196 0.1719722855188036 0.2510743496647801 0
4197 0.7264386210474613 0.1885840011863753 0
4198 0.2775759164459069 0.4633579720836718 0
4199 0.8037435263742256 0.1863465020978775 0
4200 0.8696631853187307 0.3008425065213233 0
4201 0.09774186787993588 0.2728074778662166 0
4202 0.741504245354198 0.4376481634399033 0
4203 0.6484446739636371 0.2840535914661675 0
4204 0.648536075279177 0.2118710434636083 0
4205 0.8204001153809114 0.248637886099258 0
4206 0.2385939495678617 0.3330642319835583 0
4207 0.640807594181274 0.3694540869412678 0
4208 0.383322122080663 0.08819777299512688 0
4209 0.8375228682577479 0.2331056577104966 0
4210 0.8511569978729473 0.1256871624590496 0
4211 0.9386188317957782 0.197230795221754 0
4212 0.3287040521263877 0.1760994872800269 0
4213 0.366310335956119 0.1402501362479043 0
4214 0.8663642683847109 0.2030115695795041 0
4215 0.8374998965354175 0.2512236774531347 0
4216 0.6851436418069414 0.4839519720967051 0
4217 0.9238207484259791 0.1683557188274522 0
4218 0.3078812964652691 0.1298850305574029 0
4219 0.8280446058398108 0.3130668023303995 0
4220 0.2381529531893497 0.1184228193571832 0
4221 0.1473010918658416 0.1971434620507049 0
4222 0.8604833601115448 0.1174840251469414 0
4223 0.2521368368454786 0.4252766017922589 0
4224 0.7253367276945972 0.4326021263869758 0
4225 0.1235178052592747 0.1838444088660753 0
4226 0.2728632686709502 0.2145992594113896 0
4227 0.9137358575565125 0.2217315303538076 0
4228 0.5961415027366555 0.4208143164390555 0
4229 0.02125335781560859 0.3552729819510964 0
4230 0.1242186375050639 0.2249109453402365 0
4231 0.3903266184871574 0.1563211180215435 0
4232 0.9256246707223885 0.2746784144260436 0
4233 0.7614057983084753 0.01979872697088083 0
4234 0.7509500470164556 0.07214680064663277 0
4235 0.1268342420322222 0.2409621135366995 0
4236 0.9283979066423975 0.2883683572368569 0
4237 0.8433711099954212 0.1038507728005209 0
4238 0.04150031018771221 0.2665638187007056 0
4239 0.2867100189254877 0.4658436017576151 0
4240 0.1615297033996255 0.3339077316089663 0
4241 0.1309745601453126 0.225762922278801 0
4242 0.2733272043682883 0.35665096859864 0
4243 0.9099839593446953 0.203756187901598 0
4244 0.4782954960832092 0.2191529829147232 0
4245 0.6783633880804141 0.4372230488676447 0
4246 0.268693688581173 0.2245624124666249 0
4247 0.2836585921700341 0.3229412531975475 0
4248 0.6838442620158228 0.01592136689746889 0
4249 0.3907865696454669 0.3414070101821673 0
4250 0.2418890565409068 0.3160734077574408 0
4251 0.3506757851844184 0.01378212231321746 0
4252 0.7211483991273441 0.3714712126516399 0
4253 0.2564745706869889 0.04971115242519759 0
4254 0.4996254795099554 0.05168210478588727 0
4255 0.8219901155881323 0.4034336093644972 0
4256 0.7927291893102412 0.3777316890121566 0
4257 0.2265804330581449 0.113296849885886 0
4258 0.2296218629340773 0.2869988332260727 0
4259 0.6177781538424736 0.2405185843544561 0
4260 0.617372709104977 0.2600821988799866 0
4261 0.2008094249328192 0.2013001080478065 0
4262 0.6895981462532393 0.2142061893083181 0
4263 0.0315497312655934 0.2684139695270892 0
4264 0.3416177430918724 0.00898238388848048 0
4265 0.8112056197860037 0.3125055884149888 0
4266 0.1475737369182532 0.2248013317146952 0
4267 0.8458440731069952 0.3270832199972393 0
4268 0.1458473317492348 0.3519348736901033 0
4269 0.1465249014812745 0.3768862201390843 0
4270 0.1502841380944743 0.1396750067432253 0
4271 0.5381500926855467 0.3654013689847898 0
4272 0.2688280103863379 0.1801069873966602 0
4273 0.1570754895511492 0.2233017174449603 0
4274 0.2688770177316701 0.2803366776488863 0
4275 0.1326324509213763 0.3041180843873627 0
4276 0.2586907881822372 0.2092558692794128 0
4277 0.8073850129975088 0.3970954917857785 0
4278 0.9499962815825739 0.3032595876439296 0
4279 0.2150993329226318 0.3458916667348969 0
4280 0.4829963741333959 0.1084506475343667 0
4281 0.4817006771830679 0.3923935218486379 0
4282 0.5272177382832887 0.4305849134452963 0
4283 0.5348678158322685 0.1726760096754938 0
4284 0.1553253425147542 0.214199867484824 0
4285 0.5310085801219667 0.3232412761742139 0
4286 0.1965549280508966 0.2248574426406525 0
4287 0.885598764071088 0.2374611509851628 0
4288 0.7092508462727241 0.1853915854258703 0
4289 0.2587119652737867 0.04100807451731756 0
4290 0.8009787738405955 0.4034951752612935 0
4291 0.5486691660457972 0.06802106244085948 0
4292 0.5640149883784746 0.1703697202421533 0
4293 0.9048827112628665 0.2798274229883505 0
4294 0.7157381051408528 0.3427822602186839 0
4295 0.5435337539037185 0.3548176685903079 0
4296 0.6939594063208222 0.07659749944674182 0
4297 0.4892391402239561 0.3297339200172654 0
4298 0.4844841722860784 0.1711460534272196 0
4299 0.9367080046040879 0.2935682231689351 0
4300 0.6595584697976789 0.1762447383691014 0
4301 0.4223473236454124 0.1527707558569508 0
4302 0.03422034022447378 0.2478128395062963 0
4303 0.813487154433667 0.1627895277718356 0
4304 0.8289461992300962 0.1868343224521513 0
4305 0.426215280892059 0.3500909470918601 0
4306 0.7678554823731723 0.2994758652188778 0
4307 0.1879476603228875 0.1785874370953903 0
4308 0.7338455960387468 0.07667448423569601 0
4309 0.6856277652104583 0.4313820240507591 0
4310 0.5428506296374895 0.4179828115866674 0
4311 0.8212642797427218 0.1969236721671566 0
4312 0.1349525148408037 0.1388851892754251 0
4313 0.7618458333599726 0.3018333522453572 0
4314 0.8753662363939658 0.3061929248591762 0
4315 0.3367831111332776 0.2751281983422 0
4316 0.008308326508846187 0.4318565146777896 0
4317 0.8073621179416221 0.1458378322948304 0
4318 0.3881167198066394 0.4117878640491442 0
4319 0.8244218421189943 0.1546925083272439 0
4320 0.6506525981300786 0.305015560025884 0
4321 0.08215153144985556 0.2363961627851501 0
4322 0.9293998846022743 0.2273236075988284 0
4323 0.5648438268146746 0.3249460215546767 0
4324 0.3468822991980504 0.4596129572435186 0
4325 0.2651841797144129 0.124299517597904 0
4326 0.372661501251071 0.05425831786209293 0
4327 0.6829428015530815 0.4165268703185648 0
4328 0.5768352796074445 0.364708847563825 0
4329 0.3237093934640861 0.09095520002981355 0
4330 0.6069064750468111 0.3935031626657529 0
4331 0.8010780408769556 0.1468069105180535 0
4332 0.5706170399238773 0.1503072228501345 0
4333 0.4724850174758225 0.4479202807286081 0
4334 0.20501428160421 0.2426531829869681 0
4335 0.471550738403889 0.05134646060362124 0
4336 0.2553673993978128 0.3493553395015655 0
4337 0.9336649186625469 0.1793350288725043 0
4338 0.9215644735326902 0.2607373709818778 0
4339 0.7441011923224606 0.2657279647636067 0
4340 0.1275638724566652 0.3302545632088889 0
4341 0.2534763005298642 0.06594245623777371 0
4342 0.7661898088085579 0.2163440849626486 0
4343 0.2706034166787269 0.09803480105838543 0
4344 0.2720468986633551 0.1475337334127565 0
4345 0.7221989345619607 0.3912690757246237 0
4346 0.1029496108328855 0.1809355237433066 0
4347 0.8190290644610694 0.3050553512108774 0
4348 0.6945690506373812 0.4898940479743469 0
4349 0.2611920274843935 0.006362056803870177 0
4350 0.9838604101735063 0.1656351526977785 0
4351 0.8423536276910447 0.2086689012240497 0
4352 0.79803616779335 0.4139434349188872 0
4353 0.1845316190200745 0.0984309243341827 0
4354 0.8849180298937717 0.2906222869502515 0
4355 0.2443422065547317 0.327024013466435 0
4356 0.9543100854735812 0.2021634540031884 0
4357 0.8499912193895809 0.2000565154475704 0
4358 0.7603295374825643 0.0282033777601515 0
4359 0.4219480795041418 0.1405708942228726 0
4360 0.4242573893490859 0.3600173039789409 0
4361 0.7339002026151085 0.1101354498624133 0
4362 0.6608880543719473 0.3334928873977656 0
4363 0.3209151461224781 0.3129801298544352 0
4364 0.4431184265802062 0.09222815246268155 0
4365 0.8264152681951942 0.257946707781117 0
4366 0.1388099197228774 0.358283757769905 0
4367 0.4450634539385763 0.4052858862874345 0
4368 0.521215954913144 0.04104003779613265 0
4369 0.8623549718197865 0.239761179233301 0
4370 0.7539571296736357 0.08107518386177447 0
4371 0.03138499936566875 0.2428114240311688 0
4372 0.3933341150380976 0.3509926013416624 0
4373 0.2799162579349965 0.4809750416103555 0
4374 0.9476608685527495 0.2981781840569391 0
4375 0.3925982272610327 0.1458384777939194 0
4376 0.665772181456638 0.0634035250048606 0
4377 0.1730455433179125 0.286633582380772 0
4378 0.1218793538265341 0.2310537202825535 0
4379 0.3872307360194858 0.2508046736879743 0
4380 0.7940380612991843 0.3135762799663203 0
4381 0.7080179608432768 0.06732915888810194 0
4382 0.3920155273760597 0.2561540898573801 0
4383 0.9406492446290679 0.0156801827419294 0
4384 0.6878307277706731 0.337818375495426 0
4385 0.7521635271485144 0.3817283843488405 0
4386 0.08743946400254389 0.2299737618547469 0
4387 0.8177139153176282 0.1293376654222905 0
4388 0.1014929411508327 0.1407220757558012 0
4389 0.2403553258588027 0.1696025253590117 0
4390 0.9559769718922349 0.2775259062147296 0
4391 0.3346929245857752 0.08667910003413377 0
4392 0.5374420471914134 0.02003197066186392 0
4393 0.2259991711681677 0.06261510459659941 0
4394 0.6864299218710329 0.08464065568304405 0
4395 0.678086284202395 0.3958396621802215 0
4396 0.4335393511162846 0.4537535494160894 0
4397 0.8066228056463686 0.3062081052870635 0
4398 0.8564029506335148 0.2250524211186954 0
4399 0.7735060585823067 0.4814542526110452 0
4400 0.1554836128261605 0.2959793190036718 0
4401 0.2473544719424582 0.3479682589038451 0
4402 0.9484595322000556 0.1881781389936281 0
4403 0.838062336622638 0.2002606275304466 0
4404 0.9515502733469876 0.2103660889762009 0
4405 0.937199042137265 0.28534095549443 0
4406 0.2376382182995513 0.3211126287586291 0
4407 0.850576772260634 0.2085013532457455 0
4408 0.1875068381362686 0.1961459451468183 0
4409 0.1893618564065989 0.120894654874128 0
4410 0.7605554136712898 0.3921195761758441 0
4411 0.6413048440534291 0.4392570523856675 0
4412 0.2229098091924744 0.1578309140188781 0
4413 0.0621597939474581 0.2333914786264835 0
4414 0.8619146495377119 0.1872252190880774 0
4415 0.7328295294996872 0.1016304643114914 0
4416 0.1629119178555281 0.1732754566732336 0
4417 0.3308552949064177 0.3879813535483918 0
4418 0.8428642567299151 0.1890636522777055 0
4419 0.3382721334711213 0.4586220960303934 0
4420 0.2400508219190644 0.3442810220876151 0
4421 0.9375375737993495 0.12759418231137 0
4422 0.8024917661899272 0.3796964423486273 0
4423 0.7012484676065631 0.01815890690835033 0
4424 0.7511608815725059 0.4905142049142524 0
4425 0.6648163130002596 0.1303774429338484 0
4426 0.2053029314855868 0.3713794791159381 0
4427 0.7827135611070452 0.4812711492021366 0
4428 0.2731431050694564 0.480652415991889 0
4429 0.827152243168567 0.09166637635109907 0
4430 0.1007738969157933 0.1213581680667369 0
4431 0.9880897243544929 0.3890074920196373 0
4432 0.1446503739834404 0.2085483677403437 0
4433 0.874616965615037 0.1782755338997193 0
4434 0.9902027942367842 0.4579818449404038 0
4435 0.5936843572883428 0.3885775324232282 0
4436 0.7759970903398425 0.399005181110518 0
4437 0.8064742127177796 0.231826422523792 0
4438 0.2880669789122548 0.192627862622018 0
4439 0.2790923472718282 0.2625114375066309 0
4440 0.777860157647203 0.2663351956280254 0
4441 0.9517998369222653 0.2882459282397377 0
4442 0.1070980622688899 0.1297063104767162 0
4443 0.8397587679134816 0.164768873215711 0
4444 0.6163251686862756 0.0737692966952814 0
4445 0.1096203217044649 0.2397596433367749 0
4446 0.7530614279083089 0.3709122597207513 0
4447 0.1384531030542989 0.2179195009307685 0
4448 0.690873735802518 0.3951656330360645 0
4449 0.687569853541561 0.1727572555456484 0
4450 0.4125879141145197 0.3667650520864695 0
4451 0.4091554877149974 0.1332967361299201 0
4452 0.8347693509916991 0.03433334919657669 0
4453 0.6742975475192455 0.4179811111158658 0
4454 0.3446729780266662 0.4849975408480043 0
4455 0.1612638459466155 0.3844688286801923 0
4456 0.7311079376836288 0.308089241513967 0
4457 0.5313802678132736 0.4052489234322283 0
4458 0.1702864411427823 0.3897998550824604 0
4459 0.4654170304598753 0.2827645155750755 0
4460 0.4633946911311017 0.2135933675185185 0
4461 0.8777164207590713 0.2872047529580477 0
4462 0.8538805525611454 0.2397761567818554 0
4463 0.7275485001119916 0.01617741963761533 0
4464 0.7340728957754729 0.2073323970412741 0
4465 0.7018376711534331 0.3673788011965845 0
4466 0.2466033073573168 0.4632066299473568 0
4467 0.4306879980095839 0.3088272224854771 0
4468 0.4323827188014857 0.1950367823435869 0
4469 0.1066913824551411 0.169420838529759 0
4470 0.3466811456388776 0.05063406735773951 0
4471 0.6630169781368189 0.4389733841631866 0
4472 0.66927313986587 0.1969978247015556 0
4473 0.6204450586312122 0.1854404625789186 0
4474 0.09461344743708909 0.3038517338727545 0
4475 0.8110497831416524 0.1103964055081663 0
4476 0.6173009814421743 0.3102231591099262 0
4477 0.2228166710401001 0.1789448109791131 0
4478 0.9148757051153823 0.1835247950918211 0
4479 0.8376949310224878 0.1859236226083581 0
4480 0.4815591956915291 0.2079376421995675 0
4481 0.4783000033076175 0.2866460332209542 0
4482 0.3018979184110601 0.0615281286898053 0
4483 0.4277051804557344 0.4614347700214384 0
4484 0.2188594998683165 0.2560665807880789 0
4485 0.829834957531857 0.3290896462470477 0
4486 0.1392153906071051 0.4916870375160866 0
4487 0.5740717649917627 0.1751232094966244 0
4488 0.5797073861695323 0.01930184287293194 0
4489 0.3243641109141002 0.2151654926581771 0
4490 0.1808176768543713 0.08729668670315892 0
4491 0.1240626527491248 0.1488580719890478 0
4492 0.7626565247875312 0.2783928969392401 0
4493 0.9317854702733298 0.3019983085914786 0
4494 0.6060037947392718 0.1617182134644796 0
4495 0.1215453267589547 0.1231525767291625 0
4496 0.3597747704864051 0.1768361945117962 0
4497 0.3234962388958445 0.40587970079299 0
4498 0.3578173840640277 0.3206315151707058 0
4499 0.2851922387829148 0.1155944922653283 0
4500 0.1295411460838286 0.3115829319066494 0
4501 0.1612904017517814 0.1841083337218972 0
4502 0.5580536438613934 0.1305122702810212 0
4503 0.09179766464911818 0.04917223221366106 0
4504 0.04915242741594218 0.2379162349723543 0
4505 0.8394833819504944 0.2268685575132494 0
4506 0.3594431244578769 0.3997315582866625 0
4507 0.3550541642570214 0.1042365792551373 0
4508 0.6387063602976854 0.2021258941593096 0
4509 0.6425968844312497 0.3010865287704633 0
4510 0.6699967732498638 0.0120804613889918 0
4511 0.5126941648337184 0.02547886981926139 0
4512 0.4772833328154789 0.1501650792469323 0
4513 0.4743693918866191 0.3545847500944033 0
4514 0.1058976497124849 0.2352741038952453 0
4515 0.2766845812925234 0.4334610806092639 0
4516 0.5981831397317691 0.337619089221651 0
4517 0.05182565114436162 0.2658316227345203 0
4518 0.203051908662844 0.1296737628581285 0
4519 0.4584901745065186 0.1957426145862579 0
4520 0.4578199287743163 0.3039996699867417 0
4521 0.8396763231972851 0.1749612585474124 0
4522 0.8591218048069992 0.3270688569326541 0
4523 0.2342939548504069 0.02225477009142275 0
4524 0.2564423847163984 0.09430519892062722 0
4525 0.8633777971086655 0.009959913051343222 0
4526 0.6913343230187071 0.1085642534648273 0
4527 0.3818782267027343 0.304851618454812 0
4528 0.5914931948997908 0.06065404308920882 0
4529 0.4331124049692858 0.2246491657486663 0
4530 0.4337238443102361 0.278756022342498 0
4531 0.7740452224000088 0.08463300065094281 0
4532 0.383005168329332 0.1907325402183159 0
4533 0.3444179243458027 0.3986210064110355 0
4534 0.2756863520829284 0.2236804712216067 0
4535 0.1838476695698493 0.2900017919555183 0
4536 0.6713907750280791 0.1586535453332705 0
4537 0.1908489665668983 0.3339504764832564 0
4538 0.4329974210322133 0.3967334203555213 0
4539 0.4313089807560821 0.1032185797828293 0
4540 0.7904641714200928 0.3867792622189074 0
4541 0.7133465325398621 0.3499500277041345 0
4542 0.315802348758618 0.1162759788774638 0
4543 0.1643095243642091 0.3124819859534056 0
4544 0.4604415874184515 0.4752173874754015 0
4545 0.7827727493914755 0.1598500639269831 0
4546 0.008954436325516025 0.2313441171507014 0
4547 0.8209395169557673 0.1004071225892405 0
4548 0.5463156618513824 0.2314591859138926 0
4549 0.5477079627626434 0.2688681350043284 0
4550 0.1778480798577781 0.3244897787255766 0
4551 0.8506280971038535 0.3190910864345112 0
4552 0.8153025600178782 0.4204585218748573 0
4553 0.2960058907671298 0.1240000235879653 0
4554 0.9215283279128044 0.1779147873349337 0
4555 0.4615155854558702 0.02648269722841529 0
4556 0.589063452645729 0.4453613719267002 0
4557 0.5921652379798398 0.1194337016930082 0
4558 0.4144781962520241 0.411296263783499 0
4559 0.8369669800399291 0.3257624548538906 0
4560 0.5212010263327829 0.1826607395383358 0
4561 0.7636622713491594 0.3731437637644621 0
4562 0.3721074912747721 0.1053051604475365 0
4563 0.794021132980773 0.1700788008372667 0
4564 0.8792959445753671 0.2384037537576353 0
4565 0.5238158163232211 0.3177816190869066 0
4566 0.3221282304170189 0.3819754771078479 0
4567 0.08870748613744986 0.2413728621931004 0
4568 0.8206930682165581 0.3853216027460414 0
4569 0.5799454335828139 0.4447527460164148 0
4570 0.5739110686033299 0.3230021751544628 0
4571 0.07223193152223678 0.2939201029273828 0
4572 0.7993616985345101 0.396429497142376 0
4573 0.2163809007234435 0.2844836622310573 0
4574 0.1843346764542088 0.1854933553013983 0
4575 0.2627178836036107 0.13360033327342 0
4576 0.5704567972267473 0.1974084809501651 0
4577 0.05142991253642785 0.2478592403777416 0
4578 0.8600687618979133 0.1815633467395058 0
4579 0.215099968530244 0.2626113909021814 0
4580 0.2691250083951933 0.2603589123987025 0
4581 0.2138499326095508 0.1171088935334396 0
4582 0.8686762111482856 0.2578839837235857 0
4583 0.7682861024359514 0.06652353484629242 0
4584 0.8781565582400547 0.1857085527870098 0
4585 0.7947971743813672 0.2466048911806784 0
4586 0.5681951086814815 0.3053625513376161 0
4587 0.1838711486394685 0.06339382313396885 0
4588 0.2774595917233921 0.1285778755082952 0
4589 0.1373900171295151 0.1940479095035944 0
4590 0.7271028850310228 0.2823826438418072 0
4591 0.9912256319702434 0.2302067926361933 0
4592 0.8479361245852558 0.1770648342751046 0
4593 0.594825004474744 0.3697087582873124 0
4594 0.4265260766306742 0.3824991518498516 0
4595 0.4257368739084342 0.1170185537453911 0
4596 0.1342887422165891 0.3370138907340731 0
4597 0.2996137581943465 0.02962030998029202 0
4598 0.2277659004715218 0.1869570326077358 0
4599 0.7626382920146642 0.2899134494168272 0
4600 0.5265607407860028 0.3713200513617276 0
4601 0.1654577626497445 0.03867872367728931 0
4602 0.9788070302371698 0.2202747368529328 0
4603 0.2583641811755363 0.2859781850837567 0
4604 0.822032518185491 0.4391909848809508 0
4605 0.4365424533830645 0.04545972903280257 0
4606 0.8004219789044846 0.3325256456383841 0
4607 0.9264375208569914 0.2436973068507262 0
4608 0.9387999094582941 0.1754646019876161 0
4609 0.3506535141212546 0.07569370742038302 0
4610 0.6994843382265116 0.253983911234296 0
4611 0.8466910894605093 0.09488448272108964 0
4612 0.8018374319646046 0.12104935802483 0
4613 0.1890563740546639 0.0909591335843957 0
4614 0.3844542100102273 0.1718853987970641 0
4615 0.848510690799267 0.158574567294118 0
4616 0.07497428230015811 0.2314055364286071 0
4617 0.3986233151886893 0.2541080111727631 0
4618 0.879473516068001 0.0791792913861808 0
4619 0.8186920183497157 0.1789221415844682 0
4620 0.237831117545919 0.04878014149565067 0
4621 0.7183764760224599 0.3235322574461506 0
4622 0.2397824056977597 0.04057461579962614 0
4623 0.7363033286548982 0.325458855407503 0
4624 0.1802018792044864 0.4032331965868329 0
4625 0.8514117551137761 0.3267896491598438 0
4626 0.6695669959621338 0.1385013805731374 0
4627 0.1120395637506549 0.4141388730126768 0
4628 0.7154753653688164 0.203574851171857 0
4629 0.145171718325073 0.3185447961430901 0
4630 0.1910262860431065 0.4174442291662825 0
4631 0.6239268308523697 0.39639338878146 0
4632 0.9430680580500681 0.2149785564236464 0
4633 0.5316183255480743 0.4796760626087435 0
4634 0.624343322204431 0.1037811383443306 0
4635 0.1405130824018102 0.3829385235217364 0
4636 0.3843139925242387 0.3260220284653549 0
4637 0.8827106604582775 0.2703676982216078 0
4638 0.9941618120209298 0.4085647163674822 0
4639 0.4514903275922921 0.3314517579403161 0
4640 0.4516206527103199 0.1655080907232984 0
4641 0.2294220098664485 0.3055215528655969 0
4642 0.6119584306912915 0.4238515106711443 0
4643 0.650362304625853 0.373256623188729 0
4644 0.6847557938194258 0.09565926085243301 0
4645 0.007751244622860906 0.441312302743447 0
4646 0.7175823563886261 0.1694686696358694 0
4647 0.1564536585180529 0.4785227183235633 0
4648 0.6518787441865562 0.1260204192883611 0
4649 0.3563278897113331 0.4119335278172272 0
4650 0.2065423598032787 0.296464709572818 0
4651 0.009125098550667033 0.2513681053852355 0
4652 0.1996906665746153 0.1382784743175751 0
4653 0.537514975778535 0.09912400969891594 0
4654 0.3623682904769257 0.4548709664405862 0
4655 0.1919815052257552 0.2500325583623259 0
4656 0.9449800399467542 0.2305454231256862 0
4657 0.8549421285884569 0.2312931622195827 0
4658 0.1931179085246703 0.362130898249215 0
4659 0.07908262201115247 0.3014671485242109 0
4660 0.1918689248564658 0.4384146103889873 0
4661 0.1127631661875541 0.3160564466630538 0
4662 0.02064663425481321 0.3136290517342197 0
4663 0.1919278690272861 0.1474693862786995 0
4664 0.731435383519167 0.3972565369084214 0
4665 0.1530821412815764 0.1067916780370523 0
4666 0.2578020474901352 0.3650868701973352 0
4667 0.2216848811586931 0.4283841119293434 0
4668 0.5654049783726077 0.1364566780717009 0
4669 0.7616798288598733 0.3824692656305767 0
4670 0.01014305411333265 0.3168781816088254 0
4671 0.5685218559696066 0.1281047750907871 0
4672 0.2898452223751827 0.4543050432512511 0
4673 0.4780177713017237 0.1669350018498718 0
4674 0.4831171387261511 0.3377688081754568 0
4675 0.8534951060205798 0.1811701037479153 0
4676 0.5727327722848317 0.4332164433348688 0
4677 0.5488687709028363 0.3829609908881459 0
4678 0.5700450546064961 0.1649898581357355 0
4679 0.2021828375868112 0.3462138365919226 0
4680 0.9703312289661095 0.2345645859934114 0
4681 0.8742927738418849 0.378839255153388 0
4682 0.3767411424588411 0.4423033198773388 0
4683 0.8592879582040803 0.09231178696426326 0
4684 0.2784108320790305 0.1763940106417609 0
4685 0.3919656652148374 0.4259357999259915 0
4686 0.5361802428802219 0.2987945665581825 0
4687 0.5363271690096968 0.2013750686383886 0
4688 0.4450833331967122 0.3813914519677151 0
4689 0.4453190548466996 0.1195441370424471 0
4690 0.7016894580441198 0.3841597016373508 0
4691 0.7954163395700086 0.4365914644434705 0
4692 0.1899707660686266 0.3022417154879354 0
4693 0.2283118509641489 0.07476400063234429 0
4694 0.807027152744056 0.2200930203020972 0
4695 0.09150253908276769 0.1251152074084088 0
4696 0.2360121717372691 0.2496835200798761 0
4697 0.7215431450327728 0.07163551923025119 0
4698 0.7987188562780629 0.3071044878936411 0
4699 0.2196693592174486 0.1910020109608235 0
4700 0.0697104111668789 0.2836022628744142 0
4701 0.9288358943706294 0.3641023802539916 0
4702 0.8698215520633608 0.221001544951826 0
4703 0.681237614836311 0.2957391839145053 0
4704 0.9004210006719511 0.2673723543130311 0
4705 0.3515542540247465 0.4512888654848244 0
4706 0.1370317007429945 0.3155055777957899 0
4707 0.7509900583358291 0.3327963317406725 0
4708 0.889276794073343 0.2290116611541527 0
4709 0.7457149860282426 0.2789290621961923 0
4710 0.7535116089513581 0.2786220744044113 0
4711 0.7254118129893246 0.1739102181099642 0
4712 0.1998041605308426 0.4267139809367731 0
4713 0.3514888761665281 0.4337571619647221 0
4714 0.2209200167893275 0.3396647177700289 0
4715 0.723124181722955 0.3510803705449556 0
4716 0.05281303481757631 0.2823983695247078 0
4717 0.1582814264007025 0.2345409213067953 0
4718 0.2309948326040668 0.0560494058387133 0
4719 0.4944107021976394 0.1892596585167738 0
4720 0.4954956366321173 0.3112772828796254 0
4721 0.928164785045776 0.3105825781445267 0
4722 0.5669950688880572 0.09218938455185555 0
4723 0.5813397339906143 0.19579605150089 0
4724 0.27647001812377 0.2744130598544443 0
4725 0.6625869952875162 0.3669293184796191 0
4726 0.691978361340198 0.1260228711994905 0
4727 0.4720305721391314 0.2346586395279675 0
4728 0.4735643583717781 0.2686673035432603 0
4729 0.4293749197289331 0.03736453829862277 0
4730 0.843129295190038 0.2008660550689911 0
4731 0.1832740712962315 0.08026294198368331 0
4732 0.5776472492603411 0.3028103916839033 0
4733 0.8597426901568059 0.1561260964097877 0
4734 0.6801177175120627 0.06324034773512728 0
4735 0.9389620325682622 0.3144013103327999 0
4736 0.728996215053911 0.2712712231409138 0
4737 0.8817125176357419 0.1732305664262281 0
4738 0.2190168693551571 0.142024518220412 0
4739 0.1278351900512184 0.2070126476902756 0
4740 0.8286339679068844 0.3892838075269463 0
4741 0.2340125400599467 0.2958209766682994 0
4742 0.9887403751117967 0.1898831464516261 0
4743 0.8472732683414476 0.2295256996684713 0
4744 0.165884757699339 0.1918848503680872 0
4745 0.2277441760752568 0.4246044082120248 0
4746 0.1911213616730404 0.2052410820522759 0
4747 0.127591159582646 0.3430995653245939 0
4748 0.1363239839089527 0.1603038726550649 0
4749 0.7114609580497434 0.1419284661599309 0
4750 0.7332015681107039 0.4659972545645818 0
4751 0.1098327730345656 0.1573210386908457 0
4752 0.7219009070225108 0.2584420024134499 0
4753 0.6643709213055161 0.3237222288981869 0
4754 0.2115442091348587 0.1928001579733775 0
4755 0.5594181313245776 0.1920094600021875 0
4756 0.3507070611863036 0.1107278922471474 0
4757 0.1359265184674066 0.128822970818043 0
4758 0.9041131962210949 0.2043811373377931 0
4759 0.3260585563499186 0.322405831352459 0
4760 0.3659944161531688 0.08028795565716507 0
4761 0.5594141947662683 0.3085596991345915 0
4762 0.7886082637090471 0.2617219175362757 0
4763 0.4061324588765892 0.06727283515355197 0
4764 0.1992133841303937 0.1082758820993736 0
4765 0.2156791889165048 0.078200760364532 0
4766 0.2662594934413694 0.470069370424199 0
4767 0.1221610450868131 0.3085824245880194 0
4768 0.9843082527982053 0.1494245851816588 0
4769 0.9113540638427182 0.2368534016972471 0
4770 0.3487731810337267 0.06655344411748873 0
4771 0.3742103985592155 0.4011745575213072 0
4772 0.8349742079909167 0.1688043974436569 0
4773 0.7744262489047682 0.1697581729316197 0
4774 0.445563436505846 0.2865768967917626 0
4775 0.447146521548824 0.211061476534416 0
4776 0.7762634014127147 0.05489769338770471 0
4777 0.3459833465140511 0.1339445576578518 0
4778 0.89669044722978 0.4702554610269661 0
4779 0.5678100575743099 0.3333694378336888 0
4780 0.3581289900070869 0.4378640431436968 0
4781 0.780950345080447 0.07100133652501964 0
4782 0.9067409019077228 0.2510251436951531 0
4783 0.4289057337341229 0.1085887479631462 0
4784 0.4289504992890151 0.3884607946294651 0
4785 0.8098356729840204 0.195949717918691 0
4786 0.8144876156209427 0.3996105143985907 0
4787 0.1865239290835273 0.3105639567497313 0
4788 0.4149081756698129 0.2414933052629338 0
4789 0.4594638788121511 0.0584610427807951 0
4790 0.4193238403488736 0.2580223587989016 0
4791 0.4603058927710435 0.4436655807401676 0
4792 0.8570816716763308 0.1978907503030472 0
4793 0.9083879521783504 0.1776416894406551 0
4794 0.7356913366356433 0.1976838706301964 0
4795 0.2278252493003342 0.370327846555286 0
4796 0.9900847346987388 0.2509507219733672 0
4797 0.7760015104013566 0.1796676323409059 0
4798 0.4859203644819025 0.1611037005991492 0
4799 0.4888761913360146 0.3413232435019646 0
4800 0.3424003559289058 0.4926076596781541 0
4801 0.1745879571975166 0.3041732888110253 0
4802 0.1530442225698755 0.116953881743137 0
4803 0.395855961535219 0.1669130042271995 0
4804 0.6840316820418589 0.3460627166649823 0
4805 0.01906876735572083 0.2034987864000876 0
4806 0.8248608232150831 0.4599685946866144 0
4807 0.1169682196073503 0.2286844979425667 0
4808 0.01921133101794025 0.128549259159879 0
4809 0.2034570808115804 0.3592266721316698 0
4810 0.3991860906449698 0.4441857359450545 0
4811 0.6174165043111225 0.1965703894495012 0
4812 0.6379334743116033 0.3791780896778983 0
4813 0.8513080677956666 0.2193199455372434 0
4814 0.3956018554854959 0.3298465918370571 0
4815 0.1460228465937719 0.1831346449536905 0
4816 0.7078946708238175 0.2109414636414592 0
4817 0.1048017997915449 0.04689354411501721 0
4818 0.1676008762976894 0.4026564649725543 0
4819 0.5680420273774053 0.4514582852263336 0
4820 0.6390355382955149 0.120595899152771 0
4821 0.6121009409052834 0.3040915646660753 0
4822 0.369042690082674 0.009840924644433223 0
4823 0.2087324395467082 0.423519619168067 0
4824 0.6526234748003463 0.4453273698160364 0
4825 0.7882235929221685 0.3973444940455593 0
4826 0.8468982096111221 0.1862312258833662 0
4827 0.2189987398772973 0.2692779061548791 0
4828 0.7554243565429805 0.4147740563214617 0
4829 0.9676617513643954 0.2294761798097437 0
4830 0.2825042579663805 0.3861131478227948 0
4831 0.8786179262753558 0.3248856543437566 0
4832 0.8130607513022454 0.3398429506103987 0
4833 0.137434564055155 0.3971194010222496 0
4834 0.9197843749934811 0.3051448979554946 0
4835 0.1821333933545679 0.2074099109986626 0
4836 0.4189146456611492 0.09627525816594863 0
4837 0.6780464276298014 0.4483968189649367 0
4838 0.8953994477495773 0.2849258473044282 0
4839 0.3783980804843664 0.07436195659690949 0
4840 0.4046782995788461 0.1435222471738673 0
4841 0.4053260640097003 0.3577678016644229 0
4842 0.7941754382533461 0.1275383914709438 0
4843 0.7775546532446052 0.188297632112883 0
4844 0.2260889490052786 0.4500206865550842 0
4845 0.1811929896810632 0.3760802140345209 0
4846 0.9762009979123121 0.4455302653554255 0
4847 0.8296673441455591 0.08550323652443952 0
4848 0.6040527913405885 0.3758664841341915 0
4849 0.01899776487269899 0.1592755905056646 0
4850 0.8399023999458116 0.04541227311285687 0
4851 0.2474598925380907 0.1167243944687516 0
4852 0.1233191132537233 0.3562107037237247 0
4853 0.8313169982460552 0.4515181313039206 0
4854 0.1953193275428825 0.3829602051581149 0
4855 0.423349377128394 0.4015124806427884 0
4856 0.8218028600224318 0.1447021980185577 0
4857 0.1255574399939042 0.220188323419385 0
4858 0.3856679249354609 0.3810477450977298 0
4859 0.5785754946302655 0.4902448597575899 0
4860 0.7119860281647554 0.3931424538100425 0
4861 0.9693377001396049 0.2456471524269356 0
4862 0.9373694039478816 0.3055151944581399 0
4863 0.2013971150870841 0.3216459172826225 0
4864 0.8120801004162235 0.08963205532672873 0
4865 0.7950827771060568 0.1885941969768279 0
4866 0.1702940196082566 0.156361444827299 0
4867 0.06136113605894143 0.2823948258618287 0
4868 0.5115984417414449 0.1834607968826778 0
4869 0.1837657697616696 0.07220643324546357 0
4870 0.1146638740023387 0.3309936638370538 0
4871 0.06739640519877828 0.2262528288469994 0
4872 0.7522752687489752 0.286471831582828 0
4873 0.9173229173668982 0.3622499031321443 0
4874 0.5109047511208854 0.320132330152249 0
4875 0.475000366795783 0.3693590463020445 0
4876 0.4770223160263349 0.1368081047817142 0
4877 0.8222868008783795 0.2067718638996283 0
4878 0.9106928648507162 0.2982239601304301 0
4879 0.9678684899841702 0.259819348121744 0
4880 0.4827097729653481 0.2950086551887453 0
4881 0.7742744092610794 0.3209995261300891 0
4882 0.8534329333081807 0.2478737210828436 0
4883 0.7595166625139689 0.2237901450769114 0
4884 0.415236549941801 0.1818208113765364 0
4885 0.5207251014977533 0.02195218901117704 0
4886 0.4163574997987554 0.3184066464159792 0
4887 0.3373212057772744 0.2333521590094858 0
4888 0.8321860917962414 0.431638242090073 0
4889 0.9812819708595245 0.3744342846447266 0
4890 0.1826584716059727 0.4206219795376219 0
4891 0.1227819153479778 0.1742441343677546 0
4892 0.05819674637576085 0.2388576381812587 0
4893 0.2353830568127543 0.1613033923495503 0
4894 0.08385612745369923 0.3482797157169186 0
4895 0.8485126157032475 0.4633208783517538 0
4896 0.7209453227043433 0.1805144368014829 0
4897 0.7875670601360023 0.3579902492994277 0
4898 0.6737869561369938 0.3595998968108675 0
4899 0.2171893680272122 0.3699283027519262 0
4900 0.7852118311801751 0.1793786789701289 0
4901 0.8231284586017517 0.1665822525492382 0
4902 0.7749955820005466 0.1426535218602207 0
4903 0.397125214476635 0.1069638887870038 0
4904 0.8406254811235331 0.1441893558533571 0
4905 0.5767067063811634 0.1300410538002334 0
4906 0.8215662110437878 0.08287709787525302 0
4907 0.9901711660966952 0.1360056100094509 0
4908 0.1411278163689148 0.181044928211239 0
4909 0.219812101283976 0.1006682938337733 0
4910 0.3607161356519847 0.4926252945500543 0
4911 0.7464128803467938 0.3210214732488537 0
4912 0.8977841609127966 0.1980252017722234 0
4913 0.8343443860254052 0.3206361762270822 0
4914 0.7179658126605966 0.4395087884084314 0
4915 0.4471298075168583 0.05334178875473453 0
4916 0.611459415699555 0.1696043094729715 0
4917 0.3549609506669894 0.08634628485315272 0
4918 0.5349450190353996 0.4572420704392298 0
4919 0.1699692682738592 0.3799010321371979 0
4920 0.7998605758841737 0.07340829754508643 0
4921 0.4164985530066698 0.1140048783834444 0
4922 0.917188113599254 0.290318056897997 0
4923 0.832040958907142 0.1315293002485185 0
4924 0.4479840635772583 0.4434950962738192 0
4925 0.359711957946135 0.06845650614174931 0
4926 0.7818403002565099 0.1373457501706467 0
4927 0.2036991046946484 0.154416750113467 0
4928 0.08544338194625539 0.2181826157429539 0
4929 0.8657184073226475 0.4682076518434843 0
4930 0.6121149721152965 0.3215218812130801 0
4931 0.247798387388878 0.3911879815462475 0
4932 0.2656901405645831 0.3023663747159905 0
4933 0.4171723548722349 0.3875658323022442 0
4934 0.5321696491979345 0.3786607160521083 0
4935 0.7561281415305265 0.2982790139830876 0
4936 0.8147363500332034 0.07350091272367496 0
4937 0.9283388903099006 0.05118438164756067 0
4938 0.2540625194649243 0.009315164956793116 0
4939 0.6826498645213979 0.3722208321963362 0
4940 0.4021385107849066 0.1496794558996687 0
4941 0.2239680646043692 0.2325726948273577 0
4942 0.8181507251773608 0.455076375814214 0
4943 0.8625993735480523 0.2312596661328548 0
4944 0.9418440985356638 0.3018212183814686 0
4945 0.7534294373638959 0.2316499399663339 0
4946 0.4029728781471659 0.348323203904345 0
4947 0.7582073251631071 0.1025665126595271 0
4948 0.208501421460837 0.3400158481597319 0
4949 0.5593821261752504 0.3576038678445962 0
4950 0.814164878989914 0.2397893044188407 0
4951 0.4613418961848915 0.3313963398180551 0
4952 0.4607834676666771 0.1639442253626551 0
4953 0.1772790301955566 0.07902210956354469 0
4954 0.9630711918050497 0.251970102547047 0
4955 0.8017843310533165 0.4595315990220845 0
4956 0.2156149771379084 0.2296533493680735 0
4957 0.01721673762673702 0.105479002562793 0
4958 0.1688523052992063 0.2303828250039723 0
4959 0.7413029243081288 0.4153008804592485 0
4960 0.6761853206534587 0.1010622900102373 0
4961 0.22964145956178 0.2528405715735378 0
4962 0.4741673797829304 0.1909387107043324 0
4963 0.4749388539954451 0.3055912654831297 0
4964 0.7695032686396603 0.1899464246778289 0
4965 0.9242714109818694 0.296432295576053 0
4966 0.3522730825835987 0.1276805211061231 0
4967 0.2712320762360246 0.3914874167945407 0
4968 0.4894851955230608 0.05812789368818418 0
4969 0.120319371015004 0.32414508647316 0
4970 0.4912125563807183 0.4404266727409909 0
4971 0.2285105046660945 0.04339869852576297 0
4972 0.5022992897268681 0.1197938996250974 0
4973 0.5705456959745143 0.4138570477645234 0
4974 0.8889731187663902 0.1872914612112841 0
4975 0.4962472883581363 0.3736536357710654 0
4976 0.7481432284567735 0.1006773358967107 0
4977 0.227728188628004 0.3453322302735483 0
4978 0.1166291183561894 0.3438424748996387 0
4979 0.8707076803415648 0.1277074051921809 0
4980 0.2717109403023009 0.4897047908536137 0
4981 0.3483261440470326 0.2289885627837316 0
4982 0.1022061540640176 0.3335208605153194 0
4983 0.120502967801259 0.2156501858845585 0
4984 0.5281715219773373 0.1269311639631999 0
4985 0.2206618083007919 0.06953046926521699 0
4986 0.2313468035048813 0.3154660508621826 0
4987 0.9918931969235781 0.2722883831170886 0
4988 0.1732841695095031 0.1114082651044563 0
4989 0.169980898438402 0.1689598983760396 0
4990 0.8002818078891127 0.3883232709698207 0
4991 0.7563654402821832 0.09060977467158692 0
4992 0.3512088551389134 0.1994751905025803 0
4993 0.7657516681008366 0.3640029881565379 0
4994 0.8680936620669457 0.1832570440821373 0
4995 0.5289406971048073 0.01060938795985485 0
4996 0.390614532455859 0.3908967776810499 0
4997 0.6248024855495054 0.4398593301796653 0
4998 0.6278675478361211 0.0561230344603381 0
4999 0.2695049808917294 0.3100044559282715 0
5000 0.7610190499448247 0.4017475327172547 0
5001 0.7635122610123999 0.4804878061315175 0
5002 0.820273249634499 0.1499706462353029 0
5003 0.7732629230307145 0.374530494579441 0
5004 0.2460820930905381 0.4265108828473592 0
5005 0.3269121487281849 0.07107032216641208 0
5006 0.7122797725889427 0.1100486673153393 0
5007 0.09776871355597457 0.130466323036046 0
5008 0.5407434108778256 0.1665424385150004 0
5009 0.1477650275777324 0.3914480564473875 0
5010 0.008243964008174749 0.0791852681696127 0
5011 0.01017157782358525 0.3373310788735815 0
5012 0.1786228769549459 0.05253737565029824 0
5013 0.2089993081858953 0.1057542901693819 0
5014 0.5434179777027691 0.2019691985281686 0
5015 0.5436856838446643 0.2984097453376017 0
5016 0.9906685024505813 0.477398394169851 0
5017 0.5181402185810429 0.3809660722542281 0
5018 0.4964943083695381 0.3285254617212287 0
5019 0.4918171788736991 0.1699397629498962 0
5020 0.7379917603477225 0.4001526230969683 0
5021 0.2139273557643495 0.3092307644462435 0
5022 0.7487660311691148 0.1993248372280431 0
5023 0.8899385154161111 0.176862461919388 0
5024 0.01770955994137527 0.2419626856202954 0
5025 0.02257773876523116 0.343290860586337 0
5026 0.1573014278739111 0.3747461481890402 0
5027 0.7896553084133334 0.09546872246667477 0
5028 0.04790105622417239 0.1190177480194052 0
5029 0.009328500817437148 0.263708512366191 0
5030 0.7823863485734118 0.08257567011020137 0
5031 0.09864049464940428 0.1905909615227479 0
5032 0.7845367745995179 0.1965063146771711 0
5033 0.3517387839338316 0.4928924656034409 0
5034 0.2438799088437012 0.2914382783190949 0
5035 0.2705872883813687 0.2514960233834254 0
5036 0.6994466120318114 0.1086542396413558 0
5037 0.8377258395099465 0.15578120177642 0
5038 0.4991904552443012 0.3230264320646546 0
5039 0.4961506198432031 0.1750935363763472 0
5040 0.4754653213646246 0.4297286795519931 0
5041 0.5368624448449784 0.2401904314723187 0
5042 0.5402015626247908 0.2574301670745959 0
5043 0.4770473516924871 0.06907955627525088 0
5044 0.3797300394369851 0.4250257624458853 0
5045 0.5158792640920898 0.1207974077639245 0
5046 0.9035842768313853 0.1966370211995734 0
5047 0.2482781459329514 0.09763487659827574 0
5048 0.8252055867085548 0.39626897132246 0
5049 0.08904933753171979 0.213130611419403 0
5050 0.7865212564285761 0.06123223338100512 0
5051 0.2621620790434913 0.4389267696113238 0
5052 0.1754335617904745 0.1235163245342346 0
5053 0.7829632351776744 0.3760604356915734 0
5054 0.1327975381800409 0.3505795339264577 0
5055 0.02129176336432334 0.3654187082932287 0
5056 0.3401570932205233 0.1274808890781738 0
5057 0.914589899224775 0.4733553607479881 0
5058 0.8443990203281082 0.04021488203166906 0
5059 0.8415483117355318 0.1237748358443781 0
5060 0.4165920404277125 0.2499551195629989 0
5061 0.7940680895806804 0.3409918757244569 0
5062 0.234367485314361 0.03580414736433032 0
5063 0.4447227217617381 0.0665791660893279 0
5064 0.9525026518520142 0.1171227848382517 0
5065 0.8703426042772595 0.1708311125687307 0
5066 0.8608424762906697 0.1272008974747379 0
5067 0.5521974834522344 0.2505842233082475 0
5068 0.8865518104058897 0.2548759778172339 0
5069 0.9539683433462137 0.1913771190766622 0
5070 0.03133231142268727 0.3101485184045638 0
5071 0.9237781137104736 0.3194645891718208 0
5072 0.6634134948263621 0.1093899581591687 0
5073 0.412649493336389 0.3036772206037229 0
5074 0.4155013706439179 0.1963071800467462 0
5075 0.7507249946221657 0.3918618704065904 0
5076 0.011723491570504 0.1930655491437418 0
5077 0.2686547625613673 0.2893105320928657 0
5078 0.3582798063146921 0.4478159514875854 0
5079 0.2466182563315454 0.09151536441950857 0
5080 0.9894600993405363 0.2190788322329242 0
5081 0.6774588113571364 0.1342763284359693 0
5082 0.2613412549508768 0.489239934220317 0
5083 0.441336427181401 0.432999578900413 0
5084 0.9080586150095028 0.2897644686212624 0
5085 0.8113061454332408 0.02870036193994319 0
5086 0.8205283078032183 0.1877271468155247 0
5087 0.6668869211818457 0.08519923497808157 0
5088 0.7336049591660623 0.2932535116022556 0
5089 0.1263319665117449 0.2932107668540485 0
5090 0.1985152101339499 0.407955011791711 0
5091 0.08207822633296756 0.3890734633962955 0
5092 0.1609190562679206 0.4092394103700549 0
5093 0.7449534671411772 0.2714630534103956 0
5094 0.5763134585989252 0.1529863427708415 0
5095 0.221319047869393 0.05842379392480129 0
5096 0.01915637831026677 0.1389226609818323 0
5097 0.8077500172768385 0.3614513341142989 0
5098 0.4872274529926279 0.4155305124650168 0
5099 0.7735823259136012 0.1599063378054172 0
5100 0.8031149613042459 0.0868811111825729 0
5101 0.2183820938650414 0.03702019482736617 0
5102 0.4043769299819034 0.1693931122215157 0
5103 0.7892692301608069 0.07287686787031468 0
5104 0.2205620875040809 0.1501340602751034 0
5105 0.8330046562945117 0.3816559661843236 0
5106 0.04459378513397513 0.2837128085886495 0
5107 0.1225784353908162 0.01953281713130607 0
5108 0.8471906839324532 0.4373476867094055 0
5109 0.05943494625313291 0.2208810531392176 0
5110 0.7257978552657145 0.1966657790753129 0
5111 0.9817049084115989 0.449589326176609 0
5112 0.8355271594125995 0.1789383680030286 0
5113 0.6943366498968671 0.1453913376557687 0
5114 0.5767174740525204 0.0694235958966445 0
5115 0.2648182614772251 0.361972771021814 0
5116 0.3071980236929502 0.09133461275687183 0
5117 0.8741823092682429 0.1988480991916565 0
5118 0.1332693424335501 0.4688200362588201 0
5119 0.6878563675152564 0.2322257652161953 0
5120 0.9939885411175155 0.1997200109015966 0
5121 0.7999026674390151 0.3500312337202051 0
5122 0.238316578607636 0.2010714682917503 0
5123 0.2492477168468615 0.3077318833812445 0
5124 0.8571185112162301 0.1698590187831262 0
5125 0.1455994698401228 0.4817174148751329 0
5126 0.2131209062797149 0.06101619505750804 0
5127 0.8807262968327196 0.2990936560686149 0
5128 0.7632186008347281 0.1270168529464896 0
5129 0.1730883555846858 0.06209559219947627 0
5130 0.473865880417926 0.409394671461225 0
5131 0.4755604866745692 0.09137157743361928 0
5132 0.09787572517526408 0.1733745582848445 0
5133 0.2933791096936845 0.1607587229346912 0
5134 0.193625758874092 0.4860621240568198 0
5135 0.06296750819258239 0.3542152200422957 0
5136 0.68017915347136 0.3150160853013966 0
5137 0.02969558958347548 0.4709727810710495 0
5138 0.2318285402359605 0.458160405416108 0
5139 0.743080953936063 0.3808282340528633 0
5140 0.3395309806555458 0.3282558296888137 0
5141 0.7859933264117739 0.1093815768949247 0
5142 0.8154425877003743 0.1698514964868346 0
5143 0.5537957666999105 0.1072625342659612 0
5144 0.2692183740988157 0.07865453869532159 0
5145 0.1663328731992441 0.4151812537375627 0
5146 0.2328145972547819 0.2074646524092506 0
5147 0.7464792795982156 0.2844090569257732 0
5148 0.2689981517945325 0.3789539644188128 0
5149 0.3406539532243085 0.1726683490935833 0
5150 0.3154966966896259 0.303500945517604 0
5151 0.124150606693942 0.3846760380318704 0
5152 0.1764017443067643 0.1766652595372353 0
5153 0.159757874196259 0.112005467180419 0
5154 0.09777109660272595 0.4088921565844727 0
5155 0.2649330389916736 0.1698741059476469 0
5156 0.5963762910356324 0.1683957939876482 0
5157 0.3259911550019135 0.4322098757180232 0
5158 0.2007659679228115 0.2953829060182825 0
5159 0.7665192743486561 0.1807796769748136 0
5160 0.9722225462819065 0.2114890837758728 0
5161 0.6736952960758291 0.4897561855499924 0
5162 0.02053493653902789 0.1165206952965533 0
5163 0.7807194992868837 0.3850623759351205 0
5164 0.4691025270480196 0.2566381003211278 0
5165 0.4662485753799852 0.2429182881292495 0
5166 0.9903143877053671 0.3770826523199441 0
5167 0.917505193748258 0.1606699253286963 0
5168 0.8106293256242122 0.4051436624070256 0
5169 0.09284198379545361 0.1649659689763476 0
5170 0.8092852286848871 0.3901388612850916 0
5171 0.8124061059429948 0.1227501572250741 0
5172 0.6687019116727214 0.3045415727044289 0
5173 0.1191509687964476 0.2047110844231318 0
5174 0.760514479426837 0.1934969201029829 0
5175 0.2736202867144771 0.1899531995760363 0
5176 0.3496118972491168 0.2746294883140119 0
5177 0.865231327043424 0.1632939560171929 0
5178 0.0757550957562083 0.3376909052483261 0
5179 0.8461339490127372 0.1692118922613537 0
5180 0.8150291953811106 0.3733272222270728 0
5181 0.2812484493137 0.145565844776124 0
5182 0.1796190629505897 0.2609490858985394 0
5183 0.9555548508603516 0.3031501338791167 0
5184 0.3504238645820993 0.00803900845444438 0
5185 0.468827230109652 0.2933934138010722 0
5186 0.4690079572636244 0.2031666787433897 0
5187 0.03363608996349714 0.3201845703516727 0
5188 0.5631369112281647 0.3795657119914731 0
5189 0.6950736766199593 0.2845002505889362 0
5190 0.6767118676511695 0.2731940896890984 0
5191 0.270080982628822 0.2430468761594849 0
5192 0.775359788686021 0.3301931453826106 0
5193 0.7328501661313631 0.3781963904364762 0
5194 0.8371739943685447 0.1946459721448645 0
5195 0.1291421897886675 0.4033127825804749 0
5196 0.4405173974323558 0.08634405040868247 0
5197 0.2410063214517656 0.08962392000029185 0
5198 0.4463697647752477 0.1100407250756777 0
5199 0.4452620683346405 0.3927691154577928 0
5200 0.1595114871059372 0.05733379191765521 0
5201 0.4387688314618878 0.4099832834613228 0
5202 0.3969728784101114 0.360541024661429 0
5203 0.4006664361798652 0.1382671618386091 0
5204 0.8297512806371682 0.1616944426129008 0
5205 0.1562314411150382 0.1555197255574938 0
5206 0.1928001462074767 0.07273334074536805 0
5207 0.8300897824274495 0.009429130132745529 0
5208 0.1658092159823991 0.1062653363650786 0
5209 0.3270519259452205 0.1248098596556612 0
5210 0.0411894245108052 0.2959553315793223 0
5211 0.4698698885109338 0.1836131245045775 0
5212 0.4712385551882423 0.3168925060005171 0
5213 0.357375568376197 0.07755054968472189 0
5214 0.2002583498900288 0.3061755065689055 0
5215 0.6409905970240357 0.2893767134419143 0
5216 0.6377055662624638 0.2111268661057654 0
5217 0.150682731548734 0.4880798880924064 0
5218 0.5949131909121442 0.3280398176830884 0
5219 0.7781301971997325 0.3564638120191632 0
5220 0.8655659735627116 0.1494280189747441 0
5221 0.7771747538789843 0.03831941849165437 0
5222 0.1798962817448553 0.006478242363907428 0
5223 0.1548387243538593 0.01828470519307502 0
5224 0.40355381880862 0.4177886564361064 0
5225 0.4415758485579524 0.1855169569631436 0
5226 0.440248649467679 0.3175170056391955 0
5227 0.9616389749027587 0.2300264196047085 0
5228 0.3228441120110476 0.4921507960821292 0
5229 0.1458042974050216 0.2992625083128251 0
5230 0.1781275394493755 0.2280702470771621 0
5231 0.2787869729544476 0.4469678293579335 0
5232 0.6666181863271918 0.3472052862491792 0
5233 0.8417137176899399 0.4484950097456008 0
5234 0.2391538798244209 0.2127692477177377 0
5235 0.1906400810375837 0.243871702095716 0
5236 0.7951797648104599 0.3687817743653382 0
5237 0.5452485337321132 0.3331686562108568 0
5238 0.808083371241208 0.1397199022684055 0
5239 0.7350989621932081 0.1879457247272039 0
5240 0.2293571098603142 0.1412429613165636 0
5241 0.6008642026241154 0.316295527533354 0
5242 0.8287672146896047 0.1487153162834655 0
5243 0.0677159278010292 0.2891901636524866 0
5244 0.7685660848064471 0.1484007980758648 0
5245 0.7828719568875511 0.4743829630963052 0
5246 0.2597181820421425 0.06060977317495656 0
5247 0.2305051182277531 0.1538271891668659 0
5248 0.8312163879787299 0.1406380157415026 0
5249 0.130876816729856 0.377559921781047 0
5250 0.8607050695903646 0.1371872637542929 0
5251 0.1103489712527235 0.1202419524720182 0
5252 0.7734687778503918 0.2232013169519233 0
5253 0.899314305671199 0.3065866189510583 0
5254 0.1758950212650693 0.4802558840714759 0
5255 0.9716648131281499 0.08729470661750301 0
5256 0.6015057607448828 0.1832447148213401 0
5257 0.05293123362174052 0.289927910634174 0
5258 0.6077977542468133 0.132394225237586 0
5259 0.6961383492469387 0.3089521340873809 0
5260 0.1710103817588383 0.01074814004257458 0
5261 0.2092582815396701 0.442674531134946 0
5262 0.7991197968396816 0.1099046926006118 0
5263 0.2635830647014045 0.4792264956857332 0
5264 0.9920566784291577 0.2072970554778366 0
5265 0.6749715514681483 0.07947317754513639 0
5266 0.8705730203632747 0.2301077022100465 0
5267 0.2265814188884085 0.2997563742115803 0
5268 0.149574415113477 0.1496152817928385 0
5269 0.09976576660418586 0.3393970126208363 0
5270 0.5058177306901642 0.4419822345302923 0
5271 0.1512056743434658 0.06830210566855133 0
5272 0.1249486967825952 0.489225779056677 0
5273 0.8891487624973635 0.3058551323585522 0
5274 0.3841645191653288 0.1473330320237898 0
5275 0.8225626621516464 0.1210873087926007 0
5276 0.2105221881406008 0.09763931887059366 0
5277 0.762628481202828 0.0785123058542304 0
5278 0.7269067497573774 0.1429160560808295 0
5279 0.3538546967883625 0.04420009254064053 0
5280 0.8254159433194599 0.3379908467227377 0
5281 0.8183753211656217 0.159119492459984 0
5282 0.05295847987817957 0.3150794572246879 0
5283 0.81094471781024 0.1822101780577766 0
5284 0.7228526414771963 0.2266891400773274 0
5285 0.4955691016165583 0.06076590122552764 0
5286 0.7583635350927643 0.3159327901429546 0
5287 0.6831663807791348 0.4906428252173338 0
5288 0.009767007055028892 0.4900477555889638 0
5289 0.554114929263095 0.09231764059528864 0
5290 0.9731194535204903 0.04783716375676621 0
5291 0.4066322523543045 0.3643201273646217 0
5292 0.1392070271823639 0.1870869068630611 0
5293 0.5879690275269859 0.4385358280749408 0
5294 0.7164785989000307 0.1505576954385163 0
5295 0.6851571699540724 0.250843215421209 0
5296 0.06359811803594609 0.3427327560538253 0
5297 0.3875378188057971 0.136793057984351 0
5298 0.6652334393035387 0.4129944988274526 0
5299 0.5903114901846414 0.1454764958390439 0
5300 0.1447417603156977 0.1344376765199234 0
5301 0.8702428823414719 0.2486778114494047 0
5302 0.9807228502550274 0.2381392848093467 0
5303 0.3483018637984038 0.3484421319049412 0
5304 0.7038617047246782 0.1256217656685998 0
5305 0.03457076875387415 0.237895479505397 0
5306 0.05167863654631164 0.3063428813519646 0
5307 0.09288117463914133 0.2820969789945186 0
5308 0.8967019791995167 0.2047815119311958 0
5309 0.009747172584486603 0.4108669765452834 0
5310 0.3815538999735439 0.3540962346837916 0
5311 0.822805079371303 0.06851525420172587 0
5312 0.1693816776116706 0.0894072852564219 0
5313 0.9826959991872004 0.1753695348194067 0
5314 0.3620331833581518 0.3639505233898115 0
5315 0.0946202106423104 0.01017458614314991 0
5316 0.3605253163841871 0.4870733755407712 0
5317 0.0590971014036638 0.08942988069421168 0
5318 0.100045144568129 0.2290740894099456 0
5319 0.3518878095821809 0.1558241113674878 0
5320 0.199689071018 0.008923874459463417 0
5321 0.9805316936002795 0.3823819369219094 0
5322 0.8099140563795021 0.2254304339983129 0
5323 0.1948711451416578 0.1884335939412499 0
5324 0.9259740276625961 0.04201395224433877 0
5325 0.04518175667444273 0.3286130008399015 0
5326 0.09038628032244622 0.3777126688342247 0
5327 0.4522749329275956 0.4122423675372826 0
5328 0.2200913004087533 0.327827054547628 0
5329 0.7795817234784346 0.3155713447848444 0
5330 0.4523972653568277 0.08727474987519432 0
5331 0.7982734775035562 0.4514001386195509 0
5332 0.118950293892335 0.363841669967135 0
5333 0.53872405260916 0.3079119063019694 0
5334 0.8118845740423938 0.3821466779706507 0
5335 0.007905826760066039 0.4502306972204268 0
5336 0.3125237400201603 0.0635426734619608 0
5337 0.1121498922532166 0.1959095197551918 0
5338 0.5382555945112838 0.1916047547516136 0
5339 0.1082628660381317 0.2225212482473059 0
5340 0.4782065947978281 0.4545474534081733 0
5341 0.9517210806789251 0.2700327379947934 0
5342 0.9004386003310309 0.1703129917862695 0
5343 0.9465726922559424 0.04479256558054989 0
5344 0.2501102195129415 0.2546503524952849 0
5345 0.2134500645434833 0.2124196685227345 0
5346 0.388340557710314 0.3655247581259306 0
5347 0.6030955754406949 0.1053512341980031 0
5348 0.7074267575390358 0.1942988657073906 0
5349 0.8880527857517312 0.394307672664227 0
5350 0.8668920414845136 0.372541139213765 0
5351 0.3620100669690188 0.09705787412480076 0
5352 0.3553283412538514 0.4285945479017632 0
5353 0.1571741814877177 0.1358964844001884 0
5354 0.3034510718113128 0.01045028908238701 0
5355 0.3915669283097271 0.02719236281576465 0
5356 0.6456737632409276 0.4303017727442604 0
5357 0.2883187116135445 0.01058142286593925 0
5358 0.3986037714120025 0.02612894774512902 0
5359 0.6335576565960175 0.4812039010069583 0
5360 0.6451737775934455 0.09333393783138842 0
5361 0.3298534929167408 0.242614332031153 0
5362 0.5557426190256254 0.4846011525479187 0
5363 0.6468484892457397 0.4111660357528532 0
5364 0.4030890250076523 0.01851732739254839 0
5365 0.3297933218516119 0.01168175978256775 0
5366 0.6412774450800798 0.4763104175121325 0
5367 0.3881190690201584 0.04741259742324406 0
5368 0.3098570884014072 0.2365162703906817 0
5369 0.6002427856019825 0.008258336704001314 0
5370 0.6363659072312381 0.2599355415691597 0
5371 0.6381681842997604 0.2428278621501863 0
5372 0.3905315731936203 0.2991014566561824 0
5373 0.3881633554661834 0.1998161195401213 0
5374 0.3805490672145887 0.1550977836904048 0
5375 0.4778171949600434 0.009846694237645113 0
5376 0.3002308821704069 0.2729505597770845 0
5377 0.3965922394130343 0.04331042946765831 0
5378 0.4021729691505958 0.4791280766295726 0
5379 0.3739394298034133 0.3389637546938255 0
5380 0.4926593882547103 0.4892872082669398 0
5381 0.3185003348855865 0.0539358702376571 0
5382 0.3722895378008111 0.1617298101055752 0
5383 0.4085034454182964 0.00622810024533197 0
5384 0.6097258404352342 0.007534319236623633 0
5385 0.312380643140795 0.25732693499439 0
5386 0.5117816679359162 0.2100862251696424 0
5387 0.5151550633273265 0.2897882485567395 0
5388 0.3171936291113822 0.2490128515568107 0
5389 0.2999388000173479 0.1412643846311272 0
5390 0.3143727876046222 0.01549573373204617 0
5391 0.3251997717133301 0.2321541700753416 0
5392 0.3082902012042545 0.4756372126789821 0
5393 0.6337686054549313 0.02948307079577562 0
5394 0.3615659230117871 0.2016228450684376 0
5395 0.6416687745173439 0.01023151956010336 0
5396 0.2537639611559476 0.4402668955932825 0
5397 0.5780430392080458 0.4746535480573664 0
5398 0.6322795561435806 0.08542223260230127 0
5399 0.5511589099448129 0.04389250298246659 0
5400 0.3006853250085513 0.4025754071099705 0
5401 0.4971191302085917 0.009793486249380919 0
5402 0.5688348137848683 0.4798918147245806 0
5403 0.8849602745129348 0.3211436591552018 0
5404 0.647208339232788 0.05521557402136507 0
5405 0.2984917763157819 0.4819435620102266 0
5406 0.2428597526067721 0.1964882287529876 0
5407 0.3004804117242617 0.2605071013601208 0
5408 0.6470985728328554 0.2460705167156942 0
5409 0.82052673701877 0.3535210346736445 0
5410 0.08438689611724126 0.1476726222041311 0
5411 0.3210972789515445 0.2628956512158238 0
5412 0.1366263786974545 0.482150309342695 0
5413 0.3199097897602866 0.3549818493597233 0
5414 0.6441060472984702 0.481551093294304 0
5415 0.3168158265260322 0.07307547742625176 0
5416 0.2982067652285679 0.1323972779818 0
5417 0.5187240227602399 0.1067568632617087 0
5418 0.5068777543453983 0.01010349754681826 0
5419 0.2403066344563465 0.4533226022411621 0
5420 0.6432830799914435 0.4480821416799521 0
5421 0.6533633996176774 0.4279393865505776 0
5422 0.652548002339297 0.4641699491801914 0
5423 0.4541824277710068 0.2435457255598317 0
5424 0.5229640895718771 0.3988128502157337 0
5425 0.3016654061108969 0.4759872142648357 0
5426 0.4105674820313847 0.02737122848999143 0
5427 0.6318762620722558 0.04533584974896152 0
5428 0.4050972173815636 0.03998546675380291 0
5429 0.6591397149555005 0.2415460744978855 0
5430 0.2989433437991467 0.412014889651095 0
5431 0.5188977690461648 0.2796237851557233 0
5432 0.5168104411078572 0.2279403202948096 0
5433 0.3062792312408116 0.4283008724153752 0
5434 0.5062340933779467 0.2143293618086924 0
5435 0.5058961488129279 0.2851459995448838 0
5436 0.6403164575418618 0.4329254863897514 0
5437 0.6398371070437364 0.08595401765818798 0
5438 0.3847421930109663 0.03873356505117338 0
5439 0.5113288700203229 0.07005712872164058 0
5440 0.6397909159895149 0.09353551081503131 0
5441 0.3887417600489242 0.1931551733333351 0
5442 0.9593881315324127 0.2650384369668868 0
5443 0.6392967391591443 0.4142322849152113 0
5444 0.3154681256221179 0.08101920359093812 0
5445 0.7620073385075807 0.4584818405820864 0
5446 0.4128131291593272 0.2231441726505966 0
5447 0.4135783049077707 0.27874219799428 0
5448 0.1856564057754282 0.3987486440719252 0
5449 0.6664812940407814 0.1508247326038078 0
5450 0.009714735552177488 0.169741095826991 0
5451 0.6266646113637514 0.3143580601692684 0
5452 0.605035831589598 0.4575900745909932 0
5453 0.6355875443050379 0.4595979416753441 0
5454 0.6375010194594653 0.4077853693804339 0
5455 0.6349021424961825 0.2816276866095833 0
5456 0.3751633873904238 0.1873255166835149 0
5457 0.3756593176445031 0.2074183824391863 0
5458 0.6297274431924024 0.2168997529565022 0
5459 0.6245623900531888 0.03909716989255439 0
5460 0.374324980794097 0.3103813450610458 0
5461 0.5334623274633408 0.4389004598740267 0
5462 0.6366639922654699 0.2517538427657459 0
5463 0.6154525899011658 0.2214048221044452 0
5464 0.6150800061731826 0.2790133382660119 0
5465 0.6507772697981893 0.4892235778450867 0
5466 0.5613258148982987 0.07102715979811505 0
5467 0.7508796380493154 0.4791622326852306 0
5468 0.6237435635879074 0.01847447183477072 0
5469 0.7798486852202714 0.4552297591332472 0
5470 0.6505118066987445 0.03726097610189682 0
5471 0.3224436251945433 0.02005090110590509 0
5472 0.6261804371201856 0.1785491576796032 0
5473 0.2941530405190248 0.4904712080772783 0
5474 0.5876594868213234 0.3649819694110705 0
5475 0.4732835626341091 0.3880585178152022 0
5476 0.4743061627637785 0.1130760699755663 0
5477 0.3281980633141901 0.06062238999131744 0
5478 0.2030454391486021 0.4445544366207148 0
5479 0.1168798767673877 0.4436759842106555 0
5480 0.6376133989444929 0.03938522093050433 0
5481 0.4872344897472049 0.4763753377336064 0
5482 0.5597125532206168 0.4769165368689959 0
5483 0.2989784052648287 0.2400785785843404 0
5484 0.2853360651206172 0.3129163351739133 0
5485 0.5875110784236006 0.4808188277496889 0
5486 0.3802714249994645 0.4907870471042638 0
5487 0.9936908513344768 0.04052078475652032 0
5488 0.8230110278554408 0.4297227810064428 0
5489 0.3332086919232713 0.430478863112634 0
5490 0.6254622579716406 0.4630002809621383 0
5491 0.7570887554293305 0.4677449382780874 0
5492 0.3208364984429343 0.2403117145530234 0
5493 0.7052793606433554 0.2405189737553472 0
5494 0.8415690592728984 0.333894731527725 0
5495 0.6032589238520375 0.02472811548693568 0
5496 0.3048712034785959 0.3872322507568627 0
5497 0.3213704027581625 0.3729081888618647 0
5498 0.3102986091783481 0.3506482959855528 0
5499 0.7294550446557231 0.008479448394142103 0
5500 0.43371658935108 0.1666625035499388 0
5501 0.4325737759338019 0.333865090531177 0
5502 0.4952668194222905 0.01922162333528591 0
5503 0.5025897155559403 0.3527614871711076 0
5504 0.2796766386361462 0.006292618210848789 0
5505 0.566129251078185 0.0456847653847469 0
5506 0.2736831061304009 0.2986626862432872 0
5507 0.5380730332030119 0.1200766628592994 0
5508 0.2417324259620646 0.01314221278897063 0
5509 0.556781598172308 0.04949501788245893 0
5510 0.4008782208569654 0.008049295114256838 0
5511 0.5328596382921207 0.07188969216278182 0
5512 0.2496761661907678 0.4343978266700909 0
5513 0.5254051608062061 0.0463653735599765 0
5514 0.5123002481330425 0.2479675856929488 0
5515 0.4162579832069346 0.01115646411673178 0
5516 0.7203436532282352 0.008185860000103599 0
5517 0.653821503554741 0.2941794453881271 0
5518 0.6464710981700739 0.4655821281807773 0
5519 0.2961923265229992 0.3138903549732631 0
5520 0.6400206916125047 0.07978721269238656 0
5521 0.7417533441681437 0.3027222841510153 0
5522 0.701884796726945 0.3743974721899762 0
5523 0.838231078707297 0.433531190344404 0
5524 0.6397390396152074 0.4889891755009678 0
5525 0.7171145100451365 0.3061621772872122 0
5526 0.5342991222788778 0.0451304523459329 0
5527 0.6686283018793963 0.1846008964597405 0
5528 0.4592347353964437 0.1543713798390981 0
5529 0.4610961929495571 0.3418336118121401 0
5530 0.60927741774289 0.4478988022052272 0
5531 0.08500516051317239 0.2073710762369357 0
5532 0.6410558358678198 0.1927738074854238 0
5533 0.3004226545828508 0.4322809787291316 0
5534 0.7787397217762618 0.1152776507778108 0
5535 0.5770354780650465 0.3583921345134667 0
5536 0.5420000540820121 0.4906009720435675 0
5537 0.3166404181803843 0.2261374338646595 0
5538 0.3025996467338596 0.2512973717408047 0
5539 0.6422429175138221 0.4227437226382008 0
5540 0.517305971972019 0.2135374701089819 0
5541 0.520209329646331 0.2861471819869523 0
5542 0.3134912759854989 0.3560916764415212 0
5543 0.3909510148204357 0.01857412735921277 0
5544 0.3657968701612769 0.3576508259992721 0
5545 0.5662880919342255 0.4899094281746241 0
5546 0.9797863863922564 0.02104294947040033 0
5547 0.3913495576301945 0.4804749168917495 0
5548 0.3360549633438051 0.2104269976141062 0
5549 0.4538716484957138 0.2753289772591363 0
5550 0.5022896510287366 0.4907391163462586 0
5551 0.6630072112562748 0.2568733902152106 0
5552 0.8674039102083123 0.3300418488266514 0
5553 0.3402091567230818 0.1999897704234044 0
5554 0.5976621938598512 0.2319012609015079 0
5555 0.5978670319004311 0.2678772573724141 0
5556 0.2332227486651309 0.0866491338756491 0
5557 0.4511743270409428 0.1561131341269497 0
5558 0.4496577112827924 0.3422565208966388 0
5559 0.5124651526758447 0.09878402611702165 0
5560 0.3015962315541318 0.3351616522968868 0
5561 0.7264158331285502 0.4176083741948973 0
5562 0.5399255273265043 0.4532570723485959 0
5563 0.5116252439433229 0.3929718112971888 0
5564 0.379382109860585 0.05154960347082992 0
5565 0.4962143704949037 0.4793482479477079 0
5566 0.490223420255103 0.469347589501119 0
5567 0.782899991306622 0.0900332676059951 0
5568 0.5574621441501877 0.2577711021736108 0
5569 0.5544315421122085 0.2434127775612513 0
5570 0.3318119705625037 0.1910634338701873 0
5571 0.176896501479855 0.3575748042334546 0
5572 0.397555343018008 0.1986559700522267 0
5573 0.5487995062797497 0.01027612839572834 0
5574 0.3952330270917642 0.3087224323744629 0
5575 0.4426985277867483 0.1478820596663824 0
5576 0.4437515343476955 0.353600357323307 0
5577 0.6503181117535895 0.4802211395747372 0
5578 0.2326446220708446 0.1947276524147723 0
5579 0.4593497878987491 0.1866959382441437 0
5580 0.4587307266869685 0.3125540335006104 0
5581 0.5595439016006767 0.06025974333456741 0
5582 0.5045350475266435 0.1055935404120589 0
5583 0.6740442866178575 0.301042547134597 0
5584 0.7811367942425794 0.1014631533056048 0
5585 0.07241737117977058 0.02426010020550299 0
5586 0.6526457957665077 0.01643891889989751 0
5587 0.6461354831857501 0.07679922854907602 0
5588 0.2792028080454018 0.01701103331504561 0
5589 0.1643716058586857 0.3465020309064804 0
5590 0.4026211728919988 0.0567773788249826 0
5591 0.4551575535179242 0.2266663886211272 0
5592 0.3036264489144702 0.4915172548740237 0
5593 0.7785637208863466 0.1940578691085122 0
5594 0.1191495914862721 0.3878775326751477 0
5595 0.1609967794851306 0.2030534136133244 0
5596 0.236899330978621 0.3866568885307484 0
5597 0.7731513441859694 0.2096595110928144 0
5598 0.5368297248735705 0.1358191603034584 0
5599 0.3014585371180877 0.1676445420746461 0
5600 0.6442036493203277 0.2539835593939569 0
5601 0.6630840526263188 0.3007037448227989 0
5602 0.3809151949236057 0.4071692361743294 0
5603 0.388219838416178 0.3332397423288688 0
5604 0.7045227066561826 0.291045666737212 0
5605 0.34388500318472 0.1918010505640986 0
5606 0.3285499247793981 0.4569387361548236 0
5607 0.2905014130132008 0.1433987599896181 0
5608 0.8070459885297665 0.4662662757484353 0
5609 0.6216952675247482 0.3004003518980926 0
5610 0.3729744380057859 0.4236831372733509 0
5611 0.9911717924040112 0.3663441961898918 0
5612 0.9469340359029653 0.2744244112838688 0
5613 0.3048165518346986 0.1210480168731485 0
5614 0.3879120565696306 0.1644214288326338 0
5615 0.4571579982110266 0.2946123896345873 0
5616 0.4586015862034133 0.2065948044484718 0
5617 0.2674106011290314 0.4318739461015425 0
5618 0.7524050255495993 0.3056169912633537 0
5619 0.5008494436255044 0.2803241810195848 0
5620 0.4984123771362135 0.2201730100733164 0
5621 0.7680237543259705 0.4488492476748018 0
5622 0.5890869049442715 0.238927465417679 0
5623 0.5894196549767331 0.2608060688734303 0
5624 0.261799667664247 0.10304375019742 0
5625 0.6698096040476222 0.246839454475516 0
5626 0.3346789617287893 0.3410714693631793 0
5627 0.5045029195580335 0.01907810868800213 0
5628 0.8318425835884695 0.1117134805530833 0
5629 0.5150659342239509 0.4014175800698349 0
5630 0.1731940793134159 0.4092479155623625 0
5631 0.6219315918468141 0.431422631553126 0
5632 0.8794510156956584 0.149580307352228 0
5633 0.3710786652024135 0.378307366771507 0
5634 0.9823276410410212 0.02916458102360097 0
5635 0.1969373929563784 0.3915862306910986 0
5636 0.5769878070698947 0.03848783524535936 0
5637 0.5060092430969232 0.09189151651371839 0
5638 0.5083768121141953 0.4051371272678851 0
5639 0.330750220908912 0.1005101578548454 0
5640 0.3379934599188411 0.1597493169203655 0
5641 0.2333929174392004 0.4849596621477185 0
5642 0.6519046647993343 0.0499293942412998 0
5643 0.9260111900436145 0.4672273132195983 0
5644 0.3335192036625501 0.201508087772694 0
5645 0.670434205086879 0.2353650167301799 0
5646 0.7517239398561195 0.1113549164517102 0
5647 0.7736936432420545 0.197296405271002 0
5648 0.6471962129670852 0.3144882502718179 0
5649 0.5291425438540075 0.4156478161179512 0
5650 0.9493803656545843 0.06989124355486298 0
5651 0.2907217404958274 0.478541900759874 0
5652 0.3961643367428018 0.226457249872896 0
5653 0.4852734223291237 0.3833807171278308 0
5654 0.6952300129230729 0.3646275162661367 0
5655 0.3102139929405502 0.1678900335694492 0
5656 0.4866300508517327 0.2662381451877565 0
5657 0.5189348745498106 0.07551983022599945 0
5658 0.3959430093541663 0.272444192341854 0
5659 0.650508619834499 0.2706607466124729 0
5660 0.8136556315818064 0.0811270877381617 0
5661 0.9620602523310552 0.1984308617099532 0
5662 0.2523406606774518 0.1223220638591172 0
5663 0.5309261545407584 0.4503273689143957 0
5664 0.4877102648637363 0.1170196603445763 0
5665 0.3295470824920258 0.1137552049850396 0
5666 0.4685128213232975 0.4430655293251823 0
5667 0.5252081044937002 0.2459672386261667 0
5668 0.5252656693622715 0.2582518806310195 0
5669 0.3399161261071674 0.04327955773715121 0
5670 0.2806941121302591 0.06584835862497997 0
5671 0.3096873489853752 0.2946413960266084 0
5672 0.3246764638403473 0.1958191582527885 0
5673 0.9947770401474282 0.2888630996099821 0
5674 0.4353098126979029 0.3527299824222222 0
5675 0.4333379961275015 0.149153698133795 0
5676 0.276801955469022 0.3065364349854193 0
5677 0.4679868249157681 0.05724540507798831 0
5678 0.390808088050116 0.49021076233716 0
5679 0.5414843567158296 0.3773592914626514 0
5680 0.5240836947900884 0.4531742670707002 0
5681 0.2275329027959179 0.4362810700659448 0
5682 0.3819371827620823 0.02979829733212999 0
5683 0.8134174424654184 0.4523052395571292 0
5684 0.5258464832047138 0.2208120898893779 0
5685 0.5273518517258754 0.2785197045077035 0
5686 0.1484488002044196 0.4003958653165409 0
5687 0.3836221129254731 0.4194750039144332 0
5688 0.61874805051017 0.007640374698677579 0
5689 0.636354432141059 0.3451653145422833 0
5690 0.361148018682236 0.3444821051199382 0
5691 0.6501302397394863 0.005925131864943956 0
5692 0.5125125534789836 0.4311266824434166 0
5693 0.407438266406124 0.4603809132480733 0
5694 0.6143706096483647 0.3533400422681599 0
5695 0.02904061662112041 0.3548768382636785 0
5696 0.6477593158964089 0.09849213656075383 0
5697 0.6881979966594018 0.2040235618318058 0
5698 0.07837518431375731 0.2000000024088961 0
5699 0.725840597813129 0.09501954021499848 0
5700 0.2168278280852175 0.2418640617260578 0
5701 0.08520689744084641 0.3298554110991781 0
5702 0.7884030251053764 0.3235923515898868 0
5703 0.2774861667905231 0.2328048841290243 0
5704 0.3105545238013875 0.1489130220343642 0
5705 0.2921020907377471 0.2822165879013371 0
5706 0.7956877090481226 0.200609993891944 0
5707 0.3659616200667212 0.1548855995846674 0
5708 0.07133635820688525 0.2064814850710815 0
5709 0.2829689258454429 0.02713913713177726 0
5710 0.2501951133569887 0.4479578255483213 0
5711 0.7681387335695393 0.4318135493350981 0
5712 0.03886654380529385 0.08949547567135269 0
5713 0.3094502700689158 0.363683980936408 0
5714 0.4014100916333698 0.4695431521946393 0
5715 0.475095860691403 0.247761470171057 0
5716 0.4439480404365017 0.257438962584307 0
5717 0.7093101382444595 0.3141122451088153 0
5718 0.7140120928314967 0.1581793436061208 0
5719 0.270118616486748 0.4522400825354702 0
5720 0.2914147576943605 0.02043332438551895 0
5721 0.5199903177928665 0.09068596908457816 0
5722 0.2160741031715479 0.3580817186993152 0
5723 0.4107991298467104 0.05761185553207887 0
5724 0.3091114732047423 0.1750723743476615 0
5725 0.4200624642522899 0.4311555815373101 0
5726 0.7009578406134817 0.008970468010731425 0
5727 0.8379219489352283 0.3624674866995742 0
5728 0.6065366746007478 0.4778551809382508 0
5729 0.1081716590349156 0.2086729423585224 0
5730 0.8061536141946064 0.3246233410497434 0
5731 0.7409105088567614 0.1730676903618579 0
5732 0.378436388277778 0.2210216077995715 0
5733 0.5224189505516812 0.4715331202727344 0
5734 0.3561786827172061 0.2544230920792759 0
5735 0.7029901867656602 0.2307078912228169 0
5736 0.3808276275288445 0.282810026749889 0
5737 0.6116626997697092 0.04768897194559378 0
5738 0.5232292362872361 0.2013295236676829 0
5739 0.5224588921661753 0.3001408505098364 0
5740 0.2868265143960938 0.1260684159370642 0
5741 0.008853363421911556 0.1081214036150161 0
5742 0.3944766317888006 0.3748817507997677 0
5743 0.446958209533655 0.2419031436730955 0
5744 0.8574365481817817 0.3337250733692603 0
5745 0.3399276731990378 0.05842024282311852 0
5746 0.4401072917909345 0.2686406155069435 0
5747 0.2183527498960035 0.4552312380643737 0
5748 0.3541188297492043 0.2414542266841575 0
5749 0.3154545437972397 0.09987134805183177 0
5750 0.06757462518596182 0.3300862874086197 0
5751 0.2285479549900624 0.01748692497534079 0
5752 0.715149285913663 0.2381188907145092 0
5753 0.2470167246008156 0.07472192954233099 0
5754 0.5464993644998868 0.2216273411032051 0
5755 0.5475851361301178 0.2787985603976126 0
5756 0.8213728368057058 0.03694827296519684 0
5757 0.6770656706986469 0.1926771014369773 0
5758 0.3233028280744005 0.08070305583332382 0
5759 0.9918184737766084 0.4924237800582971 0
5760 0.6622864332730167 0.2863852132881402 0
5761 0.2738664115837196 0.07309785346433856 0
5762 0.7582991467584387 0.36344889412784 0
5763 0.6352716989370444 0.1557969430158159 0
5764 0.5087165428557032 0.1482781319162651 0
5765 0.4594971959732109 0.4940077541328891 0
5766 0.2233150291077296 0.2216388519678964 0
5767 0.3079741662829086 0.4668940221207131 0
5768 0.5801785149228282 0.1042816403491835 0
5769 0.6790499659903677 0.1544358099740067 0
5770 0.5176457747218911 0.4095221558852518 0
5771 0.5743258198753403 0.04712942660948685 0
5772 0.2847748507884054 0.3044413450439291 0
5773 0.4568378270361762 0.008456186989673683 0
5774 0.2924229314417772 0.4377164793165184 0
5775 0.7928560706348544 0.08169777412664499 0
5776 0.28701614623483 0.2318910183060076 0
5777 0.15568940831826 0.4160882202974603 0
5778 0.665535055173466 0.3968958016321087 0
5779 0.6816459360937582 0.009308838069086046 0
5780 0.007609774276560717 0.2868615814144529 0
5781 0.5267936266517364 0.4437734939173831 0
5782 0.587282639576899 0.3958438803304136 0
5783 0.6536127962740665 0.2275819459969426 0
5784 0.4967963530401392 0.4039376674452487 0
5785 0.8175759033645008 0.3235556051163011 0
5786 0.2050636833327489 0.04712054645771289 0
5787 0.2914604599285324 0.2645908875727765 0
5788 0.6105779064912533 0.0147368181822903 0
5789 0.8419105208363876 0.1137152423732329 0
5790 0.1521908077981349 0.2620772924520463 0
5791 0.4696244075948601 0.1043072204527869 0
5792 0.4689073913811983 0.3965742028800804 0
5793 0.5521372047612959 0.1226449960421425 0
5794 0.6125623770858848 0.02195632621163094 0
5795 0.8983551764708224 0.3135381240010816 0
5796 0.687622030513659 0.3053461487837249 0
5797 0.6547375780896867 0.4344026858611668 0
5798 0.6394490430851879 0.06713530285121491 0
5799 0.3285416349595517 0.2532759235497693 0
5800 0.5188282152760193 0.144415836429574 0
5801 0.3066502316761652 0.3084542119189972 0
5802 0.3037742570661846 0.2290726400491885 0
5803 0.2121653383425085 0.4346531368505555 0
5804 0.510127274076143 0.2342770725305568 0
5805 0.5029196244669218 0.2633464471654598 0
5806 0.3474704713961586 0.4427410654964598 0
5807 0.2130417605622813 0.3913304941499298 0
5808 0.2422330427025479 0.4389484698340348 0
5809 0.5110826771357792 0.01933763102434208 0
5810 0.6793293516753671 0.2425729591458536 0
5811 0.8924154077997355 0.1462768641755446 0
5812 0.6159732780207763 0.1423717191484848 0
5813 0.4939479753952927 0.09194562196094722 0
5814 0.6290927998437561 0.4728370204753387 0
5815 0.3339340844435323 0.03491428959072677 0
5816 0.6221128214767077 0.2120745368406954 0
5817 0.6255526777143875 0.2889502008063902 0
5818 0.9431485510390957 0.05799936667155061 0
5819 0.5311002573724372 0.4900533494222015 0
5820 0.645738698898474 0.203257137596513 0
5821 0.3013003872070927 0.02124137770208546 0
5822 0.5043797647468262 0.2533286251398596 0
5823 0.2374961444000777 0.4920235131971451 0
5824 0.7017353541726799 0.4935542080186952 0
5825 0.8209783707549309 0.4480146279673753 0
5826 0.6127466772283162 0.4816377450972457 0
5827 0.764170463794874 0.1702806801976 0
5828 0.6574954743482631 0.008388020750613108 0
5829 0.5917948876822893 0.412015931190979 0
5830 0.7975438279027716 0.3594877659121304 0
5831 0.742994486533287 0.3112408378257892 0
5832 0.4425263759100453 0.1662909643428163 0
5833 0.4432422722126674 0.3295289582705242 0
5834 0.7000134437460419 0.2692007144046447 0
5835 0.1919088046917644 0.08216231595543856 0
5836 0.1996168409172553 0.06355991955623054 0
5837 0.0618095779816409 0.3122023851664214 0
5838 0.6060010428951054 0.03045503374563666 0
5839 0.6312165469523686 0.4929174471969235 0
5840 0.3851149452342935 0.2896304118015843 0
5841 0.3735591104262822 0.2835643350505234 0
5842 0.8133082018567261 0.4470576393453222 0
5843 0.7749184526909109 0.0643097060857909 0
5844 0.6471374403700113 0.02468129568958117 0
5845 0.4515692822887394 0.1757002955014762 0
5846 0.4514974403547062 0.3227411838659967 0
5847 0.2975082804637588 0.03533494152563177 0
5848 0.8088336280359991 0.4551207077468962 0
5849 0.6587838842530733 0.09143816660485175 0
5850 0.5192049638685047 0.4206335963176822 0
5851 0.1641340325159319 0.2118865784009448 0
5852 0.645511396350418 0.2638952072703263 0
5853 0.3957568163769461 0.2455963344301867 0
5854 0.530603335424733 0.1425146967639122 0
5855 0.5529942885735529 0.4739199362140325 0
5856 0.3244689485166188 0.4160025700186512 0
5857 0.6015618227643256 0.4299060972218373 0
5858 0.505403388449171 0.4821299758485271 0
5859 0.4932530619312423 0.08158057083656418 0
5860 0.4008659587443068 0.2624763054319429 0
5861 0.5299624375305104 0.05690190141738392 0
5862 0.8051021949817142 0.3708023302908119 0
5863 0.5975919183989714 0.4732918534942116 0
5864 0.03898081914153737 0.4050841613167812 0
5865 0.6046684640559058 0.2971636101608585 0
5866 0.5699044549516602 0.3921379129778221 0
5867 0.560576348772765 0.0448795719612991 0
5868 0.6055833970623576 0.2036809900963494 0
5869 0.5168406247100744 0.0612198120845916 0
5870 0.3788632373326147 0.09676363636776789 0
5871 0.8521465620274868 0.1477410212126197 0
5872 0.312124944078713 0.3176096286250268 0
5873 0.3689744509046666 0.07098984673905873 0
5874 0.4484981764924709 0.00796563752096208 0
5875 0.5522916036173353 0.05698809408860868 0
5876 0.7672250538039122 0.3186939695960037 0
5877 0.4050650663291869 0.0892177276341832 0
5878 0.5665956983024849 0.3711801831469445 0
5879 0.52083885520461 0.2360252235446904 0
5880 0.4937297917952572 0.2996945027032923 0
5881 0.4901328402072477 0.2031043514950151 0
5882 0.4131218132142239 0.09353508230693446 0
5883 0.1926599401679488 0.06362570375710562 0
5884 0.4769695315111561 0.01694198466111461 0
5885 0.7009535467141113 0.2214203907204889 0
5886 0.6506664428986771 0.2582332509055552 0
5887 0.5739913176308539 0.08536943711251463 0
5888 0.6275078443157269 0.2012158329353831 0
5889 0.1640056477522076 0.08569873539763828 0
5890 0.2332121877426803 0.2202575447484112 0
5891 0.2483491739748555 0.3013857905859822 0
5892 0.6278016045525715 0.2721513692858456 0
5893 0.640739891222866 0.2331568410763052 0
5894 0.6638431333829196 0.1631741592983943 0
5895 0.2884239734883296 0.3423791474929225 0
5896 0.4294165646284989 0.3414873039249501 0
5897 0.4275443383613269 0.1590626601689701 0
5898 0.7928549200097008 0.159093962512178 0
5899 0.7482025272313434 0.2936930285454085 0
5900 0.8942033961800742 0.4806018796409379 0
5901 0.6291645638703962 0.2288291440068787 0
5902 0.8091466896765485 0.07301549051400509 0
5903 0.2941208724473543 0.1178767394693004 0
5904 0.229302753624449 0.2129000156005115 0
5905 0.3589368904384658 0.2855032971473007 0
5906 0.2832555486541006 0.4878348105307376 0
5907 0.01598711185111689 0.09660130961688497 0
5908 0.3179079265747257 0.02494349847622041 0
5909 0.2266338760723663 0.1658699348034922 0
5910 0.1155006685586284 0.1853085658861382 0
5911 0.6990713412980059 0.2124226282709612 0
5912 0.8122239290099838 0.2081771922763785 0
5913 0.3147776193967364 0.390003606572768 0
5914 0.6354314462679651 0.2196329375420149 0
5915 0.5627397177094702 0.469056191685606 0
5916 0.1537894065522954 0.09697632259701154 0
5917 0.753467321111313 0.1718732500789668 0
5918 0.5721274705974839 0.2523620390461634 0
5919 0.3874482236713593 0.1250326915181783 0
5920 0.1316961135331701 0.4937992446520924 0
5921 0.1410495275102272 0.4724752354617938 0
5922 0.2441571308686352 0.216891496530627 0
5923 0.8850360184492617 0.144147632359103 0
5924 0.1869421064211752 0.2809235603007412 0
5925 0.6520097563542279 0.3999391751429227 0
5926 0.9205108470957747 0.06385182002920457 0
5927 0.5797563823696795 0.3943567843228643 0
5928 0.6001736990694228 0.4874209595222501 0
5929 0.3928319210782481 0.4466048207034343 0
5930 0.4609963341732695 0.1221830277368369 0
5931 0.4609637237761263 0.3792496310940319 0
5932 0.1214255693315413 0.3702356462878917 0
5933 0.6270418181936556 0.04970693129264329 0
5934 0.9238083000787987 0.07303328628492531 0
5935 0.1491378977333359 0.1115270425809166 0
5936 0.41742002017729 0.08625579207876175 0
5937 0.3905200957531452 0.009261410169674259 0
5938 0.3925954228693133 0.1163567324638289 0
5939 0.009564117341967202 0.1394144078283919 0
5940 0.6454021407729452 0.2948878331650607 0
5941 0.4983433264594233 0.2492834219849521 0
5942 0.0425059043659247 0.3979209299161705 0
5943 0.5254316977298463 0.4072977924054343 0
5944 0.6217842055725406 0.1513049523881361 0
5945 0.1195858068212983 0.1919433742888657 0
5946 0.7222814800379793 0.4911190507322073 0
5947 0.5148674353864211 0.2601921224421439 0
5948 0.7418004905178269 0.4841123049688352 0
5949 0.2861493151768333 0.3953645857911292 0
5950 0.4902201509998595 0.2438471485605647 0
5951 0.1310732935031083 0.3668880023091951 0
5952 0.6054091459439072 0.2780992401427417 0
5953 0.8180730469159628 0.3636336693822624 0
5954 0.6058616881125616 0.2222852478618908 0
5955 0.0772313298167336 0.1879512702221357 0
5956 0.4125131760702631 0.4890305665600391 0
5957 0.5287557019838726 0.232417503165059 0
5958 0.9775006567697736 0.03347120581526323 0
5959 0.3918228577285678 0.4616825921295028 0
5960 0.03550349923826841 0.3907055526393294 0
5961 0.7937584049540759 0.06744029003739603 0
5962 0.236109861178759 0.1825404392563956 0
5963 0.2056521248392106 0.3995209435438759 0
5964 0.8005306132849094 0.06082053350279408 0
5965 0.3189730526475305 0.2876067033084354 0
5966 0.6303677737688955 0.3050215166984324 0
5967 0.2306257325166311 0.4943327900961774 0
5968 0.4021370159583457 0.4333772597706118 0
5969 0.6823877443884634 0.1825492173846196 0
5970 0.5118974688917108 0.410440292409426 0
5971 0.4471931501730573 0.2960634130411212 0
5972 0.448353811247145 0.2043874290790685 0
5973 0.145412359276381 0.3649770957573596 0
5974 0.5333140576928115 0.3972178196882054 0
5975 0.3057044482897278 0.04867853364428682 0
5976 0.3627565727456291 0.211571371144878 0
5977 0.4077708120835637 0.04815865310217264 0
5978 0.5169289822062376 0.2706409336425157 0
5979 0.465164402775763 0.4056530101623724 0
5980 0.3087866768913972 0.27978500598609 0
5981 0.2303907827985165 0.4796779039206907 0
5982 0.2184835085294631 0.3972339759132682 0
5983 0.4658613462559922 0.09488576471726742 0
5984 0.5265709430228628 0.2687156777763793 0
5985 0.7748998601913436 0.2365112152928409 0
5986 0.009536407970052242 0.1596411327892507 0
5987 0.5591513324195967 0.4943454878831331 0
5988 0.5386394465812744 0.06196819007347394 0
5989 0.5041031849503243 0.2414166478081579 0
5990 0.4419261182706545 0.2294316549445928 0
5991 0.5219347500979842 0.05268635539546005 0
5992 0.4620505881749327 0.3513683034672151 0
5993 0.4576689112975154 0.1478384794827943 0
5994 0.656920123438707 0.2644236265498897 0
5995 0.1029420372218797 0.1996438752176264 0
5996 0.4705342334287914 0.3427814660500116 0
5997 0.4695592470972103 0.1615331329604713 0
5998 0.4723008587849277 0.1702574386917193 0
5999 0.4739060380791256 0.3310940098190174 0
6000 0.6083613448066485 0.1482150479269232 0
6001 0.2921756742945323 0.3822204612675027 0
6002 0.3026331299158031 0.2877358464304913 0
6003 0.6420814931324029 0.2592808472368172 0
6004 0.7430575083318597 0.1634206182693579 0
6005 0.7479127493068956 0.4631625559784549 0
6006 0.05212322118079112 0.2978867759079076 0
6007 0.3728434357836941 0.2290524380977365 0
6008 0.447245668190954 0.2216726177898742 0
6009 0.750640935677058 0.1613016690226575 0
6010 0.6116784276808036 0.4892609844012298 0
6011 0.511738753723086 0.4846127077002767 0
6012 0.9788939418183699 0.1047105056106043 0
6013 0.01754308610456449 0.2931333962238684 0
6014 0.1401051301952246 0.3717903120557255 0
6015 0.6236765240844303 0.488436560527209 0
6016 0.2524463050292617 0.4567982166469236 0
6017 0.1074201858688487 0.188224497210632 0
6018 0.06139761352158469 0.2898830014137093 0
6019 0.318052783136 0.008007841727670646 0
6020 0.746833465951686 0.1519957372430044 0
6021 0.5520879433469327 0.492338191521656 0
6022 0.3566260150765833 0.2910747724275643 0
6023 0.4525954252300148 0.2147760191385465 0
6024 0.5418817901086743 0.2608517329421865 0
6025 0.8549925596984359 0.1610581542979429 0
6026 0.9936438114104366 0.1293045184979123 0
6027 0.4504105673139469 0.234024048823906 0
6028 0.3501089747549825 0.2866359104057415 0
6029 0.8051337087815627 0.1725594514075474 0
6030 0.01910957740083731 0.1491804198043001 0
6031 0.1994390825219227 0.09629121069881116 0
6032 0.3527605442533634 0.2985463999793639 0
6033 0.05868801765444554 0.3061665053999739 0
6034 0.3108525893655734 0.005803732950334486 0
6035 0.1301062057591444 0.005299957851001523 0
6036 0.006347260405107988 0.2775982910011376 0
6037 0.004939147284744272 0.2707726747346951 0
6038 0.9916332756464037 0.3427473470569072 0
6039 0.9944992361302112 0.3489940159465745 0
6040 0.2696165112050364 0.7713036339792297 0
6041 0.3629381852073105 0.7495247063792599 0
6042 0.2817091150723377 0.7562756413323105 0
6043 0.2979782491796512 0.7473116864001758 0
6044 0.3062067398161412 0.7546559639415845 0
6045 0.3913714305227128 0.7520761068710672 0
6046 0.3273712752896738 0.7479420455887355 0
6047 0.2527086447794515 0.7401900597148875 0
6048 0.2490963959289545 0.6974976790881969 0
6049 0.1827458692351174 0.767652822102724 0
6050 0.4624980974878743 0.7507710560895941 0
6051 0.6400265828413596 0.7500730959029315 0
6052 0.6971764927950879 0.7470088873078128 0
6053 0.656077801089982 0.7498681968305054 0
6054 0.6073942767030061 0.7509195271698024 0
6055 0.624538183355517 0.750065785944835 0
6056 0.5239604875447664 0.7470600385086159 0
6057 0.6867512985286497 0.7494677284042367 0
6058 0.7433504580102307 0.7475000539305235 0
6059 0.7129472150400719 0.7440569763337226 0
6060 0.7466478096043182 0.7890737558097865 0
6061 0.7984838766150026 0.7244175837571919 0
6062 0.5020963159065113 0.7500764820697561 0
6063 0.1890923810968896 0.9090712229073485 0
6064 0.06676485466896828 0.7314926323104017 0
6065 0.8057440555332588 0.5847662497656512 0
6066 0.1477296893482372 0.6149281544688419 0
6067 0.8979619873838187 0.6556149843206561 0
6068 0.1295293695113914 0.5902900622630499 0
6069 0.9460754488077561 0.8414827513072312 0
6070 0.1129730650417383 0.6181171228104296 0
6071 0.855001947518754 0.9487557828159715 0
6072 0.1001088854156267 0.8702304966208088 0
6073 0.1017297447397727 0.6087649277969851 0
6074 0.877078905245955 0.9092327329465942 0
6075 0.1077963589798571 0.9134718786957271 0
6076 0.8966410299177632 0.5952563032497384 0
6077 0.09018124666835689 0.904928933678313 0
6078 0.9078771110662691 0.5927701835362529 0
6079 0.09255086645632729 0.5897936878410689 0
6080 0.9179173078158512 0.591523357652494 0
6081 0.9181908812993371 0.9001094086375107 0
6082 0.08171265205103197 0.5828628478546732 0
6083 0.9185252929431694 0.5796027483707295 0
6084 0.9144806184559814 0.9191279009389652 0
6085 0.07691043643272862 0.5779727969053102 0
6086 0.9170478390711904 0.9403416822999692 0
6087 0.07452597204781036 0.9248774006495451 0
6088 0.9259936873678418 0.5701038079113757 0
6089 0.9464496454907295 0.921511611978119 0
6090 0.06659224771236039 0.9243135256713734 0
6091 0.07102607327909177 0.5716074279911922 0
6092 0.935781124810528 0.9308909495380382 0
6093 0.06000344994126026 0.937208277341167 0
6094 0.96481819177414 0.9230110222454407 0
6095 0.945533822887244 0.9404815245942458 0
6096 0.9393466212819585 0.563439662861971 0
6097 0.06486446497596242 0.5651797548011335 0
6098 0.9282776937006055 0.9708816724905256 0
6099 0.9449483575993843 0.9498579362536235 0
6100 0.951646271723628 0.5559786515838295 0
6101 0.05747264357671917 0.5454651388682786 0
6102 0.04788744289861239 0.5517179199293023 0
6103 0.9454909062084809 0.9715600587012936 0
6104 0.04373151162697282 0.9515926900307874 0
6105 0.9573044023063909 0.5452086072244439 0
6106 0.04543318520047057 0.5428605913655429 0
6107 0.9663820664353494 0.9518811084577852 0
6108 0.9621431073440415 0.9807230912906358 0
6109 0.03638281992856723 0.9673388572758859 0
6110 0.9602493398110806 0.5364149939366147 0
6111 0.980683926570281 0.5187406682268839 0
6112 0.989661956203158 0.9890294156158398 0
6113 0.6747008812495486 0.9069451775476661 0
6114 0.6775345622153887 0.6038986665600716 0
6115 0.4076680111568656 0.9043592882985216 0
6116 0.4074310452220027 0.5962959710365243 0
6117 0.585516059467335 0.8914875265910667 0
6118 0.585539365116159 0.6086080188166938 0
6119 0.367041496298357 0.900306363583685 0
6120 0.3676979401400167 0.5952157405400094 0
6121 0.4732242321310483 0.6121589715762575 0
6122 0.545153370587235 0.895802210788446 0
6123 0.6149226529082857 0.8939731890056895 0
6124 0.6444983208121697 0.9038484844386104 0
6125 0.7137191199408962 0.8856438278272434 0
6126 0.7196254897507374 0.644619277191546 0
6127 0.6418430717845689 0.5958320793920113 0
6128 0.6152244947600387 0.6052493766251161 0
6129 0.5458376972971744 0.6034296494843734 0
6130 0.4731986603207197 0.8849237880975953 0
6131 0.335718441004859 0.8919009523149482 0
6132 0.4031013544787905 0.8615567880529351 0
6133 0.4036262032763702 0.6387300697022371 0
6134 0.3379098376180447 0.6135153675097934 0
6135 0.3062445888446191 0.6492447748574678 0
6136 0.221999174675537 0.6144096857026492 0
6137 0.7757203738289693 0.6060617084176422 0
6138 0.2862935354631228 0.8985971169566497 0
6139 0.3541892468378921 0.8806634946229192 0
6140 0.3950203717579164 0.8787803388333121 0
6141 0.3954726309316233 0.6208774027955113 0
6142 0.3533380027143078 0.6199689942604337 0
6143 0.427771278341046 0.8780167085996581 0
6144 0.4277088073928993 0.6223564716721367 0
6145 0.4869249574787121 0.6501293053077676 0
6146 0.5249173441739801 0.8772156387589941 0
6147 0.7642183627786274 0.6265724362581211 0
6148 0.5248523200852002 0.622189621791457 0
6149 0.4880635903618378 0.8520998236935782 0
6150 0.4503524346060417 0.6716404559918584 0
6151 0.4497470273912712 0.8279417767980353 0
6152 0.2633367737363772 0.8392319068388524 0
6153 0.3828681663904415 0.8635532464843315 0
6154 0.4216413389018826 0.8664674162353652 0
6155 0.3833630018298021 0.6361572231694034 0
6156 0.2664429865656854 0.628842735551183 0
6157 0.4217975960842255 0.6337594796290953 0
6158 0.4676358178195736 0.6031560871307607 0
6159 0.4744534046027372 0.6524678875673106 0
6160 0.5353441007953765 0.857018901582299 0
6161 0.556581593151097 0.8564351733595965 0
6162 0.5788243541157051 0.8544280397087519 0
6163 0.631217400410606 0.8578156977246043 0
6164 0.6530999911213465 0.8605334100979204 0
6165 0.7028162079371346 0.8605438247778657 0
6166 0.5091556579930904 0.8481453509570145 0
6167 0.7296000351813261 0.5821142742452982 0
6168 0.7066450694894253 0.6415306797356141 0
6169 0.6321800336867504 0.6395679595055229 0
6170 0.579137458576844 0.64591221528483 0
6171 0.5573964812279205 0.6436150630718315 0
6172 0.5357748474385965 0.6427970759746827 0
6173 0.5086678277676886 0.6521893723046829 0
6174 0.4682716398722326 0.8924584622253665 0
6175 0.4760534270393313 0.850763189494649 0
6176 0.4962758560759935 0.5897637785397044 0
6177 0.4962962677333936 0.9091444412524089 0
6178 0.2217827260109051 0.5372079771150717 0
6179 0.0840061747239812 0.794238059844982 0
6180 0.2300652031845538 0.8122707412312857 0
6181 0.9043913713925982 0.723726068947685 0
6182 0.812770903228631 0.6536527133613015 0
6183 0.8216788479547617 0.819502019987158 0
6184 0.9709577562393519 0.7054828726354315 0
6185 0.1624292325783012 0.6927015182094841 0
6186 0.1378860566617919 0.8175292684796101 0
6187 0.1813221886977051 0.5506580505856977 0
6188 0.9424974887906785 0.6823062796612838 0
6189 0.02624994985826427 0.8119373658872341 0
6190 0.1557919787212816 0.5523652279456143 0
6191 0.8874417918922988 0.8934863384969947 0
6192 0.1383109730560668 0.5678876434305239 0
6193 0.9557449409119785 0.6492457933219019 0
6194 0.05838221855702601 0.6667904759295821 0
6195 0.8341317542432954 0.5547960338489302 0
6196 0.1617997112959265 0.943865636172027 0
6197 0.9655657837560389 0.7553834597561699 0
6198 0.07004607863820953 0.8701524385941329 0
6199 0.9258011767332802 0.6198032085724832 0
6200 0.06017463206076957 0.6308074098455161 0
6201 0.856390157742998 0.5532058959388776 0
6202 0.1345379723990885 0.9428123461721875 0
6203 0.8589002707033988 0.8418776800072495 0
6204 0.8851422904144233 0.866378802837359 0
6205 0.05200232840457291 0.8653099733950304 0
6206 0.9491401746207995 0.632800429796369 0
6207 0.1203993158437824 0.569647955517244 0
6208 0.8744424780676521 0.5455928982198049 0
6209 0.120761301182077 0.9514784268035318 0
6210 0.02964280522312325 0.7745415775842554 0
6211 0.03809269827181261 0.8813372629279138 0
6212 0.1345827561674892 0.5256143633029103 0
6213 0.9629469073171203 0.6176033995744931 0
6214 0.8442888733746863 0.7521065862003302 0
6215 0.2456345287102373 0.9529350460107326 0
6216 0.7631289805977233 0.5444070060132142 0
6217 0.1166822260256249 0.5383514725629949 0
6218 0.9577355531780553 0.6112325578028034 0
6219 0.06535418477311343 0.6085234599256598 0
6220 0.89032773140313 0.5605616263443124 0
6221 0.107620932741116 0.9375740069966313 0
6222 0.1028065473459678 0.6695136790269964 0
6223 0.2021343110247659 0.9627577934263687 0
6224 0.0569562093624485 0.9022916471393575 0
6225 0.9511420544289475 0.6029624323136301 0
6226 0.7972115722545003 0.5389370478054468 0
6227 0.0954967911236963 0.5628786125891747 0
6228 0.885792029784237 0.9600522118462336 0
6229 0.985330994236811 0.7967405358153696 0
6230 0.17236534174187 0.9688918970866673 0
6231 0.02879283658139437 0.7416411319509665 0
6232 0.03810731717804534 0.904510169592491 0
6233 0.9622315259171802 0.5968204317314961 0
6234 0.102107056535214 0.5219151277657255 0
6235 0.04482216253387426 0.5927691343559048 0
6236 0.920816257671811 0.8641584742266401 0
6237 0.8059427478814414 0.5337851011673856 0
6238 0.9202418826930418 0.9520723051193287 0
6239 0.8256849127760746 0.5285853171673145 0
6240 0.04381190435322752 0.9106659485107856 0
6241 0.9574002045341512 0.58493091254122 0
6242 0.9126650654400601 0.5411064972392146 0
6243 0.08223769480204841 0.539031097400163 0
6244 0.04144548733103434 0.5812000130042876 0
6245 0.9078836593956153 0.9679096013542999 0
6246 0.826167971782672 0.9742769922512731 0
6247 0.8945637253499806 0.9263337896630589 0
6248 0.02456387719583894 0.9174962712673508 0
6249 0.9778619236533792 0.5855571090318891 0
6250 0.91389017166731 0.5357735948028732 0
6251 0.08722385533510033 0.9706802958836658 0
6252 0.9737520895808778 0.8116500471819454 0
6253 0.8575045694400642 0.6145417094991293 0
6254 0.9051262966296589 0.8290150904513047 0
6255 0.9697989885004746 0.8628669928960333 0
6256 0.1352779906316619 0.8814232882621244 0
6257 0.03840520995458616 0.9333964390317309 0
6258 0.9593635509752582 0.5676044905694689 0
6259 0.07258538231566285 0.5372435575351944 0
6260 0.0411238620003745 0.5697704052131279 0
6261 0.9685337946125467 0.8807735624837608 0
6262 0.9678120735501082 0.9116585515948149 0
6263 0.8337597961811745 0.9691365948948958 0
6264 0.02907748462245543 0.9349766489794718 0
6265 0.9729460702846275 0.5620418101658248 0
6266 0.06462254560395699 0.5278424680815634 0
6267 0.03451748129973097 0.5607067616790135 0
6268 0.9435854401241176 0.5323197521217417 0
6269 0.05876569874039811 0.964854901227747 0
6270 0.9088163898265161 0.8966075883856323 0
6271 0.209632035530875 0.6990882577281126 0
6272 0.9080302139775845 0.9797874823642013 0
6273 0.8655376885399883 0.9249776480006851 0
6274 0.03040800414237075 0.9444589976165545 0
6275 0.05419471789877424 0.5251814650009532 0
6276 0.02591710029323601 0.5589508646001518 0
6277 0.947782382383538 0.5189562175321824 0
6278 0.9480044613832431 0.9009843169260137 0
6279 0.04978184028591282 0.9805715397406803 0
6280 0.01971364249140647 0.9557380322952868 0
6281 0.9790982338684934 0.551253178040242 0
6282 0.04287133046245581 0.5220229316406218 0
6283 0.0272314803070764 0.5490540484408912 0
6284 0.9290672477272727 0.8941897518644456 0
6285 0.9766677802762239 0.9552472670987378 0
6286 0.949614776072826 0.8641596192210261 0
6287 0.9290206293440235 0.9828256304691604 0
6288 0.8488219136526642 0.9298853360249463 0
6289 0.01908935911419223 0.9650962011328268 0
6290 0.9800384704222993 0.5386772024376335 0
6291 0.03155195039833233 0.5197779946741956 0
6292 0.01914654680145021 0.5383068271526577 0
6293 0.9707338878145611 0.5184864113798338 0
6294 0.02507867184309546 0.9729671338486661 0
6295 0.9414546093413121 0.9892650772555542 0
6296 0.9885387315329327 0.9396042464132203 0
6297 0.9264239519855679 0.9548257042606577 0
6298 0.9558872666486007 0.930579176686527 0
6299 0.9739798725135409 0.9641296317464829 0
6300 0.9698222907712876 0.9798898934448109 0
6301 0.9563731463690696 0.992124980526054 0
6302 0.8960501034685978 0.910328675629791 0
6303 0.9572438159270951 0.9415754917630469 0
6304 0.9606706923179225 0.9685628858400877 0
6305 0.9561384451577339 0.9215923730013228 0
6306 0.9360880085357635 0.9214340428302916 0
6307 0.9455884783733415 0.959420161975229 0
6308 0.9358288818037684 0.9602394543194064 0
6309 0.97152823619216 0.9731258899011757 0
6310 0.01003243644791593 0.5289013687576704 0
6311 0.9704343823142133 0.5091904350347224 0
6312 0.9355235410518616 0.9399173265370382 0
6313 0.9526994655284559 0.9498470262321276 0
6314 0.9363812380885923 0.9672129880698255 0
6315 0.02064754609675591 0.5094595318329717 0
6316 0.9904585535810082 0.5192282403905838 0
6317 0.009084652618335654 0.9884309687101314 0
6318 0.990316913343653 0.9786450765851787 0
6319 0.9724796031194901 0.9272401797660385 0
6320 0.9771085175902838 0.9870380365219547 0
6321 0.4498852889505298 0.7501254624282031 0
6322 0.9462784674142332 0.9309226438332741 0
6323 0.9282009106492013 0.9394332222273155 0
6324 0.02068309936971575 0.5190596427834793 0
6325 0.4557980937369941 0.5727728738203256 0
6326 0.4579369446723692 0.925498200395958 0
6327 0.4394849157447909 0.5717841430792485 0
6328 0.4389476613972675 0.9241977313400287 0
6329 0.2677844779355168 0.694014570341988 0
6330 0.7414379447010586 0.9246466941024125 0
6331 0.5052452903877021 0.8146421871945269 0
6332 0.5064194292494468 0.6856393101824018 0
6333 0.3445338833618381 0.8004475825933212 0
6334 0.344031918452718 0.6984002324775599 0
6335 0.6935507291194979 0.5542245760262431 0
6336 0.3479139046827576 0.9402403419666557 0
6337 0.3491986362235203 0.5629000446228391 0
6338 0.5157390109676268 0.7881738356336014 0
6339 0.5150481103604573 0.7123225477801177 0
6340 0.2967541179538099 0.7940120486044939 0
6341 0.3047078056714765 0.6857856999876103 0
6342 0.2863967484523701 0.8292414476544046 0
6343 0.2828027968455479 0.6978873801872471 0
6344 0.4836243597199383 0.7098798406343568 0
6345 0.4821184162099382 0.7855074148608325 0
6346 0.306470025299686 0.796753744615223 0
6347 0.3161299169717837 0.7002828047544148 0
6348 0.3961758400300922 0.8246100432981869 0
6349 0.3956728619079368 0.6751842001115204 0
6350 0.6536410662466539 0.8258835611889369 0
6351 0.6515589492755839 0.6728268929002383 0
6352 0.4944060498555201 0.9456340723982334 0
6353 0.35825063425204 0.8277559076200273 0
6354 0.3588378814547168 0.6668590818988019 0
6355 0.6083926361882595 0.8279311694634975 0
6356 0.6128456185853612 0.6673953615144358 0
6357 0.5444686075737796 0.8037304678224919 0
6358 0.5447192032839522 0.6963152906597124 0
6359 0.6962678306687402 0.8343473279732594 0
6360 0.6952083985508203 0.6621494522289388 0
6361 0.5308372550896321 0.9351451927558069 0
6362 0.5318277086755201 0.5645013890291847 0
6363 0.3845767245239999 0.7888856226716428 0
6364 0.3807324600355428 0.7096017994253638 0
6365 0.3333671200902285 0.9571268077049497 0
6366 0.6762788239608224 0.9382764525793299 0
6367 0.6871832088517191 0.554220819215467 0
6368 0.4777053718542469 0.5651400926367656 0
6369 0.4761651114249922 0.9384670054450192 0
6370 0.7212312539421188 0.9559423841859329 0
6371 0.5649145450055577 0.9428817458632811 0
6372 0.5668224947507635 0.5493815960203413 0
6373 0.6373358123549524 0.9516389850264602 0
6374 0.6377155300990945 0.5475130349912841 0
6375 0.5393496015465594 0.9362437297481739 0
6376 0.5410836460561727 0.5629060226311939 0
6377 0.6474606675337019 0.9455423781121092 0
6378 0.6477963692524728 0.5527235759052829 0
6379 0.3721774744096908 0.9477784129814716 0
6380 0.3752545765374958 0.5467125970969357 0
6381 0.5851034092688066 0.9415334114668742 0
6382 0.5841453986683617 0.5638590919380623 0
6383 0.6765467613608811 0.5581102136859399 0
6384 0.3209468158888573 0.9411874256692349 0
6385 0.3283447159016583 0.556383546181064 0
6386 0.6656640081198774 0.5581433192548619 0
6387 0.5544566727913849 0.9434981821859652 0
6388 0.5563927337549586 0.5525130471706946 0
6389 0.6251740655495477 0.9382964744179132 0
6390 0.6280408353850471 0.5587986642415824 0
6391 0.3898184758888261 0.941691375378369 0
6392 0.385107594962484 0.5629238759159377 0
6393 0.2860597697318791 0.5959020336142792 0
6394 0.3960848183512994 0.9438540915060504 0
6395 0.3897786394460754 0.5596183106334789 0
6396 0.706639216110117 0.9446255157552662 0
6397 0.7055184167803122 0.5874496775433666 0
6398 0.5802048605174889 0.5555024162925734 0
6399 0.6140651599234552 0.9433514113356124 0
6400 0.6075302703516454 0.5569397557557271 0
6401 0.5112927128046906 0.9374651205003109 0
6402 0.5106153838542659 0.562110162963105 0
6403 0.3614224636284565 0.9464404072296707 0
6404 0.3613062820215487 0.5544446824490058 0
6405 0.5262705588762957 0.814482028546847 0
6406 0.5265808784090843 0.6856729439865206 0
6407 0.2919601559872804 0.5619138159062889 0
6408 0.4139724665247062 0.8302981932683422 0
6409 0.4140067691414934 0.6698015558884807 0
6410 0.4667721311152831 0.6876410909447711 0
6411 0.4702308408806744 0.8137421952033498 0
6412 0.4412859686192383 0.9585065592248695 0
6413 0.7123658281719415 0.8028892821301394 0
6414 0.7217296481864246 0.6919394822517295 0
6415 0.5477196832991927 0.8124624898233019 0
6416 0.5680362176775839 0.8156132892136692 0
6417 0.5677744727686209 0.6845347475128382 0
6418 0.5478540984890472 0.687459210077197 0
6419 0.6429806659580041 0.8159419025689352 0
6420 0.644387483200663 0.6844332058186274 0
6421 0.6750962678638504 0.8157532878735343 0
6422 0.6730663240201632 0.6816523170627056 0
6423 0.328100631907028 0.8225911040563835 0
6424 0.3292633700490569 0.6761307008983936 0
6425 0.4226563720156027 0.8098019013242664 0
6426 0.5871453370896025 0.8064233654084271 0
6427 0.5878335525118682 0.6937367458476318 0
6428 0.7377762334690999 0.8083504965585261 0
6429 0.2664668290608111 0.5599465608107777 0
6430 0.4470354980276092 0.6918113292827538 0
6431 0.4471300373650798 0.8074764810066231 0
6432 0.2791501179350765 0.7872206370816087 0
6433 0.2550997862202101 0.8145539509230958 0
6434 0.7250792332476843 0.5430587997619598 0
6435 0.2419149499032867 0.6532156487184889 0
6436 0.2543173055131766 0.9139161728083617 0
6437 0.4528235918725725 0.7229778923236211 0
6438 0.4521021797055654 0.7769389188362367 0
6439 0.2585194619682842 0.6486202910088134 0
6440 0.2081693862333247 0.650127364883897 0
6441 0.9180738322624125 0.7659219505258518 0
6442 0.2437080730205073 0.5827339318965787 0
6443 0.2718159311549876 0.6641105909313276 0
6444 0.7678786215889019 0.9033375508680496 0
6445 0.1778966918330629 0.5793331788841619 0
6446 0.2072450086360833 0.5777117676881604 0
6447 0.8396673006642986 0.8538925937462799 0
6448 0.2234502653079269 0.7575882330405691 0
6449 0.1668862982544477 0.6058207552135125 0
6450 0.527128233607669 0.9694121136992675 0
6451 0.5264009800595804 0.5294278678658504 0
6452 0.2585894763205804 0.7828180230309035 0
6453 0.4745144577724725 0.5288696085303437 0
6454 0.4785608266500839 0.967984538759337 0
6455 0.7554464591787315 0.8366245433147495 0
6456 0.1590261096226635 0.6523740013402746 0
6457 0.2403203797810158 0.7760236390075892 0
6458 0.2232612944447065 0.5647193082010433 0
6459 0.4979018551479224 0.5293945244562159 0
6460 0.4986528188588048 0.9724473489184827 0
6461 0.7459036371587486 0.630447422039874 0
6462 0.9440861272902195 0.7426363566587581 0
6463 0.1713464768433513 0.7324506397261994 0
6464 0.9476087452844886 0.7102217725681758 0
6465 0.06867128756668632 0.6904677159761001 0
6466 0.7420562143077658 0.6497563853097456 0
6467 0.770117133624925 0.7389059854065544 0
6468 0.1145465862666706 0.7081640120029252 0
6469 0.198485299132435 0.6712082050328259 0
6470 0.8050046886526748 0.8578516196293575 0
6471 0.7363567690726317 0.7241581009432953 0
6472 0.06967635824386385 0.8273718453229468 0
6473 0.8862851151181898 0.7511539093544577 0
6474 0.8341838743596316 0.7817215070881155 0
6475 0.7422825263061773 0.5632961980516765 0
6476 0.7617660263449947 0.6493833756691613 0
6477 0.8630114036919734 0.6542099545182992 0
6478 0.05545330167989319 0.7744542679669177 0
6479 0.8109774315422221 0.7579241674545805 0
6480 0.2316958289391093 0.9168624931033685 0
6481 0.08108775764408518 0.7008645722382317 0
6482 0.8061178612083225 0.6887233784043051 0
6483 0.2077464371729471 0.9368619947235205 0
6484 0.2271707575208906 0.8539173158253389 0
6485 0.7892926320272358 0.9267741777758352 0
6486 0.920726693567413 0.6970418318290537 0
6487 0.8517086771722212 0.7994262576414875 0
6488 0.7570998576066064 0.8069032218057717 0
6489 0.7724953749027239 0.5831246425137152 0
6490 0.05019050928331541 0.8063910297914716 0
6491 0.1815425189880655 0.8125941848372693 0
6492 0.1749014964725043 0.6696153452646217 0
6493 0.8080494574733715 0.9198334095369349 0
6494 0.231346093570918 0.7201059249428625 0
6495 0.8213846501846884 0.6039987972064527 0
6496 0.8616363649206618 0.8658977278041109 0
6497 0.7430728217254621 0.9707497000928653 0
6498 0.1376993612114974 0.9156936793733767 0
6499 0.1532828269563457 0.753170606124094 0
6500 0.1372148128032979 0.6799363909023698 0
6501 0.1860206570855721 0.8767724185209177 0
6502 0.1427920870721389 0.7194827217566867 0
6503 0.8591023512309852 0.5815069843672212 0
6504 0.2055512981864431 0.8662575076419576 0
6505 0.8415187388024982 0.5839849591944926 0
6506 0.7826563079805244 0.6274179455001941 0
6507 0.1609602287950606 0.9129811608897209 0
6508 0.04403203059102099 0.7546609937744395 0
6509 0.787579468993863 0.5647390176396824 0
6510 0.1688091772942311 0.8934558836096083 0
6511 0.04565423704234748 0.7098769491989976 0
6512 0.2096640135503467 0.7926722454238917 0
6513 0.09028173852666099 0.6279195198202461 0
6514 0.1951842997134687 0.9355459849195784 0
6515 0.8295119817180916 0.7017999247451534 0
6516 0.257593799385808 0.8841907647424996 0
6517 0.8812240726820247 0.5717531172936263 0
6518 0.2440022831027298 0.8287917036265856 0
6519 0.9278863824242014 0.6677116557806254 0
6520 0.0983401391579509 0.6365896277130478 0
6521 0.9137094243449908 0.7974758291837069 0
6522 0.8795761458106506 0.671811285322962 0
6523 0.122043504691004 0.92678999509755 0
6524 0.7741977055405963 0.7064242332013434 0
6525 0.9486450587725945 0.7699204322173499 0
6526 0.7997664817610836 0.7941825624890285 0
6527 0.07513835406927108 0.8494894989569857 0
6528 0.7602395456809358 0.7662982066076015 0
6529 0.1516967355288497 0.580782286266195 0
6530 0.07491942378865321 0.6753018497688864 0
6531 0.06979681412123656 0.6167024783760721 0
6532 0.1594914026728935 0.7916570308615333 0
6533 0.8694194047194201 0.7346618570198024 0
6534 0.03144927170924886 0.8573815726208321 0
6535 0.9643876964256087 0.6462925599661173 0
6536 0.793599369829979 0.8184582894917835 0
6537 0.8734828633837151 0.7018050874090138 0
6538 0.8488916163599272 0.8260940176378908 0
6539 0.1005143183439297 0.7376196556265252 0
6540 0.8075646571923383 0.5557430642493775 0
6541 0.8726015354822934 0.8796190415637953 0
6542 0.06898620959848899 0.893666142673111 0
6543 0.7773175767255165 0.668413086829986 0
6544 0.1078489367808302 0.9275832006066145 0
6545 0.02743532543525894 0.6902671697437709 0
6546 0.8951929834784699 0.5771642051759365 0
6547 0.1194866181480296 0.8011859903357531 0
6548 0.7715833481007042 0.8804605836531161 0
6549 0.1091154757476463 0.7660765715623235 0
6550 0.148983677559081 0.5350452794846685 0
6551 0.9690569749380324 0.6657614861513178 0
6552 0.8294403046839882 0.9189191368827606 0
6553 0.03349830347172594 0.8670323154365306 0
6554 0.9703960361594952 0.6316755920513876 0
6555 0.9210854197133112 0.6465551089797709 0
6556 0.7376205148531037 0.5154534531000582 0
6557 0.9850581729843305 0.6522544798598067 0
6558 0.1500378737258652 0.957324226628174 0
6559 0.2574931253053712 0.9766259921831523 0
6560 0.8230198138302409 0.7319852693186834 0
6561 0.8852920072384521 0.6418581526417583 0
6562 0.8006513764828964 0.9495385473950415 0
6563 0.1311079620974446 0.5511840894828065 0
6564 0.8691109556206192 0.8180967478536995 0
6565 0.01677916855718822 0.8789430784353239 0
6566 0.9815772216934737 0.6215278357457821 0
6567 0.1267852851291079 0.9733132338220295 0
6568 0.05935775835584906 0.8925188638495897 0
6569 0.1178313477638894 0.8259906221250041 0
6570 0.8830444578161686 0.528325636611814 0
6571 0.8952658023166651 0.8108347204083712 0
6572 0.9721300330773185 0.6821494835125708 0
6573 0.02783608282985063 0.6561094348608657 0
6574 0.9656611381603009 0.7317256264268943 0
6575 0.7784654070736137 0.8637670908806351 0
6576 0.1816258854394882 0.9504209555748511 0
6577 0.2153575434524513 0.8321021874348396 0
6578 0.7924074959400935 0.7447384196586022 0
6579 0.1774198384229848 0.9247848008551611 0
6580 0.1117410944536582 0.522747244472261 0
6581 0.8426707835599306 0.5372808567059209 0
6582 0.8115657556772431 0.8927099239394603 0
6583 0.975125281466767 0.6119662796047279 0
6584 0.926150425840524 0.610248567610259 0
6585 0.9612165297621328 0.7894580970171908 0
6586 0.04526784485595737 0.731029372028694 0
6587 0.196514432701419 0.610384093348001 0
6588 0.8221967022444829 0.5692469625146349 0
6589 0.9243625411812761 0.8156450995937666 0
6590 0.1263025093192642 0.8644077502832217 0
6591 0.08768724935322804 0.8822324151271898 0
6592 0.1891094521490993 0.6995037699210781 0
6593 0.01926508880292019 0.6010466581808155 0
6594 0.1023176322783011 0.9770084207789611 0
6595 0.1627316042894155 0.5203457913336231 0
6596 0.09293476357599802 0.8555617263449653 0
6597 0.909175218373675 0.6103095627654357 0
6598 0.03246856204341275 0.7955130142249912 0
6599 0.8907002755502181 0.985810272739958 0
6600 0.09731664368555393 0.9138661978791686 0
6601 0.084431174023694 0.602777819982727 0
6602 0.9064676574922755 0.5832331289437661 0
6603 0.5122155197161705 0.5964396904097091 0
6604 0.5131447523267442 0.9022997294122523 0
6605 0.9126010995247919 0.5610723739946669 0
6606 0.1721083771140717 0.9580960892013872 0
6607 0.4902784343347436 0.6090611342119914 0
6608 0.4916244213886458 0.8897760923945012 0
6609 0.9723458970158004 0.7719904301366256 0
6610 0.1322638590309045 0.6147468005840988 0
6611 0.02884291773108179 0.7187967958208185 0
6612 0.02082358920662393 0.9058133401137518 0
6613 0.9783690092062526 0.5973430694364074 0
6614 0.227894808979983 0.684751805561907 0
6615 0.8168561554360789 0.5495522935938998 0
6616 0.0177067633566699 0.830399669924908 0
6617 0.9330620326584067 0.8512105860836994 0
6618 0.7970726468398273 0.9725904579808276 0
6619 0.8659850811074362 0.9716130789437603 0
6620 0.09764820172261984 0.9315381155252637 0
6621 0.2158229680646593 0.980569741923973 0
6622 0.8155549805583124 0.965957018033496 0
6623 0.06630860669434675 0.5901904123058408 0
6624 0.9606152857781973 0.8206096136532428 0
6625 0.8823656516104345 0.6005327812554876 0
6626 0.8974846378269272 0.8790424873990744 0
6627 0.9041609255104892 0.5746916401992563 0
6628 0.0924887104510133 0.5410959803482882 0
6629 0.7311667935928172 0.7746933838332235 0
6630 0.2025220249327148 0.5408937088126427 0
6631 0.886945118470339 0.8379738116397697 0
6632 0.8976027193988154 0.8546457550613095 0
6633 0.9267520949499087 0.8342646933880626 0
6634 0.7658504887554243 0.5161948897958013 0
6635 0.8272955706078919 0.5433927208309 0
6636 0.8804021259882894 0.6224979656344298 0
6637 0.1211558143511426 0.9007840041559163 0
6638 0.8630657233502165 0.9107745840257169 0
6639 0.968143428880724 0.8397332616497455 0
6640 0.06127445984690356 0.9190491486810007 0
6641 0.7677006847333431 0.7842617552835085 0
6642 0.9892776825033771 0.7703063564811881 0
6643 0.1965945037901992 0.9810879104285556 0
6644 0.2462856873806772 0.8636583082560252 0
6645 0.9566334372053056 0.6914990964180984 0
6646 0.01443908043093057 0.9121245113669428 0
6647 0.9128121993921157 0.8472717025244956 0
6648 0.870196959320146 0.9415032116670271 0
6649 0.8541545145851874 0.9683449672540248 0
6650 0.9584755412902932 0.8805619885122051 0
6651 0.2321261911351163 0.5176871464930917 0
6652 0.1127273549836753 0.8813539390579994 0
6653 0.7836548147760472 0.5972454381765656 0
6654 0.9342972239928146 0.5924782912503313 0
6655 0.9423299070993304 0.8229222180887335 0
6656 0.1281519530759437 0.5689793105553123 0
6657 0.7260706814249565 0.6181124021046551 0
6658 0.8435014648308217 0.9197841543581553 0
6659 0.7891188364112807 0.518325793480849 0
6660 0.9428146723582952 0.6143931481551709 0
6661 0.00847794870131189 0.8113547920201186 0
6662 0.1059427715833409 0.5851685028059412 0
6663 0.8088508233321672 0.5152135047078417 0
6664 0.9067568109239318 0.8684319282989746 0
6665 0.7584287419889086 0.8581882943642738 0
6666 0.1341968921269843 0.5451245016821497 0
6667 0.2242704036574534 0.9618745723496309 0
6668 0.2492204237632894 0.7207704707700864 0
6669 0.2775051256958458 0.8569304789450912 0
6670 0.9566203399503092 0.893498577734856 0
6671 0.9477815021279618 0.5699737109598876 0
6672 0.215354205673253 0.8950717010334988 0
6673 0.8222149925595357 0.9632514154694032 0
6674 0.02636080082595056 0.7503856068779753 0
6675 0.09515320177138996 0.5288753324333084 0
6676 0.104395815612234 0.565482772559993 0
6677 0.0379141011016088 0.5902535156647329 0
6678 0.9910146622557401 0.7452832882821296 0
6679 0.8731757263514027 0.8527470932119792 0
6680 0.9898183407452021 0.7175125750026485 0
6681 0.1444654468612545 0.5145904456979008 0
6682 0.9422974271859852 0.5777997563112627 0
6683 0.1069319457529024 0.5341154159842481 0
6684 0.08453275768068294 0.9893970495882398 0
6685 0.09334586385022586 0.5716486232011357 0
6686 0.01551959803142525 0.9219562254681909 0
6687 0.9837652558688796 0.5789382959902292 0
6688 0.9168065822140511 0.5166643662236128 0
6689 0.9541710599445156 0.8725864634921763 0
6690 0.8998962139634861 0.9489808749284124 0
6691 0.9033835804125636 0.9329752682527702 0
6692 0.09197706751255888 0.8625477887091928 0
6693 0.01603554651712286 0.7852300130555048 0
6694 0.05484949942440023 0.9203113506395262 0
6695 0.9790299552989614 0.8038743927624963 0
6696 0.7549503247573678 0.5997214153911095 0
6697 0.9848813158203609 0.8774408903640713 0
6698 0.9062417648278346 0.6276277317591341 0
6699 0.9361169817793666 0.5124095843530384 0
6700 0.9006270040758151 0.9612149437680648 0
6701 0.0740138797383529 0.5588155476479375 0
6702 0.914592964519339 0.8806035090567235 0
6703 0.8447728365602426 0.9642333804357409 0
6704 0.8334552181796351 0.9593663670273086 0
6705 0.07688240941922316 0.9397240117055589 0
6706 0.957006909963207 0.8596485103124192 0
6707 0.8604820859757998 0.9424019640029786 0
6708 0.1159932654273809 0.5604543527436581 0
6709 0.9731209311546918 0.8682675427625997 0
6710 0.9405260128319275 0.8895562050183898 0
6711 0.7753981324426229 0.5390210804225433 0
6712 0.1406911189637811 0.5985921385677264 0
6713 0.8414376696081152 0.5185316166529262 0
6714 0.04345606545145565 0.5627490767333061 0
6715 0.09044243579600701 0.9618012012643029 0
6716 0.962475844112735 0.9014345155547915 0
6717 0.08589587879847951 0.5606248458345295 0
6718 0.9347609355194276 0.5517698157664726 0
6719 0.8413643634427149 0.9353697707068601 0
6720 0.2423399582540234 0.6198194661056327 0
6721 0.06443746904301669 0.9463619431135099 0
6722 0.06434266876377322 0.5518189208053788 0
6723 0.9906149763856315 0.6974464672425582 0
6724 0.9909184932653268 0.8069710308602579 0
6725 0.8457511305770609 0.9849347870648292 0
6726 0.9844694610207933 0.8582549893233169 0
6727 0.9043664759828326 0.6365785574332328 0
6728 0.9368632534501081 0.5412735235625438 0
6729 0.4363205543003811 0.6414680190700938 0
6730 0.4362678552908594 0.8585491495303058 0
6731 0.05508136023904958 0.9552665317458455 0
6732 0.926408020777022 0.9110789160678285 0
6733 0.9826095044697789 0.8965698230516025 0
6734 0.8957056780536545 0.5376387763717042 0
6735 0.05158171675086731 0.5664121224332308 0
6736 0.4574805892385472 0.6473251990698925 0
6737 0.4569017855843917 0.8513451385026644 0
6738 0.8502414998316554 0.9767231352564018 0
6739 0.8723990342443255 0.9320325251036856 0
6740 0.849567690967348 0.5633368559858134 0
6741 0.07401909495632339 0.5233074317133414 0
6742 0.9355415729080471 0.8959290633587091 0
6743 0.04769825437945056 0.6467405071607928 0
6744 0.01994509184999387 0.9455657588821008 0
6745 0.9840276364183295 0.5591219336545069 0
6746 0.05713539497830968 0.5162195732808835 0
6747 0.9248862846498138 0.8744556311233602 0
6748 0.9367293121795589 0.9117983067494846 0
6749 0.8412609291858347 0.9498800592519487 0
6750 0.9056627827434667 0.5359707284191126 0
6751 0.1006420580043207 0.8629181462809246 0
6752 0.009959134362149636 0.7638293458339228 0
6753 0.9528066171279978 0.5648090940703879 0
6754 0.04790990851829659 0.9312411946217628 0
6755 0.009173780149646978 0.5487421214871646 0
6756 0.0449333414684899 0.5106730698051434 0
6757 0.0096979181929401 0.9574562236965838 0
6758 0.9904189309140016 0.549612696109284 0
6759 0.9671084282618715 0.548070706954171 0
6760 0.03231459757933007 0.9558523979799961 0
6761 0.9037491676143196 0.9266576924805308 0
6762 0.05187682019854373 0.5364526823229363 0
6763 0.8201784808623044 0.5255267589215719 0
6764 0.0458370368937033 0.6176798332849813 0
6765 0.09889763212394585 0.5537477889886014 0
6766 0.03651024834203586 0.5506563407047151 0
6767 0.9252014294113025 0.9206807138973332 0
6768 0.9473578796287347 0.541035697143163 0
6769 0.04817232529968745 0.9605732358598196 0
6770 0.05189850214044687 0.8823513047233157 0
6771 0.8902297229927699 0.9064895608279107 0
6772 0.8715402981148938 0.9174714443633535 0
6773 0.9456983201379214 0.6239686177476583 0
6774 0.1776618590539211 0.9896915160168514 0
6775 0.9724132935930513 0.8257795222332374 0
6776 0.8821669307502171 0.9010700709592028 0
6777 0.9164060593502125 0.9613788051318553 0
6778 0.9497795311619059 0.5083822016932771 0
6779 0.9742101848006047 0.9047591681809083 0
6780 0.04285020302429547 0.8652752221635035 0
6781 0.05078104030858113 0.5972072858391848 0
6782 0.1618813674046213 0.5475806488244727 0
6783 0.9002773288982591 0.8917237024260056 0
6784 0.8323450735008027 0.9899718795215381 0
6785 0.854251676884584 0.9367982267048745 0
6786 0.9225539871370537 0.9792805665274696 0
6787 0.941657011705004 0.8675398001355155 0
6788 0.9872569304993476 0.8384755489473115 0
6789 0.1113495763014871 0.9578474769942479 0
6790 0.9600202896293968 0.509132016952784 0
6791 0.8952094990846872 0.9169684988968986 0
6792 0.1101064351714765 0.600198860713301 0
6793 0.2657249165637437 0.6065305458830573 0
6794 0.9808985982113321 0.9472337341650098 0
6795 0.1057183891948603 0.8882210780529185 0
6796 0.9310997771009439 0.5311984256359377 0
6797 0.91267067617159 0.9282974131740573 0
6798 0.0938005023185811 0.9523985063864564 0
6799 0.8934421862543674 0.6078070424662287 0
6800 0.03824381017714588 0.6105387072017644 0
6801 0.0093336365185789 0.7006398787566212 0
6802 0.8547513865175005 0.9268217231872162 0
6803 0.9904075274972004 0.9282880204093846 0
6804 0.9842726677393385 0.9579242336992025 0
6805 0.9210202255006608 0.5374003209163522 0
6806 0.886134702787431 0.9143865664814523 0
6807 0.05485436437990827 0.9115506364303025 0
6808 0.06842890322571182 0.9673723667277054 0
6809 0.9238078218436051 0.9320468809850052 0
6810 0.06339637606114132 0.5359963655252646 0
6811 0.7991036968640977 0.990805163251835 0
6812 0.8142101873779795 0.979533529355855 0
6813 0.9044880950116867 0.9178063705084338 0
6814 0.9834390870031248 0.92706343104199 0
6815 0.9905939727762576 0.9185107831255988 0
6816 0.9913942326107311 0.898257019188379 0
6817 0.1313459229870464 0.9550611597824755 0
6818 0.04570724282322933 0.9218596121249302 0
6819 0.088990917598714 0.5510219422125747 0
6820 0.9510641982005164 0.670864794001648 0
6821 0.08927718230008205 0.5182544779517863 0
6822 0.9545790337834107 0.5748131976746672 0
6823 0.8952883598463722 0.8993139090554247 0
6824 0.9595539037117633 0.6051925633873437 0
6825 0.9149016036947733 0.9739650009880865 0
6826 0.9039764334453537 0.9067712918880189 0
6827 0.9160223594171234 0.9093502887410698 0
6828 0.9070222327830286 0.5436016054017809 0
6829 0.9528139884522625 0.6411296845794898 0
6830 0.9196384929508348 0.9691216939144204 0
6831 0.9794909572640914 0.9331698466071647 0
6832 0.9814083121713098 0.9065835835485873 0
6833 0.00959054854576046 0.5388788497487892 0
6834 0.0401377212052677 0.8980251020643527 0
6835 0.9246222349032455 0.9448704005435732 0
6836 0.929383986135618 0.9899115482606258 0
6837 0.9205311617676923 0.8915412287592937 0
6838 0.9825704828171981 0.9667673917420847 0
6839 0.9518258092374786 0.9832758431752497 0
6840 0.9168806172170629 0.9881329518726212 0
6841 0.9660187268798367 0.990279131865178 0
6842 0.08443393966339544 0.5091715770376984 0
6843 0.9925797298745828 0.7921679312364842 0
6844 0.9912229465990897 0.968668375106038 0
6845 0.99077736108527 0.9084216803618898 0
6846 0.01839177813236282 0.9909368590028638 0
6847 0.02733869563842884 0.9263135073333471 0
6848 0.9690199211812351 0.5756214722318055 0
6849 0.04076154683967415 0.9426190592776146 0
6850 0.9633968431431683 0.5586126258987304 0
6851 0.9672944291392365 0.9616672577413152 0
6852 0.03152815166889968 0.5100088185605073 0
6853 0.8685326616209925 0.9908500656672324 0
6854 0.2790774969487957 0.6258254367574931 0
6855 0.9665669579950962 0.9348245380897022 0
6856 0.9602038144789842 0.5186004079835268 0
6857 0.03356513129108545 0.9145819392448817 0
6858 0.0585875234320502 0.8666468495629111 0
6859 0.9654450448160978 0.5880988964460341 0
6860 0.02005034461926676 0.5288960923266295 0
6861 0.03020334108173753 0.5296678629926119 0
6862 0.04144596814188036 0.9771577415433297 0
6863 0.03122221221515434 0.9822277222411533 0
6864 0.9705765331772853 0.5280114012044356 0
6865 0.009930147612595761 0.9672224397756005 0
6866 0.9901691190488151 0.5394157919601578 0
6867 0.02868685193720554 0.5394167834303343 0
6868 0.5110838340642967 0.7453974536856818 0
6869 0.9334158355722579 0.9501268013846399 0
6870 0.9902505112668368 0.5096197157301167 0
6871 0.05331565247777775 0.9488181565061268 0
6872 0.05753929606028873 0.5589970174561455 0
6873 0.9446375464208706 0.5496959327404588 0
6874 0.01021979844859615 0.5096235046483019 0
6875 0.9805541326071586 0.5284581790458953 0
6876 0.6684260922371543 0.7499238340330701 0
6877 0.02796218256542468 0.9654180939238768 0
6878 0.969588232414618 0.5378326695076956 0
6879 0.955488624650388 0.9570210453046262 0
6880 0.9356969662153134 0.9790604772791473 0
6881 0.4271019294551868 0.59108562759424 0
6882 0.4263664211871134 0.9112572964652151 0
6883 0.4549656666880146 0.5349713670004405 0
6884 0.4584556667425045 0.9658983749306292 0
6885 0.2893804139742784 0.541158775112663 0
6886 0.3301162553784873 0.6601627708665567 0
6887 0.3286760198091537 0.8401378482804534 0
6888 0.4073743041711207 0.7737291482730805 0
6889 0.5180457836193985 0.8462900420480057 0
6890 0.5178846748502188 0.6537958947619242 0
6891 0.3299190623341894 0.7881630482963765 0
6892 0.338041244224239 0.7782289095552184 0
6893 0.3412426043098425 0.7177331948213729 0
6894 0.3218512631569069 0.7318949023702264 0
6895 0.3082332055095478 0.5369021519401916 0
6896 0.6698232863828453 0.8396274209627397 0
6897 0.6666995038993534 0.6562643251878153 0
6898 0.3709156656307106 0.7875409002522923 0
6899 0.3684855095407016 0.7144106947944369 0
6900 0.6207749492168531 0.7872207417005805 0
6901 0.6207950174848483 0.7126122379774167 0
6902 0.2953498106146225 0.5958869317031916 0
6903 0.7049610304298423 0.7743479365425842 0
6904 0.6773550444464029 0.7150185579290722 0
6905 0.2710879628976292 0.5375239759024437 0
6906 0.3108300856375219 0.9571773549160811 0
6907 0.3512879545681691 0.8472707524373455 0
6908 0.3508673603987424 0.6526653174723773 0
6909 0.6630881359423887 0.8962678820731457 0
6910 0.659386112177745 0.6012272083766107 0
6911 0.3914682069356698 0.7820508486028969 0
6912 0.3914522712696469 0.717946164504135 0
6913 0.7180440189043018 0.7130538630423216 0
6914 0.6665295520749407 0.9572837671294994 0
6915 0.6650349004080722 0.5392798098292587 0
6916 0.3137604803457825 0.8580219803427728 0
6917 0.316146236891747 0.643833142830726 0
6918 0.6683924369355327 0.7800710429865743 0
6919 0.6613923166150773 0.7178851207947602 0
6920 0.3088462551398168 0.8956679620953009 0
6921 0.3111683692760836 0.7763968166530233 0
6922 0.3103654797709901 0.7223920804946943 0
6923 0.6023108261921253 0.8993083509129148 0
6924 0.6022784953564065 0.6001402950728023 0
6925 0.6940956287321736 0.9006281281179802 0
6926 0.6570245224213807 0.6616597170457594 0
6927 0.6617796932716595 0.8396748985622045 0
6928 0.6848317315448906 0.6437117237487785 0
6929 0.4218212544207495 0.728227655653503 0
6930 0.3074447155521765 0.6036333935125972 0
6931 0.6514201341641371 0.9763524737366486 0
6932 0.6513026013304876 0.5229307380499754 0
6933 0.6842017462097957 0.9724995320040042 0
6934 0.6907709809581007 0.5287219781343449 0
6935 0.568827004004992 0.7895159559221316 0
6936 0.5679106181649852 0.7137528304736799 0
6937 0.6424251736422592 0.7839935978105568 0
6938 0.6433664453850378 0.7179796033217272 0
6939 0.3013059345267502 0.9701098041005293 0
6940 0.6826390519931721 0.8528480046532413 0
6941 0.7226017580162532 0.7834290823259783 0
6942 0.3943326805834067 0.9673787568024987 0
6943 0.3924413498061521 0.5312991019154487 0
6944 0.5505130296944505 0.7874391102819117 0
6945 0.5516443053448406 0.7125146344547482 0
6946 0.3016012240921934 0.7742507362627042 0
6947 0.5866921932613699 0.9703983237307223 0
6948 0.592377710453017 0.5290482964391848 0
6949 0.3459521619387513 0.5307033021367568 0
6950 0.707420503672988 0.9725665225119566 0
6951 0.670526676033353 0.9706048193710026 0
6952 0.5067137796587137 0.7859239895863712 0
6953 0.5032456076783471 0.7146673533989545 0
6954 0.359535893061382 0.9600034192728945 0
6955 0.3536096874190212 0.5426091316871375 0
6956 0.2835765202309745 0.7221021638245186 0
6957 0.3185296627820994 0.9696973616661641 0
6958 0.3219749571214253 0.5228204489392614 0
6959 0.3881230197940227 0.8445669281486522 0
6960 0.5809988121702882 0.5321027048660804 0
6961 0.4452633859618896 0.981513273116307 0
6962 0.6405641176093881 0.6636825003000327 0
6963 0.6413543593832766 0.8372179812497835 0
6964 0.5597274852889217 0.7747759270731063 0
6965 0.5574818691991227 0.7269733340136108 0
6966 0.6358774749627565 0.7705646668852724 0
6967 0.6358497941852248 0.7299272581531047 0
6968 0.355545643140067 0.5882372254234233 0
6969 0.5219708952846954 0.7890224807362746 0
6970 0.5218379805788007 0.7117929786517977 0
6971 0.3969319254463551 0.9801029381453539 0
6972 0.5864406316116317 0.7796873829267963 0
6973 0.5852763364506864 0.7210896610659451 0
6974 0.5315644149436306 0.7896223952010327 0
6975 0.5317301611061445 0.7117715848691741 0
6976 0.650464953646904 0.6516482988623445 0
6977 0.5580628822213264 0.5337285156689891 0
6978 0.6327101391763566 0.970850885101348 0
6979 0.6317821291708051 0.5286192890929776 0
6980 0.5510129078897527 0.9748297545007361 0
6981 0.372768034763009 0.9737862576675136 0
6982 0.3706982581007218 0.5266911231284883 0
6983 0.5687378912402243 0.9824537296797236 0
6984 0.5692530291464216 0.5189311441112069 0
6985 0.407701785283918 0.9737319221659662 0
6986 0.4116310625668622 0.5284673208466378 0
6987 0.4928544022041279 0.7322086048906662 0
6988 0.4938397582843613 0.7682750256564409 0
6989 0.4786788262932112 0.7296592027572824 0
6990 0.4808814021525158 0.7713767919848809 0
6991 0.3182797105026028 0.839107477770635 0
6992 0.3032995706769408 0.8284409878878828 0
6993 0.3047544830993929 0.668698208318983 0
6994 0.4320931645534655 0.9758897094249421 0
6995 0.4281686146370579 0.5230750383662034 0
6996 0.7066610338603395 0.9131937417437194 0
6997 0.4048437402703184 0.8286966666499559 0
6998 0.4048376062965903 0.6713004992504748 0
6999 0.3003693559500582 0.91386769139487 0
7000 0.5102980956007075 0.678750262484637 0
7001 0.5096661720662978 0.8216915051208644 0
7002 0.6983718571967696 0.6470717317185901 0
7003 0.5023757954455634 0.7723719779015117 0
7004 0.5014757348698705 0.728362208350398 0
7005 0.3375755508767098 0.9131969793892274 0
7006 0.3848054202410844 0.9065969723640903 0
7007 0.3877814720451437 0.5940975724876114 0
7008 0.3231361394432226 0.9180623005389436 0
7009 0.3283271498023718 0.5844480644714194 0
7010 0.6610168157544837 0.920358302651235 0
7011 0.6627234715194407 0.5863168865548921 0
7012 0.6721989206055283 0.9214696823393942 0
7013 0.357339881224735 0.8593612502761255 0
7014 0.3571075006206884 0.6406808211216531 0
7015 0.3667901101033972 0.8516227456501648 0
7016 0.3675315691591207 0.6485572945747901 0
7017 0.3170350593809806 0.909410022288437 0
7018 0.6818480511574669 0.5820926059542316 0
7019 0.5927296513040316 0.9190150055392828 0
7020 0.5928695148829682 0.5803268536091966 0
7021 0.68120818265096 0.9139372569795005 0
7022 0.3184005529019899 0.5806265491724394 0
7023 0.4670741290217333 0.5514180692829727 0
7024 0.4656644233056667 0.9476886991260353 0
7025 0.6306489723871276 0.836602695917957 0
7026 0.6279511139183334 0.6696466619840277 0
7027 0.7110715286759992 0.563290756376981 0
7028 0.5730325456656054 0.8349167800268553 0
7029 0.5733513013419364 0.665517667649564 0
7030 0.4722190917698332 0.5866355776095524 0
7031 0.716734160013203 0.8385077331265807 0
7032 0.5131633745719785 0.6712558075258641 0
7033 0.513028540884642 0.829095502707484 0
7034 0.3764008952883879 0.7370055267463963 0
7035 0.3799781091306669 0.7666642047623002 0
7036 0.2433027789493674 0.5612103532426326 0
7037 0.534065482106425 0.6655430047656066 0
7038 0.5337268685458689 0.8344866569135875 0
7039 0.6183801819576298 0.8270709934272412 0
7040 0.6185465116026425 0.6748853738902126 0
7041 0.6511076093032864 0.7353997261225996 0
7042 0.6511645523858428 0.7644478129596193 0
7043 0.264305954217969 0.5872304955222226 0
7044 0.7204079832076342 0.823229820880691 0
7045 0.4252906616846267 0.8483080830727278 0
7046 0.4254604356157958 0.6518701397984219 0
7047 0.5551317435187292 0.9204135182107289 0
7048 0.5490298255514416 0.5804529791602926 0
7049 0.6312209568254442 0.5796165225871417 0
7050 0.7396884498151553 0.8283026784771064 0
7051 0.4684776183189454 0.7861844403217322 0
7052 0.4672455880427042 0.7145854817327945 0
7053 0.6545742666394724 0.9198544687170921 0
7054 0.6583164907932813 0.5816953795028351 0
7055 0.2487432431983292 0.6750746812682781 0
7056 0.9093458828167655 0.7481859215617669 0
7057 0.4002559527508822 0.9241367094533812 0
7058 0.3983782231558333 0.5770117459314679 0
7059 0.7304035846285185 0.9049778074102083 0
7060 0.2730817048556262 0.9244843682605061 0
7061 0.574945619850713 0.9214818643637643 0
7062 0.5715897414472233 0.5808089970255583 0
7063 0.6986764826176777 0.6086999787291479 0
7064 0.3767327178548246 0.9251454126420267 0
7065 0.3758203661932203 0.5775674006023422 0
7066 0.7449152835323413 0.9497553902263515 0
7067 0.5040745572302138 0.824644470118554 0
7068 0.5047307398488399 0.6763360652357139 0
7069 0.4194542453233413 0.9281811218102318 0
7070 0.4173509029118469 0.5708519646711634 0
7071 0.7263136695622033 0.9818603757366766 0
7072 0.4845320223275481 0.6787803503955417 0
7073 0.4878320146333587 0.8246838290276094 0
7074 0.6010671601103445 0.6649370740949488 0
7075 0.5999746627445298 0.8350723971217761 0
7076 0.3980123798727672 0.8485751024112861 0
7077 0.3986370063470697 0.6514528594745865 0
7078 0.7662953129070466 0.9273770849620634 0
7079 0.7088990348057042 0.5414083654915748 0
7080 0.614268617876547 0.9175711272321048 0
7081 0.6124685022892027 0.5795708149201483 0
7082 0.2792440795814309 0.7716764201797042 0
7083 0.2665385074175948 0.680554667851494 0
7084 0.288787529566833 0.6724353409201183 0
7085 0.6124423104661565 0.8473611112381146 0
7086 0.6151904975083899 0.6539210996351567 0
7087 0.7168182518339252 0.6734383292816251 0
7088 0.6074322103795568 0.8530724761215748 0
7089 0.6080785263422821 0.6467353837992312 0
7090 0.9294584033079796 0.7136405648467508 0
7091 0.9266797436315455 0.7333118086780042 0
7092 0.3602841754365403 0.8447103052697527 0
7093 0.3597206872060441 0.6584009576775993 0
7094 0.4309095916388954 0.7101031243417966 0
7095 0.4308788837107391 0.7895685706204029 0
7096 0.4847309797095571 0.5454754094693057 0
7097 0.4837327905420116 0.9512251883041217 0
7098 0.5350208010884298 0.9143174553617979 0
7099 0.5321488854697967 0.586010578116884 0
7100 0.2321631053772189 0.9374594489281769 0
7101 0.7104924826514915 0.604974386115642 0
7102 0.2555474129823844 0.5726569974302067 0
7103 0.4338484884361136 0.8283794737359015 0
7104 0.4337969426097243 0.6715052982017842 0
7105 0.1904987255028794 0.7510319024674929 0
7106 0.1764407179554737 0.7466502463099379 0
7107 0.1098495601856635 0.690118601319627 0
7108 0.7273039854709993 0.6687821985657079 0
7109 0.7274304183661542 0.7932529411479373 0
7110 0.7384166797352296 0.555584644824035 0
7111 0.7324886023683573 0.7059822674393125 0
7112 0.7121400532691806 0.6502359548840289 0
7113 0.8153578216161327 0.8394042882496295 0
7114 0.4387929616514 0.767923528937865 0
7115 0.4390309549892236 0.7319118322650877 0
7116 0.4782795164750003 0.6691714705881476 0
7117 0.4792758775427086 0.8329278654321674 0
7118 0.7265698083444108 0.8694323792976576 0
7119 0.4612121975286879 0.5925127681599539 0
7120 0.2524267293272292 0.5090489689901931 0
7121 0.5409183302522533 0.9916518717676737 0
7122 0.1841926303858475 0.790992876071131 0
7123 0.2193171556745904 0.5990357727088754 0
7124 0.4622442131539913 0.8388958242356751 0
7125 0.4638330783506834 0.658264558702803 0
7126 0.1290435171767361 0.6602880895741982 0
7127 0.1373548733495187 0.6984253889571781 0
7128 0.2556851260557473 0.9339703380019123 0
7129 0.5382664613117454 0.5472750863526925 0
7130 0.5352059484789656 0.9505256635963035 0
7131 0.5243104510836678 0.9155759610048363 0
7132 0.5236250868934869 0.5841527317847265 0
7133 0.8269678617039297 0.7986189066206717 0
7134 0.1703788902531647 0.7072566723276677 0
7135 0.8440437301191534 0.8744423984355429 0
7136 0.7443014420124134 0.5447195280148311 0
7137 0.7518719725328581 0.9167935565402035 0
7138 0.2094740137347266 0.8478945179134895 0
7139 0.2357855057718957 0.7954374123747443 0
7140 0.5171767040493838 0.9552588787913003 0
7141 0.5129522545469017 0.5443702681561323 0
7142 0.537365815556983 0.627039736455669 0
7143 0.8345465800491935 0.8408878873981129 0
7144 0.1483083968767177 0.7354906823063375 0
7145 0.465824280725499 0.7347674811396895 0
7146 0.4620677042265584 0.7654022335016552 0
7147 0.7504971552629119 0.9351437573701654 0
7148 0.272934446576054 0.6819750513605385 0
7149 0.7420378099796993 0.9035450496390924 0
7150 0.1875231294932799 0.65655609050577 0
7151 0.1447758706963132 0.6650421444531258 0
7152 0.2363922791793592 0.7020099624133149 0
7153 0.7159288620087574 0.9281977953509483 0
7154 0.8546428266756856 0.6334385613052435 0
7155 0.2548424498573157 0.6250319608269117 0
7156 0.752120189233471 0.5247762345192202 0
7157 0.8080037416227631 0.7066839483836761 0
7158 0.1858764244775227 0.5998766298227672 0
7159 0.2709911836760905 0.9045879407485075 0
7160 0.2191218113744862 0.5783565919093218 0
7161 0.460499360680093 0.6995595616604953 0
7162 0.4570700963800705 0.7987959312097118 0
7163 0.2645126937102882 0.929295938334786 0
7164 0.9270815871286773 0.7825731814658085 0
7165 0.8383296374323908 0.8112904344058955 0
7166 0.2114108439720311 0.6809375059999471 0
7167 0.7282657491744494 0.6014145119582631 0
7168 0.1500538281841452 0.8970452312148209 0
7169 0.2125630766465547 0.8102310768727341 0
7170 0.06112786020025918 0.7119543511949323 0
7171 0.7784445543253112 0.6873154907196856 0
7172 0.01802851582737727 0.6829520936017677 0
7173 0.1153079875481544 0.6553690041291355 0
7174 0.7814515560083575 0.6498195512195918 0
7175 0.8268028609397684 0.874447278160689 0
7176 0.5758717530618136 0.8775530068553946 0
7177 0.5760097373268495 0.6225283366356655 0
7178 0.2430888247237547 0.6380318068644766 0
7179 0.2764607164978735 0.6768659760859265 0
7180 0.1813672301800316 0.6492895408720529 0
7181 0.884564095753675 0.7318030430595436 0
7182 0.2657341557750304 0.9636729492039278 0
7183 0.1218505738345136 0.7284664319885582 0
7184 0.7991272560619658 0.8733418921980971 0
7185 0.7101981644687597 0.6652111319603719 0
7186 0.1566752423853213 0.7746436061036381 0
7187 0.2378710480536228 0.8693964349717375 0
7188 0.258336290355719 0.9676302365536068 0
7189 0.7091520572357438 0.8545256214717649 0
7190 0.7261144487531306 0.7329150758961361 0
7191 0.2987286502288789 0.5786276577953217 0
7192 0.135719372299327 0.8647824504629629 0
7193 0.2287211296900643 0.7414717093616273 0
7194 0.8989197409330123 0.7005332455641298 0
7195 0.1905999430853216 0.8551038478294375 0
7196 0.9023310318209562 0.7781942000351727 0
7197 0.2718600310009147 0.7047804474034336 0
7198 0.8095172543463138 0.773248212914465 0
7199 0.1965475583592633 0.5602943475372114 0
7200 0.1948866547633963 0.6497742289015135 0
7201 0.5612997878736585 0.8779985089005609 0
7202 0.5617323941418104 0.6219793097858078 0
7203 0.2303113130366529 0.555774612055554 0
7204 0.635502969769626 0.879341940414152 0
7205 0.6352629429894943 0.6201790703107415 0
7206 0.4894655627120446 0.5417593778046298 0
7207 0.4871293714953684 0.9616402959346021 0
7208 0.5477144728320127 0.8790851938919074 0
7209 0.548228531616443 0.6206071324325198 0
7210 0.6208311627415312 0.8788673687755663 0
7211 0.6209562309356201 0.6206352194313266 0
7212 0.2803886654177416 0.8077581426572545 0
7213 0.2700678956613145 0.8207027573983829 0
7214 0.2323101891316195 0.6661766185730577 0
7215 0.1603760755643374 0.6301954550252905 0
7216 0.2441951817514649 0.7991977155458516 0
7217 0.1223541865606829 0.6932127940578944 0
7218 0.1677805970680517 0.5679473663028956 0
7219 0.2862058608085253 0.6059458624959913 0
7220 0.833175613362805 0.6519785826318603 0
7221 0.09383082111780483 0.6868146940533796 0
7222 0.2021030024608002 0.7650370663042736 0
7223 0.203147755302338 0.5593948027734063 0
7224 0.1963686035427536 0.7173508879357192 0
7225 0.7995724861193412 0.8375596207792517 0
7226 0.7838834875652883 0.9578143534557606 0
7227 0.8015542866114488 0.9032953459927492 0
7228 0.7341169205587085 0.6814508186452715 0
7229 0.8882579920049326 0.7123571609315843 0
7230 0.7773831906118249 0.9666027097707848 0
7231 0.08057834480452131 0.7124735951732889 0
7232 0.1870295504998574 0.6087801407640358 0
7233 0.2874173197130014 0.7910282156987623 0
7234 0.7721971345460893 0.7217479407025748 0
7235 0.08540932977099516 0.6620769768640686 0
7236 0.9298662748049533 0.752510348185256 0
7237 0.185591770829725 0.8631147855664989 0
7238 0.1831497169716183 0.7129268151867325 0
7239 0.1979598739312615 0.7802792305307293 0
7240 0.8472289573123802 0.6698582954896243 0
7241 0.9338508004979128 0.7665538412469638 0
7242 0.261477708429223 0.6007116360743338 0
7243 0.239066157950892 0.9734908174249436 0
7244 0.2390829646372106 0.7119282725333131 0
7245 0.4936517114236851 0.6279452676579631 0
7246 0.4979941339738662 0.8723244496847387 0
7247 0.171639395309861 0.5404842221670373 0
7248 0.872124039014604 0.7932071340654943 0
7249 0.5297436851969569 0.9483689406301371 0
7250 0.5294033256301307 0.5470053942548051 0
7251 0.137140772799371 0.6305877484298392 0
7252 0.2151572798249367 0.7743584310641115 0
7253 0.5411431795690844 0.5093392704775119 0
7254 0.1375859785540252 0.8346738905577463 0
7255 0.776352567699771 0.7861823801047961 0
7256 0.1865120632770444 0.5634412926143093 0
7257 0.76394062427154 0.5639650300490012 0
7258 0.7865586373378967 0.6162446976435299 0
7259 0.2586151124912957 0.8912949597506717 0
7260 0.03587156174424266 0.6622686056277408 0
7261 0.2732302591655741 0.7401366381054174 0
7262 0.1651471817195328 0.8756272366085328 0
7263 0.9119779200423148 0.7043969683936616 0
7264 0.1333598919813035 0.797025561573447 0
7265 0.2074849491950057 0.9171250083248397 0
7266 0.7645031142678855 0.8155177302777991 0
7267 0.1710853074980623 0.7814087687848199 0
7268 0.1673212440994684 0.7606866405749877 0
7269 0.4966890741884687 0.6604551023977474 0
7270 0.4976353006652889 0.8404352238305669 0
7271 0.2062946641968028 0.6905731258891675 0
7272 0.8351174715378937 0.6178039562147722 0
7273 0.2291141609849269 0.7837795562480443 0
7274 0.4488877739966466 0.6274495768335799 0
7275 0.4495993858438655 0.8731377844050445 0
7276 0.7588934796439683 0.6611346310131151 0
7277 0.7116752744119939 0.5234532054623095 0
7278 0.8796836473240595 0.7994867854309038 0
7279 0.1211401943384937 0.6756825397927414 0
7280 0.7434001494036676 0.666043862084714 0
7281 0.08268163519460332 0.776388620771061 0
7282 0.7982631021646127 0.6421676022323291 0
7283 0.8683846601218184 0.6290210768154173 0
7284 0.2081803568804083 0.7464962490667446 0
7285 0.1102764766668362 0.7856283287137861 0
7286 0.5071695686716693 0.6149902348311005 0
7287 0.5079349395725561 0.8848600916253384 0
7288 0.7498567442663456 0.5823353955719081 0
7289 0.7796868449519752 0.9383754613423319 0
7290 0.3503602082433088 0.895576079838855 0
7291 0.3502851996642578 0.6076767740834895 0
7292 0.7876343832179655 0.7149549969448104 0
7293 0.7889895468211866 0.5821737826293176 0
7294 0.1711352744136037 0.6254923832795745 0
7295 0.7585576346691109 0.729673964322886 0
7296 0.7348874849882189 0.6352168840247927 0
7297 0.2552310212013114 0.6576463271913369 0
7298 0.8097890422617458 0.9065292813393047 0
7299 0.8653571923638682 0.7529522201009555 0
7300 0.8476059921354369 0.772417731447807 0
7301 0.7746113839740163 0.8158921326656086 0
7302 0.4971986214762447 0.5374252670606515 0
7303 0.497172509219295 0.9654949368966097 0
7304 0.8705858556631739 0.7187753119856816 0
7305 0.8482583204240398 0.8395495933163247 0
7306 0.8207156053585943 0.8546366394392325 0
7307 0.736561569641223 0.7910033018481899 0
7308 0.85924019960542 0.597091224123749 0
7309 0.2700689705654405 0.8328793886823995 0
7310 0.8719789672033788 0.6871817107547655 0
7311 0.1382453124326595 0.8998164237707418 0
7312 0.2200506893656571 0.6696997987927514 0
7313 0.809766000450568 0.8035943680701418 0
7314 0.1763767796392805 0.6415198037623431 0
7315 0.06991236291662728 0.7852163936232768 0
7316 0.1988317091973677 0.820063526091743 0
7317 0.7880128983412803 0.9478475932119878 0
7318 0.8654803672782873 0.7863675020977595 0
7319 0.1520352672356126 0.7055155064514526 0
7320 0.8181270480713829 0.7721085036646005 0
7321 0.730936901945265 0.9393180138721833 0
7322 0.3356955802582088 0.6365110414743258 0
7323 0.334919528636917 0.8666065863229472 0
7324 0.2438866745642187 0.8993160218352174 0
7325 0.7922808411336824 0.6990120906769264 0
7326 0.7884481799654154 0.7362161671427108 0
7327 0.4607487937036774 0.5094680354758443 0
7328 0.8006871936922004 0.74121683116338 0
7329 0.2287514779211545 0.8749447377461803 0
7330 0.4972286451346352 0.599608723573047 0
7331 0.2576138605604616 0.5541273311038428 0
7332 0.1953247532681616 0.8026405371329833 0
7333 0.2646333474479688 0.8035232779045209 0
7334 0.7631113099226641 0.9756031766828567 0
7335 0.8344985512466142 0.9061159810287028 0
7336 0.8036066351131802 0.6032721103992331 0
7337 0.156889942341228 0.8854606483414776 0
7338 0.859763681581857 0.8758606560449032 0
7339 0.1594239754950231 0.9704252479942085 0
7340 0.4519694956116566 0.5561361958059317 0
7341 0.4484229174927548 0.9423763703045196 0
7342 0.7937580036255687 0.762125078016855 0
7343 0.2427670832223209 0.5272913474045828 0
7344 0.1424563571130701 0.9570287078699248 0
7345 0.7358965292884676 0.9664414460047178 0
7346 0.164051616378142 0.9811887481181235 0
7347 0.1349757002163181 0.7307361307642611 0
7348 0.2565282525867073 0.7036368482739626 0
7349 0.1434863822708034 0.6465250722254615 0
7350 0.282071511570923 0.8773901649735116 0
7351 0.8229561515271633 0.5855430282382726 0
7352 0.7433294397990321 0.8194219459739961 0
7353 0.8530250289015271 0.7070580941268488 0
7354 0.7782583478554118 0.7558529704639679 0
7355 0.792507010077811 0.6804630935216869 0
7356 0.08757851662034376 0.7449062551912506 0
7357 0.1053538736812353 0.7240130420737463 0
7358 0.04160751100476375 0.6546098321774811 0
7359 0.2054902074978751 0.7127561488137436 0
7360 0.03136400167826142 0.6700623029343141 0
7361 0.7885864460473563 0.9035691551515321 0
7362 0.2524538993704542 0.9727378336152874 0
7363 0.1935686493934161 0.8904026225481325 0
7364 0.1652742480791579 0.7389300631285963 0
7365 0.01899411093789973 0.638533871315055 0
7366 0.2142070372882545 0.7074564516264088 0
7367 0.1837154567456305 0.6825805858480752 0
7368 0.8460561123982245 0.7324144835986697 0
7369 0.148538165665736 0.8460303153465938 0
7370 0.2243486332103612 0.8198622255785225 0
7371 0.112581924329366 0.7565960589754655 0
7372 0.2516768872118707 0.8240023950967984 0
7373 0.03924745517597521 0.8456289598173978 0
7374 0.8167847289838035 0.7422568294287765 0
7375 0.220644936686215 0.9453482731328613 0
7376 0.794371985625296 0.6110958286460255 0
7377 0.1235025998666089 0.7728792425786222 0
7378 0.4685973143798047 0.6226229141514802 0
7379 0.4689586719269893 0.8759389797484921 0
7380 0.8634051551658373 0.6799895278979249 0
7381 0.4048307978027077 0.8822544024009746 0
7382 0.4051856304914903 0.6176361128706549 0
7383 0.7747871044621046 0.6160082807494339 0
7384 0.9784778574044478 0.6646939718008293 0
7385 0.8395615302796484 0.6600628899615254 0
7386 0.2895410863264664 0.8605358223009865 0
7387 0.05583701363521231 0.8391130777867399 0
7388 0.2800971880604159 0.6459454225771789 0
7389 0.4399457689530094 0.6290899129284617 0
7390 0.4402201593536504 0.8714537358479642 0
7391 0.2480448964776996 0.850341232004755 0
7392 0.7935882344723519 0.6629871347189943 0
7393 0.8878086389356836 0.8048666416368042 0
7394 0.9110900012852932 0.6753576034432528 0
7395 0.04985791881016415 0.8319874806848816 0
7396 0.8567319181986844 0.7449105992532705 0
7397 0.1746065128025886 0.9103513756195663 0
7398 0.05028653822273067 0.7179533394176233 0
7399 0.09989307429477348 0.8003591434534879 0
7400 0.6113780946894052 0.8808443515505616 0
7401 0.6114931736293384 0.6188324470177176 0
7402 0.2217801614447151 0.5470129171554926 0
7403 0.8918602047245521 0.7587594775492926 0
7404 0.1004500951673227 0.7019833343535162 0
7405 0.1516535206210454 0.8586584666140443 0
7406 0.7789229809209504 0.8754781360105859 0
7407 0.1293662915333808 0.7132613634346836 0
7408 0.09514205281120751 0.8441412820707314 0
7409 0.8449652624316215 0.9089553206149816 0
7410 0.227712908466517 0.5722662002373569 0
7411 0.2925957359466634 0.8807287389089448 0
7412 0.2124170946874602 0.5580586246742431 0
7413 0.4547863748186791 0.6564512825576605 0
7414 0.4538440403835111 0.8423237601027203 0
7415 0.197020670664019 0.8356251571287371 0
7416 0.2629427968594323 0.7107485009514991 0
7417 0.87094875620544 0.7600386310185791 0
7418 0.7722791514190114 0.55122850260832 0
7419 0.09790295199505281 0.6499082680456062 0
7420 0.7433066494615632 0.6109324926375107 0
7421 0.1597345436243607 0.7218890751868097 0
7422 0.6545719902974224 0.6180676519519003 0
7423 0.6539453587687996 0.8800444335386538 0
7424 0.1705700882499878 0.8006790640733927 0
7425 0.1561144355198507 0.6850979793143377 0
7426 0.2204667818742076 0.8593486346117311 0
7427 0.818883006181962 0.9386427277604434 0
7428 0.2075087442697754 0.9520232675967812 0
7429 0.1006549133671977 0.8124101399242758 0
7430 0.5818300070991981 0.8715916932020651 0
7431 0.581927304687401 0.6284971166554936 0
7432 0.5185607899390129 0.9900411336310082 0
7433 0.5218580040947095 0.5100364890785881 0
7434 0.1268430266088104 0.8453578562427224 0
7435 0.7394896637857464 0.7567420295556794 0
7436 0.1125759252647324 0.9859610458653 0
7437 0.2581202500556001 0.7969364658851063 0
7438 0.7507168333130359 0.616605897053687 0
7439 0.8016739485768439 0.8116910172530146 0
7440 0.8135851364598352 0.5943661313903692 0
7441 0.8010076811313563 0.5725001838486558 0
7442 0.07411726563449649 0.6288478792093694 0
7443 0.7246491220068849 0.6318952896396498 0
7444 0.7385113876021904 0.5927210174084141 0
7445 0.4244174262420438 0.6130120148081073 0
7446 0.4247074064599751 0.8876618468478791 0
7447 0.8527685877965711 0.8440520545667916 0
7448 0.7533402309356305 0.7436096794042729 0
7449 0.03342911039555169 0.6482506645452979 0
7450 0.7611243124948616 0.7548200227093991 0
7451 0.08295094265295924 0.6356679459788227 0
7452 0.1370094721610455 0.9295467466254344 0
7453 0.1497997281039154 0.8024346791653638 0
7454 0.05153065058461153 0.6751859549826518 0
7455 0.7100872300445796 0.627610376229882 0
7456 0.8191625228539758 0.6279759800611184 0
7457 0.9487667140245375 0.7798211942036202 0
7458 0.9603200378162892 0.7223449632256135 0
7459 0.5985255381683302 0.8848999147189873 0
7460 0.5985230804561885 0.6149211540679027 0
7461 0.2785061157145862 0.5747494472911461 0
7462 0.7853915180030258 0.8553950037857148 0
7463 0.7438930924542822 0.8645733439798577 0
7464 0.06437908723446494 0.6586969292071248 0
7465 0.1442612475542674 0.5735957400877944 0
7466 0.9539591208868991 0.7490852057079785 0
7467 0.3788769452937882 0.617325849273589 0
7468 0.3792219369196269 0.8815914069439801 0
7469 0.8716542787260686 0.6198671678596652 0
7470 0.1497885568141317 0.785247258082352 0
7471 0.9312399179633528 0.7044278646717517 0
7472 0.2844716411451861 0.9796131365027289 0
7473 0.5302086893585081 0.8866794397470669 0
7474 0.5302390185366764 0.6127932504491784 0
7475 0.1264102611392517 0.9832175261110459 0
7476 0.0618732895122068 0.847462519091952 0
7477 0.8561299457701879 0.7271028581523471 0
7478 0.8272365468941949 0.9329953918889016 0
7479 0.8591939451625904 0.5700784125839667 0
7480 0.1571655506275811 0.9912398416208356 0
7481 0.8424681107039457 0.7928636924754321 0
7482 0.08613026707779552 0.6728095865851913 0
7483 0.009511873328100658 0.7205229337318422 0
7484 0.06216909872160597 0.6450334932106389 0
7485 0.1625041532519985 0.5339398463652204 0
7486 0.7698137436989136 0.6445985829350196 0
7487 0.7805706379516949 0.5479240504041449 0
7488 0.7266319808901198 0.7637245756814581 0
7489 0.04248658487333062 0.7857371615621279 0
7490 0.0756291089282512 0.6847025449234525 0
7491 0.1370949653841866 0.9635672349261558 0
7492 0.8753611330439017 0.6498592839244624 0
7493 0.172075082752424 0.6573124664125389 0
7494 0.8351597737319124 0.8928249093288275 0
7495 0.259489892894592 0.7704177257549626 0
7496 0.04624807745229666 0.6320569514359936 0
7497 0.1810321308001236 0.897850291845358 0
7498 0.07481393084735036 0.6959903377618495 0
7499 0.8623726497674683 0.827054842810072 0
7500 0.1265210544553057 0.8034969915192017 0
7501 0.07249804769299605 0.6638825837747547 0
7502 0.5035634257454634 0.5924073440163448 0
7503 0.5031954426677531 0.9033411611836265 0
7504 0.7805450218743051 0.9087430245862868 0
7505 0.7658512020629078 0.6571277835284579 0
7506 0.8497070902978783 0.8127688678701223 0
7507 0.127807635473805 0.8732778230077952 0
7508 0.240555879916965 0.7311124862489811 0
7509 0.9829271142519638 0.6419914279965731 0
7510 0.1255442541009918 0.6250550290065021 0
7511 0.9221819190519645 0.7943424108245418 0
7512 0.8904864177953783 0.5857670266210652 0
7513 0.1604591892482974 0.5787643037038984 0
7514 0.8507085671685565 0.760643123076703 0
7515 0.7311209499490793 0.8068693923053659 0
7516 0.05408284680888092 0.7973427636616042 0
7517 0.1614960785990919 0.9260802392157791 0
7518 0.1272859415737846 0.8353932501280981 0
7519 0.04259509961708952 0.7747146518890284 0
7520 0.02770833090513194 0.8381610191516777 0
7521 0.7522922778117307 0.8227944607022713 0
7522 0.9494191434853271 0.7902582976967915 0
7523 0.8817458136289246 0.746136948435716 0
7524 0.4448592366487044 0.8183040409779169 0
7525 0.4446559849759807 0.6812302576212593 0
7526 0.2657774500383259 0.8613813683111661 0
7527 0.1220563130167557 0.9139893487941542 0
7528 0.8693419829084175 0.5263784731736131 0
7529 0.1150336300548072 0.9200272534140785 0
7530 0.8801675812950482 0.5863294137837413 0
7531 0.1486322794574776 0.9476466149816264 0
7532 0.2621762412178912 0.6139389952701684 0
7533 0.826614059973527 0.7177197258333102 0
7534 0.7508892143970586 0.6483854911501229 0
7535 0.9806494783798007 0.7389300450618508 0
7536 0.8936593554368755 0.6433105224842941 0
7537 0.9896032566708175 0.6641250704585281 0
7538 0.01888115515530477 0.7103253620493883 0
7539 0.04309924344683713 0.7640247806334588 0
7540 0.1120263160112947 0.6398536455531632 0
7541 0.4645539807111023 0.6808759067064539 0
7542 0.465096794698488 0.8202900446999003 0
7543 0.9264376478660312 0.804633651174548 0
7544 0.0532521594453783 0.7633499840968649 0
7545 0.09097902423386696 0.6429787138076664 0
7546 0.8860676864428249 0.5177796388671491 0
7547 0.8173279836236198 0.6611944084272156 0
7548 0.6943767689484015 0.8878739189341359 0
7549 0.9626203152530238 0.6772103824136915 0
7550 0.7489368713392057 0.8428976677760299 0
7551 0.7465859586434829 0.7680533361025335 0
7552 0.8149537248388958 0.6939925416379489 0
7553 0.3583833709293748 0.8918789005052357 0
7554 0.1929127824250117 0.9219495724601761 0
7555 0.8849949536457908 0.6502194943105475 0
7556 0.2000324517996259 0.9454939159565478 0
7557 0.2537239843402606 0.8580285219837431 0
7558 0.760479149540046 0.5918696897931187 0
7559 0.7281094132535559 0.7514760911080647 0
7560 0.7808733541749853 0.5828413139530525 0
7561 0.401564313796286 0.6971464101253422 0
7562 0.4015643612236831 0.802456574326585 0
7563 0.7470702705718352 0.8550488656799686 0
7564 0.2277746870881066 0.5953910330530797 0
7565 0.8750138884093485 0.6045265501719517 0
7566 0.2394243908357797 0.6013342883001316 0
7567 0.7301114566643935 0.5256877885931726 0
7568 0.1162248122874335 0.6276266534189536 0
7569 0.8553150902359769 0.8614346900414222 0
7570 0.8037989720879379 0.9338907922270114 0
7571 0.8413399860852394 0.6816155020030922 0
7572 0.7846829667349289 0.8166139678370156 0
7573 0.2351086109294379 0.9044384934950108 0
7574 0.8677984901337005 0.6486639143150095 0
7575 0.8864396576268037 0.9756499529857725 0
7576 0.5079271287839826 0.8996466673985551 0
7577 0.5048082336981848 0.5984564467814608 0
7578 0.1255402040423287 0.8826682740797583 0
7579 0.2738906853267711 0.7610516162576253 0
7580 0.443682688722749 0.7585945044540311 0
7581 0.4439207636927912 0.7414116187230296 0
7582 0.2493125640138444 0.7105082974012841 0
7583 0.01909690309136068 0.6213738400483666 0
7584 0.968978620773871 0.7151074213003097 0
7585 0.8834035287001201 0.8134788817222459 0
7586 0.8635088967366624 0.8865293936360775 0
7587 0.01264557860160436 0.7522948677666189 0
7588 0.8342678380734985 0.7284150766254098 0
7589 0.01972687390096777 0.7306505822913436 0
7590 0.3910044195667829 0.887497690351361 0
7591 0.8403240434050167 0.5646879896476004 0
7592 0.7922099730913812 0.9394291298136771 0
7593 0.8324103643742569 0.5955026971350916 0
7594 0.9597035886657783 0.7076034635006629 0
7595 0.8473891588298148 0.5525728993820541 0
7596 0.1580812359965101 0.5989069478010624 0
7597 0.1963989370147349 0.6226828787780255 0
7598 0.4705793681598261 0.6423795492336506 0
7599 0.4695093857187677 0.855088715986926 0
7600 0.8595966292369354 0.8971430920703301 0
7601 0.7473957750849953 0.559340650578995 0
7602 0.7829489682372535 0.8958580918116655 0
7603 0.2306545358380109 0.7677394870663794 0
7604 0.2478140743371655 0.8869433704322044 0
7605 0.09740519859910761 0.8311868245113988 0
7606 0.9910827439390694 0.6308517478596165 0
7607 0.949721798724911 0.8011327740987561 0
7608 0.7630947280498543 0.8453112919662923 0
7609 0.457076670416464 0.7426113349843267 0
7610 0.4561891397997014 0.7579908300988071 0
7611 0.1761488900866284 0.6931709265468868 0
7612 0.1274324480742686 0.8940936936342736 0
7613 0.9701876437780279 0.7418681545002133 0
7614 0.2432019837486528 0.8781659882600873 0
7615 0.05376332435865056 0.7039879280251998 0
7616 0.7139221641234428 0.950004264288181 0
7617 0.2702659606208596 0.8722658912043857 0
7618 0.22335922803606 0.9218387017749341 0
7619 0.7783527281004127 0.5679829734758866 0
7620 0.1633415069036112 0.9030832660728447 0
7621 0.1798582452509276 0.9389535660530842 0
7622 0.1453893058053294 0.9240824631423606 0
7623 0.8098721273352466 0.9441351258523542 0
7624 0.502590579536167 0.5102985586467119 0
7625 0.5001483771571871 0.9821645911844152 0
7626 0.9100865970263521 0.6567768734663497 0
7627 0.8708228903688382 0.5665705384380267 0
7628 0.860484769399491 0.8116992104259666 0
7629 0.1284387187788915 0.9345399266410355 0
7630 0.7739769801804229 0.8494055847502759 0
7631 0.9536576950554816 0.6801021212484013 0
7632 0.2410224438791559 0.6924639410901556 0
7633 0.8843873409603432 0.6125116842565315 0
7634 0.7502162446797352 0.800771710489758 0
7635 0.3734034992239579 0.6780389362450152 0
7636 0.3739350251481727 0.8218574546308477 0
7637 0.8695815252234447 0.8380336870147112 0
7638 0.06312461247767814 0.8193992569566246 0
7639 0.9432638743192063 0.6975989736636979 0
7640 0.01488181997331207 0.8890243470524155 0
7641 0.2022097785360532 0.5341948344516523 0
7642 0.2110468623068754 0.5174720753335804 0
7643 0.813069543874842 0.6117754392287919 0
7644 0.1277504770860848 0.8253876642797524 0
7645 0.2694745366916684 0.7528932568212787 0
7646 0.05416740772645031 0.7264711162501548 0
7647 0.2135749867055697 0.9700496451009528 0
7648 0.08030099075841711 0.8826132479929286 0
7649 0.04882987774915822 0.8188053529841174 0
7650 0.1668928113627327 0.636359793907702 0
7651 0.7638108232437966 0.6161019801082913 0
7652 0.9563234817865589 0.7800535657004107 0
7653 0.5141675597254088 0.6328981772379633 0
7654 0.06706454540437577 0.6716093932534208 0
7655 0.7641813216084005 0.8692417426286895 0
7656 0.9567343483129158 0.7586924120818469 0
7657 0.9898229611884417 0.6769891737320772 0
7658 0.755317028110009 0.6404098028844258 0
7659 0.9873497448008491 0.7567187909676116 0
7660 0.209074745267451 0.5285059517689728 0
7661 0.7743546547105973 0.7668376414095988 0
7662 0.2419873309034542 0.8422844934782728 0
7663 0.7708667856125101 0.8933202542863501 0
7664 0.8071298370473821 0.9609937087316667 0
7665 0.7533401866137723 0.7755333222428794 0
7666 0.1980227025525926 0.694951099026995 0
7667 0.750823677683 0.902732281772102 0
7668 0.2791626958825209 0.5597525882938416 0
7669 0.9168173124917671 0.6197312735422141 0
7670 0.9878095588239679 0.6069343981738026 0
7671 0.8554582542608188 0.8195109121154209 0
7672 0.2914511120594111 0.5741385018932365 0
7673 0.8381595744048304 0.5245941888396344 0
7674 0.2038561008655417 0.9720319651948985 0
7675 0.777534858867505 0.8882903051072639 0
7676 0.9800026520775039 0.7153828801267165 0
7677 0.9114630531979693 0.6471198520515663 0
7678 0.7052802236945365 0.8713870683885674 0
7679 0.2486213838677787 0.5977510805989222 0
7680 0.1907430004626984 0.5758971718755459 0
7681 0.2139424865782084 0.6129572685602307 0
7682 0.9721360735915038 0.6934848830590191 0
7683 0.9692148566002553 0.7649538280822468 0
7684 0.9577243584729023 0.6582976344081808 0
7685 0.9322384813542962 0.6924787789935113 0
7686 0.6434350122832908 0.8612972362582115 0
7687 0.6462199726581178 0.637807799546412 0
7688 0.8224010736210935 0.5571326256574422 0
7689 0.2058031401634176 0.6644159054002492 0
7690 0.7883873068534315 0.9830301580797034 0
7691 0.8920040656182348 0.823224413242802 0
7692 0.7898166037651035 0.5300720851600402 0
7693 0.4822487132243691 0.5127183267284388 0
7694 0.1169535398341853 0.836295208709287 0
7695 0.2169957426774634 0.6938959943193044 0
7696 0.7964965976392654 0.7340257983911356 0
7697 0.5264707526882871 0.6337848202022978 0
7698 0.5264400760270129 0.8658227894325343 0
7699 0.7582251346170438 0.5718369570284199 0
7700 0.0486635938388742 0.7386447885418003 0
7701 0.5214302849179509 0.9353566659623855 0
7702 0.5214071806140214 0.5642937834152236 0
7703 0.7470933879874342 0.7417628823692817 0
7704 0.7416140107845238 0.8961024176584768 0
7705 0.1480512164342917 0.9666177264985838 0
7706 0.9738976873363714 0.7514483377242597 0
7707 0.7888591650707629 0.5438166435373733 0
7708 0.9598267711956101 0.7710217562077426 0
7709 0.2745218648616872 0.6039743299250936 0
7710 0.9382193186745157 0.8117026115464224 0
7711 0.03942980461526723 0.6250294204480711 0
7712 0.03511623635384528 0.6194832547931769 0
7713 0.6498112775585728 0.8175030430491818 0
7714 0.6537108777984898 0.6813980273986011 0
7715 0.8604413510308182 0.8521777629344918 0
7716 0.7440490906590894 0.638084329096259 0
7717 0.1754276162871863 0.8858881453976808 0
7718 0.9341821020218909 0.6641925956691063 0
7719 0.07172081059508165 0.6806770097881923 0
7720 0.1197020870338503 0.88812388588248 0
7721 0.7894297338411204 0.7567703156818446 0
7722 0.8756581985163657 0.5237033820765327 0
7723 0.3633729736101762 0.6956447527270765 0
7724 0.3573173980562966 0.8033232199725667 0
7725 0.4673930883899921 0.931602213063658 0
7726 0.4675092755937328 0.5723421893998599 0
7727 0.7620428996117749 0.7774958437881953 0
7728 0.9888757192762903 0.7294487830132095 0
7729 0.977336488278743 0.761098105249909 0
7730 0.983561275194032 0.6956030114651476 0
7731 0.9805211713476369 0.723729689988922 0
7732 0.9028448413731862 0.8014714302401353 0
7733 0.9333094586062343 0.6753445498119898 0
7734 0.03907764668091728 0.8095609382903231 0
7735 0.09877477079845459 0.9910868223772655 0
7736 0.03977809313795981 0.7009419288461328 0
7737 0.7714929596365218 0.5935203714138642 0
7738 0.8138987266293185 0.5660758931137153 0
7739 0.7777742020658124 0.5180428029189836 0
7740 0.7714284511238874 0.7764458965488981 0
7741 0.9296180466728145 0.5827547312943293 0
7742 0.2126702917691378 0.569663929886947 0
7743 0.8139740441022862 0.576996971159316 0
7744 0.7711320782791283 0.7949740235583687 0
7745 0.1262144278241743 0.854932103522054 0
7746 0.1911674665754493 0.9557840657365887 0
7747 0.06824521677605601 0.6371071794357645 0
7748 0.8024772591199764 0.5469505705881758 0
7749 0.8663433197505913 0.5877614873100054 0
7750 0.09498767689109887 0.9836403926959307 0
7751 0.0418550624949063 0.7965305355233318 0
7752 0.7954084339502333 0.963181824890049 0
7753 0.02287886393199659 0.7796939134040252 0
7754 0.1733487098949363 0.63382622394233 0
7755 0.07464638747344171 0.978500869428996 0
7756 0.7594854008333368 0.9032276610546494 0
7757 0.912191846490271 0.8134533093714678 0
7758 0.07041813642347744 0.8827697301420292 0
7759 0.8777691377175059 0.6315910449490889 0
7760 0.9021450245611219 0.6454350327814222 0
7761 0.8561975860100966 0.9903465890675059 0
7762 0.931614876148287 0.8173068943708391 0
7763 0.247814499235192 0.7802945676472861 0
7764 0.748899985872809 0.76101074681131 0
7765 0.8016933938582078 0.5257326190964267 0
7766 0.1686622215397465 0.9190432716833028 0
7767 0.2620261061834119 0.6389212876377631 0
7768 0.9148976344479535 0.8262365127790704 0
7769 0.07342225343338464 0.8616323032819402 0
7770 0.7166813583897869 0.5815882275922493 0
7771 0.798154723223731 0.9817046177681457 0
7772 0.7387002111335523 0.6243712931377642 0
7773 0.2208912499982601 0.9029025254517641 0
7774 0.1295439726177231 0.9077220759618946 0
7775 0.03263860229581835 0.8286372823087144 0
7776 0.04132343677474943 0.8554918332003655 0
7777 0.1081748665985497 0.8252349051815221 0
7778 0.9902454568709379 0.7070977849752058 0
7779 0.9664765417182741 0.6856132060588562 0
7780 0.8583384097032581 0.5308022356444798 0
7781 0.7974780822167018 0.7530429517830278 0
7782 0.1363607656025458 0.9740267907933353 0
7783 0.7537433224243476 0.8681443680747064 0
7784 0.7676489692506353 0.8370154213117681 0
7785 0.1838373400882238 0.9169743180119745 0
7786 0.1068003211272017 0.6312940474347463 0
7787 0.1185117728386086 0.9393746412078544 0
7788 0.7818129511911208 0.7487126111113966 0
7789 0.8808055719378085 0.9903528483688046 0
7790 0.03946343568926087 0.640135265484798 0
7791 0.02845458908689088 0.6005275734631844 0
7792 0.03522871830566181 0.7531307622702393 0
7793 0.2503119947673068 0.7303498078424715 0
7794 0.766205158302133 0.6360136335120087 0
7795 0.1344068988377613 0.5785998396788034 0
7796 0.8167026019418154 0.9539211601979323 0
7797 0.7765289121436545 0.5279515690902702 0
7798 0.9386326174895089 0.6017879565603695 0
7799 0.7406221903630478 0.5750815118525366 0
7800 0.8777704704198607 0.950644314567367 0
7801 0.9169825819075198 0.8046673353490922 0
7802 0.8770782152917022 0.9661588566885248 0
7803 0.7643583940918617 0.604263285073378 0
7804 0.1517998823052176 0.5086335615532687 0
7805 0.1077155534320899 0.9676508626924386 0
7806 0.8313916577737923 0.5753681596281364 0
7807 0.8803046172521214 0.8259625143904101 0
7808 0.9710049708991414 0.6751227648615905 0
7809 0.9334298966085732 0.8242436249856497 0
7810 0.5079993432848328 0.5319495218208636 0
7811 0.1455600352404448 0.5494963732949073 0
7812 0.7610289669755921 0.7967910131303005 0
7813 0.4350681541480434 0.5634719247979305 0
7814 0.4295224178378341 0.9399991839690728 0
7815 0.05402054148385664 0.6387836478262227 0
7816 0.03677045477339254 0.599605298511082 0
7817 0.7933986979123191 0.5930953364666418 0
7818 0.7873094177554899 0.9741695779380154 0
7819 0.924921210862659 0.681367059321461 0
7820 0.03938692747550442 0.7431370319716335 0
7821 0.09751247743031584 0.9433470819117595 0
7822 0.1554831679507587 0.5408346154108679 0
7823 0.1191937030363169 0.8546067430557923 0
7824 0.8745832859696816 0.9805028871502958 0
7825 0.8958608470843494 0.8327848393814192 0
7826 0.2737455328817944 0.618163265375155 0
7827 0.06134387259614781 0.5960185419751909 0
7828 0.7260733730524591 0.6519166521924175 0
7829 0.9277531398547619 0.5226719738353736 0
7830 0.8767079493086819 0.558931918412912 0
7831 0.8483543171094826 0.5186690095980431 0
7832 0.97921328692131 0.7032227878872839 0
7833 0.9003947102278013 0.8419815079519241 0
7834 0.04551605132498735 0.8365426349335147 0
7835 0.01976262937964175 0.7479158250445015 0
7836 0.8732456998402707 0.8661672735920153 0
7837 0.05174562819562361 0.6100535628652688 0
7838 0.04123983899880312 0.7232323792133515 0
7839 0.249881044617317 0.8370048642772483 0
7840 0.935696158315249 0.654540837811302 0
7841 0.9500849587656594 0.8118123109441942 0
7842 0.8964594134698439 0.8668673654380689 0
7843 0.240386006356142 0.855777468136841 0
7844 0.6995651247517123 0.8106088829662783 0
7845 0.8737957407898455 0.5340410980397786 0
7846 0.07952862661050235 0.6181152915527176 0
7847 0.1704686826268256 0.9331423209679723 0
7848 0.9852230067143856 0.8681218367483882 0
7849 0.02365351764458038 0.7863054600970826 0
7850 0.9308053184507072 0.642889015419865 0
7851 0.6738118995500368 0.8804201919099309 0
7852 0.6739540136534739 0.6247207953452125 0
7853 0.06075541485766416 0.8826803815536347 0
7854 0.1774593454387798 0.5185394273774167 0
7855 0.3283534297166126 0.8974954195485166 0
7856 0.3262490057968683 0.5972263379003869 0
7857 0.7700952547734445 0.5450968438087873 0
7858 0.9069148271039588 0.5175917098664121 0
7859 0.03157655176463006 0.7301111320065032 0
7860 0.9355814101283296 0.8331455073287176 0
7861 0.5974251006101105 0.8182851939149446 0
7862 0.5969516930142441 0.684956636310958 0
7863 0.1383816656910907 0.6145131347507807 0
7864 0.2378430489983395 0.8205121780671119 0
7865 0.5465026148171491 0.8562782067582477 0
7866 0.5472126029837002 0.6436538786369327 0
7867 0.03222230486158528 0.7859892689734186 0
7868 0.3992612807897064 0.8701984319316657 0
7869 0.3997251349202224 0.6298022908426263 0
7870 0.06846469464983283 0.8556258709624569 0
7871 0.8911061868712127 0.8600398882984703 0
7872 0.5766199267822463 0.8121990884897388 0
7873 0.5763151602001492 0.6885444584127821 0
7874 0.7975621210924933 0.560964242686276 0
7875 0.1865998282491035 0.9304170911604213 0
7876 0.545447937396556 0.9440530920948755 0
7877 0.5450375061141741 0.5543846699620987 0
7878 0.3751597032989837 0.8707298853437787 0
7879 0.3751271149163138 0.6288060494949989 0
7880 0.89115125785803 0.8730771646491398 0
7881 0.8672770650297501 0.8596262151345587 0
7882 0.7467375567722524 0.8106120008475169 0
7883 0.1097164819863487 0.5768484248980733 0
7884 0.8088974649120553 0.9897602106716408 0
7885 0.9010250929764624 0.8191585928607378 0
7886 0.0169294211253122 0.7769272570091962 0
7887 0.8699825341979738 0.9588769409648381 0
7888 0.7702132006329743 0.8583724344536338 0
7889 0.08964061123072419 0.6116633611332683 0
7890 0.03169132906888789 0.802419703089575 0
7891 0.3165755372761794 0.878573210709736 0
7892 0.3170456013831519 0.6220370620536196 0
7893 0.7385527360165468 0.8001372923940062 0
7894 0.9517368405046915 0.7020722360023579 0
7895 0.9378406773505492 0.841621121465517 0
7896 0.009727080602311023 0.6008712595295527 0
7897 0.7738330719583862 0.6260990654216009 0
7898 0.009717273329638109 0.6529097890498389 0
7899 0.1620834266498594 0.5091916346702161 0
7900 0.2008747121158072 0.9392389483738892 0
7901 0.02627995589904996 0.8209336065812303 0
7902 0.8482835022388446 0.5826458601446007 0
7903 0.6877696625096256 0.6827520554108632 0
7904 0.9212383211565731 0.8448661914305661 0
7905 0.4121517724706879 0.8642367810795892 0
7906 0.4124954891793236 0.6360390707386082 0
7907 0.2764703150954548 0.9460959335509804 0
7908 0.9178585730035912 0.8359872441967057 0
7909 0.2207857685937905 0.9686274562245213 0
7910 0.8999300244525359 0.9834003756277944 0
7911 0.5584948270088864 0.8991478974364126 0
7912 0.5599662993111773 0.6007878058013537 0
7913 0.0171043012353876 0.8120374835531331 0
7914 0.6883473412108664 0.6284251083074852 0
7915 0.6877916294570693 0.8712009156753755 0
7916 0.8554421395715891 0.9048670284126301 0
7917 0.9192049377525844 0.5655464204587393 0
7918 0.7564549391418652 0.8807830082721483 0
7919 0.6240056048796381 0.60150904412105 0
7920 0.6232587628464106 0.8975468653768145 0
7921 0.295753247191895 0.8163123675018106 0
7922 0.02424236347361288 0.7947485851110584 0
7923 0.482092972672764 0.8859803794313768 0
7924 0.4825515472464039 0.6084111585288188 0
7925 0.07548435986020693 0.6061359949657329 0
7926 0.8886026548956892 0.9468555135617557 0
7927 0.7933637444249355 0.551909001113206 0
7928 0.1744902251182888 0.9480130694255214 0
7929 0.2579474469349909 0.7206123264918013 0
7930 0.882778421059061 0.5632516750454589 0
7931 0.01798367641586144 0.5679198792986195 0
7932 0.2133605707668032 0.958468939976593 0
7933 0.9246264657419174 0.8250601286094818 0
7934 0.3913169156890138 0.6116372366828231 0
7935 0.9830430986428409 0.8459523582020505 0
7936 0.0351476922258784 0.8870230453826129 0
7937 0.1422272082212279 0.5301641823941711 0
7938 0.921897579570931 0.6584716830470859 0
7939 0.5688311354599136 0.6424750352117592 0
7940 0.5682786604431278 0.857703941684014 0
7941 0.09833284838613142 0.895455333620814 0
7942 0.7638459458894107 0.806104988459044 0
7943 0.6847904327122037 0.8353000024345443 0
7944 0.811367302469605 0.5415084615076192 0
7945 0.9728618417149033 0.6205783474299533 0
7946 0.8297273375923314 0.5645622444079034 0
7947 0.2122806025119232 0.9909553192058416 0
7948 0.01950912788443045 0.7681913710674572 0
7949 0.141851543744379 0.6094522595718712 0
7950 0.1428726362496047 0.5808335373913465 0
7951 0.1688480858946712 0.6157920755300946 0
7952 0.1013584426014377 0.9191466737117165 0
7953 0.7426108663633159 0.7791917321811991 0
7954 0.8109030331729017 0.5222132883618921 0
7955 0.1284369177940692 0.9659297214387138 0
7956 0.8792593469874002 0.8451795070040391 0
7957 0.9517359503410948 0.8217840142769722 0
7958 0.1588909550024345 0.6185861883085879 0
7959 0.3913097871908056 0.6333042700854124 0
7960 0.3908040898441744 0.8665393472552989 0
7961 0.5812136326964752 0.5991806861777629 0
7962 0.5810572625160932 0.9014929981819653 0
7963 0.7650237350372021 0.9892570039575229 0
7964 0.2671098934694536 0.6514350440925999 0
7965 0.250221669240085 0.6469738434182896 0
7966 0.8729815081794914 0.5801507860668349 0
7967 0.1378657791452304 0.5373548043309436 0
7968 0.1131407137073855 0.8945317143753243 0
7969 0.2614395864004884 0.8528499140477126 0
7970 0.1926270442741982 0.9652287534823696 0
7971 0.9777075513990519 0.8760059202117815 0
7972 0.6987610093976691 0.9397073478534597 0
7973 0.2229887089504604 0.9849370401528552 0
7974 0.04391476766044189 0.8817791394558846 0
7975 0.9781112128880505 0.8680098247262119 0
7976 0.1535155108514645 0.918358757928024 0
7977 0.8547527538847413 0.8336626894469335 0
7978 0.0375284912207577 0.7150630616578679 0
7979 0.01972219603500933 0.7405768664947675 0
7980 0.2652269412899203 0.7764050437736242 0
7981 0.1474628431985699 0.5235564247409883 0
7982 0.2549351620438497 0.8722794825130759 0
7983 0.9131649449812265 0.6381011061801151 0
7984 0.9049118393118453 0.8504769638147053 0
7985 0.1142920407167551 0.9490175096375475 0
7986 0.6635453006056779 0.8596510923601091 0
7987 0.6577363866578232 0.6379833448991421 0
7988 0.9008884508165993 0.6042756193380227 0
7989 0.1557812853132808 0.6077614957484095 0
7990 0.09928622923859683 0.853330244704706 0
7991 0.9592739003515496 0.8024751117926205 0
7992 0.9543322913635015 0.8317706727644041 0
7993 0.4071094188712907 0.8216894235106632 0
7994 0.4069208019854997 0.678248244945752 0
7995 0.1232269859619704 0.6160766775553754 0
7996 0.6166425775455803 0.6395726573488735 0
7997 0.6158769016245458 0.85942702038743 0
7998 0.167150077040151 0.9905930427708531 0
7999 0.3101470268014301 0.8668163728978657 0
8000 0.3119496834027727 0.6351493174139934 0
8001 0.976161523076898 0.6541840579078095 0
8002 0.9599517719261761 0.6679254932661116 0
8003 0.3704335232540244 0.6955388791430229 0
8004 0.371350163140381 0.8047320628131258 0
8005 0.3866528509408632 0.8738951053644002 0
8006 0.3869244418658748 0.6256621384745474 0
8007 0.9449004941422794 0.6462095599347895 0
8008 0.990385889689379 0.6204540322614192 0
8009 0.4522929050800113 0.8949214078385138 0
8010 0.4525133671561171 0.6082955608277089 0
8011 0.1511670061189677 0.5165822912552296 0
8012 0.08105851554089479 0.8950956789164121 0
8013 0.9905544991080838 0.7818503142818367 0
8014 0.4900991604579374 0.5811905903948429 0
8015 0.4871376762539473 0.9163649288043148 0
8016 0.9447174511391476 0.8325208418499722 0
8017 0.1171831775359551 0.9713995994735171 0
8018 0.1318297559824593 0.5116491284900951 0
8019 0.9152210131349878 0.6291786706455346 0
8020 0.1214606798311584 0.6063596401204229 0
8021 0.4186785901080698 0.5479577967470133 0
8022 0.4228047298883894 0.9550529803420723 0
8023 0.2116760751802015 0.5389343301217334 0
8024 0.00942280457715507 0.579652586485788 0
8025 0.8280587159291013 0.5522881750724288 0
8026 0.1296721482409487 0.9215003704550996 0
8027 0.98374076708018 0.8097985620904251 0
8028 0.02297978349701173 0.758976554858019 0
8029 0.2744605151975419 0.6877204791645559 0
8030 0.02518571469681515 0.8030854476448982 0
8031 0.9092363595062956 0.8584142917858806 0
8032 0.2043249667328158 0.9016974247363814 0
8033 0.1220162844510454 0.9602218537913568 0
8034 0.9343497115300695 0.6177697682873448 0
8035 0.4872532559083077 0.9698178372493675 0
8036 0.4917660721744752 0.5282735042208252 0
8037 0.9671683054865768 0.6086062070060049 0
8038 0.2718487317979048 0.7819148578092956 0
8039 0.05696622923634365 0.6027778757115823 0
8040 0.8335425848056985 0.5331016054338627 0
8041 0.02820692684215457 0.6108093273657098 0
8042 0.4951662254617347 0.9313836645365491 0
8043 0.4949696751869012 0.5683591623078995 0
8044 0.9326215361036724 0.6105030568465683 0
8045 0.1083437254579493 0.8500686924451666 0
8046 0.2470869336726486 0.8139912116724597 0
8047 0.1057272178235685 0.9462697983103152 0
8048 0.7537480851170291 0.6285355293964815 0
8049 0.8680456475527868 0.8480664168667551 0
8050 0.7794185645206085 0.9928629821079245 0
8051 0.008609016463648764 0.8746884682785642 0
8052 0.2473148123081612 0.9811268391619776 0
8053 0.9490583223991048 0.6517168854805139 0
8054 0.8963022143918171 0.9776557942987333 0
8055 0.8926218644145836 0.846829065405503 0
8056 0.9022857173672793 0.5669901504950967 0
8057 0.3844883953887244 0.80414458734201 0
8058 0.3824525598497379 0.6961971057396001 0
8059 0.7569538130647632 0.7869626149910335 0
8060 0.02838476673562358 0.6999262738804553 0
8061 0.008117283336691306 0.7922788301060404 0
8062 0.902492503467251 0.8620682335083373 0
8063 0.8601294982832215 0.9808097236032128 0
8064 0.9090436903213355 0.838555137886016 0
8065 0.9377227655066517 0.5862236675845606 0
8066 0.9569233356143752 0.8439008566437151 0
8067 0.07111824204471913 0.9150378927048956 0
8068 0.9344933137125282 0.520620945447711 0
8069 0.8489142319869666 0.5096732599632639 0
8070 0.1887930910718995 0.5224076063642116 0
8071 0.9243775345866209 0.508245606877186 0
8072 0.6580693215469675 0.8024063999637618 0
8073 0.6590654293376218 0.7006096603629365 0
8074 0.9790736171028123 0.785212518933035 0
8075 0.2942596838238887 0.6250887582552438 0
8076 0.2908607216272221 0.7027154046215524 0
8077 0.05601347206698946 0.6528860245464757 0
8078 0.008738202354125615 0.7734506099118468 0
8079 0.7893239576596429 0.5088771065863456 0
8080 0.9572499097669619 0.6289340137887935 0
8081 0.05862406076215836 0.616611929415395 0
8082 0.940628604123762 0.8491474510360446 0
8083 0.09497403892197449 0.9727521033649448 0
8084 0.06606364880625419 0.6002886015517854 0
8085 0.1282431561605866 0.5759433935011712 0
8086 0.0186939213601695 0.7005791036692248 0
8087 0.1550611810125056 0.5284204451590754 0
8088 0.7996737791742106 0.5170823653952916 0
8089 0.9250107937129374 0.8533809176091673 0
8090 0.9291327832206749 0.8619372643229465 0
8091 0.7745853156027495 0.8695335272226128 0
8092 0.9632719296853495 0.6260537354559906 0
8093 0.06536706950734048 0.5777907067175842 0
8094 0.02807673258508895 0.7094920830412912 0
8095 0.1863092970316369 0.6700458366008834 0
8096 0.06950936212046242 0.9893866846714369 0
8097 0.6978465948469665 0.86752549892064 0
8098 0.02708072605797374 0.8809430407147456 0
8099 0.1008131857480096 0.9373543775323813 0
8100 0.8676341277730907 0.9840373827029777 0
8101 0.8779926821842454 0.5397104287461515 0
8102 0.2680001517759683 0.9909666895748762 0
8103 0.1019064031611247 0.6006125132958202 0
8104 0.8972887482652155 0.6262201132715938 0
8105 0.9081559266976244 0.5086305787193619 0
8106 0.01905395176993521 0.611144853645148 0
8107 0.9928889162908994 0.6506432469392428 0
8108 0.9469600375672523 0.6907989273984554 0
8109 0.9672350010071764 0.8058696979217764 0
8110 0.05529280285293212 0.5906481494323184 0
8111 0.4876850668238116 0.9422077648857465 0
8112 0.4855296658560878 0.5588406840129716 0
8113 0.3671427191662156 0.9433682144765233 0
8114 0.3710799337921406 0.5570331929948328 0
8115 0.06622194416152934 0.9037515112867494 0
8116 0.928400864768552 0.5397326563504502 0
8117 0.03035838924622013 0.9906149161793507 0
8118 0.03278961164746979 0.7625159868603079 0
8119 0.9044199607085841 0.8840800487507223 0
8120 0.8856087110209058 0.8528302898580326 0
8121 0.927477625148751 0.5919485190965268 0
8122 0.9258068261119105 0.5146123548827106 0
8123 0.4341449027102545 0.749943353494493 0
8124 0.9177943985183543 0.6012075145338737 0
8125 0.1333108583604265 0.6040332166004587 0
8126 0.9177187413582676 0.5269523156279166 0
8127 0.08459782635387984 0.9791704302084694 0
8128 0.8949294263645963 0.944585237071257 0
8129 0.09167395102774306 0.8882920717194449 0
8130 0.9685139188564848 0.7790397230598818 0
8131 0.2651920377046128 0.7895754985667969 0
8132 0.08171368548975362 0.8593671739706336 0
8133 0.1063494850164534 0.90145149225941 0
8134 0.5023203296837222 0.8062598390613731 0
8135 0.5034935020973801 0.693302168138822 0
8136 0.1057058444104698 0.8746125205891827 0
8137 0.8873291079600049 0.591345100264196 0
8138 0.901995686788899 0.8729141852595667 0
8139 0.03484151014971166 0.7088722946014027 0
8140 0.189329028874389 0.9453713492091603 0
8141 0.1113432471527141 0.6084392473984205 0
8142 0.1134788786996021 0.8636305463367875 0
8143 0.9027455495111634 0.5570457899063582 0
8144 0.1481663781582439 0.5624433887210619 0
8145 0.890822469988232 0.6016887362644355 0
8146 0.5147045470376251 0.7982482070516557 0
8147 0.5147217931566611 0.7018991810112941 0
8148 0.8668642861914201 0.8720857205013821 0
8149 0.9453947904994582 0.5903461662795887 0
8150 0.3203598399824986 0.8177704024005946 0
8151 0.3237230491689345 0.678657548717559 0
8152 0.1199852071068536 0.8757129426734645 0
8153 0.3968250719923619 0.552993445473795 0
8154 0.4046593080781757 0.9471365589661905 0
8155 0.9173130998471683 0.5437059529761046 0
8156 0.9730389305341394 0.5927974259626806 0
8157 0.9925291869349809 0.8688383825157162 0
8158 0.09907878293243659 0.8816518046396603 0
8159 0.9296933474996739 0.8429645980295533 0
8160 0.6437483908526197 0.7065860878096479 0
8161 0.6398291105687278 0.7939070884690526 0
8162 0.9716958379488982 0.796563112867172 0
8163 0.8792876088726015 0.8595031709947337 0
8164 0.9030396003323483 0.6100152102861703 0
8165 0.9837179628053859 0.8868392586235794 0
8166 0.9367433739401789 0.627754836223992 0
8167 0.08014273840241211 0.5913548899972444 0
8168 0.8982880353580247 0.6161441315536369 0
8169 0.8674703075063052 0.9467786448171794 0
8170 0.07152835225858574 0.5972904578144657 0
8171 0.9077394595934385 0.8774502982296035 0
8172 0.7769855864710166 0.5992712743822067 0
8173 0.03503188879639852 0.8221038301315147 0
8174 0.1904146021915297 0.9876172313858117 0
8175 0.01908930073049654 0.5783503555674384 0
8176 0.07179577513463945 0.9582678004642068 0
8177 0.1126291564545785 0.568260624612781 0
8178 0.9699216008870913 0.6005806255073264 0
8179 0.3312652955920774 0.6932509631909699 0
8180 0.3371973373557242 0.8058949030775875 0
8181 0.09379461736848531 0.5073934466584926 0
8182 0.3424030862578816 0.6231575291176551 0
8183 0.3444868938754221 0.8868368911506958 0
8184 0.1143444256781907 0.9074125893972213 0
8185 0.9470160338703622 0.6606224353167067 0
8186 0.2983696439705614 0.9416209801042551 0
8187 0.1346708092877953 0.5572633380265964 0
8188 0.9461299019006351 0.8474978980504061 0
8189 0.9131084294564793 0.8660517536217206 0
8190 0.009766287481955059 0.730495729309342 0
8191 0.1440686506326155 0.5399135832037714 0
8192 0.07802195147856811 0.9691877471971281 0
8193 0.9647040101046186 0.811959261738691 0
8194 0.9124218496310894 0.5710714706162829 0
8195 0.03166124707573668 0.9051807802248024 0
8196 0.08102959290999999 0.8718193029046142 0
8197 0.8373895525923698 0.511809672517739 0
8198 0.1197811685968202 0.5176905986793127 0
8199 0.4890626599566774 0.8095324799151206 0
8200 0.4919424541215905 0.6895590564298365 0
8201 0.5882515184964675 0.6200434194897285 0
8202 0.5882157331843455 0.8799694222557104 0
8203 0.9734902147760632 0.9414393758247054 0
8204 0.2496409470284869 0.6177320229851074 0
8205 0.4341257926462527 0.8054642384050519 0
8206 0.4339806161127283 0.694207480236014 0
8207 0.008966695950653402 0.5588742643137816 0
8208 0.4372419668451369 0.8805861914392477 0
8209 0.4369985882181865 0.6203831905115765 0
8210 0.9169536937765923 0.8557656577563653 0
8211 0.9634478799058496 0.8773169500172003 0
8212 0.8174605951425603 0.507886096857548 0
8213 0.8936021806668458 0.9543628188087769 0
8214 0.07179661966706606 0.5841835223308886 0
8215 0.04876467152188047 0.5857707406254478 0
8216 0.9232993164800166 0.5321154555784369 0
8217 0.9637080700097442 0.8874614656391238 0
8218 0.2663850174152374 0.7654844310376219 0
8219 0.9793334681385941 0.7715832794044344 0
8220 0.9175991753866976 0.5082481093172336 0
8221 0.0762303610241242 0.9311279502898526 0
8222 0.8978084538674875 0.5470396669608005 0
8223 0.8338345603259405 0.9418507341564975 0
8224 0.9268717676433288 0.6012054552627595 0
8225 0.4213145665269589 0.7500057082804995 0
8226 0.3661137816547713 0.6772130661586815 0
8227 0.3636884183629323 0.8246529831616551 0
8228 0.9089105000773793 0.6020117334644223 0
8229 0.4742090444815075 0.7522491857392514 0
8230 0.9389669311091619 0.5254499816216691 0
8231 0.03591412579886528 0.8757550291921842 0
8232 0.0201461186142263 0.9355036440127558 0
8233 0.9812607720082236 0.5659905203074345 0
8234 0.006723603376186178 0.9202222487699495 0
8235 0.9911205463398852 0.5883634997477222 0
8236 0.06216416094586078 0.9564237148179383 0
8237 0.9588774218031081 0.8118090185384392 0
8238 0.9711359768675747 0.8735172721023359 0
8239 0.2040022222501296 0.9810423155235974 0
8240 0.04238581201919869 0.5987655159813498 0
8241 0.1186014109983384 0.5968250782889045 0
8242 0.9123218670400262 0.9476555085250868 0
8243 0.1298136733362325 0.5335758419117799 0
8244 0.1263990711029108 0.5211312777388515 0
8245 0.9924355453658641 0.8486483772457971 0
8246 0.1078987352529426 0.5103181621448985 0
8247 0.6870863731632686 0.6058234612659099 0
8248 0.6875637986398896 0.8940503086535401 0
8249 0.02836929124951159 0.6205907492437724 0
8250 0.9919156689635545 0.888426222800245 0
8251 0.9377373337075275 0.8789312030921305 0
8252 0.8490581066935542 0.9945187278405805 0
8253 0.9498518634399318 0.5819427885741895 0
8254 0.03168532800725287 0.5741716903763662 0
8255 0.01996886956231932 0.8496857907195766 0
8256 0.01624045826816708 0.7938572319903031 0
8257 0.9446095391092247 0.8562951881614787 0
8258 0.10882850078735 0.5944185632788991 0
8259 0.9098585532361864 0.873031804944664 0
8260 0.04646197918181119 0.5737181129459206 0
8261 0.8362875111448501 0.9807590111282805 0
8262 0.03896751442043955 0.7347181898935853 0
8263 0.2630906980948036 0.6979512926962506 0
8264 0.06015374269985173 0.8732698553738423 0
8265 0.953509042198868 0.5353686243390912 0
8266 0.0167131396328719 0.8027508929915276 0
8267 0.9764997648765663 0.8595548399173187 0
8268 0.04514825280571629 0.9697795954183536 0
8269 0.05272079410771022 0.6242738820265357 0
8270 0.9788231734427862 0.5731100108544119 0
8271 0.6165339169376185 0.6912452185020152 0
8272 0.6160655983026925 0.8087468977609026 0
8273 0.9923382080574774 0.878678273791296 0
8274 0.8792063233118819 0.8730322853374214 0
8275 0.6036628017463191 0.6241517403003735 0
8276 0.6035708494993214 0.8756697398150873 0
8277 0.8658701947003421 0.9369643655397307 0
8278 0.04813630942726907 0.900312775988108 0
8279 0.9923383914605997 0.8298015121153692 0
8280 0.02367091120767837 0.8928944794601411 0
8281 0.8255548571613249 0.9482163076814247 0
8282 0.9847599524772736 0.8313842963437484 0
8283 0.02100314692985928 0.9282840350436192 0
8284 0.06588928751117568 0.6228274940240934 0
8285 0.8206322657564249 0.5183114087333032 0
8286 0.8088118760098382 0.5078351256736402 0
8287 0.9444656976262547 0.6733738777286263 0
8288 0.1133169206960676 0.5895693753174738 0
8289 0.008312220136790793 0.8016910135515248 0
8290 0.8304289559426631 0.521014702750383 0
8291 0.9923192312546797 0.8587634985658759 0
8292 0.9773623672568417 0.6037334262078639 0
8293 0.2576103131394911 0.9826361211232695 0
8294 0.009212975216422304 0.6909700728633 0
8295 0.1210089027223281 0.5634940404882503 0
8296 0.9856176232479438 0.9515786575706926 0
8297 0.9755746219073718 0.8844490792998597 0
8298 0.9678980689922482 0.8173656902623991 0
8299 0.06012050160524884 0.5842223732428444 0
8300 0.07368890452716376 0.5293911030143566 0
8301 0.9596383404276407 0.5786351659157846 0
8302 0.0458715103516295 0.6037574973487749 0
8303 0.8626476031340771 0.953560013669347 0
8304 0.009838417461808304 0.9471373785489547 0
8305 0.9908464085682921 0.5595649893230912 0
8306 0.9121419360676191 0.8882114457030687 0
8307 0.07240482392164292 0.5115821022086016 0
8308 0.1399534834730715 0.5189065862490928 0
8309 0.9375843323917638 0.5350808670429431 0
8310 0.8928647973018539 0.5690507319764315 0
8311 0.05877886038277533 0.5719034032869242 0
8312 0.8958062334925562 0.9931228578819116 0
8313 0.9538054673242377 0.5938474323863962 0
8314 0.4492604077591112 0.5728206690858276 0
8315 0.4493709495809855 0.9250562536099652 0
8316 0.9174969357873946 0.6103773775275089 0
8317 0.02926142855935041 0.589238709212092 0
8318 0.06828007961876073 0.9338309556550672 0
8319 0.961003231418519 0.6372645660163 0
8320 0.09339193887508498 0.6005684792396202 0
8321 0.07486275258348492 0.9487772100405991 0
8322 0.06244844736427513 0.8618227915592841 0
8323 0.8351748320203649 0.927091141376322 0
8324 0.8579921747379014 0.9605405609676547 0
8325 0.08125666267392696 0.9599162690008922 0
8326 0.8201656310093737 0.9867446798438534 0
8327 0.3461718513186807 0.8238176471633826 0
8328 0.3471062270828013 0.6740804669363252 0
8329 0.04380175242482852 0.8740251453581774 0
8330 0.01861884980254948 0.8397143838024084 0
8331 0.9340756477903852 0.5739495003324598 0
8332 0.9539377235860888 0.6207718062653003 0
8333 0.8686503311346632 0.5529736168358013 0
8334 0.4223187074009206 0.6899897248660915 0
8335 0.9606992425907956 0.5278824718698091 0
8336 0.4796439263058131 0.6934038107327921 0
8337 0.4768182598397087 0.8047998992118653 0
8338 0.8421732305250705 0.9925035588754296 0
8339 0.9224924167878362 0.8835127508560468 0
8340 0.05316023405178831 0.8545604675032177 0
8341 0.2993746325810857 0.5574804598126288 0
8342 0.8154902671546817 0.5135615126223927 0
8343 0.1213500727703476 0.5292647695715849 0
8344 0.9052810063314305 0.9912752517217901 0
8345 0.0195029660571538 0.5896891581074296 0
8346 0.8904491810620016 0.6181896712171436 0
8347 0.01765381622030325 0.5583073923204563 0
8348 0.05348456908723753 0.5788197116459249 0
8349 0.01027762581365264 0.740519566646066 0
8350 0.8645786262473113 0.9633488998542665 0
8351 0.1265397762399184 0.5610696393600726 0
8352 0.0935447721627512 0.9236322210310675 0
8353 0.1609093577056485 0.9576017442730936 0
8354 0.9806607155535582 0.9761538348528502 0
8355 0.9011038580660594 0.973395123291674 0
8356 0.9927049291420136 0.8392395895454922 0
8357 0.02468142876439309 0.566576488609447 0
8358 0.9623403598269915 0.9296814336409284 0
8359 0.9813516572723374 0.8193326283859406 0
8360 0.1530035295015844 0.9327951379674734 0
8361 0.009107311269963074 0.5691050103111796 0
8362 0.7056906337172867 0.7500894374099666 0
8363 0.8143615475248314 0.5289851921000722 0
8364 0.125728233709637 0.5420241733201742 0
8365 0.9468554888241724 0.9120475437212642 0
8366 0.9769209734866029 0.835305796359038 0
8367 0.008206797840788406 0.7827796325836832 0
8368 0.181986907226314 0.9575815653607414 0
8369 0.03623962612636763 0.9239532828993656 0
8370 0.0800355421587463 0.5210952333674455 0
8371 0.07598683654411377 0.5673691650796213 0
8372 0.5104602343196378 0.6946430607004074 0
8373 0.5099349971774713 0.8052554802599237 0
8374 0.9070737858022744 0.9546944711207517 0
8375 0.9089624240375299 0.5661529277765559 0
8376 0.9093110990720636 0.9360235620734532 0
8377 0.05049946413692382 0.8912452343931132 0
8378 0.8401167049390951 0.5575761479672763 0
8379 0.8764172920490677 0.9400655861011835 0
8380 0.01023425183409089 0.5193666965011343 0
8381 0.9915186844048195 0.8194530767601348 0
8382 0.06968209010309681 0.5448147793329768 0
8383 0.8263843343034998 0.509196714434609 0
8384 0.8682904788574432 0.9028067470821415 0
8385 0.7682659946183237 0.5076198088285013 0
8386 0.08471279490861181 0.9277742782119995 0
8387 0.9631223010838961 0.8693553487513045 0
8388 0.8981033898993052 0.5088288635843538 0
8389 0.06710808429733128 0.5201068359554564 0
8390 0.1435749874814402 0.9382672521030715 0
8391 0.1026026638408684 0.5440975638743194 0
8392 0.8856398756580346 0.9377720249673101 0
8393 0.0804193207889197 0.9182702968262788 0
8394 0.01904227495474288 0.9715833413525935 0
8395 0.02202232148019175 0.9809970210827734 0
8396 0.01213079386835157 0.9776578111338499 0
8397 0.05902674604935566 0.984262422670884 0
8398 0.1225328354753833 0.5523999016878778 0
8399 0.9048656425907122 0.9426897447465596 0
8400 0.1025273375687781 0.9551872711259616 0
8401 0.9668739616943073 0.6561215410868723 0
8402 0.1027815280218534 0.5927511433783849 0
8403 0.8966868678024321 0.9368921732290543 0
8404 0.9562640139915383 0.9052039726257082 0
8405 0.231360570093169 0.6131348143204691 0
8406 0.8736744798232068 0.8945926831905392 0
8407 0.03342918694331795 0.9747958069977202 0
8408 0.05449128271991966 0.9727303359531745 0
8409 0.7847750004391706 0.5378720058108565 0
8410 0.05188283015072251 0.505952897689925 0
8411 0.009915367488977563 0.9345806121623413 0
8412 0.990289845134835 0.5711219568342061 0
8413 0.9078845786866759 0.6186405996744037 0
8414 0.99030856002672 0.5292242865640058 0
8415 0.112298938353881 0.5478312675087297 0
8416 0.9152096876482775 0.8734317004182722 0
8417 0.1006094887816609 0.9086128043792812 0
8418 0.1164213444808233 0.9309754065001412 0
8419 0.8152016214790949 0.9728666116522048 0
8420 0.9186163833936297 0.5543795309975769 0
8421 0.9257372185991597 0.5594094903470958 0
8422 0.8073090178014797 0.980681446062122 0
8423 0.951570347594572 0.5291975915512005 0
8424 0.9255417403813366 0.6318886511472537 0
8425 0.9514714023610728 0.6122233095399403 0
8426 0.7406935533477167 0.5058306754813317 0
8427 0.973564975437613 0.6437626691278933 0
8428 0.02464588772280265 0.8695535325113135 0
8429 0.05191157793970064 0.8738360197575434 0
8430 0.1080559122414365 0.5568868419833409 0
8431 0.9509046477308991 0.8520029637387248 0
8432 0.1262556228868385 0.9476374977615492 0
8433 0.9717473458868143 0.8952614234068446 0
8434 0.9115918768015229 0.5495273630206736 0
8435 0.8380792386345042 0.5466644900829902 0
8436 0.965442606928529 0.7000741627925504 0
8437 0.8558908991834594 0.91854490694333 0
8438 0.355346258271128 0.6306662447688852 0
8439 0.3562077592143363 0.869168507662058 0
8440 0.07882623241470702 0.5481818279210358 0
8441 0.0596259496689264 0.5081655863019843 0
8442 0.9335845459810735 0.8704820610323266 0
8443 0.0844639257021772 0.9501952406230148 0
8444 0.9197560517871263 0.6392489667919791 0
8445 0.8496081841954527 0.955962963271221 0
8446 0.8064394646768416 0.9719984367756723 0
8447 0.08813706819710714 0.9385228970607387 0
8448 0.8195163066922997 0.5355310550726445 0
8449 0.04246847573577759 0.8896719623959215 0
8450 0.08271973374817011 0.5297528933741603 0
8451 0.9803724572707883 0.5093703961971696 0
8452 0.9269600165776093 0.9611178525604837 0
8453 0.09199664393288912 0.8737097903327703 0
8454 0.8407617814848071 0.9724379582873288 0
8455 0.05704834356886685 0.9285233959998988 0
8456 0.8970005532177654 0.5851547709936568 0
8457 0.8926867511698922 0.8860376792136439 0
8458 0.8598854018314179 0.9312006666841431 0
8459 0.03822711007260867 0.5412834427639911 0
8460 0.6903368153144638 0.7026621043972354 0
8461 0.6683172711443722 0.7683079377829483 0
8462 0.6881695520857811 0.7677263895452566 0
8463 0.6032513622930781 0.7330277228009848 0
8464 0.6026526581051164 0.7626481373808539 0
8465 0.5920751661892532 0.7680869702657932 0
8466 0.5938268394179307 0.7309028388619848 0
8467 0.6740623639459622 0.7316696428706109 0
8468 0.683070226674668 0.7346729669829262 0
8469 0.7069893297516494 0.7051471937782285 0
8470 0.7018156487557068 0.7960946207460169 0
8471 0.2905466168098088 0.5328954621019116 0
8472 0.6278455700641693 0.764845843536145 0
8473 0.6277309779312342 0.735272139601552 0
8474 0.3610512332595329 0.9741137451363805 0
8475 0.3609107836078243 0.5224131753107308 0
8476 0.7074195383815043 0.9829819373391363 0
8477 0.4520888229257631 0.5152248014644546 0
8478 0.4606544565776765 0.984195959875269 0
8479 0.3698907726137469 0.7290888049340447 0
8480 0.3697545826716198 0.7712375114966336 0
8481 0.6613609218782396 0.7678762062506185 0
8482 0.355664693878082 0.7429477109349203 0
8483 0.3633335990373255 0.7639961280627858 0
8484 0.6145207623448087 0.7339468427039372 0
8485 0.6151486938199517 0.7654189113242199 0
8486 0.3205409017957099 0.5380072488924794 0
8487 0.6639098086951774 0.7272033288090019 0
8488 0.5770889016095592 0.9864483052094949 0
8489 0.6923257478163081 0.8013709970346905 0
8490 0.3305228768689481 0.9313105186534958 0
8491 0.7143671037237183 0.733265254124207 0
8492 0.3294686284199394 0.5737248421762776 0
8493 0.3400483510333994 0.7306687009127769 0
8494 0.3379016429294833 0.8537875963156062 0
8495 0.3384625489162565 0.6468677074578426 0
8496 0.6698183043973788 0.6949967408833371 0
8497 0.3983241315432019 0.7593360232865142 0
8498 0.3967333540534572 0.7408153110812301 0
8499 0.4240700731123157 0.5354596921276691 0
8500 0.4328013934312935 0.5323731693917824 0
8501 0.3896851107768421 0.7672645518808954 0
8502 0.3937340892387674 0.7287941908141163 0
8503 0.6787714262970565 0.537559161869282 0
8504 0.3479772964754343 0.736783197328051 0
8505 0.3505402671998645 0.7637330171490445 0
8506 0.64046545213363 0.763057824202712 0
8507 0.640347763275694 0.7372290800757941 0
8508 0.6832333739764025 0.8080869347262707 0
8509 0.6798466981127564 0.5099540693372638 0
8510 0.5313720490147968 0.7654869602585599 0
8511 0.5333924639645877 0.7331755267816185 0
8512 0.6897552634542006 0.9833776241412708 0
8513 0.2940122073638347 0.6441602141517939 0
8514 0.2896164588095621 0.7298041687334985 0
8515 0.70997871624035 0.534206709744272 0
8516 0.6953877545724709 0.9585823754877098 0
8517 0.6331987001278565 0.9622738712090939 0
8518 0.6331325460606865 0.537272166152845 0
8519 0.3296851100940283 0.7688656741565724 0
8520 0.2993752519093251 0.5429519727664232 0
8521 0.6883817965168099 0.9548289593572211 0
8522 0.4113258694429925 0.7372842830623885 0
8523 0.4119743108434134 0.7631756390211724 0
8524 0.3208047531283926 0.5513235771707562 0
8525 0.7082756136966507 0.7824224695721299 0
8526 0.3539747374601841 0.9514371247858199 0
8527 0.351183290281027 0.5527293781470909 0
8528 0.3328956568097266 0.7387705221745397 0
8529 0.7182222700111252 0.5320296844699675 0
8530 0.6991817658284613 0.7774579977168125 0
8531 0.7264229067764318 0.8346659162133682 0
8532 0.3512455156817858 0.9809540512848599 0
8533 0.5517348345008537 0.5176964708273486 0
8534 0.3928926199046396 0.9909425353655512 0
8535 0.399202047007742 0.5100914987000791 0
8536 0.6771743805796261 0.8665129799431465 0
8537 0.5499721382844048 0.986407189640316 0
8538 0.2505966451306495 0.5279174756849357 0
8539 0.5834052704551579 0.7867472544164599 0
8540 0.5646154955042987 0.9320647186892601 0
8541 0.5658490331019033 0.5694331142308984 0
8542 0.5862050975105124 0.9293296682409414 0
8543 0.5885842325926178 0.5716112852242002 0
8544 0.7082550353334783 0.9241427083611995 0
8545 0.4083344005957018 0.7069431057660923 0
8546 0.4084789130480619 0.7916802306694181 0
8547 0.6710166356777578 0.5425588698499951 0
8548 0.3272882985391039 0.5330248601348167 0
8549 0.5523164333750772 0.9324671368190647 0
8550 0.5538651759015965 0.5671853666979166 0
8551 0.3464962941117887 0.9580563096242678 0
8552 0.3440125735255016 0.5409516659110361 0
8553 0.2995229129447211 0.8930374208785609 0
8554 0.2957631607940299 0.921943250754915 0
8555 0.4692803615495869 0.976732924443151 0
8556 0.610544582060816 0.9036524206990134 0
8557 0.6107281122027397 0.5950065061132603 0
8558 0.4188848248898858 0.9422276642499204 0
8559 0.4040424256662034 0.9846852683325752 0
8560 0.54963147562244 0.7205652790284451 0
8561 0.5474357492252675 0.7782845725826901 0
8562 0.441562315645234 0.5291397789508162 0
8563 0.4533482553277356 0.9533304450968284 0
8564 0.2638576450116345 0.5296349321782127 0
8565 0.373444761024255 0.9138390469382743 0
8566 0.3725753782167391 0.5870007451528032 0
8567 0.2946853902340469 0.7383038034622323 0
8568 0.3540396192241647 0.7054866847738013 0
8569 0.3512736847936869 0.7941368038971892 0
8570 0.5700606247203169 0.7566519201002502 0
8571 0.5737553823946255 0.7404862491051025 0
8572 0.598604119400822 0.9553591896504075 0
8573 0.5969749552918768 0.5463522900365994 0
8574 0.5657199639966548 0.9084410478638512 0
8575 0.5684669692534086 0.5925416023770997 0
8576 0.5967745730347052 0.9911719365951943 0
8577 0.3336164687249014 0.9426970595025878 0
8578 0.4490454701117825 0.5473893407112117 0
8579 0.6848875608195778 0.8420087658667556 0
8580 0.3372916755633058 0.5621870577237431 0
8581 0.6327545633165258 0.7912081187331778 0
8582 0.5491703576161731 0.5387770703332639 0
8583 0.4509287068214135 0.9906784905757246 0
8584 0.5568728314581707 0.9842369969967968 0
8585 0.560198970584725 0.5177310942399467 0
8586 0.306878955682918 0.966638859264418 0
8587 0.3725319057412354 0.9629598656543763 0
8588 0.3736766460209495 0.5379214692025067 0
8589 0.4234091878562168 0.7804098630405812 0
8590 0.6340296957533317 0.7092066254316333 0
8591 0.4331430690546443 0.721635276238081 0
8592 0.4330018928357072 0.7780368034571976 0
8593 0.6758482129137949 0.9603079922045567 0
8594 0.644256198219664 0.539447111784628 0
8595 0.6446112896873101 0.9601102231609892 0
8596 0.3061932694127918 0.7320193836942781 0
8597 0.6749355497198214 0.7973505080242442 0
8598 0.700393155552566 0.8946618540237643 0
8599 0.3261146391187381 0.9639617047768652 0
8600 0.4098372047604181 0.9352309617276227 0
8601 0.3270145888788934 0.8509994518790881 0
8602 0.3481477434500226 0.8568539832860526 0
8603 0.3479791558799464 0.643513671656577 0
8604 0.5879426692939719 0.5455555624653449 0
8605 0.5493316243831588 0.9067027698549459 0
8606 0.5515963083263074 0.5921003837569729 0
8607 0.3825711350036302 0.8285860387521896 0
8608 0.3793579080924702 0.6699429721456355 0
8609 0.3790743610586098 0.720170717733035 0
8610 0.3786159113678522 0.7780910233986759 0
8611 0.6358718084313759 0.8697839816913487 0
8612 0.6339728052625649 0.6276885302880877 0
8613 0.308548653139107 0.8375222559042063 0
8614 0.3285796007083156 0.649936347851517 0
8615 0.3024258806082978 0.6587173178974264 0
8616 0.3248390774303657 0.8018882414337004 0
8617 0.6698969935987613 0.5104065141367591 0
8618 0.2868529898086274 0.6359558791720249 0
8619 0.6206952742178516 0.5886843525319263 0
8620 0.619108417731983 0.9075533890352199 0
8621 0.6651086850153261 0.8878680569359684 0
8622 0.6660987267914269 0.7087048811461489 0
8623 0.7205332457254974 0.703346861420481 0
8624 0.4223904913136127 0.5576863955259945 0
8625 0.7101295218627137 0.895550502636525 0
8626 0.3220539365001113 0.9296414155392038 0
8627 0.3422012886366946 0.9265984056880905 0
8628 0.3413970951574906 0.902597766971231 0
8629 0.3406727250730753 0.5994484040628261 0
8630 0.6794992280945076 0.5942088366307858 0
8631 0.3494192660452891 0.5056929849958961 0
8632 0.3039237655245834 0.7641583658829311 0
8633 0.4128082442351033 0.5607729625515844 0
8634 0.3867863131369231 0.7761422981208646 0
8635 0.3845594702995223 0.7320551344678034 0
8636 0.6770456633886837 0.8373899522178131 0
8637 0.6813944973062831 0.659581014228205 0
8638 0.6673175212707202 0.6144164287114482 0
8639 0.3125901209590909 0.9810323624850298 0
8640 0.4886147541674027 0.7444651418789985 0
8641 0.7185131592167509 0.5516053098318084 0
8642 0.469499656048241 0.5434141095036109 0
8643 0.6712233213063319 0.8479133548159716 0
8644 0.3629743420376715 0.9841189862224562 0
8645 0.3686021110349038 0.5112021206062248 0
8646 0.7364330040062311 0.8394112007483627 0
8647 0.4696910863802459 0.5948408426393805 0
8648 0.4700904983757436 0.9023483885510611 0
8649 0.4142312847352903 0.9188256624732285 0
8650 0.4125499097952593 0.583884544886505 0
8651 0.7090879955156513 0.8323889210722528 0
8652 0.4029481512349573 0.5868286642072059 0
8653 0.403648679642836 0.9142116537123703 0
8654 0.4810086491657191 0.9854780334479156 0
8655 0.2992128066510517 0.6174168135276835 0
8656 0.679646681571125 0.6342384166913626 0
8657 0.2998306804106951 0.8637378233753119 0
8658 0.4309204373402142 0.9663910289006714 0
8659 0.3208633375728955 0.9567215042324063 0
8660 0.2970153439363668 0.6055230010405608 0
8661 0.2836444768649338 0.9551586063824828 0
8662 0.6074737709867761 0.8182033528277016 0
8663 0.6114008841847605 0.6811202663298911 0
8664 0.5566199818484822 0.9122373663931631 0
8665 0.5601580702032148 0.5872611043790373 0
8666 0.4682444450497483 0.7723534947900205 0
8667 0.4711056811238255 0.7247542947197997 0
8668 0.4401686868702829 0.9660842583454168 0
8669 0.2721166476850813 0.5522779335861768 0
8670 0.2965966577960649 0.9047732453485017 0
8671 0.7194812230173824 0.9165140185025471 0
8672 0.5353243083436609 0.8451964935876685 0
8673 0.5357402733779767 0.6547784616800678 0
8674 0.3273676933916627 0.6179329772567433 0
8675 0.5368612166093181 0.7962029857822187 0
8676 0.5372946515161148 0.7045576532210168 0
8677 0.7694004707095151 0.9395951210655474 0
8678 0.31509657728161 0.7557720456208751 0
8679 0.7217178592834341 0.7213852300995755 0
8680 0.7005706914986922 0.6728964776716657 0
8681 0.2801225948546809 0.9695298826827037 0
8682 0.6740830948250417 0.8940906215778033 0
8683 0.6961043915785087 0.9268188534217281 0
8684 0.5638153479272476 0.9633464528304035 0
8685 0.5686290894941327 0.5383090314697386 0
8686 0.3176393712993707 0.745190352222025 0
8687 0.3213440991517277 0.5103870277150615 0
8688 0.2960851158092399 0.872172091244123 0
8689 0.4244751562104126 0.8392561936551584 0
8690 0.4245948985711484 0.6608735136192802 0
8691 0.2430965190812373 0.5489522522544711 0
8692 0.423184459596407 0.7190333968975575 0
8693 0.9145628600628672 0.7320434421965135 0
8694 0.5654981182500851 0.7675376267302483 0
8695 0.569043614330534 0.7313518781476645 0
8696 0.7272107629645732 0.5497114840740444 0
8697 0.6397437082135704 0.6460763307125478 0
8698 0.6395808180231557 0.8500015994605643 0
8699 0.254565156403567 0.5371445272378319 0
8700 0.5265572532869186 0.6547853172955731 0
8701 0.5264316454072477 0.8452057958786027 0
8702 0.9040570817900718 0.7388473849959059 0
8703 0.6466141997840279 0.6068999852747051 0
8704 0.4769024882528643 0.7405233148701811 0
8705 0.4796814910398158 0.7583906014168806 0
8706 0.4581751926808027 0.5445651666727839 0
8707 0.644623612786611 0.8903966247025767 0
8708 0.3140086549687514 0.7087187689474849 0
8709 0.5428316929911492 0.6795053549818478 0
8710 0.5425058356032715 0.8205227549824634 0
8711 0.6691202097892656 0.833526509114156 0
8712 0.7526521504551703 0.9545796697404766 0
8713 0.2386433314331589 0.9455039261597915 0
8714 0.3822344912456687 0.9136374983747603 0
8715 0.3812003648682205 0.5910313944860379 0
8716 0.3995733783478875 0.79061954583735 0
8717 0.4010543208406225 0.7067024878807017 0
8718 0.6058103692662656 0.913459785211564 0
8719 0.6055779706232796 0.5853797695837478 0
8720 0.7236299757043808 0.9714178163696982 0
8721 0.5769116062793899 0.9115086854868775 0
8722 0.5776172039717619 0.5922706044527203 0
8723 0.3225245993774747 0.6976707800598385 0
8724 0.3275298979535309 0.8726870549047207 0
8725 0.6999832302341899 0.719409529606345 0
8726 0.7227618425266362 0.5255699636851757 0
8727 0.688347385790391 0.546723150873287 0
8728 0.2937987549726647 0.7609386940458766 0
8729 0.464854846399519 0.5318604734866317 0
8730 0.6988770156485006 0.5973421031249208 0
8731 0.6709682662556044 0.6406571915468181 0
8732 0.7586246540968887 0.9440007462447909 0
8733 0.351602979727093 0.9099016341269086 0
8734 0.6348179783538804 0.8896989612725035 0
8735 0.6351842417300952 0.6096317821849888 0
8736 0.3480530693893228 0.5913857096551135 0
8737 0.413211900055308 0.8421306049775985 0
8738 0.413499355014725 0.6581283765030856 0
8739 0.3290906555553556 0.7783761490672394 0
8740 0.6603890198160126 0.7381622920664118 0
8741 0.6592574950676448 0.7610093196878509 0
8742 0.4367455705397484 0.5416432778067358 0
8743 0.5097402877216989 0.7243555758425606 0
8744 0.5113515446301374 0.776413142952268 0
8745 0.5749675782704119 0.9314814635381461 0
8746 0.4149339940999305 0.5380384396967058 0
8747 0.3781258217854063 0.9378493668696812 0
8748 0.3775044060660781 0.5683977067636765 0
8749 0.4495434292189339 0.9608619066928635 0
8750 0.4625034412545979 0.9559798331673663 0
8751 0.4214152581022241 0.8976518000917072 0
8752 0.4209494684537792 0.6034629021792477 0
8753 0.7026383313664135 0.5289582945373516 0
8754 0.5405449922987622 0.589284024139289 0
8755 0.5405764537294154 0.9069974099220407 0
8756 0.2992600437600778 0.6664846046001464 0
8757 0.4718742445284699 0.9579858535391715 0
8758 0.3281725369412337 0.8821038926177758 0
8759 0.2487218263345447 0.5780535143422582 0
8760 0.6698384478564597 0.5933657338319781 0
8761 0.6855619366520169 0.5636936120020831 0
8762 0.2643156187497816 0.5451207865613231 0
8763 0.3390109260036744 0.9652563613746115 0
8764 0.335428753767876 0.539692327515454 0
8765 0.5687718499198982 0.9919742136817187 0
8766 0.5696713985565929 0.5093616386396797 0
8767 0.6821217193856771 0.9290541415627088 0
8768 0.3191563629321831 0.6527155761919126 0
8769 0.3164223468119166 0.8486919369566212 0
8770 0.5856742491625413 0.6585432725905481 0
8771 0.2442109706593623 0.6628107230074741 0
8772 0.6124254656089929 0.9370442674333357 0
8773 0.6076921257091306 0.5669523557707622 0
8774 0.6997996490128793 0.8219307414880989 0
8775 0.4598841388622302 0.5202728402910396 0
8776 0.630918957973417 0.8449329269662295 0
8777 0.6315383568686009 0.6543124130338758 0
8778 0.6254955018033137 0.6307405976912731 0
8779 0.6252125170328692 0.8676731641758627 0
8780 0.4051916816063523 0.5400629023050594 0
8781 0.3918328178186296 0.9522880369498638 0
8782 0.3949877235131036 0.5413347649259348 0
8783 0.3331219893286148 0.7236820105514881 0
8784 0.6993790493476291 0.5395741262851994 0
8785 0.5761636585914066 0.8242411404850145 0
8786 0.5762040074124232 0.6762901758631792 0
8787 0.3627544331441873 0.7044841406591114 0
8788 0.364287500625071 0.7958030177399916 0
8789 0.7128336238185606 0.9065264434894025 0
8790 0.01888261741862354 0.6744183006476798 0
8791 0.8977767295267342 0.7308502971932058 0
8792 0.3087590354431659 0.8196288285981223 0
8793 0.4084083223027867 0.9607846497212705 0
8794 0.6444336278489223 0.7740557880035348 0
8795 0.6441173014926392 0.727108062728833 0
8796 0.3053493790379893 0.9251247434797482 0
8797 0.6242396309326481 0.9613154197906594 0
8798 0.6242208918290024 0.5380640727624573 0
8799 0.7605290862214875 0.9600494532066822 0
8800 0.1794160120286841 0.7564360170987048 0
8801 0.9182616746376384 0.7196988469018271 0
8802 0.3032300831804057 0.5683378155600692 0
8803 0.5550854838357977 0.6654389895876733 0
8804 0.5543647611121374 0.8346628738588162 0
8805 0.4119661373786773 0.9907988344997978 0
8806 0.7216937259170598 0.8423396937288766 0
8807 0.617108723129017 0.9309631909115693 0
8808 0.6186491212269119 0.5710595704007602 0
8809 0.7159287298184363 0.9758708363557834 0
8810 0.4775213395071373 0.9739215126244858 0
8811 0.4220035588406974 0.7713780769893699 0
8812 0.6392011568921341 0.631793844893873 0
8813 0.4112543148950965 0.6057599864519094 0
8814 0.4112717566366039 0.8946364811532616 0
8815 0.6445741087962792 0.8705070396170453 0
8816 0.2529784075792313 0.585040198465744 0
8817 0.3358131844199476 0.5306851925354615 0
8818 0.6229515725336269 0.682297678247583 0
8819 0.6234794320858194 0.8167238679293157 0
8820 0.5246540156508476 0.7064129391909226 0
8821 0.6896672644232332 0.8462055249109338 0
8822 0.3073998694028206 0.9044091439028179 0
8823 0.3069424104142225 0.6265815605897114 0
8824 0.3790584312558614 0.95392140290758 0
8825 0.3853827466999141 0.5428801465053775 0
8826 0.3326650809043758 0.9028635804898296 0
8827 0.3939207157455379 0.9104792737549177 0
8828 0.3940046282788962 0.5905170606190198 0
8829 0.2826159095380623 0.5394886850028594 0
8830 0.7098629694426923 0.8223333224861247 0
8831 0.3453051607629785 0.7859392033912057 0
8832 0.6620035500715309 0.5238349451924417 0
8833 0.4079384805842881 0.5739793096051489 0
8834 0.4077910396383862 0.925865601439109 0
8835 0.675389266959472 0.5714227159096523 0
8836 0.306299262571858 0.846416520506578 0
8837 0.7079458213014878 0.5744514960354685 0
8838 0.7226567052220789 0.6806288821279707 0
8839 0.6607852129208728 0.5480204811041004 0
8840 0.1844785657620352 0.7798655606584375 0
8841 0.3756655776966981 0.9032457245593353 0
8842 0.5596285400182988 0.8871308769380093 0
8843 0.5602575057503034 0.6128336299940138 0
8844 0.2802425491266923 0.6684545074175078 0
8845 0.2900414984743281 0.7820893683647372 0
8846 0.2149870582841869 0.5916502730337465 0
8847 0.4510957443079653 0.5997573806574152 0
8848 0.4568167063271277 0.9031820519815904 0
8849 0.1870262275683832 0.7594736618930931 0
8850 0.4878317511918391 0.7222646244698135 0
8851 0.4884882678187832 0.7770683843827653 0
8852 0.2982574762126468 0.7094145211748248 0
8853 0.3662543575663964 0.9541521758362939 0
8854 0.3636824139436835 0.5447724981498975 0
8855 0.6896414201679256 0.8161940355239004 0
8856 0.5711693517038159 0.8281864280741073 0
8857 0.5713543165321753 0.6721701979037627 0
8858 0.3507042997572679 0.6646525833730841 0
8859 0.3508699692795805 0.8328560438696089 0
8860 0.4715738583654325 0.5197918414101104 0
8861 0.2427712021153096 0.5697510966552071 0
8862 0.6696763015354641 0.9121257675627804 0
8863 0.4814739707030324 0.9758022910398725 0
8864 0.4199209706442048 0.5262155236871998 0
8865 0.3327725262627487 0.797207710323337 0
8866 0.2679020788028329 0.9166797701059392 0
8867 0.3220986720499742 0.6092462696731194 0
8868 0.1589279655602548 0.6626295329283196 0
8869 0.3344208068507331 0.7020264036308943 0
8870 0.3308590748082586 0.9721325389575319 0
8871 0.5209059739232383 0.9605883112648218 0
8872 0.5987807840578411 0.7985636577053493 0
8873 0.5991220011916315 0.6964673049312268 0
8874 0.6605337244687252 0.7119105807781967 0
8875 0.9090358958232433 0.7151578214806252 0
8876 0.6627791977117674 0.7918822524765896 0
8877 0.5777896175402523 0.9538653697333558 0
8878 0.5764656093466278 0.5442364630225556 0
8879 0.4697966104728532 0.9667626252048214 0
8880 0.3761791160162628 0.8396925331148566 0
8881 0.3784006658291969 0.6571811750951306 0
8882 0.2917249973126936 0.6632748179928889 0
8883 0.4453055422641132 0.9301383212513376 0
8884 0.571267941949638 0.7956060346581317 0
8885 0.5710929295502835 0.7080867625973227 0
8886 0.623906977183039 0.9708587137754732 0
8887 0.6226155068894999 0.5285315001921718 0
8888 0.7280242373397976 0.6078079730655905 0
8889 0.6314861813164718 0.9261022626704651 0
8890 0.6298036064701335 0.5694708007271299 0
8891 0.5048651562180747 0.6702266559145764 0
8892 0.5049855522801017 0.8307433135362143 0
8893 0.4435677708353323 0.7170176356839102 0
8894 0.4432119055601298 0.7828404751178965 0
8895 0.6877609392975013 0.9071434390748316 0
8896 0.9137845080639513 0.757508065048437 0
8897 0.5926117707141106 0.7015459992395187 0
8898 0.5882504800968516 0.7944900903644563 0
8899 0.6807257492498554 0.88751199701313 0
8900 0.7109969736658143 0.9180309582737253 0
8901 0.3342229187528924 0.592668678771986 0
8902 0.2895049397684354 0.889834538329598 0
8903 0.3382045741608835 0.671075802544189 0
8904 0.3375625253888342 0.8281192962934538 0
8905 0.9007634523817056 0.7107819368084862 0
8906 0.45543626586842 0.6164778762724672 0
8907 0.4590899127918525 0.8840734148856054 0
8908 0.3237498567315743 0.8611075356033439 0
8909 0.8959718703002961 0.7177755109235368 0
8910 0.7361466279665387 0.9169256274260678 0
8911 0.7151067061110913 0.9638613418857178 0
8912 0.890522389719774 0.7244765464571215 0
8913 0.462060507562104 0.7791208915460604 0
8914 0.4632853402404825 0.7202367182817785 0
8915 0.5198020035300058 0.5383672608803957 0
8916 0.438730844076591 0.9926637723524753 0
8917 0.5234208546021142 0.9790869800596682 0
8918 0.4183976112253517 0.9668561255400032 0
8919 0.6281319960202507 0.911321405159248 0
8920 0.6316830831934425 0.5892021306988569 0
8921 0.5547488066003801 0.823897040440978 0
8922 0.5550562814869167 0.6761391173406953 0
8923 0.5216585130888891 0.6734514292267951 0
8924 0.5214444941539888 0.8267003587094268 0
8925 0.4463636476798781 0.7734950709704467 0
8926 0.4468769492428011 0.7264176174514171 0
8927 0.3338596406395759 0.6795717781951066 0
8928 0.2603852078565882 0.6694236847250763 0
8929 0.2755982675677138 0.6551585467111684 0
8930 0.3339050868530446 0.8192150614136756 0
8931 0.4649058415718267 0.6122354320471283 0
8932 0.4675822918952224 0.8843738049416613 0
8933 0.7096686924150617 0.679265785097715 0
8934 0.8594110994768935 0.6252320341873627 0
8935 0.6319865026608764 0.6786144443365502 0
8936 0.6295594819518908 0.8237336154008504 0
8937 0.7563366706107501 0.9329866412770521 0
8938 0.3257008533581765 0.6401945419783911 0
8939 0.4238875740255068 0.6704939058439746 0
8940 0.4239271784746826 0.8295076065043062 0
8941 0.5335784014244714 0.5193501357655856 0
8942 0.3323766933847128 0.9930843558579546 0
8943 0.5850764056868213 0.8180559126742431 0
8944 0.5851200757034375 0.6830467931757596 0
8945 0.6424695550976145 0.5803178639696824 0
8946 0.6555360315789238 0.7746437376035843 0
8947 0.5240769034325932 0.5198631425168391 0
8948 0.2913276471302572 0.8210125666015138 0
8949 0.5757194167748879 0.8655073229720598 0
8950 0.575972542977538 0.6346380647824126 0
8951 0.5511003569181866 0.7563049744935615 0
8952 0.5507030634945693 0.740395118950958 0
8953 0.6262306369964329 0.6115424914851878 0
8954 0.6259682573674882 0.8878853732390205 0
8955 0.7333054035724491 0.9531683725494037 0
8956 0.5758743102595263 0.8445022234125297 0
8957 0.5763003854420463 0.6559333417519573 0
8958 0.1078941362827753 0.6834871344670714 0
8959 0.5243319764300911 0.8359450201776453 0
8960 0.5244766625820001 0.6641447085812265 0
8961 0.4467520592179393 0.5674116906045188 0
8962 0.2880776828655398 0.6509628370638717 0
8963 0.5853855709366795 0.8419896847635421 0
8964 0.5340258258185767 0.9812652113698483 0
8965 0.7687112898009908 0.9646961987534953 0
8966 0.3659209494885042 0.8430265836436476 0
8967 0.3684186100014424 0.6581498558233827 0
8968 0.2962920567631777 0.68171100956297 0
8969 0.820621321568334 0.8331633182940431 0
8970 0.3321800325335446 0.509877330671868 0
8971 0.5651332340941119 0.7814648098398467 0
8972 0.5648077957327505 0.7233283357413193 0
8973 0.8277365191355777 0.8110470094495956 0
8974 0.6447314649047435 0.9210439154571118 0
8975 0.2863814792497142 0.6161878554083778 0
8976 0.4354837323175561 0.9848076552026851 0
8977 0.6543976641573243 0.8895272127463645 0
8978 0.3760407576453648 0.6024263616776086 0
8979 0.3774312690405129 0.8935643540579269 0
8980 0.3106600642603645 0.9374196481019386 0
8981 0.7184224287391453 0.5932736993003485 0
8982 0.3124312263249486 0.6549483912024795 0
8983 0.6597062352659533 0.9741175197836601 0
8984 0.4875303415674268 0.6599810285462943 0
8985 0.4885892110217304 0.8410782733845454 0
8986 0.3673829804845682 0.8914900602239068 0
8987 0.3636995196517191 0.6073131700576354 0
8988 0.6753415349030458 0.7871495839699932 0
8989 0.3767385670297088 0.6470934155290594 0
8990 0.3757189208436623 0.8522914693886288 0
8991 0.7094493968405421 0.7158630094391157 0
8992 0.3851516807139066 0.8545312157312818 0
8993 0.3859795741572998 0.6449292313742897 0
8994 0.7793721130267517 0.9494234293338628 0
8995 0.2818366148219032 0.9060722765995884 0
8996 0.7708441715202783 0.9142909787457272 0
8997 0.3897182686086438 0.7054406733907236 0
8998 0.3906132077306633 0.797135048243336 0
8999 0.4267875249441517 0.9461228771572057 0
9000 0.3006209476123368 0.8228342496959904 0
9001 0.6568467143105674 0.6106767750692729 0
9002 0.7004472406294575 0.9070445033472355 0
9003 0.7989913239570912 0.8486761166422712 0
9004 0.1488571445248042 0.6737321615501936 0
9005 0.6515154714525707 0.5904633294743527 0
9006 0.6528362856935346 0.7268736493149069 0
9007 0.5401264897160703 0.6122408233470946 0
9008 0.5397897254372085 0.8872270564227519 0
9009 0.6513027508635798 0.9139472146224589 0
9010 0.133118787579851 0.670091437443987 0
9011 0.545081852906903 0.5713660770534332 0
9012 0.5421717963666938 0.9278265259491575 0
9013 0.7138426908416634 0.6140986301707571 0
9014 0.4222644955784502 0.5807542096436099 0
9015 0.4227694020313695 0.9174954543719279 0
9016 0.1416148433827717 0.6906101581237886 0
9017 0.8095778233635426 0.847256891716319 0
9018 0.5379573441998646 0.9715329227969243 0
9019 0.5359207376093332 0.5289177234291889 0
9020 0.1695123631124329 0.7711685297185206 0
9021 0.305132974219944 0.6750226466231682 0
9022 0.8296466685633098 0.8323408686779219 0
9023 0.8085366577589918 0.8637885951957635 0
9024 0.7351974773473482 0.712085147440772 0
9025 0.6262756002190848 0.5480925570124903 0
9026 0.6251876850983156 0.95106478100666 0
9027 0.773205941170644 0.9570810789784022 0
9028 0.729917180597598 0.7166619400253921 0
9029 0.2945929593840884 0.9777836977732828 0
9030 0.4779485452017755 0.5894702132002315 0
9031 0.4765293927692083 0.9085868225870192 0
9032 0.380839040215731 0.7575441915975226 0
9033 0.3692796375310331 0.7430662522990795 0
9034 0.7420221204507361 0.9370917123821028 0
9035 0.3116931105364731 0.612998260630478 0
9036 0.2837108142135668 0.8205324271376213 0
9037 0.2830996052710905 0.7808557420936322 0
9038 0.8345113773669508 0.862349421844098 0
9039 0.1361161972653532 0.8737429173564059 0
9040 0.7220171274492933 0.8554167469644013 0
9041 0.6386659760838384 0.5888999619825838 0
9042 0.6370618719839597 0.9158314461846868 0
9043 0.5307343415292964 0.8240958154439982 0
9044 0.5310332922812963 0.6759921174295405 0
9045 0.6997417940330778 0.5806103811210756 0
9046 0.3144529607573898 0.9509866124858653 0
9047 0.2325876690964806 0.7133263949037479 0
9048 0.1656058176795215 0.7499876304261982 0
9049 0.1836350835648146 0.6361848869889947 0
9050 0.1118417747593673 0.6981447941819908 0
9051 0.1257315715089835 0.6855975942704186 0
9052 0.8331932410268643 0.8150035630301732 0
9053 0.8582699002538829 0.6078470275589289 0
9054 0.5412896717136239 0.9616001827576637 0
9055 0.6762155697553398 0.6114624561908099 0
9056 0.1402981248770436 0.6546792383742319 0
9057 0.314088564899446 0.9623631930014305 0
9058 0.1566476727253775 0.6987121617168551 0
9059 0.5643127564929127 0.8354165639635028 0
9060 0.5648874293588786 0.6648239551529492 0
9061 0.7143878876958255 0.7697560279245636 0
9062 0.5438568041481297 0.983850003270734 0
9063 0.6984814647059191 0.6836490069693232 0
9064 0.2791910183388615 0.8867017864001683 0
9065 0.4785451023743224 0.519699606546117 0
9066 0.2491413812216003 0.906654515590569 0
9067 0.1925901027519789 0.6064592825752305 0
9068 0.7261988296249017 0.9475976910094422 0
9069 0.8448846448441398 0.8661431424221893 0
9070 0.5584180891355417 0.6334536373329757 0
9071 0.5578508688835339 0.8665219019578904 0
9072 0.7351608015904734 0.8565276910951003 0
9073 0.1721213335749478 0.718007948746911 0
9074 0.3228706856075504 0.5910809579980053 0
9075 0.4547012972827743 0.7144449297431299 0
9076 0.4537964843599706 0.7855782536259881 0
9077 0.7359028432187085 0.9313728465497441 0
9078 0.1260168901735808 0.7032378259943883 0
9079 0.2838635648651483 0.6593967029667625 0
9080 0.6143815206999131 0.5378586987926699 0
9081 0.6146691017708283 0.9609324233604979 0
9082 0.5376672437630297 0.5383849122250878 0
9083 0.7133644898643027 0.5696680890777802 0
9084 0.7222224123186947 0.610464679121884 0
9085 0.3195285034125243 0.7908428621844936 0
9086 0.1998790922985092 0.7707474260290641 0
9087 0.1597290851926547 0.7338716409731413 0
9088 0.1921872945123154 0.7721936341912443 0
9089 0.1995493725527999 0.5894628587468522 0
9090 0.5273782227184448 0.8523745300039006 0
9091 0.5275011351036216 0.6475077693581116 0
9092 0.6539105983977078 0.8705878615119538 0
9093 0.140512617529767 0.709021546078599 0
9094 0.3980923297253156 0.5992366872134756 0
9095 0.3976659940323202 0.900855852750894 0
9096 0.9226251930690977 0.774110100806453 0
9097 0.3413901709958564 0.5508027984763902 0
9098 0.340169809362122 0.9497076912593178 0
9099 0.5429391852593807 0.5185365688283852 0
9100 0.1238642492988916 0.6515266137583732 0
9101 0.6525513075689428 0.630462016478703 0
9102 0.572617493274892 0.8973131588737958 0
9103 0.5734212428633838 0.6033440333650894 0
9104 0.1486198717039159 0.6577310741306374 0
9105 0.3212809432603928 0.8916245285580907 0
9106 0.3542436468688422 0.8189301889948383 0
9107 0.3190453478856999 0.8292718530876195 0
9108 0.3545740823459823 0.686319842419405 0
9109 0.4596974220206065 0.60094633500106 0
9110 0.4620648208807319 0.8997385308061375 0
9111 0.7422994384538341 0.5352642015963935 0
9112 0.7487259688986071 0.9412614805816632 0
9113 0.2686957631147455 0.6726080242963157 0
9114 0.3284646895191186 0.8297921315990193 0
9115 0.3299599413276697 0.6696882380277234 0
9116 0.5973535410156333 0.5901445505638249 0
9117 0.5976027024730668 0.9092149468031473 0
9118 0.8060253261586089 0.7173917235654648 0
9119 0.1538598994041782 0.7170847099332521 0
9120 0.6185846833773574 0.6143231615725722 0
9121 0.618384259281161 0.8851631496214535 0
9122 0.9295752405456831 0.7699718472089889 0
9123 0.4332202801477062 0.9172091254853115 0
9124 0.1433268295374681 0.7301846473943344 0
9125 0.4259446163327383 0.7020118784760916 0
9126 0.4260897239194742 0.7976302116931874 0
9127 0.2760567443243294 0.8266822694097407 0
9128 0.2628511942627411 0.5084098527984948 0
9129 0.557807960662102 0.7849612062618455 0
9130 0.5605051830004059 0.7153380230199664 0
9131 0.6612775326154051 0.5925556749036689 0
9132 0.2520718956002255 0.6662691469414104 0
9133 0.2871881059592376 0.5517337321317506 0
9134 0.3214429674969992 0.5723290267145076 0
9135 0.7065991492304896 0.5528904078901223 0
9136 0.2021502921272018 0.5683578764412535 0
9137 0.1184899709046405 0.6512576770066958 0
9138 0.09909593366674085 0.6792227952952075 0
9139 0.1324515154659741 0.7230416728661818 0
9140 0.7792742012987417 0.6385978966107905 0
9141 0.176069220125441 0.7380166449752517 0
9142 0.3143120245440721 0.5613183606112361 0
9143 0.504147589921932 0.6315157483175015 0
9144 0.5057792750729668 0.868653142860832 0
9145 0.184486349522785 0.7413685829728282 0
9146 0.1470520788007729 0.748167487944048 0
9147 0.1830757432043088 0.8015566982307516 0
9148 0.5894547831226591 0.9051431941415002 0
9149 0.5890591694367869 0.5948720570857532 0
9150 0.1382194115831477 0.8911704749819563 0
9151 0.2051398575107215 0.7570031616429824 0
9152 0.219805438548333 0.6261951897838004 0
9153 0.6670731708596636 0.9335271986111536 0
9154 0.7169735761405077 0.7549401122411403 0
9155 0.2523666983368211 0.9605672703880903 0
9156 0.5159962270383103 0.8763013059759097 0
9157 0.8238480148378491 0.864211151372225 0
9158 0.3218176595479672 0.6708033905929779 0
9159 0.4796125814840251 0.8581834685892974 0
9160 0.4781899085091733 0.6455872006728524 0
9161 0.7752074412161576 0.6977811334955684 0
9162 0.284849209860973 0.7092007752555983 0
9163 0.7205734165844132 0.5703559226682874 0
9164 0.1968919213578415 0.7916533481461421 0
9165 0.2214758571202812 0.5178037999077212 0
9166 0.9252804817390496 0.7625690245740197 0
9167 0.7521783928059707 0.7236479334623839 0
9168 0.1714112410483261 0.7911220929662569 0
9169 0.3140738360356131 0.5901737876901572 0
9170 0.1770879055233316 0.7750161146791972 0
9171 0.2486369056826731 0.5579853423314928 0
9172 0.8148371635587319 0.8645359879318703 0
9173 0.7158526576468353 0.8486440308535773 0
9174 0.3064665047901927 0.946480144843402 0
9175 0.2453470765391163 0.6839857437263733 0
9176 0.1947687368615056 0.7622933604403426 0
9177 0.6614270129459079 0.9092917324616346 0
9178 0.298371425271383 0.8345184293757043 0
9179 0.7084106733872809 0.5957561591000213 0
9180 0.8342228276301559 0.8497380525073383 0
9181 0.0797181935421705 0.8047510392355518 0
9182 0.4971599673416753 0.7821437407027049 0
9183 0.4976872512797652 0.7220395499808417 0
9184 0.6524921815606225 0.7872890127098728 0
9185 0.738657330451442 0.6741742257074235 0
9186 0.1178413265552829 0.7183200051464725 0
9187 0.6564109510539532 0.690101214080825 0
9188 0.6945139355107517 0.9136787262686494 0
9189 0.1392952206811972 0.6367202714892798 0
9190 0.5506811370998423 0.5090162339331807 0
9191 0.154314962710716 0.7645190655067338 0
9192 0.5088539678114972 0.9852096228061655 0
9193 0.6534045415447888 0.8114178225521215 0
9194 0.3150284213912818 0.9206805446408222 0
9195 0.8176253909582081 0.8457843909629293 0
9196 0.1942412369934213 0.7413072841536759 0
9197 0.1555110646283753 0.6408456935475979 0
9198 0.7713012125791989 0.9468341633610328 0
9199 0.6830472922239738 0.5292048562517642 0
9200 0.5401329219297847 0.865927945350216 0
9201 0.5406276706528378 0.6337682779540264 0
9202 0.5665134717487466 0.8020911929277623 0
9203 0.565053264339938 0.6962286900883817 0
9204 0.5651430739826969 0.9210896612606925 0
9205 0.5602637913220079 0.5772073497249343 0
9206 0.5122421479612791 0.5101573028505071 0
9207 0.2126155778375457 0.8228038780377153 0
9208 0.2151995475380052 0.7992864320002043 0
9209 0.1251885732965231 0.6678358922003296 0
9210 0.7180418817134121 0.5424426658627638 0
9211 0.4830121633551346 0.9059623992712965 0
9212 0.4870280395624076 0.5932695184768474 0
9213 0.6925804656664677 0.5733929941266087 0
9214 0.117349378677607 0.6652089946116137 0
9215 0.7570880472338417 0.9201415523444304 0
9216 0.5499640022897929 0.9923156177823574 0
9217 0.2181647729495411 0.8379227454434236 0
9218 0.2098369262357878 0.7806754994956482 0
9219 0.7239070761598411 0.8121596187039908 0
9220 0.7894064035003093 0.7087732484024277 0
9221 0.7341793577626582 0.8165995636801793 0
9222 0.4605320047876792 0.5532373234022138 0
9223 0.1100920015663638 0.6614497958733896 0
9224 0.3666411469547808 0.8812038734463195 0
9225 0.3649330640373559 0.6180216465956393 0
9226 0.2849817011745963 0.7625602864013064 0
9227 0.2862028732183411 0.6852007182022635 0
9228 0.6929702809123253 0.5876189999878029 0
9229 0.6708151623851795 0.5307863375891467 0
9230 0.2004657020233221 0.8088669485595449 0
9231 0.7291188935282152 0.9244335806186688 0
9232 0.4789689102203651 0.8978830679049561 0
9233 0.4788367219954466 0.5971342832981568 0
9234 0.07032811753333906 0.7975848248301716 0
9235 0.3040567571937157 0.8085683852543653 0
9236 0.2664367427330921 0.8954134239759052 0
9237 0.2707873789440062 0.97227570024618 0
9238 0.2251229749945128 0.7518289050650829 0
9239 0.9104666647728535 0.7707195143555778 0
9240 0.7520225353187625 0.9258721395542652 0
9241 0.9218736669785758 0.7542851712898231 0
9242 0.1019425769233352 0.7131102342240242 0
9243 0.1176953771839241 0.7367705399898867 0
9244 0.5155410875443021 0.8376109451174154 0
9245 0.5154667007035925 0.6626686439647274 0
9246 0.5556567424206605 0.7211514318439161 0
9247 0.5553887357220103 0.7793656256638851 0
9248 0.8414113598878696 0.6143312354196568 0
9249 0.6530022251743375 0.7180974799523278 0
9250 0.4616844615154991 0.938426423885398 0
9251 0.8903825942086462 0.7828291890266865 0
9252 0.5987974224392891 0.8280013332559127 0
9253 0.6023785375475774 0.6739773188348136 0
9254 0.4974073324720366 0.7409660945244742 0
9255 0.4973280914807779 0.761566054880442 0
9256 0.3019200935080928 0.9569085383142081 0
9257 0.7188918974468008 0.5197159426762604 0
9258 0.7466364539235973 0.9308593374783643 0
9259 0.4794980503245577 0.6600503896362985 0
9260 0.4804325942672894 0.8416448694570556 0
9261 0.7350234933101474 0.6939670095535997 0
9262 0.6522108273518266 0.5440430126571626 0
9263 0.4329240320984991 0.5102903916985967 0
9264 0.8493149127536919 0.6194871867366192 0
9265 0.4724131095971609 0.9238237613768892 0
9266 0.4571937345239284 0.9455402685856548 0
9267 0.773848055591316 0.7123878642210028 0
9268 0.2503654293657464 0.9262427288954611 0
9269 0.2839291727483294 0.7997518684512684 0
9270 0.6612320447680582 0.8799963917944967 0
9271 0.7895747860127699 0.6899570916162207 0
9272 0.6936919776787214 0.9684177676213608 0
9273 0.2937385878055976 0.8264250019165125 0
9274 0.8091856764785271 0.7669577957974014 0
9275 0.2517653457631721 0.5655092974128408 0
9276 0.3133824949727342 0.6732031117258003 0
9277 0.2203262117678726 0.8241827938306671 0
9278 0.8088008581774387 0.679300661811601 0
9279 0.4432010374144467 0.8277837378057102 0
9280 0.44335711780333 0.6719251607721971 0
9281 0.4175340877964482 0.9075942001870864 0
9282 0.4169824009177226 0.5937066586600502 0
9283 0.8467743899719646 0.8989388575382475 0
9284 0.1038442214080464 0.6561634124975589 0
9285 0.1747397041244916 0.7639902003901548 0
9286 0.8503274243639217 0.6074407689308593 0
9287 0.1588646861972536 0.7833898197425379 0
9288 0.7303958035246978 0.5368265487932424 0
9289 0.4930079233839401 0.5108029340623143 0
9290 0.2272451568815696 0.9294042219851284 0
9291 0.1790004050036248 0.741962198873351 0
9292 0.8849306362806606 0.791722122862029 0
9293 0.6991039315971553 0.5908002677539522 0
9294 0.915108733634151 0.7781891551595075 0
9295 0.6595639304471344 0.6236335862722264 0
9296 0.2598526786613416 0.5796953372669826 0
9297 0.7931823704580066 0.6740614493277829 0
9298 0.5658186814077315 0.8456290174014293 0
9299 0.5665072268946715 0.6546164407534436 0
9300 0.1975347463774958 0.8294218005932028 0
9301 0.2104036984213659 0.8592844967891862 0
9302 0.1408670895388702 0.6722668276486852 0
9303 0.9184898402125911 0.7447732540664512 0
9304 0.729557951868293 0.6243448365790512 0
9305 0.8031990740355576 0.6966123033824936 0
9306 0.4496044335983818 0.9707071999982867 0
9307 0.799362634783924 0.6513951195423687 0
9308 0.1575296999150893 0.6743770613721566 0
9309 0.7151173824801852 0.8638989092155563 0
9310 0.5146939673374615 0.5202367840668094 0
9311 0.513635605017125 0.9762780319372357 0
9312 0.2164919019035262 0.740006124367841 0
9313 0.2592982564248679 0.9214979430184965 0
9314 0.2968557834881684 0.6947048952935849 0
9315 0.7775598697278867 0.6765598144472149 0
9316 0.1685880503814339 0.8113620157090868 0
9317 0.783017961321684 0.6583534587724618 0
9318 0.900234759778531 0.7533885582251705 0
9319 0.6239376607785672 0.5796673028925792 0
9320 0.6227551308557644 0.9217305746209227 0
9321 0.1870248169233409 0.8192656574907461 0
9322 0.6551371777611011 0.9544476351217981 0
9323 0.9274426829522849 0.7231411257398636 0
9324 0.462993160176324 0.6683803828121321 0
9325 0.4594730641187184 0.8305986711553294 0
9326 0.9276962812881991 0.7433778868971613 0
9327 0.2802728255577322 0.7041192156124899 0
9328 0.7994241501348283 0.6304291782751295 0
9329 0.5435510450831386 0.7910903628878644 0
9330 0.5442678386651936 0.7095705870906885 0
9331 0.1582679015856703 0.7993424238667261 0
9332 0.7280615949565483 0.6773783127328538 0
9333 0.3870830566546252 0.5808799753293806 0
9334 0.388193103810854 0.921469627451813 0
9335 0.5444706938378709 0.6659462535087791 0
9336 0.5439016581120836 0.8340975364990138 0
9337 0.9054979470571567 0.7623801935391185 0
9338 0.4251081168745176 0.9352182733199436 0
9339 0.6614307141778009 0.5685995657199843 0
9340 0.2229546205529743 0.8297897835246704 0
9341 0.1316838271946365 0.6524960095924584 0
9342 0.8169271356569428 0.8118205666211665 0
9343 0.07611506768435536 0.7902203458455319 0
9344 0.6915295615616875 0.6742725963722617 0
9345 0.5557365986641353 0.8136237260498134 0
9346 0.5556840435613791 0.6861764202155388 0
9347 0.7114688390630055 0.9367393833841424 0
9348 0.4309008708992558 0.6013329817365682 0
9349 0.4332414421328201 0.9016702710206689 0
9350 0.2425873171404986 0.5182777049472739 0
9351 0.5718219162987327 0.7190252494632513 0
9352 0.7420390487928031 0.6877982933958111 0
9353 0.5282673450326991 0.5383171513712204 0
9354 0.07983092528371026 0.7831254001882785 0
9355 0.5178549671387634 0.9670672608016551 0
9356 0.688321798286803 0.86249760273968 0
9357 0.810107868154944 0.8298203075080066 0
9358 0.7595191846872944 0.9122646701010643 0
9359 0.7252535174437126 0.7097273863137897 0
9360 0.6473423374816426 0.6931794444811678 0
9361 0.7864207814496874 0.7262069732092618 0
9362 0.518027440015098 0.6818510732497795 0
9363 0.5176108672361335 0.8183526933289098 0
9364 0.6446491032025146 0.5588390580348677 0
9365 0.09396424906659161 0.6980987754616292 0
9366 0.203449302411878 0.8270338087707456 0
9367 0.1462208318525407 0.638058297720548 0
9368 0.3919140723960512 0.8100151556116506 0
9369 0.39087862310774 0.6901775299890837 0
9370 0.6438432091975873 0.9397337938428279 0
9371 0.1534083079305092 0.8656934448316705 0
9372 0.645491542701723 0.807001195829288 0
9373 0.4807086148749967 0.9598421089238296 0
9374 0.2023976906325782 0.6156735442324377 0
9375 0.8835180985700976 0.7405407985325934 0
9376 0.236945246576741 0.5921464733454517 0
9377 0.1359890101677782 0.8552439410412203 0
9378 0.8780629089276337 0.7865324178249912 0
9379 0.3917744605704112 0.6651406047864731 0
9380 0.3919563454654299 0.8342504189398049 0
9381 0.1335063461643236 0.6878708866337944 0
9382 0.3201933195459733 0.8700076810930316 0
9383 0.09031754990509704 0.8050410834071984 0
9384 0.5647383187370081 0.6741112943472056 0
9385 0.564500030614016 0.8260594597991127 0
9386 0.4147439001832176 0.8850964413466312 0
9387 0.4148242217381031 0.6151378030568226 0
9388 0.2760029633837441 0.5895537664133339 0
9389 0.09738969117283683 0.6618865432742999 0
9390 0.7522812682682513 0.696461433373499 0
9391 0.6584883987891004 0.9296297190310171 0
9392 0.2456475980370812 0.9665984290676355 0
9393 0.797768655865112 0.8863108434685574 0
9394 0.8305495294404565 0.884147961286181 0
9395 0.06891349229997104 0.7408876424969737 0
9396 0.7377550126499402 0.9448671564075605 0
9397 0.4352837857739728 0.948341741114126 0
9398 0.519537761868341 0.7803070587341972 0
9399 0.5180412779365839 0.7207001833376159 0
9400 0.02490781261073381 0.6837504826226489 0
9401 0.1125903949448625 0.6732875140825825 0
9402 0.7354535288967652 0.5469014738331842 0
9403 0.8165812360817469 0.7966304163028268 0
9404 0.8201799732837392 0.6490257791450714 0
9405 0.1722723163572638 0.7534345887233412 0
9406 0.2921939192905086 0.9663040985963205 0
9407 0.7657286303607335 0.7067611153028245 0
9408 0.3023113466785664 0.6393188328495397 0
9409 0.5295760900915709 0.9587473638668719 0
9410 0.4081949647081024 0.7503284975530887 0
9411 0.1814890039807506 0.8485623333325524 0
9412 0.236673051868129 0.6797869638460669 0
9413 0.4236918505399364 0.8194539519246279 0
9414 0.4234493425487207 0.6804064266517709 0
9415 0.1968228361670648 0.8458920381509876 0
9416 0.4992646760185956 0.6161834916071891 0
9417 0.500274981588177 0.8837634689051799 0
9418 0.4443760328905032 0.95055142152817 0
9419 0.1178106746349294 0.6837657617363331 0
9420 0.315613572757278 0.6820869593924933 0
9421 0.2930646593253083 0.8032471476032408 0
9422 0.8215957516720998 0.7798280836753619 0
9423 0.07283846221037231 0.7182712195845512 0
9424 0.7956414567618233 0.8979657994569572 0
9425 0.5388439575842762 0.555037498201654 0
9426 0.2323554989972341 0.6228257894406962 0
9427 0.9321477516832082 0.7606409674194066 0
9428 0.6893335162624339 0.5961735953559081 0
9429 0.5374963428818704 0.9434753122448448 0
9430 0.1785802976153451 0.7266735739128534 0
9431 0.2336347204751422 0.8834726486638058 0
9432 0.8387315389310087 0.8989884645802967 0
9433 0.7788516265552574 0.5086844418726003 0
9434 0.1474241080445074 0.7937955265211991 0
9435 0.441236569095397 0.5999513357933557 0
9436 0.4440996279311008 0.8979921192850643 0
9437 0.504876268287816 0.9737315624471676 0
9438 0.5210649843208279 0.8063817906266458 0
9439 0.5214551159272662 0.6938580031295482 0
9440 0.6935064731787793 0.8749532421041371 0
9441 0.8553743969968976 0.6473298991660927 0
9442 0.6690665991776365 0.7162941875011958 0
9443 0.2305670440461594 0.953164004081136 0
9444 0.2104957597790199 0.6710635984034508 0
9445 0.5373941288330185 0.5983578211137763 0
9446 0.5374521384934781 0.9006203535501191 0
9447 0.2190734917926811 0.9153692029153555 0
9448 0.8307596710451023 0.665498802224535 0
9449 0.304280963032852 0.5946255871456352 0
9450 0.7801010119093236 0.7813908712983896 0
9451 0.7846670452571588 0.8831989606944158 0
9452 0.2103243171650348 0.5837985613927312 0
9453 0.3943341128971435 0.5674682916938927 0
9454 0.1978309607558105 0.7538458430205387 0
9455 0.173943705148666 0.5748455576507382 0
9456 0.1058524874758091 0.694994438164686 0
9457 0.08506546727968302 0.738757609022162 0
9458 0.5154375855400301 0.6232374374411873 0
9459 0.8103233011247744 0.8118373496464206 0
9460 0.2022503395235117 0.9902887102280801 0
9461 0.5064790234330266 0.6230310595215278 0
9462 0.5077083051556992 0.8766333571401559 0
9463 0.1495672089569694 0.6941736092537505 0
9464 0.7746969314614101 0.8264563200317918 0
9465 0.4886659201870189 0.5222516681768875 0
9466 0.5052423829489581 0.5205277996837037 0
9467 0.2064078231735455 0.8793710840629119 0
9468 0.5173976387229144 0.5298766573667898 0
9469 0.7019726850363941 0.5674058184519412 0
9470 0.2339950634349549 0.5655076003094192 0
9471 0.4315992527243346 0.5766466150086305 0
9472 0.4266558986508904 0.9228446433267075 0
9473 0.401774837134713 0.8383943079956825 0
9474 0.4020273236067217 0.6615712724645125 0
9475 0.302793031309759 0.8839974557460155 0
9476 0.5136780130020789 0.9471580125496462 0
9477 0.6619567774434363 0.6465894595319151 0
9478 0.8171556853706667 0.7498332698391277 0
9479 0.1982869681247748 0.8608311748244274 0
9480 0.3148240227691339 0.5310173011327071 0
9481 0.5119193098331035 0.5525838454793998 0
9482 0.762965111675061 0.7332166696715681 0
9483 0.7474451516586544 0.9198182742807102 0
9484 0.7236753845315732 0.9333422017071957 0
9485 0.7691935666065393 0.6643197320682146 0
9486 0.3559962625476615 0.5977005997259722 0
9487 0.4265395802654879 0.5671690332898856 0
9488 0.321813371181657 0.6310067012739654 0
9489 0.3568479067067677 0.9027531308003267 0
9490 0.8324579099371965 0.7933796405812998 0
9491 0.5211998088662814 0.8550091836631231 0
9492 0.5210432290042183 0.6448684399401267 0
9493 0.5476704030795265 0.7037779571029431 0
9494 0.547205756836941 0.7962718708549635 0
9495 0.8922874403607733 0.735194115129635 0
9496 0.650216440470882 0.6659475358724781 0
9497 0.6520816656760453 0.8385002541244272 0
9498 0.216187284739311 0.6075012011934682 0
9499 0.7352936193361209 0.8925656255877373 0
9500 0.8058030428297563 0.8819203438131579 0
9501 0.9374284677737487 0.7159875125550962 0
9502 0.4126625394994153 0.6994252323027961 0
9503 0.4127746902694993 0.7999375733586043 0
9504 0.3174732239175122 0.6004705896836204 0
9505 0.6621366675819944 0.8492918884875659 0
9506 0.7682804723365743 0.7317572478728693 0
9507 0.4129888687487844 0.8114557116950386 0
9508 0.4127269675565852 0.688280947073507 0
9509 0.7559096163023507 0.7091029541346651 0
9510 0.7181254209818888 0.8323678942224012 0
9511 0.1732426499745488 0.8486520761857826 0
9512 0.2936523581595816 0.8522395298508372 0
9513 0.6899811004007044 0.6530662601561622 0
9514 0.6780242674752778 0.7501037944664792 0
9515 0.9359545178539166 0.725103684183309 0
9516 0.8124263994431886 0.8559303185928251 0
9517 0.8072344039018631 0.6246657440233761 0
9518 0.7490197448626329 0.5709340655647942 0
9519 0.5018368313468357 0.8776437791680155 0
9520 0.5001590896274933 0.6221498643994796 0
9521 0.2337993668086844 0.8017050483969334 0
9522 0.0875667601975975 0.7864567413321926 0
9523 0.7601354217969928 0.7181610958724807 0
9524 0.4927875950109464 0.9772812933420902 0
9525 0.7462011456866671 0.5532855376820193 0
9526 0.6568269504948987 0.5349129347455199 0
9527 0.7681984251332658 0.7146540537308138 0
9528 0.4579319887252379 0.7276916999669051 0
9529 0.4564762354445482 0.7720362517113998 0
9530 0.3791705020121045 0.8125286793142442 0
9531 0.3751337717539912 0.6872998725189962 0
9532 0.7035103000494597 0.8462015225867694 0
9533 0.1478579786610499 0.8345968888901373 0
9534 0.8858793895481861 0.7009001683540291 0
9535 0.2454614231160257 0.5890956890760374 0
9536 0.2154214496790891 0.8534238397132744 0
9537 0.508160500909621 0.5889732379334491 0
9538 0.5087025381605445 0.9093542920835943 0
9539 0.6572273997480508 0.9656161698327447 0
9540 0.3886322320874185 0.6547787921239793 0
9541 0.2195407054977534 0.6820555441854175 0
9542 0.2714589501281524 0.5813315725233738 0
9543 0.2858310433811173 0.8688852710027183 0
9544 0.009423519612206293 0.7103953012005839 0
9545 0.3203921135646706 0.7779225831956126 0
9546 0.4138641022837362 0.679183459144971 0
9547 0.4140417105780223 0.8207378426179967 0
9548 0.6642789912705577 0.9640726500724887 0
9549 0.6200709104711121 0.8373847832702949 0
9550 0.6220708497366815 0.6613599472229085 0
9551 0.2585770233242088 0.9910869297239912 0
9552 0.43798576138987 0.9381472996479465 0
9553 0.1186956619627898 0.7006938524199384 0
9554 0.76555856245037 0.6970773791568786 0
9555 0.7100457670403153 0.8802570398509196 0
9556 0.3250683310016109 0.7059836907699111 0
9557 0.3889319663750537 0.9342286216107372 0
9558 0.385963740086018 0.5693985920392573 0
9559 0.7347363502648628 0.6122395291707068 0
9560 0.7274562527887694 0.6988268111158402 0
9561 0.4763341855417632 0.7150955179007587 0
9562 0.4749393876451876 0.7788633592285975 0
9563 0.3181922326589735 0.7195976598797864 0
9564 0.8149728022469744 0.7647795117324092 0
9565 0.7069246937219504 0.8898613362922418 0
9566 0.09168838081588038 0.7724597444508925 0
9567 0.2214161138573511 0.7672577264493776 0
9568 0.7802749549688285 0.7162643492501745 0
9569 0.5454662923778025 0.918052939805677 0
9570 0.5419938049552753 0.5823057640187205 0
9571 0.8169389437026647 0.7556897285902765 0
9572 0.5242933143203022 0.59073508298709 0
9573 0.5251664187915491 0.9087229017413879 0
9574 0.5348541130247626 0.5759007524142031 0
9575 0.532615097718548 0.9259133043412241 0
9576 0.1451954198422738 0.814155124938541 0
9577 0.7345084869106441 0.6591300663140085 0
9578 0.2001832289028184 0.7264574730257949 0
9579 0.9450003602083328 0.7182746825231657 0
9580 0.4615451088505899 0.6365885054741406 0
9581 0.4613628547996967 0.8622311073941867 0
9582 0.3559373076401328 0.925670485937563 0
9583 0.3563503922127587 0.5821513566033101 0
9584 0.09592729352264005 0.7897484223761089 0
9585 0.2244994282114292 0.6612649865925558 0
9586 0.827281715410356 0.8968667651583396 0
9587 0.009460036727544212 0.6720503537964758 0
9588 0.8383043780747811 0.7994155107453298 0
9589 0.8775590330956419 0.733158438971221 0
9590 0.7792013670859824 0.7380265674340588 0
9591 0.2375658776039289 0.6580134459174791 0
9592 0.1909750371507164 0.785578584874417 0
9593 0.4088873032600592 0.6269468146836627 0
9594 0.4085582265741577 0.8731451933025606 0
9595 0.4902364672833746 0.7939658684781678 0
9596 0.4921855577319352 0.7020678603714683 0
9597 0.8073743984741502 0.7488654446808918 0
9598 0.7923446425884984 0.7189158652722479 0
9599 0.7187830053687353 0.6587988138363552 0
9600 0.9355746438838044 0.7341273019793165 0
9601 0.6684606300092668 0.6028349091907114 0
9602 0.4344935396813666 0.8899175037161355 0
9603 0.4339892630867727 0.6111317440502732 0
9604 0.728425056988729 0.6870959699710134 0
9605 0.203902796107643 0.7750065908488156 0
9606 0.7633928529052398 0.5528749359445373 0
9607 0.844116649593499 0.880410260289894 0
9608 0.7647780436828268 0.7252935278976419 0
9609 0.09251894808677769 0.7544233970050092 0
9610 0.5044253764420745 0.951349062811177 0
9611 0.2785873521197387 0.9326203922918599 0
9612 0.7536297038817439 0.6713811596767603 0
9613 0.2518904176646318 0.5466515959865207 0
9614 0.663542555540092 0.8308604266618118 0
9615 0.4435356593839933 0.5595375447509299 0
9616 0.3097799261280178 0.8286900209770401 0
9617 0.6604585230921135 0.6701465678759614 0
9618 0.2636024980575674 0.66062704082767 0
9619 0.4793647667637001 0.6179129211296545 0
9620 0.4766051657912315 0.8796113004049219 0
9621 0.5973464372875382 0.8079950233524398 0
9622 0.5946087988184527 0.6916741806003449 0
9623 0.07451067410078585 0.7074983486891918 0
9624 0.8448632563834428 0.7842134818981599 0
9625 0.1899121554246076 0.7966773307411206 0
9626 0.1871887845157789 0.7218064978264549 0
9627 0.896738059440742 0.7677470754477042 0
9628 0.6527560223294788 0.5995717826955143 0
9629 0.8385976949218659 0.8819493604566507 0
9630 0.2570565864966956 0.5626057098297977 0
9631 0.702231155836464 0.8808306092709339 0
9632 0.1941076764385582 0.5666382832991372 0
9633 0.7923197561448527 0.8654607394750389 0
9634 0.1890710810024718 0.6428036541491335 0
9635 0.823699877745079 0.7605128051708786 0
9636 0.5031469861784098 0.5490450526485847 0
9637 0.7663829333652786 0.8970157028504158 0
9638 0.2971718462560135 0.674593187703486 0
9639 0.1447155030412316 0.8655847681544372 0
9640 0.7404295697540589 0.9581926936958379 0
9641 0.5246580077146702 0.951137482887762 0
9642 0.1333214628480972 0.7059688158383605 0
9643 0.7669022948106855 0.6867690130303102 0
9644 0.8541892737184328 0.7884897482404309 0
9645 0.2207647697428218 0.7174876157490835 0
9646 0.1921469593738497 0.5533602894623644 0
9647 0.8047771715649142 0.8987961542562055 0
9648 0.5777164728487568 0.6117597514036265 0
9649 0.5774674400570926 0.8884696169564023 0
9650 0.1452349457148862 0.8749885823475122 0
9651 0.5311397653702975 0.9907160925416112 0
9652 0.8022651597169903 0.7623057317836773 0
9653 0.6562991558796805 0.8991684206892902 0
9654 0.3106336078398425 0.6632868620531169 0
9655 0.7315061916065513 0.6440872555828048 0
9656 0.7944353574420812 0.8552856927397241 0
9657 0.4706721092176898 0.5103165241863296 0
9658 0.2163504258090189 0.7865373384681932 0
9659 0.5208670535736948 0.5462677737511249 0
9660 0.882970475662307 0.7186232198496048 0
9661 0.5303306840388227 0.9052025647647546 0
9662 0.5295413111259684 0.5940672078467673 0
9663 0.2883648941478273 0.9129356143837596 0
9664 0.818985638606992 0.901738424777097 0
9665 0.2968931992051364 0.8441927271137282 0
9666 0.1928522361977449 0.868513214720818 0
9667 0.8435361463360677 0.8462382150903944 0
9668 0.2746474794765977 0.9812039223025484 0
9669 0.2477006620611687 0.655107656624066 0
9670 0.4931321741244928 0.8636896246309952 0
9671 0.4907700381105322 0.6393190504142886 0
9672 0.728546768932642 0.5923038635587647 0
9673 0.7914671114024715 0.6378771563438388 0
9674 0.2775427890086739 0.9904884011414957 0
9675 0.3417045051058166 0.8146090445832614 0
9676 0.09236177992891943 0.7973396183069258 0
9677 0.6682064854846528 0.9009629739093862 0
9678 0.4782137410669948 0.5512438388394564 0
9679 0.09439027224033407 0.7095560176847499 0
9680 0.7832508067027435 0.6987594974093504 0
9681 0.8754952045337151 0.7129355028406902 0
9682 0.3421449067315368 0.6863249736865479 0
9683 0.8650658945941465 0.7399229938616346 0
9684 0.5316302405951963 0.5096858094360885 0
9685 0.7762955563252444 0.7293608308834417 0
9686 0.5369324942910819 0.8725589460815462 0
9687 0.893335299643418 0.7061497376572763 0
9688 0.4124228933354681 0.7269992933429668 0
9689 0.4135887235160882 0.772833051579227 0
9690 0.2240347155069849 0.5866880493020279 0
9691 0.8442045903315619 0.8058670124825272 0
9692 0.09211744764297505 0.6762515761579593 0
9693 0.2217696905363409 0.5563797533439434 0
9694 0.9379002276221831 0.7518616893980961 0
9695 0.3566309906988225 0.756707812866331 0
9696 0.08351821111998699 0.5713635162158806 0
9697 0.8076062856839591 0.7376880274573128 0
9698 0.7623788222833897 0.7382724035466263 0
9699 0.1099077715920407 0.7159056200699006 0
9700 0.1870670882740401 0.833845029795009 0
9701 0.09504547611564568 0.6710996898829439 0
9702 0.8792658034203976 0.7756390744831034 0
9703 0.8286910666309714 0.8521624489242576 0
9704 0.2272443716808384 0.6766369072768068 0
9705 0.8610159062132693 0.7914742237032928 0
9706 0.8724505945545054 0.6929458748455214 0
9707 0.8730426734995582 0.7293967061244846 0
9708 0.06375632607474978 0.72244448337704 0
9709 0.7921644081333622 0.7945115387072058 0
9710 0.3948102394445308 0.8032193633151814 0
9711 0.3943431982113472 0.6970386311333091 0
9712 0.1936956889753078 0.8138522263905841 0
9713 0.8618300656917179 0.6876043248835885 0
9714 0.7854150820623322 0.7744814634394216 0
9715 0.1615384886123178 0.7023004782532568 0
9716 0.1517053309343882 0.6200485986420883 0
9717 0.4181766131461103 0.875698702647679 0
9718 0.4183006098202857 0.6245244256221285 0
9719 0.2307198609496484 0.7517490408769331 0
9720 0.7420362642238518 0.8484864614938057 0
9721 0.466567685011012 0.649921669329239 0
9722 0.4653921892974251 0.8473595714331721 0
9723 0.1474312927901406 0.7127081816563702 0
9724 0.6418181074682171 0.8259104895852285 0
9725 0.6419698085626407 0.6753095849766432 0
9726 0.7941054184287432 0.7284282897046551 0
9727 0.07036003987280229 0.7502767935971783 0
9728 0.1399154571711489 0.8064716050061703 0
9729 0.6176223694959588 0.5583532300518229 0
9730 0.7968312456507531 0.7120081338182621 0
9731 0.2142747859498779 0.8710674575883882 0
9732 0.1254386222701834 0.7207160812271676 0
9733 0.9035585230885112 0.7052959217751414 0
9734 0.7903535062349871 0.8354314521708206 0
9735 0.8632756382828914 0.6171017854884702 0
9736 0.2628270941320904 0.9090905833176445 0
9737 0.1541639264516169 0.7287146195873 0
9738 0.4943894330461305 0.9904001975031223 0
9739 0.2069479693340398 0.8363047583101995 0
9740 0.2040144527944945 0.7358398133459747 0
9741 0.8085856688352821 0.6995594928354088 0
9742 0.2196255606063404 0.8060684086134557 0
9743 0.2134214554649343 0.6865599627578466 0
9744 0.3814876367630997 0.8696597190990191 0
9745 0.3817149246151582 0.6299248313961593 0
9746 0.2403336434696049 0.9116648512603196 0
9747 0.2014556067638284 0.6040038116027825 0
9748 0.844051493325735 0.5952435119137414 0
9749 0.0191854044254208 0.6311201264978896 0
9750 0.8718539255866715 0.7801713582102606 0
9751 0.5354054908370649 0.6902864922094952 0
9752 0.535088789841633 0.8099086494421189 0
9753 0.7302952038345646 0.8256841794746677 0
9754 0.4394528504349934 0.5872685491070329 0
9755 0.4404245733256105 0.9116187699237633 0
9756 0.1594353500747458 0.7457759386787569 0
9757 0.3124989177827134 0.8873348580283597 0
9758 0.8526466072226314 0.8685752659968622 0
9759 0.7786195184431436 0.9203126329368013 0
9760 0.2046728761703817 0.8435255538899188 0
9761 0.8035272987989994 0.7307645521429395 0
9762 0.8608999031205296 0.7009179559932467 0
9763 0.7537096161756399 0.544175209113425 0
9764 0.2126674023750761 0.7613081509538462 0
9765 0.2000488315575905 0.7473894958775059 0
9766 0.8505983604189134 0.8854303549130675 0
9767 0.8527689184576991 0.7545966297053437 0
9768 0.2247350576789322 0.7746587336744719 0
9769 0.4745192069135799 0.9491653500002522 0
9770 0.8118740782524332 0.7844338365777337 0
9771 0.1383081511460957 0.7259878704062616 0
9772 0.2804762278979028 0.8311852816933069 0
9773 0.08330726262408363 0.7661769014407661 0
9774 0.07418722150959384 0.780812335297728 0
9775 0.2219967599745076 0.7013847479671835 0
9776 0.7703219307290534 0.5724089780114869 0
9777 0.1957028548478622 0.881542277030184 0
9778 0.1619228385105028 0.7677857323409898 0
9779 0.2450741363199714 0.7030701808556844 0
9780 0.2853355412300497 0.8476604840447712 0
9781 0.875115244060158 0.7677061525295722 0
9782 0.1884274997449793 0.8076340311244238 0
9783 0.2766478429016213 0.9019322304960026 0
9784 0.7298498857278989 0.8010595825087811 0
9785 0.4753491665105353 0.7924671445725703 0
9786 0.4730406112746514 0.705324381685182 0
9787 0.6655285061873425 0.6316221568199726 0
9788 0.8822455313780333 0.7815600807881555 0
9789 0.2075897837401248 0.8040868295776354 0
9790 0.07825784931631387 0.7391033864289422 0
9791 0.1638503321810541 0.7166887939947181 0
9792 0.2165529645475907 0.7533070457083299 0
9793 0.2247880690508493 0.7935978601387036 0
9794 0.4012185098700895 0.8913742723261491 0
9795 0.4015335392547029 0.6084615298782525 0
9796 0.4823260950105717 0.869633583740319 0
9797 0.4814804130021426 0.6290498506958996 0
9798 0.08738558422251729 0.5806040622645551 0
9799 0.3535650136838157 0.6585907979650684 0
9800 0.3562003880513436 0.8402119061255238 0
9801 0.826259526582185 0.7707274437049925 0
9802 0.8339792708438495 0.8238885013786252 0
9803 0.4961988873660759 0.5207204798631695 0
9804 0.1773532338459805 0.7960654083408065 0
9805 0.9054210268430616 0.6950699244363791 0
9806 0.799435495526553 0.5084456557466166 0
9807 0.2182211636279599 0.8154192789105582 0
9808 0.2032723385899297 0.6287894105683727 0
9809 0.3063918615046114 0.8753925005594558 0
9810 0.2433084167893477 0.6288924031956316 0
9811 0.1520901004567054 0.6496577254351112 0
9812 0.07911328572416207 0.7276099381526585 0
9813 0.6657494080267192 0.8717012704706569 0
9814 0.7244945975932243 0.7728468948782862 0
9815 0.3088459449156021 0.9149075335773528 0
9816 0.2866456619668431 0.6254068714421835 0
9817 0.3642030661527806 0.9655287112813663 0
9818 0.3665098658642194 0.5355478857361905 0
9819 0.5705961922958063 0.6159614548193366 0
9820 0.5702469086579339 0.8841821723608475 0
9821 0.1502908987707897 0.6674506865794743 0
9822 0.09518277968719373 0.7407117230351338 0
9823 0.1764373762865311 0.6025631950380886 0
9824 0.6324042281983243 0.900536198353405 0
9825 0.6331599261511963 0.599047434297309 0
9826 0.8956237461584582 0.7898509471215135 0
9827 0.2306700525330306 0.77559060738509 0
9828 0.5801833493685656 0.8821353877904667 0
9829 0.5803178520821044 0.6179511589486675 0
9830 0.9214856319052063 0.7101948011916305 0
9831 0.7877748688787774 0.8441547499602378 0
9832 0.02215299752216085 0.8598033808075796 0
9833 0.2663935213803532 0.5736755528530809 0
9834 0.2726499534324164 0.5670042962243231 0
9835 0.8641645456817276 0.8005788502653404 0
9836 0.08752030193156039 0.705313019765872 0
9837 0.1147756562334862 0.7926521734518147 0
9838 0.229200625414262 0.5620106090417237 0
9839 0.8009365532618201 0.8285016649645535 0
9840 0.8660570707305795 0.6092007254320171 0
9841 0.08763457520382609 0.6938628690866794 0
9842 0.2219417000732046 0.736539149530461 0
9843 0.4136623327239596 0.9513246610128106 0
9844 0.7819273380602466 0.7070822570476646 0
9845 0.2758684723088608 0.7277160796982034 0
9846 0.696213912191448 0.8533557459042624 0
9847 0.3808353383763253 0.5324724010912849 0
9848 0.3810648170925908 0.9652480584845313 0
9849 0.7707607902698294 0.7471195052809794 0
9850 0.2585219050008855 0.81972190109314 0
9851 0.3271358518272394 0.6855181411169956 0
9852 0.2644153187218853 0.8148953855732108 0
9853 0.8444749580488498 0.7612273302657627 0
9854 0.8676489288253257 0.5179120288374342 0
9855 0.3227502119654168 0.903718421099467 0
9856 0.2579382596442295 0.6783068170706347 0
9857 0.2700478003804315 0.8093895105608037 0
9858 0.4910894482219425 0.7116860444660811 0
9859 0.3358213345524679 0.7865553943110463 0
9860 0.7568693428378277 0.6847463384338054 0
9861 0.4730277065024124 0.8436849587333279 0
9862 0.4720496807323524 0.6595215657974992 0
9863 0.1548643257767298 0.9057657304858409 0
9864 0.6695870137958347 0.5846582545553016 0
9865 0.2575383889901955 0.9017419358439385 0
9866 0.9363376033676026 0.7430299903066751 0
9867 0.203595225868481 0.7863451540069746 0
9868 0.2028157519872388 0.5502098837408013 0
9869 0.9432912362028578 0.7345088332583979 0
9870 0.5224589652848499 0.9253711863338933 0
9871 0.5223947768160858 0.5745797199133569 0
9872 0.2568203508156558 0.5928221137940472 0
9873 0.3293098117822608 0.8108921247701203 0
9874 0.1019932565835364 0.7320004329444785 0
9875 0.7334327095726423 0.7816897571384731 0
9876 0.1334430197538458 0.6425831951997456 0
9877 0.0728889582693442 0.772093530631737 0
9878 0.1651800708093881 0.7868948196652814 0
9879 0.185355450299407 0.5874778105660377 0
9880 0.20868560248489 0.768940722945257 0
9881 0.6515218226054577 0.6420534876483388 0
9882 0.8588486297579787 0.7201717491700412 0
9883 0.6520014048742631 0.849603292137086 0
9884 0.7979560209455064 0.6939758087648013 0
9885 0.4941945685036996 0.6712982834894207 0
9886 0.4967167379848513 0.83146483154666 0
9887 0.796732448462846 0.7824841654951804 0
9888 0.1098249324612122 0.7337222108589536 0
9889 0.177774909567764 0.7858628143496312 0
9890 0.4547203213851614 0.5644655655808812 0
9891 0.2044453137006547 0.6799444185484038 0
9892 0.2420496933225279 0.6469157458070921 0
9893 0.2101430337169973 0.6355893124034916 0
9894 0.1368158004415972 0.6625350681290213 0
9895 0.4071516274878584 0.8522585975623024 0
9896 0.222243860300336 0.8111691666495315 0
9897 0.08139896271925574 0.6893998971484122 0
9898 0.5121251280259491 0.8574293704578986 0
9899 0.5114819606844536 0.6426748501959665 0
9900 0.8349462850904403 0.7511912205745187 0
9901 0.2214946950102836 0.7294681107539662 0
9902 0.3393631572302556 0.8777428394650767 0
9903 0.3318827722205354 0.6270744389737257 0
9904 0.8267645859610575 0.7869555096807213 0
9905 0.4532483905248582 0.9344749469666666 0
9906 0.5038755576080559 0.9927800394578547 0
9907 0.2414642571472912 0.9315847071170005 0
9908 0.4838263979267943 0.6024027856910653 0
9909 0.4862660144905148 0.8934812428082088 0
9910 0.8206893198243264 0.7921509746325892 0
9911 0.02793614777353366 0.6780834352225625 0
9912 0.7184382233303565 0.8957837089600709 0
9913 0.7841751946370126 0.6923637081916375 0
9914 0.8081386929815312 0.646016967365085 0
9915 0.09674853938440876 0.8055709426681191 0
9916 0.1292898145834638 0.677828709559387 0
9917 0.2014336019662482 0.703852540499095 0
9918 0.1911273899975514 0.5148260303730414 0
9919 0.8005592362652532 0.8033202703166743 0
9920 0.2886088330400605 0.836785329044095 0
9921 0.2611719839159999 0.5669860337614641 0
9922 0.3585080826095306 0.9373223927089464 0
9923 0.359274354471513 0.5642605266128694 0
9924 0.2884055696303376 0.811605252739245 0
9925 0.01934532451846823 0.7201867698737855 0
9926 0.8107499932124506 0.8205955058633065 0
9927 0.9459474718489302 0.750972432505734 0
9928 0.880697133827516 0.7070397598209037 0
9929 0.223401703551174 0.6886503012589841 0
9930 0.2214465972546956 0.7470611555554353 0
9931 0.6969185039723367 0.5596518703483965 0
9932 0.809504314094235 0.7950026281248852 0
9933 0.7830203934785711 0.7612561560485075 0
9934 0.1452245748186344 0.8566682538373592 0
9935 0.2023585017265865 0.7977866355593474 0
9936 0.8664280117299362 0.7247326540030433 0
9937 0.346556698118127 0.9183366582385454 0
9938 0.3412815717662088 0.8404052624724766 0
9939 0.3416232951707877 0.6591025963725896 0
9940 0.9024210594280419 0.7894453869024569 0
9941 0.1707359536975351 0.7433898721612373 0
9942 0.1003658066109665 0.7738621889116111 0
9943 0.8786352338529488 0.7557479151406692 0
9944 0.1796883028819878 0.7035824063835595 0
9945 0.3479267095636545 0.5818396732435425 0
9946 0.167242273474399 0.6991931924410242 0
9947 0.7675268349504035 0.6757508463000364 0
9948 0.4021577591314104 0.814224382403658 0
9949 0.4017757450111679 0.6856406204703432 0
9950 0.3372217472926997 0.7105857078725102 0
9951 0.7620595002553718 0.5802004946512629 0
9952 0.1022966953653497 0.7583188428906784 0
9953 0.8776959687673338 0.7243619544628439 0
9954 0.705157731934238 0.6186512219175964 0
9955 0.2410913987676514 0.6106501571330348 0
9956 0.6367251947736711 0.8628558726250254 0
9957 0.09889441313185372 0.9643387611221567 0
9958 0.3666435106528619 0.5752861941656806 0
9959 0.7871398113299727 0.6827529820765099 0
9960 0.4086031015931846 0.5504323465630774 0
9961 0.8609610657432817 0.7351614095173827 0
9962 0.645906236988789 0.6216226140831939 0
9963 0.249386174316797 0.7889407913468661 0
9964 0.64469457805721 0.880008999751143 0
9965 0.432447692591298 0.9571594360969113 0
9966 0.115176386094991 0.6912417304607589 0
9967 0.2381122090573825 0.7864661443255984 0
9968 0.3876213335078562 0.8189168124668393 0
9969 0.3859694965022828 0.6807787907413846 0
9970 0.2757707839251594 0.6326955240134564 0
9971 0.1528487400339414 0.976459808609127 0
9972 0.5904664287037656 0.671578545521258 0
9973 0.5897262716475294 0.8294804432532861 0
9974 0.8680282809328668 0.7072511530486522 0
9975 0.1160594968095371 0.6467528407919982 0
9976 0.6965811639794028 0.5483183153473279 0
9977 0.8600392002392633 0.7590809381751793 0
9978 0.5051428955709106 0.5409199310877263 0
9979 0.8002029746540365 0.7040672191968077 0
9980 0.7252023245172256 0.6405700150588344 0
9981 0.1414285904931348 0.7422048116228354 0
9982 0.5133546636377597 0.8107793927390439 0
9983 0.5139311146295289 0.6893436190634452 0
9984 0.1524028408978827 0.7807565394911449 0
9985 0.1055507457476196 0.740516490536821 0
9986 0.1365070139623264 0.9830391660986166 0
9987 0.7201369204743394 0.5609327172067875 0
9988 0.4789879654189507 0.8218361308023507 0
9989 0.4755289567043904 0.6840739852595587 0
9990 0.285792160057509 0.7433010771843214 0
9991 0.1666047866726157 0.6674994660860737 0
9992 0.4640903391720896 0.9121470919029389 0
9993 0.8782785612773562 0.6960226414164579 0
9994 0.8171868174966797 0.6822269840401383 0
9995 0.7487303360119799 0.6590327346534072 0
9996 0.1040696815621236 0.7935622972515413 0
9997 0.1414770046055305 0.6195732593916886 0
9998 0.5082122175560604 0.9625097472200128 0
9999 0.8113793494380779 0.6330398572019785 0
10000 0.9510738072316434 0.7405181729018338 0
10001 0.7972517763886161 0.6859634319396333 0
10002 0.4752323874645661 0.9150599988028679 0
10003 0.4829809876776733 0.5860043646507547 0
10004 0.1925435459413699 0.7084086426562726 0
10005 0.1829230592461409 0.7488858521980991 0
10006 0.1601194729186924 0.7570878681915296 0
10007 0.4651025314674499 0.9207113762161484 0
10008 0.2208691644871096 0.8476114370326559 0
10009 0.2856021619030621 0.584159389972698 0
10010 0.1192703808126607 0.7500292311070026 0
10011 0.0600838582810262 0.7857060818728825 0
10012 0.1468986017068695 0.7605818547110296 0
10013 0.4458526946186967 0.9194558567090742 0
10014 0.07042141106667743 0.6509771455035417 0
10015 0.8645026061719093 0.6400313130462874 0
10016 0.2386879122861924 0.8916578447501806 0
10017 0.8476547515954435 0.8578271087617339 0
10018 0.7499247475171771 0.5940727400599009 0
10019 0.03840731046009935 0.6736234237172805 0
10020 0.1786052764728794 0.6123476231327197 0
10021 0.8271736617499349 0.7771545859520784 0
10022 0.2520131592679173 0.8044417319128049 0
10023 0.01189193182894104 0.8634954401288729 0
10024 0.790531344352765 0.7672910378416787 0
10025 0.2384896435899048 0.9599434766209049 0
10026 0.4679580970275141 0.8268467679950537 0
10027 0.4700371998900652 0.6763067823220181 0
10028 0.1928729315081908 0.8254918252879896 0
10029 0.3732976942742425 0.7039835171483426 0
10030 0.3778755194920426 0.7962005867550304 0
10031 0.3165114349598796 0.8989896186871005 0
10032 0.4340145049859364 0.6815614830740007 0
10033 0.4341733548170377 0.8181807084397924 0
10034 0.7801140322281065 0.792628770979127 0
10035 0.4718632028796701 0.6312999372937059 0
10036 0.4715195217863992 0.8669334326107204 0
10037 0.7624574018092607 0.6679343078415675 0
10038 0.6544326128422472 0.7098380127962288 0
10039 0.2144279887900494 0.8423287528864215 0
10040 0.1472874489409001 0.6274277738367639 0
10041 0.08820489372993247 0.8502825209055708 0
10042 0.1899439876318462 0.6296755135299562 0
10043 0.7188796243562138 0.9419594043469839 0
10044 0.8879997184192195 0.508809491194258 0
10045 0.238670180892535 0.8064849319185643 0
10046 0.8484956409665748 0.6404092070066066 0
10047 0.9817428455917907 0.6315182529944509 0
10048 0.8006357425487495 0.6761387625731868 0
10049 0.6367546371334327 0.8031673790521227 0
10050 0.1393148650186365 0.9509950802294442 0
10051 0.6221741772280302 0.8493495509306046 0
10052 0.6238706413764149 0.6467311984706189 0
10053 0.1336534969873254 0.7492469555089313 0
10054 0.1489880276360896 0.7717075332179635 0
10055 0.1218062627614336 0.7937322692117195 0
10056 0.1640586122164135 0.7776577421891296 0
10057 0.4017381670536511 0.7167463011588031 0
10058 0.4044040623490438 0.780072435802796 0
10059 0.6759761331643018 0.6501587437967907 0
10060 0.4458127644559779 0.5778922295009695 0
10061 0.1298152102966545 0.6956822796417228 0
10062 0.09896027548119668 0.7820108826546923 0
10063 0.6067988349810208 0.8897129468648596 0
10064 0.6068833469213009 0.6098237357816037 0
10065 0.09154202884372668 0.73232781563073 0
10066 0.6382316077713595 0.6969176353647631 0
10067 0.515809599451688 0.9137162613359074 0
10068 0.5533519420615385 0.7951421254982612 0
10069 0.5539698240996031 0.7043919374790019 0
10070 0.8734053845816003 0.7465254339722233 0
10071 0.491652255950235 0.7548241802968155 0
10072 0.1932337239227382 0.6636810835845032 0
10073 0.711460111109485 0.8121857356435061 0
10074 0.2792435847616501 0.5959913977048169 0
10075 0.7777042544392642 0.9848181064390738 0
10076 0.7538633166792025 0.6057640837193281 0
10077 0.6338200620732259 0.8127108611362338 0
10078 0.6348884937142161 0.6878275827811659 0
10079 0.8141509840454462 0.5855387001544659 0
10080 0.06332650056813731 0.541999196689139 0
10081 0.08127810378560035 0.7573790505274576 0
10082 0.4402374072980088 0.5507706267872476 0
10083 0.5191494791404051 0.5934637702458439 0
10084 0.519793847158614 0.9056826138082499 0
10085 0.09026255677038483 0.7793794808042457 0
10086 0.6489293260692682 0.7976907915187854 0
10087 0.90976349581629 0.7816237209373992 0
10088 0.7373380822581909 0.7684884149911876 0
10089 0.8022591507553194 0.6146855206253828 0
10090 0.2523910443975311 0.6084665343160693 0
10091 0.08553447605261218 0.7717761463197442 0
10092 0.3466715347063477 0.8672132568609067 0
10093 0.7856609695855167 0.6748285523487555 0
10094 0.2300776361720466 0.6040538144453133 0
10095 0.1007361422929513 0.7657489001653428 0
10096 0.803016578240027 0.6669729551936483 0
10097 0.3660596076721842 0.8706380257837248 0
10098 0.3655707794154527 0.6290342688074071 0
10099 0.009587563271685863 0.6623141276799645 0
10100 0.2307852786819338 0.7597054293509343 0
10101 0.7451420441910172 0.7333037839503283 0
10102 0.5905168137714979 0.8535755486096945 0
10103 0.5907454806182433 0.6466783976910364 0
10104 0.145717585543609 0.6822627951035627 0
10105 0.8194760970868092 0.8044385565798606 0
10106 0.3453689051086537 0.6334287597312548 0
10107 0.8481943667728564 0.723861496073531 0
10108 0.2059106275478292 0.8153165619470774 0
10109 0.606730223813244 0.714665234760037 0
10110 0.6078295799868242 0.7845788752300492 0
10111 0.009676624964177105 0.5901873761882278 0
10112 0.9903158638822416 0.6876724138738979 0
10113 0.2614485773221649 0.7367254925294917 0
10114 0.1933055674109046 0.5417777228038105 0
10115 0.8527259070866933 0.6819812316914173 0
10116 0.7125844811677738 0.8742475682988629 0
10117 0.516028766505891 0.8856105269324708 0
10118 0.5154456869403986 0.6139455088567637 0
10119 0.09501002844770905 0.6072723905661702 0
10120 0.9188948720812292 0.7858971623075838 0
10121 0.121451861304501 0.6581660714943138 0
10122 0.3319236426909957 0.6048635533898786 0
10123 0.5239865847332078 0.6131107734441236 0
10124 0.5241940469288616 0.886333260622204 0
10125 0.8255630909629117 0.6915445259110403 0
10126 0.7324605790829587 0.9722655540043569 0
10127 0.2095389831240862 0.7221512435759224 0
10128 0.277353708906033 0.8957700236117614 0
10129 0.2306825925091522 0.730228514836989 0
10130 0.5147854882968794 0.8669771125101508 0
10131 0.3640980763761995 0.8148573801413225 0
10132 0.3644096229951166 0.68654926938302 0
10133 0.7716286243260077 0.6692480685822724 0
10134 0.2664833810325962 0.6881079023524935 0
10135 0.8338957912946027 0.6870282381366761 0
10136 0.2902330732963602 0.8426398811448262 0
10137 0.8542569163097613 0.8082046536722666 0
10138 0.1468145265574315 0.6021397613903752 0
10139 0.1080190340960506 0.7603786233214499 0
10140 0.8322322043256201 0.5851537602506162 0
10141 0.1123562311908759 0.74463049325334 0
10142 0.1321523104262628 0.8877005707923443 0
10143 0.2616991712710294 0.9422904870510817 0
10144 0.924552094111446 0.703726103812038 0
10145 0.7274123798358432 0.5172435115136448 0
10146 0.6165798563311152 0.8739151311809452 0
10147 0.6167814841523752 0.6254867493842224 0
10148 0.8450945108221354 0.7424099041266262 0
10149 0.6670881263549265 0.808341342467005 0
10150 0.07177299957599743 0.7598565442757316 0
10151 0.1232280939098008 0.644331648541899 0
10152 0.2562499940510738 0.6891672463458469 0
10153 0.07827181592325154 0.6566717522029154 0
10154 0.06320155430300394 0.8050110911905573 0
10155 0.7215436348660227 0.8024038676414622 0
10156 0.2137129855202872 0.9194701741053133 0
10157 0.2285601620458033 0.6949484230165272 0
10158 0.7988065701346259 0.8612124603324524 0
10159 0.4314455792677913 0.5542439075961447 0
10160 0.3678332604169505 0.6678327635633651 0
10161 0.3686360159569547 0.8298408168755983 0
10162 0.9487444671837487 0.7346786401011879 0
10163 0.9397554744712513 0.7068657803280853 0
10164 0.1072598729084737 0.8045020194165601 0
10165 0.4284318148191701 0.7292528337138111 0
10166 0.4284069589158366 0.7704029373101066 0
10167 0.4741848228076792 0.7651515221929468 0
10168 0.4741035284664667 0.7349964528904224 0
10169 0.2378420738792058 0.5582101069357781 0
10170 0.1777467653607991 0.8586739665351588 0
10171 0.165944031074941 0.9088488709062785 0
10172 0.1001323318163625 0.7466679496837029 0
10173 0.8285934403031764 0.6794134907282119 0
10174 0.291095216997985 0.7160830527868156 0
10175 0.07883872637583805 0.8212402337598628 0
10176 0.7856391023676997 0.8705584951842182 0
10177 0.3025175328543661 0.9336093049627728 0
10178 0.1630406343356644 0.8051775751465036 0
10179 0.07937608369635101 0.7480783567134498 0
10180 0.9505037052522053 0.7200660608334518 0
10181 0.2243847429280222 0.8666676996911713 0
10182 0.1536215652272843 0.7408390040214913 0
10183 0.9437283981801228 0.7264061820921954 0
10184 0.4305291103771594 0.7630435997254629 0
10185 0.4305766520406702 0.7367470264965552 0
10186 0.166523125660001 0.8850865133880705 0
10187 0.4674257953376578 0.9417126101539156 0
10188 0.2688045153512681 0.5949681870030733 0
10189 0.2773292946342686 0.7143183167290961 0
10190 0.937018622165988 0.7783223928583734 0
10191 0.1256308724218598 0.7567143680613738 0
10192 0.1072248590479998 0.7053340774520461 0
10193 0.8488419976767507 0.6294316084103373 0
10194 0.1884003525515704 0.8428551973246824 0
10195 0.05128970675889404 0.746208066298616 0
10196 0.1219435573649942 0.7107529174874776 0
10197 0.8363632847188153 0.6739720592966032 0
10198 0.2680320044720138 0.9508451405048993 0
10199 0.5104246913788075 0.9945640825233602 0
10200 0.8478471465539689 0.6539417486814078 0
10201 0.2917476968811709 0.7725031940334473 0
10202 0.3588580523126483 0.6499716827625566 0
10203 0.358948808784198 0.850586429496953 0
10204 0.09124977461200319 0.6671658868572321 0
10205 0.1325603884934819 0.7633408613020348 0
10206 0.8411327699946487 0.6463775625560839 0
10207 0.2086719331668279 0.9453684743668528 0
10208 0.1066441463589492 0.7515155679747002 0
10209 0.7728640253454682 0.6333201221492705 0
10210 0.13626728350558 0.7161945127513686 0
10211 0.2629436842243803 0.9747986031116158 0
10212 0.8018457930838102 0.8199349375529073 0
10213 0.1294130254670879 0.7303627753917396 0
10214 0.8252424207466522 0.6570654700771614 0
10215 0.7846007697106996 0.6664049708927399 0
10216 0.7112219653122581 0.8412321159608175 0
10217 0.1137508042758438 0.7261625416979802 0
10218 0.2734812550701532 0.7972282806274713 0
10219 0.7886757632525852 0.6564581873039318 0
10220 0.1099306487848944 0.6507122457732729 0
10221 0.2754660132371463 0.9117674349963292 0
10222 0.8149042146866743 0.8754448627810432 0
10223 0.1752890299488815 0.8672274641032258 0
10224 0.6009957852716245 0.8610504204992472 0
10225 0.6012592584053879 0.6388699391383791 0
10226 0.7604687627717072 0.5060093652785634 0
10227 0.2810363039211634 0.9192062078219294 0
10228 0.7148286883951441 0.7789589301980372 0
10229 0.09646417650860051 0.7216365970473091 0
10230 0.9393892751041172 0.7902041140906733 0
10231 0.5723228054707673 0.9715739497352103 0
10232 0.9198993953093027 0.6723549564466316 0
10233 0.7941816246216982 0.6234100712669278 0
10234 0.1175840669765705 0.7628804344427741 0
10235 0.2472467761032081 0.7690018878961581 0
10236 0.1554103444725817 0.7951157354395915 0
10237 0.127401639434804 0.7404942628343398 0
10238 0.4710608488564676 0.6654221027948389 0
10239 0.4707282330445362 0.835461218636062 0
10240 0.8229730432232775 0.615159130883094 0
10241 0.1504976038743144 0.5716282342775589 0
10242 0.8430990113300821 0.8184449055328384 0
10243 0.5002375908996649 0.5578088106452976 0
10244 0.5012797201821556 0.9417209608182394 0
10245 0.8068936072469698 0.659213698081321 0
10246 0.8508131037205171 0.7164154485639978 0
10247 0.8740975283501214 0.6111246665257479 0
10248 0.1370730317724015 0.7357109059877239 0
10249 0.1759713197766886 0.8065116071525347 0
10250 0.1631491392193832 0.848223227964509 0
10251 0.4961122907937134 0.5777979071652725 0
10252 0.4954202265010836 0.9212419882535118 0
10253 0.1565908408255696 0.8542200019578603 0
10254 0.1550991018450919 0.8753809926015901 0
10255 0.8470525749032993 0.6782145877033695 0
10256 0.6653184474735315 0.6865662889484077 0
10257 0.2781677451032549 0.8661954248314004 0
10258 0.5331745513377663 0.6186187830489847 0
10259 0.5330018936459848 0.8808823612955525 0
10260 0.7543878742166511 0.5529114392465525 0
10261 0.8508973321983221 0.8498744168310169 0
10262 0.7879507460456613 0.803964230432033 0
10263 0.5062484656686372 0.6066017006425371 0
10264 0.5076890104486134 0.8934372322686648 0
10265 0.135864666166793 0.7766873338995126 0
10266 0.4791279405930941 0.5378068186637782 0
10267 0.747673577629093 0.6799528197017172 0
10268 0.1920400962916184 0.8998386071285278 0
10269 0.1104707903565284 0.7744594002909121 0
10270 0.7296069542130254 0.558763105556143 0
10271 0.2557135363264949 0.8448976681531408 0
10272 0.1295240680119072 0.8791269428917294 0
10273 0.882291993379584 0.687691463112446 0
10274 0.3663339112091097 0.6390517760909923 0
10275 0.3662653578443719 0.8608228353458981 0
10276 0.1657421861040682 0.6455039665630955 0
10277 0.4211479396762858 0.8027125395681254 0
10278 0.4209204548181498 0.6969093112883339 0
10279 0.1741915099515946 0.8180649033973038 0
10280 0.5032675386518034 0.7961700616009122 0
10281 0.5029636858538137 0.7026724496832124 0
10282 0.1198072454439625 0.5102527424227081 0
10283 0.7334764343057416 0.5073399959179444 0
10284 0.4697969424237193 0.7449666712569525 0
10285 0.4682269217785564 0.7584133061851873 0
10286 0.7873653525016129 0.7883739379461422 0
10287 0.4435413097409049 0.6095463093233051 0
10288 0.4416565192719832 0.8912696733930204 0
10289 0.1400300881200447 0.7554174397945199 0
10290 0.08783812766988627 0.7176617768623597 0
10291 0.8892639720332075 0.9947345415126977 0
10292 0.7635892350527967 0.5358937263278205 0
10293 0.3033986823275835 0.8551475331498086 0
10294 0.2787758885816045 0.8391151512562798 0
10295 0.09208864961733683 0.7649011328808082 0
10296 0.835485778624374 0.9151086639208872 0
10297 0.4462476564048129 0.6185187373491003 0
10298 0.4478545458820317 0.8849014534866735 0
10299 0.009598620237552358 0.610817472871528 0
10300 0.1906106869776642 0.6161895903295865 0
10301 0.2358907050167251 0.8339971330594018 0
10302 0.2024625514913268 0.8902819473099755 0
10303 0.7631603724969648 0.827972126657035 0
10304 0.6499023809106379 0.6997022720196376 0
10305 0.1369345939139775 0.8452620811947684 0
10306 0.8107206699140511 0.7426409154048019 0
10307 0.1276928032999744 0.8132709789460328 0
10308 0.4906900259239386 0.6175730748545784 0
10309 0.4909913680139101 0.8807437880444576 0
10310 0.1641257504003745 0.8635153408851564 0
10311 0.1281458637327198 0.9921008054163643 0
10312 0.4604252199015373 0.8931064386860536 0
10313 0.4587278382136126 0.6069800168177285 0
10314 0.2122090911699122 0.5484612692227912 0
10315 0.287773401302393 0.9896045864414408 0
10316 0.5245992053848733 0.8968426418231926 0
10317 0.5241422209722451 0.6024849033873355 0
10318 0.2453532736477936 0.9189447131584178 0
10319 0.939574943894425 0.6685929758730623 0
10320 0.8089134653590108 0.8386613575867359 0
10321 0.8407513568597121 0.6968361289972581 0
10322 0.9637433230736131 0.8295898029272102 0
10323 0.1547860958966482 0.9827010464265412 0
10324 0.7593686627278932 0.5983704801569038 0
10325 0.2148635866858758 0.9253720737114991 0
10326 0.8022156963254492 0.8938566050169861 0
10327 0.1806417170211329 0.6634234439573257 0
10328 0.8356222394676751 0.6388107771015162 0
10329 0.009577131644699281 0.6207882283124087 0
10330 0.8389908176291067 0.625823168026059 0
10331 0.7733260509010087 0.6530161442948536 0
10332 0.7837592044863463 0.8261839472758458 0
10333 0.2214948389997517 0.5275053533909518 0
10334 0.7816450431132025 0.5900874736649862 0
10335 0.4821250930814423 0.5256610831466632 0
10336 0.2588056135533474 0.8096016265362936 0
10337 0.1650579298298458 0.7957252519639771 0
10338 0.7758212551416974 0.6609345550430713 0
10339 0.1594094637413056 0.8296838955448032 0
10340 0.7369106754716368 0.6021597310102116 0
10341 0.05260308852082954 0.7542478484309754 0
10342 0.4397379240179231 0.7932513267759626 0
10343 0.4399370319105695 0.7064628597032874 0
10344 0.8252042627652613 0.8433509807470654 0
10345 0.06420460842615139 0.7801451130320957 0
10346 0.2958678001671289 0.5868773771509508 0
10347 0.8424238937759881 0.8896354467924535 0
10348 0.1862809114311505 0.6904375314696551 0
10349 0.1549297717480832 0.8348043290705373 0
10350 0.7646954018665072 0.8869927031810253 0
10351 0.2128258833980656 0.731735875147834 0
10352 0.7234666962501531 0.5088119377557834 0
10353 0.3159049582032256 0.806006851733526 0
10354 0.1624915606667861 0.5877685961281152 0
10355 0.9799155314247132 0.6754449351209348 0
10356 0.2571650798033754 0.8316862937601565 0
10357 0.1656436628215466 0.7269316439065973 0
10358 0.1820296664951264 0.9059717681287839 0
10359 0.1000614733585988 0.690981443733606 0
10360 0.3134789508116446 0.9278395294891707 0
10361 0.2525417908108451 0.6375432682211699 0
10362 0.06258427190965096 0.7616934285546402 0
10363 0.178214686652614 0.6853631900502331 0
10364 0.5094080840609798 0.5744855080270132 0
10365 0.509700572242467 0.9248398045021407 0
10366 0.8043145047444027 0.5938411480949892 0
10367 0.8684206181716953 0.5089746164378084 0
10368 0.1834741842826816 0.5409927611189657 0
10369 0.7643763560739495 0.526086363423385 0
10370 0.2322346850024733 0.5370647789785978 0
10371 0.1795169493964548 0.6314870865645038 0
10372 0.72854802989684 0.9614192075940415 0
10373 0.6066734100265132 0.69043453841942 0
10374 0.6070156681281076 0.8087447613008068 0
10375 0.9397263371852286 0.7684701690487755 0
10376 0.8606669178851794 0.5612722041058122 0
10377 0.3260653430141923 0.5439456351186576 0
10378 0.8628502799487402 0.7134313499131409 0
10379 0.7533410884144988 0.5612771699867331 0
10380 0.1485570257057611 0.723859986091897 0
10381 0.1910505521533218 0.7306458520187846 0
10382 0.1115664229334386 0.7976570826657679 0
10383 0.9944327569650301 0.6579455951085348 0
10384 0.169896558893009 0.8430478105664101 0
10385 0.2639034235145361 0.8262750739015928 0
10386 0.8955026644978815 0.5277210445481069 0
10387 0.8311232769269599 0.630945571644132 0
10388 0.2214923229931809 0.7796974830349188 0
10389 0.9394755562882826 0.7602564410375006 0
10390 0.7529384893430086 0.535005092767881 0
10391 0.2004485320049049 0.9538569637756688 0
10392 0.3876593606328115 0.8970091737211549 0
10393 0.3885389290547915 0.601789963843819 0
10394 0.4518311300489866 0.5903745382737606 0
10395 0.4487871059637452 0.907106753023103 0
10396 0.5152198819098257 0.5854438217917501 0
10397 0.9940895411716525 0.5797030383865006 0
10398 0.8156690969412843 0.641082813034831 0
10399 0.8674179359272058 0.6959648104978119 0
10400 0.8925177423469022 0.7965453648007165 0
10401 0.6094647118994626 0.867530481674143 0
10402 0.6097577372368634 0.6320287510253775 0
10403 0.5940960887252995 0.9430153706523388 0
10404 0.5897995957424489 0.5610440509473892 0
10405 0.693286291933939 0.6379138436138898 0
10406 0.4320814963198634 0.9296951748593733 0
10407 0.8550840628068008 0.73462316082681 0
10408 0.4494831899849762 0.636101653951163 0
10409 0.4496144408453612 0.8636658505253088 0
10410 0.4076094588460335 0.6480343563647225 0
10411 0.3191044265305689 0.6899744266210141 0
10412 0.09132790114645197 0.6558647490780822 0
10413 0.05301685191623973 0.7857709268120009 0
10414 0.8528460228009575 0.8937760828785736 0
10415 0.887697240743502 0.7721458132821061 0
10416 0.005398321266591605 0.9279436606291366 0
10417 0.1750764781608017 0.876468574070973 0
10418 0.06889207674380804 0.8413647083954192 0
10419 0.1448229577419086 0.7018091556004416 0
10420 0.3273370292039511 0.9497981282247736 0
10421 0.7892315418613991 0.573703989322202 0
10422 0.5990446456163434 0.7530603980686051 0
10423 0.8738006943820954 0.6610923524230248 0
10424 0.2680174085145134 0.7203127477170433 0
10425 0.7336412862149309 0.87805971678692 0
10426 0.2036004810103593 0.927352544202398 0
10427 0.8794281222197165 0.6806622665772429 0
10428 0.8160759446277635 0.9153466235772874 0
10429 0.6081635905636948 0.8389815051661452 0
10430 0.6070600284458221 0.6603372819723449 0
10431 0.1538909522745847 0.7881215390016588 0
10432 0.7962024648244622 0.912109659674754 0
10433 0.1747584150147541 0.9792926843068595 0
10434 0.4525892622947138 0.6652367966114942 0
10435 0.4515372662814093 0.8339613639916234 0
10436 0.2151506276696976 0.8628416753667497 0
10437 0.8039391312462738 0.6381768087218104 0
10438 0.7210768776357531 0.7959361249656709 0
10439 0.1827039504354313 0.734186621751754 0
10440 0.7941733008936156 0.603911320922028 0
10441 0.8526313572871788 0.5882387095054099 0
10442 0.8579655103533276 0.870076689223775 0
10443 0.445227257523972 0.6543200557290407 0
10444 0.4448510272650689 0.845181443227172 0
10445 0.4245063263750832 0.857244929499836 0
10446 0.4246785998868039 0.6429589412931384 0
10447 0.2364438303478662 0.9241678424028745 0
10448 0.09272591137872586 0.5780668115989779 0
10449 0.177373503338131 0.8386840741734474 0
10450 0.9397573172815378 0.8001201302276826 0
10451 0.1740510102627044 0.5928922409865668 0
10452 0.732696492415952 0.5700854219432145 0
10453 0.1651104609392031 0.8360338086755195 0
10454 0.8607014516310115 0.5470726017629134 0
10455 0.2741856504982234 0.6954142701144029 0
10456 0.1842317139139807 0.8877866719257984 0
10457 0.2658935783711544 0.9824548284483007 0
10458 0.7890836038460654 0.6291381505842097 0
10459 0.09153960661260974 0.9786836328654748 0
10460 0.8355303091764141 0.7712370067728295 0
10461 0.9832514377873709 0.5942338580730462 0
10462 0.8108176597696227 0.726988031964745 0
10463 0.2571285045185989 0.714248012140251 0
10464 0.2341623089313998 0.8479895535254636 0
10465 0.4421887409459591 0.6353197071417892 0
10466 0.4423218007047267 0.8647890524470019 0
10467 0.7877926718735745 0.5881839196128454 0
10468 0.1460098389017812 0.9750610527100889 0
10469 0.7492249192965561 0.9731691888389166 0
10470 0.876033527095155 0.7381189190933956 0
10471 0.1461904238660537 0.9101085428790231 0
10472 0.1800059107584261 0.8252584837936874 0
10473 0.9244901474374918 0.5472334614976198 0
10474 0.5626824347955101 0.7056373935147208 0
10475 0.5612446628574291 0.7926491255975787 0
10476 0.8418622374777758 0.8326523470238059 0
10477 0.9325982055330457 0.7987287449122172 0
10478 0.4984655425636401 0.8941088610157948 0
10479 0.4982374675184493 0.6079440754671772 0
10480 0.1437765464758127 0.7859437813624923 0
10481 0.8821175361043091 0.9256384363991096 0
10482 0.8365019364942944 0.7895972514946817 0
10483 0.7358793547189296 0.7412463853335085 0
10484 0.1226693544224949 0.7848340655169774 0
10485 0.320690361028506 0.6618073244344359 0
10486 0.6609257198842971 0.8170564230148701 0
10487 0.8186654628784147 0.7230035413432843 0
10488 0.2746429978183826 0.8052177024516855 0
10489 0.7510906785189636 0.5112597303655374 0
10490 0.8833985291730513 0.7636179145413582 0
10491 0.7891956170958694 0.9916587035515012 0
10492 0.2350668586739712 0.5809362232894517 0
10493 0.789655364713016 0.6493866911924558 0
10494 0.5331311982000682 0.8925862037576778 0
10495 0.5331057656163196 0.606772687566964 0
10496 0.4810994294850031 0.6378909401859079 0
10497 0.8744449395890224 0.8082436137972825 0
10498 0.08079628901746658 0.8304114800240013 0
10499 0.7197980792139214 0.6024700026027728 0
10500 0.5814995620758141 0.6681006626793021 0
10501 0.5812119402428434 0.8325319026944584 0
10502 0.2529477780010117 0.7758867118200002 0
10503 0.5302873646196635 0.555373113800098 0
10504 0.08943882696150422 0.8225694698707816 0
10505 0.1287999699297608 0.6334191524331418 0
10506 0.8359336351592938 0.8735078270558185 0
10507 0.8716726905309962 0.6778108500011273 0
10508 0.2472522680365307 0.9394483897885181 0
10509 0.8854136449570509 0.5390151740490276 0
10510 0.3135809823312776 0.904359772953461 0
10511 0.5300226518001194 0.9429271155557902 0
10512 0.9037403988974689 0.6838949050092434 0
10513 0.2073298510491009 0.5973680816840041 0
10514 0.3566105327756931 0.5326821007332038 0
10515 0.3527250873862948 0.9663191356662747 0
10516 0.8935574028763482 0.9672724739217952 0
10517 0.6624756612629197 0.6784777170965507 0
10518 0.7750651723319241 0.5597143125168647 0
10519 0.05064899826911583 0.9400684399229939 0
10520 0.7405251126087984 0.5251802465432974 0
10521 0.8225723196162 0.5763111047500236 0
10522 0.8154493923771455 0.6199454359804543 0
10523 0.6810438772599902 0.9005487183501308 0
10524 0.8214251771557893 0.9240496842616558 0
10525 0.8255832807679814 0.7504752852624683 0
10526 0.7476090707113621 0.9628770142705184 0
10527 0.133963009841939 0.7857666281599066 0
10528 0.827094668218491 0.6227841835840516 0
10529 0.1476662413011756 0.9915105871175396 0
10530 0.1459884741583904 0.9831953747607909 0
10531 0.09880254514743016 0.8235852332268152 0
10532 0.1983864973446758 0.91288442318051 0
10533 0.8226422015567516 0.5950221542452527 0
10534 0.8781782834371802 0.5087996710361558 0
10535 0.8418334366643319 0.6068268382093749 0
10536 0.5018888539800211 0.9162472678372352 0
10537 0.5020351823676761 0.5823874852593991 0
10538 0.8559003178940199 0.66148184713718 0
10539 0.7902160645718596 0.8908730745514552 0
10540 0.3293694638315811 0.9088897732833752 0
10541 0.08433459586392772 0.6497248191226112 0
10542 0.2404170301004491 0.671056244524465 0
10543 0.8587844246224525 0.5092711856536162 0
10544 0.2038872691969216 0.8538282886339212 0
10545 0.4933107536042278 0.9550980623181935 0
10546 0.8130110412032264 0.9290708059880211 0
10547 0.760507624088451 0.8947576719803094 0
10548 0.7998525735847852 0.7715591757293755 0
10549 0.4277712991459711 0.5448440922940573 0
10550 0.2414951046649863 0.7442401611140077 0
10551 0.9579059596890083 0.7366400987297561 0
10552 0.2109502404689382 0.8865197649091139 0
10553 0.2302402954068022 0.8260514275692458 0
10554 0.06801596095018177 0.7028116372070814 0
10555 0.09816745254396543 0.5813350360892309 0
10556 0.1157473313156745 0.8085544257575454 0
10557 0.215132917914311 0.6665372158393637 0
10558 0.1379998913116114 0.9916489819250142 0
10559 0.2315939720604257 0.5470808221552791 0
10560 0.885141149787738 0.5502906348982597 0
10561 0.6931898870912039 0.6167671959613442 0
10562 0.06985467266831945 0.7125955762242492 0
10563 0.8127434534766731 0.6033334387580476 0
10564 0.8691270940889961 0.6013053780276074 0
10565 0.04050327621534528 0.532083619708291 0
10566 0.9917185510040477 0.6408917884153269 0
10567 0.271391498357021 0.6421101694912472 0
10568 0.9109555873822298 0.7883758555979048 0
10569 0.2297281676063391 0.8970123092631928 0
10570 0.9544845736599043 0.7152189440019345 0
10571 0.2485113033605512 0.7546915175476727 0
10572 0.8520074312437863 0.8760222254778542 0
10573 0.06137696954652241 0.7524589613505394 0
10574 0.8649257218827138 0.7710818275145694 0
10575 0.1783377474619647 0.5601032795310026 0
10576 0.1681802612028216 0.5566484714175226 0
10577 0.7517397060556575 0.7520014258131718 0
10578 0.8932908957904434 0.7436119803001559 0
10579 0.4634475212128998 0.5615763904905285 0
10580 0.2306290374767599 0.6486289990720432 0
10581 0.7922167103052261 0.8270427629104458 0
10582 0.8350872862118062 0.7611599581569158 0
10583 0.08723554189319979 0.6828292400499876 0
10584 0.9304091301791205 0.791683469457816 0
10585 0.8580790347690317 0.7798307443567266 0
10586 0.1945504523235563 0.6002643072168435 0
10587 0.7455192127872063 0.6039512999910978 0
10588 0.7547560702672825 0.6539745979727929 0
10589 0.6570877821420018 0.5585607102555122 0
10590 0.7197894409166638 0.8791088497747382 0
10591 0.3565523275675123 0.6761890917780987 0
10592 0.7618011250405316 0.7458253960858002 0
10593 0.1014678111565795 0.5737530444451929 0
10594 0.4734736944136091 0.8603197267093958 0
10595 0.4742923920616011 0.6371895237937659 0
10596 0.7972698769191342 0.5832006875361715 0
10597 0.7917736533668642 0.9542908229008393 0
10598 0.02965614743457915 0.8475957657666192 0
10599 0.06264223672890193 0.8334245118246446 0
10600 0.03764922793799144 0.8349238530832851 0
10601 0.1451252707561127 0.7787720035179561 0
10602 0.3836426227232349 0.5539164454570679 0
10603 0.3850712317208227 0.9465455537210629 0
10604 0.8542641431932251 0.6944037732869356 0
10605 0.2006142002295051 0.6570194540473804 0
10606 0.7839819074395381 0.8329785945556961 0
10607 0.226253691462151 0.8394122851016069 0
10608 0.7545820450982647 0.9679334233359037 0
10609 0.2683150854936787 0.884468239703978 0
10610 0.7480878295766679 0.8315629146182304 0
10611 0.0797341940269648 0.6685500989097546 0
10612 0.7411485809725439 0.8839540843163972 0
10613 0.1753017938413684 0.5294805608771847 0
10614 0.1602516804166106 0.8168163830772546 0
10615 0.6850997313650121 0.9429602708078094 0
10616 0.2759476689658693 0.8146053726614514 0
10617 0.03239023779462057 0.8956656968625578 0
10618 0.3624393365914708 0.8353293811210866 0
10619 0.04819564333046741 0.8433835221232194 0
10620 0.7842554894518036 0.5560517735467068 0
10621 0.9521224901936197 0.7280101233645837 0
10622 0.8631511585878183 0.7305957100497974 0
10623 0.2698887940726094 0.8469862055093211 0
10624 0.03986306547661692 0.684552760970801 0
10625 0.7183804263293631 0.6227803930615233 0
10626 0.3820172445890645 0.7466722433771535 0
10627 0.3871639596958298 0.7584972660492472 0
10628 0.4843255238801934 0.5734972193050478 0
10629 0.7850066697519686 0.6054937177797262 0
10630 0.0764897921978261 0.6433912856240396 0
10631 0.1597504138584624 0.8947599409102702 0
10632 0.4184862182576696 0.6512660796614066 0
10633 0.4182233759242278 0.8490155002030672 0
10634 0.1797199723689073 0.6757430247710855 0
10635 0.2196624299857126 0.8807003201681345 0
10636 0.5143512017019338 0.6049220860740144 0
10637 0.5152676700127128 0.8944124636973473 0
10638 0.4966050308733057 0.8214315105567641 0
10639 0.499753342929444 0.6805651365015243 0
10640 0.755245962969784 0.8137431979876091 0
10641 0.2333259725857789 0.6879273378909782 0
10642 0.6466349777850674 0.7569367342127763 0
10643 0.4642356648410062 0.7085363732783444 0
10644 0.4619752857151129 0.7931044067722654 0
10645 0.7502435810946079 0.9796900231619496 0
10646 0.04354116105421534 0.668390182365003 0
10647 0.01827424395727435 0.5485802747850502 0
10648 0.2152711232461969 0.6763735610224716 0
10649 0.8432350251813781 0.6333244585938274 0
10650 0.1909076345843248 0.6774846245599909 0
10651 0.05610715559009989 0.8259342585076639 0
10652 0.1580545470370811 0.8408963374492913 0
10653 0.04299236898375532 0.8262778116976659 0
10654 0.828018471566326 0.6440198497346833 0
10655 0.8213780634536715 0.8874514574743069 0
10656 0.8327581857224796 0.8049425916282476 0
10657 0.7511318389615396 0.8619944179706728 0
10658 0.1001634192517091 0.619598844429753 0
10659 0.722424253399987 0.7428746869217773 0
10660 0.3495816569400316 0.809440640775221 0
10661 0.3538829518870354 0.6963686550575069 0
10662 0.7407562042462719 0.7023782727157271 0
10663 0.7440152565756198 0.9126040085989173 0
10664 0.2402447965626322 0.7209454402416909 0
10665 0.01213663156823779 0.8984975325348603 0
10666 0.2318727155010178 0.9673046338712299 0
10667 0.3625094358748726 0.6002525442674599 0
10668 0.8479904902935473 0.9426955004940967 0
10669 0.5553359749475199 0.6956547314044256 0
10670 0.555323428332639 0.8038200006305235 0
10671 0.3607854861822545 0.898295116729151 0
10672 0.7918537024029487 0.8783396848850587 0
10673 0.7536570464969227 0.6635485212063282 0
10674 0.0811500292768116 0.6788807456821644 0
10675 0.0815413272104968 0.9093557164646842 0
10676 0.7073592773534138 0.8653530190123148 0
10677 0.8555510495986433 0.7654302422042422 0
10678 0.679150112108578 0.8449681589834681 0
10679 0.04985538268841493 0.6607414406802797 0
10680 0.9402693807679023 0.6375766570401928 0
10681 0.8515456940753007 0.5743965226182347 0
10682 0.0634200952350128 0.7688870980730665 0
10683 0.9477833304827075 0.7600892504117467 0
10684 0.6538753875676002 0.9382572741857218 0
10685 0.1604475031463056 0.7098450990150661 0
10686 0.1699112195163692 0.854304810940291 0
10687 0.1177344780637718 0.8469815249268438 0
10688 0.05971514838380326 0.7435983513894479 0
10689 0.1379450471521795 0.8248777200431808 0
10690 0.7391293101379377 0.9902537845859138 0
10691 0.01824432474247656 0.6913390924665348 0
10692 0.6149540274051244 0.7501344965492983 0
10693 0.6466759779669058 0.743070541966566 0
10694 0.7551469645948863 0.7361165378652708 0
10695 0.775617885206413 0.900518893809516 0
10696 0.8051005922803574 0.8681200364460794 0
10697 0.1716322642348777 0.9010418644121696 0
10698 0.7773487848552929 0.8379951797803684 0
10699 0.4537627346356727 0.9157869752458225 0
10700 0.8146092180694429 0.7346659221565468 0
10701 0.227412181734736 0.8032950105792674 0
10702 0.4542743698304559 0.5812031488579023 0
10703 0.8108645063978416 0.6700473843307218 0
10704 0.8349027665680412 0.7410944322211912 0
10705 0.1045696835057683 0.644320013254539 0
10706 0.7804311882132178 0.57547356521908 0
10707 0.4824097044830524 0.927581852618072 0
10708 0.6267633297659413 0.878799240799797 0
10709 0.6267419464970284 0.6203704469531551 0
10710 0.8521416331468114 0.5418356004869737 0
10711 0.488086731793515 0.5341512020392696 0
10712 0.05731095628192963 0.735045444921927 0
10713 0.7467858645815495 0.8738457000871336 0
10714 0.2000963165214726 0.5775923539207101 0
10715 0.2279969640335972 0.7085197632025142 0
10716 0.9795705680848543 0.687027881878673 0
10717 0.1341866969187365 0.6226463917745122 0
10718 0.9096721328645605 0.6662712668874259 0
10719 0.2925110139561153 0.5164999961498896 0
10720 0.542594814069325 0.7377787376028818 0
10721 0.5452052555148605 0.7637677932706017 0
10722 0.282980873132955 0.5224865738056229 0
10723 0.5539395787328537 0.9530461198122765 0
10724 0.6851604199914951 0.7747645555339148 0
10725 0.2917584526131171 0.5248196648382281 0
10726 0.6777840360618014 0.7587405889034062 0
10727 0.6847991843474514 0.7071120956171172 0
10728 0.6764673092401826 0.7045307743185069 0
10729 0.3562370572569032 0.5083627051800373 0
10730 0.6769805169794882 0.723303428027075 0
10731 0.9421967145028339 0.5067282161473307 0
10732 0.4424777995971133 0.5090103304115347 0
10733 0.3556831984872202 0.9856122300465208 0
10734 0.6957013290619281 0.7103446212695748 0
10735 0.305546270844428 0.9814272994865722 0
10736 0.279845610318149 0.5314488111302053 0
10737 0.3099673899098884 0.526002991362995 0
10738 0.342462602455561 0.5080045376535383 0
10739 0.6071458204786235 0.7408360714062422 0
10740 0.6102125173884294 0.758613130666604 0
10741 0.6903930037962539 0.9774393888466005 0
10742 0.6801977045176125 0.9913230631720302 0
10743 0.708563681324953 0.9915552250013952 0
10744 0.5221683859611006 0.7287011405899455 0
10745 0.5250906861949951 0.7728815741561806 0
10746 0.5237495828739658 0.7598098654856241 0
10747 0.5259135002163303 0.7364436179586549 0
10748 0.6892416947587986 0.7792842629278353 0
10749 0.2744688286851535 0.9598605932792703 0
10750 0.5438932275975202 0.7499380436581709 0
10751 0.6704935902365958 0.7405013312633842 0
10752 0.6528801455634179 0.5738100897965481 0
10753 0.5900820031560117 0.7554715471657826 0
10754 0.5871068211338434 0.7456362870912173 0
10755 0.5525607542097085 0.9629361870004715 0
10756 0.529927918478739 0.7247090995164334 0
10757 0.5323074576507184 0.7781455921513396 0
10758 0.4503940881484801 0.52572180566742 0
10759 0.5650634825457422 0.8656632415442195 0
10760 0.5655396563936833 0.6344045717848745 0
10761 0.5302438175762386 0.7522545020079301 0
10762 0.5282709357884557 0.7421797619513058 0
10763 0.3421632400785974 0.9894679665075703 0
10764 0.324790789863901 0.9884241560275389 0
10765 0.5497298236870239 0.7292234850462931 0
10766 0.5526965309070336 0.7693652261351673 0
10767 0.3728649292212894 0.9827285271026147 0
10768 0.6868408178982626 0.792325146878849 0
10769 0.6841215961056644 0.6963056890840298 0
10770 0.3824340908159774 0.9909542204097586 0
10771 0.6481239293983933 0.5650555197941383 0
10772 0.2715233171339959 0.5241700991068655 0
10773 0.6872195960145652 0.7579299332194694 0
10774 0.3217364513805116 0.9776904656060064 0
10775 0.3771775255365603 0.5189356558227383 0
10776 0.6972110370694745 0.7854622725617474 0
10777 0.4023173179361568 0.5299341236623592 0
10778 0.5358269521313984 0.7429547115405827 0
10779 0.5376225172476334 0.7578240929104196 0
10780 0.3866776103362523 0.5112451509890164 0
10781 0.2971837154667369 0.5344892933627906 0
10782 0.69839781244286 0.9833518374539765 0
10783 0.4097216353463359 0.5194035203134412 0
10784 0.5643644731817701 0.9727117683802784 0
10785 0.6886217337541679 0.7247840755937308 0
10786 0.700095175301535 0.5094604262244552 0
10787 0.2416802175674822 0.5091022857880631 0
10788 0.4370046548227806 0.5199544962724624 0
10789 0.6585771070604258 0.5117716904643812 0
10790 0.5579134311908101 0.7620481246779799 0
10791 0.5608692925408947 0.7358322791915749 0
10792 0.5648097586992935 0.9533177438924708 0
10793 0.3836643911837148 0.9813893513684207 0
10794 0.6858222954109817 0.7436923191600836 0
10795 0.5653391262264668 0.7452072728173899 0
10796 0.68090019852427 0.9824461446313131 0
10797 0.6061084158259449 0.9589982107316568 0
10798 0.6045134692075993 0.5376440594835416 0
10799 0.2216561948549627 0.991471386466366 0
10800 0.2200163692823163 0.649846902332241 0
10801 0.6947338339824605 0.7736157561152609 0
10802 0.3287046964501245 0.9382094361209856 0
10803 0.3359225025037471 0.9804397604696589 0
10804 0.02040912061711415 0.6497576623484552 0
10805 0.2209813961933803 0.5087438685013775 0
10806 0.7011717238133752 0.964013725578547 0
10807 0.3529355344706461 0.9916721576875063 0
10808 0.6010508171220872 0.7775271043023292 0
10809 0.6004403915457618 0.7216626763412025 0
10810 0.9315216797547911 0.8803672125612562 0
10811 0.6128175162161622 0.7915579269616945 0
10812 0.6122468404981334 0.7074426838514235 0
10813 0.6953713524005819 0.7640662481233913 0
10814 0.6391513233981259 0.5355823138036568 0
10815 0.4604140157248787 0.9735823068374853 0
10816 0.6821097104066864 0.7840491347056341 0
10817 0.5389072338367337 0.7712821589655802 0
10818 0.5413865464390788 0.7306390932932779 0
10819 0.639346600441124 0.9639568557820187 0
10820 0.5928366556732911 0.9817865560595251 0
10821 0.6315285000353748 0.5192412783890881 0
10822 0.6347230818357308 0.9799029941336707 0
10823 0.7064945606610702 0.7594207564069785 0
10824 0.5394551043380443 0.7194191820376286 0
10825 0.5385267983290067 0.7843621807607798 0
10826 0.4699630645676242 0.6964667952542379 0
10827 0.4687223107504985 0.7994199869390758 0
10828 0.7075684453074107 0.733335452633554 0
10829 0.305134297618864 0.7165516504448859 0
10830 0.6969064250294156 0.7328722310742745 0
10831 0.2951588664342899 0.5680832728592767 0
10832 0.742379886879008 0.8588097412567892 0
10833 0.06418152526548808 0.9758948706005708 0
10834 0.8446997448900998 0.7142880588932966 0
10835 0.3785941890773303 0.5070567146071782 0
10836 0.2311738404257171 0.5088746257136771 0
10837 0.5658789256236595 0.6083880547468091 0
10838 0.565029593059036 0.8918082245495018 0
10839 0.3719025275596367 0.9914630253216421 0
10840 0.4167196836053702 0.5197026969064104 0
10841 0.04241842723646323 0.988993337941196 0
10842 0.69617766705937 0.7575930963823051 0
10843 0.6696768400478445 0.5635946478831291 0
10844 0.4096447339064924 0.5101934303687793 0
10845 0.6013320827870465 0.9682550412178592 0
10846 0.6026183549038268 0.5283941614104292 0
10847 0.3572107398756663 0.7713372681839645 0
10848 0.4458342093080082 0.5173607337055723 0
10849 0.1573742912166934 0.5598116644223885 0
10850 0.3549994691516807 0.7296335224449011 0
10851 0.4769631852809685 0.5795951008611551 0
10852 0.2131227771143779 0.9093456948436878 0
10853 0.6683263663677892 0.75927536551741 0
10854 0.5746235782773129 0.9650436488406444 0
10855 0.8888139052434917 0.6246859016165962 0
10856 0.5068961294690969 0.7610081578227714 0
10857 0.5061142769478327 0.7368306283524573 0
10858 0.4022909166490082 0.9912480652927423 0
10859 0.6425371148167305 0.5191826075838637 0
10860 0.6436466862161925 0.9784188176492533 0
10861 0.1740145945679662 0.5492942176759715 0
10862 0.666319461678154 0.5765416238541642 0
10863 0.8428730057865219 0.7079401511341514 0
10864 0.5488339224181077 0.5593103862035265 0
10865 0.009887601015231718 0.6307777511086621 0
10866 0.8890726863227639 0.6691181280397865 0
10867 0.2996702699352421 0.7540320170172934 0
10868 0.5788695735800623 0.7498535128442565 0
10869 0.5830969517927787 0.7565339981912351 0
10870 0.2149675156151078 0.6582266873497316 0
10871 0.4213804556458177 0.5127534579798855 0
10872 0.3072896730970968 0.7448303177733873 0
10873 0.5438598289725276 0.9522972271326745 0
10874 0.6896593454284253 0.6914210765869413 0
10875 0.7076287350325594 0.5180483297437787 0
10876 0.517029610303443 0.767660566098792 0
10877 0.514266537336221 0.7326412174943151 0
10878 0.5775678762121745 0.9769036972075249 0
10879 0.0532724503762573 0.6912404410541722 0
10880 0.3481241940897901 0.5179864899978647 0
10881 0.5797345668042682 0.5197624045217689 0
10882 0.7149176029991579 0.6364647145115625 0
10883 0.6700842168327572 0.5181955773119832 0
10884 0.1726765711133728 0.5086882263882382 0
10885 0.3749061136948542 0.8617916957910693 0
10886 0.3752723219006823 0.6378802504747368 0
10887 0.5801318877542744 0.7639085483462406 0
10888 0.5827119051352565 0.7359386762171647 0
10889 0.2918281534212626 0.9350373219351515 0
10890 0.1947654409664972 0.6858452514407952 0
10891 0.8511261314952444 0.6002431873355932 0
10892 0.3449134289971604 0.9733888547823222 0
10893 0.6513177200350062 0.9258717225875822 0
10894 0.7042583564218521 0.7277027376566118 0
10895 0.3119422579997702 0.9895623480631761 0
10896 0.3576705449361034 0.7869555627783944 0
10897 0.209573291790993 0.6207748353456488 0
10898 0.3622883996529074 0.7111153679140524 0
10899 0.6897261157320839 0.9915426035192888 0
10900 0.6216221508855481 0.5190951809847803 0
10901 0.6251256100725046 0.9803765446529177 0
10902 0.7855937119973957 0.9171630183666917 0
10903 0.8194113193698184 0.610264622553646 0
10904 0.303027081217204 0.9757774971016408 0
10905 0.6783873143294409 0.6891269920860992 0
10906 0.7742105083595589 0.5770183304683945 0
10907 0.7078915984482733 0.9575824020408811 0
10908 0.3902030364867182 0.5218648313351618 0
10909 0.5777663555528453 0.795821317471214 0
10910 0.5853458261888589 0.7071813049811684 0
10911 0.5466736071205804 0.5485730361232768 0
10912 0.8517920757364749 0.9104584823444711 0
10913 0.4995770104819978 0.8501382659543573 0
10914 0.4986134851323054 0.6509068762142808 0
10915 0.1523801935196108 0.5922688370736799 0
10916 0.2174146355165366 0.9338352496288435 0
10917 0.05587384025900104 0.81201511291059 0
10918 0.4040929502845812 0.7350977680893728 0
10919 0.678928280952248 0.7763454253030917 0
10920 0.4038394336669189 0.7677131588719247 0
10921 0.466859582827847 0.991340254618914 0
10922 0.6708928093297534 0.9818504857994078 0
10923 0.1708904375403788 0.5842188640039362 0
10924 0.2811906274618111 0.735250246726275 0
10925 0.6071250435258083 0.8001256183713648 0
10926 0.6091693662721622 0.6978790168730642 0
10927 0.3711479756244261 0.756925244405854 0
10928 0.6492682655096215 0.9880989078865395 0
10929 0.7126528927402499 0.7245720221688979 0
10930 0.2396514268345652 0.9850302055611405 0
10931 0.6618174264134518 0.9433293878069026 0
10932 0.9946938910877036 0.7993863904974251 0
10933 0.6394428400023209 0.5682361526174232 0
10934 0.4951157880688449 0.5448997134917599 0
10935 0.8308527649544608 0.6077219225519672 0
10936 0.9934939789383063 0.5983575431272111 0
10937 0.5950880706794982 0.5379697071324013 0
10938 0.5955374130369547 0.9609397704877026 0
10939 0.6863924875840239 0.7137235964481765 0
10940 0.8900350180518938 0.8161123350648274 0
10941 0.9914491619414316 0.9504470191894814 0
10942 0.450662823277168 0.7654285684988416 0
10943 0.4515355375572396 0.7346220888868492 0
10944 0.6038297080559381 0.980472701354156 0
10945 0.6010903743726425 0.5189939940213283 0
10946 0.6402783420195284 0.529104589225604 0
10947 0.1208224789031921 0.9932511325066985 0
10948 0.679907527489625 0.6750176159707244 0
10949 0.6968167169511839 0.9755281295517568 0
10950 0.6010787395314037 0.9232080489241198 0
10951 0.6010443850648681 0.5765119424145789 0
10952 0.6897431385930827 0.5382063482659718 0
10953 0.6493046589702829 0.5090275981108107 0
10954 0.5025873371744949 0.8598840134466329 0
10955 0.5011504301508665 0.6410165529062705 0
10956 0.5823765884742312 0.5750554031114902 0
10957 0.3383107948091666 0.9350596347239151 0
10958 0.6059453457779851 0.9357482614399409 0
10959 0.5968168256665886 0.5660641461994711 0
10960 0.4040422466216582 0.9675643832833671 0
10961 0.6812289401539724 0.5535310469909797 0
10962 0.640908715269615 0.9701222146313638 0
10963 0.8049800012748695 0.9132103013224108 0
10964 0.2361998630766695 0.6389847146115982 0
10965 0.6083214757361999 0.7710613671207326 0
10966 0.60797697418626 0.7277526414206296 0
10967 0.701261177656236 0.9195050120768999 0
10968 0.8251968086587139 0.7413090988108307 0
10969 0.7274180561991384 0.8601652577911291 0
10970 0.5818889971666684 0.9214894596107621 0
10971 0.7016866113438472 0.6325959251103456 0
10972 0.09131535497272746 0.9938507761460597 0
10973 0.4799422272620135 0.6544705153694431 0
10974 0.4810973226208105 0.8479339643318031 0
10975 0.0207784536741446 0.6634943227913976 0
10976 0.7168436113880947 0.9826416912156712 0
10977 0.6204537876178874 0.7592099607845467 0
10978 0.6199599500658602 0.7407353880214342 0
10979 0.7991965867837952 0.9236580294473799 0
10980 0.6398683891519978 0.929998444536033 0
10981 0.5068130912495 0.8392166699394033 0
10982 0.5062756260486971 0.6615043322436534 0
10983 0.1755614414314798 0.5688364801914155 0
10984 0.560123518452806 0.5090550533702926 0
10985 0.6156488377468331 0.6995105564551514 0
10986 0.6154200762006026 0.7997010883764565 0
10987 0.3511577947350369 0.7787652595918878 0
10988 0.3344027330450566 0.5204022783323717 0
10989 0.7156246466375467 0.7072620431997474 0
10990 0.3394997117456162 0.7922623471746861 0
10991 0.2663280392810536 0.5166933335755409 0
10992 0.1002865076875447 0.5056338042651538 0
10993 0.5624595189690163 0.5412944055272855 0
10994 0.5188526325317548 0.7404410449365058 0
10995 0.5167485584994265 0.7532668288073317 0
10996 0.3105806262790974 0.9734784133999551 0
10997 0.7053014852023459 0.6842887093319368 0
10998 0.4596060243872049 0.8741817141555358 0
10999 0.4585562514808375 0.6254822134946118 0
11000 0.2367477250481846 0.7683548200941259 0
11001 0.06373853698226177 0.791083758676546 0
11002 0.8870031893016978 0.5806138454667706 0
11003 0.3089040122281653 0.7868158388111241 0
11004 0.6714627790252481 0.6677033919780975 0
11005 0.648923748596978 0.5149978295388661 0
11006 0.3021044668502654 0.5883858026509109 0
11007 0.2851999515403502 0.5676694357194264 0
11008 0.6910145714733854 0.8260121589887896 0
11009 0.3140341086555883 0.5446054913658139 0
11010 0.3385790868241705 0.5732346993681563 0
11011 0.4752283388786859 0.6058612914104162 0
11012 0.4754736379439928 0.8902765175681253 0
11013 0.7002124136326656 0.7678786786147837 0
11014 0.5851267143934922 0.914699136725645 0
11015 0.6471305336870108 0.9336365602118316 0
11016 0.6541714693771491 0.9821625416949934 0
11017 0.8186775608590239 0.707878620251865 0
11018 0.7397815944434377 0.5826898471613052 0
11019 0.3624617507492253 0.7361955065013064 0
11020 0.5554771170874199 0.8457004996020999 0
11021 0.4031946297153934 0.5640409950749857 0
11022 0.06067033362041613 0.9941409670535911 0
11023 0.4436393661716201 0.6633358954815962 0
11024 0.443286317124304 0.8362875595883003 0
11025 0.6610839313515199 0.9821987856981683 0
11026 0.6524776493189188 0.5168802514336718 0
11027 0.6777963744038509 0.7678318053307517 0
11028 0.6376898804979011 0.5586518272900313 0
11029 0.5670690629366356 0.5295346567992891 0
11030 0.3001146776355406 0.9878060714577888 0
11031 0.6485462553036645 0.9680775267729455 0
11032 0.6483379450186516 0.5314199303408136 0
11033 0.373962067959309 0.7485261290597941 0
11034 0.2775603902460898 0.7481143105842318 0
11035 0.5755059873973565 0.9419721376020784 0
11036 0.5621904504875414 0.5625640631513719 0
11037 0.4416847429053207 0.9735934783855771 0
11038 0.6703532481169795 0.7221022705043699 0
11039 0.6022410873407521 0.7907448518330261 0
11040 0.5992984842849982 0.708420623378603 0
11041 0.9459867860377296 0.8761370435853457 0
11042 0.2250298894979408 0.9738684449032907 0
11043 0.4636906813294132 0.5835385151899994 0
11044 0.5564649009874247 0.5440769323178624 0
11045 0.1114482725066446 0.8163483345637154 0
11046 0.2307944988739153 0.9916466330770493 0
11047 0.4215710483724346 0.9787193283834674 0
11048 0.03030889308197442 0.6320206414488299 0
11049 0.4836342070301054 0.7534564609548996 0
11050 0.4809207132211116 0.7478674734260079 0
11051 0.7664313197856332 0.9520332645840515 0
11052 0.3448482495332804 0.7710242148495771 0
11053 0.7860756037254745 0.9655356215921702 0
11054 0.5710124439887051 0.5586443280268667 0
11055 0.7037662120570023 0.7386425229973546 0
11056 0.07063946084606898 0.8125395422361933 0
11057 0.4805491542706067 0.7976026938217048 0
11058 0.4822009208346502 0.7028884140069768 0
11059 0.7086868505086884 0.6901677660404164 0
11060 0.2427580435326286 0.5371713793750171 0
11061 0.2584832645675523 0.8636065186080936 0
11062 0.7711465650617787 0.7559368047031962 0
11063 0.9644221576129993 0.8544366425845683 0
11064 0.8243787871740615 0.9104888954000404 0
11065 0.6837791564567766 0.6171758543108036 0
11066 0.660613253721509 0.9907131806041818 0
11067 0.2325350089981461 0.8613880718122853 0
11068 0.7514770069429939 0.9111776015951578 0
11069 0.4844655628541678 0.7365314483658481 0
11070 0.4862777806349364 0.7635820130810656 0
11071 0.8407215876396759 0.5743695062353978 0
11072 0.3060616157768394 0.5831395651484989 0
11073 0.1201671997842746 0.5801929939898533 0
11074 0.3353672953559754 0.770042661814593 0
11075 0.6041105558571704 0.946446002983557 0
11076 0.5978611703365616 0.5554524141205419 0
11077 0.1954371938688509 0.5328863829238565 0
11078 0.6831309414462531 0.8247165467994704 0
11079 0.4542738881843789 0.9773427406889961 0
11080 0.6374694508083399 0.9896708454486867 0
11081 0.6309004486386715 0.5096252413156095 0
11082 0.4030445513036947 0.7271489360358669 0
11083 0.6933016999059872 0.9473758203630751 0
11084 0.1748690401740592 0.8921213773134041 0
11085 0.6254245167469117 0.6905823267850773 0
11086 0.397537335183723 0.7745441488137123 0
11087 0.3299396656980123 0.5669939038872173 0
11088 0.6248599315229979 0.8097017932079751 0
11089 0.3387294865236189 0.7647333481519689 0
11090 0.4455679442451053 0.5382983975134302 0
11091 0.7008546231500524 0.9520459594945678 0
11092 0.3462448295490153 0.8748636280768826 0
11093 0.6883592535245254 0.9208387689741522 0
11094 0.1827512450598259 0.5720488958898308 0
11095 0.3335987360190715 0.9224360617410892 0
11096 0.3415106409346561 0.7443080396682943 0
11097 0.2993336257246863 0.7842725648235476 0
11098 0.144873220818385 0.8861420481598969 0
11099 0.4914494743436283 0.5520273197723393 0
11100 0.5138748228517437 0.5385178308039847 0
11101 0.2490947129576689 0.9912539534855311 0
11102 0.7788747910777574 0.9280270193253186 0
11103 0.5292885838847252 0.8015919690913546 0
11104 0.5296161171454272 0.6988656273954684 0
11105 0.1423293353983487 0.5087490100814355 0
11106 0.5541562043103754 0.5259315486731154 0
11107 0.4242237944487354 0.9898870336557144 0
11108 0.3942904274141143 0.8578582839876477 0
11109 0.3948856925163953 0.6420656961026106 0
11110 0.446599636909055 0.9659110681956636 0
11111 0.5999096045012369 0.846165568881736 0
11112 0.6002649778407325 0.6539847444555291 0
11113 0.4867253891226749 0.6666689609928788 0
11114 0.4881387041039502 0.8320685143413655 0
11115 0.5591092728021936 0.9921240983056889 0
11116 0.5698969110540993 0.6289347463193358 0
11117 0.5695665515912346 0.8711411329296404 0
11118 0.2976334792312095 0.7234660352923337 0
11119 0.2896404402751353 0.7515490269600165 0
11120 0.6705795600787115 0.550832468996332 0
11121 0.06124011387995815 0.6971293021889159 0
11122 0.1590813042461413 0.5693732838717227 0
11123 0.8652670755978952 0.5742894774100221 0
11124 0.9506392218679952 0.8850072558818345 0
11125 0.3115393637295664 0.6950041413218786 0
11126 0.2523305133260789 0.8947118162083513 0
11127 0.3640056165793038 0.7792096857095946 0
11128 0.9305475902361101 0.8863728473505357 0
11129 0.4559804826719752 0.6784790962722866 0
11130 0.4558657775281129 0.8212876372771764 0
11131 0.4713708279736574 0.5571486364922704 0
11132 0.5484642071290274 0.6331807640509382 0
11133 0.5478860070954221 0.8666527082121556 0
11134 0.5562696644750378 0.6544025961249248 0
11135 0.9130810627031719 0.6866784674176419 0
11136 0.6307863598027235 0.7813501900882776 0
11137 0.545452588434448 0.527815220398717 0
11138 0.9619023612125319 0.7456971537897205 0
11139 0.9496688030170725 0.9940037104969474 0
11140 0.3154429787488336 0.5703248752259756 0
11141 0.06235409273152124 0.6818314456218391 0
11142 0.6904185227826338 0.519380092129978 0
11143 0.1821451520429892 0.8687243345071676 0
11144 0.6876948650088482 0.881388077800768 0
11145 0.5850619466834375 0.9487574544783924 0
11146 0.181943177017647 0.6231921263087473 0
11147 0.3296555520992631 0.5389191530876142 0
11148 0.3998640443451953 0.9566037654841871 0
11149 0.8865200483189895 0.6592640708789778 0
11150 0.007191226094966475 0.884347049005665 0
11151 0.5540089598699269 0.6091488273392773 0
11152 0.5531656478304731 0.8905438978191729 0
11153 0.7539668877210161 0.8503367436108521 0
11154 0.6709731276531096 0.9477212603060093 0
11155 0.4312740640100752 0.9944517699154264 0
11156 0.4894117663007415 0.6010020852881922 0
11157 0.6912555224305805 0.963341543185842 0
11158 0.2598759024164186 0.9555251871350736 0
11159 0.4111373607243898 0.981986934996624 0
11160 0.4907916189476861 0.9011492530147789 0
11161 0.3048571894049637 0.7018167778615351 0
11162 0.07008124081329577 0.9397536894734638 0
11163 0.1414220942174094 0.5908194144010827 0
11164 0.3328340191807802 0.5479719074174788 0
11165 0.3390691194062265 0.5823556333527831 0
11166 0.5881607093542404 0.5389329047779667 0
11167 0.5884240196888182 0.9593408684454872 0
11168 0.6312807990664571 0.7190850921366201 0
11169 0.9742082880831444 0.7272461666514279 0
11170 0.5245316594256374 0.7943129631659598 0
11171 0.2981165747914915 0.6494807530000498 0
11172 0.9727765125336755 0.849965242051815 0
11173 0.6740395812211717 0.8299597687112296 0
11174 0.03893698071253867 0.9615660763239059 0
11175 0.2322303164494451 0.5273202460434595 0
11176 0.3544901423400043 0.7150930822892126 0
11177 0.2702768227318808 0.9375635102447985 0
11178 0.7284736941092963 0.8482559028982072 0
11179 0.593772020620316 0.6047471558934835 0
11180 0.5938505161430631 0.8950980832880682 0
11181 0.2540912839135652 0.763050695842544 0
11182 0.2314703315905403 0.9819733965517381 0
11183 0.6801449730569316 0.5475543964900034 0
11184 0.3622443868739864 0.7222958869092213 0
11185 0.4311817465322068 0.8688851178995711 0
11186 0.4311581660187877 0.6314100668848923 0
11187 0.3484071991290231 0.9305417590446893 0
11188 0.874175076369667 0.5937052989011366 0
11189 0.6369898510374679 0.9396222539756352 0
11190 0.6688864026800246 0.6764052038570688 0
11191 0.3399138957130825 0.5888061701889141 0
11192 0.3983900053875353 0.9342667405172281 0
11193 0.7449116312366336 0.8378038387355478 0
11194 0.387996079074233 0.5496435129167934 0
11195 0.3482535306787961 0.5728266954473665 0
11196 0.3620835430194277 0.9919512025390911 0
11197 0.4137196999175951 0.7838223041043155 0
11198 0.4129485327788072 0.7151786586423782 0
11199 0.5223023401159929 0.9440847977152936 0
11200 0.6817651366705706 0.874667222582229 0
11201 0.5773719396765875 0.8047595572837271 0
11202 0.5771335203493397 0.6983154446798239 0
11203 0.706168801290867 0.9006054070101643 0
11204 0.306888074806295 0.5516774818059957 0
11205 0.2266611320632873 0.9099152359534869 0
11206 0.4575286830262185 0.6897184841048676 0
11207 0.4597957864192384 0.8076700526795893 0
11208 0.3876198636177063 0.7396151890201942 0
11209 0.5946517923926746 0.6622303146995723 0
11210 0.5940410753705173 0.8382537336241219 0
11211 0.7037199485133046 0.9318603348376727 0
11212 0.1184208029610863 0.8188848185015197 0
11213 0.937160123466952 0.8592736114232679 0
11214 0.7049038296364646 0.8028043365899787 0
11215 0.1740137498604397 0.6812421304587265 0
11216 0.5868986570758806 0.6356796431361286 0
11217 0.5867534088255325 0.8644572023185505 0
11218 0.857631644357386 0.6755393512382146 0
11219 0.693282030179725 0.8219295933897048 0
11220 0.2952846412818733 0.6552973271043042 0
11221 0.9061722306957819 0.5270263740293775 0
11222 0.9811342516834357 0.6140682681116501 0
11223 0.1684451616749315 0.576407920415667 0
11224 0.3795165362939982 0.560446562419078 0
11225 0.3455956072021169 0.7073108183360392 0
11226 0.3642649062908869 0.9078951624816712 0
11227 0.8919159506517932 0.6494517444628319 0
11228 0.3606455657315249 0.5909477804763806 0
11229 0.1686628535767843 0.6870631350855985 0
11230 0.4155850825431243 0.8553922615866808 0
11231 0.4158931842647872 0.6448969205673141 0
11232 0.8797004826433461 0.8868840687165859 0
11233 0.5454123488200703 0.9378564510659735 0
11234 0.3827452547040881 0.9719157152459454 0
11235 0.3738079485903409 0.7654665967656015 0
11236 0.2782131937033207 0.5448768952705856 0
11237 0.9918467665260188 0.95934826699294 0
11238 0.2023230329838406 0.6429284083498889 0
11239 0.2245900725573954 0.8890744634200402 0
11240 0.6905417680631192 0.9346547039171151 0
11241 0.6786642236746153 0.5216282876701617 0
11242 0.04894797831026115 0.6982224787078099 0
11243 0.7639531711868933 0.8547068137356656 0
11244 0.164304739309743 0.68254419141802 0
11245 0.5211119078972969 0.5546538779810549 0
11246 0.6968570805218948 0.6236293908186368 0
11247 0.703922500654048 0.6562765992886739 0
11248 0.5262063093614693 0.784445677489695 0
11249 0.5254309408532916 0.7170710138184707 0
11250 0.3828489899751132 0.523875735790457 0
11251 0.08898672104180681 0.8339779400352561 0
11252 0.200941783121827 0.5081166182721764 0
11253 0.7364521873199832 0.866474570575821 0
11254 0.620798285930613 0.5095653831645923 0
11255 0.776680604135029 0.9754670341081205 0
11256 0.6991576876390966 0.9916138219608885 0
11257 0.185283219425504 0.9770185777435423 0
11258 0.7718906101511961 0.9943551294708609 0
11259 0.182226180242249 0.5076924983801066 0
11260 0.2726307531787103 0.5077793603841538 0
11261 0.7119259988289313 0.5113135969814324 0
11262 0.7383404455965361 0.8727546663832476 0
11263 0.9168532593710821 0.666034828335915 0
11264 0.7781556554493688 0.960334630400148 0
11265 0.8209540720742211 0.6715944314469997 0
11266 0.434333465285602 0.6621433187589915 0
11267 0.4342022346260793 0.837747774047591 0
11268 0.3108489071301716 0.5192679391803764 0
11269 0.3129753284377888 0.7658967158217034 0
11270 0.07564989520874313 0.8351873379174792 0
11271 0.2616489787672435 0.7577549747131107 0
11272 0.05366676551744911 0.9920674020209643 0
11273 0.2001088838543346 0.8737397921226933 0
11274 0.5781803791245768 0.9922613931453581 0
11275 0.09088808502005287 0.9154343131532519 0
11276 0.3017017897328183 0.5178363801760872 0
11277 0.5767600723301031 0.7872921874762026 0
11278 0.5784583682746326 0.7135864689547149 0
11279 0.03819422077093987 0.9825040653786692 0
11280 0.8074137419784772 0.5781252897068215 0
11281 0.7271683211739791 0.886249551476205 0
11282 0.3135865048826426 0.7983299006922984 0
11283 0.4473608579649935 0.854489503578356 0
11284 0.447583655692524 0.6449985511876046 0
11285 0.08186526510020334 0.8427796674995547 0
11286 0.3686255044994562 0.5662691838043238 0
11287 0.6148413680958187 0.7788536078058365 0
11288 0.6144855121509311 0.7206490526315543 0
11289 0.4595549624016512 0.9942748459788128 0
11290 0.594837490858836 0.785259317728175 0
11291 0.5926808769889387 0.7147806724441222 0
11292 0.07518950497579895 0.9063565087104198 0
11293 0.7144307747227618 0.6972107159401449 0
11294 0.3217220197659585 0.76750827110569 0
11295 0.2015138542827921 0.8837815939211584 0
11296 0.589904455015613 0.5095814530109292 0
11297 0.2651869841787019 0.7447681205465893 0
11298 0.5872132160384809 0.9919508431572427 0
11299 0.8235526995313353 0.6842835976531875 0
11300 0.3111931684800085 0.5756740721720524 0
11301 0.3011070903952477 0.5089404809111408 0
11302 0.01739057843726758 0.8211170519566882 0
11303 0.2749498263656303 0.5151456284553819 0
11304 0.8581878430368274 0.5188226838388265 0
11305 0.8955536102289092 0.6349071797735866 0
11306 0.1839693932978016 0.5133923035999007 0
11307 0.5911905790968631 0.9513894829770235 0
11308 0.2161543042023679 0.6434599705689943 0
11309 0.1545127390761238 0.8097862768571422 0
11310 0.198392535518753 0.5247684182850438 0
11311 0.6455433498327717 0.767232479845977 0
11312 0.9300670248925331 0.5640941606928895 0
11313 0.3319399871511294 0.7605077457180113 0
11314 0.6904333282454821 0.7392715056353588 0
11315 0.8466299893327522 0.5278507227444235 0
11316 0.5888959776814228 0.5545457733043439 0
11317 0.1912398012009084 0.5075808146819243 0
11318 0.7183412783172396 0.9913219337155893 0
11319 0.2864769885880765 0.9272956751065252 0
11320 0.1502293167397359 0.8239070373145285 0
11321 0.2550323739250515 0.5205152764306518 0
11322 0.3282013848987198 0.7150499305585358 0
11323 0.645136661960214 0.7332613447091724 0
11324 0.02639574337941796 0.8295324791656604 0
11325 0.08999757472553449 0.8134182982167106 0
11326 0.8768448593480509 0.5173787780809246 0
11327 0.8868432551830372 0.6332782417415813 0
11328 0.1049208396729636 0.8371676910159189 0
11329 0.207511084506768 0.6089929646983189 0
11330 0.1946284079217636 0.974249877974005 0
11331 0.3239747713675574 0.7578212033667982 0
11332 0.6144737148409979 0.7442619160465598 0
11333 0.6153079462961751 0.7558178263296131 0
11334 0.2249989117225406 0.6373555817978092 0
11335 0.08300519975206891 0.8131963961453205 0
11336 0.3670693091709678 0.9263174218584478 0
11337 0.6871269940854811 0.6681958174792886 0
11338 0.5451658872373379 0.8454514931467223 0
11339 0.5458141690653319 0.6545595706127478 0
11340 0.7646999658676411 0.7741224616957809 0
11341 0.09826866855352016 0.5151927814890565 0
11342 0.6736868654007234 0.8569758199015239 0
11343 0.6167381842295132 0.8176523075411786 0
11344 0.1830340762114847 0.967145792486708 0
11345 0.8907657890055187 0.6799321069658884 0
11346 0.6168978226489668 0.6850063275364727 0
11347 0.6334779687589314 0.7571479758945396 0
11348 0.4213713333541855 0.7614984648068374 0
11349 0.4211654100290979 0.7384444708692041 0
11350 0.5601768997255369 0.524069020876433 0
11351 0.864265601371736 0.6689776514929113 0
11352 0.7132273855875562 0.792307408330722 0
11353 0.1202104417013653 0.6363737501882855 0
11354 0.5964378795829307 0.7429805402962557 0
11355 0.007716613946565467 0.9080812430816575 0
11356 0.2398431289385025 0.760810669041108 0
11357 0.6334141945117977 0.7430283275266642 0
11358 0.2341385083672404 0.6323751843773291 0
11359 0.295619479871551 0.5509874716960332 0
11360 0.6983373943423646 0.69446173265897 0
11361 0.2535646970404624 0.9474907866010286 0
11362 0.6071185669409033 0.5742093371732969 0
11363 0.8995953804572112 0.6673273743383621 0
11364 0.6095249850076555 0.9267787404420035 0
11365 0.7508030229605653 0.989527417530504 0
11366 0.3018414425012153 0.5281532114628258 0
11367 0.8347032098912339 0.7116958200467244 0
11368 0.6405196271400966 0.5091841509781787 0
11369 0.009367615123886461 0.8402486827052096 0
11370 0.9794561548135456 0.9185831504112046 0
11371 0.7284463774654896 0.9908155633480852 0
11372 0.8474348560908089 0.6883943728350238 0
11373 0.6086071014431259 0.9528142219411536 0
11374 0.5906455509645554 0.5194769994363837 0
11375 0.3475717390001701 0.7235757765457476 0
11376 0.8084237788708775 0.8993869863626304 0
11377 0.3860775374575416 0.9597741539543929 0
11378 0.7194487587885506 0.7622358059505187 0
11379 0.6795541209168335 0.7423355509807408 0
11380 0.4196821340367323 0.7075416550309573 0
11381 0.4198962903582352 0.7918441373971301 0
11382 0.3242050663157284 0.564340602068951 0
11383 0.8965074545258294 0.5180344384861588 0
11384 0.196204370704837 0.6360701919435831 0
11385 0.3601637990581939 0.9154575808128619 0
11386 0.4350785780776575 0.8472215815337654 0
11387 0.4352565107150202 0.6526747047540699 0
11388 0.3493338031579309 0.7502794882638719 0
11389 0.7379644030654946 0.9788958892490752 0
11390 0.6273796308022017 0.9901232784478156 0
11391 0.5614829812662837 0.756282975431778 0
11392 0.8407652327106402 0.7192173626806298 0
11393 0.5748299774730727 0.7757346663797388 0
11394 0.02530569681922764 0.6423253996187361 0
11395 0.5950161301691217 0.8699310985706752 0
11396 0.5951375522713007 0.6300401456748179 0
11397 0.3467688098598052 0.7133773536546825 0
11398 0.6062850208232593 0.5471758400437674 0
11399 0.7004545945829919 0.5186175156376508 0
11400 0.4513848878356418 0.5087568962812794 0
11401 0.5773220240432444 0.7268284383143113 0
11402 0.2846978009645607 0.9406894800632389 0
11403 0.1673147188145543 0.6751017245701331 0
11404 0.9802814050993963 0.7490343208550074 0
11405 0.9933814131534655 0.7386409618839062 0
11406 0.8495867559909599 0.6992511077556899 0
11407 0.3436209816701559 0.7575795885279806 0
11408 0.1648967200028729 0.5964966622967948 0
11409 0.2368903079033611 0.7522118636427941 0
11410 0.7738643543264734 0.8052522755186091 0
11411 0.8856762985031613 0.8797638966252399 0
11412 0.6161354144511689 0.5478016200150008 0
11413 0.1673435150169359 0.5282950038936093 0
11414 0.1664312685832937 0.8238199121568189 0
11415 0.5749620646807945 0.5697398407193991 0
11416 0.01190140136418008 0.6422363637484901 0
11417 0.8982706980175548 0.6882599500878768 0
11418 0.06334078559780269 0.9127117228424604 0
11419 0.9017011935714684 0.676979938144836 0
11420 0.6073731580919505 0.79418715999028 0
11421 0.6051029049206728 0.7022764902314846 0
11422 0.2920077447687463 0.9486746694098898 0
11423 0.8915579576711179 0.6943622234428859 0
11424 0.9275286080077979 0.9021369967494786 0
11425 0.2217777081654094 0.6062428598851865 0
11426 0.8234349767288033 0.6360246971808525 0
11427 0.8761345128645895 0.6406940800374076 0
11428 0.6153363317347826 0.9518319986542387 0
11429 0.882494796228435 0.677739581292645 0
11430 0.04510240004877859 0.7482510183152908 0
11431 0.5825172551089526 0.5845963620436088 0
11432 0.3576219408066 0.5736331493947086 0
11433 0.3641856682651155 0.583787257424788 0
11434 0.7499080168616691 0.8917239243936717 0
11435 0.8653016833923929 0.76297296531855 0
11436 0.5575148290282102 0.7500530310965976 0
11437 0.9366048558361333 0.9024544027700607 0
11438 0.2977399273093986 0.631265297238278 0
11439 0.6848775927116835 0.9625740074889728 0
11440 0.2127181541741137 0.6033707541865387 0
11441 0.5804280174052113 0.8613147848483829 0
11442 0.5806652631376269 0.6388884683014661 0
11443 0.6683328034893606 0.8233143072569346 0
11444 0.4496015212136028 0.7966710984999813 0
11445 0.4503292961792335 0.7028157247773124 0
11446 0.6172395782772331 0.9903079278920329 0
11447 0.6106193460106122 0.5094918731819933 0
11448 0.6003736929295944 0.509519063860375 0
11449 0.5797839623560919 0.5096323254414511 0
11450 0.2568457459922085 0.7493483262774445 0
11451 0.2687949923014454 0.732780473532251 0
11452 0.7592774856571795 0.6777279257699761 0
11453 0.2591017944773071 0.7287389821949677 0
11454 0.6217501671055199 0.7274347362400367 0
11455 0.6219127966469293 0.7724085001304706 0
11456 0.2652904701785228 0.727628696417075 0
11457 0.8668455117533636 0.5396591186013316 0
11458 0.9564139313763417 0.9123310789154205 0
11459 0.6263271998247518 0.7980072981148688 0
11460 0.2107673755605378 0.508566835642922 0
11461 0.6704629959700509 0.9910718472377821 0
11462 0.3673340494635891 0.9362174522713839 0
11463 0.3665580726304136 0.9188673424156901 0
11464 0.6271134106546273 0.7020112745778617 0
11465 0.6139908174043635 0.970262706466693 0
11466 0.6127963884763067 0.5284178495776775 0
11467 0.1705211357562283 0.665535310899113 0
11468 0.7158678706155842 0.6854693175252551 0
11469 0.2004548310061713 0.5164289415897938 0
11470 0.6800988429856422 0.9514460544666937 0
11471 0.310902988711502 0.509817085417835 0
11472 0.8118266187108886 0.6636340884358801 0
11473 0.4002134701945811 0.5202270932796792 0
11474 0.597118218377294 0.9330981728659618 0
11475 0.2967318289764522 0.9306686291697917 0
11476 0.583316775455915 0.9841980019017649 0
11477 0.1856361568798842 0.5313547372363392 0
11478 0.6069384586628434 0.9905447834649265 0
11479 0.01023538514056927 0.8505772898196975 0
11480 0.6149441158107691 0.9802775053599806 0
11481 0.1408464137428111 0.7681449181417375 0
11482 0.2832316409765552 0.5153831643524874 0
11483 0.4244740083544611 0.7124409955372969 0
11484 0.6115446248843693 0.5189884879503852 0
11485 0.8146744677450788 0.716513062624457 0
11486 0.172385664254991 0.8309418210461683 0
11487 0.336088052534968 0.7525224796607228 0
11488 0.7949025266434792 0.8119975771046567 0
11489 0.4246199885335968 0.787048914982623 0
11490 0.2915123307699737 0.5082483735839443 0
11491 0.00867603085124051 0.8207571803354901 0
11492 0.7440658515239028 0.7141833374895793 0
11493 0.276584333712127 0.5206679664760509 0
11494 0.2819984612956289 0.5078023638864831 0
11495 0.0182001200974217 0.8711334539223895 0
11496 0.01124699004095836 0.9954030733004982 0
11497 0.00891492731650053 0.8304115865062377 0
11498 0.007671607888492228 0.9942748334167694 0
11499 0.01676165138367655 0.6548669581752966 0
11500 0.009199710399464949 0.6815174109344188 0
11501 0.6899721695897837 0.5097622926529024 0
11502 0.239844547649421 0.9915712978489986 0
11503 0.005749832472493573 0.8934932795470562 0
11504 0.004232981497393326 0.8999567643669937 0
$EndNodes
$Elements
11810
1 15 2 201 1 1
2 15 2 101 2 2
3 15 2 101 3 3
4 15 2 201 4 4
5 15 2 102 5 5
6 15 2 102 6 6
7 15 2 201 7 7
8 1 2 201 1 1 8
9 1 2 201 1 8 9
10 1 2 201 1 9 10
11 1 2 201 1 10 11
12 1 2 201 1 11 12
13 1 2 201 1 12 13
14 1 2 201 1 13 14
15 1 2 201 1 14 15
16 1 2 201 1 15 16
17 1 2 201 1 16 17
18 1 2 201 1 17 18
19 1 2 201 1 18 19
20 1 2 201 1 19 20
21 1 2 201 1 20 21
22 1 2 201 1 21 22
23 1 2 201 1 22 23
24 1 2 201 1 23 24
25 1 2 201 1 24 25
26 1 2 201 1 25 26
27 1 2 201 1 26 27
28 1 2 201 1 27 28
29 1 2 201 1 28 29
30 1 2 201 1 29 30
31 1 2 201 1 30 31
32 1 2 201 1 31 32
33 1 2 201 1 32 33
34 1 2 201 1 33 34
35 1 2 201 1 34 35
36 1 2 201 1 35 36
37 1 2 201 1 36 37
38 1 2 201 1 37 38
39 1 2 201 1 38 39
40 1 2 201 1 39 40
41 1 2 201 1 40 41
42 1 2 201 1 41 42
43 1 2 201 1 42 43
44 1 2 201 1 43 44
45 1 2 201 1 44 45
46 1 2 201 1 45 46
47 1 2 201 1 46 47
48 1 2 201 1 47 48
49 1 2 201 1 48 49
50 1 2 201 1 49 50
51 1 2 201 1 50 51
52 1 2 201 1 51 52
53 1 2 201 1 52 53
54 1 2 201 1 53 54
55 1 2 201 1 54 55
56 1 2 201 1 55 56
57 1 2 201 1 56 57
58 1 2 201 1 57 58
59 1 2 201 1 58 59
60 1 2 201 1 59 60
61 1 2 201 1 60 61
62 1 2 201 1 61 62
63 1 2 201 1 62 63
64 1 2 201 1 63 64
65 1 2 201 1 64 65
66 1 2 201 1 65 66
67 1 2 201 1 66 67
68 1 2 201 1 67 68
69 1 2 201 1 68 69
70 1 2 201 1 69 70
71 1 2 201 1 70 71
72 1 2 201 1 71 72
73 1 2 201 1 72 73
74 1 2 201 1 73 74
75 1 2 201 1 74 75
76 1 2 201 1 75 76
77 1 2 201 1 76 77
78 1 2 201 1 77 78
79 1 2 201 1 78 79
80 1 2 201 1 79 80
81 1 2 201 1 80 81
82 1 2 201 1 81 82
83 1 2 201 1 82 83
84 1 2 201 1 83 84
85 1 2 201 1 84 85
86 1 2 201 1 85 86
87 1 2 201 1 86 87
88 1 2 201 1 87 88
89 1 2 201 1 88 89
90 1 2 201 1 89 90
91 1 2 201 1 90 91
92 1 2 201 1 91 92
93 1 2 201 1 92 93
94 1 2 201 1 93 94
95 1 2 201 1 94 95
96 1 2 201 1 95 96
97 1 2 201 1 96 97
98 1 2 201 1 97 98
99 1 2 201 1 98 99
100 1 2 201 1 99 100
101 1 2 201 1 100 101
102 1 2 201 1 101 102
103 1 2 201 1 102 103
104 1 2 201 1 103 104
105 1 2 201 1 104 105
106 1 2 201 1 105 106
107 1 2 201 1 106 2
108 1 2 101 2 2 107
109 1 2 101 2 107 108
110 1 2 101 2 108 109
111 1 2 101 2 109 110
112 1 2 101 2 110 111
113 1 2 101 2 111 112
114 1 2 101 2 112 113
115 1 2 101 2 113 114
116 1 2 101 2 114 115
117 1 2 101 2 115 116
118 1 2 101 2 116 117
119 1 2 101 2 117 118
120 1 2 101 2 118 119
121 1 2 101 2 119 120
122 1 2 101 2 120 121
123 1 2 101 2 121 122
124 1 2 101 2 122 123
125 1 2 101 2 123 124
126 1 2 101 2 124 125
127 1 2 101 2 125 126
128 1 2 101 2 126 127
129 1 2 101 2 127 128
130 1 2 101 2 128 129
131 1 2 101 2 129 130
132 1 2 101 2 130 131
133 1 2 101 2 131 132
134 1 2 101 2 132 133
135 1 2 101 2 133 134
136 1 2 101 2 134 135
137 1 2 101 2 135 136
138 1 2 101 2 136 137
139 1 2 101 2 137 138
140 1 2 101 2 138 139
141 1 2 101 2 139 140
142 1 2 101 2 140 141
143 1 2 101 2 141 142
144 1 2 101 2 142 143
145 1 2 101 2 143 144
146 1 2 101 2 144 145
147 1 2 101 2 145 146
148 1 2 101 2 146 147
149 1 2 101 2 147 148
150 1 2 101 2 148 149
151 1 2 101 2 149 150
152 1 2 101 2 150 151
153 1 2 101 2 151 152
154 1 2 101 2 152 153
155 1 2 101 2 153 154
156 1 2 101 2 154 155
157 1 2 101 2 155 3
158 1 2 201 3 3 156
159 1 2 201 3 156 157
160 1 2 201 3 157 158
161 1 2 201 3 158 159
162 1 2 201 3 159 160
163 1 2 201 3 160 161
164 1 2 201 3 161 162
165 1 2 201 3 162 163
166 1 2 201 3 163 164
167 1 2 201 3 164 165
168 1 2 201 3 165 166
169 1 2 201 3 166 167
170 1 2 201 3 167 168
171 1 2 201 3 168 169
172 1 2 201 3 169 170
173 1 2 201 3 170 171
174 1 2 201 3 171 172
175 1 2 201 3 172 173
176 1 2 201 3 173 174
177 1 2 201 3 174 175
178 1 2 201 3 175 176
179 1 2 201 3 176 177
180 1 2 201 3 177 178
181 1 2 201 3 178 179
182 1 2 201 3 179 180
183 1 2 201 3 180 181
184 1 2 201 3 181 182
185 1 2 201 3 182 183
186 1 2 201 3 183 184
187 1 2 201 3 184 185
188 1 2 201 3 185 186
189 1 2 201 3 186 187
190 1 2 201 3 187 188
191 1 2 201 3 188 189
192 1 2 201 3 189 190
193 1 2 201 3 190 191
194 1 2 201 3 191 192
195 1 2 201 3 192 193
196 1 2 201 3 193 194
197 1 2 201 3 194 195
198 1 2 201 3 195 196
199 1 2 201 3 196 197
200 1 2 201 3 197 198
201 1 2 201 3 198 199
202 1 2 201 3 199 200
203 1 2 201 3 200 201
204 1 2 201 3 201 202
205 1 2 201 3 202 203
206 1 2 201 3 203 204
207 1 2 201 3 204 4
208 1 2 201 4 4 205
209 1 2 201 4 205 206
210 1 2 201 4 206 207
211 1 2 201 4 207 208
212 1 2 201 4 208 209
213 1 2 201 4 209 210
214 1 2 201 4 210 211
215 1 2 201 4 211 212
216 1 2 201 4 212 213
217 1 2 201 4 213 214
218 1 2 201 4 214 215
219 1 2 201 4 215 216
220 1 2 201 4 216 217
221 1 2 201 4 217 218
222 1 2 201 4 218 219
223 1 2 201 4 219 220
224 1 2 201 4 220 221
225 1 2 201 4 221 222
226 1 2 201 4 222 223
227 1 2 201 4 223 224
228 1 2 201 4 224 225
229 1 2 201 4 225 226
230 1 2 201 4 226 227
231 1 2 201 4 227 228
232 1 2 201 4 228 229
233 1 2 201 4 229 230
234 1 2 201 4 230 231
235 1 2 201 4 231 232
236 1 2 201 4 232 233
237 1 2 201 4 233 234
238 1 2 201 4 234 235
239 1 2 201 4 235 236
240 1 2 201 4 236 237
241 1 2 201 4 237 238
242 1 2 201 4 238 239
243 1 2 201 4 239 240
244 1 2 201 4 240 241
245 1 2 201 4 241 242
246 1 2 201 4 242 243
247 1 2 201 4 243 244
248 1 2 201 4 244 245
249 1 2 201 4 245 246
250 1 2 201 4 246 247
251 1 2 201 4 247 248
252 1 2 201 4 248 249
253 1 2 201 4 249 250
254 1 2 201 4 250 251
255 1 2 201 4 251 252
256 1 2 201 4 252 253
257 1 2 201 4 253 5
258 1 2 102 5 5 254
259 1 2 102 5 254 255
260 1 2 102 5 255 256
261 1 2 102 5 256 257
262 1 2 102 5 257 258
263 1 2 102 5 258 259
264 1 2 102 5 259 260
265 1 2 102 5 260 261
266 1 2 102 5 261 262
267 1 2 102 5 262 263
268 1 2 102 5 263 264
269 1 2 102 5 264 265
270 1 2 102 5 265 266
271 1 2 102 5 266 267
272 1 2 102 5 267 268
273 1 2 102 5 268 269
274 1 2 102 5 269 270
275 1 2 102 5 270 271
276 1 2 102 5 271 272
277 1 2 102 5 272 273
278 1 2 102 5 273 274
279 1 2 102 5 274 275
280 1 2 102 5 275 276
281 1 2 102 5 276 277
282 1 2 102 5 277 278
283 1 2 102 5 278 279
284 1 2 102 5 279 280
285 1 2 102 5 280 281
286 1 2 102 5 281 282
287 1 2 102 5 282 283
288 1 2 102 5 283 284
289 1 2 102 5 284 285
290 1 2 102 5 285 286
291 1 2 102 5 286 287
292 1 2 102 5 287 288
293 1 2 102 5 288 289
294 1 2 102 5 289 290
295 1 2 102 5 290 291
296 1 2 102 5 291 292
297 1 2 102 5 292 293
298 1 2 102 5 293 294
299 1 2 102 5 294 295
300 1 2 102 5 295 296
301 1 2 102 5 296 297
302 1 2 102 5 297 298
303 1 2 102 5 298 299
304 1 2 102 5 299 300
305 1 2 102 5 300 301
306 1 2 102 5 301 302
307 1 2 102 5 302 6
308 1 2 201 6 6 303
309 1 2 201 6 303 304
310 1 2 201 6 304 305
311 1 2 201 6 305 306
312 1 2 201 6 306 307
313 1 2 201 6 307 308
314 1 2 201 6 308 309
315 1 2 201 6 309 310
316 1 2 201 6 310 311
317 1 2 201 6 311 312
318 1 2 201 6 312 313
319 1 2 201 6 313 314
320 1 2 201 6 314 315
321 1 2 201 6 315 316
322 1 2 201 6 316 317
323 1 2 201 6 317 318
324 1 2 201 6 318 319
325 1 2 201 6 319 320
326 1 2 201 6 320 321
327 1 2 201 6 321 322
328 1 2 201 6 322 323
329 1 2 201 6 323 324
330 1 2 201 6 324 325
331 1 2 201 6 325 326
332 1 2 201 6 326 327
333 1 2 201 6 327 328
334 1 2 201 6 328 329
335 1 2 201 6 329 330
336 1 2 201 6 330 331
337 1 2 201 6 331 332
338 1 2 201 6 332 333
339 1 2 201 6 333 334
340 1 2 201 6 334 335
341 1 2 201 6 335 336
342 1 2 201 6 336 337
343 1 2 201 6 337 338
344 1 2 201 6 338 339
345 1 2 201 6 339 340
346 1 2 201 6 340 341
347 1 2 201 6 341 342
348 1 2 201 6 342 343
349 1 2 201 6 343 344
350 1 2 201 6 344 345
351 1 2 201 6 345 346
352 1 2 201 6 346 347
353 1 2 201 6 347 348
354 1 2 201 6 348 349
355 1 2 201 6 349 350
356 1 2 201 6 350 351
357 1 2 201 6 351 7
358 1 2 201 7 7 352
359 1 2 201 7 352 353
360 1 2 201 7 353 354
361 1 2 201 7 354 355
362 1 2 201 7 355 356
363 1 2 201 7 356 357
364 1 2 201 7 357 358
365 1 2 201 7 358 359
366 1 2 201 7 359 360
367 1 2 201 7 360 361
368 1 2 201 7 361 362
369 1 2 201 7 362 363
370 1 2 201 7 363 364
371 1 2 201 7 364 365
372 1 2 201 7 365 366
373 1 2 201 7 366 367
374 1 2 201 7 367 368
375 1 2 201 7 368 369
376 1 2 201 7 369 370
377 1 2 201 7 370 371
378 1 2 201 7 371 372
379 1 2 201 7 372 373
380 1 2 201 7 373 374
381 1 2 201 7 374 375
382 1 2 201 7 375 376
383 1 2 201 7 376 377
384 1 2 201 7 377 378
385 1 2 201 7 378 379
386 1 2 201 7 379 380
387 1 2 201 7 380 381
388 1 2 201 7 381 382
389 1 2 201 7 382 383
390 1 2 201 7 383 384
391 1 2 201 7 384 385
392 1 2 201 7 385 386
393 1 2 201 7 386 387
394 1 2 201 7 387 388
395 1 2 201 7 388 389
396 1 2 201 7 389 390
397 1 2 201 7 390 391
398 1 2 201 7 391 392
399 1 2 201 7 392 393
400 1 2 201 7 393 394
401 1 2 201 7 394 395
402 1 2 201 7 395 396
403 1 2 201 7 396 397
404 1 2 201 7 397 398
405 1 2 201 7 398 399
406 1 2 201 7 399 400
407 1 2 201 7 400 1
408 1 2 0 8 7 401
409 1 2 0 8 401 402
410 1 2 0 8 402 403
411 1 2 0 8 403 404
412 1 2 0 8 404 405
413 1 2 0 8 405 406
414 1 2 0 8 406 407
415 1 2 0 8 407 408
416 1 2 0 8 408 409
417 1 2 0 8 409 410
418 1 2 0 8 410 411
419 1 2 0 8 411 412
420 1 2 0 8 412 413
421 1 2 0 8 413 414
422 1 2 0 8 414 415
423 1 2 0 8 415 416
424 1 2 0 8 416 417
425 1 2 0 8 417 418
426 1 2 0 8 418 419
427 1 2 0 8 419 420
428 1 2 0 8 420 421
429 1 2 0 8 421 422
430 1 2 0 8 422 423
431 1 2 0 8 423 424
432 1 2 0 8 424 425
433 1 2 0 8 425 426
434 1 2 0 8 426 427
435 1 2 0 8 427 428
436 1 2 0 8 428 429
437 1 2 0 8 429 430
438 1 2 0 8 430 431
439 1 2 0 8 431 432
440 1 2 0 8 432 433
441 1 2 0 8 433 434
442 1 2 0 8 434 435
443 1 2 0 8 435 436
444 1 2 0 8 436 437
445 1 2 0 8 437 438
446 1 2 0 8 438 439
447 1 2 0 8 439 440
448 1 2 0 8 440 441
449 1 2 0 8 441 442
450 1 2 0 8 442 443
451 1 2 0 8 443 444
452 1 2 0 8 444 445
453 1 2 0 8 445 446
454 1 2 0 8 446 447
455 1 2 0 8 447 448
456 1 2 0 8 448 449
457 1 2 0 8 449 450
458 1 2 0 8 450 451
459 1 2 0 8 451 452
460 1 2 0 8 452 453
461 1 2 0 8 453 454
462 1 2 0 8 454 455
463 1 2 0 8 455 456
464 1 2 0 8 456 457
465 1 2 0 8 457 458
466 1 2 0 8 458 459
467 1 2 0 8 459 460
468 1 2 0 8 460 461
469 1 2 0 8 461 462
470 1 2 0 8 462 463
471 1 2 0 8 463 464
472 1 2 0 8 464 465
473 1 2 0 8 465 466
474 1 2 0 8 466 467
475 1 2 0 8 467 468
476 1 2 0 8 468 469
477 1 2 0 8 469 470
478 1 2 0 8 470 471
479 1 2 0 8 471 472
480 1 2 0 8 472 473
481 1 2 0 8 473 474
482 1 2 0 8 474 475
483 1 2 0 8 475 476
484 1 2 0 8 476 477
485 1 2 0 8 477 478
486 1 2 0 8 478 479
487 1 2 0 8 479 480
488 1 2 0 8 480 481
489 1 2 0 8 481 482
490 1 2 0 8 482 483
491 1 2 0 8 483 484
492 1 2 0 8 484 485
493 1 2 0 8 485 486
494 1 2 0 8 486 487
495 1 2 0 8 487 488
496 1 2 0 8 488 489
497 1 2 0 8 489 490
498 1 2 0 8 490 491
499 1 2 0 8 491 492
500 1 2 0 8 492 493
501 1 2 0 8 493 494
502 1 2 0 8 494 495
503 1 2 0 8 495 496
504 1 2 0 8 496 497
505 1 2 0 8 497 498
506 1 2 0 8 498 499
507 1 2 0 8 499 3
508 3 2 0 10 6039 2534 3885 6038
509 3 2 0 10 3885 1748 1061 6038
510 3 2 0 10 2534 6039 141 142
511 3 2 0 10 140 141 6039 6038
512 3 2 0 10 6037 5029 3064 6036
513 3 2 0 10 5029 6037 374 375
514 3 2 0 10 3064 3792 5780 6036
515 3 2 0 10 373 374 6037 6036
516 3 2 0 10 400 562 749 399
517 3 2 0 10 109 752 753 108
518 3 2 0 10 1192 709 1194 1096
519 3 2 0 10 716 702 1235 1200
520 3 2 0 10 714 1248 695 1087
521 3 2 0 10 1258 702 1208 1277
522 3 2 0 10 1132 687 1101 1252
523 3 2 0 10 751 742 1297 741
524 3 2 0 10 399 749 1301 398
525 3 2 0 10 1278 1134 1318 715
526 3 2 0 10 732 1220 1321 727
527 3 2 0 10 1301 749 1324 737
528 3 2 0 10 107 1327 106 2
529 3 2 0 10 562 400 1 1329
530 3 2 0 10 546 549 1274 1326
531 3 2 0 10 483 1294 1284 484
532 3 2 0 10 1248 1284 1294 695
533 3 2 0 10 485 1290 1263 486
534 3 2 0 10 1262 1263 1290 714
535 3 2 0 10 108 753 1327 107
536 3 2 0 10 998 671 1238 1143
537 3 2 0 10 673 1224 1082 1146
538 3 2 0 10 687 1132 1165 1210
539 3 2 0 10 678 1246 1148 1211
540 3 2 0 10 702 716 1272 1208
541 3 2 0 10 696 1208 1272 1154
542 3 2 0 10 550 1247 1195 2831
543 3 2 0 10 1087 1185 1262 714
544 3 2 0 10 715 1216 1199 1304
545 3 2 0 10 550 1281 1255 1247
546 3 2 0 10 484 1284 1290 485
547 3 2 0 10 714 1290 1284 1248
548 3 2 0 10 1208 696 1319 1277
549 3 2 0 10 692 1258 1277 1319
550 3 2 0 10 715 1304 1275 1278
551 3 2 0 10 1101 687 1217 2855
552 3 2 0 10 1321 1220 1236 717
553 3 2 0 10 1220 732 737 2671
554 3 2 0 10 736 1243 1190 730
555 3 2 0 10 1322 544 1203 541
556 3 2 0 10 1243 558 1222 554
557 3 2 0 10 545 1176 1111 543
558 3 2 0 10 1200 551 554 1223
559 3 2 0 10 13 1311 1202 12
560 3 2 0 10 1272 724 1282 1154
561 3 2 0 10 406 405 1285 1286
562 3 2 0 10 728 1286 1285 733
563 3 2 0 10 491 1191 1253 492
564 3 2 0 10 1197 711 1253 1191
565 3 2 0 10 728 1192 1155 1286
566 3 2 0 10 395 1233 1112 394
567 3 2 0 10 398 1301 1205 397
568 3 2 0 10 732 1205 1301 737
569 3 2 0 10 748 354 355 1323
570 3 2 0 10 730 1190 1265 726
571 3 2 0 10 1186 712 726 1265
572 3 2 0 10 704 717 1236 1173
573 3 2 0 10 715 1318 1206 1216
574 3 2 0 10 533 1189 1138 1251
575 3 2 0 10 717 1187 1140 1321
576 3 2 0 10 1 8 1308 1329
577 3 2 0 10 742 557 552 1297
578 3 2 0 10 555 741 1297 738
579 3 2 0 10 1326 1274 1297 552
580 3 2 0 10 1318 1151 694 703
581 3 2 0 10 694 1151 1149 1293
582 3 2 0 10 1243 554 551 1190
583 3 2 0 10 1326 725 1219 546
584 3 2 0 10 556 1279 733 1287
585 3 2 0 10 560 2671 737 1324
586 3 2 0 10 1312 734 1245 1302
587 3 2 0 10 557 1295 1302 1245
588 3 2 0 10 494 1312 1302 495
589 3 2 0 10 496 495 1302 1331
590 3 2 0 10 1192 728 1313 722
591 3 2 0 10 733 1279 1313 728
592 3 2 0 10 804 1622 1240 1956
593 3 2 0 10 1863 931 2112 1596
594 3 2 0 10 2017 2116 2048 1061
595 3 2 0 10 1882 1859 2149 828
596 3 2 0 10 1169 693 2179 2096
597 3 2 0 10 2156 1056 2183 2225
598 3 2 0 10 2138 1661 2254 2735
599 3 2 0 10 1079 1077 2256 2188
600 3 2 0 10 1056 2156 2256 1077
601 3 2 0 10 1791 960 2253 2268
602 3 2 0 10 5442 4879 2276 996
603 3 2 0 10 541 540 2279 1213
604 3 2 0 10 2265 2292 2139 1024
605 3 2 0 10 2041 983 2305 1858
606 3 2 0 10 1918 956 2152 2324
607 3 2 0 10 2307 1998 2345 963
608 3 2 0 10 529 1038 2345 1998
609 3 2 0 10 2137 528 2350 1914
610 3 2 0 10 2202 1057 2279 2351
611 3 2 0 10 661 2357 1034 1128
612 3 2 0 10 1934 690 2199 2361
613 3 2 0 10 1128 2451 2375 661
614 3 2 0 10 707 1773 1257 2377
615 3 2 0 10 2311 707 2377 1821
616 3 2 0 10 2175 2009 2378 953
617 3 2 0 10 2078 2063 2378 1188
618 3 2 0 10 2380 1852 2384 699
619 3 2 0 10 2343 699 2384 2280
620 3 2 0 10 1980 969 2387 2547
621 3 2 0 10 29 30 1049 2402
622 3 2 0 10 1129 2215 2409 645
623 3 2 0 10 1850 2411 2124 571
624 3 2 0 10 1851 570 2125 2412
625 3 2 0 10 1996 2371 2417 970
626 3 2 0 10 659 1103 2417 2371
627 3 2 0 10 2365 974 2431 2373
628 3 2 0 10 2217 2104 2433 1152
629 3 2 0 10 2249 2060 2441 1023
630 3 2 0 10 2128 2172 2441 975
631 3 2 0 10 2374 1150 1913 2446
632 3 2 0 10 1062 2457 990 2011
633 3 2 0 10 1980 2461 2072 518
634 3 2 0 10 2120 949 2469 2083
635 3 2 0 10 2450 2459 2475 1009
636 3 2 0 10 1925 979 2477 2308
637 3 2 0 10 1964 647 2482 2237
638 3 2 0 10 2230 1231 2485 2432
639 3 2 0 10 2214 961 2486 2201
640 3 2 0 10 1787 2105 2490 985
641 3 2 0 10 2295 1064 2500 2366
642 3 2 0 10 2389 1074 2502 2263
643 3 2 0 10 1940 2503 2152 956
644 3 2 0 10 2374 1003 1051 2507
645 3 2 0 10 1919 1107 2509 1960
646 3 2 0 10 2176 944 2516 2021
647 3 2 0 10 1056 1077 2517 2493
648 3 2 0 10 2044 1209 2521 1760
649 3 2 0 10 2446 1913 2525 657
650 3 2 0 10 2022 1071 2525 1913
651 3 2 0 10 2288 1182 2527 1923
652 3 2 0 10 2187 2295 2529 1171
653 3 2 0 10 720 1090 2530 2241
654 3 2 0 10 2305 1292 2532 1858
655 3 2 0 10 2343 2449 2536 2263
656 3 2 0 10 526 2013 529 2539
657 3 2 0 10 521 2545 952 1860
658 3 2 0 10 1130 2152 2552 625
659 3 2 0 10 2317 2518 2570 1120
660 3 2 0 10 2176 1849 2578 944
661 3 2 0 10 1129 645 2579 2275
662 3 2 0 10 2383 2005 2580 564
663 3 2 0 10 1035 2447 1012 2585
664 3 2 0 10 2228 2489 2586 945
665 3 2 0 10 2448 1168 2593 1133
666 3 2 0 10 1201 1218 2593 1168
667 3 2 0 10 695 1294 2595 1163
668 3 2 0 10 101 102 1225 2599
669 3 2 0 10 2388 899 2074 2600
670 3 2 0 10 2001 519 2147 2612
671 3 2 0 10 2011 2082 2613 1062
672 3 2 0 10 2157 1062 2613 2349
673 3 2 0 10 537 2520 2615 1045
674 3 2 0 10 482 2619 1294 483
675 3 2 0 10 2200 674 2621 1900
676 3 2 0 10 1837 2623 2358 959
677 3 2 0 10 685 1283 2628 2596
678 3 2 0 10 1192 1096 2629 1155
679 3 2 0 10 1985 2052 2630 1007
680 3 2 0 10 543 2633 1122 1183
681 3 2 0 10 2409 1883 2637 645
682 3 2 0 10 2164 1044 2637 1883
683 3 2 0 10 2358 2369 2640 959
684 3 2 0 10 2118 2093 2641 1226
685 3 2 0 10 1128 1034 2642 706
686 3 2 0 10 2561 750 2648 2448
687 3 2 0 10 2391 1089 2649 2187
688 3 2 0 10 2631 708 2656 1094
689 3 2 0 10 678 1119 2657 1246
690 3 2 0 10 498 497 2666 740
691 3 2 0 10 1124 1141 2668 1273
692 3 2 0 10 546 1219 2668 1141
693 3 2 0 10 1218 1201 2669 719
694 3 2 0 10 1065 719 2669 1261
695 3 2 0 10 1261 2669 1201 1135
696 3 2 0 10 553 2671 560 1199
697 3 2 0 10 1236 1220 2671 553
698 3 2 0 10 2457 2562 2673 990
699 3 2 0 10 727 1321 1140 2675
700 3 2 0 10 1313 1212 2676 722
701 3 2 0 10 693 1169 1127 2680
702 3 2 0 10 2221 693 2680 2313
703 3 2 0 10 18 19 1100 2683
704 3 2 0 10 397 1205 2685 396
705 3 2 0 10 2675 1233 2685 727
706 3 2 0 10 732 727 2685 1205
707 3 2 0 10 2593 701 2688 1133
708 3 2 0 10 2276 2360 2697 996
709 3 2 0 10 1786 2127 2709 1104
710 3 2 0 10 998 2359 2711 671
711 3 2 0 10 2529 2711 2359 1171
712 3 2 0 10 2207 1091 2720 1867
713 3 2 0 10 2150 1867 2720 1266
714 3 2 0 10 1032 2511 2721 1142
715 3 2 0 10 2721 2429 2727 1142
716 3 2 0 10 2238 2588 2730 658
717 3 2 0 10 1146 1082 2737 1078
718 3 2 0 10 695 1163 2738 1087
719 3 2 0 10 2549 1063 2740 2533
720 3 2 0 10 2458 2221 2740 1063
721 3 2 0 10 2316 2363 2741 681
722 3 2 0 10 2052 662 2387 2743
723 3 2 0 10 1181 2750 666 2270
724 3 2 0 10 2254 1843 2754 2735
725 3 2 0 10 8 9 2755 1308
726 3 2 0 10 2378 2009 2756 1188
727 3 2 0 10 2032 1181 2763 1985
728 3 2 0 10 2218 1089 2391 2765
729 3 2 0 10 22 2766 1121 21
730 3 2 0 10 1154 1131 2767 696
731 3 2 0 10 2362 2385 2770 1244
732 3 2 0 10 2202 1244 2770 2337
733 3 2 0 10 1065 1261 2772 723
734 3 2 0 10 1135 1161 2772 1261
735 3 2 0 10 113 1282 2775 112
736 3 2 0 10 1291 2775 1282 724
737 3 2 0 10 12 1202 2778 11
738 3 2 0 10 503 2779 1156 1764
739 3 2 0 10 2038 1886 2779 503
740 3 2 0 10 2490 1086 2785 2241
741 3 2 0 10 2394 2091 2792 1025
742 3 2 0 10 723 2543 2792 1065
743 3 2 0 10 1201 531 2802 1135
744 3 2 0 10 533 1251 2802 531
745 3 2 0 10 1326 552 2805 725
746 3 2 0 10 552 557 1245 2805
747 3 2 0 10 2578 2035 2807 944
748 3 2 0 10 2481 784 2810 2320
749 3 2 0 10 2480 2321 2811 783
750 3 2 0 10 809 2077 766 2816
751 3 2 0 10 1322 541 1213 2822
752 3 2 0 10 706 1115 2826 1128
753 3 2 0 10 1219 725 2829 1170
754 3 2 0 10 711 1170 2829 1242
755 3 2 0 10 1201 1168 2832 531
756 3 2 0 10 2512 2497 2835 538
757 3 2 0 10 1151 5585 697 1149
758 3 2 0 10 1206 545 2842 547
759 3 2 0 10 2841 1173 2842 1183
760 3 2 0 10 1236 547 2842 1173
761 3 2 0 10 543 1183 2842 545
762 3 2 0 10 1142 1211 2852 1032
763 3 2 0 10 1157 708 2859 2800
764 3 2 0 10 1329 1308 2860 562
765 3 2 0 10 2264 2862 2029 1116
766 3 2 0 10 1236 553 2865 547
767 3 2 0 10 1216 1206 547 2865
768 3 2 0 10 1199 1216 2865 553
769 3 2 0 10 2264 2192 2873 1193
770 3 2 0 10 1120 2570 1110 2881
771 3 2 0 10 711 1242 2882 1253
772 3 2 0 10 734 1312 2882 1242
773 3 2 0 10 2703 740 2889 561
774 3 2 0 10 751 561 2889 742
775 3 2 0 10 1154 1282 2890 1131
776 3 2 0 10 114 2890 1282 113
777 3 2 0 10 1210 2891 1217 687
778 3 2 0 10 2333 2472 2903 1020
779 3 2 0 10 2219 2715 2904 2519
780 3 2 0 10 2011 990 2905 1105
781 3 2 0 10 1318 703 2908 1206
782 3 2 0 10 1176 545 1206 2908
783 3 2 0 10 694 1176 2908 703
784 3 2 0 10 667 2507 1051 1270
785 3 2 0 10 1102 2909 2511 1032
786 3 2 0 10 2733 2511 2909 1072
787 3 2 0 10 481 2592 2619 482
788 3 2 0 10 98 99 2788 2584
789 3 2 0 10 2505 1126 2584 2788
790 3 2 0 10 115 2724 2890 114
791 3 2 0 10 86 87 2857 2506
792 3 2 0 10 2546 2506 2857 1137
793 3 2 0 10 408 407 1155 2629
794 3 2 0 10 2527 1182 2551 2760
795 3 2 0 10 2631 2880 2859 708
796 3 2 0 10 1138 1189 2859 2880
797 3 2 0 10 1106 2859 1189 2678
798 3 2 0 10 420 2488 2873 421
799 3 2 0 10 2151 1193 2873 2488
800 3 2 0 10 100 101 2599 2659
801 3 2 0 10 88 89 2728 2707
802 3 2 0 10 1148 2808 2852 1211
803 3 2 0 10 418 2704 2655 419
804 3 2 0 10 2277 1237 2610 2734
805 3 2 0 10 725 2805 1245 2829
806 3 2 0 10 1148 1246 2657 2773
807 3 2 0 10 1319 685 2596 692
808 3 2 0 10 404 403 2849 2824
809 3 2 0 10 112 2775 1291 111
810 3 2 0 10 2429 1305 2851 2879
811 3 2 0 10 1917 526 2776 1059
812 3 2 0 10 535 2691 2799 1050
813 3 2 0 10 1242 2829 1245 734
814 3 2 0 10 2457 1062 2157 2465
815 3 2 0 10 11 2778 1314 10
816 3 2 0 10 497 496 1331 2666
817 3 2 0 10 1117 2595 1294 2619
818 3 2 0 10 1140 1112 1233 2675
819 3 2 0 10 396 2685 1233 395
820 3 2 0 10 9 10 1314 2755
821 3 2 0 10 740 2703 499 498
822 3 2 0 10 2437 1111 2839 1076
823 3 2 0 10 694 2839 1111 1176
824 3 2 0 10 967 1708 1625 2460
825 3 2 0 10 2166 1113 2107 1815
826 3 2 0 10 2259 1018 2582 1833
827 3 2 0 10 777 1928 1717 2403
828 3 2 0 10 1107 1919 1734 2289
829 3 2 0 10 2502 1074 2040 1990
830 3 2 0 10 2384 1852 2338 1011
831 3 2 0 10 1027 2287 1761 1894
832 3 2 0 10 2379 690 1934 1997
833 3 2 0 10 959 2191 1775 1837
834 3 2 0 10 2525 1071 2115 2012
835 3 2 0 10 1860 2355 1968 521
836 3 2 0 10 2367 2105 1891 691
837 3 2 0 10 961 1801 1791 2268
838 3 2 0 10 2316 2153 2267 1085
839 3 2 0 10 961 2825 1884 1801
840 3 2 0 10 2443 2049 2222 1084
841 3 2 0 10 2275 2166 2095 1129
842 3 2 0 10 2128 1927 2252 1037
843 3 2 0 10 1071 2259 1833 2115
844 3 2 0 10 2590 1039 2081 2335
845 3 2 0 10 2372 643 1943 1909
846 3 2 0 10 1109 2234 1847 2180
847 3 2 0 10 2422 1001 2041 2169
848 3 2 0 10 989 2207 1867 2123
849 3 2 0 10 2248 729 2491 1906
850 3 2 0 10 1084 1876 1906 2491
851 3 2 0 10 1965 889 2581 2038
852 3 2 0 10 1039 691 1891 2081
853 3 2 0 10 682 1895 2306 1116
854 3 2 0 10 2527 521 1968 1923
855 3 2 0 10 2307 2200 2099 1052
856 3 2 0 10 2332 955 2340 2126
857 3 2 0 10 2233 2022 2184 1046
858 3 2 0 10 1150 2184 2022 1913
859 3 2 0 10 2536 2137 2189 1028
860 3 2 0 10 964 2189 2137 1914
861 3 2 0 10 1070 2114 1914 2350
862 3 2 0 10 588 1918 2324 2129
863 3 2 0 10 571 2124 1921 2440
864 3 2 0 10 570 2439 1922 2125
865 3 2 0 10 2060 1055 2286 2161
866 3 2 0 10 688 1924 2161 2286
867 3 2 0 10 2413 1936 2308 986
868 3 2 0 10 2469 949 1957 2160
869 3 2 0 10 1028 2189 1934 2361
870 3 2 0 10 2417 2410 2164 970
871 3 2 0 10 2542 1098 2294 2413
872 3 2 0 10 2578 501 2336 2035
873 3 2 0 10 1000 1959 2037 2368
874 3 2 0 10 2595 1117 2591 2237
875 3 2 0 10 1027 1964 2237 2591
876 3 2 0 10 2065 2364 2038 503
877 3 2 0 10 966 1965 2038 2364
878 3 2 0 10 1957 949 2120 1999
879 3 2 0 10 518 1999 2120 1980
880 3 2 0 10 1069 2461 1980 2547
881 3 2 0 10 1055 2470 2047 1982
882 3 2 0 10 662 2052 1985 2763
883 3 2 0 10 2111 2032 2302 1004
884 3 2 0 10 1007 2302 2032 1985
885 3 2 0 10 699 2502 1990 2380
886 3 2 0 10 2204 2036 2434 681
887 3 2 0 10 1075 2434 2036 1993
888 3 2 0 10 659 2371 1996 2495
889 3 2 0 10 1092 2019 2468 2002
890 3 2 0 10 2194 1109 2092 2544
891 3 2 0 10 664 2082 2011 2346
892 3 2 0 10 2108 657 2525 2347
893 3 2 0 10 1067 2250 2014 2552
894 3 2 0 10 2389 2199 2040 1074
895 3 2 0 10 690 2017 2040 2199
896 3 2 0 10 690 2379 2116 2017
897 3 2 0 10 1071 2022 2233 2259
898 3 2 0 10 1000 2368 2036 2204
899 3 2 0 10 2379 1073 2485 2116
900 3 2 0 10 1231 2048 2116 2485
901 3 2 0 10 978 2312 2049 2443
902 3 2 0 10 1129 2182 2054 2215
903 3 2 0 10 1188 2059 2150 2747
904 3 2 0 10 1055 2060 2249 2470
905 3 2 0 10 975 2441 2060 2161
906 3 2 0 10 777 2403 2061 2079
907 3 2 0 10 953 2378 2063 2353
908 3 2 0 10 2397 993 2563 2078
909 3 2 0 10 948 2063 2078 2563
910 3 2 0 10 1008 2109 2145 2066
911 3 2 0 10 903 2224 2066 2117
912 3 2 0 10 2374 2507 2205 1150
913 3 2 0 10 667 1058 2205 2507
914 3 2 0 10 1150 2205 2067 2184
915 3 2 0 10 2486 2253 2461 1069
916 3 2 0 10 2019 609 2600 2468
917 3 2 0 10 885 2468 2600 2074
918 3 2 0 10 673 2281 2075 2626
919 3 2 0 10 2150 1266 2397 2747
920 3 2 0 10 1188 2747 2397 2078
921 3 2 0 10 707 2311 2083 2469
922 3 2 0 10 1980 2120 2139 969
923 3 2 0 10 1024 2139 2120 2083
924 3 2 0 10 2590 1070 2350 2394
925 3 2 0 10 528 2091 2394 2350
926 3 2 0 10 2274 1022 2390 2118
927 3 2 0 10 2203 1011 2338 2179
928 3 2 0 10 1041 2096 2179 2338
929 3 2 0 10 676 2220 2098 2697
930 3 2 0 10 989 2123 2104 2217
931 3 2 0 10 1086 2490 2105 2367
932 3 2 0 10 945 2108 2347 1766
933 3 2 0 10 2464 2299 2415 997
934 3 2 0 10 1004 2415 2299 2111
935 3 2 0 10 1226 2464 2274 2118
936 3 2 0 10 2331 2620 2170 626
937 3 2 0 10 1040 2119 2170 2620
938 3 2 0 10 1759 2558 2606 1969
939 3 2 0 10 511 2886 2332 2126
940 3 2 0 10 2344 2709 2421 530
941 3 2 0 10 948 2421 2709 2127
942 3 2 0 10 2375 2172 2714 661
943 3 2 0 10 1037 2714 2172 2128
944 3 2 0 10 2223 2197 2536 2449
945 3 2 0 10 528 2137 2536 2197
946 3 2 0 10 564 2236 2138 2735
947 3 2 0 10 985 2530 2612 2147
948 3 2 0 10 419 2655 2488 420
949 3 2 0 10 1067 2552 2152 2503
950 3 2 0 10 681 2434 2153 2316
951 3 2 0 10 2188 2256 2289 641
952 3 2 0 10 1107 2289 2256 2156
953 3 2 0 10 527 2601 2157 2349
954 3 2 0 10 707 2469 2160 2408
955 3 2 0 10 705 2700 2515 2162
956 3 2 0 10 2579 1060 2407 2275
957 3 2 0 10 1113 2166 2275 2407
958 3 2 0 10 683 2850 2422 1010
959 3 2 0 10 1232 2167 2422 2850
960 3 2 0 10 1023 2441 2172 2375
961 3 2 0 10 2431 2203 2400 1080
962 3 2 0 10 693 2400 2203 2179
963 3 2 0 10 654 2183 2866 2219
964 3 2 0 10 2156 2225 2509 1107
965 3 2 0 10 654 2509 2225 2183
966 3 2 0 10 1171 2719 2391 2187
967 3 2 0 10 1064 2295 2187 2649
968 3 2 0 10 959 2640 2345 2191
969 3 2 0 10 596 2257 2194 2544
970 3 2 0 10 1028 2361 2199 2389
971 3 2 0 10 963 2801 2200 2307
972 3 2 0 10 2270 2214 2763 1181
973 3 2 0 10 662 2763 2214 2201
974 3 2 0 10 1069 2547 2201 2486
975 3 2 0 10 1057 2202 2337 2231
976 3 2 0 10 974 1011 2203 2431
977 3 2 0 10 961 2214 2270 2825
978 3 2 0 10 1039 1025 2216 691
979 3 2 0 10 654 2219 2519 2438
980 3 2 0 10 2379 2240 2672 1073
981 3 2 0 10 676 2672 2240 2220
982 3 2 0 10 1047 2740 2221 2313
983 3 2 0 10 2744 1080 2400 2458
984 3 2 0 10 693 2221 2458 2400
985 3 2 0 10 1786 1104 2653 2339
986 3 2 0 10 974 2365 2223 2449
987 3 2 0 10 1147 2489 2228 2718
988 3 2 0 10 2672 676 2565 2432
989 3 2 0 10 1088 2230 2432 2565
990 3 2 0 10 2201 2547 2387 662
991 3 2 0 10 1163 2595 2237 2482
992 3 2 0 10 2812 2588 2540 1042
993 3 2 0 10 947 2540 2588 2238
994 3 2 0 10 985 2490 2241 2530
995 3 2 0 10 1249 2369 2358 666
996 3 2 0 10 980 2699 2452 2248
997 3 2 0 10 961 2268 2253 2486
998 3 2 0 10 1182 2288 2818 2258
999 3 2 0 10 699 2343 2263 2502
1000 3 2 0 10 1028 2389 2263 2536
1001 3 2 0 10 2162 2862 2293 705
1002 3 2 0 10 1193 2293 2862 2264
1003 3 2 0 10 718 2292 2265 2795
1004 3 2 0 10 2565 2360 2427 1088
1005 3 2 0 10 1006 2427 2360 2276
1006 3 2 0 10 2555 2556 2734 1165
1007 3 2 0 10 1167 2277 2734 2556
1008 3 2 0 10 1084 2491 2278 2443
1009 3 2 0 10 974 2449 2343 2280
1010 3 2 0 10 974 2280 2384 1011
1011 3 2 0 10 2885 659 2495 2568
1012 3 2 0 10 1098 2568 2495 2294
1013 3 2 0 10 677 2529 2295 2366
1014 3 2 0 10 1047 2313 2680 2844
1015 3 2 0 10 2522 2363 2546 1137
1016 3 2 0 10 1085 2546 2363 2316
1017 3 2 0 10 2598 2518 2494 1214
1018 3 2 0 10 1136 2494 2518 2317
1019 3 2 0 10 619 2320 2810 2328
1020 3 2 0 10 620 2327 2811 2321
1021 3 2 0 10 1330 2323 2845 2654
1022 3 2 0 10 2108 945 2586 2473
1023 3 2 0 10 1040 2620 2331 2463
1024 3 2 0 10 2519 1094 2472 2438
1025 3 2 0 10 654 2438 2472 2333
1026 3 2 0 10 2114 1070 2590 2372
1027 3 2 0 10 643 2372 2590 2335
1028 3 2 0 10 2231 2337 2770 2843
1029 3 2 0 10 2305 2501 2722 1292
1030 3 2 0 10 2330 1271 2848 2405
1031 3 2 0 10 1254 2344 2405 2848
1032 3 2 0 10 1104 2709 2344 2838
1033 3 2 0 10 1045 2615 2348 2435
1034 3 2 0 10 2082 1144 2856 2613
1035 3 2 0 10 527 2349 2613 2856
1036 3 2 0 10 666 2358 2623 2706
1037 3 2 0 10 2542 2406 2809 1098
1038 3 2 0 10 1171 2359 2809 2406
1039 3 2 0 10 676 2697 2360 2565
1040 3 2 0 10 1292 2385 2362 2532
1041 3 2 0 10 1076 2454 2366 2500
1042 3 2 0 10 2744 2688 2431 1080
1043 3 2 0 10 701 2373 2431 2688
1044 3 2 0 10 2108 2473 2446 657
1045 3 2 0 10 1003 2374 2446 2473
1046 3 2 0 10 564 2735 2754 2383
1047 3 2 0 10 2843 2770 2722 668
1048 3 2 0 10 1292 2722 2770 2385
1049 3 2 0 10 969 2742 2743 2387
1050 3 2 0 10 609 2635 2388 2600
1051 3 2 0 10 1022 2483 2887 2390
1052 3 2 0 10 1039 2590 2394 1025
1053 3 2 0 10 5105 2487 2781 1079
1054 3 2 0 10 2579 2462 2479 1060
1055 3 2 0 10 1171 2406 2542 2719
1056 3 2 0 10 1103 2455 2410 2417
1057 3 2 0 10 986 2840 2542 2413
1058 3 2 0 10 686 2727 2429 2879
1059 3 2 0 10 1305 2429 2721 2834
1060 3 2 0 10 1073 2672 2432 2485
1061 3 2 0 10 1076 2500 2537 2437
1062 3 2 0 10 531 2832 2648 533
1063 3 2 0 10 1168 2448 2648 2832
1064 3 2 0 10 2601 527 2459 2874
1065 3 2 0 10 1093 2874 2459 2450
1066 3 2 0 10 1050 2562 2457 2465
1067 3 2 0 10 2688 2744 2896 1133
1068 3 2 0 10 1063 2896 2744 2458
1069 3 2 0 10 2219 2866 2603 2715
1070 3 2 0 10 645 2637 2462 2579
1071 3 2 0 10 1094 2656 2903 2472
1072 3 2 0 10 1087 2738 2498 1832
1073 3 2 0 10 1163 2482 2498 2738
1074 3 2 0 10 1147 2846 2586 2489
1075 3 2 0 10 1267 2868 2690 1126
1076 3 2 0 10 1020 2903 2497 2512
1077 3 2 0 10 99 100 2659 2788
1078 3 2 0 10 1085 2541 2506 2546
1079 3 2 0 10 1195 2570 2518 2598
1080 3 2 0 10 2880 2631 2904 1138
1081 3 2 0 10 1094 2519 2904 2631
1082 3 2 0 10 1137 2538 2665 2522
1083 3 2 0 10 523 952 2545 2760
1084 3 2 0 10 521 2527 2760 2545
1085 3 2 0 10 1047 2574 2533 2740
1086 3 2 0 10 2561 2549 2577 750
1087 3 2 0 10 744 2577 2549 2533
1088 3 2 0 10 87 88 2707 2857
1089 3 2 0 10 1137 2857 2707 2538
1090 3 2 0 10 2619 2592 2591 1117
1091 3 2 0 10 2448 1133 2896 2561
1092 3 2 0 10 1063 2549 2561 2896
1093 3 2 0 10 1167 2556 2555 2626
1094 3 2 0 10 1050 2799 2673 2562
1095 3 2 0 10 2359 998 2885 2809
1096 3 2 0 10 1098 2809 2885 2568
1097 3 2 0 10 2690 2573 2584 1126
1098 3 2 0 10 1072 2569 2584 2573
1099 3 2 0 10 2093 1234 2621 2641
1100 3 2 0 10 1072 2573 2690 2733
1101 3 2 0 10 1251 1138 2904 2715
1102 3 2 0 10 1189 533 2648 2678
1103 3 2 0 10 1106 2678 2648 2576
1104 3 2 0 10 1207 2730 2588 2812
1105 3 2 0 10 2653 2876 2874 1093
1106 3 2 0 10 1254 2601 2874 2876
1107 3 2 0 10 2598 1214 2667 2764
1108 3 2 0 10 1305 2834 2868 2624
1109 3 2 0 10 1064 2649 2636 2892
1110 3 2 0 10 2344 1254 2876 2838
1111 3 2 0 10 1104 2838 2876 2653
1112 3 2 0 10 2725 2782 2887 698
1113 3 2 0 10 1068 2799 2691 2897
1114 3 2 0 10 2649 1089 2681 2636
1115 3 2 0 10 539 2537 2892 536
1116 3 2 0 10 2500 1064 2892 2537
1117 3 2 0 10 2761 2806 2471 1269
1118 3 2 0 10 536 2791 2559 539
1119 3 2 0 10 1052 2099 2559 2791
1120 3 2 0 10 667 2634 2356 1058
1121 3 2 0 10 746 511 2126 2008
1122 3 2 0 10 511 746 1797 2045
1123 3 2 0 10 1041 2597 1169 2096
1124 3 2 0 10 683 2875 1136 2850
1125 3 2 0 10 493 2882 1312 494
1126 3 2 0 10 492 1253 2882 493
1127 3 2 0 10 1302 1295 2666 1331
1128 3 2 0 10 1122 2633 539 2559
1129 3 2 0 10 486 1263 2893 487
1130 3 2 0 10 2668 700 2813 1273
1131 3 2 0 10 1289 1164 14 15
1132 3 2 0 10 1148 2773 2720 1091
1133 3 2 0 10 2207 2808 1148 1091
1134 3 2 0 10 989 2303 2808 2207
1135 3 2 0 10 532 529 1998 2548
1136 3 2 0 10 1052 2548 1998 2307
1137 3 2 0 10 2776 526 2539 2218
1138 3 2 0 10 529 532 2681 2539
1139 3 2 0 10 1089 2218 2539 2681
1140 3 2 0 10 2691 535 2520 537
1141 3 2 0 10 1271 2330 2520 535
1142 3 2 0 10 2615 2520 2330 999
1143 3 2 0 10 405 404 2824 1285
1144 3 2 0 10 94 95 2614 1184
1145 3 2 0 10 2909 1102 2614 2679
1146 3 2 0 10 95 96 2679 2614
1147 3 2 0 10 2868 1267 712 2624
1148 3 2 0 10 2823 1114 2847 1166
1149 3 2 0 10 1166 2847 1296 2869
1150 3 2 0 10 23 2190 2766 22
1151 3 2 0 10 2650 1141 1124 2717
1152 3 2 0 10 2356 1014 1989 1986
1153 3 2 0 10 17 18 2683 2399
1154 3 2 0 10 1100 2447 2399 2683
1155 3 2 0 10 2422 2167 2496 1001
1156 3 2 0 10 2637 1044 5260 2462
1157 3 2 0 10 28 29 2402 2751
1158 3 2 0 10 1113 2751 2402 2107
1159 3 2 0 10 480 2589 2592 481
1160 3 2 0 10 1027 2591 2592 2589
1161 3 2 0 10 83 84 2298 2726
1162 3 2 0 10 2845 2323 2872 1123
1163 3 2 0 10 151 2836 2872 150
1164 3 2 0 10 1123 2872 2836 743
1165 3 2 0 10 2506 2541 85 86
1166 3 2 0 10 84 85 2541 2298
1167 3 2 0 10 1085 2267 2298 2541
1168 3 2 0 10 2584 2569 97 98
1169 3 2 0 10 96 97 2569 2679
1170 3 2 0 10 1072 2909 2679 2569
1171 3 2 0 10 408 2629 1237 409
1172 3 2 0 10 747 2698 103 104
1173 3 2 0 10 102 103 2698 1225
1174 3 2 0 10 955 2332 2699 984
1175 3 2 0 10 1119 686 2895 2435
1176 3 2 0 10 2533 2574 745 744
1177 3 2 0 10 745 2574 1114 2823
1178 3 2 0 10 745 2717 2554 744
1179 3 2 0 10 1139 2554 2717 1124
1180 3 2 0 10 1128 2826 665 2451
1181 3 2 0 10 665 2826 2309 5921
1182 3 2 0 10 2705 1023 2375 2451
1183 3 2 0 10 2766 982 2762 1121
1184 3 2 0 10 670 2762 982 2455
1185 3 2 0 10 958 2499 2642 1034
1186 3 2 0 10 2574 1047 2844 1114
1187 3 2 0 10 2680 1127 713 2844
1188 3 2 0 10 1114 2844 713 2847
1189 3 2 0 10 2258 1021 2806 2761
1190 3 2 0 10 550 2831 2837 548
1191 3 2 0 10 2320 2604 1950 2481
1192 3 2 0 10 2321 2480 1949 2605
1193 3 2 0 10 2642 2499 1260 710
1194 3 2 0 10 1144 1221 2475 2856
1195 3 2 0 10 527 2856 2475 2459
1196 3 2 0 10 2639 1097 2772 1161
1197 3 2 0 10 1097 2907 1215 2772
1198 3 2 0 10 361 362 2167 1232
1199 3 2 0 10 2792 2543 2216 1025
1200 3 2 0 10 2772 1215 2543 723
1201 3 2 0 10 1215 2732 2216 2543
1202 3 2 0 10 1057 2622 1213 2279
1203 3 2 0 10 1293 1149 2746 684
1204 3 2 0 10 1161 1135 2802 2793
1205 3 2 0 10 709 2891 1210 1194
1206 3 2 0 10 490 2878 1191 491
1207 3 2 0 10 1191 2878 735 1197
1208 3 2 0 10 2593 1218 2684 701
1209 3 2 0 10 701 2684 2365 2373
1210 3 2 0 10 1108 2684 1218 719
1211 3 2 0 10 1096 2610 1237 2629
1212 3 2 0 10 1032 2852 2614 1102
1213 3 2 0 10 1184 2614 2852 2524
1214 3 2 0 10 755 1325 1199 560
1215 3 2 0 10 1149 697 1289 2746
1216 3 2 0 10 2601 1254 2848 2157
1217 3 2 0 10 137 1231 2230 136
1218 3 2 0 10 2241 2785 1268 720
1219 3 2 0 10 2493 2517 1268 525
1220 3 2 0 10 720 1268 2517 2781
1221 3 2 0 10 1077 1079 2781 2517
1222 3 2 0 10 958 962 2700 2499
1223 3 2 0 10 705 1260 2499 2700
1224 3 2 0 10 540 541 1203 2789
1225 3 2 0 10 2789 1180 2819 540
1226 3 2 0 10 540 2819 2351 2279
1227 3 2 0 10 666 2750 2111 1249
1228 3 2 0 10 1181 2032 2111 2750
1229 3 2 0 10 534 2677 1309 2822
1230 3 2 0 10 2474 1309 2677 1043
1231 3 2 0 10 1213 2622 534 2822
1232 3 2 0 10 534 2622 1057 1978
1233 3 2 0 10 575 2786 867 2088
1234 3 2 0 10 576 2089 868 2787
1235 3 2 0 10 1167 411 410 2277
1236 3 2 0 10 409 1237 2277 410
1237 3 2 0 10 2681 532 2548 2636
1238 3 2 0 10 712 1267 2748 726
1239 3 2 0 10 1267 1126 2505 2748
1240 3 2 0 10 2906 1068 2757 1125
1241 3 2 0 10 1297 1274 2869 738
1242 3 2 0 10 549 1166 2869 1274
1243 3 2 0 10 986 2820 2729 2840
1244 3 2 0 10 1210 1165 2734 2610
1245 3 2 0 10 1096 1194 1210 2610
1246 3 2 0 10 2216 2732 2367 691
1247 3 2 0 10 1086 2367 2907 1081
1248 3 2 0 10 1215 2907 2367 2732
1249 3 2 0 10 560 1324 2860 755
1250 3 2 0 10 562 2860 1324 749
1251 3 2 0 10 1308 2755 755 2860
1252 3 2 0 10 731 1264 2881 1110
1253 3 2 0 10 2512 538 2796 1207
1254 3 2 0 10 1159 2796 538 2894
1255 3 2 0 10 2455 1103 2658 670
1256 3 2 0 10 1238 1012 2658 1143
1257 3 2 0 10 1143 2658 1103 2618
1258 3 2 0 10 2626 2555 1224 673
1259 3 2 0 10 1224 2555 1165 1132
1260 3 2 0 10 2846 664 2329 2586
1261 3 2 0 10 1003 2473 2586 2329
1262 3 2 0 10 2859 1106 1139 2800
1263 3 2 0 10 2648 750 2577 2576
1264 3 2 0 10 1106 2576 2554 1139
1265 3 2 0 10 744 2554 2576 2577
1266 3 2 0 10 1023 2705 2737 2249
1267 3 2 0 10 689 2665 2456 2433
1268 3 2 0 10 1012 1238 684 2585
1269 3 2 0 10 1035 2585 684 2746
1270 3 2 0 10 1211 1142 2727 678
1271 3 2 0 10 678 2727 686 1119
1272 3 2 0 10 2883 748 1299 2689
1273 3 2 0 10 2755 1314 1325 755
1274 3 2 0 10 1202 1325 1314 2778
1275 3 2 0 10 2163 1059 2888 2247
1276 3 2 0 10 1160 2442 2247 2888
1277 3 2 0 10 2888 524 2820 1160
1278 3 2 0 10 2442 1160 2820 2477
1279 3 2 0 10 986 2308 2477 2820
1280 3 2 0 10 1082 1224 1132 1252
1281 3 2 0 10 1273 2731 1139 1124
1282 3 2 0 10 1139 2731 1157 2800
1283 3 2 0 10 2193 1875 2718 522
1284 3 2 0 10 1875 1221 1147 2718
1285 3 2 0 10 1040 2463 2018 2535
1286 3 2 0 10 2535 596 2119 1040
1287 3 2 0 10 596 2544 2092 2119
1288 3 2 0 10 2845 1123 743 2616
1289 3 2 0 10 2847 713 2616 1296
1290 3 2 0 10 1959 1000 1054 2716
1291 3 2 0 10 524 2888 1059 2776
1292 3 2 0 10 2795 2830 2630 718
1293 3 2 0 10 1007 2630 2830 4849
1294 3 2 0 10 969 2139 2292 2742
1295 3 2 0 10 1212 1313 1281 550
1296 3 2 0 10 1281 1313 1279 556
1297 3 2 0 10 1199 1325 1275 1304
1298 3 2 0 10 354 748 2883 353
1299 3 2 0 10 1143 2618 2885 998
1300 3 2 0 10 1103 659 2885 2618
1301 3 2 0 10 717 704 2900 1187
1302 3 2 0 10 1187 2900 2887 2782
1303 3 2 0 10 523 2560 2426 952
1304 3 2 0 10 1002 2246 2426 2560
1305 3 2 0 10 2537 539 2633 2437
1306 3 2 0 10 1111 2437 2633 543
1307 3 2 0 10 1243 1298 2884 558
1308 3 2 0 10 2494 1179 2667 1214
1309 3 2 0 10 1136 2875 1179 2494
1310 3 2 0 10 2628 1283 2708 672
1311 3 2 0 10 2183 1056 2493 2866
1312 3 2 0 10 1172 2603 2866 2493
1313 3 2 0 10 674 2674 2641 2621
1314 3 2 0 10 2200 2801 669 674
1315 3 2 0 10 2345 2640 2801 963
1316 3 2 0 10 669 2801 2640 2369
1317 3 2 0 10 1153 2893 1158 1159
1318 3 2 0 10 1263 1262 1158 2893
1319 3 2 0 10 664 2846 1144 2082
1320 3 2 0 10 1221 1144 2846 1147
1321 3 2 0 10 1192 722 2676 709
1322 3 2 0 10 2891 709 2676 2853
1323 3 2 0 10 1271 535 1050 2465
1324 3 2 0 10 1271 2465 2157 2848
1325 3 2 0 10 1169 2597 1330 2654
1326 3 2 0 10 2894 538 2835 1174
1327 3 2 0 10 1310 660 2501 2428
1328 3 2 0 10 983 2428 2501 2305
1329 3 2 0 10 1247 1110 2570 1195
1330 3 2 0 10 731 1110 1247 1255
1331 3 2 0 10 1020 2512 1207 2812
1332 3 2 0 10 2509 654 2333 2043
1333 3 2 0 10 2812 1042 2333 1020
1334 3 2 0 10 1042 2540 2043 2333
1335 3 2 0 10 1153 1159 2894 2771
1336 3 2 0 10 686 2879 2851 2895
1337 3 2 0 10 2615 999 1026 2348
1338 3 2 0 10 993 2670 2348 1026
1339 3 2 0 10 2435 2348 2657 1119
1340 3 2 0 10 2344 530 2646 2405
1341 3 2 0 10 999 2330 2405 2646
1342 3 2 0 10 104 105 1306 747
1343 3 2 0 10 105 106 1327 1306
1344 3 2 0 10 1195 2598 2764 2831
1345 3 2 0 10 1182 2258 2761 2551
1346 3 2 0 10 1164 1278 1275 1311
1347 3 2 0 10 1325 1202 1311 1275
1348 3 2 0 10 403 402 1307 2849
1349 3 2 0 10 1307 2689 1315 2849
1350 3 2 0 10 1203 544 2861 548
1351 3 2 0 10 2789 1203 548 2837
1352 3 2 0 10 2737 2705 2611 1078
1353 3 2 0 10 665 2611 2705 2451
1354 3 2 0 10 2799 1068 2906 2673
1355 3 2 0 10 1002 2560 2723 2843
1356 3 2 0 10 2843 668 2508 1002
1357 3 2 0 10 668 2722 2501 2508
1358 3 2 0 10 1187 2782 2725 1140
1359 3 2 0 10 1330 148 149 2323
1360 3 2 0 10 150 2872 2323 149
1361 3 2 0 10 1231 137 138 2048
1362 3 2 0 10 139 1061 2048 138
1363 3 2 0 10 362 363 2496 2167
1364 3 2 0 10 3073 618 3083 3120
1365 3 2 0 10 2898 823 3152 3175
1366 3 2 0 10 3012 3085 3178 864
1367 3 2 0 10 3098 3198 3069 1333
1368 3 2 0 10 3154 2965 3248 874
1369 3 2 0 10 3245 640 3256 3066
1370 3 2 0 10 3074 611 3276 1344
1371 3 2 0 10 3248 1464 3277 3044
1372 3 2 0 10 3113 1343 3290 610
1373 3 2 0 10 2018 869 3293 3266
1374 3 2 0 10 2211 603 3063 3305
1375 3 2 0 10 3074 3657 3323 1577
1376 3 2 0 10 3252 848 3324 3023
1377 3 2 0 10 3165 602 3330 3027
1378 3 2 0 10 3210 3246 3336 500
1379 3 2 0 10 851 2158 3358 3170
1380 3 2 0 10 3277 1464 3371 2923
1381 3 2 0 10 3255 873 3378 3140
1382 3 2 0 10 2983 1495 3378 3373
1383 3 2 0 10 3299 1463 3383 2965
1384 3 2 0 10 3357 3205 3395 675
1385 3 2 0 10 3255 1526 3399 3110
1386 3 2 0 10 3237 3406 838 2752
1387 3 2 0 10 3309 3062 3417 1781
1388 3 2 0 10 602 3165 3423 1365
1389 3 2 0 10 3252 1526 3434 3322
1390 3 2 0 10 1390 3349 3438 882
1391 3 2 0 10 3052 1384 3051 3443
1392 3 2 0 10 603 1366 3448 3179
1393 3 2 0 10 122 123 3451 2414
1394 3 2 0 10 3254 3048 3460 1409
1395 3 2 0 10 3104 2926 3467 1528
1396 3 2 0 10 2926 821 3274 3467
1397 3 2 0 10 3283 3127 3470 1422
1398 3 2 0 10 1239 3273 3476 1346
1399 3 2 0 10 3261 1529 3500 2940
1400 3 2 0 10 3411 679 3507 3469
1401 3 2 0 10 2686 2712 3508 782
1402 3 2 0 10 782 3508 3441 1397
1403 3 2 0 10 781 1396 3442 3509
1404 3 2 0 10 3046 3200 3512 1574
1405 3 2 0 10 871 1826 3512 3200
1406 3 2 0 10 3426 2981 3513 1546
1407 3 2 0 10 1645 1620 3516 3428
1408 3 2 0 10 3435 3528 3507 679
1409 3 2 0 10 2946 3531 3171 1347
1410 3 2 0 10 2523 3532 1336 3030
1411 3 2 0 10 3395 1581 3535 3350
1412 3 2 0 10 476 2310 3536 477
1413 3 2 0 10 3104 3141 3538 1337
1414 3 2 0 10 1437 3080 3539 1473
1415 3 2 0 10 3477 891 3542 3287
1416 3 2 0 10 3296 3369 3542 891
1417 3 2 0 10 3154 3103 3546 1483
1418 3 2 0 10 3535 3260 3546 1498
1419 3 2 0 10 3373 3425 3548 1364
1420 3 2 0 10 3368 2977 3552 1443
1421 3 2 0 10 3227 3404 3553 2921
1422 3 2 0 10 3425 873 3560 3466
1423 3 2 0 10 3522 1541 3241 3565
1424 3 2 0 10 3352 663 3575 3440
1425 3 2 0 10 2752 3233 3578 856
1426 3 2 0 10 3433 2971 3579 2341
1427 3 2 0 10 3309 3581 3453 901
1428 3 2 0 10 3430 2342 3582 2974
1429 3 2 0 10 3362 3583 3376 1492
1430 3 2 0 10 1029 2393 3587 4506
1431 3 2 0 10 793 854 1545 3045
1432 3 2 0 10 3177 1492 3376 3590
1433 3 2 0 10 1384 3052 1499 3594
1434 3 2 0 10 3132 1384 3594 3391
1435 3 2 0 10 3450 1383 3596 3050
1436 3 2 0 10 3364 877 3597 3236
1437 3 2 0 10 3311 3053 3598 1402
1438 3 2 0 10 3575 663 3604 3264
1439 3 2 0 10 3300 3047 3605 1381
1440 3 2 0 10 3116 3586 3609 1497
1441 3 2 0 10 3589 1496 572 3610
1442 3 2 0 10 3182 3629 3634 814
1443 3 2 0 10 3004 2392 3035 3635
1444 3 2 0 10 2980 3931 2934 1410
1445 3 2 0 10 3477 3653 3499 891
1446 3 2 0 10 3271 894 3624 3661
1447 3 2 0 10 3308 1425 3240 3663
1448 3 2 0 10 3426 1449 3667 2981
1449 3 2 0 10 3506 3350 3668 1562
1450 3 2 0 10 3045 1545 3670 2982
1451 3 2 0 10 3315 3258 3678 883
1452 3 2 0 10 478 2445 3686 479
1453 3 2 0 10 1027 2589 3686 2287
1454 3 2 0 10 1344 3276 1824 3687
1455 3 2 0 10 1938 3688 2695 790
1456 3 2 0 10 3447 892 3691 3221
1457 3 2 0 10 3387 3290 3692 1825
1458 3 2 0 10 3290 1343 3433 3692
1459 3 2 0 10 3630 813 3645 3708
1460 3 2 0 10 3411 3482 3709 679
1461 3 2 0 10 3000 820 3714 3133
1462 3 2 0 10 2999 3132 3716 819
1463 3 2 0 10 746 1276 3718 1797
1464 3 2 0 10 3413 3162 3722 1564
1465 3 2 0 10 3351 3401 3724 637
1466 3 2 0 10 3381 637 3724 3711
1467 3 2 0 10 3299 1483 3478 3727
1468 3 2 0 10 3250 3146 3732 568
1469 3 2 0 10 2076 3735 2467 808
1470 3 2 0 10 2077 809 2466 3736
1471 3 2 0 10 1643 1030 3752 3432
1472 3 2 0 10 2664 760 3764 3644
1473 3 2 0 10 3690 3595 3765 902
1474 3 2 0 10 3362 1492 3775 3304
1475 3 2 0 10 3552 1489 3786 3170
1476 3 2 0 10 3551 3636 3788 1494
1477 3 2 0 10 3397 1944 3792 3064
1478 3 2 0 10 3764 3446 3794 1440
1479 3 2 0 10 3668 1498 3400 3801
1480 3 2 0 10 3287 1503 3660 3807
1481 3 2 0 10 3103 1535 3810 3400
1482 3 2 0 10 3478 3260 3812 849
1483 3 2 0 10 1694 1614 3816 3730
1484 3 2 0 10 3694 3099 3828 1511
1485 3 2 0 10 608 2085 3829 1739
1486 3 2 0 10 3241 1541 3688 3835
1487 3 2 0 10 1016 2708 1283 3839
1488 3 2 0 10 1036 1016 3839 2652
1489 3 2 0 10 3795 790 3844 3244
1490 3 2 0 10 3117 2919 3850 1350
1491 3 2 0 10 3264 1586 3867 3458
1492 3 2 0 10 3840 832 3874 3202
1493 3 2 0 10 3337 879 3877 3415
1494 3 2 0 10 3572 2086 3877 3739
1495 3 2 0 10 3677 3621 3878 1511
1496 3 2 0 10 2380 1990 3885 1204
1497 3 2 0 10 2040 1748 3885 1990
1498 3 2 0 10 3393 1743 3889 3481
1499 3 2 0 10 3812 1581 3813 3893
1500 3 2 0 10 3859 510 3905 3728
1501 3 2 0 10 3116 3065 3921 2902
1502 3 2 0 10 3086 3013 3922 863
1503 3 2 0 10 3879 1549 3925 3381
1504 3 2 0 10 3351 637 3926 3684
1505 3 2 0 10 3749 1699 3927 3559
1506 3 2 0 10 3269 3931 2980 1430
1507 3 2 0 10 3423 5398 3932 1365
1508 3 2 0 10 3883 3574 3934 1618
1509 3 2 0 10 3769 1642 3935 3793
1510 3 2 0 10 3572 1619 1553 3936
1511 3 2 0 10 442 1594 3939 443
1512 3 2 0 10 3884 1655 3945 3602
1513 3 2 0 10 3086 863 3950 3181
1514 3 2 0 10 3428 3954 3680 1645
1515 3 2 0 10 3448 1366 3957 2943
1516 3 2 0 10 3757 3493 3958 1556
1517 3 2 0 10 2051 3906 3958 911
1518 3 2 0 10 3740 651 3962 3790
1519 3 2 0 10 3937 1656 3962 3823
1520 3 2 0 10 3681 1600 3972 3411
1521 3 2 0 10 3836 3762 3972 1600
1522 3 2 0 10 3668 3801 3559 1562
1523 3 2 0 10 946 4838 3980 1885
1524 3 2 0 10 2016 566 3997 2133
1525 3 2 0 10 3121 1351 4003 3053
1526 3 2 0 10 3598 3053 4003 1380
1527 3 2 0 10 2030 1455 4004 3265
1528 3 2 0 10 1435 4004 1455 3196
1529 3 2 0 10 1727 3573 4005 1613
1530 3 2 0 10 3382 902 3765 4010
1531 3 2 0 10 3557 1589 4012 2991
1532 3 2 0 10 1361 4013 1590 2992
1533 3 2 0 10 51 4021 1593 50
1534 3 2 0 10 1342 3030 1336 4022
1535 3 2 0 10 3319 1451 4024 4628
1536 3 2 0 10 3286 1376 3122 4025
1537 3 2 0 10 1338 3286 4025 1375
1538 3 2 0 10 1617 3721 4026 4331
1539 3 2 0 10 3680 4027 3573 1727
1540 3 2 0 10 3352 3497 4028 663
1541 3 2 0 10 3566 3580 4031 1475
1542 3 2 0 10 1413 5841 1395 3072
1543 3 2 0 10 1031 2334 2027 4034
1544 3 2 0 10 3764 1440 4040 3644
1545 3 2 0 10 381 2266 4042 380
1546 3 2 0 10 2377 2774 4042 1821
1547 3 2 0 10 3880 3242 4043 2758
1548 3 2 0 10 3012 3919 4043 2026
1549 3 2 0 10 3606 920 4044 3674
1550 3 2 0 10 3900 2780 4045 3235
1551 3 2 0 10 3013 2025 4045 3922
1552 3 2 0 10 1209 1558 4065 1458
1553 3 2 0 10 3196 1454 4065 3182
1554 3 2 0 10 3728 4070 3966 1665
1555 3 2 0 10 3981 1551 4072 3689
1556 3 2 0 10 1404 1436 4076 3087
1557 3 2 0 10 3210 500 4077 3367
1558 3 2 0 10 3936 1553 4078 882
1559 3 2 0 10 882 4078 3297 1390
1560 3 2 0 10 3313 1447 4079 1452
1561 3 2 0 10 4017 3491 4081 1641
1562 3 2 0 10 705 2293 4090 1260
1563 3 2 0 10 1193 2151 4090 2293
1564 3 2 0 10 710 1260 4090 2625
1565 3 2 0 10 3359 1593 4021 4091
1566 3 2 0 10 3601 1539 3826 4007
1567 3 2 0 10 391 392 1288 4105
1568 3 2 0 10 667 1270 4106 2634
1569 3 2 0 10 3399 3023 4124 1411
1570 3 2 0 10 2051 4138 1677 3906
1571 3 2 0 10 989 2217 4145 2229
1572 3 2 0 10 3344 3418 4147 1657
1573 3 2 0 10 3826 1674 4151 4007
1574 3 2 0 10 4140 1603 4158 3809
1575 3 2 0 10 3458 3769 4162 1610
1576 3 2 0 10 4039 3907 4164 1611
1577 3 2 0 10 3935 3858 4167 1719
1578 3 2 0 10 1956 1240 4170 1799
1579 3 2 0 10 3482 1609 4178 3618
1580 3 2 0 10 3857 3771 4178 1609
1581 3 2 0 10 4099 3758 4181 1653
1582 3 2 0 10 1375 3035 2392 4183
1583 3 2 0 10 3864 1485 4185 3410
1584 3 2 0 10 3259 1509 3027 4187
1585 3 2 0 10 3506 3491 4193 675
1586 3 2 0 10 3357 675 4193 3696
1587 3 2 0 10 3296 4201 3925 1549
1588 3 2 0 10 4029 3129 4202 1422
1589 3 2 0 10 3966 3933 4205 1665
1590 3 2 0 10 3743 3554 4206 926
1591 3 2 0 10 3983 1557 4211 3613
1592 3 2 0 10 3898 1477 4212 3119
1593 3 2 0 10 1710 1689 4214 4146
1594 3 2 0 10 3771 921 4215 3817
1595 3 2 0 10 2347 906 4217 1766
1596 3 2 0 10 4115 3995 4219 1639
1597 3 2 0 10 652 4085 4221 1830
1598 3 2 0 10 3832 1823 4225 1646
1599 3 2 0 10 1774 852 3122 4226
1600 3 2 0 10 3516 883 4227 3428
1601 3 2 0 10 3799 1893 4227 3533
1602 3 2 0 10 3813 3205 4234 1493
1603 3 2 0 10 4155 3621 4235 907
1604 3 2 0 10 3679 3928 4235 1654
1605 3 2 0 10 4232 1567 4236 3780
1606 3 2 0 10 775 4244 1517 3219
1607 3 2 0 10 971 4246 1849 2176
1608 3 2 0 10 2131 1789 4252 587
1609 3 2 0 10 2331 1873 4252 1789
1610 3 2 0 10 2069 587 4252 2178
1611 3 2 0 10 966 4258 1602 1965
1612 3 2 0 10 4055 1944 3397 4263
1613 3 2 0 10 3871 4163 4265 916
1614 3 2 0 10 4155 3890 4266 1724
1615 3 2 0 10 2176 2235 4276 971
1616 3 2 0 10 1887 1717 4276 2235
1617 3 2 0 10 3463 585 4280 3797
1618 3 2 0 10 3464 3798 4281 586
1619 3 2 0 10 2088 830 4283 1530
1620 3 2 0 10 830 1499 3052 4283
1621 3 2 0 10 4266 1629 4284 4273
1622 3 2 0 10 2089 1531 4285 829
1623 3 2 0 10 3697 3529 4286 721
1624 3 2 0 10 3772 871 4289 4253
1625 3 2 0 10 1759 1969 4292 575
1626 3 2 0 10 1760 2521 4295 1177
1627 3 2 0 10 771 2572 4297 1616
1628 3 2 0 10 772 1615 4298 2571
1629 3 2 0 10 3648 912 3800 4302
1630 3 2 0 10 4063 3236 4308 1493
1631 3 2 0 10 846 3852 1749 4309
1632 3 2 0 10 1626 1856 4313 4306
1633 3 2 0 10 3837 1591 4200 4314
1634 3 2 0 10 3678 1655 4322 3533
1635 3 2 0 10 3751 1599 4322 3600
1636 3 2 0 10 3765 3929 4324 4047
1637 3 2 0 10 1459 4326 1947 789
1638 3 2 0 10 3852 846 4327 851
1639 3 2 0 10 3934 1554 4335 1618
1640 3 2 0 10 4232 1485 4338 3066
1641 3 2 0 10 3770 1560 4338 3398
1642 3 2 0 10 2126 4339 4006 2008
1643 3 2 0 10 609 1763 4344 2635
1644 3 2 0 10 2388 2635 4344 890
1645 3 2 0 10 4265 1718 4347 3979
1646 3 2 0 10 4031 1738 4352 3493
1647 3 2 0 10 4168 911 4352 3767
1648 3 2 0 10 4132 3818 4353 904
1649 3 2 0 10 4171 4838 946 4354
1650 3 2 0 10 4017 1641 4358 1794
1651 3 2 0 10 4112 617 4359 2419
1652 3 2 0 10 4113 2418 4360 615
1653 3 2 0 10 1845 1634 3844 4364
1654 3 2 0 10 3886 1783 4365 3858
1655 3 2 0 10 4215 921 4365 3933
1656 3 2 0 10 3300 3226 4368 1356
1657 3 2 0 10 3733 1570 4377 3811
1658 3 2 0 10 4241 907 4378 4230
1659 3 2 0 10 726 2748 4383 730
1660 3 2 0 10 730 4383 2599 1225
1661 3 2 0 10 1622 3963 4384 1240
1662 3 2 0 10 4064 4384 3963 1486
1663 3 2 0 10 4190 1676 4387 1898
1664 3 2 0 10 2697 2098 4390 996
1665 3 2 0 10 3247 1465 4391 2979
1666 3 2 0 10 3556 4296 4394 847
1667 3 2 0 10 3739 4074 4396 1813
1668 3 2 0 10 3246 1570 4400 3768
1669 3 2 0 10 1728 1739 4401 4336
1670 3 2 0 10 2012 4402 4116 1776
1671 3 2 0 10 3256 3622 4405 1567
1672 3 2 0 10 3640 3675 4409 1660
1673 3 2 0 10 3364 3534 4415 877
1674 3 2 0 10 4181 1584 4416 3384
1675 3 2 0 10 2181 1550 4417 584
1676 3 2 0 10 1003 2329 4421 1051
1677 3 2 0 10 664 2346 4421 2329
1678 3 2 0 10 3103 3187 4423 1535
1679 3 2 0 10 475 4424 2310 476
1680 3 2 0 10 3281 1651 4425 3774
1681 3 2 0 10 3547 4426 4177 905
1682 3 2 0 10 2445 4427 2287 3686
1683 3 2 0 10 529 2013 4430 1038
1684 3 2 0 10 2597 1041 4431 2550
1685 3 2 0 10 4221 1561 4432 3487
1686 3 2 0 10 3971 1876 4437 1702
1687 3 2 0 10 1084 2222 4437 1876
1688 3 2 0 10 3635 3035 4438 2416
1689 3 2 0 10 2699 980 4440 984
1690 3 2 0 10 3720 1966 984 4440
1691 3 2 0 10 2220 918 4441 2098
1692 3 2 0 10 3622 1649 4441 3783
1693 3 2 0 10 3385 1533 4444 3152
1694 3 2 0 10 626 2170 4446 1802
1695 3 2 0 10 4241 1698 4447 3890
1696 3 2 0 10 3341 1587 4449 3561
1697 3 2 0 10 3465 3631 4454 1848
1698 3 2 0 10 1484 3366 4456 1648
1699 3 2 0 10 4069 1592 4461 3435
1700 3 2 0 10 4037 3158 4464 1582
1701 3 2 0 10 682 4466 1955 1895
1702 3 2 0 10 1448 3312 4467 1453
1703 3 2 0 10 1452 4468 2713 3313
1704 3 2 0 10 1863 1596 4474 3564
1705 3 2 0 10 3808 3641 4478 1494
1706 3 2 0 10 2996 794 4482 3327
1707 3 2 0 10 4191 3862 4491 1669
1708 3 2 0 10 984 1966 4492 955
1709 3 2 0 10 3952 4916 4494 2949
1710 3 2 0 10 1059 2163 4495 1917
1711 3 2 0 10 3888 4098 4495 951
1712 3 2 0 10 3363 1513 3403 4496
1713 3 2 0 10 3850 3084 4497 1350
1714 3 2 0 10 3237 3365 4498 1521
1715 3 2 0 10 3941 3384 4501 652
1716 3 2 0 10 684 2696 4503 1293
1717 3 2 0 10 1076 2839 4503 2454
1718 3 2 0 10 694 1293 4503 2839
1719 3 2 0 10 2160 1933 4504 2408
1720 3 2 0 10 4150 4135 4505 1729
1721 3 2 0 10 3098 1333 3317 4515
1722 3 2 0 10 1423 2948 1435 4516
1723 3 2 0 10 3471 3555 4518 1005
1724 3 2 0 10 1817 1466 4524 761
1725 3 2 0 10 989 2229 4525 2303
1726 3 2 0 10 92 93 4525 2229
1727 3 2 0 10 2102 919 4531 2314
1728 3 2 0 10 1601 4533 1029 4506
1729 3 2 0 10 3650 1647 4537 3726
1730 3 2 0 10 627 1793 4541 2131
1731 3 2 0 10 3733 913 4543 3955
1732 3 2 0 10 2377 1257 4546 2774
1733 3 2 0 10 379 2774 4546 378
1734 3 2 0 10 3685 3738 4550 1563
1735 3 2 0 10 3737 2269 4395 1228
1736 3 2 0 10 4337 3551 4554 906
1737 3 2 0 10 1741 4217 906 4554
1738 3 2 0 10 3846 4564 4287 1613
1739 3 2 0 10 3873 4321 4567 1725
1740 3 2 0 10 3879 1725 4567 3809
1741 3 2 0 10 4121 3160 4573 1512
1742 3 2 0 10 4325 3270 4575 1806
1743 3 2 0 10 3648 3814 4577 1519
1744 3 2 0 10 3160 892 4579 4827
1745 3 2 0 10 3640 3454 4581 1005
1746 3 2 0 10 3471 1005 4581 3666
1747 3 2 0 10 2248 1906 4585 2186
1748 3 2 0 10 3897 3832 4589 991
1749 3 2 0 10 1996 970 4601 1911
1750 3 2 0 10 2409 1911 4601 1883
1751 3 2 0 10 1883 4601 970 2164
1752 3 2 0 10 503 1764 4603 2065
1753 3 2 0 10 3756 1812 4605 4073
1754 3 2 0 10 3245 1560 4607 3431
1755 3 2 0 10 3799 1599 4607 3599
1756 3 2 0 10 1776 4337 4608 2012
1757 3 2 0 10 2525 2012 4608 2347
1758 3 2 0 10 2347 4608 4337 906
1759 3 2 0 10 3106 2967 4610 2376
1760 3 2 0 10 2053 953 2353 4611
1761 3 2 0 10 993 1026 4618 2563
1762 3 2 0 10 530 2421 4618 2646
1763 3 2 0 10 999 2646 4618 1026
1764 3 2 0 10 948 2563 4618 2421
1765 3 2 0 10 4096 1842 4629 3999
1766 3 2 0 10 1854 1752 4631 3763
1767 3 2 0 10 3216 3279 4631 1752
1768 3 2 0 10 603 3763 4631 1366
1769 3 2 0 10 3227 1412 4633 3028
1770 3 2 0 10 1853 3761 4634 1751
1771 3 2 0 10 3218 1751 4634 3275
1772 3 2 0 10 602 1365 4634 3761
1773 3 2 0 10 2017 1061 1748 2040
1774 3 2 0 10 4171 1592 4637 4143
1775 3 2 0 10 4141 1735 4637 3699
1776 3 2 0 10 2826 1115 4647 2309
1777 3 2 0 10 3884 957 4656 3600
1778 3 2 0 10 3070 4658 4142 1510
1779 3 2 0 10 958 2148 4660 962
1780 3 2 0 10 1539 3601 2145 4663
1781 3 2 0 10 1739 1728 4666 1095
1782 3 2 0 10 4414 1700 4675 4578
1783 3 2 0 10 4569 2297 4676 1804
1784 3 2 0 10 3076 3325 4676 762
1785 3 2 0 10 4279 895 4679 4948
1786 3 2 0 10 1097 2639 1172 4681
1787 3 2 0 10 1508 788 1946 4682
1788 3 2 0 10 2063 948 4683 2353
1789 3 2 0 10 1808 4694 2222 2049
1790 3 2 0 10 2345 1038 4695 2191
1791 3 2 0 10 4381 849 4697 3376
1792 3 2 0 10 3819 1861 950 4700
1793 3 2 0 10 4293 884 4704 3410
1794 3 2 0 10 4005 1831 4704 3562
1795 3 2 0 10 596 2535 4707 2257
1796 3 2 0 10 2018 870 4707 2535
1797 3 2 0 10 940 2257 4707 2198
1798 3 2 0 10 3680 1727 4708 1645
1799 3 2 0 10 2018 2463 4715 869
1800 3 2 0 10 3878 1724 4717 3638
1801 3 2 0 10 3944 4718 4620 1683
1802 3 2 0 10 3276 3377 4725 1824
1803 3 2 0 10 1517 4727 1543 3219
1804 3 2 0 10 774 3220 4728 1518
1805 3 2 0 10 3346 1544 4728 3220
1806 3 2 0 10 4052 4357 4730 917
1807 3 2 0 10 3838 3556 4734 1463
1808 3 2 0 10 964 4735 1934 2189
1809 3 2 0 10 4006 512 4736 3282
1810 3 2 0 10 1017 1870 4737 2064
1811 3 2 0 10 4584 4433 4737 1695
1812 3 2 0 10 3584 3998 4739 991
1813 3 2 0 10 4056 3758 4748 1869
1814 3 2 0 10 4176 3862 4748 925
1815 3 2 0 10 2129 1514 4749 2130
1816 3 2 0 10 2130 4749 3592 630
1817 3 2 0 10 4176 3918 4751 1687
1818 3 2 0 10 4036 1687 4751 3612
1819 3 2 0 10 3742 3282 4752 1552
1820 3 2 0 10 4736 1404 4752 3282
1821 3 2 0 10 3986 3984 4754 1889
1822 3 2 0 10 2828 867 4755 1638
1823 3 2 0 10 3917 2282 4756 4507
1824 3 2 0 10 1643 4507 4756 1030
1825 3 2 0 10 2247 1820 4757 2163
1826 3 2 0 10 3820 951 4757 4312
1827 3 2 0 10 2827 1637 4761 868
1828 3 2 0 10 3824 3731 4764 1660
1829 3 2 0 10 2042 4765 3994 897
1830 3 2 0 10 987 4766 1595 4198
1831 3 2 0 10 4661 3740 4767 1652
1832 3 2 0 10 2205 1058 4768 2067
1833 3 2 0 10 3770 896 4769 3599
1834 3 2 0 10 3954 1893 4769 3680
1835 3 2 0 10 2835 2790 4778 1174
1836 3 2 0 10 2894 1174 4778 2771
1837 3 2 0 10 1209 2044 4779 1558
1838 3 2 0 10 1946 788 4780 2651
1839 3 2 0 10 3864 1831 4782 3398
1840 3 2 0 10 4027 896 4782 3573
1841 3 2 0 10 3822 3856 4787 1636
1842 3 2 0 10 2950 1441 4788 3894
1843 3 2 0 10 4214 1689 4792 4119
1844 3 2 0 10 2085 608 4795 1984
1845 3 2 0 10 1868 1650 4795 2261
1846 3 2 0 10 2867 2261 4795 608
1847 3 2 0 10 2121 4796 2557 1006
1848 3 2 0 10 2083 2311 4805 1024
1849 3 2 0 10 2482 647 4806 2498
1850 3 2 0 10 1575 4679 895 4809
1851 3 2 0 10 2926 3060 4810 821
1852 3 2 0 10 3514 3216 4812 633
1853 3 2 0 10 652 1830 4815 3941
1854 3 2 0 10 1238 4817 2696 684
1855 3 2 0 10 3515 634 4820 3218
1856 3 2 0 10 45 1722 4822 44
1857 3 2 0 10 43 44 4822 2010
1858 3 2 0 10 2580 2005 4823 1066
1859 3 2 0 10 889 1965 1602 4827
1860 3 2 0 10 4680 4829 981 2206
1861 3 2 0 10 3434 3140 4837 1469
1862 3 2 0 10 1457 2476 594 3787
1863 3 2 0 10 4612 1987 4842 3902
1864 3 2 0 10 2616 743 4846 1296
1865 3 2 0 10 2053 4847 2175 953
1866 3 2 0 10 1054 4850 2059 2716
1867 3 2 0 10 4538 3243 4855 1491
1868 3 2 0 10 3987 1676 4190 4856
1869 3 2 0 10 4061 936 4863 3773
1870 3 2 0 10 3781 3970 4863 936
1871 3 2 0 10 1811 4199 4865 1701
1872 3 2 0 10 2145 4866 2117 2066
1873 3 2 0 10 3849 4868 3698 2514
1874 3 2 0 10 719 1065 4873 1108
1875 3 2 0 10 3392 2513 4874 3847
1876 3 2 0 10 1909 1943 4878 4834
1877 3 2 0 10 3992 1621 4882 3908
1878 3 2 0 10 3817 4129 4882 1621
1879 3 2 0 10 2466 3239 1447 4884
1880 3 2 0 10 2467 4886 1448 3240
1881 3 2 0 10 1204 4889 1852 2380
1882 3 2 0 10 1818 4890 2252 1927
1883 3 2 0 10 4099 3777 4891 925
1884 3 2 0 10 4469 3918 4891 1910
1885 3 2 0 10 2246 941 4894 2426
1886 3 2 0 10 952 2426 4894 1860
1887 3 2 0 10 4288 1784 4896 3704
1888 3 2 0 10 2251 4093 4903 567
1889 3 2 0 10 3941 4815 4908 1653
1890 3 2 0 10 436 4910 1976 437
1891 3 2 0 10 870 4623 1648 4911
1892 3 2 0 10 3347 3115 4914 848
1893 3 2 0 10 3324 848 4914 3480
1894 3 2 0 10 4605 1812 4915 3522
1895 3 2 0 10 4760 3637 4917 5213
1896 3 2 0 10 4185 3780 4922 1796
1897 3 2 0 10 3853 1813 3504 4924
1898 3 2 0 10 3826 1539 4927 3271
1899 3 2 0 10 4386 1778 4928 1838
1900 3 2 0 10 937 1935 4928 1778
1901 3 2 0 10 1159 1158 4929 2796
1902 3 2 0 10 658 2730 4929 1185
1903 3 2 0 10 1207 2796 4929 2730
1904 3 2 0 10 592 2970 598 4934
1905 3 2 0 10 2768 2484 4949 1458
1906 3 2 0 10 2521 1209 1458 4949
1907 3 2 0 10 3971 1702 4950 4050
1908 3 2 0 10 650 4953 1755 2141
1909 3 2 0 10 3816 1614 4954 3386
1910 3 2 0 10 4157 4956 3959 1803
1911 3 2 0 10 2168 5230 4958 2140
1912 3 2 0 10 2239 1994 4958 5230
1913 3 2 0 10 3249 757 4959 3370
1914 3 2 0 10 1227 3033 2056 4960
1915 3 2 0 10 4880 2797 4963 837
1916 3 2 0 10 3069 3303 4967 1480
1917 3 2 0 10 4131 2423 4968 5285
1918 3 2 0 10 4128 3445 4970 2424
1919 3 2 0 10 4110 1431 4973 3076
1920 3 2 0 10 4011 3974 4974 3953
1921 3 2 0 10 3071 3008 4981 1401
1922 3 2 0 10 2055 1863 1862 4982
1923 3 2 0 10 4139 3910 4986 1633
1924 3 2 0 10 1088 2427 4987 2575
1925 3 2 0 10 134 2575 4987 133
1926 3 2 0 10 3824 3484 4988 904
1927 3 2 0 10 3394 857 4992 3091
1928 3 2 0 10 4119 4414 4994 1901
1929 3 2 0 10 2958 824 3144 4997
1930 3 2 0 10 3942 1835 5000 4410
1931 3 2 0 10 3566 3517 5000 1835
1932 3 2 0 10 924 2754 1843 5004
1933 3 2 0 10 2088 1530 5008 575
1934 3 2 0 10 393 394 1112 5010
1935 3 2 0 10 367 368 3268 5011
1936 3 2 0 10 2409 2215 5012 1911
1937 3 2 0 10 2054 2033 5012 2215
1938 3 2 0 10 3714 820 4297 5018
1939 3 2 0 10 4798 819 5019 4298
1940 3 2 0 10 4974 1695 5023 3882
1941 3 2 0 10 1870 5023 1695 4737
1942 3 2 0 10 1773 1628 5024 1257
1943 3 2 0 10 4546 1257 5024 2759
1944 3 2 0 10 2073 994 5025 4192
1945 3 2 0 10 3563 1673 5026 4097
1946 3 2 0 10 3760 3842 5026 1673
1947 3 2 0 10 3397 3064 5029 3616
1948 3 2 0 10 960 2006 5031 1952
1949 3 2 0 10 4874 2513 5038 3703
1950 3 2 0 10 3698 5039 3716 2514
1951 3 2 0 10 2424 5040 826 4128
1952 3 2 0 10 2423 4131 825 5043
1953 3 2 0 10 4984 599 5045 2976
1954 3 2 0 10 1754 2016 2133 5047
1955 3 2 0 10 2109 1008 5052 1605
1956 3 2 0 10 1937 1879 5052 1008
1957 3 2 0 10 4409 1605 5052 3484
1958 3 2 0 10 711 1197 5057 1196
1959 3 2 0 10 1162 5057 1197 735
1960 3 2 0 10 700 1196 5057 1162
1961 3 2 0 10 1962 2695 5063 1950
1962 3 2 0 10 4756 3342 3107 1030
1963 3 2 0 10 1953 1310 2428 2255
1964 3 2 0 10 4106 1270 5064 672
1965 3 2 0 10 1051 2745 5064 1270
1966 3 2 0 10 4994 648 5065 4433
1967 3 2 0 10 4662 2034 1888 5070
1968 3 2 0 10 964 1914 2114 5071
1969 3 2 0 10 3033 1227 5072 3005
1970 3 2 0 10 3312 3094 5073 2712
1971 3 2 0 10 3171 3441 5073 806
1972 3 2 0 10 3313 2713 5074 3093
1973 3 2 0 10 4780 788 5078 799
1974 3 2 0 10 4602 3651 5080 2304
1975 3 2 0 10 1502 5081 1651 3126
1976 3 2 0 10 1963 1949 5083 2694
1977 3 2 0 10 4293 1796 5084 3980
1978 3 2 0 10 938 4275 1780 5089
1979 3 2 0 10 2471 1978 5091 1269
1980 3 2 0 10 1057 2231 5091 1978
1981 3 2 0 10 1846 512 5093 4709
1982 3 2 0 10 3464 3097 5098 1504
1983 3 2 0 10 4358 4233 2267 1794
1984 3 2 0 10 2166 1815 5101 2095
1985 3 2 0 10 3662 3239 5102 1424
1986 3 2 0 10 1425 808 2467 3240
1987 3 2 0 10 2447 1100 5107 1012
1988 3 2 0 10 1999 1971 5109 1957
1989 3 2 0 10 3341 589 5113 3490
1990 3 2 0 10 4528 2050 5114 3153
1991 3 2 0 10 3121 3006 5116 1351
1992 3 2 0 10 4584 3974 5117 1901
1993 3 2 0 10 665 5921 5118 2611
1994 3 2 0 10 1078 2611 5118 1146
1995 3 2 0 10 3223 1476 5119 3014
1996 3 2 0 10 3014 5119 3446 1421
1997 3 2 0 10 876 4250 2015 5123
1998 3 2 0 10 597 1779 5128 2208
1999 3 2 0 10 2503 2208 5128 1067
2000 3 2 0 10 2141 2171 5129 650
2001 3 2 0 10 1415 2062 1468 5133
2002 3 2 0 10 3095 1415 5133 3026
2003 3 2 0 10 2625 4090 2151 5134
2004 3 2 0 10 1002 2508 5135 2246
2005 3 2 0 10 2501 660 5135 2508
2006 3 2 0 10 2693 2430 5136 804
2007 3 2 0 10 804 5136 1520 1622
2008 3 2 0 10 1281 556 5137 1255
2009 3 2 0 10 2689 1299 5137 1315
2010 3 2 0 10 1287 1315 5137 556
2011 3 2 0 10 731 1255 5137 1299
2012 3 2 0 10 1402 1466 1817 5144
2013 3 2 0 10 4055 1658 1053 1944
2014 3 2 0 10 1978 2471 5154 534
2015 3 2 0 10 5075 2142 5139 4385
2016 3 2 0 10 777 2079 5155 4272
2017 3 2 0 10 2079 899 2388 5155
2018 3 2 0 10 3880 813 5156 3242
2019 3 2 0 10 1672 1682 5160 981
2020 3 2 0 10 4602 981 5160 3651
2021 3 2 0 10 466 1758 5161 467
2022 3 2 0 10 2464 997 5162 2274
2023 3 2 0 10 3942 1713 5163 3909
2024 3 2 0 10 2718 2228 5167 522
2025 3 2 0 10 945 1766 5167 2228
2026 3 2 0 10 4290 1681 5168 3767
2027 3 2 0 10 3072 1400 5176 3011
2028 3 2 0 10 2220 2240 5183 918
2029 3 2 0 10 1762 4278 5183 1997
2030 3 2 0 10 2379 1997 5183 2240
2031 3 2 0 10 4374 918 5183 4278
2032 3 2 0 10 42 43 2010 5184
2033 3 2 0 10 836 4480 775 5186
2034 3 2 0 10 1109 2194 5192 2234
2035 3 2 0 10 4252 1873 5193 2178
2036 3 2 0 10 1055 2159 5195 2286
2037 3 2 0 10 1145 2285 5195 2159
2038 3 2 0 10 790 2695 1962 5196
2039 3 2 0 10 761 5079 5197 1744
2040 3 2 0 10 4538 3570 5199 1635
2041 3 2 0 10 2495 1996 5200 655
2042 3 2 0 10 1911 1881 5200 1996
2043 3 2 0 10 791 5201 1963 2694
2044 3 2 0 10 3243 3843 5201 791
2045 3 2 0 10 89 90 5207 2728
2046 3 2 0 10 4132 5208 2090 1902
2047 3 2 0 10 5070 1888 5210 649
2048 3 2 0 10 1198 416 415 5217
2049 3 2 0 10 3900 3235 5218 814
2050 3 2 0 10 3182 814 5218 4516
2051 3 2 0 10 1109 2180 5219 2092
2052 3 2 0 10 2434 1075 5221 2153
2053 3 2 0 10 2267 2153 5221 1794
2054 3 2 0 10 26 2479 5222 25
2055 3 2 0 10 2479 2462 5260 5222
2056 3 2 0 10 2766 2190 5223 982
2057 3 2 0 10 2164 2410 5223 1044
2058 3 2 0 10 2455 982 5223 2410
2059 3 2 0 10 1536 5225 1452 4079
2060 3 2 0 10 1448 1453 5226 4080
2061 3 2 0 10 432 5228 4107 433
2062 3 2 0 10 3713 1572 5235 3707
2063 3 2 0 10 2089 576 5237 1531
2064 3 2 0 10 1177 3891 5237 1760
2065 3 2 0 10 2044 1760 5237 576
2066 3 2 0 10 3050 1531 5237 3891
2067 3 2 0 10 2468 885 5240 2002
2068 3 2 0 10 4180 2014 2250 5244
2069 3 2 0 10 2460 1625 1761 5245
2070 3 2 0 10 4430 2013 5251 1688
2071 3 2 0 10 526 1917 5251 2013
2072 3 2 0 10 2443 2278 5252 978
2073 3 2 0 10 1198 2627 5254 2174
2074 3 2 0 10 1036 2652 5255 2767
2075 3 2 0 10 685 1319 5255 2652
2076 3 2 0 10 1319 696 2767 5255
2077 3 2 0 10 847 4394 604 5265
2078 3 2 0 10 4191 3924 5268 1869
2079 3 2 0 10 1777 5269 2355 1860
2080 3 2 0 10 4970 3445 5270 815
2081 3 2 0 10 3525 5692 5270 3445
2082 3 2 0 10 5200 2171 5271 655
2083 3 2 0 10 2141 1925 5271 2171
2084 3 2 0 10 2152 1130 5278 2324
2085 3 2 0 10 1958 644 5281 4303
2086 3 2 0 10 1434 3718 2132 5284
2087 3 2 0 10 353 2883 5288 352
2088 3 2 0 10 2689 1307 5288 2883
2089 3 2 0 10 1291 724 5290 1300
2090 3 2 0 10 4450 2134 2143 5291
2091 3 2 0 10 4451 5203 2144 2135
2092 3 2 0 10 3630 1433 5299 3682
2093 3 2 0 10 2476 1457 5299 4108
2094 3 2 0 10 1377 4108 5299 1433
2095 3 2 0 10 3519 2566 5303 3036
2096 3 2 0 10 1229 2296 5304 1678
2097 3 2 0 10 707 2408 5305 1773
2098 3 2 0 10 3516 1620 5308 4758
2099 3 2 0 10 2395 5311 2037 1959
2100 3 2 0 10 2175 1013 5311 2395
2101 3 2 0 10 4490 3818 5312 1755
2102 3 2 0 10 2259 2233 5313 1018
2103 3 2 0 10 3047 795 1554 3288
2104 3 2 0 10 1183 1122 5317 2662
2105 3 2 0 10 2621 1234 5317 1900
2106 3 2 0 10 3403 3029 5319 2567
2107 3 2 0 10 26 27 5320 2479
2108 3 2 0 10 1113 2407 5320 2751
2109 3 2 0 10 1060 2479 5320 2407
2110 3 2 0 10 4261 3920 5323 1889
2111 3 2 0 10 1305 2624 5324 2851
2112 3 2 0 10 1310 1953 5325 1905
2113 3 2 0 10 994 2103 5325 1953
2114 3 2 0 10 2760 2551 5326 523
2115 3 2 0 10 2560 523 5326 2723
2116 3 2 0 10 2761 1269 5326 2551
2117 3 2 0 10 2321 2605 5327 620
2118 3 2 0 10 1949 1963 5327 2605
2119 3 2 0 10 3773 3831 5328 1612
2120 3 2 0 10 2320 619 5330 2604
2121 3 2 0 10 1950 2604 5330 1962
2122 3 2 0 10 3024 3297 5340 796
2123 3 2 0 10 4078 1553 5340 3297
2124 3 2 0 10 522 1857 5342 2193
2125 3 2 0 10 1017 2193 5342 1870
2126 3 2 0 10 1190 551 5343 1265
2127 3 2 0 10 1200 1328 5343 551
2128 3 2 0 10 4696 968 5344 2581
2129 3 2 0 10 2038 2581 5344 1886
2130 3 2 0 10 4261 3855 5345 3854
2131 3 2 0 10 2603 1172 2639 5349
2132 3 2 0 10 1081 5350 2785 1086
2133 3 2 0 10 3804 1624 5351 3637
2134 3 2 0 10 5300 1707 5353 4270
2135 3 2 0 10 903 4270 5353 2224
2136 3 2 0 10 738 4846 5111 555
2137 3 2 0 10 2836 5111 4846 743
2138 3 2 0 10 356 5335 1323 355
2139 3 2 0 10 1265 5343 2877 1186
2140 3 2 0 10 5185 4481 4880 837
2141 3 2 0 10 2798 5881 4480 836
2142 3 2 0 10 1504 5098 4128 826
2143 3 2 0 10 459 458 4859 3729
2144 3 2 0 10 1516 4771 3587 2352
2145 3 2 0 10 1067 5128 1640 2250
2146 3 2 0 10 2121 1006 2276 4879
2147 3 2 0 10 5277 919 4991 4370
2148 3 2 0 10 4063 4370 4991 1684
2149 3 2 0 10 973 4861 1694 4680
2150 3 2 0 10 1613 4287 4708 1727
2151 3 2 0 10 2338 5321 4431 1041
2152 3 2 0 10 948 2127 1786 4683
2153 3 2 0 10 2045 1797 4062 4945
2154 3 2 0 10 1434 4062 1797 3718
2155 3 2 0 10 433 4107 4800 434
2156 3 2 0 10 4354 946 5273 5127
2157 3 2 0 10 376 4651 5029 375
2158 3 2 0 10 2415 4808 5162 997
2159 3 2 0 10 2559 2099 5317 1122
2160 3 2 0 10 2200 1900 5317 2099
2161 3 2 0 10 2106 635 5266 4702
2162 3 2 0 10 615 2440 1921 4113
2163 3 2 0 10 617 4112 1922 2439
2164 3 2 0 10 2340 955 4492 4710
2165 3 2 0 10 4580 1156 2779 1951
2166 3 2 0 10 954 4547 1974 4429
2167 3 2 0 10 1083 5187 5070 649
2168 3 2 0 10 566 2016 4220 4257
2169 3 2 0 10 4869 650 5129 4587
2170 3 2 0 10 1911 5012 5129 1881
2171 3 2 0 10 4587 5129 5012 2033
2172 3 2 0 10 1013 4936 2037 5311
2173 3 2 0 10 1805 4237 4611 1670
2174 3 2 0 10 954 2053 4611 4237
2175 3 2 0 10 954 4429 4847 2053
2176 3 2 0 10 569 5181 4344 1763
2177 3 2 0 10 890 4344 5181 2062
2178 3 2 0 10 1750 4574 4408 2080
2179 3 2 0 10 4420 3829 4977 926
2180 3 2 0 10 1899 4977 3829 2085
2181 3 2 0 10 1649 4390 2098 4441
2182 3 2 0 10 4989 4060 4866 932
2183 3 2 0 10 5205 2117 4866 4060
2184 3 2 0 10 1921 2124 2661 4688
2185 3 2 0 10 1922 4689 2660 2125
2186 3 2 0 10 932 4866 2145 3601
2187 3 2 0 10 2488 2655 5134 2151
2188 3 2 0 10 951 4495 2163 4757
2189 3 2 0 10 721 5230 2168 3697
2190 3 2 0 10 1881 5129 2171 5200
2191 3 2 0 10 1977 5219 4897 565
2192 3 2 0 10 1847 4897 5219 2180
2193 3 2 0 10 2582 1018 5313 4742
2194 3 2 0 10 3451 2209 4742 5313
2195 3 2 0 10 2211 4435 2212 4330
2196 3 2 0 10 721 3707 2239 5230
2197 3 2 0 10 622 4933 4092 2134
2198 3 2 0 10 568 4092 4933 4156
2199 3 2 0 10 621 2135 4093 4921
2200 3 2 0 10 3209 3753 4023 875
2201 3 2 0 10 1843 2254 4023 3753
2202 3 2 0 10 2265 1024 4805 5076
2203 3 2 0 10 947 2238 2271 5233
2204 3 2 0 10 2286 5195 4833 688
2205 3 2 0 10 1916 4833 5195 2285
2206 3 2 0 10 762 4676 2297 3608
2207 3 2 0 10 575 4292 2300 2786
2208 3 2 0 10 865 2300 4292 4487
2209 3 2 0 10 576 2787 2301 4323
2210 3 2 0 10 866 4570 4323 2301
2211 3 2 0 10 2206 981 4602 2304
2212 3 2 0 10 1670 4611 2353 4683
2213 3 2 0 10 4603 1890 5034 2065
2214 3 2 0 10 966 2364 2065 5034
2215 3 2 0 10 924 4745 2383 2754
2216 3 2 0 10 890 4186 5155 2388
2217 3 2 0 10 840 1601 4649 2404
2218 3 2 0 10 1711 4594 2418 4113
2219 3 2 0 10 1712 4112 2419 4595
2220 3 2 0 10 3536 4399 4427 2445
2221 3 2 0 10 1841 4696 4961 1704
2222 3 2 0 10 889 4961 4696 2581
2223 3 2 0 10 4671 4668 4502 1892
2224 3 2 0 10 2122 4502 4668 2606
2225 3 2 0 10 2142 1316 5193 5139
2226 3 2 0 10 3848 1239 3611 4677
2227 3 2 0 10 2356 4907 4768 1058
2228 3 2 0 10 782 3671 4084 2686
2229 3 2 0 10 781 2687 4083 3672
2230 3 2 0 10 127 5264 5120 126
2231 3 2 0 10 378 4546 2759 377
2232 3 2 0 10 1637 1565 4586 4761
2233 3 2 0 10 1638 4755 4576 1566
2234 3 2 0 10 2089 5333 2827 868
2235 3 2 0 10 2088 867 2828 5338
2236 3 2 0 10 2492 3750 2863 631
2237 3 2 0 10 1739 1095 2867 608
2238 3 2 0 10 4600 2902 4271 3784
2239 3 2 0 10 1547 4678 4292 1969
2240 3 2 0 10 576 4323 4779 2044
2241 3 2 0 10 3471 1662 5240 4738
2242 3 2 0 10 5104 4738 5240 1908
2243 3 2 0 10 4149 1845 4364 5330
2244 3 2 0 10 4148 5327 4367 1844
2245 3 2 0 10 2084 1838 4928 5049
2246 3 2 0 10 1377 4332 2606 4668
2247 3 2 0 10 1541 5063 2695 3688
2248 3 2 0 10 4295 2521 4949 2058
2249 3 2 0 10 2011 1105 4421 2346
2250 3 2 0 10 1051 4421 1105 2745
2251 3 2 0 10 2025 3754 2382 5241
2252 3 2 0 10 2026 5256 2381 3745
2253 3 2 0 10 4677 2647 5188 3848
2254 3 2 0 10 1283 685 2652 3839
2255 3 2 0 10 2920 3523 5164 1544
2256 3 2 0 10 595 5232 1799 4170
2257 3 2 0 10 93 94 1184 4525
2258 3 2 0 10 2524 2303 4525 1184
2259 3 2 0 10 1186 5324 2624 712
2260 3 2 0 10 528 2617 4873 2091
2261 3 2 0 10 1065 2792 2091 4873
2262 3 2 0 10 358 359 2638 4316
2263 3 2 0 10 25 5222 5260 24
2264 3 2 0 10 27 28 2751 5320
2265 3 2 0 10 431 3607 5228 432
2266 3 2 0 10 2229 4145 91 92
2267 3 2 0 10 2433 2456 5207 1152
2268 3 2 0 10 133 4987 2557 132
2269 3 2 0 10 2427 1006 2557 4987
2270 3 2 0 10 2311 1821 4042 4805
2271 3 2 0 10 5076 4805 4042 2266
2272 3 2 0 10 1262 1185 4929 1158
2273 3 2 0 10 2366 2454 4503 677
2274 3 2 0 10 360 361 1232 5309
2275 3 2 0 10 1508 4654 5078 788
2276 3 2 0 10 2447 1035 5315 2399
2277 3 2 0 10 1289 5315 1035 2746
2278 3 2 0 10 1087 4895 658 1185
2279 3 2 0 10 2493 525 4681 1172
2280 3 2 0 10 2907 1097 4681 1081
2281 3 2 0 10 2471 2806 2528 5154
2282 3 2 0 10 1269 5091 2723 5326
2283 3 2 0 10 738 2869 1296 4846
2284 3 2 0 10 2104 4452 689 2433
2285 3 2 0 10 2356 2634 4106 1014
2286 3 2 0 10 672 2708 1014 4106
2287 3 2 0 10 1115 706 2627 4647
2288 3 2 0 10 735 4778 2790 1162
2289 3 2 0 10 501 2578 1849 5191
2290 3 2 0 10 1012 5107 670 2658
2291 3 2 0 10 1100 2762 670 5107
2292 3 2 0 10 155 2858 5016 154
2293 3 2 0 10 2299 2464 1226 5028
2294 3 2 0 10 2641 2674 5028 1226
2295 3 2 0 10 4012 1360 3333 2991
2296 3 2 0 10 3231 1391 2953 3951
2297 3 2 0 10 1423 3951 2953 2948
2298 3 2 0 10 3234 3952 2952 1392
2299 3 2 0 10 4289 3046 4022 1336
2300 3 2 0 10 1574 2957 4022 3046
2301 3 2 0 10 842 2968 2958 4997
2302 3 2 0 10 3057 1358 3215 3078
2303 3 2 0 10 1464 3248 2965 3383
2304 3 2 0 10 1483 3299 2965 3154
2305 3 2 0 10 3539 3080 3706 502
2306 3 2 0 10 3540 502 3706 3079
2307 3 2 0 10 4752 1404 3087 3106
2308 3 2 0 10 598 2970 2998 5017
2309 3 2 0 10 1382 3238 2978 3180
2310 3 2 0 10 3757 3015 3667 1475
2311 3 2 0 10 793 3045 2982 3201
2312 3 2 0 10 2978 3238 3841 1355
2313 3 2 0 10 4315 1378 3291 2994
2314 3 2 0 10 1416 4315 2994 3159
2315 3 2 0 10 3025 3142 3030 1342
2316 3 2 0 10 794 2996 3030 3142
2317 3 2 0 10 3392 1383 3316 3133
2318 3 2 0 10 3382 3096 3408 902
2319 3 2 0 10 2416 3176 3004 3635
2320 3 2 0 10 2244 3155 3005 5072
2321 3 2 0 10 3327 3576 3121 817
2322 3 2 0 10 855 3006 3121 3576
2323 3 2 0 10 1352 3009 3525 3647
2324 3 2 0 10 1413 3072 3011 3082
2325 3 2 0 10 1416 3112 3011 5176
2326 3 2 0 10 3403 1513 5149 3029
2327 3 2 0 10 1556 3263 3015 3757
2328 3 2 0 10 3519 3036 5140 1521
2329 3 2 0 10 1523 4124 3023 3324
2330 3 2 0 10 1526 3252 3023 3399
2331 3 2 0 10 3164 3169 5133 1468
2332 3 2 0 10 4048 3095 3176 2416
2333 3 2 0 10 4242 3124 3413 1564
2334 3 2 0 10 1428 4187 3027 3330
2335 3 2 0 10 3423 3165 4444 1533
2336 3 2 0 10 1509 4444 3165 3027
2337 3 2 0 10 833 4918 3227 3028
2338 3 2 0 10 852 4438 3035 3185
2339 3 2 0 10 3295 3088 5114 2050
2340 3 2 0 10 4172 1420 5189 3150
2341 3 2 0 10 1411 3889 3353 3042
2342 3 2 0 10 4822 1722 3077 3453
2343 3 2 0 10 1391 3068 3323 3657
2344 3 2 0 10 874 3248 3044 3544
2345 3 2 0 10 1363 3396 3044 3277
2346 3 2 0 10 871 3200 3046 4289
2347 3 2 0 10 1389 3605 3047 3288
2348 3 2 0 10 4488 1472 3460 3131
2349 3 2 0 10 2185 3669 3048 3254
2350 3 2 0 10 1177 3450 3050 3891
2351 3 2 0 10 817 3121 3053 3311
2352 3 2 0 10 858 4046 3057 3078
2353 3 2 0 10 901 1534 3062 3309
2354 3 2 0 10 1403 3417 3062 5815
2355 3 2 0 10 3448 1532 4642 3179
2356 3 2 0 10 603 3179 4642 3063
2357 3 2 0 10 4295 3921 3450 1177
2358 3 2 0 10 1383 3450 3921 3065
2359 3 2 0 10 1383 3065 3116 3316
2360 3 2 0 10 1560 3245 3066 4338
2361 3 2 0 10 1567 4232 3066 3256
2362 3 2 0 10 1576 3521 3067 3147
2363 3 2 0 10 875 3303 3069 3198
2364 3 2 0 10 1333 3069 3338 3439
2365 3 2 0 10 1548 3157 3070 4845
2366 3 2 0 10 1575 4658 3070 3229
2367 3 2 0 10 1427 3325 3076 4973
2368 3 2 0 10 5116 3120 4003 1351
2369 3 2 0 10 1380 4003 3120 3083
2370 3 2 0 10 1467 4497 3084 3489
2371 3 2 0 10 3301 3178 3333 1360
2372 3 2 0 10 1335 3333 3178 3085
2373 3 2 0 10 2992 3334 3181 1361
2374 3 2 0 10 1334 3086 3181 3334
2375 3 2 0 10 1428 3903 3088 3295
2376 3 2 0 10 1447 3313 3093 4884
2377 3 2 0 10 1448 4886 3094 3312
2378 3 2 0 10 1508 4161 3096 3382
2379 3 2 0 10 875 3198 3098 3209
2380 3 2 0 10 3420 3828 3151 1503
2381 3 2 0 10 3638 1555 3267 3694
2382 3 2 0 10 874 3187 3103 3154
2383 3 2 0 10 1498 3546 3103 3400
2384 3 2 0 10 4074 879 3141 4483
2385 3 2 0 10 1528 4483 3141 3104
2386 3 2 0 10 3685 1563 3190 4240
2387 3 2 0 10 2376 3390 4752 3106
2388 3 2 0 10 3560 873 3255 3110
2389 3 2 0 10 3042 3457 3399 1411
2390 3 2 0 10 1608 3110 3399 3457
2391 3 2 0 10 3067 1392 3656 3147
2392 3 2 0 10 1576 3147 3656 3113
2393 3 2 0 10 1749 1489 3115 3347
2394 3 2 0 10 5017 3586 4600 598
2395 3 2 0 10 2902 4600 3586 3116
2396 3 2 0 10 1524 3118 3719 4208
2397 3 2 0 10 1357 3898 3119 3191
2398 3 2 0 10 3035 1375 4025 3185
2399 3 2 0 10 852 3185 4025 3122
2400 3 2 0 10 5072 1227 4058 3281
2401 3 2 0 10 1651 3281 4058 3126
2402 3 2 0 10 1523 3470 3127 4750
2403 3 2 0 10 757 3249 4202 3129
2404 3 2 0 10 1430 4488 3131 3269
2405 3 2 0 10 2514 3716 3132 3391
2406 3 2 0 10 2513 3392 3133 3714
2407 3 2 0 10 1828 3649 3135 4376
2408 3 2 0 10 1492 3177 3137 3775
2409 3 2 0 10 1513 3138 3262 5149
2410 3 2 0 10 1804 3168 3139 5293
2411 3 2 0 10 1495 4837 3140 3378
2412 3 2 0 10 1526 3255 3140 3434
2413 3 2 0 10 879 3337 3538 3141
2414 3 2 0 10 2933 842 4997 3372
2415 3 2 0 10 4558 1501 5224 3250
2416 3 2 0 10 1525 3146 3250 5224
2417 3 2 0 10 1525 4318 3732 3146
2418 3 2 0 10 773 3456 3225 3148
2419 3 2 0 10 3860 3660 3336 1659
2420 3 2 0 10 1503 3151 3336 3660
2421 3 2 0 10 823 4998 3385 3152
2422 3 2 0 10 1509 3175 3152 4444
2423 3 2 0 10 2645 3184 3153 5114
2424 3 2 0 10 2185 4528 3153 3669
2425 3 2 0 10 1548 3760 3444 3157
2426 3 2 0 10 1451 3319 4464 3158
2427 3 2 0 10 1602 4573 3160 4827
2428 3 2 0 10 1696 3474 3160 4121
2429 3 2 0 10 1450 3162 3413 3211
2430 3 2 0 10 845 3371 3166 4376
2431 3 2 0 10 1427 3977 3168 3325
2432 3 2 0 10 1443 3552 3170 3358
2433 3 2 0 10 1397 3441 3171 3531
2434 3 2 0 10 1396 3530 3172 3442
2435 3 2 0 10 1693 3597 3177 3590
2436 3 2 0 10 4576 3949 3301 1566
2437 3 2 0 10 864 3178 3301 3949
2438 3 2 0 10 3340 3302 3950 1565
2439 3 2 0 10 1361 3181 3950 3302
2440 3 2 0 10 1558 3629 3182 4065
2441 3 2 0 10 1435 3196 3182 4516
2442 3 2 0 10 4544 3214 3424 2086
2443 3 2 0 10 1732 3424 3214 3189
2444 3 2 0 10 1563 3498 3436 3190
2445 3 2 0 10 3782 1588 4247 3212
2446 3 2 0 10 1538 3194 3212 4247
2447 3 2 0 10 583 3449 3195 5319
2448 3 2 0 10 4555 2087 3429 3217
2449 3 2 0 10 1731 3197 3217 3429
2450 3 2 0 10 2934 3840 4392 1410
2451 3 2 0 10 1444 4392 3840 3202
2452 3 2 0 10 2297 4819 3203 3608
2453 3 2 0 10 1581 3395 3205 3813
2454 3 2 0 10 1598 4234 3205 3357
2455 3 2 0 10 1570 3246 3210 4377
2456 3 2 0 10 5182 1580 4154 3367
2457 3 2 0 10 872 3766 3782 3212
2458 3 2 0 10 3989 2291 4763 3452
2459 3 2 0 10 1500 3452 4763 3213
2460 3 2 0 10 1992 3214 4544 3438
2461 3 2 0 10 1369 3279 3216 3514
2462 3 2 0 10 4207 4812 3307 2342
2463 3 2 0 10 1752 3307 4812 3216
2464 3 2 0 10 1991 3437 4555 3217
2465 3 2 0 10 1370 3515 3218 3275
2466 3 2 0 10 4160 2341 3306 4820
2467 3 2 0 10 1751 3218 4820 3306
2468 3 2 0 10 775 3219 3345 4460
2469 3 2 0 10 774 4459 3346 3220
2470 3 2 0 10 1572 4334 3447 3221
2471 3 2 0 10 1840 4655 3221 3691
2472 3 2 0 10 1535 3222 4463 3810
2473 3 2 0 10 832 4368 3226 3874
2474 3 2 0 10 1381 4511 3226 3300
2475 3 2 0 10 3498 1647 3650 3436
2476 3 2 0 10 1575 3229 3436 3650
2477 3 2 0 10 1378 3578 3233 3904
2478 3 2 0 10 1684 3364 3236 4063
2479 3 2 0 10 1693 4308 3236 3597
2480 3 2 0 10 1521 5140 3406 3237
2481 3 2 0 10 2752 3335 3365 3237
2482 3 2 0 10 1447 3239 3662 3495
2483 3 2 0 10 1448 3494 3663 3240
2484 3 2 0 10 1529 3565 3241 3500
2485 3 2 0 10 791 3791 4855 3243
2486 3 2 0 10 1635 3843 3243 4538
2487 3 2 0 10 1490 4836 3795 3244
2488 3 2 0 10 1634 4539 3244 3844
2489 3 2 0 10 3751 1747 3759 3431
2490 3 2 0 10 640 3245 3431 3759
2491 3 2 0 10 1659 3336 3246 3768
2492 3 2 0 10 1904 5110 3319 4628
2493 3 2 0 10 4828 1449 3426 3370
2494 3 2 0 10 1546 3249 3370 3426
2495 3 2 0 10 3975 1749 3347 3322
2496 3 2 0 10 848 3252 3322 3347
2497 3 2 0 10 1608 4216 3560 3110
2498 3 2 0 10 3808 1494 3788 3315
2499 3 2 0 10 1557 3258 3315 3788
2500 3 2 0 10 1655 3678 3258 3945
2501 3 2 0 10 1428 3295 3259 4187
2502 3 2 0 10 1483 3546 3260 3478
2503 3 2 0 10 1581 3812 3260 3535
2504 3 2 0 10 4073 4729 3479 878
2505 3 2 0 10 1529 3261 3479 4729
2506 3 2 0 10 1556 3518 3639 3263
2507 3 2 0 10 1610 3575 3264 3458
2508 3 2 0 10 3664 1966 3720 3604
2509 3 2 0 10 1586 3264 3604 3720
2510 3 2 0 10 3361 1471 4621 3293
2511 3 2 0 10 1484 3266 3293 4621
2512 3 2 0 10 1555 4196 4077 3267
2513 3 2 0 10 1359 3931 3269 3591
2514 3 2 0 10 1674 3826 3271 3661
2515 3 2 0 10 894 3271 4927 3623
2516 3 2 0 10 1431 4110 3476 3273
2517 3 2 0 10 1542 3537 3467 3274
2518 3 2 0 10 1365 3932 3275 4634
2519 3 2 0 10 611 5232 3377 3276
2520 3 2 0 10 1366 4631 3279 3957
2521 3 2 0 10 2244 5072 3281 3774
2522 3 2 0 10 2008 4006 3282 3742
2523 3 2 0 10 3273 3646 3887 1431
2524 3 2 0 10 3249 1546 3379 4202
2525 3 2 0 10 1422 4202 3379 3283
2526 3 2 0 10 3677 3420 3542 1654
2527 3 2 0 10 1503 3287 3542 3420
2528 3 2 0 10 1692 3477 3287 3807
2529 3 2 0 10 869 4294 3361 3293
2530 3 2 0 10 3679 3369 4158 1603
2531 3 2 0 10 1549 4158 3369 3296
2532 3 2 0 10 891 3499 4201 3296
2533 3 2 0 10 1462 3298 4291 3588
2534 3 2 0 10 1463 3299 3727 3838
2535 3 2 0 10 3389 880 3339 3462
2536 3 2 0 10 1566 3301 3462 3339
2537 3 2 0 10 881 3461 3302 3340
2538 3 2 0 10 1559 4967 3303 3356
2539 3 2 0 10 2028 3304 3775 1571
2540 3 2 0 10 4032 5088 4590 1846
2541 3 2 0 10 5184 2010 3581 4251
2542 3 2 0 10 1781 4251 3581 3309
2543 3 2 0 10 1424 3310 4301 3662
2544 3 2 0 10 883 4243 3808 3315
2545 3 2 0 10 4981 3488 3394 1401
2546 3 2 0 10 1469 3975 3322 3434
2547 3 2 0 10 4029 1422 3470 3480
2548 3 2 0 10 1523 3324 3480 3470
2549 3 2 0 10 3168 1804 4676 3325
2550 3 2 0 10 3760 1673 3563 3444
2551 3 2 0 10 1632 3326 3444 3563
2552 3 2 0 10 855 3576 3327 4482
2553 3 2 0 10 602 5347 3422 3330
2554 3 2 0 10 1546 3513 3332 3379
2555 3 2 0 10 3424 1732 3939 3415
2556 3 2 0 10 1594 3337 3415 3939
2557 3 2 0 10 3592 1631 3701 3490
2558 3 2 0 10 1587 3341 3490 3701
2559 3 2 0 10 3541 3825 4756 2282
2560 3 2 0 10 1871 3342 4756 3825
2561 3 2 0 10 3465 3418 3459 898
2562 3 2 0 10 1374 3459 3418 3344
2563 3 2 0 10 1420 3348 3978 5189
2564 3 2 0 10 675 3395 3350 3506
2565 3 2 0 10 1498 3668 3350 3535
2566 3 2 0 10 1519 4577 3401 3351
2567 3 2 0 10 1626 3497 3352 5329
2568 3 2 0 10 1598 3357 3696 4583
2569 3 2 0 10 4690 3419 4448 1230
2570 3 2 0 10 2158 4448 3419 3358
2571 3 2 0 10 3261 5426 3914 3479
2572 3 2 0 10 878 3479 3914 3359
2573 3 2 0 10 3429 3412 4091 1731
2574 3 2 0 10 878 3359 4091 3412
2575 3 2 0 10 1471 3361 1486 3834
2576 3 2 0 10 1723 3583 3362 4296
2577 3 2 0 10 1945 3534 4976 1706
2578 3 2 0 10 1684 4976 3534 3364
2579 3 2 0 10 1443 4860 4345 3368
2580 3 2 0 10 5209 3380 4542 601
2581 3 2 0 10 1654 3542 3369 3679
2582 3 2 0 10 873 3425 3373 3378
2583 3 2 0 10 3534 1945 4361 4415
2584 3 2 0 10 1597 3375 4415 4361
2585 3 2 0 10 1693 3590 3376 4697
2586 3 2 0 10 1723 4381 3376 3583
2587 3 2 0 10 2272 3568 3380 5209
2588 3 2 0 10 1725 3879 3381 3711
2589 3 2 0 10 637 3381 3925 3926
2590 3 2 0 10 1508 3382 4010 4654
2591 3 2 0 10 1653 4181 3384 3941
2592 3 2 0 10 1770 4501 3384 4416
2593 3 2 0 10 3730 3816 3759 1747
2594 3 2 0 10 640 3759 3816 3386
2595 3 2 0 10 3302 3461 4013 1361
2596 3 2 0 10 881 3388 4013 3461
2597 3 2 0 10 3301 1360 4012 3462
2598 3 2 0 10 1589 3389 3462 4012
2599 3 2 0 10 4560 3849 3594 1499
2600 3 2 0 10 2514 3391 3594 3849
2601 3 2 0 10 1383 3392 3847 3596
2602 3 2 0 10 4124 1523 4750 3481
2603 3 2 0 10 923 3393 3481 4750
2604 3 2 0 10 4315 3483 3578 1378
2605 3 2 0 10 912 4263 3397 3616
2606 3 2 0 10 896 3770 3398 4782
2607 3 2 0 10 1485 3864 3398 4338
2608 3 2 0 10 995 3801 3400 3810
2609 3 2 0 10 2567 3496 4496 3403
2610 3 2 0 10 4008 3624 4477 1798
2611 3 2 0 10 4195 630 5113 3723
2612 3 2 0 10 589 3405 3723 5113
2613 3 2 0 10 902 3408 3968 3690
2614 3 2 0 10 1671 4051 5303 3409
2615 3 2 0 10 1796 4293 3410 4185
2616 3 2 0 10 1831 3864 3410 4704
2617 3 2 0 10 5156 813 3630 3682
2618 3 2 0 10 3278 4179 5299 1457
2619 3 2 0 10 1609 3482 3411 3972
2620 3 2 0 10 1611 3681 3411 3469
2621 3 2 0 10 2087 3866 3412 3429
2622 3 2 0 10 128 129 4591 5080
2623 3 2 0 10 2304 5080 4591 3414
2624 3 2 0 10 2086 3424 3415 3877
2625 3 2 0 10 1848 4147 3418 3465
2626 3 2 0 10 1511 3828 3420 3677
2627 3 2 0 10 2416 4438 3421 4048
2628 3 2 0 10 1758 3548 3425 3466
2629 3 2 0 10 3810 4463 3749 995
2630 3 2 0 10 1893 3954 3428 4227
2631 3 2 0 10 2342 3430 3687 4207
2632 3 2 0 10 1599 3751 3431 4607
2633 3 2 0 10 1465 3432 3752 4391
2634 3 2 0 10 2341 4160 3692 3433
2635 3 2 0 10 901 3967 5279 1534
2636 3 2 0 10 1714 3528 3435 4461
2637 3 2 0 10 3699 4069 3709 1715
2638 3 2 0 10 679 3709 4069 3435
2639 3 2 0 10 3715 3683 3575 1610
2640 3 2 0 10 2712 5073 3441 3508
2641 3 2 0 10 781 3509 5074 2713
2642 3 2 0 10 807 5074 3509 3442
2643 3 2 0 10 1476 3794 3446 5119
2644 3 2 0 10 892 3447 4484 4579
2645 3 2 0 10 822 3527 4131 5285
2646 3 2 0 10 1046 4350 5313 2233
2647 3 2 0 10 2414 3451 5313 4350
2648 3 2 0 10 2966 4239 4672 1362
2649 3 2 0 10 1524 3989 3452 3118
2650 3 2 0 10 2010 4822 3453 3581
2651 3 2 0 10 1660 4764 3454 3640
2652 3 2 0 10 1834 4581 3454 5013
2653 3 2 0 10 797 3455 4009 4556
2654 3 2 0 10 1550 1467 3489 4417
2655 3 2 0 10 1642 3769 3458 3867
2656 3 2 0 10 1505 3463 3797 5131
2657 3 2 0 10 1504 5130 3798 3464
2658 3 2 0 10 898 3929 3631 3465
2659 3 2 0 10 1758 3466 3560 5161
2660 3 2 0 10 4200 1591 4039 3507
2661 3 2 0 10 1611 3469 3507 4039
2662 3 2 0 10 1585 3555 3471 4738
2663 3 2 0 10 1662 3471 3666 4173
2664 3 2 0 10 4015 1656 3653 3938
2665 3 2 0 10 1692 3938 3653 3477
2666 3 2 0 10 3532 4253 4289 1336
2667 3 2 0 10 4620 3772 3960 1683
2668 3 2 0 10 1685 3960 3772 4253
2669 3 2 0 10 3838 3727 4381 1723
2670 3 2 0 10 849 4381 3727 3478
2671 3 2 0 10 1411 4124 3481 3889
2672 3 2 0 10 1715 3709 3482 3618
2673 3 2 0 10 1416 5176 3483 4315
2674 3 2 0 10 1660 4409 3484 3824
2675 3 2 0 10 1879 4988 3484 5052
2676 3 2 0 10 4447 3584 4432 1629
2677 3 2 0 10 991 3487 4432 3584
2678 3 2 0 10 991 4589 4221 3487
2679 3 2 0 10 1379 3488 4981 4887
2680 3 2 0 10 630 3592 3490 5113
2681 3 2 0 10 1562 4081 3491 3506
2682 3 2 0 10 1896 4193 3491 4017
2683 3 2 0 10 911 3958 3493 4352
2684 3 2 0 10 1475 4031 3493 3757
2685 3 2 0 10 1626 4306 4028 3497
2686 3 2 0 10 3781 3785 4550 1636
2687 3 2 0 10 1563 4550 3785 3498
2688 3 2 0 10 1656 3937 3499 3653
2689 3 2 0 10 3310 1973 4359 4301
2690 3 2 0 10 3308 4305 4360 1972
2691 3 2 0 10 3467 3537 4396 1528
2692 3 2 0 10 1813 4396 3537 3504
2693 3 2 0 10 1714 4200 3507 3528
2694 3 2 0 10 1355 3841 5270 3511
2695 3 2 0 10 883 3516 4758 4243
2696 3 2 0 10 1475 3667 3517 3566
2697 3 2 0 10 3170 3786 3852 851
2698 3 2 0 10 1749 3852 3786 1489
2699 3 2 0 10 3906 1677 4103 4691
2700 3 2 0 10 1556 4691 4103 3518
2701 3 2 0 10 1521 4498 3585 3519
2702 3 2 0 10 1529 4605 3522 3565
2703 3 2 0 10 3524 1543 4727 5165
2704 3 2 0 10 822 5285 4254 3526
2705 3 2 0 10 1803 4286 3529 3854
2706 3 2 0 10 1685 4253 3532 5246
2707 3 2 0 10 883 3678 3533 4227
2708 3 2 0 10 1599 3799 3533 4322
2709 3 2 0 10 1871 3825 3541 4966
2710 3 2 0 10 874 3544 4248 3741
2711 3 2 0 10 1510 3547 4854 4020
2712 3 2 0 10 1510 4142 4426 3547
2713 3 2 0 10 1512 3549 4169 4650
2714 3 2 0 10 636 3549 4082 5267
2715 3 2 0 10 1494 4478 4554 3551
2716 3 2 0 10 1776 3636 3551 4337
2717 3 2 0 10 4714 1612 5328 3743
2718 3 2 0 10 1633 3554 3743 5328
2719 3 2 0 10 1723 4296 3556 3838
2720 3 2 0 10 995 3749 3559 3801
2721 3 2 0 10 4358 1641 4081 3927
2722 3 2 0 10 1562 3559 3927 4081
2723 3 2 0 10 1241 3561 4449 3803
2724 3 2 0 10 884 4143 3562 4704
2725 3 2 0 10 3846 1613 4005 5068
2726 3 2 0 10 1735 5068 4005 3562
2727 3 2 0 10 3823 3976 4474 1814
2728 3 2 0 10 651 3564 4474 3976
2729 3 2 0 10 1835 4436 3580 3566
2730 3 2 0 10 3244 4539 4783 1490
2731 3 2 0 10 1634 3569 4783 4539
2732 3 2 0 10 1491 4784 3570 4538
2733 3 2 0 10 3438 4544 3936 882
2734 3 2 0 10 2086 3572 3936 4544
2735 3 2 0 10 1813 3853 3572 3739
2736 3 2 0 10 1831 4005 3573 4782
2737 3 2 0 10 2087 4555 3934 3574
2738 3 2 0 10 4915 1812 3756 3883
2739 3 2 0 10 2087 3574 3883 3756
2740 3 2 0 10 567 4903 3577 3719
2741 3 2 0 10 1698 3998 3584 4447
2742 3 2 0 10 607 3609 3586 5017
2743 3 2 0 10 599 3589 3610 5045
2744 3 2 0 10 3631 3929 3765 3595
2745 3 2 0 10 4910 5316 3690 1976
2746 3 2 0 10 1736 3595 3690 5316
2747 3 2 0 10 4092 568 3732 4996
2748 3 2 0 10 1560 3770 3599 4607
2749 3 2 0 10 1893 3799 3599 4769
2750 3 2 0 10 1655 3884 3600 4322
2751 3 2 0 10 1747 3751 3600 4656
2752 3 2 0 10 1630 932 3601 4007
2753 3 2 0 10 957 3884 3602 4632
2754 3 2 0 10 3258 1557 3983 3945
2755 3 2 0 10 4599 3664 4028 4306
2756 3 2 0 10 663 4028 3664 3604
2757 3 2 0 10 3886 1642 3867 3674
2758 3 2 0 10 1586 3606 3674 3867
2759 3 2 0 10 680 3612 4751 3659
2760 3 2 0 10 4388 1697 4036 3612
2761 3 2 0 10 3636 1776 4116 4211
2762 3 2 0 10 646 3613 4211 4116
2763 3 2 0 10 1784 4288 3614 4144
2764 3 2 0 10 3960 3988 3944 1683
2765 3 2 0 10 900 3944 3988 3615
2766 3 2 0 10 5024 1628 3800 3776
2767 3 2 0 10 912 3616 3776 3800
2768 3 2 0 10 1621 3992 3618 4178
2769 3 2 0 10 1724 3878 3621 4155
2770 3 2 0 10 1654 4235 3621 3677
2771 3 2 0 10 1674 3661 3624 4008
2772 3 2 0 10 2030 3265 3625 4848
2773 3 2 0 10 1853 3628 5258 2213
2774 3 2 0 10 1558 4779 3634 3629
2775 3 2 0 10 1433 3630 3708 5094
2776 3 2 0 10 1736 4454 3631 3595
2777 3 2 0 10 1557 3788 3636 4211
2778 3 2 0 10 800 3804 3637 4760
2779 3 2 0 10 1643 4917 3637 5351
2780 3 2 0 10 1555 3638 4717 4152
2781 3 2 0 10 1511 3878 3638 3694
2782 3 2 0 10 4094 3675 4518 2000
2783 3 2 0 10 1005 4518 3675 3640
2784 3 2 0 10 4150 3744 4877 1675
2785 3 2 0 10 888 3641 3808 5046
2786 3 2 0 10 4554 4478 4793 1741
2787 3 2 0 10 888 4793 4478 3641
2788 3 2 0 10 3362 3304 4394 4296
2789 3 2 0 10 1429 3712 3644 4040
2790 3 2 0 10 1547 3708 3645 4678
2791 3 2 0 10 3562 4143 4637 1735
2792 3 2 0 10 884 4838 4171 4143
2793 3 2 0 10 3830 1709 4238 4517
2794 3 2 0 10 1519 4517 4238 3648
2795 3 2 0 10 1769 3814 3648 4302
2796 3 2 0 10 4061 4948 4679 3726
2797 3 2 0 10 1575 3650 3726 4679
2798 3 2 0 10 128 5080 5264 127
2799 3 2 0 10 2710 5264 5080 3651
2800 3 2 0 10 1692 3807 3660 3860
2801 3 2 0 10 1966 3664 4599 4492
2802 3 2 0 10 1431 3887 3665 4973
2803 3 2 0 10 888 3953 4974 3882
2804 3 2 0 10 5342 3882 5023 1870
2805 3 2 0 10 1783 3886 3674 4044
2806 3 2 0 10 1605 4409 3675 4094
2807 3 2 0 10 3130 1460 5298 3725
2808 3 2 0 10 1603 4445 3928 3679
2809 3 2 0 10 896 4027 3680 4769
2810 3 2 0 10 3710 3923 4115 1639
2811 3 2 0 10 1611 4115 3923 3681
2812 3 2 0 10 1718 4397 3683 3715
2813 3 2 0 10 3925 1861 3819 3926
2814 3 2 0 10 1668 3684 3926 3819
2815 3 2 0 10 3822 3738 4543 913
2816 3 2 0 10 1842 4543 3738 3685
2817 3 2 0 10 3105 1551 3981 4240
2818 3 2 0 10 1842 3685 4240 3981
2819 3 2 0 10 4249 4372 5310 1320
2820 3 2 0 10 1822 4596 3689 4072
2821 3 2 0 10 1842 3981 3689 4629
2822 3 2 0 10 3549 1512 4573 4082
2823 3 2 0 10 843 3747 3698 4868
2824 3 2 0 10 1715 4582 4141 3699
2825 3 2 0 10 1592 4069 3699 4637
2826 3 2 0 10 4646 1784 4144 3796
2827 3 2 0 10 1587 3701 3796 4144
2828 3 2 0 10 844 4874 3703 3748
2829 3 2 0 10 1904 5348 4288 3704
2830 3 2 0 10 2110 4197 3704 4896
2831 3 2 0 10 3959 3713 4286 1803
2832 3 2 0 10 721 4286 3713 3707
2833 3 2 0 10 3681 3923 3836 1600
2834 3 2 0 10 914 3836 3923 3710
2835 3 2 0 10 3715 3896 4347 1718
2836 3 2 0 10 1639 4347 3896 3710
2837 3 2 0 10 1725 3711 3724 3873
2838 3 2 0 10 1572 3713 3959 4334
2839 3 2 0 10 4297 2572 5038 5018
2840 3 2 0 10 2513 3714 5018 5038
2841 3 2 0 10 3710 3896 4162 914
2842 3 2 0 10 1610 4162 3896 3715
2843 3 2 0 10 4298 5019 5039 2571
2844 3 2 0 10 819 3716 5039 5019
2845 3 2 0 10 980 4762 3720 4440
2846 3 2 0 10 1987 4026 3721 4842
2847 3 2 0 10 2453 3746 3722 4188
2848 3 2 0 10 1502 4726 4195 3723
2849 3 2 0 10 3070 1510 4020 4845
2850 3 2 0 10 4909 5276 3994 1604
2851 3 2 0 10 936 4061 3726 4537
2852 3 2 0 10 4437 3859 4950 1702
2853 3 2 0 10 1665 4950 3859 3728
2854 3 2 0 10 1729 4070 3728 3905
2855 3 2 0 10 3868 4038 4656 957
2856 3 2 0 10 1747 4656 4038 3730
2857 3 2 0 10 904 4353 3731 3824
2858 3 2 0 10 1570 3733 3955 4400
2859 3 2 0 10 913 3733 3811 4801
2860 3 2 0 10 1022 2274 5162 4957
2861 3 2 0 10 1540 4939 2269 3737
2862 3 2 0 10 1636 4550 3738 3822
2863 3 2 0 10 879 4074 3739 3877
2864 3 2 0 10 1780 4767 3740 3790
2865 3 2 0 10 4279 4714 4977 1899
2866 3 2 0 10 926 4977 4714 3743
2867 3 2 0 10 1729 3905 3744 4150
2868 3 2 0 10 3412 3866 4073 878
2869 3 2 0 10 2087 3756 4073 3866
2870 3 2 0 10 925 4748 3758 4099
2871 3 2 0 10 1584 4181 3758 4056
2872 3 2 0 10 5197 5079 5047 2133
2873 3 2 0 10 4455 3842 4919 1810
2874 3 2 0 10 1548 4919 3842 3760
2875 3 2 0 10 3793 3964 3836 914
2876 3 2 0 10 1719 3762 3836 3964
2877 3 2 0 10 1609 3972 3762 3857
2878 3 2 0 10 3569 1712 4595 4783
2879 3 2 0 10 3570 4784 4594 1711
2880 3 2 0 10 3940 3943 3996 1767
2881 3 2 0 10 872 3996 3943 3766
2882 3 2 0 10 1720 4168 3767 5168
2883 3 2 0 10 1738 4290 3767 4352
2884 3 2 0 10 914 4162 3769 3793
2885 3 2 0 10 1621 4178 3771 3817
2886 3 2 0 10 3762 1719 4167 3857
2887 3 2 0 10 921 3771 3857 4167
2888 3 2 0 10 871 3772 4620 4622
2889 3 2 0 10 1612 4948 4061 3773
2890 3 2 0 10 1825 4648 3774 4425
2891 3 2 0 10 1653 4908 3777 4099
2892 3 2 0 10 1646 4225 4891 3777
2893 3 2 0 10 1485 4232 3780 4185
2894 3 2 0 10 3105 4166 4072 1551
2895 3 2 0 10 1636 4787 3970 3781
2896 3 2 0 10 3498 3785 4537 1647
2897 3 2 0 10 936 4537 3785 3781
2898 3 2 0 10 918 4374 3783 4441
2899 3 2 0 10 598 4600 3784 4934
2900 3 2 0 10 1656 4015 3790 3962
2901 3 2 0 10 1719 3964 3793 3935
2902 3 2 0 10 2296 1229 4526 5036
2903 3 2 0 10 2028 1571 5036 4526
2904 3 2 0 10 1628 4371 4302 3800
2905 3 2 0 10 965 4140 3809 4567
2906 3 2 0 10 1549 3879 3809 4158
2907 3 2 0 10 849 3812 3893 4697
2908 3 2 0 10 4697 3893 4308 1693
2909 3 2 0 10 1493 4308 3893 3813
2910 3 2 0 10 1229 1678 4726 4118
2911 3 2 0 10 1765 4129 3817 4215
2912 3 2 0 10 1902 5312 3818 4132
2913 3 2 0 10 1668 3819 4700 4867
2914 3 2 0 10 4036 1697 3888 4125
2915 3 2 0 10 951 3820 4125 3888
2916 3 2 0 10 3811 1954 3856 4801
2917 3 2 0 10 913 4801 3856 3822
2918 3 2 0 10 651 3976 3823 3962
2919 3 2 0 10 3940 1767 4401 4420
2920 3 2 0 10 1739 3829 4420 4401
2921 3 2 0 10 1709 3830 4716 5106
2922 3 2 0 10 3351 3684 4517 1519
2923 3 2 0 10 1668 3830 4517 3684
2924 3 2 0 10 1633 5328 3831 4139
2925 3 2 0 10 4221 4589 5292 1830
2926 3 2 0 10 1646 5292 4589 3832
2927 3 2 0 10 1753 1591 3837 4136
2928 3 2 0 10 4277 1681 4290 4572
2929 3 2 0 10 939 5026 3842 4455
2930 3 2 0 10 5327 1963 5201 4367
2931 3 2 0 10 1635 4367 5201 3843
2932 3 2 0 10 5330 4364 5196 1962
2933 3 2 0 10 790 5196 4364 3844
2934 3 2 0 10 1735 4141 3846 5068
2935 3 2 0 10 844 4565 3847 4874
2936 3 2 0 10 843 4868 3849 4560
2937 3 2 0 10 1803 3854 5345 4157
2938 3 2 0 10 887 1726 5345 3855
2939 3 2 0 10 1889 4754 3855 4261
2940 3 2 0 10 3158 4037 4062 1434
2941 3 2 0 10 921 4167 3858 4365
2942 3 2 0 10 1642 3886 3858 3935
2943 3 2 0 10 510 3859 4437 5322
2944 3 2 0 10 1687 4491 3862 4176
2945 3 2 0 10 1869 4748 3862 4191
2946 3 2 0 10 1525 5224 3863 4685
2947 3 2 0 10 4401 1767 3996 4336
2948 3 2 0 10 872 3865 4336 3996
2949 3 2 0 10 3730 4038 5227 1694
2950 3 2 0 10 1672 5227 4038 3868
2951 3 2 0 10 957 4632 4404 3868
2952 3 2 0 10 4386 4321 4616 1778
2953 3 2 0 10 5251 4098 4442 1688
2954 3 2 0 10 1697 4442 4098 3888
2955 3 2 0 10 907 4241 3890 4155
2956 3 2 0 10 1629 4266 3890 4447
2957 3 2 0 10 508 3894 4788 5060
2958 3 2 0 10 508 5060 4790 3895
2959 3 2 0 10 928 4340 4969 3899
2960 3 2 0 10 4275 1915 4706 4500
2961 3 2 0 10 928 3899 4500 4706
2962 3 2 0 10 3721 943 4059 4842
2963 3 2 0 10 1975 3902 4842 4059
2964 3 2 0 10 1556 3958 3906 4691
2965 3 2 0 10 3995 4164 4551 910
2966 3 2 0 10 1753 4551 4164 3907
2967 3 2 0 10 1753 3907 4039 1591
2968 3 2 0 10 3618 3992 4582 1715
2969 3 2 0 10 1835 3942 3909 4436
2970 3 2 0 10 2015 4986 3910 4641
2971 3 2 0 10 636 3910 4139 5021
2972 3 2 0 10 1643 5351 3917 4507
2973 3 2 0 10 925 4891 3918 4176
2974 3 2 0 10 3529 4746 4261 3854
2975 3 2 0 10 2643 4271 4295 2058
2976 3 2 0 10 2902 3921 4295 4271
2977 3 2 0 10 4270 903 5268 3924
2978 3 2 0 10 3820 4312 4191 1669
2979 3 2 0 10 1819 3924 4191 4312
2980 3 2 0 10 1699 4233 4358 3927
2981 3 2 0 10 907 4235 3928 4378
2982 3 2 0 10 1765 4215 3933 3966
2983 3 2 0 10 1783 4205 3933 4365
2984 3 2 0 10 926 4206 3940 4420
2985 3 2 0 10 5075 4385 4669 4410
2986 3 2 0 10 1713 3942 4410 4669
2987 3 2 0 10 5095 2031 4718 4393
2988 3 2 0 10 900 4393 4718 3944
2989 3 2 0 10 1810 4919 3948 4458
2990 3 2 0 10 864 3949 4576 4723
2991 3 2 0 10 1565 3950 4732 4586
2992 3 2 0 10 1630 5152 4989 932
2993 3 2 0 10 888 5046 4912 3953
2994 3 2 0 10 1842 4096 3955 4543
2995 3 2 0 10 3910 636 5267 4641
2996 3 2 0 10 3549 636 5021 4169
2997 3 2 0 10 1527 3988 3960 4341
2998 3 2 0 10 1640 3965 4926 4902
2999 3 2 0 10 4505 4209 4070 1729
3000 3 2 0 10 1765 3966 4070 4209
3001 3 2 0 10 4960 2056 4644 4018
3002 3 2 0 10 4205 1783 4044 4050
3003 3 2 0 10 920 3971 4050 4044
3004 3 2 0 10 976 5117 3974 4011
3005 3 2 0 10 1695 4974 3974 4584
3006 3 2 0 10 1639 4219 3979 4347
3007 3 2 0 10 884 4293 3980 4838
3008 3 2 0 10 1824 4725 3982 4643
3009 3 2 0 10 3855 4754 4699 887
3010 3 2 0 10 1798 4699 4754 3984
3011 3 2 0 10 4151 1674 4008 3986
3012 3 2 0 10 1798 3984 3986 4008
3013 3 2 0 10 1889 5323 4151 3986
3014 3 2 0 10 4026 5238 4317 4331
3015 3 2 0 10 644 4317 5238 3987
3016 3 2 0 10 644 3987 4856 5002
3017 3 2 0 10 1604 3994 4765 4189
3018 3 2 0 10 1864 4219 3995 4913
3019 3 2 0 10 1611 4164 3995 4115
3020 3 2 0 10 3689 928 4706 4629
3021 3 2 0 10 1915 3999 4629 4706
3022 3 2 0 10 3704 4197 5110 1904
3023 3 2 0 10 4702 5266 4943 1903
3024 3 2 0 10 2126 2340 5093 4339
3025 3 2 0 10 512 4006 4339 5093
3026 3 2 0 10 1630 4007 4151 4307
3027 3 2 0 10 3361 4294 4541 1793
3028 3 2 0 10 1805 4049 4222 4014
3029 3 2 0 10 1227 4960 4018 4058
3030 3 2 0 10 3689 4596 4340 928
3031 3 2 0 10 3987 5238 4182 1676
3032 3 2 0 10 1987 4182 5238 4026
3033 3 2 0 10 3820 1669 4491 4125
3034 3 2 0 10 1687 4036 4125 4491
3035 3 2 0 10 3518 4103 5331 1746
3036 3 2 0 10 1677 4041 5331 4103
3037 3 2 0 10 1877 4705 4047 4324
3038 3 2 0 10 1665 4205 4050 4950
3039 3 2 0 10 4407 4357 4792 1689
3040 3 2 0 10 1700 4792 4357 4052
3041 3 2 0 10 4479 1756 4826 4418
3042 3 2 0 10 917 4418 4826 4052
3043 3 2 0 10 3648 4238 4263 912
3044 3 2 0 10 1709 4055 4263 4238
3045 3 2 0 10 1709 5106 1658 4055
3046 3 2 0 10 4184 4311 5086 4304
3047 3 2 0 10 5152 1770 4416 4989
3048 3 2 0 10 1584 4060 4989 4416
3049 3 2 0 10 5277 4370 4234 1598
3050 3 2 0 10 1493 4234 4370 4063
3051 3 2 0 10 590 4804 4384 4064
3052 3 2 0 10 4437 2222 4694 5322
3053 3 2 0 10 510 5322 4694 4068
3054 3 2 0 10 1529 4729 4073 4605
3055 3 2 0 10 1528 4396 4074 4483
3056 3 2 0 10 939 4269 4097 5026
3057 3 2 0 10 1917 4495 4098 5251
3058 3 2 0 10 501 5191 5035 2336
3059 3 2 0 10 3607 1657 4147 5228
3060 3 2 0 10 1848 4107 5228 4147
3061 3 2 0 10 2012 2115 5069 4402
3062 3 2 0 10 646 4116 4402 5069
3063 3 2 0 10 795 4117 4335 1554
3064 3 2 0 10 4146 4214 5117 976
3065 3 2 0 10 1901 5117 4214 4119
3066 3 2 0 10 1700 4414 4119 4792
3067 3 2 0 10 1619 4333 5340 1553
3068 3 2 0 10 796 5340 4333 4120
3069 3 2 0 10 1765 4462 4882 4129
3070 3 2 0 10 1675 4351 4135 4150
3071 3 2 0 10 3928 4445 4514 1792
3072 3 2 0 10 1603 4140 4514 4445
3073 3 2 0 10 838 4363 5150 4153
3074 3 2 0 10 1718 4265 4163 4397
3075 3 2 0 10 4504 1933 4413 4892
3076 3 2 0 10 5127 1714 4461 4354
3077 3 2 0 10 1592 4171 4354 4461
3078 3 2 0 10 1904 4628 4175 5348
3079 3 2 0 10 1676 4182 5171 4387
3080 3 2 0 10 1675 4184 5194 4403
3081 3 2 0 10 1675 4877 4311 4184
3082 3 2 0 10 1898 4923 5248 4190
3083 3 2 0 10 1714 5127 4314 4200
3084 3 2 0 10 1765 4209 4505 4743
3085 3 2 0 10 3928 1792 4807 4378
3086 3 2 0 10 1897 4230 4378 4807
3087 3 2 0 10 1698 4241 4230 4857
3088 3 2 0 10 1567 4405 4299 4236
3089 3 2 0 10 3554 1633 4986 4406
3090 3 2 0 10 2015 4250 4406 4986
3091 3 2 0 10 4786 1872 5048 4255
3092 3 2 0 10 1724 4266 4273 4717
3093 3 2 0 10 4522 4625 4551 1753
3094 3 2 0 10 910 4551 4625 4267
3095 3 2 0 10 1819 5300 4270 3924
3096 3 2 0 10 4277 4786 5168 1681
3097 3 2 0 10 1720 5168 4786 4255
3098 3 2 0 10 3899 1652 4767 4500
3099 3 2 0 10 1780 4275 4500 4767
3100 3 2 0 10 1872 4786 4277 5170
3101 3 2 0 10 1762 4944 4374 4278
3102 3 2 0 10 1612 4714 4279 4948
3103 3 2 0 10 820 4799 4674 4297
3104 3 2 0 10 1398 4798 4298 4673
3105 3 2 0 10 1807 4304 5086 4619
3106 3 2 0 10 4521 1756 4479 5112
3107 3 2 0 10 1807 5112 4479 4304
3108 3 2 0 10 4230 1897 4983 4857
3109 3 2 0 10 1698 4857 4983 3998
3110 3 2 0 10 644 5002 4319 5281
3111 3 2 0 10 965 4567 4321 4386
3112 3 2 0 10 3995 910 4559 4913
3113 3 2 0 10 4953 4731 4490 1755
3114 3 2 0 10 5194 917 4730 4403
3115 3 2 0 10 1675 4403 4730 4351
3116 3 2 0 10 1802 4446 4385 5139
3117 3 2 0 10 5003 1713 4669 4561
3118 3 2 0 10 4430 1688 4442 5007
3119 3 2 0 10 1697 4388 5007 4442
3120 3 2 0 10 1903 4943 4657 4398
3121 3 2 0 10 886 5075 4410 5000
3122 3 2 0 10 4107 1848 4454 4800
3123 3 2 0 10 648 4994 4414 4578
3124 3 2 0 10 4184 4304 4479 5194
3125 3 2 0 10 917 5194 4479 4418
3126 3 2 0 10 4568 5334 5180 1961
3127 3 2 0 10 2191 4695 5007 1775
3128 3 2 0 10 1038 4430 5007 4695
3129 3 2 0 10 4140 965 5318 4514
3130 3 2 0 10 2064 4737 4433 5065
3131 3 2 0 10 1901 4994 4433 4584
3132 3 2 0 10 1765 4743 4657 4462
3133 3 2 0 10 3830 1668 4867 4716
3134 3 2 0 10 4182 1987 4612 5171
3135 3 2 0 10 1807 4772 4521 5112
3136 3 2 0 10 1756 4521 5179 4592
3137 3 2 0 10 4313 4935 4599 4306
3138 3 2 0 10 1872 5170 5334 4568
3139 3 2 0 10 3899 4969 4661 1652
3140 3 2 0 10 2336 5035 4580 1951
3141 3 2 0 10 4052 4826 4675 1700
3142 3 2 0 10 1756 4592 4675 4826
3143 3 2 0 10 937 1778 4616 4871
3144 3 2 0 10 2031 4971 4620 4718
3145 3 2 0 10 1784 4646 4711 4896
3146 3 2 0 10 1377 4668 4671 4905
3147 3 2 0 10 4568 4740 5048 1872
3148 3 2 0 10 981 4829 5227 1672
3149 3 2 0 10 1694 5227 4829 4680
3150 3 2 0 10 927 5158 5214 4692
3151 3 2 0 10 4710 4709 5093 2340
3152 3 2 0 10 650 4869 4731 4953
3153 3 2 0 10 4011 3953 4912 5308
3154 3 2 0 10 2039 2064 5065 5177
3155 3 2 0 10 960 1791 5169 5132
3156 3 2 0 10 3777 4908 5292 1646
3157 3 2 0 10 1830 5292 4908 4815
3158 3 2 0 10 1834 5013 5276 4909
3159 3 2 0 10 1736 5316 4910 5033
3160 3 2 0 10 1713 5003 5053 5163
3161 3 2 0 10 3492 2972 3485 514
3162 3 2 0 10 4259 3485 3192 1479
3163 3 2 0 10 3492 514 3486 2973
3164 3 2 0 10 4260 1478 3193 3486
3165 3 2 0 10 4259 515 514 3485
3166 3 2 0 10 4260 3486 514 515
3167 3 2 0 10 3687 1824 4643 4207
3168 3 2 0 10 633 4812 4207 4643
3169 3 2 0 10 1280 3658 1413 3082
3170 3 2 0 10 506 3081 3655 1280
3171 3 2 0 10 3692 4160 4648 1825
3172 3 2 0 10 634 4648 4160 4820
3173 3 2 0 10 2076 808 4814 2817
3174 3 2 0 10 2272 5056 4777 616
3175 3 2 0 10 515 516 3022 4260
3176 3 2 0 10 515 4259 3021 516
3177 3 2 0 10 1565 1637 3916 3340
3178 3 2 0 10 1566 3339 3915 1638
3179 3 2 0 10 3658 1387 3475 1413
3180 3 2 0 10 3655 1414 3472 1388
3181 3 2 0 10 3585 4498 3881 1583
3182 3 2 0 10 769 3881 4498 3365
3183 3 2 0 10 3496 1573 3872 4496
3184 3 2 0 10 770 3363 4496 3872
3185 3 2 0 10 1409 3253 2185 3254
3186 3 2 0 10 3259 4053 3175 1509
3187 3 2 0 10 3175 4053 798 2898
3188 3 2 0 10 3644 3712 831 2664
3189 3 2 0 10 2664 831 2692 4472
3190 3 2 0 10 1828 847 5265 3649
3191 3 2 0 10 3135 3649 5087 1461
3192 3 2 0 10 604 5087 3649 5265
3193 3 2 0 10 4376 3166 4734 1828
3194 3 2 0 10 3556 847 1828 4734
3195 3 2 0 10 1463 4734 3166 3383
3196 3 2 0 10 5060 502 3540 4790
3197 3 2 0 10 3079 1474 4790 3540
3198 3 2 0 10 3895 4790 1474 1442
3199 3 2 0 10 5060 4788 3539 502
3200 3 2 0 10 3539 4788 1441 1473
3201 3 2 0 10 761 4524 5047 5079
3202 3 2 0 10 3004 2396 839 3473
3203 3 2 0 10 3004 3473 3815 2392
3204 3 2 0 10 3119 4212 839 2396
3205 3 2 0 10 5149 3262 4212 1477
3206 3 2 0 10 1890 776 4932 2020
3207 3 2 0 10 1890 4603 5077 776
3208 3 2 0 10 32 33 4349 4938
3209 3 2 0 10 3159 4016 3112 1416
3210 3 2 0 10 1799 4362 4753 1956
3211 3 2 0 10 3608 3203 756 2510
3212 3 2 0 10 4819 1341 3553 3203
3213 3 2 0 10 756 3203 3553 3404
3214 3 2 0 10 2510 756 2526 3869
3215 3 2 0 10 2989 4310 3869 2526
3216 3 2 0 10 600 1970 2181 584
3217 3 2 0 10 1871 5056 2173 3342
3218 3 2 0 10 3625 1854 2212 4848
3219 3 2 0 10 4435 593 4848 2212
3220 3 2 0 10 2211 4330 3763 603
3221 3 2 0 10 3763 4330 2212 1854
3222 3 2 0 10 2088 5338 2702 830
3223 3 2 0 10 2828 5014 4687 5338
3224 3 2 0 10 2089 829 2701 5333
3225 3 2 0 10 2827 5333 4686 5015
3226 3 2 0 10 2453 4830 4967 5148
3227 3 2 0 10 5148 577 3746 2453
3228 3 2 0 10 3722 3746 4242 1564
3229 3 2 0 10 2496 3802 5055 1001
3230 3 2 0 10 1377 4905 2476 4108
3231 3 2 0 10 4905 632 3643 2476
3232 3 2 0 10 2476 3643 4557 594
3233 3 2 0 10 3748 3703 4720 2227
3234 3 2 0 10 2797 4720 2572 771
3235 3 2 0 10 2572 4720 3703 5038
3236 3 2 0 10 3747 2226 4719 3698
3237 3 2 0 10 2798 772 2571 4719
3238 3 2 0 10 2571 5039 3698 4719
3239 3 2 0 10 2807 2035 5344 968
3240 3 2 0 10 2336 1951 5344 2035
3241 3 2 0 10 2779 1886 5344 1951
3242 3 2 0 10 2817 4636 3114 765
3243 3 2 0 10 1583 3114 4636 1569
3244 3 2 0 10 517 4123 5190 3092
3245 3 2 0 10 2816 766 3109 4614
3246 3 2 0 10 1573 1568 4614 3109
3247 3 2 0 10 4144 3614 4449 1587
3248 3 2 0 10 363 364 3802 2496
3249 3 2 0 10 4376 3135 860 845
3250 3 2 0 10 3233 2752 838 4153
3251 3 2 0 10 3312 2712 2686 4467
3252 3 2 0 10 781 2713 4468 2687
3253 3 2 0 10 2504 4101 4671 1892
3254 3 2 0 10 3643 632 4101 2777
3255 3 2 0 10 2504 628 2777 4101
3256 3 2 0 10 4905 4671 4101 632
3257 3 2 0 10 628 4100 4722 3228
3258 3 2 0 10 1763 3270 4588 569
3259 3 2 0 10 4325 2318 4588 3270
3260 3 2 0 10 1256 3468 4499 2318
3261 3 2 0 10 672 5064 2905 2628
3262 3 2 0 10 1105 2905 5064 2745
3263 3 2 0 10 2197 4701 2617 528
3264 3 2 0 10 402 401 5288 1307
3265 3 2 0 10 352 5288 401 7
3266 3 2 0 10 812 3985 3614 2749
3267 3 2 0 10 511 2045 4945 1855
3268 3 2 0 10 4726 1678 5304 4195
3269 3 2 0 10 630 4195 5304 2130
3270 3 2 0 10 2129 2130 5304 588
3271 3 2 0 10 1421 3446 3764 4262
3272 3 2 0 10 5303 4051 614 582
3273 3 2 0 10 1671 1970 614 4051
3274 3 2 0 10 368 369 4670 3268
3275 3 2 0 10 3515 3155 2244 634
3276 3 2 0 10 3774 4648 634 2244
3277 3 2 0 10 3514 633 2243 3188
3278 3 2 0 10 3982 2243 633 4643
3279 3 2 0 10 4428 5263 4766 987
3280 3 2 0 10 1595 4766 1809 1880
3281 3 2 0 10 5263 2632 1809 4766
3282 3 2 0 10 616 4777 3449 583
3283 3 2 0 10 5056 1871 4966 4777
3284 3 2 0 10 1666 3449 4777 4966
3285 3 2 0 10 392 393 5010 1288
3286 3 2 0 10 1140 2725 5010 1112
3287 3 2 0 10 698 1288 5010 2725
3288 3 2 0 10 1004 5096 4808 2415
3289 3 2 0 10 2173 5056 2272 5209
3290 3 2 0 10 4220 2016 1754 4851
3291 3 2 0 10 146 2550 4431 145
3292 3 2 0 10 5304 2296 5006 588
3293 3 2 0 10 588 5006 1597 1918
3294 3 2 0 10 2731 1273 2813 2854
3295 3 2 0 10 33 34 3016 4349
3296 3 2 0 10 4938 4349 3016 1574
3297 3 2 0 10 82 3833 3427 81
3298 3 2 0 10 3749 3427 3833 1699
3299 3 2 0 10 41 42 5184 4264
3300 3 2 0 10 1781 4264 5184 4251
3301 3 2 0 10 4910 436 435 5033
3302 3 2 0 10 434 4800 5033 435
3303 3 2 0 10 1736 5033 4800 4454
3304 3 2 0 10 65 66 3186 3702
3305 3 2 0 10 4488 3702 3186 1472
3306 3 2 0 10 1608 3457 3042 4348
3307 3 2 0 10 468 5287 4348 469
3308 3 2 0 10 1608 4348 5287 4216
3309 3 2 0 10 64 65 3702 3505
3310 3 2 0 10 1430 3505 3702 4488
3311 3 2 0 10 64 3505 3019 63
3312 3 2 0 10 2980 3019 3505 1430
3313 3 2 0 10 3044 3396 4510 3544
3314 3 2 0 10 148 1330 4638 147
3315 3 2 0 10 2550 146 147 4638
3316 3 2 0 10 2550 4638 1330 2597
3317 3 2 0 10 60 61 3055 4995
3318 3 2 0 10 4392 1444 4995 3055
3319 3 2 0 10 60 4995 3257 59
3320 3 2 0 10 4885 3257 4995 1444
3321 3 2 0 10 451 3161 3654 452
3322 3 2 0 10 357 4645 5335 356
3323 3 2 0 10 2881 1264 5335 4645
3324 3 2 0 10 4975 1930 3876 573
3325 3 2 0 10 573 3876 1488 3320
3326 3 2 0 10 1929 572 3321 3875
3327 3 2 0 10 2999 1487 3875 3321
3328 3 2 0 10 3720 4762 3606 1586
3329 3 2 0 10 920 3606 4762 2186
3330 3 2 0 10 2248 2186 4762 980
3331 3 2 0 10 590 4064 1793 627
3332 3 2 0 10 3361 1793 4064 1486
3333 3 2 0 10 1544 5164 3619 4728
3334 3 2 0 10 1497 3609 4975 573
3335 3 2 0 10 3609 607 2803 4975
3336 3 2 0 10 5081 4626 4425 1651
3337 3 2 0 10 1825 4425 4626 3387
3338 3 2 0 10 1929 4972 3610 572
3339 3 2 0 10 5045 3610 4972 3001
3340 3 2 0 10 2411 1850 4875 2814
3341 3 2 0 10 2325 2814 4875 623
3342 3 2 0 10 2412 2815 4876 1851
3343 3 2 0 10 2326 624 4876 2815
3344 3 2 0 10 1499 830 2702 4560
3345 3 2 0 10 2226 3747 2986 2956
3346 3 2 0 10 2227 2955 2987 3748
3347 3 2 0 10 1232 2850 1136 5309
3348 3 2 0 10 359 360 5309 2638
3349 3 2 0 10 2317 2638 5309 1136
3350 3 2 0 10 1345 4653 3676 591
3351 3 2 0 10 5218 3235 5241 2444
3352 3 2 0 10 2382 4930 2444 5241
3353 3 2 0 10 2025 5241 3235 4045
3354 3 2 0 10 2495 655 5271 2294
3355 3 2 0 10 2413 2294 5271 1936
3356 3 2 0 10 2308 1936 5271 1925
3357 3 2 0 10 534 5154 1043 2677
3358 3 2 0 10 947 5108 2043 2540
3359 3 2 0 10 2509 2043 5108 1960
3360 3 2 0 10 557 742 2889 1295
3361 3 2 0 10 740 2666 1295 2889
3362 3 2 0 10 967 2460 4399 5001
3363 3 2 0 10 2310 5001 4399 3536
3364 3 2 0 10 3568 1456 4218 3380
3365 3 2 0 10 5156 2436 5256 3242
3366 3 2 0 10 2381 5256 2436 787
3367 3 2 0 10 2026 4043 3242 5256
3368 3 2 0 10 2820 524 2765 2729
3369 3 2 0 10 524 2776 2218 2765
3370 3 2 0 10 3608 2510 3869 762
3371 3 2 0 10 762 3869 4110 3076
3372 3 2 0 10 681 2741 5085 2204
3373 3 2 0 10 1728 1742 5115 4666
3374 3 2 0 10 2867 1095 4104 2136
3375 3 2 0 10 4666 2262 4104 1095
3376 3 2 0 10 3253 798 4528 2185
3377 3 2 0 10 3295 2050 4528 3259
3378 3 2 0 10 798 4053 3259 4528
3379 3 2 0 10 421 2873 2192 422
3380 3 2 0 10 5225 4088 4468 1452
3381 3 2 0 10 4083 2687 4468 4088
3382 3 2 0 10 5226 1453 4467 4089
3383 3 2 0 10 4084 4089 4467 2686
3384 3 2 0 10 1995 2080 4835 992
3385 3 2 0 10 3697 2168 992 4835
3386 3 2 0 10 2047 1043 4627 1982
3387 3 2 0 10 1055 1982 4627 2159
3388 3 2 0 10 2528 4627 1043 5154
3389 3 2 0 10 593 4593 2030 4848
3390 3 2 0 10 4703 759 3348 1420
3391 3 2 0 10 2632 1955 4466 1809
3392 3 2 0 10 4531 919 5277 2146
3393 3 2 0 10 4426 4142 4809 2023
3394 3 2 0 10 1575 4809 4142 4658
3395 3 2 0 10 4112 1712 4689 1922
3396 3 2 0 10 1712 3569 5198 4689
3397 3 2 0 10 4113 1921 4688 1711
3398 3 2 0 10 1711 4688 5199 3570
3399 3 2 0 10 5223 2190 5260 1044
3400 3 2 0 10 2190 23 24 5260
3401 3 2 0 10 2128 2315 5145 1927
3402 3 2 0 10 803 767 769 3292
3403 3 2 0 10 1087 1832 2271 4895
3404 3 2 0 10 658 4895 2271 2238
3405 3 2 0 10 1929 3875 4876 624
3406 3 2 0 10 1487 4512 4876 3875
3407 3 2 0 10 1930 623 4875 3876
3408 3 2 0 10 1699 3833 2726 4233
3409 3 2 0 10 1620 1645 4708 4127
3410 3 2 0 10 4127 4708 635 2106
3411 3 2 0 10 3468 1380 3083 4499
3412 3 2 0 10 4652 1737 4663 563
3413 3 2 0 10 2109 563 4663 2145
3414 3 2 0 10 1539 4663 1737 4927
3415 3 2 0 10 1717 1928 1774 4276
3416 3 2 0 10 5217 415 414 4486
3417 3 2 0 10 4967 1559 4104 5148
3418 3 2 0 10 4104 2262 577 5148
3419 3 2 0 10 4666 5115 577 2262
3420 3 2 0 10 577 5115 4242 3746
3421 3 2 0 10 3268 4670 4662 2073
3422 3 2 0 10 3449 1666 4213 3195
3423 3 2 0 10 2027 579 2386 4213
3424 3 2 0 10 5178 2245 4894 941
3425 3 2 0 10 2245 1777 1860 4894
3426 3 2 0 10 1953 2255 5025 994
3427 3 2 0 10 1667 3407 5025 4229
3428 3 2 0 10 2070 754 2736 5041
3429 3 2 0 10 4001 2736 754 5042
3430 3 2 0 10 2027 2003 5297 579
3431 3 2 0 10 579 5297 4375 5274
3432 3 2 0 10 1757 5280 2155 4832
3433 3 2 0 10 1866 519 2155 5280
3434 3 2 0 10 2004 578 5310 5346
3435 3 2 0 10 4085 652 4501 4744
3436 3 2 0 10 2080 1995 4744 1750
3437 3 2 0 10 1750 4744 4501 1770
3438 3 2 0 10 1425 1721 4814 808
3439 3 2 0 10 3239 2466 809 5102
3440 3 2 0 10 2816 4803 5102 809
3441 3 2 0 10 1424 5102 4803 1716
3442 3 2 0 10 1001 5055 983 2041
3443 3 2 0 10 3802 1667 4229 5055
3444 3 2 0 10 1740 5090 4630 1691
3445 3 2 0 10 1066 2232 4630 5090
3446 3 2 0 10 2123 5058 4452 2104
3447 3 2 0 10 4707 870 4911 2198
3448 3 2 0 10 1859 1882 5278 1130
3449 3 2 0 10 2324 5278 1514 2129
3450 3 2 0 10 2784 4134 5226 4089
3451 3 2 0 10 2783 4088 5225 4133
3452 3 2 0 10 14 1164 1311 13
3453 3 2 0 10 5108 947 5233 2165
3454 3 2 0 10 2210 5347 1853 2213
3455 3 2 0 10 602 3761 1853 5347
3456 3 2 0 10 2186 4585 3971 920
3457 3 2 0 10 3971 4585 1906 1876
3458 3 2 0 10 2175 2395 2756 2009
3459 3 2 0 10 1188 2756 2716 2059
3460 3 2 0 10 1959 2716 2756 2395
3461 3 2 0 10 5240 885 5247 1908
3462 3 2 0 10 5104 1908 5247 4412
3463 3 2 0 10 2627 1198 5217 4647
3464 3 2 0 10 3569 1634 1845 5198
3465 3 2 0 10 4149 1664 5198 1845
3466 3 2 0 10 4367 1635 5199 1844
3467 3 2 0 10 4148 1844 5199 1663
3468 3 2 0 10 2148 2252 520 4660
3469 3 2 0 10 2492 593 4435 3750
3470 3 2 0 10 15 16 5315 1289
3471 3 2 0 10 16 17 2399 5315
3472 3 2 0 10 1648 4623 3266 1484
3473 3 2 0 10 3266 4623 870 2018
3474 3 2 0 10 1272 716 5290 724
3475 3 2 0 10 1200 1223 5290 716
3476 3 2 0 10 554 1222 5290 1223
3477 3 2 0 10 2239 972 4196 1994
3478 3 2 0 10 1555 4152 1994 4196
3479 3 2 0 10 4725 1540 3737 3982
3480 3 2 0 10 1228 2243 3982 3737
3481 3 2 0 10 1540 4898 4071 4939
3482 3 2 0 10 380 4042 2774 379
3483 3 2 0 10 2497 2739 2854 2835
3484 3 2 0 10 944 2807 968 2516
3485 3 2 0 10 968 4696 1841 2516
3486 3 2 0 10 5239 2094 5022 4794
3487 3 2 0 10 1582 4464 4794 5022
3488 3 2 0 10 5022 1690 3861 1582
3489 3 2 0 10 1582 3861 4062 4037
3490 3 2 0 10 1928 5175 852 1774
3491 3 2 0 10 4438 852 5175 3421
3492 3 2 0 10 3950 863 3922 4732
3493 3 2 0 10 4586 4732 2780 866
3494 3 2 0 10 2780 4732 3922 4045
3495 3 2 0 10 866 2780 3900 4570
3496 3 2 0 10 814 3634 4570 3900
3497 3 2 0 10 2788 2659 2748 2505
3498 3 2 0 10 4383 2748 2659 2599
3499 3 2 0 10 1066 4823 4712 2232
3500 3 2 0 10 2252 4890 4630 520
3501 3 2 0 10 1691 4630 4890 1818
3502 3 2 0 10 3012 864 4723 3919
3503 3 2 0 10 4576 865 2758 4723
3504 3 2 0 10 2758 4043 3919 4723
3505 3 2 0 10 865 4487 3880 2758
3506 3 2 0 10 813 3880 4487 3645
3507 3 2 0 10 4547 1816 4864 1974
3508 3 2 0 10 4327 846 1827 4453
3509 3 2 0 10 3130 3725 4453 1827
3510 3 2 0 10 605 4453 3725 5298
3511 3 2 0 10 1827 846 4309 4245
3512 3 2 0 10 4837 4245 3975 1469
3513 3 2 0 10 1749 3975 4245 4309
3514 3 2 0 10 2516 1841 4941 507
3515 3 2 0 10 3265 606 3582 3625
3516 3 2 0 10 1854 3625 3307 1752
3517 3 2 0 10 2342 3307 3625 3582
3518 3 2 0 10 1788 4818 5092 1920
3519 3 2 0 10 1043 2047 2753 2474
3520 3 2 0 10 1101 2855 2474 2753
3521 3 2 0 10 1853 1751 3306 3628
3522 3 2 0 10 2341 3579 3628 3306
3523 3 2 0 10 3707 5235 972 2239
3524 3 2 0 10 3221 4655 5235 1572
3525 3 2 0 10 972 5235 4655 1840
3526 3 2 0 10 5075 886 5020 2142
3527 3 2 0 10 1316 2142 5020 4664
3528 3 2 0 10 3667 1449 4828 3517
3529 3 2 0 10 886 5000 3517 4828
3530 3 2 0 10 3402 810 4685 2290
3531 3 2 0 10 3526 4254 3300 1356
3532 3 2 0 10 795 3047 3300 4254
3533 3 2 0 10 5270 3841 3024 815
3534 3 2 0 10 1382 3024 3841 3238
3535 3 2 0 10 795 4968 2423 4117
3536 3 2 0 10 3024 796 4970 815
3537 3 2 0 10 796 4120 2424 4970
3538 3 2 0 10 5233 4853 922 2165
3539 3 2 0 10 966 5034 4741 4258
3540 3 2 0 10 5027 2370 5262 1099
3541 3 2 0 10 4248 5779 1703 3741
3542 3 2 0 10 874 3741 4423 3187
3543 3 2 0 10 3270 1763 609 4575
3544 3 2 0 10 609 2019 1806 4575
3545 3 2 0 10 382 5076 2266 381
3546 3 2 0 10 2795 2265 5076 1303
3547 3 2 0 10 383 1303 5076 382
3548 3 2 0 10 1785 1877 4324 4419
3549 3 2 0 10 898 4419 4324 3929
3550 3 2 0 10 730 1225 2698 736
3551 3 2 0 10 747 1317 1298 2698
3552 3 2 0 10 1243 736 2698 1298
3553 3 2 0 10 689 5085 2522 2665
3554 3 2 0 10 2363 2522 5085 2741
3555 3 2 0 10 825 1505 5131 2328
3556 3 2 0 10 826 2327 5130 1504
3557 3 2 0 10 2397 1266 2670 993
3558 3 2 0 10 2720 2773 2670 1266
3559 3 2 0 10 2348 2670 2773 2657
3560 3 2 0 10 656 1905 5325 2260
3561 3 2 0 10 5070 5187 2073 4662
3562 3 2 0 10 994 2073 5187 2103
3563 3 2 0 10 5325 2103 5187 1083
3564 3 2 0 10 2892 2636 2548 536
3565 3 2 0 10 1052 2791 536 2548
3566 3 2 0 10 566 4909 1604 3997
3567 3 2 0 10 4909 566 4257 1834
3568 3 2 0 10 1834 4257 3666 4581
3569 3 2 0 10 582 614 2273 3705
3570 3 2 0 10 600 2273 614 1970
3571 3 2 0 10 1602 4258 4082 4573
3572 3 2 0 10 3532 2523 786 5246
3573 3 2 0 10 3960 1685 5246 4341
3574 3 2 0 10 1230 2269 4939 3550
3575 3 2 0 10 1230 4448 4395 2269
3576 3 2 0 10 2158 4054 4395 4448
3577 3 2 0 10 1940 956 4361 1945
3578 3 2 0 10 956 1918 1597 4361
3579 3 2 0 10 2444 4930 3951 1423
3580 3 2 0 10 2195 3231 3951 4930
3581 3 2 0 10 2436 4916 2196 787
3582 3 2 0 10 2196 4916 3952 3234
3583 3 2 0 10 2198 4911 1745 5286
3584 3 2 0 10 778 4009 2954 2969
3585 3 2 0 10 1125 692 2596 2906
3586 3 2 0 10 2673 2906 2596 2821
3587 3 2 0 10 2135 5938 4903 4093
3588 3 2 0 10 4916 2436 5156 4494
3589 3 2 0 10 1010 1175 2875 683
3590 3 2 0 10 3033 5087 604 2056
3591 3 2 0 10 2056 604 4394 4644
3592 3 2 0 10 2028 4644 4394 3304
3593 3 2 0 10 2993 2291 3989 811
3594 3 2 0 10 1234 2583 2662 5317
3595 3 2 0 10 2107 1679 5101 1815
3596 3 2 0 10 1423 4516 5218 2444
3597 3 2 0 10 4217 1741 5167 1766
3598 3 2 0 10 1741 1857 522 5167
3599 3 2 0 10 2117 5205 5268 903
3600 3 2 0 10 4060 1584 4056 5205
3601 3 2 0 10 1869 5268 5205 4056
3602 3 2 0 10 1157 2739 2656 708
3603 3 2 0 10 4680 2206 5302 973
3604 3 2 0 10 4591 2242 5302 3414
3605 3 2 0 10 2767 2724 2609 1036
3606 3 2 0 10 2890 2724 2767 1131
3607 3 2 0 10 116 2609 2724 115
3608 3 2 0 10 3671 782 3947 4530
3609 3 2 0 10 1474 1438 4530 3947
3610 3 2 0 10 3672 4529 3946 781
3611 3 2 0 10 1473 3946 4529 1437
3612 3 2 0 10 487 2893 2401 488
3613 3 2 0 10 2833 2401 2893 1153
3614 3 2 0 10 1737 4652 3555 1585
3615 3 2 0 10 2000 4518 3555 4652
3616 3 2 0 10 4927 1737 1585 3623
3617 3 2 0 10 4738 5104 3623 1585
3618 3 2 0 10 894 3623 5104 4412
3619 3 2 0 10 1466 1402 3598 4343
3620 3 2 0 10 1380 3468 4343 3598
3621 3 2 0 10 2334 1031 4562 1515
3622 3 2 0 10 2282 3917 4562 1031
3623 3 2 0 10 5351 1624 4562 3917
3624 3 2 0 10 5232 611 4362 1799
3625 3 2 0 10 611 3074 1577 4362
3626 3 2 0 10 1968 2355 1015 4978
3627 3 2 0 10 1015 4870 1768 4978
3628 3 2 0 10 2355 5269 4982 1015
3629 3 2 0 10 1777 2055 4982 5269
3630 3 2 0 10 820 3000 1488 4799
3631 3 2 0 10 4674 4799 1488 1399
3632 3 2 0 10 819 4798 1487 2999
3633 3 2 0 10 3876 4513 1399 1488
3634 3 2 0 10 4798 1398 4512 1487
3635 3 2 0 10 2113 4942 4806 647
3636 3 2 0 10 3092 5190 3571 1439
3637 3 2 0 10 759 3571 5190 3348
3638 3 2 0 10 2150 5058 2123 1867
3639 3 2 0 10 4896 4711 1942 2110
3640 3 2 0 10 4646 828 2149 4711
3641 3 2 0 10 3191 3208 3717 1357
3642 3 2 0 10 583 3717 2272 616
3643 3 2 0 10 2272 3717 3208 3568
3644 3 2 0 10 1926 915 5244 4902
3645 3 2 0 10 1640 4902 5244 2250
3646 3 2 0 10 5347 2210 574 3422
3647 3 2 0 10 3330 3422 3903 1428
3648 3 2 0 10 1432 3903 3422 3354
3649 3 2 0 10 594 4557 2210 2213
3650 3 2 0 10 3643 574 2210 4557
3651 3 2 0 10 5029 4651 3776 3616
3652 3 2 0 10 377 2759 4651 376
3653 3 2 0 10 2759 5024 3776 4651
3654 3 2 0 10 4834 4721 5071 1909
3655 3 2 0 10 2372 1909 5071 2114
3656 3 2 0 10 904 4988 5208 4132
3657 3 2 0 10 787 2196 4473 2381
3658 3 2 0 10 3745 2381 4473 4811
3659 3 2 0 10 929 5061 1847 2234
3660 3 2 0 10 4930 2382 4476 2195
3661 3 2 0 10 3754 4821 4476 2382
3662 3 2 0 10 700 1162 2790 2813
3663 3 2 0 10 2813 2790 2835 2854
3664 3 2 0 10 2864 1256 2318 4325
3665 3 2 0 10 1690 4342 4883 3861
3666 3 2 0 10 5331 4955 1761 1746
3667 3 2 0 10 2425 597 4947 2102
3668 3 2 0 10 919 2102 4947 4991
3669 3 2 0 10 1684 4991 4947 4976
3670 3 2 0 10 2982 1362 4672 3201
3671 3 2 0 10 5231 2478 4672 818
3672 3 2 0 10 2731 2854 2739 1157
3673 3 2 0 10 2651 4780 4713 5352
3674 3 2 0 10 2110 1942 5239 4197
3675 3 2 0 10 2383 4745 4667 2005
3676 3 2 0 10 1053 1658 5210 1888
3677 3 2 0 10 5106 4174 5210 1658
3678 3 2 0 10 3868 4404 1682 1672
3679 3 2 0 10 646 4356 4404 3613
3680 3 2 0 10 2419 621 4921 4595
3681 3 2 0 10 4093 2251 1490 4921
3682 3 2 0 10 1490 4783 4595 4921
3683 3 2 0 10 2418 4594 4933 622
3684 3 2 0 10 4855 4156 4933 1491
3685 3 2 0 10 1491 4933 4594 4784
3686 3 2 0 10 805 1800 1241 3803
3687 3 2 0 10 2480 783 4791 780
3688 3 2 0 10 3572 3853 4791 1619
3689 3 2 0 10 780 4791 3853 4924
3690 3 2 0 10 2481 779 4789 784
3691 3 2 0 10 1618 4789 4915 3883
3692 3 2 0 10 1923 1968 4852 5332
3693 3 2 0 10 4336 3865 1742 1728
3694 3 2 0 10 5115 1742 3865 4242
3695 3 2 0 10 872 3124 4242 3865
3696 3 2 0 10 5278 1882 5294 1514
3697 3 2 0 10 1514 5294 3592 4749
3698 3 2 0 10 4569 778 4819 2297
3699 3 2 0 10 2111 2299 5028 1249
3700 3 2 0 10 674 669 5028 2674
3701 3 2 0 10 1249 5028 669 2369
3702 3 2 0 10 5073 3094 3735 806
3703 3 2 0 10 4886 2467 3735 3094
3704 3 2 0 10 3530 1348 3143 3172
3705 3 2 0 10 5074 807 3736 3093
3706 3 2 0 10 4884 3093 3736 2466
3707 3 2 0 10 425 2682 5082 426
3708 3 2 0 10 3439 2918 3317 1333
3709 3 2 0 10 1694 4861 4954 1614
3710 3 2 0 10 2121 4879 4954 4861
3711 3 2 0 10 4861 973 5302 2121
3712 3 2 0 10 3128 3032 5298 1460
3713 3 2 0 10 3032 2057 605 5298
3714 3 2 0 10 4395 4054 605 2057
3715 3 2 0 10 4453 605 4054 4327
3716 3 2 0 10 2158 851 4327 4054
3717 3 2 0 10 4795 1650 4899 1984
3718 3 2 0 10 1868 4177 4899 1650
3719 3 2 0 10 2023 4899 4177 4426
3720 3 2 0 10 511 1855 2452 2886
3721 3 2 0 10 2332 2886 2452 2699
3722 3 2 0 10 996 4390 5341 5442
3723 3 2 0 10 4481 5185 4459 774
3724 3 2 0 10 4963 2607 5185 837
3725 3 2 0 10 4962 836 5186 2608
3726 3 2 0 10 4118 1948 4526 1229
3727 3 2 0 10 4058 4018 4526 1948
3728 3 2 0 10 2028 4526 4018 4644
3729 3 2 0 10 1954 3811 4377 4535
3730 3 2 0 10 4535 927 4692 1954
3731 3 2 0 10 1954 4692 4787 3856
3732 3 2 0 10 2159 4627 2528 1145
3733 3 2 0 10 2528 2806 1021 1145
3734 3 2 0 10 4773 1874 4900 4797
3735 3 2 0 10 1865 4843 4797 4900
3736 3 2 0 10 5036 1571 5006 2296
3737 3 2 0 10 3775 3137 5006 1571
3738 3 2 0 10 1597 5006 3137 3375
3739 3 2 0 10 3160 3474 3691 892
3740 3 2 0 10 5182 1840 3691 1580
3741 3 2 0 10 1580 3691 3474 3603
3742 3 2 0 10 4832 1907 4606 1730
3743 3 2 0 10 1907 5061 929 4606
3744 3 2 0 10 871 4622 5062 1826
3745 3 2 0 10 5062 1679 4523 1826
3746 3 2 0 10 1285 2824 1287 733
3747 3 2 0 10 1315 1287 2824 2849
3748 3 2 0 10 3308 4946 1721 1425
3749 3 2 0 10 1721 4946 4372 4249
3750 3 2 0 10 3310 1424 1716 4940
3751 3 2 0 10 1716 4231 4375 4940
3752 3 2 0 10 584 4417 3489 4566
3753 3 2 0 10 831 834 3545 2692
3754 3 2 0 10 4300 3545 3521 1576
3755 3 2 0 10 1801 4030 5169 1791
3756 3 2 0 10 680 3659 5169 4030
3757 3 2 0 10 479 3686 2589 480
3758 3 2 0 10 512 1846 4590 4736
3759 3 2 0 10 1404 4736 4590 1436
3760 3 2 0 10 5048 641 2289 4255
3761 3 2 0 10 2289 1734 1720 4255
3762 3 2 0 10 1734 4552 4168 1720
3763 3 2 0 10 2051 911 4168 4552
3764 3 2 0 10 5034 1829 2015 4741
3765 3 2 0 10 4082 4258 4741 5267
3766 3 2 0 10 2015 4641 5267 4741
3767 3 2 0 10 876 5123 2020 4086
3768 3 2 0 10 3113 3901 4300 1576
3769 3 2 0 10 751 5016 2858 561
3770 3 2 0 10 2292 718 2743 2742
3771 3 2 0 10 718 2630 2052 2743
3772 3 2 0 10 124 125 4742 2209
3773 3 2 0 10 5264 2710 4742 5120
3774 3 2 0 10 126 5120 4742 125
3775 3 2 0 10 2765 2391 2719 2729
3776 3 2 0 10 2542 2840 2729 2719
3777 3 2 0 10 2606 4332 1547 1969
3778 3 2 0 10 3708 1547 4332 5094
3779 3 2 0 10 1377 1433 5094 4332
3780 3 2 0 10 2868 2834 2733 2690
3781 3 2 0 10 2511 2733 2834 2721
3782 3 2 0 10 152 4434 2836 151
3783 3 2 0 10 741 555 4434 559
3784 3 2 0 10 555 5111 2836 4434
3785 3 2 0 10 2029 5138 682 1116
3786 3 2 0 10 2181 1029 4533 1550
3787 3 2 0 10 840 3755 4533 1601
3788 3 2 0 10 1863 3564 4661 1862
3789 3 2 0 10 651 3740 4661 3564
3790 3 2 0 10 4683 1786 4126 1670
3791 3 2 0 10 1670 4126 4049 1805
3792 3 2 0 10 908 4818 1788 4458
3793 3 2 0 10 958 1034 2357 2148
3794 3 2 0 10 2252 2148 2357 1037
3795 3 2 0 10 661 2714 1037 2357
3796 3 2 0 10 2481 1950 5063 779
3797 3 2 0 10 4789 779 5063 4915
3798 3 2 0 10 1541 3522 4915 5063
3799 3 2 0 10 75 76 1703 5779
3800 3 2 0 10 1286 1155 407 406
3801 3 2 0 10 3303 875 4023 3356
3802 3 2 0 10 2254 1661 3356 4023
3803 3 2 0 10 2134 4450 2418 622
3804 3 2 0 10 1972 4360 2418 4450
3805 3 2 0 10 2135 621 2419 4451
3806 3 2 0 10 1973 4451 2419 4359
3807 3 2 0 10 4966 3541 4034 1666
3808 3 2 0 10 1031 4034 3541 2282
3809 3 2 0 10 1666 4034 2027 4213
3810 3 2 0 10 2480 780 5083 1949
3811 3 2 0 10 3537 1542 5083 3504
3812 3 2 0 10 780 4924 3504 5083
3813 3 2 0 10 2041 1858 2532 2169
3814 3 2 0 10 4978 1782 4852 1968
3815 3 2 0 10 5219 1977 4993 2092
3816 3 2 0 10 1977 5003 4561 4993
3817 3 2 0 10 1127 2845 2616 713
3818 3 2 0 10 1127 1169 2654 2845
3819 3 2 0 10 1814 5307 3937 3823
3820 3 2 0 10 4926 3965 4059 943
3821 3 2 0 10 5128 1779 3965 1640
3822 3 2 0 10 1405 1517 4244 3285
3823 3 2 0 10 775 4480 3285 4244
3824 3 2 0 10 1518 3284 4481 774
3825 3 2 0 10 4727 1517 1405 3620
3826 3 2 0 10 1814 950 1861 5307
3827 3 2 0 10 1861 3925 4201 5307
3828 3 2 0 10 5270 5692 2319 3511
3829 3 2 0 10 3358 3419 4860 1443
3830 3 2 0 10 2069 4860 3419 4690
3831 3 2 0 10 474 2097 4424 475
3832 3 2 0 10 3969 3123 3755 840
3833 3 2 0 10 4533 3755 1467 1550
3834 3 2 0 10 1467 3755 3123 4497
3835 3 2 0 10 5071 4721 4735 964
3836 3 2 0 10 1997 1934 4735 1762
3837 3 2 0 10 4944 1762 4735 4862
3838 3 2 0 10 4384 4804 4170 1240
3839 3 2 0 10 2284 595 4170 4804
3840 3 2 0 10 4804 590 4071 2284
3841 3 2 0 10 2079 2061 4389 899
3842 3 2 0 10 358 4316 4645 357
3843 3 2 0 10 2638 2317 1120 4316
3844 3 2 0 10 1120 2881 4645 4316
3845 3 2 0 10 4302 4371 5305 1769
3846 3 2 0 10 1628 1773 5305 4371
3847 3 2 0 10 5305 2408 4504 1769
3848 3 2 0 10 1769 4504 4577 3814
3849 3 2 0 10 1816 4547 2100 4475
3850 3 2 0 10 1946 810 3402 4682
3851 3 2 0 10 1508 4682 3402 4161
3852 3 2 0 10 1484 4621 3199 3366
3853 3 2 0 10 4076 1436 4590 3314
3854 3 2 0 10 827 3314 4590 5088
3855 3 2 0 10 3089 3963 1622 1520
3856 3 2 0 10 1486 3963 3089 3834
3857 3 2 0 10 3212 3194 3124 872
3858 3 2 0 10 4247 3272 4035 1538
3859 3 2 0 10 987 4198 4239 1393
3860 3 2 0 10 818 4672 4239 4198
3861 3 2 0 10 3453 3043 3967 901
3862 3 2 0 10 5279 3967 1459 1686
3863 3 2 0 10 1459 3967 3043 3343
3864 3 2 0 10 2327 826 5040 2811
3865 3 2 0 10 783 2811 5040 1932
3866 3 2 0 10 4120 1932 5040 2424
3867 3 2 0 10 2328 2810 5043 825
3868 3 2 0 10 784 1931 5043 2810
3869 3 2 0 10 4117 2423 5043 1931
3870 3 2 0 10 1173 2841 2900 704
3871 3 2 0 10 1183 2662 2583 2841
3872 3 2 0 10 1217 2794 2769 2855
3873 3 2 0 10 544 1322 2769 2794
3874 3 2 0 10 2404 4649 3827 612
3875 3 2 0 10 1601 4506 3827 4649
3876 3 2 0 10 5007 4388 4019 1775
3877 3 2 0 10 680 4019 4388 3612
3878 3 2 0 10 5004 1843 3753 4223
3879 3 2 0 10 1623 4223 3753 3209
3880 3 2 0 10 720 2781 2487 1090
3881 3 2 0 10 4873 2617 4701 1108
3882 3 2 0 10 2197 2223 2365 4701
3883 3 2 0 10 1108 4701 2365 2684
3884 3 2 0 10 1429 4204 831 3712
3885 3 2 0 10 1141 2650 549 546
3886 3 2 0 10 1166 549 2650 2823
3887 3 2 0 10 2717 745 2823 2650
3888 3 2 0 10 2822 1309 2769 1322
3889 3 2 0 10 2474 2855 2769 1309
3890 3 2 0 10 5220 942 5250 2068
3891 3 2 0 10 4210 5066 5250 1967
3892 3 2 0 10 477 3536 2445 478
3893 3 2 0 10 1794 5221 1896 4017
3894 3 2 0 10 5221 1075 4776 1896
3895 3 2 0 10 1896 4776 3696 4193
3896 3 2 0 10 4900 1701 4865 1865
3897 3 2 0 10 4458 1788 4455 1810
3898 3 2 0 10 1798 4477 4598 4699
3899 3 2 0 10 4973 3665 3977 1427
3900 3 2 0 10 2062 1415 4186 890
3901 3 2 0 10 3095 4684 4186 1415
3902 3 2 0 10 4340 1768 4870 4969
3903 3 2 0 10 4982 1862 4870 1015
3904 3 2 0 10 1862 4661 4969 4870
3905 3 2 0 10 5280 1757 4485 1866
3906 3 2 0 10 1864 4913 4559 4485
3907 3 2 0 10 5207 2456 2707 2728
3908 3 2 0 10 2456 2665 2538 2707
3909 3 2 0 10 3273 1239 3848 3646
3910 3 2 0 10 666 2706 2825 2270
3911 3 2 0 10 1884 2825 2706 2623
3912 3 2 0 10 4652 563 4094 2000
3913 3 2 0 10 563 2109 1605 4094
3914 3 2 0 10 123 124 2209 3451
3915 3 2 0 10 1238 671 2711 4817
3916 3 2 0 10 4503 2696 4817 677
3917 3 2 0 10 677 4817 2711 2529
3918 3 2 0 10 1741 4793 5342 1857
3919 3 2 0 10 888 3882 5342 4793
3920 3 2 0 10 5249 1795 4635 1916
3921 3 2 0 10 2487 5105 1961 977
3922 3 2 0 10 1961 5105 4740 4568
3923 3 2 0 10 575 5008 1178 1759
3924 3 2 0 10 4283 3052 5008 1530
3925 3 2 0 10 1178 5008 3052 3443
3926 3 2 0 10 2354 505 2985 4137
3927 3 2 0 10 4071 4898 595 2284
3928 3 2 0 10 5232 595 4898 3377
3929 3 2 0 10 1540 4725 3377 4898
3930 3 2 0 10 4362 1577 3145 4753
3931 3 2 0 10 835 2693 4753 3145
3932 3 2 0 10 1956 4753 2693 804
3933 3 2 0 10 1937 1707 1820 4802
3934 3 2 0 10 1008 5353 1707 1937
3935 3 2 0 10 2066 2224 5353 1008
3936 3 2 0 10 2303 2524 2852 2808
3937 3 2 0 10 2463 2331 1789 4715
3938 3 2 0 10 2131 4541 4715 1789
3939 3 2 0 10 869 4715 4541 4294
3940 3 2 0 10 943 3721 1617 4926
3941 3 2 0 10 4902 4926 1617 1926
3942 3 2 0 10 3905 510 4068 3744
3943 3 2 0 10 4919 1548 4845 3948
3944 3 2 0 10 4458 3948 2007 908
3945 3 2 0 10 2007 3948 4845 4020
3946 3 2 0 10 2404 612 2651 5352
3947 3 2 0 10 1707 5300 4757 1820
3948 3 2 0 10 1819 4312 4757 5300
3949 3 2 0 10 1971 937 4871 5109
3950 3 2 0 10 2160 1957 5109 1933
3951 3 2 0 10 1933 5109 4871 4413
3952 3 2 0 10 1770 5152 4574 1750
3953 3 2 0 10 1630 4307 4574 5152
3954 3 2 0 10 4609 5213 4917 1465
3955 3 2 0 10 1465 4917 1643 3432
3956 3 2 0 10 1459 789 2154 1686
3957 3 2 0 10 5279 1686 2154 4470
3958 3 2 0 10 4978 1768 4747 1782
3959 3 2 0 10 5054 4747 4596 1822
3960 3 2 0 10 1768 4340 4596 4747
3961 3 2 0 10 976 2106 4702 4146
3962 3 2 0 10 1710 4146 4702 1903
3963 3 2 0 10 2106 976 4011 4127
3964 3 2 0 10 1620 4127 4011 5308
3965 3 2 0 10 5240 1662 4173 2002
3966 3 2 0 10 2002 4173 4220 1092
3967 3 2 0 10 5141 1099 5262 1975
3968 3 2 0 10 1975 5262 4612 3902
3969 3 2 0 10 927 1696 4121 5158
3970 3 2 0 10 1512 4650 5158 4121
3971 3 2 0 10 5003 1977 565 5053
3972 3 2 0 10 5253 1885 4878 1943
3973 3 2 0 10 3980 5084 4878 1885
3974 3 2 0 10 1796 4922 4878 5084
3975 3 2 0 10 4752 3390 3851 1552
3976 3 2 0 10 1451 5284 3251 3149
3977 3 2 0 10 791 1939 4558 3791
3978 3 2 0 10 4558 1939 3673 1501
3979 3 2 0 10 5224 1501 3673 3863
3980 3 2 0 10 1939 791 2694 3821
3981 3 2 0 10 2694 5083 1542 3821
3982 3 2 0 10 1847 5061 1907 5121
3983 3 2 0 10 520 4630 2232 4712
3984 3 2 0 10 2843 2723 5091 2231
3985 3 2 0 10 5335 1264 731 1323
3986 3 2 0 10 748 1323 731 1299
3987 3 2 0 10 841 3247 2979 5005
3988 3 2 0 10 1462 3588 3075 5289
3989 3 2 0 10 855 4482 3232 5336
3990 3 2 0 10 1462 5289 3280 4114
3991 3 2 0 10 129 130 2242 4591
3992 3 2 0 10 364 365 1667 3802
3993 3 2 0 10 1627 1690 5022 5174
3994 3 2 0 10 4660 520 4712 1836
3995 3 2 0 10 1916 5151 988 5249
3996 3 2 0 10 2304 3414 5302 2206
3997 3 2 0 10 4832 1033 5121 1907
3998 3 2 0 10 4747 5054 4852 1782
3999 3 2 0 10 840 2404 1878 3969
4000 3 2 0 10 4713 1878 2404 5352
4001 3 2 0 10 1460 2910 5363 3128
4002 3 2 0 10 1781 3417 5365 4264
4003 3 2 0 10 66 67 5369 3186
4004 3 2 0 10 1472 3186 5369 2935
4005 3 2 0 10 3438 3349 3034 1992
4006 3 2 0 10 2993 5367 5377 2925
4007 3 2 0 10 1583 1569 5379 3585
4008 3 2 0 10 448 3034 5380 449
4009 3 2 0 10 5336 3232 5381 2531
4010 3 2 0 10 1573 3496 5382 1568
4011 3 2 0 10 5374 3700 1568 5382
4012 3 2 0 10 68 5384 5369 67
4013 3 2 0 10 4489 1379 5391 5537
4014 3 2 0 10 4887 3007 5391 1379
4015 3 2 0 10 1657 2929 5392 3344
4016 3 2 0 10 3091 4992 770 5394
4017 3 2 0 10 2954 5397 2962 2969
4018 3 2 0 10 2962 5397 1470 5402
4019 3 2 0 10 1891 4831 5403 2081
4020 3 2 0 10 2335 2081 5403 1839
4021 3 2 0 10 739 2403 1717 5406
4022 3 2 0 10 519 2001 5409 2155
4023 3 2 0 10 2623 1837 5410 1884
4024 3 2 0 10 1801 1884 5410 4030
4025 3 2 0 10 1775 4019 5410 1837
4026 3 2 0 10 1358 3705 5413 3215
4027 3 2 0 10 3543 5413 3705 2273
4028 3 2 0 10 1456 5389 5416 4218
4029 3 2 0 10 2910 1460 3130 5421
4030 3 2 0 10 1364 5422 2983 3373
4031 3 2 0 10 3524 5165 3523 5423
4032 3 2 0 10 5392 2929 5405 5425
4033 3 2 0 10 3439 5430 2919 2918
4034 3 2 0 10 854 5433 2919 3117
4035 3 2 0 10 4411 5436 5356 859
4036 3 2 0 10 5377 5367 5438 1332
4037 3 2 0 10 3275 3932 5440 1370
4038 3 2 0 10 2077 5441 4532 766
4039 3 2 0 10 4879 5442 3386 4954
4040 3 2 0 10 3530 1396 5446 2944
4041 3 2 0 10 1473 1441 5446 3946
4042 3 2 0 10 781 3946 5446 1396
4043 3 2 0 10 2950 2944 5446 1441
4044 3 2 0 10 3531 2946 5447 1397
4045 3 2 0 10 1474 3947 5447 1442
4046 3 2 0 10 782 1397 5447 3947
4047 3 2 0 10 2951 1442 5447 2946
4048 3 2 0 10 1391 3231 5451 3068
4049 3 2 0 10 4009 3455 5452 1408
4050 3 2 0 10 1419 1408 5452 3204
4051 3 2 0 10 3279 1369 5454 3957
4052 3 2 0 10 770 3872 5456 768
4053 3 2 0 10 766 4532 5456 3109
4054 3 2 0 10 1573 3109 5456 3872
4055 3 2 0 10 802 768 5456 4532
4056 3 2 0 10 5393 1368 5459 1386
4057 3 2 0 10 769 767 5460 3881
4058 3 2 0 10 765 3114 5460 4527
4059 3 2 0 10 1583 3881 5460 3114
4060 3 2 0 10 803 4527 5460 767
4061 3 2 0 10 2526 756 3061 5461
4062 3 2 0 10 5114 3038 5466 2645
4063 3 2 0 10 2310 4424 5467 5001
4064 3 2 0 10 1708 3416 5469 1625
4065 3 2 0 10 1761 1625 5469 1746
4066 3 2 0 10 1363 3277 2923 5470
4067 3 2 0 10 3067 862 4473 5472
4068 3 2 0 10 1392 3067 5472 3234
4069 3 2 0 10 593 2492 5474 4593
4070 3 2 0 10 2030 4593 5474 1455
4071 3 2 0 10 631 4328 5474 2492
4072 3 2 0 10 4660 1836 5478 962
4073 3 2 0 10 933 2515 5478 5261
4074 3 2 0 10 2047 2470 5479 2753
4075 3 2 0 10 2470 2249 2737 5479
4076 3 2 0 10 1390 5481 3034 3349
4077 3 2 0 10 1588 3778 5484 4247
4078 3 2 0 10 4859 1470 5485 3729
4079 3 2 0 10 437 1976 5486 438
4080 3 2 0 10 3690 3968 5486 1976
4081 3 2 0 10 110 111 1291 5487
4082 3 2 0 10 109 110 5487 752
4083 3 2 0 10 1919 4888 5488 1734
4084 3 2 0 10 5157 5489 1983 792
4085 3 2 0 10 985 2147 5494 1771
4086 3 2 0 10 519 1866 5494 2147
4087 3 2 0 10 4625 1771 5494 4267
4088 3 2 0 10 1472 2935 5495 3460
4089 3 2 0 10 3101 613 5496 4067
4090 3 2 0 10 5400 3108 5496 3163
4091 3 2 0 10 2273 600 5497 3543
4092 3 2 0 10 584 4566 5497 600
4093 3 2 0 10 3078 3215 5498 2959
4094 3 2 0 10 1450 3211 2959 5498
4095 3 2 0 10 80 81 3427 5499
4096 3 2 0 10 3116 1497 5503 3316
4097 3 2 0 10 1488 3000 5503 3320
4098 3 2 0 10 3133 3316 5503 3000
4099 3 2 0 10 573 3320 5503 1497
4100 3 2 0 10 35 5504 3016 34
4101 3 2 0 10 778 2969 1341 4819
4102 3 2 0 10 3676 2564 5507 591
4103 3 2 0 10 1574 3512 5508 4938
4104 3 2 0 10 1826 4523 5508 3512
4105 3 2 0 10 924 5004 5512 5808
4106 3 2 0 10 1356 4368 5513 5991
4107 3 2 0 10 3359 3914 5515 1593
4108 3 2 0 10 1535 3230 5516 3222
4109 3 2 0 10 4247 5484 5519 3272
4110 3 2 0 10 1230 3550 5522 4690
4111 3 2 0 10 922 4888 5523 2165
4112 3 2 0 10 1960 5108 2165 5523
4113 3 2 0 10 4456 3366 5525 827
4114 3 2 0 10 3314 827 5525 2177
4115 3 2 0 10 3840 2934 5526 832
4116 3 2 0 10 2692 3545 4300 5527
4117 3 2 0 10 3144 824 5530 2899
4118 3 2 0 10 2958 3204 5530 824
4119 3 2 0 10 797 2899 5530 3455
4120 3 2 0 10 4928 1935 5531 5049
4121 3 2 0 10 2084 5049 5531 1019
4122 3 2 0 10 834 5532 3521 3545
4123 3 2 0 10 1458 5535 4328 2768
4124 3 2 0 10 5368 2420 5538 5483
4125 3 2 0 10 5421 5356 5539 2910
4126 3 2 0 10 5387 1372 5431 5541
4127 3 2 0 10 1671 3409 5544 5314
4128 3 2 0 10 3961 5314 5544 578
4129 3 2 0 10 1327 753 5546 1306
4130 3 2 0 10 747 1306 5546 1317
4131 3 2 0 10 4774 3183 5549 1407
4132 3 2 0 10 1544 3346 5549 2920
4133 3 2 0 10 4459 1407 5549 3346
4134 3 2 0 10 2105 1787 5552 1891
4135 3 2 0 10 3333 1335 5554 2938
4136 3 2 0 10 3485 2972 5554 3192
4137 3 2 0 10 3334 2939 5555 1334
4138 3 2 0 10 3486 3193 5555 2973
4139 3 2 0 10 5197 5556 4075 1744
4140 3 2 0 10 3078 2959 5560 858
4141 3 2 0 10 1538 4035 5560 1354
4142 3 2 0 10 3224 858 5560 4035
4143 3 2 0 10 3211 1354 5560 2959
4144 3 2 0 10 3368 3328 5561 2977
4145 3 2 0 10 756 3404 5562 3061
4146 3 2 0 10 3227 4918 5562 3404
4147 3 2 0 10 1947 4326 5564 811
4148 3 2 0 10 1390 3297 5566 5481
4149 3 2 0 10 1382 5566 3297 3024
4150 3 2 0 10 4549 2071 5568 3388
4151 3 2 0 10 4013 3388 5568 1590
4152 3 2 0 10 4548 3389 5569 2070
4153 3 2 0 10 513 5569 3389 1589
4154 3 2 0 10 4212 3262 5570 839
4155 3 2 0 10 3229 3070 3157 5571
4156 3 2 0 10 3436 3229 5571 639
4157 3 2 0 10 3736 807 5572 2077
4158 3 2 0 10 3143 5373 5572 3172
4159 3 2 0 10 3442 3172 5572 807
4160 3 2 0 10 3735 2076 5574 806
4161 3 2 0 10 5372 3171 806 5574
4162 3 2 0 10 2439 570 2870 5575
4163 3 2 0 10 2440 5576 2871 571
4164 3 2 0 10 2608 4519 5579 764
4165 3 2 0 10 2607 763 5580 4520
4166 3 2 0 10 5466 758 5581 2645
4167 3 2 0 10 5417 3001 5582 5559
4168 3 2 0 10 2663 759 4703 5583
4169 3 2 0 10 1278 1164 5585 1134
4170 3 2 0 10 1289 697 5585 1164
4171 3 2 0 10 2911 5587 3135 1461
4172 3 2 0 10 1574 3016 5588 2957
4173 3 2 0 10 4166 3105 5589 3326
4174 3 2 0 10 4240 3190 5589 3105
4175 3 2 0 10 3444 3326 5589 639
4176 3 2 0 10 2291 2993 2925 5590
4177 3 2 0 10 1657 3607 5592 2929
4178 3 2 0 10 4843 1865 5032 5593
4179 3 2 0 10 988 5151 5594 2818
4180 3 2 0 10 2258 2818 5594 1021
4181 3 2 0 10 4931 1048 5596 2136
4182 3 2 0 10 2867 2136 5596 2261
4183 3 2 0 10 2312 978 5597 1790
4184 3 2 0 10 1690 1627 5597 4342
4185 3 2 0 10 2122 4066 5598 2644
4186 3 2 0 10 3095 3026 5599 3176
4187 3 2 0 10 2693 835 5601 5172
4188 3 2 0 10 801 3827 4771 5602
4189 3 2 0 10 4076 3314 5604 1446
4190 3 2 0 10 5189 1446 5604 3150
4191 3 2 0 10 2062 5181 5607 1468
4192 3 2 0 10 1027 1894 5608 1964
4193 3 2 0 10 1761 4955 5608 1894
4194 3 2 0 10 647 1964 5608 2113
4195 3 2 0 10 3827 801 5610 612
4196 3 2 0 10 144 5166 5611 143
4197 3 2 0 10 3073 4542 5613 618
4198 3 2 0 10 4542 3380 4218 5613
4199 3 2 0 10 3040 3284 1406 5619
4200 3 2 0 10 3041 5620 1405 3285
4201 3 2 0 10 3513 638 5621 3332
4202 3 2 0 10 5469 3416 5621 3639
4203 3 2 0 10 3263 3639 5621 638
4204 3 2 0 10 5554 2972 5622 2938
4205 3 2 0 10 5555 2939 5623 2973
4206 3 2 0 10 5047 4524 5624 1754
4207 3 2 0 10 1466 4343 5624 4524
4208 3 2 0 10 1358 5626 582 3705
4209 3 2 0 10 954 5628 2100 4547
4210 3 2 0 10 2941 1371 3642 2913
4211 3 2 0 10 5424 5629 5563 2998
4212 3 2 0 10 2933 3372 5631 1532
4213 3 2 0 10 4997 3144 5631 3372
4214 3 2 0 10 3144 4642 1532 5631
4215 3 2 0 10 2064 2039 5632 1017
4216 3 2 0 10 3587 2393 5633 2352
4217 3 2 0 10 1030 3107 5639 3752
4218 3 2 0 10 5149 1477 5640 3029
4219 3 2 0 10 845 5642 2923 3371
4220 3 2 0 10 711 1196 5643 1170
4221 3 2 0 10 4489 3331 5644 5548
4222 3 2 0 10 4040 1440 5645 2927
4223 3 2 0 10 3794 3125 5645 1440
4224 3 2 0 10 2208 5646 4947 597
4225 3 2 0 10 2503 1940 5646 2208
4226 3 2 0 10 5174 4964 5647 1627
4227 3 2 0 10 3145 5648 4320 835
4228 3 2 0 10 1577 3323 5648 3145
4229 3 2 0 10 2757 1118 5650 1125
4230 3 2 0 10 702 1258 5650 1235
4231 3 2 0 10 692 1125 5650 1258
4232 3 2 0 10 1393 4239 2966 5651
4233 3 2 0 10 3284 1518 5656 1406
4234 3 2 0 10 4728 3619 5656 1518
4235 3 2 0 10 2582 1705 5661 1833
4236 3 2 0 10 2115 1833 5661 5069
4237 3 2 0 10 2019 1092 5662 1806
4238 3 2 0 10 1754 2864 5662 4851
4239 3 2 0 10 4325 1806 5662 2864
4240 3 2 0 10 4220 4851 5662 1092
4241 3 2 0 10 5209 601 5665 2173
4242 3 2 0 10 4542 2975 5665 601
4243 3 2 0 10 4120 4333 5666 1932
4244 3 2 0 10 1619 4791 5666 4333
4245 3 2 0 10 4791 783 1932 5666
4246 3 2 0 10 5279 4470 5669 1534
4247 3 2 0 10 3815 3473 5672 3331
4248 3 2 0 10 136 2230 5673 135
4249 3 2 0 10 1588 4999 5676 3778
4250 3 2 0 10 4117 1931 5677 4335
4251 3 2 0 10 1618 4335 5677 4789
4252 3 2 0 10 4789 5677 1931 784
4253 3 2 0 10 4271 2643 5679 3784
4254 3 2 0 10 4934 3784 5679 592
4255 3 2 0 10 4918 833 5680 5663
4256 3 2 0 10 1482 2964 5684 3058
4257 3 2 0 10 1481 3059 5685 2963
4258 3 2 0 10 4685 810 5044 5687
4259 3 2 0 10 70 2997 5688 69
4260 3 2 0 10 1391 3657 5689 2953
4261 3 2 0 10 3074 1344 5689 3657
4262 3 2 0 10 5544 3409 5690 2398
4263 3 2 0 10 2926 5693 3090 3060
4264 3 2 0 10 3265 4004 5694 606
4265 3 2 0 10 1435 2948 5694 4004
4266 3 2 0 10 5055 4229 5695 983
4267 3 2 0 10 5025 2255 5695 4229
4268 3 2 0 10 2428 983 5695 2255
4269 3 2 0 10 2749 3329 5697 812
4270 3 2 0 10 3597 877 5699 3177
4271 3 2 0 10 3375 3137 3177 5699
4272 3 2 0 10 2112 931 5701 1941
4273 3 2 0 10 1777 2245 5701 2055
4274 3 2 0 10 5178 1941 5701 2245
4275 3 2 0 10 1863 2055 5701 931
4276 3 2 0 10 4606 929 5702 1979
4277 3 2 0 10 3871 1979 5702 4380
4278 3 2 0 10 5389 1456 5704 3164
4279 3 2 0 10 3191 2931 5704 3208
4280 3 2 0 10 3169 3164 5704 2931
4281 3 2 0 10 3568 3208 5704 1456
4282 3 2 0 10 4213 2386 5707 3195
4283 3 2 0 10 1999 518 5708 1971
4284 3 2 0 10 937 1971 5708 1935
4285 3 2 0 10 1342 4022 2957 5709
4286 3 2 0 10 3667 3015 5711 2981
4287 3 2 0 10 3015 3263 638 5711
4288 3 2 0 10 2118 2390 5712 2093
4289 3 2 0 10 1234 2093 5712 2583
4290 3 2 0 10 4067 3617 5713 3101
4291 3 2 0 10 3162 1450 5713 3617
4292 3 2 0 10 3523 5165 5715 5164
4293 3 2 0 10 2143 2134 4092 5742
4294 3 2 0 10 1882 828 5718 5294
4295 3 2 0 10 828 4646 3796 5718
4296 3 2 0 10 1595 1880 785 5719
4297 3 2 0 10 4279 1899 5722 895
4298 3 2 0 10 2085 1984 5722 1899
4299 3 2 0 10 2291 5590 5723 4763
4300 3 2 0 10 1542 3274 5725 3821
4301 3 2 0 10 3673 1939 3821 5725
4302 3 2 0 10 821 3673 5725 3274
4303 3 2 0 10 1535 4423 5726 3230
4304 3 2 0 10 3741 1703 5726 4423
4305 3 2 0 10 2487 977 5727 1090
4306 3 2 0 10 5239 1942 5731 2094
4307 3 2 0 10 4711 2149 5731 1942
4308 3 2 0 10 3143 1348 3472 5732
4309 3 2 0 10 1445 3180 2978 5733
4310 3 2 0 10 4016 1259 5734 3112
4311 3 2 0 10 798 3253 5737 2898
4312 3 2 0 10 1409 3167 5737 3253
4313 3 2 0 10 4553 5416 2995 5740
4314 3 2 0 10 5202 2143 5742 5346
4315 3 2 0 10 4858 2004 5346 5742
4316 3 2 0 10 5552 1787 5744 4522
4317 3 2 0 10 1771 5744 1787 985
4318 3 2 0 10 1474 3079 5746 1438
4319 3 2 0 10 2515 933 5747 2162
4320 3 2 0 10 2024 4844 5747 933
4321 3 2 0 10 2862 2162 5747 2029
4322 3 2 0 10 4130 3134 5748 1259
4323 3 2 0 10 4542 3073 5749 2975
4324 3 2 0 10 2260 2046 5750 656
4325 3 2 0 10 5178 2101 5750 1941
4326 3 2 0 10 2112 1941 5750 2046
4327 3 2 0 10 2107 5751 4523 1679
4328 3 2 0 10 3339 880 5754 3915
4329 3 2 0 10 1578 2964 5754 4548
4330 3 2 0 10 3389 4548 5754 880
4331 3 2 0 10 1482 3915 5754 2964
4332 3 2 0 10 3340 3916 5755 881
4333 3 2 0 10 1579 4549 5755 2963
4334 3 2 0 10 3388 881 5755 4549
4335 3 2 0 10 1481 2963 5755 3916
4336 3 2 0 10 2703 5759 3 499
4337 3 2 0 10 759 2663 5760 3571
4338 3 2 0 10 1439 3571 5760 4122
4339 3 2 0 10 2523 5670 5761 786
4340 3 2 0 10 1402 5144 5761 3311
4341 3 2 0 10 1817 786 5761 5144
4342 3 2 0 10 817 3311 5761 5670
4343 3 2 0 10 2119 2092 4993 5762
4344 3 2 0 10 1392 2952 5763 3656
4345 3 2 0 10 3113 3656 5763 1343
4346 3 2 0 10 1384 3132 5764 3318
4347 3 2 0 10 447 446 5765 1992
4348 3 2 0 10 3214 1992 5765 3189
4349 3 2 0 10 3344 5392 5767 1374
4350 3 2 0 10 3643 2777 5768 574
4351 3 2 0 10 1432 3354 5768 3228
4352 3 2 0 10 628 3228 5768 2777
4353 3 2 0 10 3422 574 5768 3354
4354 3 2 0 10 3405 589 5769 2283
4355 3 2 0 10 54 1991 5773 53
4356 3 2 0 10 3217 3197 5773 1991
4357 3 2 0 10 4672 2478 5774 3201
4358 3 2 0 10 2161 1924 5777 975
4359 3 2 0 10 2128 975 5777 2315
4360 3 2 0 10 1920 5092 5777 1924
4361 3 2 0 10 4395 2057 5778 1228
4362 3 2 0 10 3020 5778 2057 3032
4363 3 2 0 10 2243 1228 5778 3020
4364 3 2 0 10 3567 5782 4435 2211
4365 3 2 0 10 1429 4040 2927 5783
4366 3 2 0 10 2803 3501 5784 586
4367 3 2 0 10 2054 2182 5786 893
4368 3 2 0 10 5705 1417 5787 5376
4369 3 2 0 10 3336 3151 5790 500
4370 3 2 0 10 3694 3267 5790 3099
4371 3 2 0 10 3828 3099 5790 3151
4372 3 2 0 10 4077 500 5790 3267
4373 3 2 0 10 2504 1892 4502 5793
4374 3 2 0 10 1839 5795 643 2335
4375 3 2 0 10 1420 4172 5796 4703
4376 3 2 0 10 4016 3159 5799 504
4377 3 2 0 10 1384 3318 5800 3051
4378 3 2 0 10 1338 5802 3156 3286
4379 3 2 0 10 5078 4705 5806 799
4380 3 2 0 10 1878 4713 5806 1983
4381 3 2 0 10 4780 799 5806 4713
4382 3 2 0 10 3223 5295 5810 1476
4383 3 2 0 10 3794 1476 5810 3125
4384 3 2 0 10 3394 3488 5548 857
4385 3 2 0 10 3488 1379 4489 5548
4386 3 2 0 10 3579 5812 5258 3628
4387 3 2 0 10 816 5816 3018 1340
4388 3 2 0 10 2757 542 5818 1118
4389 3 2 0 10 5650 1118 5818 1235
4390 3 2 0 10 3092 5551 5625 517
4391 3 2 0 10 5211 764 5579 1606
4392 3 2 0 10 5212 1607 5580 763
4393 3 2 0 10 1196 700 2668 5643
4394 3 2 0 10 1170 5643 2668 1219
4395 3 2 0 10 506 5734 1259 5748
4396 3 2 0 10 752 5487 1291 1300
4397 3 2 0 10 1627 5647 1790 5597
4398 3 2 0 10 1745 5618 1856 5286
4399 3 2 0 10 916 5730 1979 3871
4400 3 2 0 10 2530 1090 5727 2612
4401 3 2 0 10 977 2001 2612 5727
4402 3 2 0 10 1952 1019 5531 5698
4403 3 2 0 10 653 5339 2084 5729
4404 3 2 0 10 3247 841 5745 4770
4405 3 2 0 10 4470 2154 4770 5745
4406 3 2 0 10 1790 5032 5706 2312
4407 3 2 0 10 1779 597 2425 5534
4408 3 2 0 10 5143 2504 5793 2564
4409 3 2 0 10 5507 2564 5793 2644
4410 3 2 0 10 4992 857 5553 5605
4411 3 2 0 10 578 5544 2398 5310
4412 3 2 0 10 2700 962 5478 2515
4413 3 2 0 10 754 5067 5568 2071
4414 3 2 0 10 5568 5067 5569 513
4415 3 2 0 10 754 2070 5569 5067
4416 3 2 0 10 841 5477 2924 5745
4417 3 2 0 10 2961 5427 5480 2930
4418 3 2 0 10 1533 3385 5798 2932
4419 3 2 0 10 1359 5399 2934 3931
4420 3 2 0 10 2917 5526 2934 5399
4421 3 2 0 10 1367 5453 2937 5518
4422 3 2 0 10 2932 5398 3423 1533
4423 3 2 0 10 2933 1532 3448 2943
4424 3 2 0 10 5480 5427 5459 1368
4425 3 2 0 10 1470 5397 2954 5485
4426 3 2 0 10 5814 5490 5453 1367
4427 3 2 0 10 2968 5453 5490 2958
4428 3 2 0 10 1343 5763 2971 3433
4429 3 2 0 10 3687 3430 5689 1344
4430 3 2 0 10 2953 5689 3430 2974
4431 3 2 0 10 638 3513 2981 5711
4432 3 2 0 10 69 5688 5384 68
4433 3 2 0 10 4368 832 5526 5513
4434 3 2 0 10 822 5439 3010 3527
4435 3 2 0 10 583 5319 3029 5640
4436 3 2 0 10 71 72 5691 5395
4437 3 2 0 10 3120 5116 5749 3073
4438 3 2 0 10 4291 758 5466 3588
4439 3 2 0 10 3038 3075 3588 5466
4440 3 2 0 10 5682 3077 5543 5355
4441 3 2 0 10 3342 2173 5665 3107
4442 3 2 0 10 5440 5360 5696 1370
4443 3 2 0 10 2911 3111 5696 5360
4444 3 2 0 10 5295 517 5625 5810
4445 3 2 0 10 3314 2177 850 5604
4446 3 2 0 10 4172 3150 5604 850
4447 3 2 0 10 3184 5771 3669 3153
4448 3 2 0 10 639 5571 3157 3444
4449 3 2 0 10 3084 3850 5400 3163
4450 3 2 0 10 639 5589 3190 3436
4451 3 2 0 10 2567 5319 3195 5707
4452 3 2 0 10 850 2177 5525 5717
4453 3 2 0 10 3366 3199 5717 5525
4454 3 2 0 10 1372 5435 5619 3206
4455 3 2 0 10 1373 3207 5620 5434
4456 3 2 0 10 5413 5542 5498 3215
4457 3 2 0 10 2376 4610 3223 5493
4458 3 2 0 10 757 5561 3328 4959
4459 3 2 0 10 877 4415 3375 5699
4460 3 2 0 10 2566 5690 3409 5303
4461 3 2 0 10 1708 5445 5621 3416
4462 3 2 0 10 3749 4463 5499 3427
4463 3 2 0 10 5498 5542 5713 1450
4464 3 2 0 10 5413 3543 5713 5542
4465 3 2 0 10 3101 5713 3543 5497
4466 3 2 0 10 1403 5815 2913 3642
4467 3 2 0 10 4485 4559 5494 1866
4468 3 2 0 10 910 4267 5494 4559
4469 3 2 0 10 2933 5436 4411 842
4470 3 2 0 10 5453 2968 5420 2937
4471 3 2 0 10 842 4411 5420 2968
4472 3 2 0 10 2644 5793 4502 2122
4473 3 2 0 10 1771 4625 4522 5744
4474 3 2 0 10 3101 5497 4566 613
4475 3 2 0 10 4809 895 5722 2023
4476 3 2 0 10 1984 4899 2023 5722
4477 3 2 0 10 3061 5562 4918 5663
4478 3 2 0 10 1945 1706 5646 1940
4479 3 2 0 10 4976 4947 5646 1706
4480 3 2 0 10 2314 5567 5027 5584
4481 3 2 0 10 1021 5594 2285 1145
4482 3 2 0 10 1916 2285 5594 5151
4483 3 2 0 10 2039 5220 2068 5632
4484 3 2 0 10 1458 4065 1454 5535
4485 3 2 0 10 3068 861 5648 3323
4486 3 2 0 10 3067 3521 5532 862
4487 3 2 0 10 1800 805 5527 4300
4488 3 2 0 10 3204 5452 3455 5530
4489 3 2 0 10 2912 5928 3729 5485
4490 3 2 0 10 75 5779 4510 74
4491 3 2 0 10 4248 3544 4510 5779
4492 3 2 0 10 5610 801 5687 5044
4493 3 2 0 10 5416 4553 5613 4218
4494 3 2 0 10 5032 1790 5647 5593
4495 3 2 0 10 4964 4843 5593 5647
4496 3 2 0 10 770 768 3289 5394
4497 3 2 0 10 4019 680 4030 5410
4498 3 2 0 10 3196 1455 5474 1454
4499 3 2 0 10 5535 1454 5474 4328
4500 3 2 0 10 1717 1887 5122 5406
4501 3 2 0 10 3 5759 2858 155
4502 3 2 0 10 561 2858 5759 2703
4503 3 2 0 10 2312 5706 1808 2049
4504 3 2 0 10 5441 5373 802 4532
4505 3 2 0 10 1960 5523 4888 1919
4506 3 2 0 10 1924 688 5686 1920
4507 3 2 0 10 1788 1920 5686 5009
4508 3 2 0 10 612 5610 1946 2651
4509 3 2 0 10 810 1946 5610 5044
4510 3 2 0 10 2924 5669 4470 5745
4511 3 2 0 10 4092 4996 4858 5742
4512 3 2 0 10 1868 5807 905 4177
4513 3 2 0 10 2804 5664 4280 585
4514 3 2 0 10 2803 586 4281 5653
4515 3 2 0 10 2814 2325 5475 1506
4516 3 2 0 10 2815 1507 5476 2326
4517 3 2 0 10 1200 1235 5818 1328
4518 3 2 0 10 5343 1328 5818 2877
4519 3 2 0 10 792 1983 5806 1785
4520 3 2 0 10 1877 1785 5806 4705
4521 3 2 0 10 3386 5442 5341 640
4522 3 2 0 10 4832 2155 5409 1033
4523 3 2 0 10 2119 5762 4446 2170
4524 3 2 0 10 2024 933 5261 5803
4525 3 2 0 10 3201 5774 5533 793
4526 3 2 0 10 2918 5533 5774 3317
4527 3 2 0 10 1704 5700 4941 1841
4528 3 2 0 10 1649 5612 5341 4390
4529 3 2 0 10 3732 4318 5602 1522
4530 3 2 0 10 1516 1522 5602 4771
4531 3 2 0 10 2841 2583 5712 2900
4532 3 2 0 10 2390 2887 2900 5712
4533 3 2 0 10 1744 5753 1817 761
4534 3 2 0 10 2007 5448 4624 908
4535 3 2 0 10 1740 1691 4624 5448
4536 3 2 0 10 3503 5656 3619 3993
4537 3 2 0 10 2645 5581 2942 3184
4538 3 2 0 10 3518 1746 5469 3639
4539 3 2 0 10 1979 5730 1730 4606
4540 3 2 0 10 4198 1595 5719 818
4541 3 2 0 10 5051 2322 5719 785
4542 3 2 0 10 818 5719 2322 5231
4543 3 2 0 10 3701 1631 5718 3796
4544 3 2 0 10 3592 5294 5718 1631
4545 3 2 0 10 1082 1252 5479 2737
4546 3 2 0 10 1101 2753 5479 1252
4547 3 2 0 10 1753 4136 5552 4522
4548 3 2 0 10 1891 5552 4136 4831
4549 3 2 0 10 2995 5607 5181 569
4550 3 2 0 10 3231 2195 4476 5451
4551 3 2 0 10 3234 5472 4473 2196
4552 3 2 0 10 1856 5618 4935 4313
4553 3 2 0 10 135 5673 2575 134
4554 3 2 0 10 2230 1088 2575 5673
4555 3 2 0 10 5391 3007 5361 5492
4556 3 2 0 10 3054 1332 5355 5358
4557 3 2 0 10 2933 5539 5356 5436
4558 3 2 0 10 4471 5797 5421 3130
4559 3 2 0 10 859 5356 5421 5797
4560 3 2 0 10 3016 5504 5357 5588
4561 3 2 0 10 3932 5398 5437 5440
4562 3 2 0 10 2911 5360 5440 5437
4563 3 2 0 10 3957 5454 5443 2943
4564 3 2 0 10 1369 5363 5443 5454
4565 3 2 0 10 5688 2988 5788 5384
4566 3 2 0 10 2935 5369 5384 5788
4567 3 2 0 10 2077 5572 5373 5441
4568 3 2 0 10 2947 5376 5787 5407
4569 3 2 0 10 3054 5428 5377 1332
4570 3 2 0 10 2966 5767 5392 5425
4571 3 2 0 10 2932 5520 5437 5398
4572 3 2 0 10 5363 2910 5539 5443
4573 3 2 0 10 2933 2943 5443 5539
4574 3 2 0 10 5637 3870 5721 5559
4575 3 2 0 10 1345 5417 5559 5721
4576 3 2 0 10 5810 5625 5645 3125
4577 3 2 0 10 2927 5645 5625 5429
4578 3 2 0 10 3059 5541 5431 5685
4579 3 2 0 10 1373 5540 5684 5432
4580 3 2 0 10 3010 5439 5657 3870
4581 3 2 0 10 3456 5519 5484 5772
4582 3 2 0 10 857 5548 5644 5553
4583 3 2 0 10 3510 5637 5559 5582
4584 3 2 0 10 3501 5563 5629 5638
4585 3 2 0 10 3473 839 5570 5672
4586 3 2 0 10 3331 5672 5570 5644
4587 3 2 0 10 3039 5781 5663 5680
4588 3 2 0 10 2935 5788 5794 5495
4589 3 2 0 10 5005 2979 5758 2936
4590 3 2 0 10 5665 2975 5639 3107
4591 3 2 0 10 5601 2663 5583 5172
4592 3 2 0 10 2693 5172 5583 2430
4593 3 2 0 10 3764 760 5697 4262
4594 3 2 0 10 4231 1716 4803 5614
4595 3 2 0 10 4249 5603 4814 1721
4596 3 2 0 10 1320 3693 5603 4249
4597 3 2 0 10 4237 1805 4014 5789
4598 3 2 0 10 1370 5696 3155 3515
4599 3 2 0 10 3111 3005 3155 5696
4600 3 2 0 10 1649 3622 3256 5612
4601 3 2 0 10 3256 640 5341 5612
4602 3 2 0 10 4329 1349 5444 5758
4603 3 2 0 10 5116 1349 4329 5749
4604 3 2 0 10 2975 5749 4329 5639
4605 3 2 0 10 2898 5737 2945 823
4606 3 2 0 10 3647 3097 5784 1352
4607 3 2 0 10 586 5784 3097 3464
4608 3 2 0 10 3501 5638 1352 5784
4609 3 2 0 10 5803 4667 5681 2024
4610 3 2 0 10 924 5681 4667 4745
4611 3 2 0 10 1505 3100 5813 3463
4612 3 2 0 10 3463 5813 3510 585
4613 3 2 0 10 3230 5726 77 78
4614 3 2 0 10 76 77 5726 1703
4615 3 2 0 10 5373 3143 5457 802
4616 3 2 0 10 768 802 5457 3289
4617 3 2 0 10 1381 3605 5502 5627
4618 3 2 0 10 3291 2990 5411 2994
4619 3 2 0 10 2994 5411 5799 3159
4620 3 2 0 10 1734 5488 2051 4552
4621 3 2 0 10 4138 2051 5488 4604
4622 3 2 0 10 4888 922 4604 5488
4623 3 2 0 10 4818 908 4624 5630
4624 3 2 0 10 1927 5145 5630 1818
4625 3 2 0 10 4109 5470 2930 5480
4626 3 2 0 10 587 2069 4690 5522
4627 3 2 0 10 2131 587 5522 4465
4628 3 2 0 10 1381 5627 5809 4511
4629 3 2 0 10 2370 1816 4475 5262
4630 3 2 0 10 5171 4612 5262 4475
4631 3 2 0 10 5051 785 5710 5396
4632 3 2 0 10 3209 5617 5051 1623
4633 3 2 0 10 3030 2996 5670 2523
4634 3 2 0 10 817 5670 2996 3327
4635 3 2 0 10 4531 2146 4781 5030
4636 3 2 0 10 1967 935 5059 4210
4637 3 2 0 10 4981 3008 5748 3134
4638 3 2 0 10 506 5748 3008 3081
4639 3 2 0 10 1280 3082 5734 506
4640 3 2 0 10 3112 5734 3082 3011
4641 3 2 0 10 5522 3550 5654 4465
4642 3 2 0 10 3550 4939 4071 5654
4643 3 2 0 10 1992 3034 448 447
4644 3 2 0 10 71 5395 2997 70
4645 3 2 0 10 3729 5928 460 459
4646 3 2 0 10 5504 35 36 5357
4647 3 2 0 10 48 5383 5510 47
4648 3 2 0 10 3607 431 430 5592
4649 3 2 0 10 429 5473 5592 430
4650 3 2 0 10 2929 5592 5473 5405
4651 3 2 0 10 464 5524 5465 465
4652 3 2 0 10 5577 5465 5524 5414
4653 3 2 0 10 465 5465 1758 466
4654 3 2 0 10 3548 1758 5465 5577
4655 3 2 0 10 792 1545 854 5157
4656 3 2 0 10 3460 3048 5636 3131
4657 3 2 0 10 3131 5636 3591 3269
4658 3 2 0 10 924 5808 1644 5681
4659 3 2 0 10 1973 3310 4940 4840
4660 3 2 0 10 1972 4841 4946 3308
4661 3 2 0 10 1364 3930 5518 5422
4662 3 2 0 10 2983 5422 5518 2937
4663 3 2 0 10 3548 5577 3930 1364
4664 3 2 0 10 3930 5577 5414 5366
4665 3 2 0 10 1457 3787 5258 3278
4666 3 2 0 10 594 2213 5258 3787
4667 3 2 0 10 2181 3789 2393 1029
4668 3 2 0 10 4840 5203 4451 1973
4669 3 2 0 10 4841 1972 4450 5291
4670 3 2 0 10 2143 5202 4841 5291
4671 3 2 0 10 5310 2398 5379 1320
4672 3 2 0 10 1569 3693 1320 5379
4673 3 2 0 10 3911 1851 4876 4512
4674 3 2 0 10 3876 4875 1850 4513
4675 3 2 0 10 4310 2989 5649 3002
4676 3 2 0 10 5355 1332 5438 5682
4677 3 2 0 10 3343 3043 5682 5438
4678 3 2 0 10 3453 3077 5682 3043
4679 3 2 0 10 4669 4385 4446 4561
4680 3 2 0 10 5762 4993 4561 4446
4681 3 2 0 10 2181 1970 1671 3789
4682 3 2 0 10 5633 2393 3789 3961
4683 3 2 0 10 1671 5314 3961 3789
4684 3 2 0 10 3062 1534 5669 5815
4685 3 2 0 10 2924 2913 5815 5669
4686 3 2 0 10 5566 1382 5565 5481
4687 3 2 0 10 5027 1099 5141 5584
4688 3 2 0 10 5534 2425 5584 5141
4689 3 2 0 10 2314 5584 2425 2102
4690 3 2 0 10 1451 3149 4816 4024
4691 3 2 0 10 4024 4816 4175 4628
4692 3 2 0 10 516 3021 5371 5462
4693 3 2 0 10 5365 3417 1403 5471
4694 3 2 0 10 4096 5229 4400 3955
4695 3 2 0 10 845 860 5404 5642
4696 3 2 0 10 5470 2923 5642 2930
4697 3 2 0 10 2961 2930 5642 5404
4698 3 2 0 10 4254 5285 4968 795
4699 3 2 0 10 3511 3039 5680 1355
4700 3 2 0 10 833 2978 1355 5680
4701 3 2 0 10 3213 4763 5723 3835
4702 3 2 0 10 5325 1083 5282 2260
4703 3 2 0 10 649 5306 5282 1083
4704 3 2 0 10 4275 938 5229 1915
4705 3 2 0 10 1915 5229 4096 3999
4706 3 2 0 10 3355 5502 3605 1389
4707 3 2 0 10 5401 5502 3355 3037
4708 3 2 0 10 568 4156 4558 3250
4709 3 2 0 10 4855 3791 4558 4156
4710 3 2 0 10 4404 4356 5661 1682
4711 3 2 0 10 646 5069 5661 4356
4712 3 2 0 10 1347 5658 2951 2946
4713 3 2 0 10 1387 5658 1347 3475
4714 3 2 0 10 3530 2944 5652 1348
4715 3 2 0 10 1388 5652 2944 2950
4716 3 2 0 10 1388 3472 1348 5652
4717 3 2 0 10 590 627 5654 4071
4718 3 2 0 10 627 2131 4465 5654
4719 3 2 0 10 3860 1659 5229 938
4720 3 2 0 10 1659 3768 4400 5229
4721 3 2 0 10 841 5005 2531 5477
4722 3 2 0 10 3456 773 5801 5519
4723 3 2 0 10 4035 3272 5519 3224
4724 3 2 0 10 789 4925 4770 2154
4725 3 2 0 10 1465 3247 4770 4609
4726 3 2 0 10 4609 4770 4925 5213
4727 3 2 0 10 1779 5534 4059 3965
4728 3 2 0 10 5141 1975 4059 5534
4729 3 2 0 10 1701 4900 1874 4563
4730 3 2 0 10 4305 5674 615 4360
4731 3 2 0 10 4301 4359 617 5675
4732 3 2 0 10 1256 2864 1754 5624
4733 3 2 0 10 3468 1256 5624 4343
4734 3 2 0 10 3374 5408 2915 5429
4735 3 2 0 10 5100 5775 4920 1772
4736 3 2 0 10 5800 3318 5764 1496
4737 3 2 0 10 572 1496 5764 3321
4738 3 2 0 10 3132 2999 3321 5764
4739 3 2 0 10 3089 1520 5796 5259
4740 3 2 0 10 1520 5136 2430 5796
4741 3 2 0 10 2430 5583 4703 5796
4742 3 2 0 10 2942 5505 5771 3184
4743 3 2 0 10 1372 5387 2955 5435
4744 3 2 0 10 5619 5435 2955 3040
4745 3 2 0 10 5540 1373 5434 5386
4746 3 2 0 10 2986 5386 5434 2956
4747 3 2 0 10 5620 3041 2956 5434
4748 3 2 0 10 5133 3169 5599 3026
4749 3 2 0 10 4983 1897 5339 653
4750 3 2 0 10 4807 1792 5339 1897
4751 3 2 0 10 4514 5318 5339 1792
4752 3 2 0 10 3034 5481 5565 5380
4753 3 2 0 10 2941 2913 2924 5381
4754 3 2 0 10 2531 5381 2924 5477
4755 3 2 0 10 3119 5655 2931 3191
4756 3 2 0 10 3169 2931 5655 5599
4757 3 2 0 10 2504 5143 4100 628
4758 3 2 0 10 2396 5724 5655 3119
4759 3 2 0 10 2396 3004 3176 5724
4760 3 2 0 10 369 370 3593 4670
4761 3 2 0 10 2034 4662 4670 3593
4762 3 2 0 10 3075 4722 4100 5289
4763 3 2 0 10 938 5089 1692 3860
4764 3 2 0 10 2314 4531 5030 5567
4765 3 2 0 10 4781 5103 5775 5030
4766 3 2 0 10 5480 1368 5393 4109
4767 3 2 0 10 2974 5694 2948 2953
4768 3 2 0 10 5035 5191 2354 4137
4769 3 2 0 10 792 5606 3670 1545
4770 3 2 0 10 792 1785 4419 5606
4771 3 2 0 10 898 3459 5606 4419
4772 3 2 0 10 1374 3670 5606 3459
4773 3 2 0 10 579 5274 5374 2386
4774 3 2 0 10 5614 3700 5374 4231
4775 3 2 0 10 4231 5374 5274 4375
4776 3 2 0 10 811 5564 5367 2993
4777 3 2 0 10 1459 3343 5564 4326
4778 3 2 0 10 3343 5438 5367 5564
4779 3 2 0 10 3645 4487 4292 4678
4780 3 2 0 10 5656 3503 5805 1406
4781 3 2 0 10 5619 1406 5805 3206
4782 3 2 0 10 2903 2656 2739 2497
4783 3 2 0 10 5787 4439 4137 2985
4784 3 2 0 10 4137 4439 4580 5035
4785 3 2 0 10 886 4959 3328 5020
4786 3 2 0 10 886 4828 3370 4959
4787 3 2 0 10 5419 5138 4844 1644
4788 3 2 0 10 2024 5681 1644 4844
4789 3 2 0 10 5138 2029 5747 4844
4790 3 2 0 10 2966 1362 2982 5767
4791 3 2 0 10 3670 1374 5767 2982
4792 3 2 0 10 517 5295 3056 4123
4793 3 2 0 10 3223 4610 3056 5295
4794 3 2 0 10 2972 3492 509 5622
4795 3 2 0 10 3333 2938 5622 2991
4796 3 2 0 10 509 3557 2991 5622
4797 3 2 0 10 2973 5623 509 3492
4798 3 2 0 10 3334 2992 5623 2939
4799 3 2 0 10 509 5623 2992 3558
4800 3 2 0 10 1093 3956 2339 2653
4801 3 2 0 10 2937 5420 4824 2983
4802 3 2 0 10 5020 3328 3368 4664
4803 3 2 0 10 1316 4664 3368 4345
4804 3 2 0 10 2319 5781 3039 3511
4805 3 2 0 10 5663 5781 5461 3061
4806 3 2 0 10 2989 2526 5461 4282
4807 3 2 0 10 2319 4282 5461 5781
4808 3 2 0 10 4276 1774 4226 971
4809 3 2 0 10 1376 4534 4226 3122
4810 3 2 0 10 971 4226 4534 4246
4811 3 2 0 10 5518 3930 5366 1367
4812 3 2 0 10 1367 5366 5359 5814
4813 3 2 0 10 4932 776 5077 5506
4814 3 2 0 10 3136 853 5506 5077
4815 3 2 0 10 2642 5254 2627 706
4816 3 2 0 10 2625 5254 2642 710
4817 3 2 0 10 1017 5811 1875 2193
4818 3 2 0 10 3445 4128 3647 3525
4819 3 2 0 10 3097 3647 4128 5098
4820 3 2 0 10 3520 5511 2916 5657
4821 3 2 0 10 4603 1764 4274 5077
4822 3 2 0 10 4724 3136 5077 4274
4823 3 2 0 10 5814 1385 1419 5490
4824 3 2 0 10 1419 3204 2958 5490
4825 3 2 0 10 2531 5415 855 5336
4826 3 2 0 10 2936 5758 5444 5415
4827 3 2 0 10 2704 418 417 2174
4828 3 2 0 10 416 1198 2174 417
4829 3 2 0 10 3634 4779 4323 4570
4830 3 2 0 10 3010 3870 5637 3652
4831 3 2 0 10 3510 5813 3652 5637
4832 3 2 0 10 2174 5254 2625 2704
4833 3 2 0 10 2625 5134 2655 2704
4834 3 2 0 10 3223 3014 5735 5493
4835 3 2 0 10 5558 2871 5576 2553
4836 3 2 0 10 3991 2553 5576 5674
4837 3 2 0 10 2440 615 5674 5576
4838 3 2 0 10 5557 580 5575 2870
4839 3 2 0 10 3990 5675 5575 580
4840 3 2 0 10 2439 5575 5675 617
4841 3 2 0 10 446 445 3189 5765
4842 3 2 0 10 3162 3617 4188 3722
4843 3 2 0 10 5463 3018 5816 3174
4844 3 2 0 10 3627 5458 3174 5816
4845 3 2 0 10 2267 4233 2726 2298
4846 3 2 0 10 1991 54 55 5375
4847 3 2 0 10 56 3037 5375 55
4848 3 2 0 10 1346 3476 4310 3002
4849 3 2 0 10 3476 4110 3869 4310
4850 3 2 0 10 3054 5358 5364 5426
4851 3 2 0 10 3898 1357 5640 1477
4852 3 2 0 10 1357 3717 583 5640
4853 3 2 0 10 2059 4850 5058 2150
4854 3 2 0 10 1054 4452 5058 4850
4855 3 2 0 10 4949 2484 629 2058
4856 3 2 0 10 2058 629 2647 2643
4857 3 2 0 10 3519 3585 5690 2566
4858 3 2 0 10 2398 5690 3585 5379
4859 3 2 0 10 4314 4194 4136 3837
4860 3 2 0 10 4136 4194 5403 4831
4861 3 2 0 10 5688 2997 5468 2988
4862 3 2 0 10 5788 2988 5468 5794
4863 3 2 0 10 1386 1418 5794 5468
4864 3 2 0 10 1434 5284 1451 3158
4865 3 2 0 10 1075 1993 5050 4776
4866 3 2 0 10 4086 2020 4932 4999
4867 3 2 0 10 5506 5676 4999 4932
4868 3 2 0 10 1444 3202 3874 4885
4869 3 2 0 10 3874 3226 4511 4885
4870 3 2 0 10 3257 4885 4511 5809
4871 3 2 0 10 1761 2287 4427 5245
4872 3 2 0 10 2460 5245 4427 4399
4873 3 2 0 10 5100 2370 5027 5775
4874 3 2 0 10 5027 5567 5030 5775
4875 3 2 0 10 1840 5182 4196 972
4876 3 2 0 10 3367 4077 4196 5182
4877 3 2 0 10 4636 5603 3693 1569
4878 3 2 0 10 4636 2817 4814 5603
4879 3 2 0 10 5389 3164 1468 5607
4880 3 2 0 10 2995 5416 5389 5607
4881 3 2 0 10 2919 5433 5533 2918
4882 3 2 0 10 854 793 5533 5433
4883 3 2 0 10 1386 5459 3167 1418
4884 3 2 0 10 5737 3167 5459 2945
4885 3 2 0 10 2301 4761 4586 866
4886 3 2 0 10 2787 868 4761 2301
4887 3 2 0 10 3700 5614 4614 1568
4888 3 2 0 10 4614 5614 4803 2816
4889 3 2 0 10 4981 3134 4130 4887
4890 3 2 0 10 3367 4154 4377 3210
4891 3 2 0 10 3006 855 5415 5444
4892 3 2 0 10 1349 5116 3006 5444
4893 3 2 0 10 5275 5171 4475 2100
4894 3 2 0 10 1898 4387 5171 5275
4895 3 2 0 10 2300 865 4576 4755
4896 3 2 0 10 2786 2300 4755 867
4897 3 2 0 10 504 4130 1259 4016
4898 3 2 0 10 450 5550 3161 451
4899 3 2 0 10 4972 2804 5582 3001
4900 3 2 0 10 585 3510 5582 2804
4901 3 2 0 10 3851 1276 746 1552
4902 3 2 0 10 3742 1552 746 2008
4903 3 2 0 10 811 3989 1524 4839
4904 3 2 0 10 800 4839 1524 4208
4905 3 2 0 10 5464 3173 5817 3017
4906 3 2 0 10 2567 5707 5382 3496
4907 3 2 0 10 2386 5374 5382 5707
4908 3 2 0 10 5017 2998 5563 607
4909 3 2 0 10 607 5563 3501 2803
4910 3 2 0 10 569 4588 5740 2995
4911 3 2 0 10 1874 4773 5099 4545
4912 3 2 0 10 3126 4118 4726 1502
4913 3 2 0 10 4058 1948 4118 3126
4914 3 2 0 10 49 5515 5383 48
4915 3 2 0 10 50 1593 5515 49
4916 3 2 0 10 5729 5173 4983 653
4917 3 2 0 10 4983 5173 4739 3998
4918 3 2 0 10 90 91 4145 5207
4919 3 2 0 10 2217 1152 5207 4145
4920 3 2 0 10 5045 3001 5417 2976
4921 3 2 0 10 2976 5417 1345 591
4922 3 2 0 10 3529 3697 4835 4746
4923 3 2 0 10 4261 4746 4408 3920
4924 3 2 0 10 2080 4408 4746 4835
4925 3 2 0 10 1221 1875 5811 2475
4926 3 2 0 10 5002 4856 5242 4319
4927 3 2 0 10 4190 5248 5242 4856
4928 3 2 0 10 1689 1710 4813 4407
4929 3 2 0 10 1903 4398 4813 1710
4930 3 2 0 10 5483 505 5776 3156
4931 3 2 0 10 1376 3286 3156 5776
4932 3 2 0 10 3587 4771 3827 4506
4933 3 2 0 10 5750 2101 5296 656
4934 3 2 0 10 656 5296 1310 1905
4935 3 2 0 10 978 5252 4342 5597
4936 3 2 0 10 3808 4243 4758 5046
4937 3 2 0 10 5308 4912 5046 4758
4938 3 2 0 10 2878 490 489 2833
4939 3 2 0 10 488 2401 2833 489
4940 3 2 0 10 5818 542 4937 2877
4941 3 2 0 10 2895 2851 5324 4937
4942 3 2 0 10 1186 2877 4937 5324
4943 3 2 0 10 648 4578 4675 5124
4944 3 2 0 10 3406 4759 4363 838
4945 3 2 0 10 3440 4698 4380 3352
4946 3 2 0 10 5395 2984 5468 2997
4947 3 2 0 10 4923 935 4904 5248
4948 3 2 0 10 3329 2749 5348 4175
4949 3 2 0 10 2749 3614 4288 5348
4950 3 2 0 10 1338 4057 4489 5537
4951 3 2 0 10 4489 4057 3815 3331
4952 3 2 0 10 1410 5573 3019 2980
4953 3 2 0 10 4392 3055 5573 1410
4954 3 2 0 10 390 391 4105 5741
4955 3 2 0 10 5162 3734 5741 4957
4956 3 2 0 10 4765 2042 5126 4985
4957 3 2 0 10 2802 1251 5349 2793
4958 3 2 0 10 1251 2715 2603 5349
4959 3 2 0 10 1161 2793 5349 2639
4960 3 2 0 10 3283 3379 3332 4033
4961 3 2 0 10 5621 5445 4033 3332
4962 3 2 0 10 854 3117 4087 5157
4963 3 2 0 10 5310 4372 5202 5346
4964 3 2 0 10 4372 4946 4841 5202
4965 3 2 0 10 2905 990 2673 2821
4966 3 2 0 10 2596 2628 2905 2821
4967 3 2 0 10 4046 4759 3913 3057
4968 3 2 0 10 5140 3913 4759 3406
4969 3 2 0 10 1310 5296 5135 660
4970 3 2 0 10 5178 941 5296 2101
4971 3 2 0 10 2246 5135 5296 941
4972 3 2 0 10 4411 859 4824 5420
4973 3 2 0 10 859 5797 4471 4824
4974 3 2 0 10 3352 4380 5702 5329
4975 3 2 0 10 2144 5203 4375 5297
4976 3 2 0 10 4375 5203 4840 4940
4977 3 2 0 10 909 4659 1596 2112
4978 3 2 0 10 2785 5350 525 1268
4979 3 2 0 10 1081 4681 525 5350
4980 3 2 0 10 1958 4331 4317 644
4981 3 2 0 10 2097 474 473 3973
4982 3 2 0 10 5602 4318 5687 801
4983 3 2 0 10 4685 5687 4318 1525
4984 3 2 0 10 885 2074 4893 5247
4985 3 2 0 10 899 4389 4893 2074
4986 3 2 0 10 2121 5302 2242 4796
4987 3 2 0 10 130 131 4796 2242
4988 3 2 0 10 2557 4796 131 132
4989 3 2 0 10 1345 3049 4114 4653
4990 3 2 0 10 2271 1832 4853 5233
4991 3 2 0 10 2498 4806 4853 1832
4992 3 2 0 10 3615 4075 4693 900
4993 3 2 0 10 900 4693 4985 4393
4994 3 2 0 10 3499 3937 5307 4201
4995 3 2 0 10 2075 2281 5412 5272
4996 3 2 0 10 5138 5419 4466 682
4997 3 2 0 10 1943 643 5795 5253
4998 3 2 0 10 1885 5253 5273 946
4999 3 2 0 10 5273 5253 5795 1839
5000 3 2 0 10 5239 4794 5110 4197
5001 3 2 0 10 3319 5110 4794 4464
5002 3 2 0 10 4221 4085 5595 1561
5003 3 2 0 10 1995 5595 4085 4744
5004 3 2 0 10 1516 4996 3732 1522
5005 3 2 0 10 1516 2352 4858 4996
5006 3 2 0 10 5101 642 5786 2095
5007 3 2 0 10 1129 2095 5786 2182
5008 3 2 0 10 2188 641 5048 4740
5009 3 2 0 10 1079 2188 4740 5105
5010 3 2 0 10 1596 4659 1814 4474
5011 3 2 0 10 3538 5378 5714 1337
5012 3 2 0 10 5714 3090 5693 1337
5013 3 2 0 10 1337 5693 2926 3104
5014 3 2 0 10 5817 5455 5215 3626
5015 3 2 0 10 4203 5215 5455 3806
5016 3 2 0 10 3494 1448 4080 5501
5017 3 2 0 10 3495 5500 4079 1447
5018 3 2 0 10 4204 1429 5783 3805
5019 3 2 0 10 5429 2915 5783 2927
5020 3 2 0 10 2966 5425 5405 5651
5021 3 2 0 10 853 3136 5705 3225
5022 3 2 0 10 4724 1417 5705 3136
5023 3 2 0 10 3688 1938 3213 3835
5024 3 2 0 10 63 3019 5573 62
5025 3 2 0 10 62 5573 3055 61
5026 3 2 0 10 3723 3405 5081 1502
5027 3 2 0 10 4626 5081 3405 2283
5028 3 2 0 10 4686 1481 3916 5015
5029 3 2 0 10 2827 5015 3916 1637
5030 3 2 0 10 4687 5014 3915 1482
5031 3 2 0 10 2828 1638 3915 5014
5032 3 2 0 10 4413 4165 3401 4892
5033 3 2 0 10 3401 4577 4504 4892
5034 3 2 0 10 876 3766 3943 4355
5035 3 2 0 10 2204 5085 689 5756
5036 3 2 0 10 2204 5756 1054 1000
5037 3 2 0 10 689 4452 1054 5756
5038 3 2 0 10 4174 5106 4716 5257
5039 3 2 0 10 3918 4469 3659 4751
5040 3 2 0 10 1846 4709 5147 4032
5041 3 2 0 10 4710 4872 5147 4709
5042 3 2 0 10 2318 4499 5740 4588
5043 3 2 0 10 5155 4186 4684 4272
5044 3 2 0 10 3095 4048 3421 4684
5045 3 2 0 10 777 4272 5175 1928
5046 3 2 0 10 4684 3421 5175 4272
5047 3 2 0 10 5122 1887 5234 5146
5048 3 2 0 10 887 5578 5122 5146
5049 3 2 0 10 1393 4373 4428 987
5050 3 2 0 10 4708 4287 4564 635
5051 3 2 0 10 635 4564 4002 5266
5052 3 2 0 10 3846 5301 4002 4564
5053 3 2 0 10 1013 2175 4847 4906
5054 3 2 0 10 1974 4906 4847 4429
5055 3 2 0 10 2990 2947 5385 5411
5056 3 2 0 10 4540 4256 4422 4990
5057 3 2 0 10 3183 4774 3671 4530
5058 3 2 0 10 5648 861 4509 4320
5059 3 2 0 10 2804 4972 1929 5664
5060 3 2 0 10 1929 624 2326 5664
5061 3 2 0 10 5476 4280 5664 2326
5062 3 2 0 10 3765 4047 4654 4010
5063 3 2 0 10 4047 4705 5078 4654
5064 3 2 0 10 2789 2764 2667 1180
5065 3 2 0 10 2837 2831 2764 2789
5066 3 2 0 10 1338 1375 4183 4057
5067 3 2 0 10 2392 3815 4057 4183
5068 3 2 0 10 1629 4432 1561 4284
5069 3 2 0 10 2803 5653 1930 4975
5070 3 2 0 10 1930 5653 2325 623
5071 3 2 0 10 5475 2325 5653 4281
5072 3 2 0 10 3054 5426 3261 5428
5073 3 2 0 10 4863 3970 5214 4102
5074 3 2 0 10 3970 4787 4692 5214
5075 3 2 0 10 1994 4152 4717 4958
5076 3 2 0 10 2140 4958 4717 4273
5077 3 2 0 10 1759 1178 4066 2558
5078 3 2 0 10 3443 3892 4066 1178
5079 3 2 0 10 2606 2558 4066 2122
5080 3 2 0 10 4493 4965 4236 4299
5081 3 2 0 10 3780 4236 4965 4922
5082 3 2 0 10 4834 4878 4922 4965
5083 3 2 0 10 2138 2236 5596 1048
5084 3 2 0 10 2261 5596 2236 1868
5085 3 2 0 10 3695 4224 4914 3115
5086 3 2 0 10 757 3129 4029 4224
5087 3 2 0 10 3480 4914 4224 4029
5088 3 2 0 10 610 3290 3387 5449
5089 3 2 0 10 3387 4626 2283 5449
5090 3 2 0 10 5769 4536 5449 2283
5091 3 2 0 10 2031 642 5101 4971
5092 3 2 0 10 4620 4971 5062 4622
5093 3 2 0 10 1679 5062 4971 5101
5094 3 2 0 10 991 4739 5173 3897
5095 3 2 0 10 3225 3456 5772 853
5096 3 2 0 10 5484 3778 5676 5772
5097 3 2 0 10 853 5772 5676 5506
5098 3 2 0 10 1764 1156 4724 4274
5099 3 2 0 10 5787 1417 4724 4439
5100 3 2 0 10 1156 4580 4439 4724
5101 3 2 0 10 2138 1048 4931 1661
5102 3 2 0 10 5403 4194 5273 1839
5103 3 2 0 10 4194 4314 5127 5273
5104 3 2 0 10 965 4386 1838 5318
5105 3 2 0 10 2084 5339 5318 1838
5106 3 2 0 10 443 3939 1732 444
5107 3 2 0 10 3189 445 444 1732
5108 3 2 0 10 827 5088 5521 4456
5109 3 2 0 10 1663 5199 4688 2661
5110 3 2 0 10 1664 2660 4689 5198
5111 3 2 0 10 3135 5587 5798 860
5112 3 2 0 10 5437 5520 5587 2911
5113 3 2 0 10 2932 5798 5587 5520
5114 3 2 0 10 4169 5214 5158 4650
5115 3 2 0 10 4675 4592 5179 5124
5116 3 2 0 10 467 5161 5287 468
5117 3 2 0 10 3560 4216 5287 5161
5118 3 2 0 10 116 117 1989 2609
5119 3 2 0 10 4742 2710 1705 2582
5120 3 2 0 10 5160 1705 2710 3651
5121 3 2 0 10 5879 2960 5804 5432
5122 3 2 0 10 1373 5432 5804 3207
5123 3 2 0 10 648 5124 5177 5065
5124 3 2 0 10 2073 4192 5011 3268
5125 3 2 0 10 3407 5011 4192 5025
5126 3 2 0 10 578 2004 5633 3961
5127 3 2 0 10 4858 2352 5633 2004
5128 3 2 0 10 3945 3983 4632 3602
5129 3 2 0 10 3983 3613 4404 4632
5130 3 2 0 10 3988 1527 5753 3615
5131 3 2 0 10 1744 4075 3615 5753
5132 3 2 0 10 960 5132 4346 2006
5133 3 2 0 10 1910 4346 5132 4469
5134 3 2 0 10 3659 4469 5132 5169
5135 3 2 0 10 4735 4721 4493 4862
5136 3 2 0 10 4721 4834 4965 4493
5137 3 2 0 10 5412 5125 5217 4486
5138 3 2 0 10 2309 4647 5217 5125
5139 3 2 0 10 1704 4484 3447 5700
5140 3 2 0 10 3447 4334 3959 5700
5141 3 2 0 10 4941 5700 3959 4956
5142 3 2 0 10 5345 1726 5766 4157
5143 3 2 0 10 4941 4956 4157 5766
5144 3 2 0 10 550 548 2861 1212
5145 3 2 0 10 2632 2682 2594 1955
5146 3 2 0 10 5263 5082 2682 2632
5147 3 2 0 10 2338 1852 4889 5321
5148 3 2 0 10 4431 5321 4889 5166
5149 3 2 0 10 2701 829 4285 4565
5150 3 2 0 10 1531 3050 3596 4285
5151 3 2 0 10 3596 3847 4565 4285
5152 3 2 0 10 4151 5323 4574 4307
5153 3 2 0 10 3920 4408 4574 5323
5154 3 2 0 10 2983 4824 4471 1495
5155 3 2 0 10 3130 1827 4245 4471
5156 3 2 0 10 1495 4471 4245 4837
5157 3 2 0 10 5041 2736 5667 4000
5158 3 2 0 10 4001 5668 5667 2736
5159 3 2 0 10 384 5450 1303 383
5160 3 2 0 10 2830 2795 1303 5450
5161 3 2 0 10 3348 5190 4123 3978
5162 3 2 0 10 5388 5385 5538 2420
5163 3 2 0 10 5483 5538 2985 505
5164 3 2 0 10 5787 2985 5538 5407
5165 3 2 0 10 2947 5407 5538 5385
5166 3 2 0 10 3079 3706 1250 5716
5167 3 2 0 10 1250 3523 2920 5716
5168 3 2 0 10 3080 5743 1250 3706
5169 3 2 0 10 3523 1250 5743 5423
5170 3 2 0 10 2961 5798 3385 4998
5171 3 2 0 10 1513 3363 5605 3138
5172 3 2 0 10 3262 3138 5605 5570
5173 3 2 0 10 770 4992 5605 3363
5174 3 2 0 10 5478 1836 5803 5261
5175 3 2 0 10 2005 4667 5803 4823
5176 3 2 0 10 1836 4712 4823 5803
5177 3 2 0 10 3288 4095 3355 1389
5178 3 2 0 10 3288 1554 3934 4095
5179 3 2 0 10 3437 4095 3934 4555
5180 3 2 0 10 3997 1604 4189 5556
5181 3 2 0 10 2133 3997 5556 5197
5182 3 2 0 10 4189 4693 4075 5556
5183 3 2 0 10 4569 4556 4009 778
5184 3 2 0 10 1804 5293 4556 4569
5185 3 2 0 10 4621 1471 5717 3199
5186 3 2 0 10 3834 3089 5717 1471
5187 3 2 0 10 850 5717 3089 5259
5188 3 2 0 10 2819 1180 2667 2602
5189 3 2 0 10 5588 2914 5709 2957
5190 3 2 0 10 1342 5709 1353 3025
5191 3 2 0 10 1682 5661 1705 5160
5192 3 2 0 10 1146 5118 2281 673
5193 3 2 0 10 1496 3589 3102 5800
5194 3 2 0 10 1438 5746 3183 4530
5195 3 2 0 10 3718 1276 3851 2132
5196 3 2 0 10 4134 2784 4520 5580
5197 3 2 0 10 4133 5579 4519 2783
5198 3 2 0 10 145 4431 5166 144
5199 3 2 0 10 458 457 5545 4859
5200 3 2 0 10 390 5741 3734 389
5201 3 2 0 10 850 5259 5796 4172
5202 3 2 0 10 1691 1818 5630 4624
5203 3 2 0 10 4264 5365 40 41
5204 3 2 0 10 153 559 4434 152
5205 3 2 0 10 5393 1386 5468 2984
5206 3 2 0 10 1816 2370 5100 4864
5207 3 2 0 10 1772 5660 4864 5100
5208 3 2 0 10 1412 5536 5819 4633
5209 3 2 0 10 1445 4633 5819 3654
5210 3 2 0 10 5390 2922 5821 5354
5211 3 2 0 10 1353 5720 5821 4597
5212 3 2 0 10 1371 4597 5821 2922
5213 3 2 0 10 469 4348 5824 470
5214 3 2 0 10 922 4853 5825 4604
5215 3 2 0 10 4806 4942 5825 4853
5216 3 2 0 10 2211 3305 5829 3567
5217 3 2 0 10 3168 3977 5829 4228
5218 3 2 0 10 3063 4228 5829 3305
5219 3 2 0 10 3665 3567 5829 3977
5220 3 2 0 10 1648 5831 1745 4911
5221 3 2 0 10 3990 580 5832 5500
5222 3 2 0 10 4123 3056 5834 3978
5223 3 2 0 10 4610 2967 5834 3056
5224 3 2 0 10 5189 3978 5834 1446
5225 3 2 0 10 897 5835 5206 2042
5226 3 2 0 10 909 2112 2046 5837
5227 3 2 0 10 5794 1418 5838 5495
5228 3 2 0 10 1409 5838 1418 3167
5229 3 2 0 10 3460 5495 5838 1409
5230 3 2 0 10 1347 3171 5372 5840
5231 3 2 0 10 4942 5683 5842 5825
5232 3 2 0 10 5470 4109 5844 1363
5233 3 2 0 10 3396 1363 5844 5586
5234 3 2 0 10 5709 2914 5720 1353
5235 3 2 0 10 5588 5357 5720 2914
5236 3 2 0 10 4640 4952 1606 5845
5237 3 2 0 10 4639 5846 1607 4951
5238 3 2 0 10 1353 4597 5847 3025
5239 3 2 0 10 3142 3025 5847 3360
5240 3 2 0 10 3360 5847 4597 1371
5241 3 2 0 10 5608 4955 5848 2113
5242 3 2 0 10 4942 2113 5848 5683
5243 3 2 0 10 2911 1461 5849 3111
5244 3 2 0 10 3005 3111 5849 3033
5245 3 2 0 10 3033 5849 1461 5087
5246 3 2 0 10 2319 5692 5850 4282
5247 3 2 0 10 2168 2140 5851 992
5248 3 2 0 10 1561 5595 5851 4284
5249 3 2 0 10 1995 992 5851 5595
5250 3 2 0 10 4273 4284 5851 2140
5251 3 2 0 10 5800 3102 5854 3051
5252 3 2 0 10 4066 3892 5854 5598
5253 3 2 0 10 3443 3051 5854 3892
5254 3 2 0 10 3227 2921 5855 1412
5255 3 2 0 10 5482 5362 1412 5855
5256 3 2 0 10 3969 4087 5856 3123
5257 3 2 0 10 1350 5856 4087 3117
5258 3 2 0 10 4228 3063 4642 5857
5259 3 2 0 10 3180 5858 5565 1382
5260 3 2 0 10 3010 3652 5859 3527
5261 3 2 0 10 1442 2951 5860 3895
5262 3 2 0 10 1419 5728 5863 1408
5263 3 2 0 10 2667 1179 5864 2602
5264 3 2 0 10 2875 1175 5864 1179
5265 3 2 0 10 3017 1339 5865 3632
5266 3 2 0 10 2025 3013 5865 3754
5267 3 2 0 10 3086 3632 5865 3013
5268 3 2 0 10 4821 3754 5865 1339
5269 3 2 0 10 3848 5188 2863 5866
5270 3 2 0 10 3591 5505 5867 1359
5271 3 2 0 10 1359 5867 5509 5399
5272 3 2 0 10 3018 3633 5868 1340
5273 3 2 0 10 2026 3745 5868 3012
5274 3 2 0 10 3085 3012 5868 3633
5275 3 2 0 10 4811 1340 5868 3745
5276 3 2 0 10 822 3526 5869 5439
5277 3 2 0 10 1356 5991 5869 3526
5278 3 2 0 10 800 4208 5870 3804
5279 3 2 0 10 1624 3804 5870 4562
5280 3 2 0 10 5250 942 5871 1967
5281 3 2 0 10 935 1967 5871 4904
5282 3 2 0 10 858 3224 5872 4046
5283 3 2 0 10 5150 4363 5872 5801
5284 3 2 0 10 4759 4046 5872 4363
5285 3 2 0 10 5519 5801 5872 3224
5286 3 2 0 10 800 4760 5873 4839
5287 3 2 0 10 2942 5581 5875 5509
5288 3 2 0 10 758 4291 5875 5581
5289 3 2 0 10 2198 5286 5876 940
5290 3 2 0 10 3452 1500 5877 3118
5291 3 2 0 10 2484 2768 5878 629
5292 3 2 0 10 2863 5188 5878 631
5293 3 2 0 10 2647 629 5878 5188
5294 3 2 0 10 4328 631 5878 2768
5295 3 2 0 10 2227 5880 3040 2955
5296 3 2 0 10 2226 2956 3041 5881
5297 3 2 0 10 2042 5206 5883 5836
5298 3 2 0 10 893 5836 5883 2054
5299 3 2 0 10 3037 3355 5884 5375
5300 3 2 0 10 4095 3437 5884 3355
5301 3 2 0 10 3437 1991 5375 5884
5302 3 2 0 10 3251 5735 5885 3149
5303 3 2 0 10 3903 1432 5887 3088
5304 3 2 0 10 3075 3038 5887 4722
5305 3 2 0 10 5114 3088 5887 3038
5306 3 2 0 10 3228 4722 5887 1432
5307 3 2 0 10 979 1925 2141 5889
5308 3 2 0 10 5034 1890 5891 1829
5309 3 2 0 10 5123 5891 1890 2020
5310 3 2 0 10 2015 1829 5891 5123
5311 3 2 0 10 3806 5455 5892 2928
5312 3 2 0 10 5817 3173 5892 5455
5313 3 2 0 10 5783 2915 5893 3805
5314 3 2 0 10 5408 5371 5893 2915
5315 3 2 0 10 1241 1800 5894 4536
5316 3 2 0 10 4300 3901 5894 1800
5317 3 2 0 10 3124 3194 5895 3413
5318 3 2 0 10 1354 5895 3194 1538
5319 3 2 0 10 3211 3413 5895 1354
5320 3 2 0 10 581 3991 5896 5501
5321 3 2 0 10 3663 3494 5501 5896
5322 3 2 0 10 3990 5500 3495 5897
5323 3 2 0 10 4778 735 5900 2771
5324 3 2 0 10 2833 5900 735 2878
5325 3 2 0 10 5660 1772 5902 4936
5326 3 2 0 10 4553 5740 4499 5903
5327 3 2 0 10 887 5146 5904 1726
5328 3 2 0 10 1395 5905 1400 3072
5329 3 2 0 10 427 4980 5906 428
5330 3 2 0 10 4428 4373 5906 4980
5331 3 2 0 10 5741 4105 5907 4957
5332 3 2 0 10 1022 4957 5907 2483
5333 3 2 0 10 1403 3642 5908 5471
5334 3 2 0 10 2922 5390 5471 5908
5335 3 2 0 10 1371 2922 5908 3642
5336 3 2 0 10 4114 3049 3298 1462
5337 3 2 0 10 2184 2067 4768 1046
5338 3 2 0 10 4350 1046 4768 2414
5339 3 2 0 10 5247 4893 5909 4412
5340 3 2 0 10 5697 3329 5911 4262
5341 3 2 0 10 4175 4816 5911 3329
5342 3 2 0 10 3489 3084 3163 5913
5343 3 2 0 10 4566 3489 5913 613
5344 3 2 0 10 3627 5216 5914 5458
5345 3 2 0 10 4204 3805 5914 5216
5346 3 2 0 10 3553 1341 5915 2921
5347 3 2 0 10 5402 5482 5915 2962
5348 3 2 0 10 5855 2921 5915 5482
5349 3 2 0 10 979 1902 2090 5916
5350 3 2 0 10 5568 513 5918 1590
5351 3 2 0 10 509 3558 5918 3557
5352 3 2 0 10 1589 3557 5918 513
5353 3 2 0 10 2992 1590 5918 3558
5354 3 2 0 10 2027 2334 5919 2003
5355 3 2 0 10 2135 2144 5919 5938
5356 3 2 0 10 5297 2003 5919 2144
5357 3 2 0 10 5272 5412 4486 5920
5358 3 2 0 10 2021 5922 2235 2176
5359 3 2 0 10 5811 5923 1009 2475
5360 3 2 0 10 3474 1696 5924 3603
5361 3 2 0 10 4377 4154 5924 4535
5362 3 2 0 10 927 4535 5924 1696
5363 3 2 0 10 1580 3603 5924 4154
5364 3 2 0 10 5363 1369 5925 3128
5365 3 2 0 10 2243 3020 5925 3188
5366 3 2 0 10 3032 3128 5925 3020
5367 3 2 0 10 3514 3188 5925 1369
5368 3 2 0 10 2290 4810 5929 3402
5369 3 2 0 10 4161 3402 5929 1426
5370 3 2 0 10 1426 5929 4810 3060
5371 3 2 0 10 1664 1507 5930 2660
5372 3 2 0 10 2412 5930 1507 2815
5373 3 2 0 10 2125 2660 5930 2412
5374 3 2 0 10 1663 2661 5931 1506
5375 3 2 0 10 2411 2814 1506 5931
5376 3 2 0 10 2124 2411 5931 2661
5377 3 2 0 10 2818 2288 5932 988
5378 3 2 0 10 5332 5932 2288 1923
5379 3 2 0 10 823 2945 5933 4998
5380 3 2 0 10 5427 2961 4998 5933
5381 3 2 0 10 5459 5427 5933 2945
5382 3 2 0 10 5153 4802 5935 4665
5383 3 2 0 10 2442 4665 5935 2247
5384 3 2 0 10 2247 5935 4802 1820
5385 3 2 0 10 3213 1938 5936 1500
5386 3 2 0 10 3077 1722 5937 5543
5387 3 2 0 10 893 5126 2042 5836
5388 3 2 0 10 1988 2094 5731 5917
5389 3 2 0 10 5412 2281 5118 5921
5390 3 2 0 10 4105 1288 698 5907
5391 3 2 0 10 2887 2483 5907 698
5392 3 2 0 10 2969 2962 5915 1341
5393 3 2 0 10 4076 1446 5834 3087
5394 3 2 0 10 3106 3087 5834 2967
5395 3 2 0 10 1350 4497 3123 5856
5396 3 2 0 10 613 5913 3163 5496
5397 3 2 0 10 5825 5842 4138 4604
5398 3 2 0 10 5286 1856 1626 5876
5399 3 2 0 10 5329 4881 5876 1626
5400 3 2 0 10 5412 5921 2309 5125
5401 3 2 0 10 811 4839 5873 1947
5402 3 2 0 10 2757 5934 5926 542
5403 3 2 0 10 4486 414 413 5920
5404 3 2 0 10 834 831 4204 5820
5405 3 2 0 10 3113 610 5894 3901
5406 3 2 0 10 4536 5894 610 5449
5407 3 2 0 10 5399 5509 5875 2917
5408 3 2 0 10 1648 4456 5521 5831
5409 3 2 0 10 1745 5831 5521 5618
5410 3 2 0 10 463 5839 5524 464
5411 3 2 0 10 5505 2942 5509 5867
5412 3 2 0 10 5813 3100 5859 3652
5413 3 2 0 10 5620 3207 3502 1405
5414 3 2 0 10 5657 5439 5869 3520
5415 3 2 0 10 5121 1033 5097 5830
5416 3 2 0 10 3475 1347 5840 5736
5417 3 2 0 10 1722 45 46 5937
5418 3 2 0 10 47 5510 5937 46
5419 3 2 0 10 53 5773 5874 52
5420 3 2 0 10 1731 5874 5773 3197
5421 3 2 0 10 4955 5331 4041 5848
5422 3 2 0 10 3308 3663 5896 4305
5423 3 2 0 10 5674 4305 5896 3991
5424 3 2 0 10 3495 3662 4301 5897
5425 3 2 0 10 5675 3990 5897 4301
5426 3 2 0 10 5226 1537 5833 4080
5427 3 2 0 10 581 5501 4080 5833
5428 3 2 0 10 1536 4079 5500 5832
5429 3 2 0 10 2682 425 424 5823
5430 3 2 0 10 3895 5860 4617 508
5431 3 2 0 10 3894 508 4617 5853
5432 3 2 0 10 4032 5899 5521 5088
5433 3 2 0 10 5919 2334 1515 5938
5434 3 2 0 10 4903 5938 1515 3577
5435 3 2 0 10 3174 5458 5914 5901
5436 3 2 0 10 5354 5821 5720 5357
5437 3 2 0 10 4510 3396 5586 5828
5438 3 2 0 10 52 5874 4021 51
5439 3 2 0 10 4091 4021 5874 1731
5440 3 2 0 10 4510 5828 73 74
5441 3 2 0 10 72 73 5828 5691
5442 3 2 0 10 4936 5902 934 2037
5443 3 2 0 10 1772 4920 934 5902
5444 3 2 0 10 1049 5751 2107 2402
5445 3 2 0 10 5549 3183 5746 2920
5446 3 2 0 10 2920 5746 3079 5716
5447 3 2 0 10 3014 1421 5885 5735
5448 3 2 0 10 3149 5885 5911 4816
5449 3 2 0 10 1421 4262 5911 5885
5450 3 2 0 10 5655 5724 3176 5599
5451 3 2 0 10 2516 507 5890 2021
5452 3 2 0 10 4941 5766 5890 507
5453 3 2 0 10 5146 5234 5890 5904
5454 3 2 0 10 5766 1726 5904 5890
5455 3 2 0 10 1938 790 3795 5936
5456 3 2 0 10 428 5906 5473 429
5457 3 2 0 10 1664 5791 5476 1507
5458 3 2 0 10 4280 5476 5791 3797
5459 3 2 0 10 1663 1506 5475 5792
5460 3 2 0 10 4281 3798 5792 5475
5461 3 2 0 10 2054 5883 4587 2033
5462 3 2 0 10 4869 4587 5883 5206
5463 3 2 0 10 1490 2251 5882 4836
5464 3 2 0 10 1617 4331 1958 5898
5465 3 2 0 10 1926 1617 5898 4545
5466 3 2 0 10 4204 5216 4508 5820
5467 3 2 0 10 3719 3118 5877 567
5468 3 2 0 10 2251 567 5877 5882
5469 3 2 0 10 4891 4225 5910 1910
5470 3 2 0 10 505 2354 5703 5776
5471 3 2 0 10 154 5016 559 153
5472 3 2 0 10 741 559 5016 751
5473 3 2 0 10 5385 5388 5799 5411
5474 3 2 0 10 5536 454 453 5819
5475 3 2 0 10 452 3654 5819 453
5476 3 2 0 10 5827 5159 1988 5917
5477 3 2 0 10 1413 3475 5736 5841
5478 3 2 0 10 1419 1385 5826 5728
5479 3 2 0 10 789 1947 5873 4925
5480 3 2 0 10 4760 5213 4925 5873
5481 3 2 0 10 1847 5121 5830 4897
5482 3 2 0 10 565 4897 5830 5236
5483 3 2 0 10 1738 4825 4572 4290
5484 3 2 0 10 4990 4572 4825 4540
5485 3 2 0 10 4041 1677 4138 5842
5486 3 2 0 10 5848 4041 5842 5683
5487 3 2 0 10 4259 1479 5901 3021
5488 3 2 0 10 5463 3174 5901 1479
5489 3 2 0 10 4563 1874 4545 5898
5490 3 2 0 10 2234 5192 5702 929
5491 3 2 0 10 2257 940 5192 2194
5492 3 2 0 10 5876 4881 5192 940
5493 3 2 0 10 5329 5702 5192 4881
5494 3 2 0 10 4785 4199 5283 930
5495 3 2 0 10 4260 3022 5892 1478
5496 3 2 0 10 5370 2928 5892 3022
5497 3 2 0 10 5464 1478 5892 3173
5498 3 2 0 10 4859 5545 5402 1470
5499 3 2 0 10 5362 5482 5402 5545
5500 3 2 0 10 5021 4102 5214 4169
5501 3 2 0 10 3580 4436 3909 4825
5502 3 2 0 10 5163 4540 4825 3909
5503 3 2 0 10 2976 591 5507 4984
5504 3 2 0 10 5059 1733 5628 5789
5505 3 2 0 10 1733 5275 2100 5628
5506 3 2 0 10 4237 5789 5628 954
5507 3 2 0 10 3589 599 4984 3102
5508 3 2 0 10 3102 4984 5598 5854
5509 3 2 0 10 2644 5598 4984 5507
5510 3 2 0 10 4476 4821 1339 5609
5511 3 2 0 10 3017 5817 5609 1339
5512 3 2 0 10 4189 4765 4985 4693
5513 3 2 0 10 5697 760 5757 812
5514 3 2 0 10 2664 4472 5757 760
5515 3 2 0 10 4694 1808 5912 4068
5516 3 2 0 10 3744 4068 5912 4877
5517 3 2 0 10 3241 3835 5723 3500
5518 3 2 0 10 4020 4854 5635 2007
5519 3 2 0 10 1740 5448 2007 5635
5520 3 2 0 10 5789 4014 4210 5059
5521 3 2 0 10 4014 4222 5066 4210
5522 3 2 0 10 4935 5618 5521 5899
5523 3 2 0 10 5888 862 5532 4508
5524 3 2 0 10 834 5820 4508 5532
5525 3 2 0 10 439 5678 3031 440
5526 3 2 0 10 5658 1387 5860 2951
5527 3 2 0 10 1387 4382 4617 5860
5528 3 2 0 10 3894 5853 1388 2950
5529 3 2 0 10 3655 1388 5853 4379
5530 3 2 0 10 4382 4379 5853 4617
5531 3 2 0 10 1598 4583 2146 5277
5532 3 2 0 10 2146 4583 5843 4781
5533 3 2 0 10 3779 3734 5162 4808
5534 3 2 0 10 4832 1730 5785 1757
5535 3 2 0 10 916 5785 1730 5730
5536 3 2 0 10 1981 4571 4659 909
5537 3 2 0 10 4700 950 4571 5243
5538 3 2 0 10 1814 4659 4571 950
5539 3 2 0 10 1340 4811 5888 816
5540 3 2 0 10 5816 816 5888 3627
5541 3 2 0 10 862 5888 4811 4473
5542 3 2 0 10 5216 3627 5888 4508
5543 3 2 0 10 1738 4031 3580 4825
5544 3 2 0 10 5644 5570 5605 5553
5545 3 2 0 10 5275 1733 4923 1898
5546 3 2 0 10 935 4923 1733 5059
5547 3 2 0 10 31 32 4938 5508
5548 3 2 0 10 30 31 5508 1049
5549 3 2 0 10 5751 1049 5508 4523
5550 3 2 0 10 79 80 5499 5516
5551 3 2 0 10 3222 5516 5499 4463
5552 3 2 0 10 4109 5393 2984 5844
5553 3 2 0 10 3547 905 5635 4854
5554 3 2 0 10 3575 3683 4698 3440
5555 3 2 0 10 4380 4698 4163 3871
5556 3 2 0 10 3683 4397 4163 4698
5557 3 2 0 10 3748 2987 5739 844
5558 3 2 0 10 5333 2701 5739 4686
5559 3 2 0 10 3750 4435 5782 5927
5560 3 2 0 10 3747 843 5738 2986
5561 3 2 0 10 5338 4687 5738 2702
5562 3 2 0 10 5601 835 4320 5517
5563 3 2 0 10 4199 4785 5706 4865
5564 3 2 0 10 1808 5706 4785 5912
5565 3 2 0 10 1865 4865 5706 5032
5566 3 2 0 10 4536 5769 3561 1241
5567 3 2 0 10 589 3341 3561 5769
5568 3 2 0 10 4572 4990 5170 4277
5569 3 2 0 10 5334 5170 4990 4422
5570 3 2 0 10 5231 2322 4515 2478
5571 3 2 0 10 5051 5617 4515 2322
5572 3 2 0 10 3209 3098 4515 5617
5573 3 2 0 10 5774 2478 4515 3317
5574 3 2 0 10 5086 4311 4785 930
5575 3 2 0 10 4877 5912 4785 4311
5576 3 2 0 10 82 83 2726 3833
5577 3 2 0 10 5193 1316 4345 2178
5578 3 2 0 10 2178 4345 4860 2069
5579 3 2 0 10 5862 4422 4256 5236
5580 3 2 0 10 4540 5163 5053 4256
5581 3 2 0 10 565 5236 4256 5053
5582 3 2 0 10 5776 5703 4534 1376
5583 3 2 0 10 2354 5191 1849 5703
5584 3 2 0 10 1849 4246 4534 5703
5585 3 2 0 10 2979 4391 4329 5758
5586 3 2 0 10 3752 5639 4329 4391
5587 3 2 0 10 3439 3338 5400 5430
5588 3 2 0 10 2919 5430 5400 3850
5589 3 2 0 10 2955 5387 5739 2987
5590 3 2 0 10 1481 4686 5739 3059
5591 3 2 0 10 3059 5739 5387 5541
5592 3 2 0 10 1482 3058 5738 4687
5593 3 2 0 10 5684 5540 5738 3058
5594 3 2 0 10 2986 5738 5540 5386
5595 3 2 0 10 3285 4480 5881 3041
5596 3 2 0 10 3284 3040 4880 4481
5597 3 2 0 10 860 5798 2961 5404
5598 3 2 0 10 1855 4945 4883 1912
5599 3 2 0 10 4342 5252 1912 4883
5600 3 2 0 10 2068 5250 5066 4979
5601 3 2 0 10 4222 3956 4979 5066
5602 3 2 0 10 1515 4562 5870 3577
5603 3 2 0 10 3577 5870 4208 3719
5604 3 2 0 10 3401 4165 3873 3724
5605 3 2 0 10 4321 3873 4165 4616
5606 3 2 0 10 4413 4871 4616 4165
5607 3 2 0 10 542 5926 2895 4937
5608 3 2 0 10 2435 2895 5926 1045
5609 3 2 0 10 4843 4964 5159 4797
5610 3 2 0 10 5174 1988 5159 4964
5611 3 2 0 10 2607 4963 5212 763
5612 3 2 0 10 2797 771 5212 4963
5613 3 2 0 10 2608 764 5211 4962
5614 3 2 0 10 836 4962 772 2798
5615 3 2 0 10 1615 772 4962 5211
5616 3 2 0 10 3620 5715 5165 4727
5617 3 2 0 10 5164 5715 3993 3619
5618 3 2 0 10 5037 4443 4772 5204
5619 3 2 0 10 5510 5383 5515 5364
5620 3 2 0 10 3914 5426 5364 5515
5621 3 2 0 10 3037 56 57 5401
5622 3 2 0 10 3773 4863 4102 3831
5623 3 2 0 10 3831 4102 5021 4139
5624 3 2 0 10 5636 5771 5505 3591
5625 3 2 0 10 3048 3669 5771 5636
5626 3 2 0 10 5786 642 5126 893
5627 3 2 0 10 2031 5095 5126 642
5628 3 2 0 10 5095 4393 4985 5126
5629 3 2 0 10 2643 2647 4677 5679
5630 3 2 0 10 592 5679 4677 3611
5631 3 2 0 10 1588 3782 4086 4999
5632 3 2 0 10 876 4086 3782 3766
5633 3 2 0 10 2564 3676 3280 5143
5634 3 2 0 10 4653 4114 3280 3676
5635 3 2 0 10 5289 4100 5143 3280
5636 3 2 0 10 5354 5357 36 37
5637 3 2 0 10 606 5694 2974 3582
5638 3 2 0 10 4219 1864 5785 3979
5639 3 2 0 10 1757 5785 1864 4485
5640 3 2 0 10 916 4265 3979 5785
5641 3 2 0 10 3622 3783 4299 4405
5642 3 2 0 10 3783 4374 4944 4299
5643 3 2 0 10 4862 4493 4299 4944
5644 3 2 0 10 5832 580 5557 4640
5645 3 2 0 10 3991 581 5558 2553
5646 3 2 0 10 5833 4639 5558 581
5647 3 2 0 10 5246 786 1817 4341
5648 3 2 0 10 1527 4341 1817 5753
5649 3 2 0 10 2260 5282 5837 2046
5650 3 2 0 10 516 5462 5370 3022
5651 3 2 0 10 3168 4228 5857 3139
5652 3 2 0 10 3144 2899 5857 4642
5653 3 2 0 10 4548 2070 5041 1578
5654 3 2 0 10 5801 773 5671 5150
5655 3 2 0 10 4657 4743 4813 4398
5656 3 2 0 10 4135 4813 4743 4505
5657 3 2 0 10 4797 5159 5827 4773
5658 3 2 0 10 4864 5660 4906 1974
5659 3 2 0 10 4906 5660 4936 1013
5660 3 2 0 10 803 3292 1395 5841
5661 3 2 0 10 1387 3658 4379 4382
5662 3 2 0 10 3658 1280 3655 4379
5663 3 2 0 10 2420 5368 5492 5388
5664 3 2 0 10 5361 5799 5388 5492
5665 3 2 0 10 5828 5586 5395 5691
5666 3 2 0 10 2984 5395 5586 5844
5667 3 2 0 10 3115 1489 3552 3695
5668 3 2 0 10 3552 2977 5561 3695
5669 3 2 0 10 757 4224 3695 5561
5670 3 2 0 10 4802 5153 1879 1937
5671 3 2 0 10 4583 3696 4776 5843
5672 3 2 0 10 4776 5050 4781 5843
5673 3 2 0 10 3790 4015 5089 1780
5674 3 2 0 10 1692 5089 4015 3938
5675 3 2 0 10 2136 4104 1559 4931
5676 3 2 0 10 1661 4931 1559 3356
5677 3 2 0 10 2978 833 3028 5733
5678 3 2 0 10 1445 5733 3028 4633
5679 3 2 0 10 5303 582 5626 3036
5680 3 2 0 10 3057 3913 5626 1358
5681 3 2 0 10 3036 5626 3913 5140
5682 3 2 0 10 979 5889 5312 1902
5683 3 2 0 10 2141 1755 5312 5889
5684 3 2 0 10 1345 5721 2916 3049
5685 3 2 0 10 4907 120 121 4768
5686 3 2 0 10 4002 5301 3908 4369
5687 3 2 0 10 3992 3908 5301 4582
5688 3 2 0 10 3846 4141 4582 5301
5689 3 2 0 10 5220 2039 5177 4733
5690 3 2 0 10 5857 2899 797 3139
5691 3 2 0 10 5378 3031 5678 5547
5692 3 2 0 10 5833 1537 5846 4639
5693 3 2 0 10 5226 4134 5846 1537
5694 3 2 0 10 1607 5846 4134 5580
5695 3 2 0 10 5832 4640 5845 1536
5696 3 2 0 10 5225 1536 5845 4133
5697 3 2 0 10 1606 5579 4133 5845
5698 3 2 0 10 5355 5543 5364 5358
5699 3 2 0 10 5937 5510 5364 5543
5700 3 2 0 10 4869 5206 5835 4731
5701 3 2 0 10 518 2072 5698 5708
5702 3 2 0 10 1935 5708 5698 5531
5703 3 2 0 10 753 752 5634 5546
5704 3 2 0 10 1298 1317 5546 2884
5705 3 2 0 10 5406 5122 5578 739
5706 3 2 0 10 887 4699 4598 5578
5707 3 2 0 10 5004 4223 1623 5512
5708 3 2 0 10 5051 5396 5512 1623
5709 3 2 0 10 1786 2339 4049 4126
5710 3 2 0 10 2339 3956 4222 4049
5711 3 2 0 10 3885 2534 5611 1204
5712 3 2 0 10 5166 4889 1204 5611
5713 3 2 0 10 143 5611 2534 142
5714 3 2 0 10 4519 2608 5186 5616
5715 3 2 0 10 775 4460 5616 5186
5716 3 2 0 10 3943 3940 4206 4355
5717 3 2 0 10 3554 4406 4355 4206
5718 3 2 0 10 876 4355 4406 4250
5719 3 2 0 10 4520 5615 5185 2607
5720 3 2 0 10 1407 4459 5185 5615
5721 3 2 0 10 2817 765 5574 2076
5722 3 2 0 10 5372 5574 765 4527
5723 3 2 0 10 3071 1394 5732 6007
5724 3 2 0 10 1394 5457 3143 5732
5725 3 2 0 10 1414 6007 5732 3472
5726 3 2 0 10 4357 4407 4351 4730
5727 3 2 0 10 4135 4351 4407 4813
5728 3 2 0 10 2351 2819 2602 2587
5729 3 2 0 10 967 5491 5445 1708
5730 3 2 0 10 889 4484 1704 4961
5731 3 2 0 10 889 4827 4579 4484
5732 3 2 0 10 3969 1878 1983 5489
5733 3 2 0 10 3969 5489 5157 4087
5734 3 2 0 10 544 2794 2853 2861
5735 3 2 0 10 2891 2853 2794 1217
5736 3 2 0 10 1212 2861 2853 2676
5737 3 2 0 10 1788 5009 939 4455
5738 3 2 0 10 4269 939 5009 4635
5739 3 2 0 10 1916 4635 5009 4833
5740 3 2 0 10 688 4833 5009 5686
5741 3 2 0 10 411 1167 5272 412
5742 3 2 0 10 5920 413 412 5272
5743 3 2 0 10 2626 2075 5272 1167
5744 3 2 0 10 2682 5823 5641 2594
5745 3 2 0 10 5429 5625 5551 3374
5746 3 2 0 10 426 5082 4980 427
5747 3 2 0 10 5263 4428 4980 5082
5748 3 2 0 10 3390 2376 5493 5752
5749 3 2 0 10 5735 3251 5752 5493
5750 3 2 0 10 1393 5651 5906 4373
5751 3 2 0 10 5405 5473 5906 5651
5752 3 2 0 10 365 366 3407 1667
5753 3 2 0 10 2663 5601 5517 5760
5754 3 2 0 10 3861 4883 4945 4062
5755 3 2 0 10 78 79 5516 3230
5756 3 2 0 10 470 5824 3353 471
5757 3 2 0 10 4348 3042 3353 5824
5758 3 2 0 10 438 5486 5678 439
5759 3 2 0 10 3968 5547 5678 5486
5760 3 2 0 10 4565 844 5739 2701
5761 3 2 0 10 4560 2702 5738 843
5762 3 2 0 10 449 5380 5550 450
5763 3 2 0 10 121 122 2414 4768
5764 3 2 0 10 3139 797 4556 5293
5765 3 2 0 10 3626 5215 5940 4509
5766 3 2 0 10 4509 5940 5517 4320
5767 3 2 0 10 1244 2587 5942 2362
5768 3 2 0 10 1175 2901 5942 5864
5769 3 2 0 10 2602 5864 5942 2587
5770 3 2 0 10 5629 5424 5943 5770
5771 3 2 0 10 3002 5649 5943 4457
5772 3 2 0 10 5763 2952 5944 2971
5773 3 2 0 10 3952 2949 5944 2952
5774 3 2 0 10 4225 1823 5945 5910
5775 3 2 0 10 3393 3973 5946 1743
5776 3 2 0 10 2097 3973 3393 5948
5777 3 2 0 10 3069 1480 5949 3338
5778 3 2 0 10 4967 4830 5949 1480
5779 3 2 0 10 5400 3338 5949 3108
5780 3 2 0 10 1405 3502 5950 3620
5781 3 2 0 10 5715 3620 5950 3993
5782 3 2 0 10 3086 1334 5952 3632
5783 3 2 0 10 1033 5409 5953 5097
5784 3 2 0 10 2001 977 5953 5409
5785 3 2 0 10 3085 3633 5954 1335
5786 3 2 0 10 2461 2253 5955 2072
5787 3 2 0 10 5698 2072 5955 1952
5788 3 2 0 10 1952 5955 2253 960
5789 3 2 0 10 3538 5956 3031 5378
5790 3 2 0 10 5432 5684 5957 5879
5791 3 2 0 10 1578 5957 5684 2964
5792 3 2 0 10 1955 2594 2306 1895
5793 3 2 0 10 5290 1222 5958 1300
5794 3 2 0 10 5546 5634 5958 2884
5795 3 2 0 10 558 2884 5958 1222
5796 3 2 0 10 752 1300 5958 5634
5797 3 2 0 10 3060 3090 5959 1426
5798 3 2 0 10 3408 3096 5959 3003
5799 3 2 0 10 5714 3003 5959 3090
5800 3 2 0 10 4161 1426 5959 3096
5801 3 2 0 10 2403 739 5962 2061
5802 3 2 0 10 4477 1680 5962 4598
5803 3 2 0 10 5578 4598 5962 739
5804 3 2 0 10 4389 2061 5962 1680
5805 3 2 0 10 905 5807 5963 5635
5806 3 2 0 10 2037 934 5964 2368
5807 3 2 0 10 3233 4153 5965 3904
5808 3 2 0 10 5150 5671 5965 4153
5809 3 2 0 10 422 2192 5967 423
5810 3 2 0 10 821 5968 3863 3673
5811 3 2 0 10 805 3803 4449 5969
5812 3 2 0 10 3009 1352 5638 5970
5813 3 2 0 10 1407 5615 5971 4774
5814 3 2 0 10 3671 4774 5971 4084
5815 3 2 0 10 3672 4083 5972 4775
5816 3 2 0 10 1239 1346 5974 3611
5817 3 2 0 10 3002 4457 5974 1346
5818 3 2 0 10 5378 5547 3003 5714
5819 3 2 0 10 4482 794 5975 3232
5820 3 2 0 10 1371 2941 5975 3360
5821 3 2 0 10 3142 3360 5975 794
5822 3 2 0 10 5381 3232 5975 2941
5823 3 2 0 10 5457 1394 5976 3289
5824 3 2 0 10 5394 3289 5976 3091
5825 3 2 0 10 5590 2925 5977 5723
5826 3 2 0 10 3261 2940 5977 5428
5827 3 2 0 10 3500 5723 5977 2940
5828 3 2 0 10 5377 5428 5977 2925
5829 3 2 0 10 5327 4148 5979 620
5830 3 2 0 10 3798 5130 5979 5792
5831 3 2 0 10 1663 5792 5979 4148
5832 3 2 0 10 2327 620 5979 5130
5833 3 2 0 10 1116 2306 5981 2264
5834 3 2 0 10 2264 5981 5641 2192
5835 3 2 0 10 2236 5982 5807 1868
5836 3 2 0 10 5330 619 5983 4149
5837 3 2 0 10 3797 5791 5983 5131
5838 3 2 0 10 1664 4149 5983 5791
5839 3 2 0 10 2328 5131 5983 619
5840 3 2 0 10 2491 729 5985 2278
5841 3 2 0 10 1855 1912 5985 2452
5842 3 2 0 10 5252 2278 5985 1912
5843 3 2 0 10 2248 2452 5985 729
5844 3 2 0 10 2169 5960 1010 2422
5845 3 2 0 10 1175 1010 5960 2901
5846 3 2 0 10 1335 5954 3192 5554
5847 3 2 0 10 1334 5555 3193 5952
5848 3 2 0 10 4088 2783 5972 4083
5849 3 2 0 10 5616 5972 2783 4519
5850 3 2 0 10 4089 4084 5971 2784
5851 3 2 0 10 5615 4520 2784 5971
5852 3 2 0 10 3632 5952 5464 3017
5853 3 2 0 10 1478 5464 5952 3193
5854 3 2 0 10 3633 3018 5463 5954
5855 3 2 0 10 1479 3192 5954 5463
5856 3 2 0 10 2169 2532 2362 5960
5857 3 2 0 10 5942 2901 5960 2362
5858 3 2 0 10 3068 5451 5966 861
5859 3 2 0 10 5609 5966 5451 4476
5860 3 2 0 10 2594 5641 5981 2306
5861 3 2 0 10 861 5966 3626 4509
5862 3 2 0 10 5817 3626 5966 5609
5863 3 2 0 10 3832 3897 5945 1823
5864 3 2 0 10 5215 4203 5517 5940
5865 3 2 0 10 3614 3985 5969 4449
5866 3 2 0 10 812 5757 5969 3985
5867 3 2 0 10 387 5939 4111 386
5868 3 2 0 10 5638 5629 5770 5970
5869 3 2 0 10 423 5967 5823 424
5870 3 2 0 10 2192 5641 5823 5967
5871 3 2 0 10 4808 5096 5939 3779
5872 3 2 0 10 1632 3563 4097 5973
5873 3 2 0 10 4366 4268 1632 5973
5874 3 2 0 10 471 3353 5946 472
5875 3 2 0 10 3973 473 472 5946
5876 3 2 0 10 3889 1743 5946 3353
5877 3 2 0 10 1378 3904 5965 3291
5878 3 2 0 10 4852 5951 5932 5332
5879 3 2 0 10 5249 988 5932 5951
5880 3 2 0 10 5805 5822 5514 5947
5881 3 2 0 10 5050 1993 5964 5961
5882 3 2 0 10 2368 5964 1993 2036
5883 3 2 0 10 5657 2916 5721 3870
5884 3 2 0 10 3408 3003 5547 3968
5885 3 2 0 10 5502 5401 5418 5627
5886 3 2 0 10 58 5418 5401 57
5887 3 2 0 10 5408 5600 5462 5371
5888 3 2 0 10 366 367 5011 3407
5889 3 2 0 10 5380 5565 5858 5550
5890 3 2 0 10 5299 4179 3294 3682
5891 3 2 0 10 5156 3682 3294 4494
5892 3 2 0 10 5964 934 4920 5961
5893 3 2 0 10 5775 5103 5961 4920
5894 3 2 0 10 5050 5961 5103 4781
5895 3 2 0 10 3897 5173 5337 5945
5896 3 2 0 10 4527 803 5840 5372
5897 3 2 0 10 803 5841 5736 5840
5898 3 2 0 10 4640 5557 5528 4952
5899 3 2 0 10 4639 4951 5529 5558
5900 3 2 0 10 5667 5514 2960 5879
5901 3 2 0 10 5281 4901 5142 4303
5902 3 2 0 10 4412 5909 3624 894
5903 3 2 0 10 4389 1680 5909 4893
5904 3 2 0 10 1680 4477 3624 5909
5905 3 2 0 10 4988 1879 5153 5208
5906 3 2 0 10 4665 2090 5208 5153
5907 3 2 0 10 2442 2477 979 5916
5908 3 2 0 10 2090 4665 2442 5916
5909 3 2 0 10 5667 5668 5947 5514
5910 3 2 0 10 5408 3374 5886 5600
5911 3 2 0 10 3795 4836 5882 5936
5912 3 2 0 10 1500 5936 5882 5877
5913 3 2 0 10 2068 4979 2450 1009
5914 3 2 0 10 1093 2450 4979 3956
5915 3 2 0 10 2912 5863 5728 5928
5916 3 2 0 10 5266 4002 4369 4943
5917 3 2 0 10 3908 4882 4462 4369
5918 3 2 0 10 4462 4657 4943 4369
5919 3 2 0 10 3100 1505 825 5859
5920 3 2 0 10 3527 5859 825 4131
5921 3 2 0 10 3806 5659 4122 4203
5922 3 2 0 10 5760 5517 4203 4122
5923 3 2 0 10 3326 1632 4268 4166
5924 3 2 0 10 4366 5054 1822 4268
5925 3 2 0 10 1822 4072 4166 4268
5926 3 2 0 10 3818 4490 4613 4353
5927 3 2 0 10 4490 4731 5835 4613
5928 3 2 0 10 5242 5037 5204 4319
5929 3 2 0 10 4319 5204 4901 5281
5930 3 2 0 10 59 3257 5418 58
5931 3 2 0 10 3257 5809 5627 5418
5932 3 2 0 10 5632 5923 5811 1017
5933 3 2 0 10 1009 5923 5632 2068
5934 3 2 0 10 5001 5467 5491 967
5935 3 2 0 10 2970 592 3611 5974
5936 3 2 0 10 2998 2970 5974 5424
5937 3 2 0 10 5943 5424 5974 4457
5938 3 2 0 10 3750 5927 5866 2863
5939 3 2 0 10 3646 3848 5866 3887
5940 3 2 0 10 3665 3887 5866 5927
5941 3 2 0 10 3394 3091 5976 1401
5942 3 2 0 10 1394 3071 1401 5976
5943 3 2 0 10 2235 5922 5234 1887
5944 3 2 0 10 2021 5890 5234 5922
5945 3 2 0 10 5371 3021 5901 5893
5946 3 2 0 10 3805 5893 5901 5914
5947 3 2 0 10 2692 5527 5757 4472
5948 3 2 0 10 805 5969 5757 5527
5949 3 2 0 10 5236 5830 5097 5862
5950 3 2 0 10 5953 5180 5862 5097
5951 3 2 0 10 5334 4422 5862 5180
5952 3 2 0 10 4710 4492 4599 4872
5953 3 2 0 10 4599 4935 5899 4872
5954 3 2 0 10 4032 5147 4872 5899
5955 3 2 0 10 4282 5850 5649 2989
5956 3 2 0 10 5970 5770 5850 3009
5957 3 2 0 10 3525 3009 5850 5692
5958 3 2 0 10 5943 5649 5850 5770
5959 3 2 0 10 2691 537 5934 2897
5960 3 2 0 10 537 1045 5926 5934
5961 3 2 0 10 3665 5927 5782 3567
5962 3 2 0 10 5710 5808 5512 5396
5963 3 2 0 10 1644 5808 5710 5419
5964 3 2 0 10 5368 5537 5391 5492
5965 3 2 0 10 5284 2132 5752 3251
5966 3 2 0 10 3390 5752 2132 3851
5967 3 2 0 10 2226 5881 2798 4719
5968 3 2 0 10 370 371 3845 3593
5969 3 2 0 10 5780 3845 371 372
5970 3 2 0 10 2227 4720 2797 5880
5971 3 2 0 10 3040 5880 2797 4880
5972 3 2 0 10 977 1961 5180 5953
5973 3 2 0 10 3206 5978 5431 1372
5974 3 2 0 10 5054 4366 5951 4852
5975 3 2 0 10 2830 5450 5986 4849
5976 3 2 0 10 457 456 5987 5545
5977 3 2 0 10 3207 5804 5989 3502
5978 3 2 0 10 5822 5941 5989 5514
5979 3 2 0 10 5950 3502 5989 5941
5980 3 2 0 10 571 2871 5992 1850
5981 3 2 0 10 5558 5529 5992 2871
5982 3 2 0 10 4513 1850 5992 3912
5983 3 2 0 10 570 1851 5993 2870
5984 3 2 0 10 5557 2870 5993 5528
5985 3 2 0 10 5528 5993 1851 3911
5986 3 2 0 10 4122 5659 5994 1439
5987 3 2 0 10 1952 5031 5995 1019
5988 3 2 0 10 5173 5729 5995 5337
5989 3 2 0 10 2084 1019 5995 5729
5990 3 2 0 10 4179 3278 6000 3294
5991 3 2 0 10 3617 4067 6001 4188
5992 3 2 0 10 2453 4188 6001 4830
5993 3 2 0 10 5496 3108 6001 4067
5994 3 2 0 10 5462 5600 6003 5370
5995 3 2 0 10 4750 3127 6005 923
5996 3 2 0 10 5445 5491 6005 4033
5997 3 2 0 10 3283 4033 6005 3127
5998 3 2 0 10 5467 923 6005 5491
5999 3 2 0 10 3655 3081 6007 1414
6000 3 2 0 10 3081 3008 3071 6007
6001 3 2 0 10 3654 3161 6011 1445
6002 3 2 0 10 5858 3180 1445 6011
6003 3 2 0 10 5550 5858 6011 3161
6004 3 2 0 10 2708 1016 6012 1014
6005 3 2 0 10 2609 1989 1014 6012
6006 3 2 0 10 1036 2609 6012 1016
6007 3 2 0 10 1888 2034 6013 1053
6008 3 2 0 10 5780 3792 6013 3845
6009 3 2 0 10 3593 3845 6013 2034
6010 3 2 0 10 1944 1053 6013 3792
6011 3 2 0 10 4635 1795 6014 4269
6012 3 2 0 10 5419 5710 6016 4466
6013 3 2 0 10 785 1880 6016 5710
6014 3 2 0 10 1880 1809 4466 6016
6015 3 2 0 10 2006 4346 6017 5031
6016 3 2 0 10 5945 5337 6017 5910
6017 3 2 0 10 5995 5031 6017 5337
6018 3 2 0 10 1910 5910 6017 4346
6019 3 2 0 10 4867 6018 5257 4716
6020 3 2 0 10 4700 5243 6018 4867
6021 3 2 0 10 3108 5949 4830 6001
6022 3 2 0 10 2928 5370 6003 5852
6023 3 2 0 10 4494 3294 6000 2949
6024 3 2 0 10 5839 463 462 6015
6025 3 2 0 10 1439 5994 5551 3092
6026 3 2 0 10 3374 5551 5994 5886
6027 3 2 0 10 4269 6014 5973 4097
6028 3 2 0 10 5514 5989 5804 2960
6029 3 2 0 10 5526 2917 5988 5861
6030 3 2 0 10 4291 5988 2917 5875
6031 3 2 0 10 5861 3520 5869 5991
6032 3 2 0 10 5826 6010 5928 5728
6033 3 2 0 10 5513 5526 5861 5991
6034 3 2 0 10 4571 1981 6018 5243
6035 3 2 0 10 4512 1398 5997 3911
6036 3 2 0 10 4952 5528 3911 5997
6037 3 2 0 10 4513 3912 5996 1399
6038 3 2 0 10 5992 5529 5996 3912
6039 3 2 0 10 1606 5998 1615 5211
6040 3 2 0 10 4298 1615 5998 4673
6041 3 2 0 10 4951 1607 5212 5999
6042 3 2 0 10 771 1616 5999 5212
6043 3 2 0 10 4297 4674 5999 1616
6044 3 2 0 10 460 5928 6010 461
6045 3 2 0 10 5814 5359 6015 1385
6046 3 2 0 10 2928 5852 5659 3806
6047 3 2 0 10 5600 5886 5852 6003
6048 3 2 0 10 5659 5852 5886 5994
6049 3 2 0 10 3206 5805 5947 5978
6050 3 2 0 10 5220 4733 5871 942
6051 3 2 0 10 385 5986 5450 384
6052 3 2 0 10 3779 5939 387 388
6053 3 2 0 10 5086 930 5283 4619
6054 3 2 0 10 4009 1408 5863 2954
6055 3 2 0 10 2912 5485 2954 5863
6056 3 2 0 10 3503 3993 5950 5941
6057 3 2 0 10 5805 3503 5941 5822
6058 3 2 0 10 3219 1543 5591 3345
6059 3 2 0 10 4291 3298 5511 5988
6060 3 2 0 10 5861 5988 5511 3520
6061 3 2 0 10 5731 2149 1859 6004
6062 3 2 0 10 4619 5142 4901 1807
6063 3 2 0 10 1807 4901 5204 4772
6064 3 2 0 10 3156 5802 5368 5483
6065 3 2 0 10 1338 5537 5368 5802
6066 3 2 0 10 2097 5948 5467 4424
6067 3 2 0 10 3393 923 5467 5948
6068 3 2 0 10 5179 4443 5037 4615
6069 3 2 0 10 5248 4904 5037 5242
6070 3 2 0 10 5871 4615 5037 4904
6071 3 2 0 10 5667 5879 5957 4000
6072 3 2 0 10 5041 4000 5957 1578
6073 3 2 0 10 4764 4159 5013 3454
6074 3 2 0 10 385 386 4111 5986
6075 3 2 0 10 5090 1740 5635 5963
6076 3 2 0 10 1066 5090 5963 2580
6077 3 2 0 10 440 3031 5956 441
6078 3 2 0 10 441 5956 1594 442
6079 3 2 0 10 3337 1594 5956 3538
6080 3 2 0 10 5249 5951 6014 1795
6081 3 2 0 10 5951 4366 5973 6014
6082 3 2 0 10 1579 5984 5668 4001
6083 3 2 0 10 5668 5984 5978 5947
6084 3 2 0 10 3049 2916 5511 3298
6085 3 2 0 10 5471 5390 6019 5365
6086 3 2 0 10 2552 2014 6020 625
6087 3 2 0 10 4180 6009 6020 2014
6088 3 2 0 10 5545 5987 6021 5362
6089 3 2 0 10 456 455 6021 5987
6090 3 2 0 10 1412 5362 6021 5536
6091 3 2 0 10 3672 4775 6023 6008
6092 3 2 0 10 754 2071 6024 5042
6093 3 2 0 10 1579 6024 2071 4549
6094 3 2 0 10 4001 5042 6024 1579
6095 3 2 0 10 4733 5177 5124 6025
6096 3 2 0 10 120 4907 6026 119
6097 3 2 0 10 2356 1986 6026 4907
6098 3 2 0 10 1543 3524 6027 5591
6099 3 2 0 10 5423 5743 6027 3524
6100 3 2 0 10 5176 1400 6028 3483
6101 3 2 0 10 5898 1958 6029 4563
6102 3 2 0 10 1007 4849 6030 2302
6103 3 2 0 10 5939 5096 6030 4111
6104 3 2 0 10 5986 4111 6030 4849
6105 3 2 0 10 4353 4613 6031 3731
6106 3 2 0 10 4764 3731 6031 4159
6107 3 2 0 10 2752 856 6032 3335
6108 3 2 0 10 2302 6030 5096 1004
6109 3 2 0 10 1701 4563 6029 1811
6110 3 2 0 10 4199 1811 6029 5283
6111 3 2 0 10 1958 4303 5142 6029
6112 3 2 0 10 4619 5283 6029 5142
6113 3 2 0 10 455 454 5536 6021
6114 3 2 0 10 3483 6028 856 3578
6115 3 2 0 10 5365 6019 39 40
6116 3 2 0 10 117 118 1986 1989
6117 3 2 0 10 119 6026 1986 118
6118 3 2 0 10 1130 625 6020 1859
6119 3 2 0 10 1859 6020 6009 6004
6120 3 2 0 10 3080 5990 6027 5743
6121 3 2 0 10 1395 3292 6022 5905
6122 3 2 0 10 6004 6009 5917 5731
6123 3 2 0 10 5917 6009 4180 5827
6124 3 2 0 10 5210 6006 5306 649
6125 3 2 0 10 5210 4174 5257 6006
6126 3 2 0 10 3365 3335 6032 769
6127 3 2 0 10 3292 769 6032 6022
6128 3 2 0 10 3080 1437 4529 5990
6129 3 2 0 10 3672 6008 5990 4529
6130 3 2 0 10 6027 5990 6008 5591
6131 3 2 0 10 2963 5685 5984 1579
6132 3 2 0 10 5978 5984 5685 5431
6133 3 2 0 10 3579 2971 5944 5812
6134 3 2 0 10 5258 5812 6000 3278
6135 3 2 0 10 2949 6000 5812 5944
6136 3 2 0 10 5835 897 6031 4613
6137 3 2 0 10 897 3994 5276 6031
6138 3 2 0 10 5013 4159 6031 5276
6139 3 2 0 10 5366 5414 5524 5359
6140 3 2 0 10 6015 5359 5524 5839
6141 3 2 0 10 1399 5996 5999 4674
6142 3 2 0 10 5529 4951 5999 5996
6143 3 2 0 10 1398 4673 5998 5997
6144 3 2 0 10 1606 4952 5997 5998
6145 3 2 0 10 5871 4733 6025 4615
6146 3 2 0 10 4615 6025 5124 5179
6147 3 2 0 10 5244 915 5099 4180
6148 3 2 0 10 4545 5099 915 1926
6149 3 2 0 10 4773 5827 4180 5099
6150 3 2 0 10 461 6010 6015 462
6151 3 2 0 10 1385 6015 6010 5826
6152 3 2 0 10 6018 1981 6006 5257
6153 3 2 0 10 773 3148 6002 5671
6154 3 2 0 10 3148 3225 5705 6002
6155 3 2 0 10 5965 5671 6002 5980
6156 3 2 0 10 2580 5982 2236 564
6157 3 2 0 10 2580 5963 5807 5982
6158 3 2 0 10 909 5837 6033 1981
6159 3 2 0 10 5837 5282 5306 6033
6160 3 2 0 10 1981 6033 5306 6006
6161 3 2 0 10 6032 856 6028 6022
6162 3 2 0 10 1400 5905 6022 6028
6163 3 2 0 10 2990 5980 5376 2947
6164 3 2 0 10 5705 5376 5980 6002
6165 3 2 0 10 2990 3291 5965 5980
6166 3 2 0 10 6008 6023 3345 5591
6167 3 2 0 10 3345 6023 5616 4460
6168 3 2 0 10 5972 5616 6023 4775
6169 3 2 0 10 1134 5585 1151 1318
6170 3 2 0 10 2771 5900 2833 1153
6171 3 2 0 10 5934 2757 1068 2897
6172 3 2 0 10 4499 3083 618 5903
6173 3 2 0 10 5613 4553 5903 618
6174 3 2 0 10 4685 3863 5968 2290
6175 3 2 0 10 821 4810 2290 5968
6176 3 2 0 10 2331 626 5193 1873
6177 3 2 0 10 1802 5139 5193 626
6178 3 2 0 10 5799 5361 4130 504
6179 3 2 0 10 4887 4130 5361 3007
6180 3 2 0 10 5005 2936 5415 2531
6181 3 2 0 10 5777 5092 5145 2315
6182 3 2 0 10 4818 5630 5145 5092
6183 3 2 0 10 5022 2094 1988 5174
6184 3 2 0 10 4443 5179 4521 4772
6185 3 2 0 10 37 38 6034 5354
6186 3 2 0 10 6019 5390 5354 6034
6187 3 2 0 10 38 39 6019 6034
6188 3 2 0 10 20 6035 1100 19
6189 3 2 0 10 1121 2762 1100 6035
6190 3 2 0 10 20 21 1121 6035
6191 3 2 0 10 3666 4257 4220 4173
6192 3 2 0 10 1244 2202 2351 2587
6193 3 2 0 10 3383 3166 3371 1464
6194 3 2 0 10 389 3734 3779 388
6195 3 2 0 10 6036 5780 372 373
6196 3 2 0 10 6038 1061 139 140
6197 3 2 0 12 343 10111 7896 342
6198 3 2 0 12 11503 10665 11355 11504
6199 3 2 0 12 11355 311 312 11504
6200 3 2 0 12 10665 11503 11150 7640
6201 3 2 0 12 312 313 11503 11504
6202 3 2 0 12 204 4 205 6112
6203 3 2 0 12 6305 6298 6322 6089
6204 3 2 0 12 6303 6095 6322 6298
6205 3 2 0 12 203 204 6112 6318
6206 3 2 0 12 206 6320 6112 205
6207 3 2 0 12 6103 6314 6308 6307
6208 3 2 0 12 6304 6309 6300 6108
6209 3 2 0 12 6099 6095 6303 6313
6210 3 2 0 12 6312 6092 6322 6095
6211 3 2 0 12 6246 6673 6704 6263
6212 3 2 0 12 199 6296 6803 198
6213 3 2 0 12 6776 6771 6806 6074
6214 3 2 0 12 6312 6323 6809 6092
6215 3 2 0 12 198 6803 6815 197
6216 3 2 0 12 6304 6108 6839 6103
6217 3 2 0 12 6100 6850 6258 6753
6218 3 2 0 12 6309 6304 6851 6299
6219 3 2 0 12 6285 6299 6851 6107
6220 3 2 0 12 156 6870 499 3
6221 3 2 0 12 351 7 401 6874
6222 3 2 0 12 6107 6851 6304 6879
6223 3 2 0 12 6102 6101 6722 6872
6224 3 2 0 12 196 6845 6816 195
6225 3 2 0 12 6307 6308 6869 6099
6226 3 2 0 12 6095 6099 6869 6312
6227 3 2 0 12 402 6315 6874 401
6228 3 2 0 12 157 6316 6870 156
6229 3 2 0 12 6238 6835 6869 6297
6230 3 2 0 12 6312 6869 6835 6323
6231 3 2 0 12 202 203 6318 6844
6232 3 2 0 12 6841 6320 206 207
6233 3 2 0 12 6089 6322 6092 6306
6234 3 2 0 12 6580 6683 6675 6234
6235 3 2 0 12 6813 6084 6797 6761
6236 3 2 0 12 6250 6242 6828 6750
6237 3 2 0 12 6826 6813 6791 6302
6238 3 2 0 12 6247 6791 6813 6761
6239 3 2 0 12 6302 6791 6806 6771
6240 3 2 0 12 6191 6823 6771 6776
6241 3 2 0 12 6098 6786 6825 6830
6242 3 2 0 12 6084 6813 6826 6827
6243 3 2 0 12 6102 6714 6267 6766
6244 3 2 0 12 6258 6822 6671 6753
6245 3 2 0 12 6818 6240 6807 6694
6246 3 2 0 12 6803 6296 6831 6814
6247 3 2 0 12 6103 6839 6295 6880
6248 3 2 0 12 6083 6080 6078 6602
6249 3 2 0 12 305 306 6757 6865
6250 3 2 0 12 6280 6289 6865 6757
6251 3 2 0 12 6275 6282 6756 6746
6252 3 2 0 12 6760 6280 6744 6274
6253 3 2 0 12 6612 6248 6686 6646
6254 3 2 0 12 403 404 6756 6852
6255 3 2 0 12 6282 6291 6852 6756
6256 3 2 0 12 160 6758 6866 159
6257 3 2 0 12 6281 6290 6866 6758
6258 3 2 0 12 197 6815 6845 196
6259 3 2 0 12 211 212 6840 6836
6260 3 2 0 12 6287 6836 6840 6786
6261 3 2 0 12 6833 6755 347 348
6262 3 2 0 12 495 496 6790 6778
6263 3 2 0 12 6300 6309 8354 6320
6264 3 2 0 12 6267 6276 6283 6766
6265 3 2 0 12 6103 6307 6879 6304
6266 3 2 0 12 6099 6313 6879 6307
6267 3 2 0 12 6303 6107 6879 6313
6268 3 2 0 12 348 349 6310 6833
6269 3 2 0 12 6860 6292 6833 6310
6270 3 2 0 12 6748 6306 6767 6732
6271 3 2 0 12 6084 6827 6732 6767
6272 3 2 0 12 6320 6841 6108 6300
6273 3 2 0 12 6839 6108 6841 6301
6274 3 2 0 12 207 208 6301 6841
6275 3 2 0 12 6285 6804 6838 6299
6276 3 2 0 12 6102 6872 6735 6714
6277 3 2 0 12 6105 6110 6878 6759
6278 3 2 0 12 6290 6281 6759 6878
6279 3 2 0 12 6289 6280 6760 6877
6280 3 2 0 12 496 497 6311 6790
6281 3 2 0 12 6856 6790 6311 6293
6282 3 2 0 12 6827 6826 6270 6081
6283 3 2 0 12 6771 6823 6826 6302
6284 3 2 0 12 6270 6826 6823 6783
6285 3 2 0 12 6765 6227 6717 6819
6286 3 2 0 12 6840 6272 6825 6786
6287 3 2 0 12 6102 6106 6762 6101
6288 3 2 0 12 6266 6810 6762 6275
6289 3 2 0 12 6293 6111 6875 6864
6290 3 2 0 12 6875 6290 6878 6864
6291 3 2 0 12 6100 6105 6759 6850
6292 3 2 0 12 6281 6265 6850 6759
6293 3 2 0 12 6850 6265 6848 6258
6294 3 2 0 12 6257 6849 6274 6264
6295 3 2 0 12 6104 6760 6274 6849
6296 3 2 0 12 6835 6086 6809 6323
6297 3 2 0 12 6092 6809 6767 6306
6298 3 2 0 12 6084 6767 6809 6797
6299 3 2 0 12 6836 6287 6880 6295
6300 3 2 0 12 6103 6880 6098 6314
6301 3 2 0 12 6287 6786 6098 6880
6302 3 2 0 12 6825 6245 6777 6830
6303 3 2 0 12 6671 6096 6100 6753
6304 3 2 0 12 6718 6873 6100 6096
6305 3 2 0 12 7260 6573 7449 7358
6306 3 2 0 12 7344 10050 7531 6558
6307 3 2 0 12 7328 6578 7326 7696
6308 3 2 0 12 7457 6525 7708 7652
6309 3 2 0 12 7711 7712 6800 6764
6310 3 2 0 12 6226 7692 7765 6237
6311 3 2 0 12 7716 7296 7772 6461
6312 3 2 0 12 7766 7397 7785 6579
6313 3 2 0 12 7658 7794 7486 6476
6314 3 2 0 12 7427 8281 7796 7623
6315 3 2 0 12 7779 7549 7808 6572
6316 3 2 0 12 7790 7496 7815 6743
6317 3 2 0 12 7247 6782 7822 7485
6318 3 2 0 12 7584 6184 7832 7676
6319 3 2 0 12 7451 7442 7846 6513
6320 3 2 0 12 6568 7853 7758 6542
6321 3 2 0 12 7751 6598 7867 7489
6322 3 2 0 12 7847 6579 7875 7621
6323 3 2 0 12 7871 7842 7880 6204
6324 3 2 0 12 224 6811 7884 223
6325 3 2 0 12 7732 7757 7885 6571
6326 3 2 0 12 7849 6693 7886 7753
6327 3 2 0 12 7800 6228 7802 7887
6328 3 2 0 12 7805 8017 7436 6594
6329 3 2 0 12 7307 6060 7634 7893
6330 3 2 0 12 415 416 7899 7804
6331 3 2 0 12 7707 6226 7748 7927
6332 3 2 0 12 7627 7830 7930 6517
6333 3 2 0 12 7674 6223 7932 7647
6334 3 2 0 12 7757 6589 7933 7768
6335 3 2 0 12 6196 8353 6558 7531
6336 3 2 0 12 6226 6237 7944 7748
6337 3 2 0 12 7738 7688 7946 6588
6338 3 2 0 12 6544 7952 6075 7529
6339 3 2 0 12 7951 7294 7215 7958
6340 3 2 0 12 6652 7720 7968 6795
6341 3 2 0 12 7848 6697 7971 7975
6342 3 2 0 12 7637 6203 7977 7499
6343 3 2 0 12 7398 7838 7978 6511
6344 3 2 0 12 7537 7384 8001 6557
6345 3 2 0 12 7631 6820 8002 7549
6346 3 2 0 12 7622 7452 8026 6498
6347 3 2 0 12 7529 7527 8026 6523
6348 3 2 0 12 6229 6724 8027 6695
6349 3 2 0 12 7948 6752 7587 8028
6350 3 2 0 12 7734 6189 8030 7890
6351 3 2 0 12 7985 6209 8033 6789
6352 3 2 0 12 7491 7955 8033 6817
6353 3 2 0 12 7082 8038 7980 6040
6354 3 2 0 12 7816 6800 8041 7791
6355 3 2 0 12 7637 8049 7715 6203
6356 3 2 0 12 7575 8054 7910 6599
6357 3 2 0 12 6725 6738 8063 7761
6358 3 2 0 12 7825 6254 8064 7833
6359 3 2 0 12 8039 6219 8081 7837
6360 3 2 0 12 6192 7795 8085 6656
6361 3 2 0 12 7822 6550 8087 7485
6362 3 2 0 12 7937 7981 8087 6550
6363 3 2 0 12 7692 6659 8088 7765
6364 3 2 0 12 7406 6548 7655 8091
6365 3 2 0 12 296 8096 6684 295
6366 3 2 0 12 6221 8099 6620 6544
6367 3 2 0 12 6208 11457 7845 8101
6368 3 2 0 12 6188 7631 6645 8108
6369 3 2 0 12 8039 6781 8110 7827
6370 3 2 0 12 7519 6210 8118 7539
6371 3 2 0 12 493 6699 8122 8071
6372 3 2 0 12 7995 8020 8125 6610
6373 3 2 0 12 8122 7829 8126 6688
6374 3 2 0 12 7968 8133 7941 6795
6375 3 2 0 12 8062 6664 8138 7842
6376 3 2 0 12 7978 8139 7736 6511
6377 3 2 0 12 7928 7621 8140 6576
6378 3 2 0 12 6799 8145 6076 7988
6379 3 2 0 12 7586 7338 8148 6541
6380 3 2 0 12 7881 7836 8148 6496
6381 3 2 0 12 6250 6805 8155 6242
6382 3 2 0 12 6848 6249 8156 6859
6383 3 2 0 12 10461 6613 8156 6249
6384 3 2 0 12 7908 6633 8159 7904
6385 3 2 0 12 7988 8164 8168 6799
6386 3 2 0 12 8119 6626 8138 8171
6387 3 2 0 12 6134 7291 6142 8182
6388 3 2 0 12 7553 7290 8183 6139
6389 3 2 0 12 7774 7527 8184 6637
6390 3 2 0 12 8002 6820 8185 7684
6391 3 2 0 12 8158 6795 7941 8129
6392 3 2 0 12 7991 8109 8193 8237
6393 3 2 0 12 6602 6627 8194 6083
6394 3 2 0 12 6083 8194 7917 6088
6395 3 2 0 12 6612 8195 6857 6248
6396 3 2 0 12 7758 6198 8196 7648
6397 3 2 0 12 7904 8089 8210 6647
6398 3 2 0 12 7984 6647 8210 8031
6399 3 2 0 12 6677 6244 8215 6235
6400 3 2 0 12 8116 6805 8216 6796
6401 3 2 0 12 7980 7495 8218 6040
6402 3 2 0 12 7427 7478 8223 8281
6403 3 2 0 12 8121 6654 7798 8224
6404 3 2 0 12 6076 6078 8228 7988
6405 3 2 0 12 7829 8068 8230 6796
6406 3 2 0 12 6699 6277 8230 8068
6407 3 2 0 12 6744 8232 6264 6274
6408 3 2 0 12 6281 6745 8233 6265
6409 3 2 0 12 6249 6687 8235 10461
6410 3 2 0 12 6769 6731 8236 6269
6411 3 2 0 12 6235 8240 7816 6677
6412 3 2 0 12 6835 6238 8242 6086
6413 3 2 0 12 7937 7967 8243 6212
6414 3 2 0 12 8243 8343 8244 6212
6415 3 2 0 12 8254 6260 8260 6244
6416 3 2 0 12 6110 6105 6768 8265
6417 3 2 0 12 7815 7496 8269 6200
6418 3 2 0 12 7711 6764 8269 7496
6419 3 2 0 12 8169 6707 8277 6648
6420 3 2 0 12 7747 6200 8284 7442
6421 3 2 0 12 7846 7442 8284 6531
6422 3 2 0 12 482 8212 8286 481
6423 3 2 0 12 6820 7631 6188 8287
6424 3 2 0 12 323 8061 8289 322
6425 3 2 0 12 8040 6239 8290 7673
6426 3 2 0 12 333 8294 6801 332
6427 3 2 0 12 6708 8295 6207 8177
6428 3 2 0 12 6794 8296 6804 6285
6429 3 2 0 12 8238 7971 8297 6261
6430 3 2 0 12 8109 6252 8298 8193
6431 3 2 0 12 8253 6822 8301 6241
6432 3 2 0 12 6764 6800 8302 7837
6433 3 2 0 12 8169 8303 6071 6707
6434 3 2 0 12 306 307 8304 6757
6435 3 2 0 12 6280 6757 8304 6744
6436 3 2 0 12 6281 6758 8305 6745
6437 3 2 0 12 6783 8119 8306 6270
6438 3 2 0 12 6768 6728 8309 6268
6439 3 2 0 12 6796 8309 6728 8116
6440 3 2 0 12 6097 6091 8093 8311
6441 3 2 0 12 6233 6824 6225 8313
6442 3 2 0 12 6206 8080 8319 6829
6443 3 2 0 12 7835 7587 8349 7979
6444 3 2 0 12 328 8349 7587 327
6445 3 2 0 12 6192 6656 8351 8187
6446 3 2 0 12 6838 6844 6318 8354
6447 3 2 0 12 6298 8358 6855 6303
6448 3 2 0 12 6695 8027 8359 6252
6449 3 2 0 12 7765 7954 8363 6237
6450 3 2 0 12 6306 6748 8365 6089
6451 3 2 0 12 6754 6257 8369 6818
6452 3 2 0 12 6248 6857 8369 6847
6453 3 2 0 12 6700 8374 6777 6245
6454 3 2 0 12 6809 6086 8376 6797
6455 3 2 0 12 6761 6797 8376 6691
6456 3 2 0 12 7853 6568 8377 6770
6457 3 2 0 12 7946 6195 8378 7591
6458 3 2 0 12 7595 6740 7591 8378
6459 3 2 0 12 8277 6739 8379 6648
6460 3 2 0 12 8169 6648 8379 7800
6461 3 2 0 12 6291 6324 6315 6852
6462 3 2 0 12 7629 7452 8390 6202
6463 3 2 0 12 6819 6628 8391 6765
6464 3 2 0 12 6675 6683 8391 6628
6465 3 2 0 12 303 304 8396 6317
6466 3 2 0 12 6289 8394 8396 6865
6467 3 2 0 12 8187 8351 8398 6563
6468 3 2 0 12 8002 7684 8401 6551
6469 3 2 0 12 6761 6691 8403 6247
6470 3 2 0 12 6290 6875 8414 6866
6471 3 2 0 12 6111 6316 8414 6875
6472 3 2 0 12 6747 8416 8189 6236
6473 3 2 0 12 7952 6600 8417 6075
6474 3 2 0 12 6523 8418 6544 7529
6475 3 2 0 12 7669 6199 8424 8019
6476 3 2 0 12 6824 6218 8425 6225
6477 3 2 0 12 7798 6225 8425 6660
6478 3 2 0 12 6227 6765 8430 6676
6479 3 2 0 12 6262 6716 8433 6779
6480 3 2 0 12 6828 6242 8155 8434
6481 3 2 0 12 6635 8040 6581 8435
6482 3 2 0 12 7894 6645 8436 7594
6483 3 2 0 12 7832 6184 8436 7682
6484 3 2 0 12 6288 6658 8437 6802
6485 3 2 0 12 6701 8440 6819 6717
6486 3 2 0 12 6703 6704 6749 8445
6487 3 2 0 12 8099 7821 8447 6620
6488 3 2 0 12 6821 6675 8450 8370
6489 3 2 0 12 6243 8450 6675 6628
6490 3 2 0 12 6293 6311 8451 6111
6491 3 2 0 12 6098 6830 6777 8452
6492 3 2 0 12 6704 6703 8454 6263
6493 3 2 0 12 6649 6738 8454 6703
6494 3 2 0 12 6090 8455 6694 6640
6495 3 2 0 12 6076 8456 6602 6078
6496 3 2 0 12 6823 6191 8457 6783
6497 3 2 0 12 6288 6802 8458 6785
6498 3 2 0 12 6773 8332 8080 6206
6499 3 2 0 12 8092 8080 8332 6213
6500 3 2 0 12 8047 6221 7787 7985
6501 3 2 0 12 212 213 8344 6840
6502 3 2 0 12 7910 6272 6840 8344
6503 3 2 0 12 6239 8040 6635 8448
6504 3 2 0 12 6081 6270 8306 6837
6505 3 2 0 12 493 8071 8220 492
6506 3 2 0 12 8122 6688 8220 8071
6507 3 2 0 12 6259 8300 8450 6243
6508 3 2 0 12 194 8250 8273 193
6509 3 2 0 12 6676 8430 6708 8177
6510 3 2 0 12 6847 6264 8232 8283
6511 3 2 0 12 6848 6265 8233 8270
6512 3 2 0 12 406 407 8307 8441
6513 3 2 0 12 329 8190 8349 328
6514 3 2 0 12 345 346 8207 8361
6515 3 2 0 12 192 8157 8291 191
6516 3 2 0 12 7848 6726 8291 8157
6517 3 2 0 12 6097 8311 6735 6872
6518 3 2 0 12 6714 6260 8254 6267
6519 3 2 0 12 483 8383 8212 482
6520 3 2 0 12 6683 6217 8415 8391
6521 3 2 0 12 188 8279 8381 187
6522 3 2 0 12 6534 7776 6780 6553
6523 3 2 0 12 491 8105 8388 490
6524 3 2 0 12 6626 8119 6783 8457
6525 3 2 0 12 190 8245 8356 189
6526 3 2 0 12 7935 6788 8356 8245
6527 3 2 0 12 7935 8366 8282 6788
6528 3 2 0 12 6268 8309 6796 8230
6529 3 2 0 12 6859 6233 8313 6241
6530 3 2 0 12 6568 6224 8278 8377
6531 3 2 0 12 8222 6828 8434 8143
6532 3 2 0 12 6535 6193 6829 8319
6533 3 2 0 12 6257 6264 6847 8369
6534 3 2 0 12 7761 8063 8100 6853
6535 3 2 0 12 6818 8369 6857 6240
6536 3 2 0 12 6198 8264 6858 8322
6537 3 2 0 12 6205 6858 8264 8429
6538 3 2 0 12 6207 8295 8351 6656
6539 3 2 0 12 8398 8351 8295 6708
6540 3 2 0 12 6682 6671 6822 8253
6541 3 2 0 12 6073 8103 6792 8141
6542 3 2 0 12 6299 6838 8354 6309
6543 3 2 0 12 324 8367 8061 323
6544 3 2 0 12 8256 8061 8367 6693
6545 3 2 0 12 485 8069 8197 484
6546 3 2 0 12 402 403 6852 6315
6547 3 2 0 12 6276 6267 8254 8357
6548 3 2 0 12 6316 157 158 8414
6549 3 2 0 12 159 6866 8414 158
6550 3 2 0 12 304 305 6865 8396
6551 3 2 0 12 6260 6714 6735 8260
6552 3 2 0 12 6781 6235 8215 8110
6553 3 2 0 12 8348 8299 8110 8215
6554 3 2 0 12 6272 8355 6245 6825
6555 3 2 0 12 8268 6862 8407 6109
6556 3 2 0 12 6269 8408 8268 6769
6557 3 2 0 12 6279 6862 8268 8408
6558 3 2 0 12 6238 6297 8452 6777
6559 3 2 0 12 6856 6293 6864 8335
6560 3 2 0 12 6511 7615 7170 7398
6561 3 2 0 12 6636 7759 7283 7469
6562 3 2 0 12 6203 7447 7305 7977
6563 3 2 0 12 6637 7612 7311 7774
6564 3 2 0 12 7215 7294 7754 7650
6565 3 2 0 12 6176 7502 7577 7330
6566 3 2 0 12 6558 7705 7491 7344
6567 3 2 0 12 286 287 7480 7998
6568 3 2 0 12 8218 7579 7082 6040
6569 3 2 0 12 7781 7721 7788 6578
6570 3 2 0 12 6743 7358 7449 7790
6571 3 2 0 12 6147 7651 7383 7897
6572 3 2 0 12 6192 8144 10241 7465
6573 3 2 0 12 6644 7843 7391 7557
6574 3 2 0 12 6586 7838 7398 7646
6575 3 2 0 12 7738 7441 7874 6540
6576 3 2 0 12 7677 6555 7938 7626
6577 3 2 0 12 6711 7487 7418 7857
6578 3 2 0 12 8048 6461 7772 7438
6579 3 2 0 12 8349 8190 7589 7979
6580 3 2 0 12 7592 7570 7623 6562
6581 3 2 0 12 8140 6514 7900 7556
6582 3 2 0 12 7644 7518 7694 6569
6583 3 2 0 12 8142 7823 7745 6590
6584 3 2 0 12 7665 7551 7764 6528
6585 3 2 0 12 6567 7475 7436 8017
6586 3 2 0 12 6147 8048 7438 7651
6587 3 2 0 12 7383 7651 7803 6137
6588 3 2 0 12 7881 6496 7569 7715
6589 3 2 0 12 6513 6520 7545 7451
6590 3 2 0 12 6523 8026 7452 7629
6591 3 2 0 12 6585 7522 7457 7652
6592 3 2 0 12 8436 6184 7584 7594
6593 3 2 0 12 6575 7888 7630 7462
6594 3 2 0 12 6194 7464 7501 7654
6595 3 2 0 12 7815 7484 8077 6743
6596 3 2 0 12 6192 7465 7950 7795
6597 3 2 0 12 6141 8006 7467 7934
6598 3 2 0 12 6140 7590 7468 8005
6599 3 2 0 12 8108 7639 7685 6188
6600 3 2 0 12 6200 7747 7484 7815
6601 3 2 0 12 7692 6226 7707 8409
6602 3 2 0 12 6711 8409 7707 7487
6603 3 2 0 12 6210 7519 7489 7867
6604 3 2 0 12 7734 7751 7516 6490
6605 3 2 0 12 6567 7955 7491 7782
6606 3 2 0 12 7956 7637 7807 6631
6607 3 2 0 12 6564 7807 7637 7499
6608 3 2 0 12 6538 7671 7499 7977
6609 3 2 0 12 7720 6652 8152 7578
6610 3 2 0 12 6668 7793 7508 10664
6611 3 2 0 12 6070 7995 7510 7568
6612 3 2 0 12 6521 7511 7543 7801
6613 3 2 0 12 6579 7847 7517 7766
6614 3 2 0 12 6478 7519 7539 7544
6615 3 2 0 12 6202 8390 7531 10050
6616 3 2 0 12 7841 7607 7991 8237
6617 3 2 0 12 6585 7991 7607 7522
6618 3 2 0 12 6498 8026 7527 7774
6619 3 2 0 12 6075 8184 7527 7529
6620 3 2 0 12 6570 7845 7528 7722
6621 3 2 0 12 8048 7658 7716 6461
6622 3 2 0 12 6466 7716 7658 7534
6623 3 2 0 12 6508 7539 8118 7792
6624 3 2 0 12 7809 7762 7710 6655
6625 3 2 0 12 6589 7543 7710 7762
6626 3 2 0 12 6551 7808 7549 8002
6627 3 2 0 12 6645 7631 7549 7779
6628 3 2 0 12 8059 6060 7953 7665
6629 3 2 0 12 6579 7785 7554 7875
6630 3 2 0 12 7803 7737 8172 6137
6631 3 2 0 12 6619 7802 7575 7824
6632 3 2 0 12 7968 7720 7612 6637
6633 3 2 0 12 7728 7731 7676 6680
6634 3 2 0 12 7692 7797 7739 6659
6635 3 2 0 12 6634 7739 7797 10369
6636 3 2 0 12 7825 6631 7807 7691
6637 3 2 0 12 6674 8028 7587 7835
6638 3 2 0 12 6231 7979 7589 7859
6639 3 2 0 12 7187 6644 7982 7614
6640 3 2 0 12 6516 7604 7614 7982
6641 3 2 0 12 7957 6655 7710 7841
6642 3 2 0 12 6196 7847 7621 7928
6643 3 2 0 12 6514 8140 7621 7875
6644 3 2 0 12 6673 6622 7664 7796
6645 3 2 0 12 6562 7623 7796 7664
6646 3 2 0 12 7983 7677 7760 6727
6647 3 2 0 12 6067 7760 7677 7626
6648 3 2 0 12 6428 7893 7634 7882
6649 3 2 0 12 7744 7812 8059 6641
6650 3 2 0 12 6060 8059 7812 7634
6651 3 2 0 12 6679 8049 7637 7956
6652 3 2 0 12 6645 7894 7639 8108
6653 3 2 0 12 6630 7641 7660 8023
6654 3 2 0 12 6667 7909 7647 7932
6655 3 2 0 12 6621 8239 7674 7647
6656 3 2 0 12 6585 7652 7708 8130
6657 3 2 0 12 6575 8091 7655 7888
6658 3 2 0 12 8130 7708 7683 6609
6659 3 2 0 12 6197 7683 7708 7656
6660 3 2 0 12 6147 7794 7658 8048
6661 3 2 0 12 7683 6197 7706 7729
6662 3 2 0 12 6641 8059 7665 7727
6663 3 2 0 12 6584 6199 7669 8316
6664 3 2 0 12 6680 7676 7832 7778
6665 3 2 0 12 6645 7779 7682 8436
6666 3 2 0 12 7778 7832 7730 6723
6667 3 2 0 12 7659 6642 8219 7729
6668 3 2 0 12 6609 7683 7729 8219
6669 3 2 0 12 6193 7684 8185 8053
6670 3 2 0 12 6188 7685 7819 7733
6671 3 2 0 12 6195 7946 7688 8025
6672 3 2 0 12 6540 6615 7688 7738
6673 3 2 0 12 6618 7771 7690 7818
6674 3 2 0 12 6254 7825 7691 7885
6675 3 2 0 12 6711 7797 7692 8409
6676 3 2 0 12 8197 8069 7831 6713
6677 3 2 0 12 7859 8262 7820 6231
6678 3 2 0 12 6586 7700 7820 8262
6679 3 2 0 12 7748 6540 7874 7927
6680 3 2 0 12 6679 7881 7715 8049
6681 3 2 0 12 7850 7840 7938 6555
6682 3 2 0 12 6519 7938 7840 7718
6683 3 2 0 12 7543 6589 7757 7801
6684 3 2 0 12 6521 7801 7757 7732
6685 3 2 0 12 6598 7751 7734 7890
6686 3 2 0 12 7634 7812 7942 6488
6687 3 2 0 12 6540 7748 7944 6615
6688 3 2 0 12 8078 6752 7948 7886
6689 3 2 0 12 6210 7753 7886 7948
6690 3 2 0 12 7922 7849 7867 6598
6691 3 2 0 12 6210 7867 7849 7753
6692 3 2 0 12 6251 8127 7755 8192
6693 3 2 0 12 6254 7885 7757 7768
6694 3 2 0 12 8429 8264 7853 6770
6695 3 2 0 12 6198 7758 7853 8264
6696 3 2 0 12 7860 6633 7933 7809
6697 3 2 0 12 6589 7762 7809 7933
6698 3 2 0 12 6663 7954 7765 8088
6699 3 2 0 12 6633 7908 7768 7933
6700 3 2 0 12 6198 8322 7870 7769
6701 3 2 0 12 7734 8173 7901 6189
6702 3 2 0 12 6593 7791 8041 8106
6703 3 2 0 12 8317 6677 7816 7791
6704 3 2 0 12 6231 7820 7792 6674
6705 3 2 0 12 7798 6660 8034 8044
6706 3 2 0 12 6584 8044 8034 6199
6707 3 2 0 12 6584 8224 7798 8044
6708 3 2 0 12 6595 8011 7804 7899
6709 3 2 0 12 7895 7860 8016 6069
6710 3 2 0 12 6655 8016 7860 7809
6711 3 2 0 12 6235 6781 8302 8240
6712 3 2 0 12 6800 7816 8240 8302
6713 3 2 0 12 6221 8047 7821 8099
6714 3 2 0 12 7990 8045 8142 6751
6715 3 2 0 12 7984 6632 8055 7833
6716 3 2 0 12 6631 7825 7833 8055
6717 3 2 0 12 6219 8039 7827 8084
6718 3 2 0 12 6623 7827 8110 8299
6719 3 2 0 12 6805 6250 8126 8216
6720 3 2 0 12 6796 8216 8126 7829
6721 3 2 0 12 6699 8068 7829 8122
6722 3 2 0 12 6647 7984 7833 8064
6723 3 2 0 12 6231 6674 7835 7979
6724 3 2 0 12 6679 8163 7836 7881
6725 3 2 0 12 6781 8039 7837 8302
6726 3 2 0 12 7859 6611 7978 7838
6727 3 2 0 12 6624 7957 7841 8237
6728 3 2 0 12 6626 7880 7842 8138
6729 3 2 0 12 6632 8062 7842 7871
6730 3 2 0 12 6601 7889 7846 7925
6731 3 2 0 12 193 8273 8157 192
6732 3 2 0 12 6697 7848 8157 8273
6733 3 2 0 12 6693 7849 7922 8256
6734 3 2 0 12 492 8220 8105 491
6735 3 2 0 12 6688 7858 8105 8220
6736 3 2 0 12 6586 8262 7859 7838
6737 3 2 0 12 8082 6617 8159 7895
6738 3 2 0 12 6633 7860 7895 8159
6739 3 2 0 12 6518 7864 8046 7372
6740 3 2 0 12 6140 8005 7960 7868
6741 3 2 0 12 6141 7869 7959 8006
6742 3 2 0 12 7956 8120 8163 6679
6743 3 2 0 12 6204 8163 8120 7871
6744 3 2 0 12 325 8078 8367 324
6745 3 2 0 12 6693 8367 8078 7886
6746 3 2 0 12 7827 6623 8170 8084
6747 3 2 0 12 6598 7890 8030 7922
6748 3 2 0 12 6069 8188 8082 7895
6749 3 2 0 12 7768 7908 8064 6254
6750 3 2 0 12 6647 8064 7908 7904
6751 3 2 0 12 6617 8089 7904 8159
6752 3 2 0 12 6272 7910 8054 8355
6753 3 2 0 12 6189 7913 8266 8030
6754 3 2 0 12 8056 8375 8194 6627
6755 3 2 0 12 6605 7917 8194 8375
6756 3 2 0 12 189 8356 8279 188
6757 3 2 0 12 6276 8357 7931 8347
6758 3 2 0 12 191 8291 8245 190
6759 3 2 0 12 6726 7935 8245 8291
6760 3 2 0 12 7811 6666 7967 8191
6761 3 2 0 12 6550 8191 7967 7937
6762 3 2 0 12 8011 7981 8308 6681
6763 3 2 0 12 6212 8308 7981 7937
6764 3 2 0 12 6077 7941 8133 8417
6765 3 2 0 12 6593 8345 8317 7791
6766 3 2 0 12 7792 8118 8028 6674
6767 3 2 0 12 6210 7948 8028 8118
6768 3 2 0 12 6449 7951 7958 7989
6769 3 2 0 12 7805 6789 8033 8017
6770 3 2 0 12 6567 8017 8033 7955
6771 3 2 0 12 7871 8120 8055 6632
6772 3 2 0 12 6631 8055 8120 7956
6773 3 2 0 12 6655 7957 7992 8016
6774 3 2 0 12 8417 8133 8184 6075
6775 3 2 0 12 6637 8184 8133 7968
6776 3 2 0 12 6709 7975 7971 8238
6777 3 2 0 12 6697 8165 8297 7971
6778 3 2 0 12 6770 7974 8329 8429
6779 3 2 0 12 6611 8094 8139 7978
6780 3 2 0 12 6452 7980 8038 8131
6781 3 2 0 12 6595 8087 7981 8011
6782 3 2 0 12 8189 6664 8062 8031
6783 3 2 0 12 6632 7984 8031 8062
6784 3 2 0 12 7821 8047 8400 6798
6785 3 2 0 12 6789 8400 8047 7985
6786 3 2 0 12 6597 8164 7988 8228
6787 3 2 0 12 6070 8141 8020 7995
6788 3 2 0 12 6212 8244 8018 8308
6789 3 2 0 12 6236 8189 8031 8210
6790 3 2 0 12 6583 8037 8178 8292
6791 3 2 0 12 6605 8375 8056 8143
6792 3 2 0 12 6585 8130 8074 8162
6793 3 2 0 12 6554 8319 8080 8092
6794 3 2 0 12 484 8197 8383 483
6795 3 2 0 12 6236 8210 8089 8090
6796 3 2 0 12 8299 8348 8311 8093
6797 3 2 0 12 7633 6799 8168 8346
6798 3 2 0 12 6702 8306 8119 8171
6799 3 2 0 12 6080 8121 8224 8124
6800 3 2 0 12 6690 8128 8403 8399
6801 3 2 0 12 6580 8198 8244 8343
6802 3 2 0 12 7507 8152 8142 6590
6803 3 2 0 12 6652 8136 8142 8152
6804 3 2 0 12 6664 8259 8171 8138
6805 3 2 0 12 8143 8434 8420 6605
6806 3 2 0 12 6591 8453 8158 8129
6807 3 2 0 12 6597 8413 8168 8164
6808 3 2 0 12 6715 6251 8192 8325
6809 3 2 0 12 6808 8176 8325 8192
6810 3 2 0 12 8171 8259 8416 6702
6811 3 2 0 12 6664 8189 8416 8259
6812 3 2 0 12 6624 8237 8193 8298
6813 3 2 0 12 6663 8286 8212 8342
6814 3 2 0 12 8311 8348 8260 6735
6815 3 2 0 12 6244 8260 8348 8215
6816 3 2 0 12 8430 8415 8398 6708
6817 3 2 0 12 8165 6733 8433 8297
6818 3 2 0 12 6261 8297 8433 8217
6819 3 2 0 12 6792 8258 8288 8241
6820 3 2 0 12 8403 6691 8376 8399
6821 3 2 0 12 6086 8242 8399 8376
6822 3 2 0 12 6765 8391 8415 8430
6823 3 2 0 12 6682 8331 6096 6671
6824 3 2 0 12 8447 8386 8352 6620
6825 3 2 0 12 7771 8422 7884 6811
6826 3 2 0 12 8326 7884 8422 6812
6827 3 2 0 12 7155 7532 7826 6156
6828 3 2 0 12 6822 6258 6848 8301
6829 3 2 0 12 6241 8301 6848 6859
6830 3 2 0 12 8037 6824 6233 8178
6831 3 2 0 12 6859 8156 8178 6233
6832 3 2 0 12 8292 8178 8156 6613
6833 3 2 0 12 8318 6093 8455 6090
6834 3 2 0 12 6818 6694 8455 6754
6835 3 2 0 12 6829 6193 8053 8007
6836 3 2 0 12 7941 6077 8012 8129
6837 3 2 0 12 7758 7648 8012 6542
6838 3 2 0 12 6591 8129 8012 7648
6839 3 2 0 12 8319 6554 8427 6535
6840 3 2 0 12 8001 8427 7509 6557
6841 3 2 0 12 7796 8281 6704 6673
6842 3 2 0 12 6090 6087 8221 8318
6843 3 2 0 12 6240 6857 8195 6232
6844 3 2 0 12 8389 6741 8300 6266
6845 3 2 0 12 8450 8300 6741 8370
6846 3 2 0 12 6259 6810 6266 8300
6847 3 2 0 12 8288 8258 8402 6662
6848 3 2 0 12 6792 8103 8402 8258
6849 3 2 0 12 6083 6088 8331 7741
6850 3 2 0 12 6682 8065 7741 8331
6851 3 2 0 12 6080 8124 8228 6078
6852 3 2 0 12 8224 6584 8316 8124
6853 3 2 0 12 6597 8228 8124 8316
6854 3 2 0 12 8396 8395 6846 6317
6855 3 2 0 12 8407 6863 8395 6294
6856 3 2 0 12 6798 8443 8447 7821
6857 3 2 0 12 6610 8125 7949 7863
6858 3 2 0 12 6871 6721 8236 6731
6859 3 2 0 12 6269 8236 8176 6808
6860 3 2 0 12 6721 8321 8176 8236
6861 3 2 0 12 6682 8253 8149 8065
6862 3 2 0 12 220 221 6784 8338
6863 3 2 0 12 7761 8252 8338 6725
6864 3 2 0 12 219 220 8338 8252
6865 3 2 0 12 221 222 8326 6784
6866 3 2 0 12 223 7884 8326 222
6867 3 2 0 12 6298 6305 6094 8358
6868 3 2 0 12 6855 8358 6094 6319
6869 3 2 0 12 7532 6793 7709 7826
6870 3 2 0 12 8441 8410 405 406
6871 3 2 0 12 404 405 8410 6756
6872 3 2 0 12 307 308 8411 8304
6873 3 2 0 12 6758 160 161 8305
6874 3 2 0 12 162 8412 8305 161
6875 3 2 0 12 167 168 7606 8008
6876 3 2 0 12 173 7657 7537 172
6877 3 2 0 12 167 8008 7670 166
6878 3 2 0 12 322 8289 6661 321
6879 3 2 0 12 7913 6661 8289 8266
6880 3 2 0 12 213 214 8312 8344
6881 3 2 0 12 6599 7910 8344 8312
6882 3 2 0 12 330 7483 8190 329
6883 3 2 0 12 293 7735 7436 292
6884 3 2 0 12 7750 6594 7436 7735
6885 3 2 0 12 8223 7478 8323 6719
6886 3 2 0 12 184 6843 8013 183
6887 3 2 0 12 8316 7669 8413 6597
6888 3 2 0 12 6698 8413 7669 8019
6889 3 2 0 12 8273 8250 8165 6697
6890 3 2 0 12 6733 8165 8250 6816
6891 3 2 0 12 195 6816 8250 194
6892 3 2 0 12 6090 8067 8393 6087
6893 3 2 0 12 6219 6531 8284 8081
6894 3 2 0 12 7837 8081 8269 6764
6895 3 2 0 12 6200 8269 8081 8284
6896 3 2 0 12 7846 6531 6219 7925
6897 3 2 0 12 8167 6601 7925 8170
6898 3 2 0 12 6219 8084 8170 7925
6899 3 2 0 12 6570 10509 8101 7845
6900 3 2 0 12 8065 8149 7798 6654
6901 3 2 0 12 407 408 6842 8307
6902 3 2 0 12 6821 8370 8307 6842
6903 3 2 0 12 6777 8374 8242 6238
6904 3 2 0 12 8399 8242 8374 6690
6905 3 2 0 12 8230 6277 8423 6268
6906 3 2 0 12 6268 8423 8265 6768
6907 3 2 0 12 6790 6856 6277 6778
6908 3 2 0 12 8454 8261 6246 6263
6909 3 2 0 12 6725 8338 6784 8261
6910 3 2 0 12 6246 8261 6784 8326
6911 3 2 0 12 6824 8037 6213 6218
6912 3 2 0 12 6583 7945 6213 8037
6913 3 2 0 12 346 347 6755 8207
6914 3 2 0 12 6112 6320 8354 6318
6915 3 2 0 12 8326 6812 8419 6246
6916 3 2 0 12 6246 8419 6622 6673
6917 3 2 0 12 7974 6211 8231 8329
6918 3 2 0 12 8429 8329 6780 6205
6919 3 2 0 12 6780 8329 8231 6553
6920 3 2 0 12 7870 6527 8132 7769
6921 3 2 0 12 6198 7769 8132 8196
6922 3 2 0 12 8363 7954 8285 6763
6923 3 2 0 12 8290 6239 6763 8285
6924 3 2 0 12 6663 8342 8285 7954
6925 3 2 0 12 6080 6083 7741 8121
6926 3 2 0 12 8065 6654 8121 7741
6927 3 2 0 12 8141 6792 8241 8020
6928 3 2 0 12 6068 8125 8020 8241
6929 3 2 0 12 8223 6749 6704 8281
6930 3 2 0 12 6296 6794 8203 6831
6931 3 2 0 12 6855 6319 6831 8203
6932 3 2 0 12 6213 8332 8425 6218
6933 3 2 0 12 6773 6660 8425 8332
6934 3 2 0 12 6273 8437 6638 6772
6935 3 2 0 12 8437 6273 8458 6802
6936 3 2 0 12 6739 8277 8458 6273
6937 3 2 0 12 6785 8458 8277 6707
6938 3 2 0 12 6286 6706 8387 6689
6939 3 2 0 12 6255 6709 8238 8387
6940 3 2 0 12 6261 8211 8387 8238
6941 3 2 0 12 6224 6568 6542 8115
6942 3 2 0 12 6224 6807 6240 8278
6943 3 2 0 12 6834 8278 6240 6232
6944 3 2 0 12 8103 8320 6079 8402
6945 3 2 0 12 6601 8167 6079 8320
6946 3 2 0 12 7610 6321 7609 6050
6947 3 2 0 12 7824 8100 8063 6619
6948 3 2 0 12 6619 8063 6738 6649
6949 3 2 0 12 8033 6209 8432 6817
6950 3 2 0 12 7985 7787 8432 6209
6951 3 2 0 12 6202 8432 7787 7629
6952 3 2 0 12 6104 6871 6731 6769
6953 3 2 0 12 8298 6252 8359 6775
6954 3 2 0 12 6291 6861 6860 6324
6955 3 2 0 12 8016 7992 8066 6069
6956 3 2 0 12 6649 6703 8445 8324
6957 3 2 0 12 6687 6249 6848 8270
6958 3 2 0 12 8270 8233 8412 6687
6959 3 2 0 12 6686 6248 6847 8283
6960 3 2 0 12 8283 8232 8411 6686
6961 3 2 0 12 6794 6285 6107 8203
6962 3 2 0 12 6107 6303 6855 8203
6963 3 2 0 12 6606 6230 7339 8353
6964 3 2 0 12 7705 6558 8353 7339
6965 3 2 0 12 327 7587 6752 326
6966 3 2 0 12 8078 325 326 6752
6967 3 2 0 12 6877 6109 8407 6294
6968 3 2 0 12 6085 6082 8167 8214
6969 3 2 0 12 6623 8214 8167 8170
6970 3 2 0 12 408 409 8181 6842
6971 3 2 0 12 7664 6622 8419 8446
6972 3 2 0 12 6618 7752 7664 8446
6973 3 2 0 12 6747 6236 8090 8442
6974 3 2 0 12 8387 8211 6650 6689
6975 3 2 0 12 6255 8267 7975 6709
6976 3 2 0 12 6726 7848 7975 8267
6977 3 2 0 12 6091 6085 8214 8093
6978 3 2 0 12 6623 8299 8093 8214
6979 3 2 0 12 187 8381 6724 186
6980 3 2 0 12 6100 6873 6768 6105
6981 3 2 0 12 6718 6728 6768 6873
6982 3 2 0 12 6278 6670 6716 8404
6983 3 2 0 12 8433 6716 6670 8217
6984 3 2 0 12 6261 8217 6650 8211
6985 3 2 0 12 6069 8066 8431 8188
6986 3 2 0 12 8142 8136 6072 6751
6987 3 2 0 12 8453 6072 8136 8158
6988 3 2 0 12 6652 6795 8158 8136
6989 3 2 0 12 6719 8323 6658 6288
6990 3 2 0 12 7974 8449 7936 6211
6991 3 2 0 12 6635 6615 7944 8448
6992 3 2 0 12 6239 8448 8363 6763
6993 3 2 0 12 6237 8363 8448 7944
6994 3 2 0 12 7688 6615 6635 8025
6995 3 2 0 12 8132 6692 8453 8196
6996 3 2 0 12 6591 7648 8196 8453
6997 3 2 0 12 8130 6609 8219 8074
6998 3 2 0 12 6229 8074 8013 6843
6999 3 2 0 12 6642 8013 8074 8219
7000 3 2 0 12 7936 8098 8231 6211
7001 3 2 0 12 7640 6565 8098 8280
7002 3 2 0 12 6553 8231 8098 8428
7003 3 2 0 12 7800 7926 8213 6228
7004 3 2 0 12 8374 6700 8213 6690
7005 3 2 0 12 6690 8213 7926 8128
7006 3 2 0 12 6102 6766 8459 6106
7007 3 2 0 12 6867 8459 6766 6283
7008 3 2 0 12 6751 6072 8453 6692
7009 3 2 0 12 7990 6751 6692 6596
7010 3 2 0 12 6217 8364 8398 8415
7011 3 2 0 12 8359 8282 8366 6775
7012 3 2 0 12 6628 6819 8440 6243
7013 3 2 0 12 6722 8382 8440 6701
7014 3 2 0 12 6243 8440 8382 6259
7015 3 2 0 12 301 6846 8117 300
7016 3 2 0 12 8395 6863 8117 6846
7017 3 2 0 12 8424 6199 8034 8166
7018 3 2 0 12 6660 6773 8166 8034
7019 3 2 0 12 6782 6190 7811 7822
7020 3 2 0 12 6550 7822 7811 8191
7021 3 2 0 12 8398 8364 6666 6563
7022 3 2 0 12 6666 8364 8243 7967
7023 3 2 0 12 7811 8187 6563 6666
7024 3 2 0 12 6192 8187 7811 8144
7025 3 2 0 12 6544 8418 7787 6221
7026 3 2 0 12 7629 7787 8418 6523
7027 3 2 0 12 6217 6683 6580 8343
7028 3 2 0 12 7575 6599 7789 7824
7029 3 2 0 12 216 217 6853 7789
7030 3 2 0 12 6853 8100 7824 7789
7031 3 2 0 12 217 218 7761 6853
7032 3 2 0 12 6244 6677 8317 8254
7033 3 2 0 12 6620 8352 7952 6544
7034 3 2 0 12 7998 6774 285 286
7035 3 2 0 12 211 6836 6295 210
7036 3 2 0 12 8163 6204 8274 7836
7037 3 2 0 12 6541 8148 7836 8274
7038 3 2 0 12 8019 7983 6727 6698
7039 3 2 0 12 8074 6229 6695 8162
7040 3 2 0 12 6252 8109 8162 6695
7041 3 2 0 12 6585 8162 8109 7991
7042 3 2 0 12 6196 8360 7517 7847
7043 3 2 0 12 6738 6725 8261 8454
7044 3 2 0 12 6744 8304 8411 8232
7045 3 2 0 12 6745 8305 8412 8233
7046 3 2 0 12 6723 175 176 7778
7047 3 2 0 12 6872 6722 6701 6097
7048 3 2 0 12 6091 6097 6701 8371
7049 3 2 0 12 218 219 8252 7761
7050 3 2 0 12 6371 6387 8549 8540
7051 3 2 0 12 8248 7548 8598 6925
7052 3 2 0 12 8183 7290 8628 6131
7053 3 2 0 12 8605 7911 8574 8664
7054 3 2 0 12 8606 8665 8575 7912
7055 3 2 0 12 8529 8515 8753 7277
7056 3 2 0 12 6429 7331 8762 8669
7057 3 2 0 12 8693 8702 8791 6181
7058 3 2 0 12 7943 6359 8821 8579
7059 3 2 0 12 6131 8628 8826 7855
7060 3 2 0 12 8769 8836 8613 6991
7061 3 2 0 12 6454 8035 8863 8810
7062 3 2 0 12 8555 8810 8863 8654
7063 3 2 0 12 8500 8499 8864 6995
7064 3 2 0 12 8693 6181 8875 8801
7065 3 2 0 12 8517 6978 8886 8797
7066 3 2 0 12 8518 8798 8887 6979
7067 3 2 0 12 7000 7068 8891 7032
7068 3 2 0 12 7001 7033 8892 7067
7069 3 2 0 12 8621 7851 8899 8682
7070 3 2 0 12 8671 7153 8544 8900
7071 3 2 0 12 8670 6138 8902 8553
7072 3 2 0 12 8875 6181 8909 8905
7073 3 2 0 12 8791 8912 8909 6181
7074 3 2 0 12 8818 7040 7026 8935
7075 3 2 0 12 8738 8690 8939 6409
7076 3 2 0 12 8737 6408 8940 8689
7077 3 2 0 12 6416 7872 8943 8785
7078 3 2 0 12 6417 8786 8944 7873
7079 3 2 0 12 8461 6918 8946 8481
7080 3 2 0 12 8741 8481 8946 7042
7081 3 2 0 12 8672 8701 8959 7038
7082 3 2 0 12 8673 7037 8960 8700
7083 3 2 0 12 11255 7334 8965 7230
7084 3 2 0 12 8566 8715 8978 6120
7085 3 2 0 12 8841 6119 8986 8979
7086 3 2 0 12 7592 7317 8994 7289
7087 3 2 0 12 6363 6911 8716 8998
7088 3 2 0 12 8740 7041 9006 8487
7089 3 2 0 12 8833 7070 9014 8650
7090 3 2 0 12 8917 6450 9018 8964
7091 3 2 0 12 8947 8941 9019 6451
7092 3 2 0 12 8660 6930 9035 8655
7093 3 2 0 12 8674 7892 9035 8867
7094 3 2 0 12 6432 8038 7082 9037
7095 3 2 0 12 6590 7192 9039 7507
7096 3 2 0 12 8945 9041 8920 7049
7097 3 2 0 12 7770 6397 9045 8837
7098 3 2 0 12 7856 9074 7009 8901
7099 3 2 0 12 8844 6443 8929 9079
7100 3 2 0 12 8527 6337 8580 9097
7101 3 2 0 12 6131 7855 9105 8758
7102 3 2 0 12 6158 9109 7119 8647
7103 3 2 0 12 425 426 9128 7120
7104 3 2 0 12 7412 7742 9136 7223
7105 3 2 0 12 8837 9083 9163 7770
7106 3 2 0 12 9096 6441 9166 9122
7107 3 2 0 12 9088 8840 9170 6049
7108 3 2 0 12 7770 8981 9179 6397
7109 3 2 0 12 9099 7253 9190 8533
7110 3 2 0 12 455 9190 7253 454
7111 3 2 0 12 8994 9198 8677 7289
7112 3 2 0 12 8721 7061 9204 8574
7113 3 2 0 12 8696 8641 9210 6434
7114 3 2 0 12 8835 8761 9213 7018
7115 3 2 0 12 9062 8537 9216 7121
7116 3 2 0 12 249 250 7121 9216
7117 3 2 0 12 8830 10073 9219 7044
7118 3 2 0 12 7882 7352 9221 6428
7119 3 2 0 12 8979 8986 9224 7468
7120 3 2 0 12 8978 7467 9225 8987
7121 3 2 0 12 6042 9226 7082 7579
7122 3 2 0 12 8844 7084 9227 7179
7123 3 2 0 12 9000 7921 9235 8792
7124 3 2 0 12 6355 9252 7861 8662
7125 3 2 0 12 7040 8663 9253 6356
7126 3 2 0 12 9057 8586 9256 6906
7127 3 2 0 12 8529 7277 9257 8726
7128 3 2 0 12 8937 7147 9258 9240
7129 3 2 0 12 9112 9034 9258 7147
7130 3 2 0 12 9036 8948 9273 6342
7131 3 2 0 12 8653 6115 9281 8649
7132 3 2 0 12 8652 8650 9282 6116
7133 3 2 0 12 8849 6049 9285 8800
7134 3 2 0 12 448 449 9289 7693
7135 3 2 0 12 9045 6397 9293 9228
7136 3 2 0 12 9179 8730 9293 6397
7137 3 2 0 12 9096 9294 9239 6441
7138 3 2 0 12 8896 7056 9303 9241
7139 3 2 0 12 7772 7296 7443 9304
7140 3 2 0 12 8947 9310 9206 7433
7141 3 2 0 12 8917 7432 9192 9311
7142 3 2 0 12 8808 9319 8619 7081
7143 3 2 0 12 9162 9327 6343 8076
7144 3 2 0 12 7228 9332 7108 9185
7145 3 2 0 12 8566 7065 9333 8715
7146 3 2 0 12 8565 8714 9334 7064
7147 3 2 0 12 9044 7037 9335 8709
7148 3 2 0 12 9043 8710 9336 7038
7149 3 2 0 12 8896 6441 9239 9337
7150 3 2 0 12 8999 8558 9338 7814
7151 3 2 0 12 9207 9277 9340 6577
7152 3 2 0 12 9181 9234 9343 6179
7153 3 2 0 12 8710 6415 9345 8921
7154 3 2 0 12 8709 8922 9346 6418
7155 3 2 0 12 9282 6881 9348 8752
7156 3 2 0 12 9281 8751 9349 6882
7157 3 2 0 12 7756 6444 8996 9358
7158 3 2 0 12 9044 6406 9362 8923
7159 3 2 0 12 7032 8923 9362 7000
7160 3 2 0 12 9043 8924 9363 6405
7161 3 2 0 12 7033 7001 9363 8924
7162 3 2 0 12 8035 6454 9373 7207
7163 3 2 0 12 6590 7745 9377 7192
7164 3 2 0 12 7278 7248 9378 9292
7165 3 2 0 12 8758 7891 9382 8724
7166 3 2 0 12 8786 6417 9384 8857
7167 3 2 0 12 8785 8856 9385 6416
7168 3 2 0 12 8751 8814 9386 7446
7169 3 2 0 12 8752 7445 9387 8813
7170 3 2 0 12 9223 6222 9389 9284
7171 3 2 0 12 9077 9034 9396 7321
7172 3 2 0 12 9138 6222 9401 8958
7173 3 2 0 12 9209 7279 9401 9214
7174 3 2 0 12 8497 6045 8498 9410
7175 3 2 0 12 9266 8563 9418 7341
7176 3 2 0 12 6340 9421 9269 7233
7177 3 2 0 12 8247 6114 8630 9428
7178 3 2 0 12 7614 9431 7329 7187
7179 3 2 0 12 7335 9432 9283 7409
7180 3 2 0 12 6634 8385 9433 7739
7181 3 2 0 12 6659 7739 9433 8079
7182 3 2 0 12 477 478 9433 8385
7183 3 2 0 12 8606 6129 9445 8754
7184 3 2 0 12 8605 8755 9446 6122
7185 3 2 0 12 6902 9449 6930 8660
7186 3 2 0 12 6641 7740 9450 7255
7187 3 2 0 12 7661 9714 9450 7740
7188 3 2 0 12 6548 7406 9451 7675
7189 3 2 0 12 6621 7947 9460 8239
7190 3 2 0 12 9458 7653 9143 9461
7191 3 2 0 12 9156 9462 9144 10130
7192 3 2 0 12 6185 9058 9463 7425
7193 3 2 0 12 9135 7027 9469 9931
7194 3 2 0 12 9083 8837 9469 7027
7195 3 2 0 12 8649 9015 9472 7069
7196 3 2 0 12 8902 7411 9475 8553
7197 3 2 0 12 8629 8736 9486 7291
7198 3 2 0 12 8633 8624 9487 7070
7199 3 2 0 12 6327 9471 9487 7813
7200 3 2 0 12 9014 7070 9487 9471
7201 3 2 0 12 8674 9903 9488 7892
7202 3 2 0 12 8823 7892 9488 8000
7203 3 2 0 12 8628 7290 9489 8733
7204 3 2 0 12 6160 7698 9491 9090
7205 3 2 0 12 6172 9091 9492 7697
7206 3 2 0 12 8717 7561 9502 8545
7207 3 2 0 12 8716 8546 9503 7562
7208 3 2 0 12 8806 7031 9510 8531
7209 3 2 0 12 8830 7044 9510 8651
7210 3 2 0 12 8657 7386 9512 10293
7211 3 2 0 12 6446 7742 7160 9452
7212 3 2 0 12 9003 9017 9516 6470
7213 3 2 0 12 9343 9354 9522 6179
7214 3 2 0 12 7303 6460 9524 8035
7215 3 2 0 12 6475 7110 9525 7601
7216 3 2 0 12 8759 8816 9535 6442
7217 3 2 0 12 7577 7502 9537 6603
7218 3 2 0 12 7576 6604 9538 7503
7219 3 2 0 12 8657 8688 9543 7386
7220 3 2 0 12 8086 7538 9544 6801
7221 3 2 0 12 6914 8593 6951 9548
7222 3 2 0 12 276 277 9551 8102
7223 3 2 0 12 8999 7814 9552 9397
7224 3 2 0 12 8708 6347 8723 9556
7225 3 2 0 12 9334 9557 8747 7064
7226 3 2 0 12 9333 7065 8748 9558
7227 3 2 0 12 9304 6657 9559 7772
7228 3 2 0 12 7438 7772 9559 7420
7229 3 2 0 12 9084 8888 9559 6657
7230 3 2 0 12 9359 8623 9560 7111
7231 3 2 0 12 8914 7052 9561 8667
7232 3 2 0 12 8913 8666 9562 7051
7233 3 2 0 12 9527 9267 9568 7234
7234 3 2 0 12 8664 7047 9569 8605
7235 3 2 0 12 7494 9432 7335 9586
7236 3 2 0 12 6578 7788 9590 7326
7237 3 2 0 12 6578 7328 9597 7781
7238 3 2 0 12 9571 6479 9597 9478
7239 3 2 0 12 9568 7292 9598 9361
7240 3 2 0 12 9323 9515 9600 7091
7241 3 2 0 12 9001 6910 9601 8638
7242 3 2 0 12 8630 6114 9601 8760
7243 3 2 0 12 6143 8208 9602 7446
7244 3 2 0 12 6144 7445 9603 8209
7245 3 2 0 12 9352 9261 9604 7228
7246 3 2 0 12 9088 9086 9605 7239
7247 3 2 0 12 6216 7857 7418 9606
7248 3 2 0 12 6327 7813 9615 8961
7249 3 2 0 12 9178 6992 9616 8613
7250 3 2 0 12 8929 6443 9618 7964
7251 3 2 0 12 8931 6121 9619 7378
7252 3 2 0 12 8932 7379 9620 6130
7253 3 2 0 12 8097 7678 9631 9440
7254 3 2 0 12 9227 7084 9638 8968
7255 3 2 0 12 9396 7066 9640 8955
7256 3 2 0 12 250 251 9651 7121
7257 3 2 0 12 7721 7781 9652 7342
7258 3 2 0 12 9564 9274 9652 6479
7259 3 2 0 12 8756 8615 9654 6993
7260 3 2 0 12 6466 9655 7296 7716
7261 3 2 0 12 447 448 7693 9657
7262 3 2 0 12 8909 8912 9660 7229
7263 3 2 0 12 7131 9573 9661 7098
7264 3 2 0 12 7132 7099 9662 9572
7265 3 2 0 12 8554 9663 8670 6999
7266 3 2 0 12 9591 6435 9669 8771
7267 3 2 0 12 8904 8930 9675 8327
7268 3 2 0 12 9181 6179 9676 9383
7269 3 2 0 12 8903 8328 9682 8927
7270 3 2 0 12 454 7253 9684 453
7271 3 2 0 12 9099 8941 9684 7253
7272 3 2 0 12 6160 9200 9686 7698
7273 3 2 0 12 6172 7697 7142 9201
7274 3 2 0 12 7481 6487 9691 9588
7275 3 2 0 12 6458 7742 7412 9693
7276 3 2 0 12 6082 6085 9696 9798
7277 3 2 0 12 6701 6717 9696 8371
7278 3 2 0 12 6091 8371 9696 6085
7279 3 2 0 12 9506 6467 9698 9482
7280 3 2 0 12 9038 9703 9180 6447
7281 3 2 0 12 7278 9292 10400 7393
7282 3 2 0 12 7989 7958 9716 6066
7283 3 2 0 12 6736 9721 7125 7413
7284 3 2 0 12 6737 7414 7124 9722
7285 3 2 0 12 9361 9726 7696 7326
7286 3 2 0 12 9434 7453 9728 7264
7287 3 2 0 12 9003 9831 9734 7225
7288 3 2 0 12 9524 7625 9738 8654
7289 3 2 0 12 9217 10039 9739 6577
7290 3 2 0 12 6482 7552 9741 9305
7291 3 2 0 12 6271 7271 9743 7695
7292 3 2 0 12 7960 8005 9744 6153
7293 3 2 0 12 7878 9744 8005 7468
7294 3 2 0 12 7959 6155 9745 8006
7295 3 2 0 12 7879 7467 8006 9745
7296 3 2 0 12 7318 9750 9378 7248
7297 3 2 0 12 9510 7044 9753 8531
7298 3 2 0 12 9014 9471 9754 6881
7299 3 2 0 12 9123 6882 9349 9755
7300 3 2 0 12 8758 9105 9757 7891
7301 3 2 0 12 9697 7328 7696 9761
7302 3 2 0 12 8111 7097 9769 6369
7303 3 2 0 12 8750 7024 9769 8757
7304 3 2 0 12 9036 6342 9772 9127
7305 3 2 0 12 7366 6271 7695 9775
7306 3 2 0 12 9285 9020 9778 7268
7307 3 2 0 12 9512 7386 6669 9780
7308 3 2 0 12 9742 7169 9789 9208
7309 3 2 0 12 8167 6082 9798 6079
7310 3 2 0 12 9564 9635 9801 7320
7311 3 2 0 12 8969 6183 9802 9022
7312 3 2 0 12 8973 9052 9802 6183
7313 3 2 0 12 9625 9147 9804 7122
7314 3 2 0 12 6663 8088 9806 8286
7315 3 2 0 12 481 8286 9806 480
7316 3 2 0 12 6659 8079 9806 8088
7317 3 2 0 12 8587 6981 8474 9817
7318 3 2 0 12 9302 7151 9821 9004
7319 3 2 0 12 8707 6124 9824 8734
7320 3 2 0 12 8620 7920 9824 8919
7321 3 2 0 12 8703 8735 9825 6127
7322 3 2 0 12 8619 8920 9825 7919
7323 3 2 0 12 9251 9826 10400 9292
7324 3 2 0 12 7231 9623 6481 9836
7325 3 2 0 12 7410 6458 9838 9470
7326 3 2 0 12 9053 9840 9735 6253
7327 3 2 0 12 8999 8022 9843 8558
7328 3 2 0 12 8600 8558 9843 8154
7329 3 2 0 12 9818 6982 9847 8588
7330 3 2 0 12 8046 6433 9850 7372
7331 3 2 0 12 6892 9859 6891 8739
7332 3 2 0 12 9694 7236 9326 9866
7333 3 2 0 12 9592 7239 9867 9164
7334 3 2 0 12 9658 6512 9867 9218
7335 3 2 0 12 7098 9575 9870 7131
7336 3 2 0 12 7099 7132 9871 9574
7337 3 2 0 12 9367 7349 9876 9189
7338 3 2 0 12 9592 7122 9889 8840
7339 3 2 0 12 9878 7267 9889 9168
7340 3 2 0 12 7689 9444 9891 6469
7341 3 2 0 12 9669 6435 9892 7965
7342 3 2 0 12 9209 7126 9894 9010
7343 3 2 0 12 9104 7151 9894 9056
7344 3 2 0 12 7498 9897 9841 6481
7345 3 2 0 12 9770 9422 9904 9910
7346 3 2 0 12 7725 9250 9905 6326
7347 3 2 0 12 8790 9911 9400 7172
7348 3 2 0 12 9302 6500 9916 9010
7349 3 2 0 12 9419 7279 9916 9051
7350 3 2 0 12 7366 7359 9917 6271
7351 3 2 0 12 7271 6271 9917 7666
7352 3 2 0 12 9459 7439 9919 7313
7353 3 2 0 12 7331 6429 9921 9630
7354 3 2 0 12 9296 7102 9921 9833
7355 3 2 0 12 8094 6611 9925 7538
7356 3 2 0 12 8190 7483 9925 7589
7357 3 2 0 12 9544 7538 9925 7483
7358 3 2 0 12 7859 7589 9925 6611
7359 3 2 0 12 9687 7229 9928 9534
7360 3 2 0 12 7313 9919 6526 9932
7361 3 2 0 12 9625 9164 9935 7332
7362 3 2 0 12 8628 8733 9937 7005
7363 3 2 0 12 8601 6887 9938 8494
7364 3 2 0 12 9800 6907 9938 8859
7365 3 2 0 12 8602 8494 9938 6907
7366 3 2 0 12 8614 8495 9939 6886
7367 3 2 0 12 9799 8858 9939 6908
7368 3 2 0 12 8603 6908 9939 8495
7369 3 2 0 12 9756 7364 9941 9048
7370 3 2 0 12 9291 7106 9941 9141
7371 3 2 0 12 7737 7558 9951 6489
7372 3 2 0 12 9518 7699 9951 7288
7373 3 2 0 12 8779 6163 9956 8611
7374 3 2 0 12 7686 9956 6163 8698
7375 3 2 0 12 6251 6715 9957 8083
7376 3 2 0 12 6789 7805 9957 8400
7377 3 2 0 12 6798 8400 9957 6715
7378 3 2 0 12 6594 8083 9957 7805
7379 3 2 0 12 8778 8612 8812 6169
7380 3 2 0 12 7687 8697 6169 8812
7381 3 2 0 12 9001 7422 9962 8703
7382 3 2 0 12 8612 7205 9962 8812
7383 3 2 0 12 8131 7437 9963 6452
7384 3 2 0 12 8977 8707 9964 7423
7385 3 2 0 12 8611 8815 9964 7204
7386 3 2 0 12 9456 7107 9966 9050
7387 3 2 0 12 7826 6854 9970 6156
7388 3 2 0 12 9816 8618 9970 6854
7389 3 2 0 12 7353 9762 9974 10378
7390 3 2 0 12 7396 7299 9977 9767
7391 3 2 0 12 9741 7157 9979 9305
7392 3 2 0 12 9135 8641 9987 7027
7393 3 2 0 12 9031 10002 9992 8648
7394 3 2 0 12 9110 8648 9992 8848
7395 3 2 0 12 7949 6066 9997 7863
7396 3 2 0 12 7466 9927 6462 10000
7397 3 2 0 12 9959 7355 10001 9271
7398 3 2 0 12 7359 7224 10004 9917
7399 3 2 0 12 9405 7106 10005 8800
7400 3 2 0 12 9196 7105 10005 9145
7401 3 2 0 12 9405 7268 10006 9048
7402 3 2 0 12 9536 10008 6484 7426
7403 3 2 0 12 10006 9191 10012 6499
7404 3 2 0 12 8934 7283 10015 7154
7405 3 2 0 12 6477 9441 10015 7574
7406 3 2 0 12 9038 6447 10017 9069
7407 3 2 0 12 9963 7437 10022 7216
7408 3 2 0 12 7721 7342 10024 9933
7409 3 2 0 12 9366 9300 10028 7316
7410 3 2 0 12 9855 10031 9105 7855
7411 3 2 0 12 6430 8206 10032 7525
7412 3 2 0 12 6431 7524 10033 8205
7413 3 2 0 12 7505 9485 10037 7276
7414 3 2 0 12 8622 8874 10038 8073
7415 3 2 0 12 7958 7215 10040 9716
7416 3 2 0 12 6370 7616 10043 9068
7417 3 2 0 12 7864 6180 10045 8046
7418 3 2 0 12 7139 7216 10045 9521
7419 3 2 0 12 10015 9441 10046 7154
7420 3 2 0 12 8427 6554 10047 7509
7421 3 2 0 12 8008 7606 10047 6566
7422 3 2 0 12 6817 8432 6202 10050
7423 3 2 0 12 7491 6817 10050 7344
7424 3 2 0 12 8779 7997 10051 6163
7425 3 2 0 12 7088 7085 10051 7997
7426 3 2 0 12 8778 6169 10052 7996
7427 3 2 0 12 7089 7996 10052 7086
7428 3 2 0 12 9778 7186 10054 9191
7429 3 2 0 12 7264 7500 6547 10055
7430 3 2 0 12 9170 7267 10056 9020
7431 3 2 0 12 9984 7186 10056 9287
7432 3 2 0 12 8656 6928 10059 8731
7433 3 2 0 12 9477 8731 10059 6897
7434 3 2 0 12 9553 7217 10061 9078
7435 3 2 0 12 8556 6923 10063 6123
7436 3 2 0 12 8557 6128 10064 6924
7437 3 2 0 12 7396 9683 10070 7299
7438 3 2 0 12 6473 9943 10070 7523
7439 3 2 0 12 10009 6393 10074 9388
7440 3 2 0 12 6762 6810 10080 6101
7441 3 2 0 12 6101 10080 8382 6722
7442 3 2 0 12 9615 10082 8578 7340
7443 3 2 0 12 6902 8660 7219 6393
7444 3 2 0 12 9942 10062 10085 9566
7445 3 2 0 12 7665 7953 10088 7551
7446 3 2 0 12 7566 7679 10090 9955
7447 3 2 0 12 9877 9773 10091 7281
7448 3 2 0 12 9308 7425 10104 9004
7449 3 2 0 12 9381 6500 10104 9016
7450 3 2 0 12 9932 9403 10105 7313
7451 3 2 0 12 9807 9207 10108 7169
7452 3 2 0 12 9712 9230 10108 7316
7453 3 2 0 12 175 6723 10112 174
7454 3 2 0 12 9631 7678 10116 9555
7455 3 2 0 12 6601 8320 10119 7889
7456 3 2 0 12 9341 7126 10121 9100
7457 3 2 0 12 7291 6134 10122 8629
7458 3 2 0 12 8902 6138 10128 9064
7459 3 2 0 12 6494 10664 7508 10129
7460 3 2 0 12 6146 9156 10130 7698
7461 3 2 0 12 6148 7697 7653 9458
7462 3 2 0 12 7506 9691 6487 10137
7463 3 2 0 12 7949 10138 7989 6066
7464 3 2 0 12 9748 7593 10140 6505
7465 3 2 0 12 7311 7612 10142 9150
7466 3 2 0 12 7720 7578 10142 7612
7467 3 2 0 12 7078 11102 7289 8677
7468 3 2 0 12 7685 7471 10144 6486
7469 3 2 0 12 6486 10144 9830 7263
7470 3 2 0 12 9121 7400 10146 7210
7471 3 2 0 12 9120 7211 10147 7401
7472 3 2 0 12 6214 10148 7396 9767
7473 3 2 0 12 7464 10014 10153 7501
7474 3 2 0 12 9023 10696 10158 6470
7475 3 2 0 12 8608 7635 8226 10160
7476 3 2 0 12 9869 10162 10000 6462
7477 3 2 0 12 7894 6464 10163 7639
7478 3 2 0 12 7685 7639 10163 7471
7479 3 2 0 12 9579 9501 10163 6464
7480 3 2 0 12 7429 9915 7399 10164
7481 3 2 0 12 9562 8666 10167 6990
7482 3 2 0 12 6989 10168 7145 8667
7483 3 2 0 12 9171 7036 10169 8691
7484 3 2 0 12 7195 7237 10170 9411
7485 3 2 0 12 9863 7620 10171 6507
7486 3 2 0 12 7397 7766 6507 10171
7487 3 2 0 12 7462 9633 10176 6575
7488 3 2 0 12 9174 8186 10177 8980
7489 3 2 0 12 9981 7144 10182 9146
7490 3 2 0 12 7024 10187 6369 9769
7491 3 2 0 12 6793 7242 10188 7709
7492 3 2 0 12 9542 9388 10188 7043
7493 3 2 0 12 9553 6468 10192 9050
7494 3 2 0 12 9679 7404 10192 9242
7495 3 2 0 12 9642 7407 10196 9078
7496 3 2 0 12 9699 6468 10196 9186
7497 3 2 0 12 8967 7093 10202 7016
7498 3 2 0 12 8966 7015 10203 7092
7499 3 2 0 12 6147 7897 10209 7794
7500 3 2 0 12 9723 6502 10210 9093
7501 3 2 0 12 9732 7407 10210 9139
7502 3 2 0 12 9771 7347 10213 9139
7503 3 2 0 12 6182 9404 10214 7547
7504 3 2 0 12 7385 9448 10214 7220
7505 3 2 0 12 8806 9173 10216 7031
7506 3 2 0 12 9532 10216 9173 7189
7507 3 2 0 12 9732 7183 10217 9186
7508 3 2 0 12 8038 6432 10218 8131
7509 3 2 0 12 9137 7173 10220 9975
7510 3 2 0 12 9736 7159 10221 8866
7511 3 2 0 12 475 476 10226 10489
7512 3 2 0 12 8385 6634 10489 10226
7513 3 2 0 12 8525 6903 9061 10228
7514 3 2 0 12 9699 7357 10229 9242
7515 3 2 0 12 9434 10236 9331 7453
7516 3 2 0 12 6529 7950 7465 10241
7517 3 2 0 12 7671 6538 10242 7506
7518 3 2 0 12 6636 7469 10247 7633
7519 3 2 0 12 6625 7633 10247 7565
7520 3 2 0 12 9782 6491 10249 9147
7521 3 2 0 12 10178 7424 10249 9316
7522 3 2 0 12 6669 10257 7617 7526
7523 3 2 0 12 7697 6148 10258 7142
7524 3 2 0 12 7698 9686 10259 6146
7525 3 2 0 12 6203 7715 10261 7447
7526 3 2 0 12 7578 10272 6256 10142
7527 3 2 0 12 7016 10202 7014 10274
7528 3 2 0 12 7015 10275 7013 10203
7529 3 2 0 12 8868 6456 10276 7493
7530 3 2 0 12 7180 7493 10276 7314
7531 3 2 0 12 473 474 8426 10283
7532 3 2 0 12 8312 10291 7789 6599
7533 3 2 0 12 6593 8106 10299 7896
7534 3 2 0 12 7839 7662 10301 6518
7535 3 2 0 12 7608 6455 10303 7784
7536 3 2 0 12 8160 10304 8073 10038
7537 3 2 0 12 6178 7402 10314 8023
7538 3 2 0 12 9668 7472 10315 9674
7539 3 2 0 12 9907 10447 10318 9268
7540 3 2 0 12 7718 10319 7733 6519
7541 3 2 0 12 8969 7113 10320 9357
7542 3 2 0 12 8366 6639 10322 6775
7543 3 2 0 12 7558 7737 7803 10324
7544 3 2 0 12 7737 10334 6653 8172
7545 3 2 0 12 6489 7560 10334 7737
7546 3 2 0 12 8860 9065 10335 6453
7547 3 2 0 12 9850 6433 10336 9852
7548 3 2 0 12 9804 7424 10337 9168
7549 3 2 0 12 10236 6532 10337 9331
7550 3 2 0 12 10215 6543 10338 9317
7551 3 2 0 12 7539 6508 10341 7544
7552 3 2 0 12 8592 8894 10342 7095
7553 3 2 0 12 8591 7094 10343 8893
7554 3 2 0 12 8969 10344 9195 7113
7555 3 2 0 12 7675 7663 10350 6548
7556 3 2 0 12 7655 6548 10350 7918
7557 3 2 0 12 6551 7384 10355 7808
7558 3 2 0 12 6518 7372 10356 7839
7559 3 2 0 12 9430 6463 10357 9073
7560 3 2 0 12 9737 7421 10357 9087
7561 3 2 0 12 7397 10358 6063 7785
7562 3 2 0 12 9841 7221 10359 9365
7563 3 2 0 12 8626 6384 8980 10360
7564 3 2 0 12 7767 6439 7965 10361
7565 3 2 0 12 8911 6370 10372 8720
7566 3 2 0 12 9068 8955 10372 6370
7567 3 2 0 12 9253 8663 10373 7862
7568 3 2 0 12 7595 6201 10376 6740
7569 3 2 0 12 9771 6502 10380 9124
7570 3 2 0 12 6276 8347 10647 6283
7571 3 2 0 12 8347 8207 6755 10647
7572 3 2 0 12 172 7537 10383 171
7573 3 2 0 12 8107 10383 7537 6557
7574 3 2 0 12 6507 7766 7517 7976
7575 3 2 0 12 9127 7309 10385 7213
7576 3 2 0 12 7932 6223 10391 7428
7577 3 2 0 12 8140 7556 10391 7746
7578 3 2 0 12 10207 7428 10391 7556
7579 3 2 0 12 7970 7746 10391 6223
7580 3 2 0 12 9109 8847 10394 7119
7581 3 2 0 12 8235 6687 8412 10397
7582 3 2 0 12 164 8235 10397 163
7583 3 2 0 12 9993 6537 10399 9706
7584 3 2 0 12 6571 7393 10400 7732
7585 3 2 0 12 7477 10407 7368 10107
7586 3 2 0 12 7751 7489 10413 7516
7587 3 2 0 12 7489 7519 6478 10413
7588 3 2 0 12 9251 10415 9627 7196
7589 3 2 0 12 8234 6686 8411 10416
7590 3 2 0 12 6527 7870 7476 10418
7591 3 2 0 12 9642 7127 10419 9093
7592 3 2 0 12 9098 6365 10420 8577
7593 3 2 0 12 9046 6384 10420 8659
7594 3 2 0 12 8599 8659 10420 6365
7595 3 2 0 12 7039 9549 10429 6355
7596 3 2 0 12 7086 9550 6356 10430
7597 3 2 0 12 9878 6532 10431 9287
7598 3 2 0 12 7998 7346 10433 6774
7599 3 2 0 12 9673 9328 10437 7282
7600 3 2 0 12 8148 7338 10442 6496
7601 3 2 0 12 9758 7569 6496 10442
7602 3 2 0 12 7841 7710 10450 7607
7603 3 2 0 12 9518 7799 10452 6475
7604 3 2 0 12 6208 8333 10454 11457
7605 3 2 0 12 10134 8029 10455 6329
7606 3 2 0 12 7750 10459 8083 6594
7607 3 2 0 12 6684 8127 10459 7750
7608 3 2 0 12 7843 10464 7662 7391
7609 3 2 0 12 7622 6498 10471 7976
7610 3 2 0 12 6728 6718 10473 8116
7611 3 2 0 12 8971 6935 10475 9129
7612 3 2 0 12 7977 7305 10476 6538
7613 3 2 0 12 10431 9434 10480 7470
7614 3 2 0 12 6791 6247 10481 6806
7615 3 2 0 12 8379 6739 10481 8392
7616 3 2 0 12 8403 8392 10481 6247
7617 3 2 0 12 9904 6474 10482 9490
7618 3 2 0 12 7435 7559 10483 6058
7619 3 2 0 12 7588 6560 10487 7533
7620 3 2 0 12 226 8050 10491 225
7621 3 2 0 12 8759 6442 10492 8861
7622 3 2 0 12 9160 10496 9671 6145
7623 3 2 0 12 7248 7278 10497 9835
7624 3 2 0 12 9179 8981 10499 7101
7625 3 2 0 12 8957 8770 10500 7029
7626 3 2 0 12 8956 7028 10501 8963
7627 3 2 0 12 6452 10502 7495 7980
7628 3 2 0 12 9157 9038 10506 7175
7629 3 2 0 12 9815 8822 10510 7017
7630 3 2 0 12 6955 8552 6949 10514
7631 3 2 0 12 8526 6954 10515 8551
7632 3 2 0 12 8455 6093 10519 6754
7633 3 2 0 12 6721 6871 10519 6093
7634 3 2 0 12 7738 6588 10521 7743
7635 3 2 0 12 10140 7351 10521 7806
7636 3 2 0 12 7946 7806 10521 6588
7637 3 2 0 12 8323 7478 10524 6552
7638 3 2 0 12 8712 10526 9640 7066
7639 3 2 0 12 6063 10532 7554 7785
7640 3 2 0 12 8015 6177 10536 10252
7641 3 2 0 12 8014 10251 10537 6176
7642 3 2 0 12 7361 7602 10539 9424
7643 3 2 0 12 8628 7005 10540 8826
7644 3 2 0 12 7419 10412 10541 7545
7645 3 2 0 12 9132 7055 10542 8771
7646 3 2 0 12 9591 8771 10542 7214
7647 3 2 0 12 9175 9412 10542 7055
7648 3 2 0 12 9536 9301 10544 7138
7649 3 2 0 12 8111 6352 10545 7097
7650 3 2 0 12 9373 7097 10545 7207
7651 3 2 0 12 7623 7570 10546 7427
7652 3 2 0 12 8746 8499 10549 8021
7653 3 2 0 12 6180 7864 10553 7370
7654 3 2 0 12 6481 9623 10554 7498
7655 3 2 0 12 6220 7930 7830 10560
7656 3 2 0 12 6275 6762 10565 6282
7657 3 2 0 12 6291 6282 10565 6861
7658 3 2 0 12 6106 8459 10565 6762
7659 3 2 0 12 168 169 10566 7606
7660 3 2 0 12 6557 7509 10566 8107
7661 3 2 0 12 170 8107 10566 169
7662 3 2 0 12 10047 7606 10566 7509
7663 3 2 0 12 7511 6521 10568 10120
7664 3 2 0 12 7732 9940 10568 6521
7665 3 2 0 12 7458 10570 7594 7584
7666 3 2 0 12 9069 9758 10572 7135
7667 3 2 0 12 7703 7448 10577 6058
7668 3 2 0 12 6528 7764 10577 7450
7669 3 2 0 12 7435 6058 10577 7764
7670 3 2 0 12 9138 7221 10583 9692
7671 3 2 0 12 7511 10120 7164 10584
7672 3 2 0 12 7232 7158 10586 9067
7673 3 2 0 12 6354 10591 8328 8858
7674 3 2 0 12 7450 10577 7448 10592
7675 3 2 0 12 6175 9159 10594 7599
7676 3 2 0 12 7592 6562 10597 7317
7677 3 2 0 12 7664 7752 10597 6562
7678 3 2 0 12 8994 7317 10597 7226
7679 3 2 0 12 9557 6391 10603 8747
7680 3 2 0 12 7982 7617 10609 6516
7681 3 2 0 12 7499 7671 7628 6564
7682 3 2 0 12 7654 7501 10611 6530
7683 3 2 0 12 9852 9857 10616 7213
7684 3 2 0 12 6232 8195 10617 6834
7685 3 2 0 12 6612 8280 10617 8195
7686 3 2 0 12 8060 6545 10624 7736
7687 3 2 0 12 7442 7451 10630 7747
7688 3 2 0 12 6331 10638 8199 8134
7689 3 2 0 12 6332 8135 8200 10639
7690 3 2 0 12 7634 6488 10640 7882
7691 3 2 0 12 7882 10640 7521 7352
7692 3 2 0 12 6833 6292 10647 6755
7693 3 2 0 12 6292 6867 6283 10647
7694 3 2 0 12 9891 9444 10648 7166
7695 3 2 0 12 7734 7649 10653 8173
7696 3 2 0 12 9586 10655 9394 7494
7697 3 2 0 12 10105 7133 10656 8973
7698 3 2 0 12 7655 7783 10657 6665
7699 3 2 0 12 8141 6070 10658 6073
7700 3 2 0 12 10131 9106 10660 7724
7701 3 2 0 12 6333 8569 7724 10660
7702 3 2 0 12 10132 7723 10661 9108
7703 3 2 0 12 8787 8568 10661 7723
7704 3 2 0 12 9560 9261 10662 7111
7705 3 2 0 12 8978 8987 10667 6120
7706 3 2 0 12 8445 6749 10668 6071
7707 3 2 0 12 6288 6785 10668 6719
7708 3 2 0 12 6707 6071 10668 6785
7709 3 2 0 12 8223 6719 10668 6749
7710 3 2 0 12 9500 9393 10672 7184
7711 3 2 0 12 10611 7482 10674 6530
7712 3 2 0 12 7719 6530 10674 7490
7713 3 2 0 12 6165 10676 7678 8097
7714 3 2 0 12 8821 6940 10678 8579
7715 3 2 0 12 6743 8077 10679 7358
7716 3 2 0 12 7464 6194 10679 8077
7717 3 2 0 12 6829 8007 10680 6206
7718 3 2 0 12 6773 6206 10680 8166
7719 3 2 0 12 9723 7319 10685 9119
7720 3 2 0 12 7745 7823 10687 7434
7721 3 2 0 12 7518 7434 10687 7694
7722 3 2 0 12 229 230 10690 11365
7723 3 2 0 12 8996 6444 10695 7504
7724 3 2 0 12 7361 7504 10695 7602
7725 3 2 0 12 10045 6180 10701 9521
7726 3 2 0 12 7545 6520 10705 7419
7727 3 2 0 12 7786 7540 10705 6520
7728 3 2 0 12 6586 7646 10712 7700
7729 3 2 0 12 10657 7783 10713 7463
7730 3 2 0 12 9879 7680 10714 9089
7731 3 2 0 12 7244 9047 10715 7152
7732 3 2 0 12 7779 6572 10716 7682
7733 3 2 0 12 7832 7682 10716 7730
7734 3 2 0 12 7995 6610 10717 7510
7735 3 2 0 12 8116 10473 8155 6805
7736 3 2 0 12 6963 7025 8936 9724
7737 3 2 0 12 6962 9725 8935 7026
7738 3 2 0 12 7110 6475 10452 10270
7739 3 2 0 12 8859 6353 10618 9800
7740 3 2 0 12 8966 7092 9800 10618
7741 3 2 0 12 8858 9799 7093 6354
7742 3 2 0 12 7148 7179 9227 8029
7743 3 2 0 12 9734 10581 9839 7225
7744 3 2 0 12 7951 6449 9823 10020
7745 3 2 0 12 7158 7232 10020 9823
7746 3 2 0 12 7043 10188 7242 9872
7747 3 2 0 12 6668 10664 7244 7582
7748 3 2 0 12 7454 10646 10679 6194
7749 3 2 0 12 7358 10679 10646 7260
7750 3 2 0 12 7797 6711 10292 10369
7751 3 2 0 12 6503 7749 7308 10441
7752 3 2 0 12 6498 7774 7311 10471
7753 3 2 0 12 7929 6668 7582 10463
7754 3 2 0 12 7416 10463 7582 7348
7755 3 2 0 12 6534 10598 7373 7776
7756 3 2 0 12 6575 10176 7406 8091
7757 3 2 0 12 10169 7036 8861 9470
7758 3 2 0 12 10492 7410 9470 8861
7759 3 2 0 12 10382 9837 10055 6547
7760 3 2 0 12 7574 7492 10423 6477
7761 3 2 0 12 9576 6186 10307 9728
7762 3 2 0 12 7264 9728 10307 7500
7763 3 2 0 12 10345 10011 10413 6478
7764 3 2 0 12 6455 10610 7521 10303
7765 3 2 0 12 7103 10033 7524 9279
7766 3 2 0 12 7104 9280 7525 10032
7767 3 2 0 12 7190 10483 7559 10659
7768 3 2 0 12 472 473 10283 10352
7769 3 2 0 12 7600 10414 9766 7586
7770 3 2 0 12 6547 7500 10307 10556
7771 3 2 0 12 7810 6459 9803 9466
7772 3 2 0 12 9289 7624 9466 9803
7773 3 2 0 12 254 9738 9906 5
7774 3 2 0 12 9192 9906 9738 7625
7775 3 2 0 12 6460 9437 7625 9524
7776 3 2 0 12 6556 10489 7156 10520
7777 3 2 0 12 7602 7675 9451 10539
7778 3 2 0 12 6061 9761 7696 9726
7779 3 2 0 12 7257 9776 9951 7699
7780 3 2 0 12 7543 10477 10450 7710
7781 3 2 0 12 9266 9250 10187 7024
7782 3 2 0 12 6369 10187 9250 7725
7783 3 2 0 12 6326 10007 9265 7725
7784 3 2 0 12 7351 10079 7743 10521
7785 3 2 0 12 288 289 10558 10529
7786 3 2 0 12 7434 10305 9377 7745
7787 3 2 0 12 487 10367 10543 486
7788 3 2 0 12 6479 9652 7781 9597
7789 3 2 0 12 6467 9590 7788 9849
7790 3 2 0 12 8142 8045 10687 7823
7791 3 2 0 12 6610 7863 9997 10717
7792 3 2 0 12 6518 10301 10553 7864
7793 3 2 0 12 6509 10620 7927 7874
7794 3 2 0 12 6505 7902 10441 9748
7795 3 2 0 12 6346 9235 9421 6340
7796 3 2 0 12 9794 9095 10392 7590
7797 3 2 0 12 9795 7934 10393 9094
7798 3 2 0 12 6118 9648 9103 7961
7799 3 2 0 12 6117 7962 9102 9649
7800 3 2 0 12 7297 6439 7964 9618
7801 3 2 0 12 7311 7168 9863 10471
7802 3 2 0 12 6507 7976 10471 9863
7803 3 2 0 12 7216 10022 8046 10045
7804 3 2 0 12 8655 8075 9816 8975
7805 3 2 0 12 7333 7437 8131 10218
7806 3 2 0 12 7990 6596 10041 7408
7807 3 2 0 12 6692 8132 10041 6596
7808 3 2 0 12 8098 7936 10617 8280
7809 3 2 0 12 7362 7188 10211 6559
7810 3 2 0 12 6332 9983 8372 8135
7811 3 2 0 12 6331 8134 8373 9982
7812 3 2 0 12 6259 8382 10080 6810
7813 3 2 0 12 8143 6220 10560 8222
7814 3 2 0 12 8333 6208 10560 7830
7815 3 2 0 12 9892 7178 10361 7965
7816 3 2 0 12 7302 10711 8036 6459
7817 3 2 0 12 6152 10356 10385 7309
7818 3 2 0 12 9850 10385 10356 7372
7819 3 2 0 12 10495 7474 10123 10317
7820 3 2 0 12 10494 10316 10124 7473
7821 3 2 0 12 7258 7383 6137 10629
7822 3 2 0 12 7875 7554 10426 6514
7823 3 2 0 12 7416 10424 7929 10463
7824 3 2 0 12 8102 9551 8293 10457
7825 3 2 0 12 171 10383 8107 170
7826 3 2 0 12 7789 10291 215 216
7827 3 2 0 12 214 215 10291 8312
7828 3 2 0 12 474 475 10489 8426
7829 3 2 0 12 476 477 8385 10226
7830 3 2 0 12 10489 6556 10283 8426
7831 3 2 0 12 480 9806 8079 479
7832 3 2 0 12 7947 282 283 9460
7833 3 2 0 12 284 8174 9460 283
7834 3 2 0 12 8174 6643 8239 9460
7835 3 2 0 12 7896 10111 8345 6593
7836 3 2 0 12 8103 6073 10119 8320
7837 3 2 0 12 331 332 6801 9544
7838 3 2 0 12 10598 6534 9832 8255
7839 3 2 0 12 8083 10459 8127 6251
7840 3 2 0 12 7802 6228 10516 7575
7841 3 2 0 12 6228 8213 6700 10516
7842 3 2 0 12 163 10397 8412 162
7843 3 2 0 12 8234 10416 309 310
7844 3 2 0 12 308 309 10416 8411
7845 3 2 0 12 6227 6685 9696 6717
7846 3 2 0 12 10448 9798 9696 6685
7847 3 2 0 12 7670 8292 6613 10461
7848 3 2 0 12 7640 8280 6612 10665
7849 3 2 0 12 8015 10252 8042 10707
7850 3 2 0 12 8014 10628 8043 10251
7851 3 2 0 12 6954 9817 8474 10515
7852 3 2 0 12 6982 9818 10514 8475
7853 3 2 0 12 6958 8548 8486 9480
7854 3 2 0 12 9545 11294 8519 8739
7855 3 2 0 12 6894 8783 8493 8528
7856 3 2 0 12 8769 8601 8908 6916
7857 3 2 0 12 7323 8908 8601 8494
7858 3 2 0 12 8768 6917 8938 8614
7859 3 2 0 12 7322 8495 8614 8938
7860 3 2 0 12 6986 8864 8499 8746
7861 3 2 0 12 6915 9229 8503 8547
7862 3 2 0 12 8876 8597 10149 8072
7863 3 2 0 12 7388 8618 8513 8962
7864 3 2 0 12 9288 6434 9210 8529
7865 3 2 0 12 7079 8515 8529 9210
7866 3 2 0 12 7079 8784 8753 8515
7867 3 2 0 12 6373 8517 8797 9026
7868 3 2 0 12 6374 9025 8798 8518
7869 3 2 0 12 8763 6365 9098 8551
7870 3 2 0 12 6336 8526 8551 9098
7871 3 2 0 12 6955 8527 9097 8552
7872 3 2 0 12 7567 9288 8529 8726
7873 3 2 0 12 7050 8646 8531 9753
7874 3 2 0 12 8762 8699 8564 6905
7875 3 2 0 12 7047 9204 8540 8549
7876 3 2 0 12 8997 8717 10057 6912
7877 3 2 0 12 8552 8764 8817 6949
7878 3 2 0 12 9815 6999 8670 8822
7879 3 2 0 12 6920 8822 8670 8553
7880 3 2 0 12 6454 8810 8555 8879
7881 3 2 0 12 6923 8556 8718 9117
7882 3 2 0 12 6924 9116 8719 8557
7883 3 2 0 12 7069 9338 8558 8600
7884 3 2 0 12 6412 9418 8563 8749
7885 3 2 0 12 7024 8750 8563 9266
7886 3 2 0 12 7006 8714 8565 8841
7887 3 2 0 12 7047 8664 8574 9204
7888 3 2 0 12 7962 8721 8574 9102
7889 3 2 0 12 8606 7048 9205 8665
7890 3 2 0 12 7062 8575 8665 9205
7891 3 2 0 12 7961 9103 8575 8722
7892 3 2 0 12 8642 7023 9222 8706
7893 3 2 0 12 7340 8578 8706 9222
7894 3 2 0 12 8643 6896 8636 10678
7895 3 2 0 12 7943 8579 10678 8636
7896 3 2 0 12 8782 8825 9847 6943
7897 3 2 0 12 6380 8588 9847 8825
7898 3 2 0 12 9075 6437 8926 8893
7899 3 2 0 12 7115 8591 8893 8926
7900 3 2 0 12 6929 8692 8591 10165
7901 3 2 0 12 9076 8894 8925 6438
7902 3 2 0 12 7114 8925 8894 8592
7903 3 2 0 12 8811 10166 8592 8589
7904 3 2 0 12 8649 7069 8600 8834
7905 3 2 0 12 6918 8988 8597 8876
7906 3 2 0 12 9046 8659 9057 6906
7907 3 2 0 12 6957 9057 8659 8599
7908 3 2 0 12 6365 8763 8870 8599
7909 3 2 0 12 6991 6887 8601 8769
7910 3 2 0 12 7018 9213 9045 9228
7911 3 2 0 12 7098 8755 8605 9569
7912 3 2 0 12 7048 8606 8754 9570
7913 3 2 0 12 7204 10708 8779 8611
7914 3 2 0 12 7686 8815 8611 9956
7915 3 2 0 12 7205 8612 8778 10709
7916 3 2 0 12 6886 10485 8768 8614
7917 3 2 0 12 6135 8982 9654 8615
7918 3 2 0 12 6891 8865 8616 9085
7919 3 2 0 12 7049 8920 8619 9319
7920 3 2 0 12 7080 8620 8919 9320
7921 3 2 0 12 6909 8621 8682 9677
7922 3 2 0 12 7423 9270 8621 8977
7923 3 2 0 12 6919 8874 8622 9442
7924 3 2 0 12 8021 8624 8633 9960
7925 3 2 0 12 7856 8901 8629 10122
7926 3 2 0 12 9131 7011 9864 8760
7927 3 2 0 12 7018 8630 8760 9864
7928 3 2 0 12 9621 6426 8898 8872
7929 3 2 0 12 9622 8873 8897 6427
7930 3 2 0 12 7422 9001 8638 9295
7931 3 2 0 12 7079 9210 8641 9135
7932 3 2 0 12 6883 8729 8642 8706
7933 3 2 0 12 7030 9030 9233 8647
7934 3 2 0 12 7057 8653 8649 8834
7935 3 2 0 12 6882 9015 8649 9281
7936 3 2 0 12 7058 8833 8650 8652
7937 3 2 0 12 6881 9282 8650 9014
7938 3 2 0 12 6359 8774 8830 8651
7939 3 2 0 12 10393 7007 8828 9094
7940 3 2 0 12 6116 9094 8828 8652
7941 3 2 0 12 10392 9095 8827 7006
7942 3 2 0 12 6115 8653 8827 9095
7943 3 2 0 12 8035 9524 8654 8863
7944 3 2 0 12 7892 8823 8655 9035
7945 3 2 0 12 7219 8660 8655 8975
7946 3 2 0 12 9477 7987 9787 8731
7947 3 2 0 12 7852 8656 8731 9787
7948 3 2 0 12 7999 9809 8688 8657
7949 3 2 0 12 8554 6999 9815 8796
7950 3 2 0 12 6138 8670 9663 8995
7951 3 2 0 12 9077 9231 8910 6330
7952 3 2 0 12 7059 8910 9231 8671
7953 3 2 0 12 6996 8789 8671 8900
7954 3 2 0 12 9491 6889 8701 9090
7955 3 2 0 12 6160 9090 8701 8672
7956 3 2 0 12 9492 9091 8700 6890
7957 3 2 0 12 6172 8673 8700 9091
7958 3 2 0 12 9504 7856 10122 8867
7959 3 2 0 12 6134 8674 8867 10122
7960 3 2 0 12 10068 9494 9329 6944
7961 3 2 0 12 6357 8675 9329 9494
7962 3 2 0 12 10069 6945 9330 9493
7963 3 2 0 12 6358 9493 9330 8676
7964 3 2 0 12 7078 8677 8732 8937
7965 3 2 0 12 7190 8679 9028 6471
7966 3 2 0 12 7903 9344 8680 9063
7967 3 2 0 12 7472 9668 9237 8681
7968 3 2 0 12 7472 8681 9406 9029
7969 3 2 0 12 8000 9488 8938 6917
7970 3 2 0 12 7322 8938 9488 9903
7971 3 2 0 12 7350 9543 8688 7411
7972 3 2 0 12 7045 10633 8737 8689
7973 3 2 0 12 7046 8690 8738 10632
7974 3 2 0 12 7331 9171 8691 9613
7975 3 2 0 12 7056 8702 8693 9303
7976 3 2 0 12 9830 7090 9323 8801
7977 3 2 0 12 7091 8693 8801 9323
7978 3 2 0 12 9130 6936 9351 8972
7979 3 2 0 12 7331 9613 8699 8762
7980 3 2 0 12 8487 9006 9249 6919
7981 3 2 0 12 8923 7032 9245 8960
7982 3 2 0 12 6890 8700 8960 9245
7983 3 2 0 12 8924 8959 9244 7033
7984 3 2 0 12 6889 9244 8959 8701
7985 3 2 0 12 6910 9001 8703 9628
7986 3 2 0 12 7205 8735 8703 9962
7987 3 2 0 12 8876 9184 8946 6918
7988 3 2 0 12 8621 6909 9653 8977
7989 3 2 0 12 6124 8707 8977 9653
7990 3 2 0 12 7204 9964 8707 8734
7991 3 2 0 12 8937 8732 9112 7147
7992 3 2 0 12 7066 9112 8732 8712
7993 3 2 0 12 8653 7057 9334 8827
7994 3 2 0 12 7006 8827 9334 8714
7995 3 2 0 12 8652 8828 9333 7058
7996 3 2 0 12 7007 8715 9333 8828
7997 3 2 0 12 9368 8057 8998 9710
7998 3 2 0 12 7562 9710 8998 8716
7999 3 2 0 12 9369 9711 8997 8058
8000 3 2 0 12 7561 8717 8997 9711
8001 3 2 0 12 6950 8911 8720 8809
8002 3 2 0 12 6413 10155 9219 10073
8003 3 2 0 12 8774 7844 10073 8830
8004 3 2 0 12 8179 8869 9556 8723
8005 3 2 0 12 7999 6916 8908 9382
8006 3 2 0 12 7323 8724 9382 8908
8007 3 2 0 12 7567 8726 9257 10145
8008 3 2 0 12 7082 9226 8728 10201
8009 3 2 0 12 8784 7079 9135 9976
8010 3 2 0 12 6335 9976 9135 9931
8011 3 2 0 12 6453 8729 8775 8860
8012 3 2 0 12 7063 8730 9179 7101
8013 3 2 0 12 7920 8954 8734 9824
8014 3 2 0 12 7919 9825 8735 8953
8015 3 2 0 12 8021 9960 8780 8746
8016 3 2 0 12 9373 6454 8879 8757
8017 3 2 0 12 6884 8750 8757 8879
8018 3 2 0 12 6115 8814 8751 9281
8019 3 2 0 12 7446 9602 9349 8751
8020 3 2 0 12 6116 9282 8752 8813
8021 3 2 0 12 7445 8752 9348 9603
8022 3 2 0 12 8734 8954 10708 7204
8023 3 2 0 12 8735 7205 10709 8953
8024 3 2 0 12 7099 8754 9445 9662
8025 3 2 0 12 7098 9661 9446 8755
8026 3 2 0 12 7084 8882 8756 9638
8027 3 2 0 12 7097 9373 8757 9769
8028 3 2 0 12 9872 8816 9296 7043
8029 3 2 0 12 7102 9296 8816 8759
8030 3 2 0 12 9171 9275 8861 7036
8031 3 2 0 12 7102 8759 8861 9275
8032 3 2 0 12 6910 9131 8760 9601
8033 3 2 0 12 6135 6917 8768 8982
8034 3 2 0 12 10102 6162 8956 8963
8035 3 2 0 12 10103 8770 8957 6170
8036 3 2 0 12 7297 9132 8771 9669
8037 3 2 0 12 6389 6399 8772 8807
8038 3 2 0 12 8890 8808 9729 6390
8039 3 2 0 12 6400 9729 8808 8773
8040 3 2 0 12 7028 8856 8785 10501
8041 3 2 0 12 7029 10500 8786 8857
8042 3 2 0 12 7181 8912 8791 9495
8043 3 2 0 12 8150 8792 9235 10353
8044 3 2 0 12 8022 8918 8793 9843
8045 3 2 0 12 7105 8849 8800 10005
8046 3 2 0 12 7268 9405 8800 9285
8047 3 2 0 12 7263 9830 8801 8875
8048 3 2 0 12 9309 7189 9173 9040
8049 3 2 0 12 8919 9042 8889 9320
8050 3 2 0 12 6389 8807 9320 8889
8051 3 2 0 12 7049 9319 8808 8890
8052 3 2 0 12 9021 6993 9654 9276
8053 3 2 0 12 8621 9270 9813 7851
8054 3 2 0 12 7679 9535 8816 9872
8055 3 2 0 12 9725 6420 10078 8935
8056 3 2 0 12 9724 8936 10077 6419
8057 3 2 0 12 6359 9532 9846 8821
8058 3 2 0 12 8638 7852 9787 9295
8059 3 2 0 12 9000 8792 9616 6992
8060 3 2 0 12 7021 6113 10523 8895
8061 3 2 0 12 6915 9526 8832 9229
8062 3 2 0 12 7239 9592 8840 9088
8063 3 2 0 12 7267 9170 8840 9889
8064 3 2 0 12 7468 7590 10392 8979
8065 3 2 0 12 7006 8841 8979 10392
8066 3 2 0 12 7467 8978 10393 7934
8067 3 2 0 12 7007 10393 8978 8715
8068 3 2 0 12 7084 8844 9079 8882
8069 3 2 0 12 7160 9690 8846 9452
8070 3 2 0 12 8010 8847 9109 10313
8071 3 2 0 12 8648 9110 10312 6174
8072 3 2 0 12 8009 10312 9110 8848
8073 3 2 0 12 9151 7222 9176 9454
8074 3 2 0 12 7105 9454 9176 8849
8075 3 2 0 12 6953 9183 8850 9858
8076 3 2 0 12 10189 9162 10174 6956
8077 3 2 0 12 8076 8852 10174 9162
8078 3 2 0 12 7028 9059 9385 8856
8079 3 2 0 12 7029 8857 9384 9060
8080 3 2 0 12 8703 6127 9005 9628
8081 3 2 0 12 9115 6886 9939 8903
8082 3 2 0 12 8328 8903 9939 8858
8083 3 2 0 12 9114 8904 9938 6887
8084 3 2 0 12 8327 8859 9938 8904
8085 3 2 0 12 6113 8862 9177 9677
8086 3 2 0 12 6930 9504 8867 9035
8087 3 2 0 12 9130 10474 8885 6936
8088 3 2 0 12 7151 9104 8868 9821
8089 3 2 0 12 8662 7861 9621 10374
8090 3 2 0 12 7862 10373 8873 9622
8091 3 2 0 12 9687 7194 9733 8905
8092 3 2 0 12 7263 8875 8905 9733
8093 3 2 0 12 7015 8966 8880 8990
8094 3 2 0 12 7016 8989 8881 8967
8095 3 2 0 12 9449 9169 9504 6930
8096 3 2 0 12 9338 10406 9552 7814
8097 3 2 0 12 6328 8883 9552 10406
8098 3 2 0 12 9608 7295 9167 9523
8099 3 2 0 12 9013 7101 10499 9084
8100 3 2 0 12 7167 8888 9084 10499
8101 3 2 0 12 7167 10340 9559 8888
8102 3 2 0 12 6925 9002 9188 8895
8103 3 2 0 12 6441 8896 9241 9166
8104 3 2 0 12 7056 8896 9337 9318
8105 3 2 0 12 7350 7411 8902 9064
8106 3 2 0 12 6424 9115 8903 8927
8107 3 2 0 12 9132 7297 9618 8928
8108 3 2 0 12 6423 8930 8904 9114
8109 3 2 0 12 7229 9687 8905 8909
8110 3 2 0 12 9109 6158 8931 10313
8111 3 2 0 12 8010 10313 8931 8906
8112 3 2 0 12 6174 10312 8907 8932
8113 3 2 0 12 6450 8917 9311 9355
8114 3 2 0 12 9062 7121 9651 8964
8115 3 2 0 12 7432 8917 8964 9651
8116 3 2 0 12 6124 9042 8919 9824
8117 3 2 0 12 6127 9825 8920 9041
8118 3 2 0 12 6416 9385 8921 9345
8119 3 2 0 12 6417 9346 8922 9384
8120 3 2 0 12 7037 9044 8923 8960
8121 3 2 0 12 7038 8959 8924 9043
8122 3 2 0 12 8179 9851 8927 9682
8123 3 2 0 12 7055 9132 8928 9856
8124 3 2 0 12 7388 8962 9079 8929
8125 3 2 0 12 8180 9675 8930 9873
8126 3 2 0 12 7154 10193 9264 8934
8127 3 2 0 12 9483 7137 9215 9240
8128 3 2 0 12 7078 8937 9240 9215
8129 3 2 0 12 6409 8939 9414 9546
8130 3 2 0 12 6408 9547 9413 8940
8131 3 2 0 12 7433 9684 8941 8947
8132 3 2 0 12 6127 9041 8945 9005
8133 3 2 0 12 6451 9468 9310 8947
8134 3 2 0 12 10616 7212 9924 9036
8135 3 2 0 12 7921 8948 9036 9924
8136 3 2 0 12 9178 9273 9000 6992
8137 3 2 0 12 7921 9000 9273 8948
8138 3 2 0 12 7321 9396 8955 9068
8139 3 2 0 12 7345 10372 8955 9640
8140 3 2 0 12 7221 9138 8958 10359
8141 3 2 0 12 7279 9419 8958 9401
8142 3 2 0 12 6980 9062 8964 9018
8143 3 2 0 12 8756 6993 9021 9638
8144 3 2 0 12 6341 8968 9638 9021
8145 3 2 0 12 8076 6343 9227 9314
8146 3 2 0 12 6341 9314 9227 8968
8147 3 2 0 12 7143 10344 8969 9022
8148 3 2 0 12 6183 8969 9357 9926
8149 3 2 0 12 8561 9247 9129 6944
8150 3 2 0 12 6964 8971 9129 9247
8151 3 2 0 12 8560 6945 9130 9246
8152 3 2 0 12 6965 9246 9130 8972
8153 3 2 0 12 7165 9052 8973 10656
8154 3 2 0 12 9459 7313 10105 9342
8155 3 2 0 12 6183 9342 10105 8973
8156 3 2 0 12 6124 9009 8974 9042
8157 3 2 0 12 6384 9046 9174 8980
8158 3 2 0 12 7167 10499 8981 9672
8159 3 2 0 12 6951 8983 9539 9548
8160 3 2 0 12 7159 9783 8995 10221
8161 3 2 0 12 7078 9215 9358 8996
8162 3 2 0 12 9418 6412 9965 9397
8163 3 2 0 12 8022 8999 9397 9965
8164 3 2 0 12 9195 9017 10320 7113
8165 3 2 0 12 7225 10320 9017 9003
8166 3 2 0 12 6500 9302 9004 10104
8167 3 2 0 12 7151 9302 9010 9894
8168 3 2 0 12 7279 9209 9010 9916
8169 3 2 0 12 7063 7101 9013 9954
8170 3 2 0 12 6882 9123 9472 9015
8171 3 2 0 12 9051 9381 10061 7217
8172 3 2 0 12 7127 10061 9381 9016
8173 3 2 0 12 7425 9463 9016 10104
8174 3 2 0 12 7306 9516 9017 9195
8175 3 2 0 12 6450 9409 9054 9018
8176 3 2 0 12 6451 9019 9082 9353
8177 3 2 0 12 6049 9170 9020 9285
8178 3 2 0 12 7186 9778 9020 10056
8179 3 2 0 12 6341 9021 9276 9420
8180 3 2 0 12 9157 9172 9516 7306
8181 3 2 0 12 6470 9516 9172 9023
8182 3 2 0 12 8679 6913 9359 9028
8183 3 2 0 12 7111 9024 9028 9359
8184 3 2 0 12 9185 10267 9352 7228
8185 3 2 0 12 6330 9258 9034 9077
8186 3 2 0 12 7066 9396 9034 9112
8187 3 2 0 12 7213 10616 9036 9127
8188 3 2 0 12 7135 10506 9038 9069
8189 3 2 0 12 7306 9703 9038 9157
8190 3 2 0 12 7192 9639 9650 9039
8191 3 2 0 12 7184 9633 10158 10696
8192 3 2 0 12 9775 10715 9645 7366
8193 3 2 0 12 6494 9645 10715 9047
8194 3 2 0 12 6499 9756 9048 10006
8195 3 2 0 12 7106 9405 9048 9941
8196 3 2 0 12 7217 9553 9050 9966
8197 3 2 0 12 7404 9456 9050 10192
8198 3 2 0 12 6500 9381 9051 9916
8199 3 2 0 12 8958 9419 9966 7107
8200 3 2 0 12 7217 9966 9419 9051
8201 3 2 0 12 8868 9104 9811 6456
8202 3 2 0 12 7349 9811 9104 9056
8203 3 2 0 12 7126 9341 9056 9894
8204 3 2 0 12 9016 9463 10419 7127
8205 3 2 0 12 7319 10419 9463 9058
8206 3 2 0 12 9111 10390 9763 7136
8207 3 2 0 12 7693 9465 10335 9065
8208 3 2 0 12 6587 9067 10586 9747
8209 3 2 0 12 7569 9758 9069 10017
8210 3 2 0 12 7421 9791 9073 10357
8211 3 2 0 12 8671 9231 9484 7153
8212 3 2 0 12 7321 9484 9231 9077
8213 3 2 0 12 6468 9553 9078 10196
8214 3 2 0 12 7127 9642 9078 10061
8215 3 2 0 12 7027 9987 9163 9083
8216 3 2 0 12 8849 9176 9088 6049
8217 3 2 0 12 7222 9086 9088 9176
8218 3 2 0 12 9218 9605 9880 7252
8219 3 2 0 12 7222 9880 9605 9086
8220 3 2 0 12 9236 7159 9736 9865
8221 3 2 0 12 6463 7364 9087 10357
8222 3 2 0 12 7144 9737 9087 10182
8223 3 2 0 12 6446 9452 9089 10714
8224 3 2 0 12 7158 9879 9089 10586
8225 3 2 0 12 7319 9723 9093 10419
8226 3 2 0 12 7407 9642 9093 10210
8227 3 2 0 12 7164 10120 9294 9096
8228 3 2 0 12 9161 6524 9407 9554
8229 3 2 0 12 7173 9137 9100 10121
8230 3 2 0 12 9056 9341 9876 7349
8231 3 2 0 12 6920 9757 9105 10031
8232 3 2 0 12 6991 9107 9114 6887
8233 3 2 0 12 7136 9402 9288 9111
8234 3 2 0 12 9743 7166 10648 9541
8235 3 2 0 12 6886 9115 9158 10485
8236 3 2 0 12 9220 9730 9598 7292
8237 3 2 0 12 6061 9598 9730 9118
8238 3 2 0 12 6502 9723 9119 10380
8239 3 2 0 12 9073 9791 10685 7134
8240 3 2 0 12 7421 9119 10685 9791
8241 3 2 0 12 9068 10043 9484 7321
8242 3 2 0 12 9241 7236 9427 9166
8243 3 2 0 12 7241 9122 9166 9427
8244 3 2 0 12 7347 9771 9124 10248
8245 3 2 0 12 9119 7421 9737 10380
8246 3 2 0 12 7144 9124 10380 9737
8247 3 2 0 12 6944 9129 10475 10068
8248 3 2 0 12 6945 10069 10474 9130
8249 3 2 0 12 6222 9138 9692 9701
8250 3 2 0 12 6502 9771 9139 10210
8251 3 2 0 12 7183 9732 9139 10213
8252 3 2 0 12 9307 10493 9673 7282
8253 3 2 0 12 7174 9140 9673 10493
8254 3 2 0 12 6463 9141 9941 7364
8255 3 2 0 12 7245 9520 9461 9143
8256 3 2 0 12 7246 9144 9462 9519
8257 3 2 0 12 7106 9291 9145 10005
8258 3 2 0 12 9087 7364 9756 10182
8259 3 2 0 12 6499 9146 10182 9756
8260 3 2 0 12 7332 9782 9147 9625
8261 3 2 0 12 7424 9804 9147 10249
8262 3 2 0 12 8496 8073 9187 10256
8263 3 2 0 12 9567 9764 9792 6448
8264 3 2 0 12 7284 9792 9764 9151
8265 3 2 0 12 9196 9765 9454 7105
8266 3 2 0 12 7284 9151 9454 9765
8267 3 2 0 12 9127 9772 10294 7309
8268 3 2 0 12 10117 7287 9462 9156
8269 3 2 0 12 10118 9458 9461 7286
8270 3 2 0 12 7175 10222 9172 9157
8271 3 2 0 12 9447 7618 10325 10156
8272 3 2 0 12 7598 10595 10496 9160
8273 3 2 0 12 7171 9161 9554 9643
8274 3 2 0 12 9271 7325 9680 9913
8275 3 2 0 12 7171 9913 9680 9161
8276 3 2 0 12 7197 9327 9162 10189
8277 3 2 0 12 6512 9935 9164 9867
8278 3 2 0 12 7122 9592 9164 9625
8279 3 2 0 12 9525 10260 10379 7601
8280 3 2 0 12 7295 10694 10101 9167
8281 3 2 0 12 6532 9878 9168 10337
8282 3 2 0 12 7122 9804 9168 9889
8283 3 2 0 12 9921 7102 9275 9630
8284 3 2 0 12 7331 9630 9275 9171
8285 3 2 0 12 9058 9715 10685 7319
8286 3 2 0 12 9704 9412 10641 6614
8287 3 2 0 12 7632 10641 9412 9175
8288 3 2 0 12 6342 9273 9178 9920
8289 3 2 0 12 9775 7695 9929 10157
8290 3 2 0 12 9623 7231 9423 10562
8291 3 2 0 12 7280 9612 10267 9185
8292 3 2 0 12 7357 9699 9186 10217
8293 3 2 0 12 7407 9732 9186 10196
8294 3 2 0 12 8073 10304 9360 9187
8295 3 2 0 12 9197 9367 10040 7215
8296 3 2 0 12 7251 10040 9367 9189
8297 3 2 0 12 7268 9778 9191 10006
8298 3 2 0 12 5 9906 10199 253
8299 3 2 0 12 7432 10199 9906 9192
8300 3 2 0 12 7625 9437 9311 9192
8301 3 2 0 12 8072 9193 9372 10086
8302 3 2 0 12 9180 9703 10344 7143
8303 3 2 0 12 7306 9195 10344 9703
8304 3 2 0 12 7284 9765 9196 9740
8305 3 2 0 12 7349 9367 9197 9811
8306 3 2 0 12 7090 7471 10163 9501
8307 3 2 0 12 6416 9345 10670 9202
8308 3 2 0 12 6417 9203 10669 9346
8309 3 2 0 12 9857 7333 10218 10488
8310 3 2 0 12 9502 7561 9949 9508
8311 3 2 0 12 9503 9507 9948 7562
8312 3 2 0 12 9468 7810 9466 9310
8313 3 2 0 12 7624 9206 9310 9466
8314 3 2 0 12 7316 10108 9207 9366
8315 3 2 0 12 7370 9277 9207 9807
8316 3 2 0 12 9230 7332 9935 9789
8317 3 2 0 12 6512 9208 9789 9935
8318 3 2 0 12 9223 7173 10121 9214
8319 3 2 0 12 7126 9209 9214 10121
8320 3 2 0 12 6222 9223 9214 9401
8321 3 2 0 12 6577 9340 10607 9217
8322 3 2 0 12 7252 10388 9658 9218
8323 3 2 0 12 7239 9605 9218 9867
8324 3 2 0 12 9315 7171 9643 9947
8325 3 2 0 12 9161 9680 9844 6524
8326 3 2 0 12 7325 9220 9844 9680
8327 3 2 0 12 9118 9730 9979 7157
8328 3 2 0 12 7325 9979 9730 9220
8329 3 2 0 12 9415 7415 9739 9760
8330 3 2 0 12 7138 9760 9739 10039
8331 3 2 0 12 7173 9223 9284 10220
8332 3 2 0 12 9124 7144 9981 10248
8333 3 2 0 12 9321 6491 9782 9712
8334 3 2 0 12 7332 9230 9712 9782
8335 3 2 0 12 7169 10108 9230 9789
8336 3 2 0 12 8995 9783 10128 6138
8337 3 2 0 12 7159 9236 10128 9783
8338 3 2 0 12 9312 9930 9792 7284
8339 3 2 0 12 6448 9792 9930 9238
8340 3 2 0 12 9141 6463 9430 10439
8341 3 2 0 12 9318 9337 9627 7403
8342 3 2 0 12 7196 9627 9337 9239
8343 3 2 0 12 7196 9239 9294 10087
8344 3 2 0 12 9995 10673 9612 7280
8345 3 2 0 12 6330 9483 9240 9258
8346 3 2 0 12 8693 7091 9326 9303
8347 3 2 0 12 7236 9241 9303 9326
8348 3 2 0 12 6468 9699 9242 10192
8349 3 2 0 12 7341 9905 9250 9266
8350 3 2 0 12 7196 9940 9826 9251
8351 3 2 0 12 9461 9520 9416 7286
8352 3 2 0 12 9462 7287 9417 9519
8353 3 2 0 12 9324 7125 9862 10238
8354 3 2 0 12 7116 10238 9862 9259
8355 3 2 0 12 7117 9260 9861 10239
8356 3 2 0 12 8553 9475 9757 6920
8357 3 2 0 12 6414 9604 9261 9560
8358 3 2 0 12 6524 9267 9527 9407
8359 3 2 0 12 9220 7292 9568 9844
8360 3 2 0 12 6524 9844 9568 9267
8361 3 2 0 12 6436 9313 9268 10318
8362 3 2 0 12 8713 7100 9907 10508
8363 3 2 0 12 7128 10508 9907 9268
8364 3 2 0 12 9235 7921 9924 9421
8365 3 2 0 12 7212 9269 9421 9924
8366 3 2 0 12 9305 9884 10001 6482
8367 3 2 0 12 7325 9271 10001 9884
8368 3 2 0 12 7171 9959 9271 9913
8369 3 2 0 12 9394 10655 10222 7175
8370 3 2 0 12 7198 9274 9564 7320
8371 3 2 0 12 7198 10548 9652 9274
8372 3 2 0 12 7370 10553 9340 9277
8373 3 2 0 12 9297 10048 10001 7355
8374 3 2 0 12 6482 10001 10048 9278
8375 3 2 0 12 7494 10347 9283 9432
8376 3 2 0 12 9307 7282 10437 9914
8377 3 2 0 12 10204 7235 10412 9389
8378 3 2 0 12 7419 9284 9389 10412
8379 3 2 0 12 7133 9910 9904 9490
8380 3 2 0 12 9588 9490 10482 7481
8381 3 2 0 12 7267 9878 9287 10056
8382 3 2 0 12 7470 9984 9287 10431
8383 3 2 0 12 6459 8036 9465 9803
8384 3 2 0 12 7693 9289 9803 9465
8385 3 2 0 12 9892 6435 9591 10580
8386 3 2 0 12 9834 7461 9542 9833
8387 3 2 0 12 7043 9296 9833 9542
8388 3 2 0 12 9315 6543 10215 10093
8389 3 2 0 12 7392 9297 10093 10215
8390 3 2 0 12 7392 10096 10048 9297
8391 3 2 0 12 9207 6577 9739 9366
8392 3 2 0 12 7415 9300 9366 9739
8393 3 2 0 12 7415 9700 10028 9300
8394 3 2 0 12 9415 10544 9479 7195
8395 3 2 0 12 6504 9479 10544 9301
8396 3 2 0 12 7426 10436 9301 9536
8397 3 2 0 12 7325 9884 9305 9979
8398 3 2 0 12 6182 10245 9307 9914
8399 3 2 0 12 9317 7174 10493 10219
8400 3 2 0 12 7392 10219 10493 9307
8401 3 2 0 12 7284 9740 10351 9312
8402 3 2 0 12 7193 9930 9312 9842
8403 3 2 0 12 9297 7355 9959 10093
8404 3 2 0 12 7171 9315 10093 9959
8405 3 2 0 12 6543 9315 9947 10133
8406 3 2 0 12 6491 10279 9316 10249
8407 3 2 0 12 7392 10215 9317 10219
8408 3 2 0 12 9485 7505 10331 10338
8409 3 2 0 12 7174 9317 10338 10331
8410 3 2 0 12 7316 10028 9321 9712
8411 3 2 0 12 7090 9501 9515 9323
8412 3 2 0 12 7116 10027 9324 10238
8413 3 2 0 12 7124 9325 10026 10239
8414 3 2 0 12 7091 9600 9866 9326
8415 3 2 0 12 9140 6506 10458 9673
8416 3 2 0 12 7462 9656 10158 9633
8417 3 2 0 12 7424 10178 9331 10337
8418 3 2 0 12 7058 9333 9558 9453
8419 3 2 0 12 9243 9888 10217 7183
8420 3 2 0 12 7357 10217 9888 9874
8421 3 2 0 12 9123 6328 10406 9472
8422 3 2 0 12 7069 9472 10406 9338
8423 3 2 0 12 6183 9926 9459 9342
8424 3 2 0 12 9877 7281 9354 9774
8425 3 2 0 12 7315 9774 9354 9343
8426 3 2 0 12 6881 9754 9435 9348
8427 3 2 0 12 9584 9522 10085 10062
8428 3 2 0 12 7281 10085 9522 9354
8429 3 2 0 12 7225 9839 9357 10320
8430 3 2 0 12 6061 9726 9361 9598
8431 3 2 0 12 7234 9568 9361 9685
8432 3 2 0 12 8958 7107 9456 10359
8433 3 2 0 12 7404 9365 10359 9456
8434 3 2 0 12 7405 10253 10310 9371
8435 3 2 0 12 9377 9934 9639 7192
8436 3 2 0 12 7405 9371 9639 9934
8437 3 2 0 12 9707 9589 10470 6533
8438 3 2 0 12 7181 9375 10470 9589
8439 3 2 0 12 7077 9474 9379 9540
8440 3 2 0 12 7076 6959 9380 9473
8441 3 2 0 12 7399 9915 9383 9676
8442 3 2 0 12 7461 10009 9388 9542
8443 3 2 0 12 7709 10188 9388 10074
8444 3 2 0 12 9692 7482 10204 9701
8445 3 2 0 12 6222 9701 10204 9389
8446 3 2 0 12 488 10534 10367 487
8447 3 2 0 12 9265 10007 9992 10002
8448 3 2 0 12 7243 10666 10025 9392
8449 3 2 0 12 9607 9629 10506 7135
8450 3 2 0 12 7175 10506 9629 9394
8451 3 2 0 12 8851 9182 9595 6345
8452 3 2 0 12 6064 9812 9790 9395
8453 3 2 0 12 7341 9418 9397 9552
8454 3 2 0 12 9403 9932 9770 9910
8455 3 2 0 12 7133 10105 9403 9910
8456 3 2 0 12 7220 10214 9404 10654
8457 3 2 0 12 9307 10245 10096 7392
8458 3 2 0 12 7214 10542 9412 9704
8459 3 2 0 12 7138 10544 9415 9760
8460 3 2 0 12 7330 7577 10263 10479
8461 3 2 0 12 7286 9416 10479 10263
8462 3 2 0 12 7503 10478 10264 7576
8463 3 2 0 12 7287 10264 10478 9417
8464 3 2 0 12 6474 9904 9422 10021
8465 3 2 0 12 7198 7320 9422 9770
8466 3 2 0 12 7236 9694 10389 9427
8467 3 2 0 12 9422 7320 9801 10021
8468 3 2 0 12 6532 10236 9434 10431
8469 3 2 0 12 9609 7356 9822 10172
8470 3 2 0 12 7312 10648 9444 10557
8471 3 2 0 12 7356 9457 10065 9822
8472 3 2 0 12 9727 9395 9790 10179
8473 3 2 0 12 7356 10179 9790 9457
8474 3 2 0 12 6148 9458 10118 10123
8475 3 2 0 12 6146 10124 10117 9156
8476 3 2 0 12 7203 10169 9470 9838
8477 3 2 0 12 6401 9476 9610 10244
8478 3 2 0 12 9697 10306 9597 7328
8479 3 2 0 12 7374 9478 9597 10306
8480 3 2 0 12 6402 10243 9636 9481
8481 3 2 0 12 9685 9506 9608 7234
8482 3 2 0 12 7295 9608 9506 9482
8483 3 2 0 12 6543 10133 9485 10338
8484 3 2 0 12 9415 10194 9700 7415
8485 3 2 0 12 9567 9768 10388 7252
8486 3 2 0 12 9691 7165 10656 9588
8487 3 2 0 12 7133 9490 9588 10656
8488 3 2 0 12 8106 7583 10329 10299
8489 3 2 0 12 9681 9660 9953 7304
8490 3 2 0 12 7181 9953 9660 8912
8491 3 2 0 12 9481 9636 9978 7141
8492 3 2 0 12 8334 10278 9502 9508
8493 3 2 0 12 6425 9507 9503 10277
8494 3 2 0 12 9361 7326 9590 9685
8495 3 2 0 12 6467 9506 9685 9590
8496 3 2 0 12 9866 9600 9869 6462
8497 3 2 0 12 7139 9521 10701 9793
8498 3 2 0 12 9533 10349 10652 7369
8499 3 2 0 12 9996 7399 9676 9584
8500 3 2 0 12 6179 9522 9584 9676
8501 3 2 0 12 7234 9608 9523 9527
8502 3 2 0 12 9476 7140 9998 9610
8503 3 2 0 12 7136 9763 10260 9525
8504 3 2 0 12 6537 9993 9534 9928
8505 3 2 0 12 7138 10039 10008 9536
8506 3 2 0 12 7695 9743 9541 9929
8507 3 2 0 12 9705 9644 10585 7318
8508 3 2 0 12 8598 7548 9631 9565
8509 3 2 0 12 6125 9565 9631 9555
8510 3 2 0 12 6479 9571 9635 9564
8511 3 2 0 12 7281 10091 9566 10085
8512 3 2 0 12 9151 9764 9880 7222
8513 3 2 0 12 7252 9880 9764 9567
8514 3 2 0 12 9537 10396 10083 6603
8515 3 2 0 12 7132 9572 10083 10396
8516 3 2 0 12 9538 6604 10084 10067
8517 3 2 0 12 7131 10067 10084 9573
8518 3 2 0 12 7522 10230 10190 7457
8519 3 2 0 12 7598 9580 10035 10595
8520 3 2 0 12 7599 10594 10036 9581
8521 3 2 0 12 7285 9996 9584 10062
8522 3 2 0 12 9936 7304 9953 9707
8523 3 2 0 12 7181 9589 9707 9953
8524 3 2 0 12 7586 9766 10572 7338
8525 3 2 0 12 7135 10572 9766 9607
8526 3 2 0 12 9394 9629 10347 7494
8527 3 2 0 12 7813 10159 10082 9615
8528 3 2 0 12 9670 7246 10309 9796
8529 3 2 0 12 7170 10554 9623 10562
8530 3 2 0 12 9451 7406 10176 10672
8531 3 2 0 12 7184 10672 10176 9633
8532 3 2 0 12 7345 9640 10526 6497
8533 3 2 0 12 9974 6537 9928 9681
8534 3 2 0 12 7229 9660 9681 9928
8535 3 2 0 12 7715 7569 10017 10261
8536 3 2 0 12 6447 9667 10261 10017
8537 3 2 0 12 8102 10457 9668 9674
8538 3 2 0 12 6149 9670 9796 9159
8539 3 2 0 12 7245 9671 10496 9797
8540 3 2 0 12 7304 10378 9974 9681
8541 3 2 0 12 9375 7523 10070 10470
8542 3 2 0 12 6533 10470 10070 9683
8543 3 2 0 12 7482 9692 10583 10674
8544 3 2 0 12 6462 9927 9694 9866
8545 3 2 0 12 7374 10306 9697 10700
8546 3 2 0 12 7732 10400 9826 9940
8547 3 2 0 12 7310 10273 9993 9706
8548 3 2 0 12 9882 9936 10622 7477
8549 3 2 0 12 6533 10622 9936 9707
8550 3 2 0 12 9767 9977 10677 7514
8551 3 2 0 12 9450 10286 10034 7255
8552 3 2 0 12 10717 9997 10040 7251
8553 3 2 0 12 6066 9716 10040 9997
8554 3 2 0 12 9609 10081 10179 7356
8555 3 2 0 12 9301 10436 9731 6504
8556 3 2 0 12 7469 9735 9840 10247
8557 3 2 0 12 6180 7370 9807 9896
8558 3 2 0 12 7169 9742 9896 9807
8559 3 2 0 12 7338 10572 9758 10442
8560 3 2 0 12 6537 9974 9762 10399
8561 3 2 0 12 7315 10345 9877 9774
8562 3 2 0 12 7152 10715 9775 10157
8563 3 2 0 12 6079 9798 10448 10555
8564 3 2 0 12 7090 9830 10144 7471
8565 3 2 0 12 6429 9834 9833 9921
8566 3 2 0 12 10164 7399 9996 10382
8567 3 2 0 12 7285 9837 10382 9996
8568 3 2 0 12 9683 9961 10622 6533
8569 3 2 0 12 10674 10583 9897 7490
8570 3 2 0 12 7221 9841 9897 10583
8571 3 2 0 12 7213 10385 9850 9852
8572 3 2 0 12 7333 9857 9852 10336
8573 3 2 0 12 8822 6920 10031 10510
8574 3 2 0 12 7017 10510 10031 9855
8575 3 2 0 12 7212 10616 9857 10488
8576 3 2 0 12 7304 9936 9882 10378
8577 3 2 0 12 9294 10120 10568 10087
8578 3 2 0 12 7196 10087 10568 9940
8579 3 2 0 12 9284 7419 10705 10220
8580 3 2 0 12 7540 9975 10220 10705
8581 3 2 0 12 7276 10673 9995 10588
8582 3 2 0 12 9096 9122 10190 7164
8583 3 2 0 12 6603 10083 10317 10636
8584 3 2 0 12 6604 10637 10316 10084
8585 3 2 0 12 8043 10364 10537 10251
8586 3 2 0 12 8042 10252 10536 10365
8587 3 2 0 12 9465 8036 10711 10335
8588 3 2 0 12 6453 10335 10711 10266
8589 3 2 0 12 9427 10389 10375 7241
8590 3 2 0 12 7417 9943 10490 9781
8591 3 2 0 12 7041 8740 6053 10693
8592 3 2 0 12 7042 10642 6053 8741
8593 3 2 0 12 9204 7061 8745 8540
8594 3 2 0 12 9032 10627 8501 7035
8595 3 2 0 12 6045 8497 8501 10627
8596 3 2 0 12 6443 8844 7179 9113
8597 3 2 0 12 6952 8744 9398 6338
8598 3 2 0 12 6953 6339 9399 8743
8599 3 2 0 12 7389 7274 10408 10465
8600 3 2 0 12 7390 10466 10409 7275
8601 3 2 0 12 7348 6048 10152 8263
8602 3 2 0 12 9193 7713 6419 9372
8603 3 2 0 12 10086 9372 10049 8161
8604 3 2 0 12 6419 10077 10049 9372
8605 3 2 0 12 6350 9724 6419 7713
8606 3 2 0 12 6963 9724 6350 9497
8607 3 2 0 12 6351 7714 6420 9725
8608 3 2 0 12 6962 9496 6351 9725
8609 3 2 0 12 9187 9360 6420 7714
8610 3 2 0 12 10304 8160 10066 9360
8611 3 2 0 12 6420 9360 10066 10078
8612 3 2 0 12 7770 9163 10452 6167
8613 3 2 0 12 6164 7986 9813 9092
8614 3 2 0 12 7423 9092 9813 9270
8615 3 2 0 12 7987 9101 9295 9787
8616 3 2 0 12 8029 10134 7083 7148
8617 3 2 0 12 6329 8263 10152 10134
8618 3 2 0 12 9856 7083 10134 10152
8619 3 2 0 12 10025 6215 9155 9392
8620 3 2 0 12 7188 7362 9392 9155
8621 3 2 0 12 8052 7243 9392 7362
8622 3 2 0 12 10514 9818 8854 6955
8623 3 2 0 12 6380 8854 9818 8588
8624 3 2 0 12 8824 8587 8853 6379
8625 3 2 0 12 6954 8853 8587 9817
8626 3 2 0 12 8183 6131 8758 9902
8627 3 2 0 12 7323 9902 8758 8724
8628 3 2 0 12 8182 9903 8674 6134
8629 3 2 0 12 7767 6156 9970 10567
8630 3 2 0 12 8618 7388 10567 9970
8631 3 2 0 12 8405 9426 9152 6136
8632 3 2 0 12 10708 7210 10146 8779
8633 3 2 0 12 10709 8778 10147 7211
8634 3 2 0 12 6998 7994 9949 6349
8635 3 2 0 12 9969 6349 9949 9369
8636 3 2 0 12 7561 9711 9369 9949
8637 3 2 0 12 6997 6348 9948 7993
8638 3 2 0 12 9968 9368 9948 6348
8639 3 2 0 12 7562 9948 9368 9710
8640 3 2 0 12 8739 6891 9085 9545
8641 3 2 0 12 6050 10285 7146 7610
8642 3 2 0 12 10285 6050 10284 8229
8643 3 2 0 12 6050 7609 7145 10284
8644 3 2 0 12 6380 8114 6404 8854
8645 3 2 0 12 6404 8527 6955 8854
8646 3 2 0 12 6379 8853 6403 8113
8647 3 2 0 12 6403 8853 6954 8526
8648 3 2 0 12 9115 6424 8151 9158
8649 3 2 0 12 9420 9276 9158 8151
8650 3 2 0 12 8927 9851 8151 6424
8651 3 2 0 12 9420 8151 9851 10411
8652 3 2 0 12 8179 8723 10411 9851
8653 3 2 0 12 6074 8384 8406 6776
8654 3 2 0 12 7586 8406 8384 7600
8655 3 2 0 12 6676 8177 7883 10593
8656 3 2 0 12 6046 8686 6894 8528
8657 3 2 0 12 8596 6922 9563 6894
8658 3 2 0 12 6657 9304 7443 10625
8659 3 2 0 12 7297 9669 7965 6439
8660 3 2 0 12 8206 8334 9414 10032
8661 3 2 0 12 8939 7104 10032 9414
8662 3 2 0 12 8205 10033 9413 6425
8663 3 2 0 12 8940 9413 10033 7103
8664 3 2 0 12 9309 7118 10590 10116
8665 3 2 0 12 6125 9555 10116 10590
8666 3 2 0 12 9565 6125 9912 8625
8667 3 2 0 12 8671 8789 9912 7059
8668 3 2 0 12 9548 9539 9322 6914
8669 3 2 0 12 9227 6343 10455 8029
8670 3 2 0 12 6343 9327 7197 10455
8671 3 2 0 12 7199 9646 9868 7223
8672 3 2 0 12 9160 6159 9721 7598
8673 3 2 0 12 7125 9721 6159 9862
8674 3 2 0 12 9721 6736 9580 7598
8675 3 2 0 12 10239 9861 9722 7124
8676 3 2 0 12 9581 6737 9722 7599
8677 3 2 0 12 7599 9722 9861 6175
8678 3 2 0 12 10454 8333 10376 6201
8679 3 2 0 12 7830 7627 10376 8333
8680 3 2 0 12 6676 10593 6685 6227
8681 3 2 0 12 7335 7409 6658 10296
8682 3 2 0 12 6658 8323 6552 10296
8683 3 2 0 12 7348 8263 7197 7416
8684 3 2 0 12 6329 10455 7197 8263
8685 3 2 0 12 10161 8227 10131 7636
8686 3 2 0 12 8788 8004 10131 7724
8687 3 2 0 12 7636 10131 8004 9530
8688 3 2 0 12 8226 7635 9531 10132
8689 3 2 0 12 7723 10132 9531 8003
8690 3 2 0 12 8930 6423 8150 9873
8691 3 2 0 12 10353 8616 9873 8150
8692 3 2 0 12 8865 8180 9873 8616
8693 3 2 0 12 8613 9616 9107 6991
8694 3 2 0 12 9114 9107 8150 6423
8695 3 2 0 12 8150 9107 9616 8792
8696 3 2 0 12 8202 6117 9649 9828
8697 3 2 0 12 8202 9828 7176 7430
8698 3 2 0 12 7176 9828 9649 9820
8699 3 2 0 12 8201 9829 9648 6118
8700 3 2 0 12 8201 7431 7177 9829
8701 3 2 0 12 7177 9819 9648 9829
8702 3 2 0 12 7216 7139 9967 9963
8703 3 2 0 12 9963 7763 10502 6452
8704 3 2 0 12 6123 10063 7400 9121
8705 3 2 0 12 8276 7400 10063 7459
8706 3 2 0 12 6128 9120 7401 10064
8707 3 2 0 12 8275 7460 10064 7401
8708 3 2 0 12 6256 10272 7507 9039
8709 3 2 0 12 8152 7507 10272 7578
8710 3 2 0 12 412 413 8018 10282
8711 3 2 0 12 8018 8244 8198 10282
8712 3 2 0 12 8881 8989 8993 9540
8713 3 2 0 12 8880 6959 8992 8990
8714 3 2 0 12 486 10543 8069 485
8715 3 2 0 12 7726 6325 9890 10579
8716 3 2 0 12 7340 9222 10579 9890
8717 3 2 0 12 6963 9497 9883 8698
8718 3 2 0 12 8698 9883 6164 7686
8719 3 2 0 12 8815 7686 6164 9092
8720 3 2 0 12 7423 9964 8815 9092
8721 3 2 0 12 9295 9101 9962 7422
8722 3 2 0 12 7687 8812 9962 9101
8723 3 2 0 12 6976 8697 7687 9881
8724 3 2 0 12 8592 10166 10184 7114
8725 3 2 0 12 8591 7115 10185 10165
8726 3 2 0 12 7662 7839 10271 7391
8727 3 2 0 12 7969 7557 7391 10271
8728 3 2 0 12 6152 10271 7839 10356
8729 3 2 0 12 9062 6980 8584 8537
8730 3 2 0 12 174 10112 7657 173
8731 3 2 0 12 6723 7730 10716 10112
8732 3 2 0 12 6811 224 225 10491
8733 3 2 0 12 7771 6811 10491 7690
8734 3 2 0 12 471 472 10352 11261
8735 3 2 0 12 336 10099 9587 335
8736 3 2 0 12 6580 8246 10282 8198
8737 3 2 0 12 6774 8174 284 285
8738 3 2 0 12 259 8916 8583 258
8739 3 2 0 12 8976 6961 8583 8916
8740 3 2 0 12 8987 7291 9486 10667
8741 3 2 0 12 7553 10671 9489 7290
8742 3 2 0 12 9976 6335 6367 8727
8743 3 2 0 12 6335 9931 8761 6367
8744 3 2 0 12 6187 9646 7256 10575
8745 3 2 0 12 6137 8172 6653 10629
8746 3 2 0 12 7258 10629 10440 7376
8747 3 2 0 12 8981 7770 6167 9672
8748 3 2 0 12 9965 8658 8918 8022
8749 3 2 0 12 7087 8933 8680 7185
8750 3 2 0 12 7897 7383 7258 6506
8751 3 2 0 12 7258 10233 10458 6506
8752 3 2 0 12 8046 10022 10336 6433
8753 3 2 0 12 10022 7437 7333 10336
8754 3 2 0 12 8043 10628 6368 8112
8755 3 2 0 12 10088 7953 9875 6629
8756 3 2 0 12 6060 7307 9875 7953
8757 3 2 0 12 6941 9875 7307 7109
8758 3 2 0 12 8042 8111 6369 10707
8759 3 2 0 12 7725 9265 10707 6369
8760 3 2 0 12 8015 10707 9265 10002
8761 3 2 0 12 9538 10536 6177 7503
8762 3 2 0 12 9537 7502 6176 10537
8763 3 2 0 12 7940 9298 8956 6162
8764 3 2 0 12 7939 6170 8957 9299
8765 3 2 0 12 7927 10620 7487 7707
8766 3 2 0 12 7487 10620 10518 7418
8767 3 2 0 12 6734 10509 6570 10386
8768 3 2 0 12 6444 9637 7663 10695
8769 3 2 0 12 7675 7602 10695 7663
8770 3 2 0 12 8023 10314 9868 6630
8771 3 2 0 12 7223 9868 10314 7412
8772 3 2 0 12 7052 8914 9075 10643
8773 3 2 0 12 7051 10644 9076 8913
8774 3 2 0 12 6059 8491 7190 10659
8775 3 2 0 12 10651 7395 10653 7649
8776 3 2 0 12 9677 8682 10523 6113
8777 3 2 0 12 8895 10523 8248 6925
8778 3 2 0 12 8248 10523 8682 8899
8779 3 2 0 12 7893 9784 7109 7307
8780 3 2 0 12 7893 6428 7515 9784
8781 3 2 0 12 9219 10155 9784 7515
8782 3 2 0 12 7109 9784 10155 10438
8783 3 2 0 12 7352 7050 9753 9221
8784 3 2 0 12 6428 9221 9219 7515
8785 3 2 0 12 7044 9219 9221 9753
8786 3 2 0 12 9614 8711 6896 6927
8787 3 2 0 12 287 288 10529 7480
8788 3 2 0 12 7480 10529 10530 10323
8789 3 2 0 12 7998 7480 10323 7346
8790 3 2 0 12 7346 10323 9971 7339
8791 3 2 0 12 6143 7446 9386 9717
8792 3 2 0 12 6154 9717 9594 7905
8793 3 2 0 12 7381 9594 9717 9386
8794 3 2 0 12 6144 9718 9387 7445
8795 3 2 0 12 6157 7906 9593 9718
8796 3 2 0 12 7382 9387 9718 9593
8797 3 2 0 12 6657 10625 9013 9084
8798 3 2 0 12 7526 7969 10623 6669
8799 3 2 0 12 9290 7618 6480 10447
8800 3 2 0 12 9290 10447 9907 7100
8801 3 2 0 12 7416 7197 10189 10424
8802 3 2 0 12 6956 9845 10424 10189
8803 3 2 0 12 6858 6205 8340 8322
8804 3 2 0 12 7776 8340 6205 6780
8805 3 2 0 12 10303 7266 7301 9464
8806 3 2 0 12 7742 6446 10714 9136
8807 3 2 0 12 7223 9136 9632 7199
8808 3 2 0 12 7680 9632 9136 10714
8809 3 2 0 12 6706 6286 8257 8431
8810 3 2 0 12 8082 8188 8431 8257
8811 3 2 0 12 7767 10567 7964 6439
8812 3 2 0 12 7388 8929 7964 10567
8813 3 2 0 12 6334 9682 9108 10661
8814 3 2 0 12 9682 6334 8869 8179
8815 3 2 0 12 6662 8402 6079 10555
8816 3 2 0 12 6362 6376 9011 9574
8817 3 2 0 12 8754 7099 9574 9570
8818 3 2 0 12 7048 9570 9574 9011
8819 3 2 0 12 6362 10503 9425 6376
8820 3 2 0 12 7129 9425 10503 7250
8821 3 2 0 12 6361 6375 9429 10511
8822 3 2 0 12 7130 7249 10511 9429
8823 3 2 0 12 6361 9575 9012 6375
8824 3 2 0 12 7098 9569 9012 9575
8825 3 2 0 12 10534 488 489 10044
8826 3 2 0 12 490 8388 10044 489
8827 3 2 0 12 8180 6333 10660 9675
8828 3 2 0 12 8327 9675 10660 9106
8829 3 2 0 12 7844 8855 8508 8489
8830 3 2 0 12 9177 8862 7012 7010
8831 3 2 0 12 7012 8862 6113 7021
8832 3 2 0 12 6165 7189 9309 10676
8833 3 2 0 12 7678 10676 9309 10116
8834 3 2 0 12 8709 6418 6358 9751
8835 3 2 0 12 6406 9044 8709 9751
8836 3 2 0 12 9346 10669 6358 6418
8837 3 2 0 12 6358 10669 10069 9493
8838 3 2 0 12 8710 9752 6357 6415
8839 3 2 0 12 6405 9752 8710 9043
8840 3 2 0 12 9345 6415 6357 10670
8841 3 2 0 12 6357 9494 10068 10670
8842 3 2 0 12 8199 9595 10280 8134
8843 3 2 0 12 6952 10280 9595 9182
8844 3 2 0 12 8200 8135 10281 9596
8845 3 2 0 12 6953 9858 9596 10281
8846 3 2 0 12 9811 9197 10276 6456
8847 3 2 0 12 7215 7650 10276 9197
8848 3 2 0 12 7754 7314 10276 7650
8849 3 2 0 12 6063 10358 7497 10268
8850 3 2 0 12 6938 9249 9006 8795
8851 3 2 0 12 6937 8794 8946 9184
8852 3 2 0 12 7520 10598 8255 8330
8853 3 2 0 12 10018 6696 10076 10587
8854 3 2 0 12 7803 7651 7438 10076
8855 3 2 0 12 7438 7420 10587 10076
8856 3 2 0 12 7705 10468 7782 7491
8857 3 2 0 12 7782 10468 10530 9986
8858 3 2 0 12 6292 6860 6861 6867
8859 3 2 0 12 6861 10565 8459 6867
8860 3 2 0 12 9532 7189 6165 9846
8861 3 2 0 12 8821 9846 9356 6940
8862 3 2 0 12 7923 9620 9796 10309
8863 3 2 0 12 7245 9797 9619 10308
8864 3 2 0 12 7817 10467 7293 10596
8865 3 2 0 12 10596 6065 10366 7817
8866 3 2 0 12 6366 9153 7012 8767
8867 3 2 0 12 7817 6653 10334 10467
8868 3 2 0 12 7293 10467 10334 7560
8869 3 2 0 12 10629 6653 7817 10440
8870 3 2 0 12 7817 10366 7336 10440
8871 3 2 0 12 7179 7148 7083 9113
8872 3 2 0 12 9856 8928 9113 7083
8873 3 2 0 12 6443 9113 8928 9618
8874 3 2 0 12 10247 9840 10564 7565
8875 3 2 0 12 7308 10564 9840 9053
8876 3 2 0 12 8077 7484 10014 7464
8877 3 2 0 12 7484 7747 10630 10014
8878 3 2 0 12 7714 10517 10256 9187
8879 3 2 0 12 6350 7713 9193 10486
8880 3 2 0 12 8072 10149 10486 9193
8881 3 2 0 12 6937 9184 10086 8161
8882 3 2 0 12 8072 10086 9184 8876
8883 3 2 0 12 7568 7786 10658 6070
8884 3 2 0 12 6141 7382 9593 7869
8885 3 2 0 12 7869 9593 7906 6133
8886 3 2 0 12 6140 7868 9594 7381
8887 3 2 0 12 7868 6132 7905 9594
8888 3 2 0 12 6642 182 183 8013
8889 3 2 0 12 6711 7857 6216 10292
8890 3 2 0 12 9763 10390 10292 6216
8891 3 2 0 12 7156 10369 10292 10390
8892 3 2 0 12 9264 9286 9053 6253
8893 3 2 0 12 9619 7924 6607 10308
8894 3 2 0 12 10479 9416 10308 6607
8895 3 2 0 12 7245 10308 9416 9520
8896 3 2 0 12 9909 7923 10309 6608
8897 3 2 0 12 10478 6608 10309 9417
8898 3 2 0 12 7246 9519 9417 10309
8899 3 2 0 12 10268 7497 10456 7363
8900 3 2 0 12 6217 8343 8243 8364
8901 3 2 0 12 7397 10171 7620 10697
8902 3 2 0 12 7733 7819 10232 6519
8903 3 2 0 12 10268 8032 10532 6063
8904 3 2 0 12 7671 7506 10137 7628
8905 3 2 0 12 6938 8160 10038 9249
8906 3 2 0 12 6919 9249 10038 8874
8907 3 2 0 12 9646 7199 9632 7256
8908 3 2 0 12 7258 7376 10089 10233
8909 3 2 0 12 8669 7668 9834 6429
8910 3 2 0 12 10094 7564 9376 7566
8911 3 2 0 12 7566 9376 9535 7679
8912 3 2 0 12 7413 7125 9324 10434
8913 3 2 0 12 7414 10435 9325 7124
8914 3 2 0 12 10552 6672 8032 10302
8915 3 2 0 12 8032 10268 7363 10302
8916 3 2 0 12 10201 8728 8632 6946
8917 3 2 0 12 6426 9621 7861 8943
8918 3 2 0 12 6427 8944 7862 9622
8919 3 2 0 12 10230 7522 7607 10450
8920 3 2 0 12 8023 7660 10333 6178
8921 3 2 0 12 6494 9047 7244 10664
8922 3 2 0 12 10271 6152 10623 7969
8923 3 2 0 12 8386 8447 6705 8221
8924 3 2 0 12 8321 6705 8447 8443
8925 3 2 0 12 6618 8446 8422 7771
8926 3 2 0 12 6812 8422 8446 8419
8927 3 2 0 12 8095 10650 7367 10634
8928 3 2 0 12 10650 8095 10072 6469
8929 3 2 0 12 6469 10072 10605 7689
8930 3 2 0 12 7200 7150 7180 9634
8931 3 2 0 12 7314 9049 9634 7180
8932 3 2 0 12 10072 7150 7200 10605
8933 3 2 0 12 10244 9610 10545 6352
8934 3 2 0 12 8035 7207 10545 7303
8935 3 2 0 12 7303 10545 9610 9998
8936 3 2 0 12 10717 7251 10505 7510
8937 3 2 0 12 7251 9189 9876 10505
8938 3 2 0 12 10052 6169 8697 8777
8939 3 2 0 12 6976 6962 8777 8697
8940 3 2 0 12 10051 8776 8698 6163
8941 3 2 0 12 8698 8776 7025 6963
8942 3 2 0 12 7410 7160 7742 6458
8943 3 2 0 12 9763 6216 9606 10260
8944 3 2 0 12 7257 10379 10260 9606
8945 3 2 0 12 6788 8282 8279 8356
8946 3 2 0 12 7441 10421 6509 7874
8947 3 2 0 12 6509 10421 10706 7619
8948 3 2 0 12 7560 10706 10421 7293
8949 3 2 0 12 8527 6404 9923 6337
8950 3 2 0 12 8526 6336 9922 6403
8951 3 2 0 12 9575 6361 7701 9870
8952 3 2 0 12 10638 7073 9988 8199
8953 3 2 0 12 8199 9988 6411 8337
8954 3 2 0 12 7072 8200 8336 9989
8955 3 2 0 12 6849 10519 6871 6104
8956 3 2 0 12 6257 6754 10519 6849
8957 3 2 0 12 6952 9182 7003 8744
8958 3 2 0 12 8851 6988 7003 9182
8959 3 2 0 12 6953 8743 7004 9183
8960 3 2 0 12 8850 9183 7004 6987
8961 3 2 0 12 7351 10140 7593 10533
8962 3 2 0 12 8256 7922 8030 8266
8963 3 2 0 12 8061 8256 8266 8289
8964 3 2 0 12 9574 9871 7702 6362
8965 3 2 0 12 9875 6941 9814 6629
8966 3 2 0 12 6941 10228 9061 9814
8967 3 2 0 12 7614 7604 10016 9431
8968 3 2 0 12 7573 7324 9066 9746
8969 3 2 0 12 6480 9746 10318 10447
8970 3 2 0 12 6436 10318 9746 9066
8971 3 2 0 12 10366 7440 10563 7336
8972 3 2 0 12 7440 10533 6495 10563
8973 3 2 0 12 7764 7551 10088 7435
8974 3 2 0 12 7559 7435 10088 7488
8975 3 2 0 12 6629 9814 7488 10088
8976 3 2 0 12 9963 9967 6457 7763
8977 3 2 0 12 6457 9967 7273 9827
8978 3 2 0 12 6457 10235 10502 7763
8979 3 2 0 12 6058 10483 10101 7703
8980 3 2 0 12 7190 6471 10101 10483
8981 3 2 0 12 8175 8024 8361 7931
8982 3 2 0 12 7931 8361 8207 8347
8983 3 2 0 12 7807 6564 10497 7585
8984 3 2 0 12 9835 10497 6564 7628
8985 3 2 0 12 7393 7585 10497 7278
8986 3 2 0 12 7493 7180 7150 10327
8987 3 2 0 12 10634 6492 10327 8095
8988 3 2 0 12 8095 10327 7150 10072
8989 3 2 0 12 7296 9655 9980 7443
8990 3 2 0 12 9655 6466 9577 7828
8991 3 2 0 12 9185 7108 9577 7280
8992 3 2 0 12 9464 7301 7572 10332
8993 3 2 0 12 6266 6275 6746 8389
8994 3 2 0 12 9799 6908 10202 7093
8995 3 2 0 12 6908 8603 7014 10202
8996 3 2 0 12 9800 7092 10203 6907
8997 3 2 0 12 6907 10203 7013 8602
8998 3 2 0 12 9526 6915 8839 9262
8999 3 2 0 12 9262 8839 10589 6378
9000 3 2 0 12 7714 6351 9617 10517
9001 3 2 0 12 7095 10342 8205 9126
9002 3 2 0 12 7094 9125 8206 10343
9003 3 2 0 12 9049 7314 7754 10371
9004 3 2 0 12 6074 6772 6638 8384
9005 3 2 0 12 6638 7916 7600 8384
9006 3 2 0 12 10489 6634 10369 7156
9007 3 2 0 12 6114 9055 8638 9601
9008 3 2 0 12 10598 7520 10600 7373
9009 3 2 0 12 7870 8322 8340 7476
9010 3 2 0 12 7387 7476 8340 10619
9011 3 2 0 12 9951 7558 10018 7288
9012 3 2 0 12 6501 9777 7363 10456
9013 3 2 0 12 10456 7717 10417 6501
9014 3 2 0 12 7717 10186 7262 10417
9015 3 2 0 12 8643 9505 6927 6896
9016 3 2 0 12 6164 9883 9505 7986
9017 3 2 0 12 6927 9505 9883 9497
9018 3 2 0 12 7348 7582 9779 6048
9019 3 2 0 12 7152 7632 6048 9779
9020 3 2 0 12 7152 9779 7582 7244
9021 3 2 0 12 7632 9175 10152 6048
9022 3 2 0 12 7055 9856 10152 9175
9023 3 2 0 12 9677 9177 9653 6909
9024 3 2 0 12 7010 7053 9009 9177
9025 3 2 0 12 6124 9653 9177 9009
9026 3 2 0 12 10684 9391 9153 10931
9027 3 2 0 12 7012 9153 9391 7010
9028 3 2 0 12 10312 8009 10298 8907
9029 3 2 0 12 6897 6926 6976 9477
9030 3 2 0 12 7987 9477 6976 9881
9031 3 2 0 12 9288 7567 10520 9111
9032 3 2 0 12 10145 6556 10520 7567
9033 3 2 0 12 7156 10390 9111 10520
9034 3 2 0 12 349 350 8380 6310
9035 3 2 0 12 350 351 6874 8380
9036 3 2 0 12 6510 10631 7337 10186
9037 3 2 0 12 8492 7009 7022 9134
9038 3 2 0 12 7009 9074 9169 7022
9039 3 2 0 12 7856 9504 9169 9074
9040 3 2 0 12 6396 9347 10043 7616
9041 3 2 0 12 7153 9484 10043 9347
9042 3 2 0 12 8438 7014 8603 10106
9043 3 2 0 12 8495 7322 10106 8603
9044 3 2 0 12 8439 10092 8602 7013
9045 3 2 0 12 8494 8602 10092 7323
9046 3 2 0 12 10440 7336 10089 7376
9047 3 2 0 12 7556 7900 6483 10207
9048 3 2 0 12 7932 7428 10207 7375
9049 3 2 0 12 6514 10426 6483 7900
9050 3 2 0 12 10325 10426 7265 10156
9051 3 2 0 12 497 498 8451 6311
9052 3 2 0 12 498 499 6870 8451
9053 3 2 0 12 6111 8451 6870 6316
9054 3 2 0 12 7132 10396 10364 9871
9055 3 2 0 12 6402 7702 9871 10364
9056 3 2 0 12 10364 8043 10243 6402
9057 3 2 0 12 6352 8111 8042 10244
9058 3 2 0 12 10244 8042 10365 6401
9059 3 2 0 12 7131 9870 10365 10067
9060 3 2 0 12 6401 10365 9870 7701
9061 3 2 0 12 6997 6408 8737 9473
9062 3 2 0 12 7076 9473 8737 9895
9063 3 2 0 12 6998 9474 8738 6409
9064 3 2 0 12 7077 10410 8738 9474
9065 3 2 0 12 9474 6998 6349 9379
9066 3 2 0 12 8881 9540 9379 8608
9067 3 2 0 12 6349 9969 8608 9379
9068 3 2 0 12 9473 9380 6348 6997
9069 3 2 0 12 8880 8607 9380 6959
9070 3 2 0 12 6348 9380 8607 9968
9071 3 2 0 12 7800 8379 8392 7926
9072 3 2 0 12 7926 8392 8403 8128
9073 3 2 0 12 7291 8987 9225 6142
9074 3 2 0 12 7467 7879 10098 9225
9075 3 2 0 12 6142 9225 10098 8438
9076 3 2 0 12 7468 9224 10097 7878
9077 3 2 0 12 6139 8439 10097 9224
9078 3 2 0 12 6698 8104 8168 8413
9079 3 2 0 12 9375 10578 6473 7523
9080 3 2 0 12 7181 9495 10578 9375
9081 3 2 0 12 9237 10211 7188 7182
9082 3 2 0 12 9262 6378 6374 8594
9083 3 2 0 12 9322 8595 6373 6377
9084 3 2 0 12 8657 10293 6916 7999
9085 3 2 0 12 6916 10293 8836 8769
9086 3 2 0 12 9736 8866 9313 6436
9087 3 2 0 12 7060 7163 9313 8866
9088 3 2 0 12 9268 9313 7163 7128
9089 3 2 0 12 9567 6448 10100 7603
9090 3 2 0 12 9238 9719 10100 6448
9091 3 2 0 12 10314 7402 9693 7412
9092 3 2 0 12 10559 7203 9693 7402
9093 3 2 0 12 6458 9693 7203 9838
9094 3 2 0 12 7367 10348 7611 10363
9095 3 2 0 12 9655 7828 6126 9980
9096 3 2 0 12 7185 9599 7108 7087
9097 3 2 0 12 7112 6126 7828 9599
9098 3 2 0 12 7828 9577 7108 9599
9099 3 2 0 12 10076 6696 10324 7803
9100 3 2 0 12 6696 10018 7558 10324
9101 3 2 0 12 7580 8123 7581 6321
9102 3 2 0 12 7114 10184 8123 7580
9103 3 2 0 12 7115 7581 8123 10185
9104 3 2 0 12 8212 8383 8285 8342
9105 3 2 0 12 10013 10699 6326 8315
9106 3 2 0 12 10395 8848 9992 10699
9107 3 2 0 12 6326 10699 9992 10007
9108 3 2 0 12 9552 8883 9905 7341
9109 3 2 0 12 8883 8315 6326 9905
9110 3 2 0 12 6641 7255 10034 7744
9111 3 2 0 12 7462 7630 10698 9831
9112 3 2 0 12 8666 7146 10285 10167
9113 3 2 0 12 7145 10168 8704 10284
9114 3 2 0 12 10239 10026 9988 7117
9115 3 2 0 12 6411 9988 10026 7542
9116 3 2 0 12 7072 9989 10027 7116
9117 3 2 0 12 6410 7541 10027 9989
9118 3 2 0 12 10405 7002 9513 6928
9119 3 2 0 12 6928 9513 8637 10059
9120 3 2 0 12 8688 9809 9475 7411
9121 3 2 0 12 9382 7891 9809 7999
9122 3 2 0 12 7891 9757 9475 9809
9123 3 2 0 12 9073 7134 9944 7238
9124 3 2 0 12 10348 6592 9944 7611
9125 3 2 0 12 7611 9944 7134 9946
9126 3 2 0 12 7826 8975 9816 6854
9127 3 2 0 12 7709 7219 8975 7826
9128 3 2 0 12 6998 6409 9546 7994
9129 3 2 0 12 9414 8334 9508 9546
9130 3 2 0 12 7994 9546 9508 9949
9131 3 2 0 12 6997 7993 9547 6408
9132 3 2 0 12 9413 9547 9507 6425
9133 3 2 0 12 7993 9948 9507 9547
9134 3 2 0 12 8416 6747 8339 6702
9135 3 2 0 12 6702 8339 6837 8306
9136 3 2 0 12 7974 6770 8377 8449
9137 3 2 0 12 9075 8914 9528 6437
9138 3 2 0 12 7145 9528 8914 8667
9139 3 2 0 12 9076 6438 9529 8913
9140 3 2 0 12 7146 8666 8913 9529
9141 3 2 0 12 6917 6135 9408 8000
9142 3 2 0 12 8370 6741 8389 8307
9143 3 2 0 12 6350 9614 6927 9497
9144 3 2 0 12 6926 9496 6962 6976
9145 3 2 0 12 6351 9496 6926 9617
9146 3 2 0 12 6750 6828 8222 6734
9147 3 2 0 12 7521 10610 7050 7352
9148 3 2 0 12 9428 8730 7063 8247
9149 3 2 0 12 10060 8314 6325 10702
9150 3 2 0 12 9615 7340 9890 8961
9151 3 2 0 12 8961 9890 6325 8314
9152 3 2 0 12 7324 7573 10569 10016
9153 3 2 0 12 10101 10694 7448 7703
9154 3 2 0 12 10592 7448 10694 9698
9155 3 2 0 12 7295 9482 9698 10694
9156 3 2 0 12 6928 8656 7914 10405
9157 3 2 0 12 6582 10655 9586 9664
9158 3 2 0 12 10123 7474 10258 6148
9159 3 2 0 12 10124 6146 10259 7473
9160 3 2 0 12 10635 7329 9431 11239
9161 3 2 0 12 7684 6193 6535 8401
9162 3 2 0 12 7384 6551 8401 8001
9163 3 2 0 12 6535 8427 8001 8401
9164 3 2 0 12 331 9544 7483 330
9165 3 2 0 12 7708 6525 10683 7656
9166 3 2 0 12 6525 10375 10389 10683
9167 3 2 0 12 8396 8394 6294 8395
9168 3 2 0 12 6289 6877 6294 8394
9169 3 2 0 12 9897 7498 6465 7490
9170 3 2 0 12 6517 7930 6220 8310
9171 3 2 0 12 8143 8056 8310 6220
9172 3 2 0 12 6627 6546 8310 8056
9173 3 2 0 12 7543 7511 10584 10477
9174 3 2 0 12 9917 10004 6592 7666
9175 3 2 0 12 6592 10004 7238 9944
9176 3 2 0 12 6331 9982 9363 7001
9177 3 2 0 12 8373 8146 9438 9982
9178 3 2 0 12 6405 9363 9982 9438
9179 3 2 0 12 6332 7000 9362 9983
9180 3 2 0 12 8372 9983 9439 8147
9181 3 2 0 12 6406 9439 9983 9362
9182 3 2 0 12 6724 8381 8359 8027
9183 3 2 0 12 8378 6195 8435 7595
9184 3 2 0 12 6635 8435 6195 8025
9185 3 2 0 12 6356 9550 7026 7040
9186 3 2 0 12 6962 7026 9550 8777
9187 3 2 0 12 7086 10052 8777 9550
9188 3 2 0 12 8936 7025 9549 7039
9189 3 2 0 12 10429 9549 10051 7085
9190 3 2 0 12 7025 8776 10051 9549
9191 3 2 0 12 9535 9376 10492 6442
9192 3 2 0 12 8720 10372 7345 10126
9193 3 2 0 12 6952 6338 8146 10280
9194 3 2 0 12 8134 10280 8146 8373
9195 3 2 0 12 6953 10281 8147 6339
9196 3 2 0 12 8135 8372 8147 10281
9197 3 2 0 12 7723 8003 10029 8787
9198 3 2 0 12 8997 6912 8609 6364
9199 3 2 0 12 10029 6364 8609 6899
9200 3 2 0 12 8479 8609 8635 7034
9201 3 2 0 12 8502 8635 8609 6912
9202 3 2 0 12 8501 8634 8610 7035
9203 3 2 0 12 6363 8610 8634 6911
9204 3 2 0 12 8610 6363 10030 6898
9205 3 2 0 12 6898 10030 8004 8788
9206 3 2 0 12 10697 7620 10631 6510
9207 3 2 0 12 7620 9863 7168 10631
9208 3 2 0 12 10617 7936 8449 6834
9209 3 2 0 12 6834 8449 8377 8278
9210 3 2 0 12 6076 8145 6625 8137
9211 3 2 0 12 6625 8145 6799 7633
9212 3 2 0 12 6878 6110 8335 6864
9213 3 2 0 12 6110 8265 8423 8335
9214 3 2 0 12 6277 6856 8335 8423
9215 3 2 0 12 8729 6453 10266 8642
9216 3 2 0 12 10711 7206 7096 10266
9217 3 2 0 12 7096 9678 8642 10266
9218 3 2 0 12 9738 254 255 8654
9219 3 2 0 12 6098 8452 6308 6314
9220 3 2 0 12 6869 6308 8452 6297
9221 3 2 0 12 8961 8314 10060 6327
9222 3 2 0 12 6327 10060 9754 9471
9223 3 2 0 12 10261 9667 7305 7447
9224 3 2 0 12 6447 9180 7143 9667
9225 3 2 0 12 9468 6451 9353 8915
9226 3 2 0 12 9082 7129 7250 9353
9227 3 2 0 12 7250 9659 8915 9353
9228 3 2 0 12 6467 9849 10592 9698
9229 3 2 0 12 7793 6047 10550 7508
9230 3 2 0 12 9929 9541 9704 6614
9231 3 2 0 12 7312 9704 9541 10648
9232 3 2 0 12 10588 9995 6466 7534
9233 3 2 0 12 6466 9995 7280 9577
9234 3 2 0 12 10024 9714 7661 9933
9235 3 2 0 12 7788 7721 9933 7354
9236 3 2 0 12 9704 7312 9585 7214
9237 3 2 0 12 7214 9585 10580 9591
9238 3 2 0 12 6603 10636 10263 7577
9239 3 2 0 12 7286 10263 10636 10118
9240 3 2 0 12 6604 7576 10264 10637
9241 3 2 0 12 7287 10117 10637 10264
9242 3 2 0 12 9743 7271 9891 7166
9243 3 2 0 12 342 7896 10299 341
9244 3 2 0 12 9558 6392 6395 9453
9245 3 2 0 12 8747 10603 8824 6379
9246 3 2 0 12 8781 10603 6391 6394
9247 3 2 0 12 6196 7531 8390 8360
9248 3 2 0 12 7452 7622 8360 8390
9249 3 2 0 12 7517 8360 7622 7976
9250 3 2 0 12 6230 10433 7346 7339
9251 3 2 0 12 412 10282 8246 411
9252 3 2 0 12 9355 8871 9409 6450
9253 3 2 0 12 7130 9409 9641 7249
9254 3 2 0 12 7140 9641 9409 8871
9255 3 2 0 12 9205 7048 9011 8550
9256 3 2 0 12 7227 9424 10326 9647
9257 3 2 0 12 9424 7227 10432 7361
9258 3 2 0 12 10376 7479 10681 6740
9259 3 2 0 12 10441 7902 10681 6503
9260 3 2 0 12 8883 6328 10013 8315
9261 3 2 0 12 6328 9123 9755 10013
9262 3 2 0 12 9318 7403 6473 10578
9263 3 2 0 12 7056 9318 10578 8702
9264 3 2 0 12 9943 6473 7403 10490
9265 3 2 0 12 7403 9627 10415 10490
9266 3 2 0 12 8324 8350 6619 6649
9267 3 2 0 12 6619 8350 7887 7802
9268 3 2 0 12 7456 10522 10240 10528
9269 3 2 0 12 7658 6476 10588 7534
9270 3 2 0 12 6476 7505 7276 10588
9271 3 2 0 12 9559 10340 10587 7420
9272 3 2 0 12 9672 7444 10340 7167
9273 3 2 0 12 7444 10018 10587 10340
9274 3 2 0 12 9812 6064 9708 9423
9275 3 2 0 12 7646 7398 7170 9708
9276 3 2 0 12 7170 10562 9423 9708
9277 3 2 0 12 6062 10071 8640 9254
9278 3 2 0 12 6700 6245 8355 10516
9279 3 2 0 12 7575 10516 8355 8054
9280 3 2 0 12 6547 10556 10164 10382
9281 3 2 0 12 7897 6506 9140 10209
9282 3 2 0 12 7794 10209 9140 7486
9283 3 2 0 12 7595 10710 10454 6201
9284 3 2 0 12 8435 6581 10710 7595
9285 3 2 0 12 7928 6576 8368 6606
9286 3 2 0 12 8140 7746 8368 6576
9287 3 2 0 12 9606 7418 10518 7257
9288 3 2 0 12 10620 6509 7619 10518
9289 3 2 0 12 7619 9776 7257 10518
9290 3 2 0 12 9569 7047 8549 9012
9291 3 2 0 12 6605 8420 8421 7917
9292 3 2 0 12 9483 6330 8910 10663
9293 3 2 0 12 7059 7149 10663 8910
9294 3 2 0 12 7257 7699 9518 10379
9295 3 2 0 12 7601 10379 9518 6475
9296 3 2 0 12 7011 9131 9005 7054
9297 3 2 0 12 6910 9628 9005 9131
9298 3 2 0 12 11102 7078 8996 9759
9299 3 2 0 12 8445 6071 8303 8324
9300 3 2 0 12 7800 7887 8303 8169
9301 3 2 0 12 7887 8350 8324 8303
9302 3 2 0 12 6166 6889 9491 9898
9303 3 2 0 12 7698 10130 9898 9491
9304 3 2 0 12 6173 9899 9492 6890
9305 3 2 0 12 7697 9492 9899 7653
9306 3 2 0 12 7017 9855 10540 7008
9307 3 2 0 12 7855 8826 10540 9855
9308 3 2 0 12 7008 9194 9815 7017
9309 3 2 0 12 8015 10002 9031 9211
9310 3 2 0 12 6176 9212 10003 8014
9311 3 2 0 12 9567 7603 9827 9768
9312 3 2 0 12 7273 10388 9768 9827
9313 3 2 0 12 6546 6627 6602 8456
9314 3 2 0 12 8137 7512 8456 6076
9315 3 2 0 12 6525 7457 10190 10375
9316 3 2 0 12 7241 10375 10190 9122
9317 3 2 0 12 343 344 8024 10111
9318 3 2 0 12 10090 8204 6720 9955
9319 3 2 0 12 9426 8405 9955 6720
9320 3 2 0 12 7566 9955 8405 10094
9321 3 2 0 12 7155 9810 6720 8204
9322 3 2 0 12 10429 7075 9252 6355
9323 3 2 0 12 8943 7861 9252 9973
9324 3 2 0 12 10430 6356 9253 7074
9325 3 2 0 12 8944 9972 9253 7862
9326 3 2 0 12 7931 8357 8254 8175
9327 3 2 0 12 8859 8327 9106 6353
9328 3 2 0 12 8227 6353 9106 10131
9329 3 2 0 12 9682 8328 10591 9108
9330 3 2 0 12 8226 10132 9108 10591
9331 3 2 0 12 6059 10659 7559 9154
9332 3 2 0 12 6567 7782 9986 7475
9333 3 2 0 12 9283 10414 7600 7916
9334 3 2 0 12 7219 7709 10074 6393
9335 3 2 0 12 8176 8321 8443 8325
9336 3 2 0 12 6196 7928 6606 8353
9337 3 2 0 12 10047 6554 7945 6566
9338 3 2 0 12 6213 7945 6554 8092
9339 3 2 0 12 9374 7597 10300 6587
9340 3 2 0 12 6587 10300 7232 9067
9341 3 2 0 12 9288 9402 8696 6434
9342 3 2 0 12 10270 8696 9402 7110
9343 3 2 0 12 9525 7110 9402 7136
9344 3 2 0 12 6459 7810 9978 7302
9345 3 2 0 12 7919 6128 8557 8619
9346 3 2 0 12 8719 7081 8619 8557
9347 3 2 0 12 6128 7919 8953 9120
9348 3 2 0 12 7211 9120 8953 10709
9349 3 2 0 12 6123 9121 8954 7920
9350 3 2 0 12 7210 10708 8954 9121
9351 3 2 0 12 7920 8620 8556 6123
9352 3 2 0 12 8718 8556 8620 7080
9353 3 2 0 12 9058 6185 9946 9715
9354 3 2 0 12 7134 10685 9715 9946
9355 3 2 0 12 10307 6186 10689 7644
9356 3 2 0 12 7518 7644 10689 7254
9357 3 2 0 12 7632 7152 10157 10641
9358 3 2 0 12 6614 10641 10157 9929
9359 3 2 0 12 9140 7174 10331 7486
9360 3 2 0 12 7486 10331 7505 6476
9361 3 2 0 12 7209 7142 10258 9007
9362 3 2 0 12 7208 9008 10259 9686
9363 3 2 0 12 6555 7677 7983 8444
9364 3 2 0 12 7983 8019 8424 8444
9365 3 2 0 12 7359 7366 9645 10127
9366 3 2 0 12 8957 7029 9060 9299
9367 3 2 0 12 8956 9298 9059 7028
9368 3 2 0 12 9561 7052 10643 9786
9369 3 2 0 12 10635 9731 10181 7329
9370 3 2 0 12 7426 10181 9731 10436
9371 3 2 0 12 9960 8153 8782 8780
9372 3 2 0 12 8608 9969 9531 7635
9373 3 2 0 12 8058 9531 9969 9369
9374 3 2 0 12 6364 10029 8058 8997
9375 3 2 0 12 9531 8058 10029 8003
9376 3 2 0 12 6363 8998 8057 10030
9377 3 2 0 12 8607 7636 9530 9968
9378 3 2 0 12 10030 8057 9530 8004
9379 3 2 0 12 8057 9368 9968 9530
9380 3 2 0 12 7334 10608 8799 8965
9381 3 2 0 12 9095 9794 8814 6115
9382 3 2 0 12 6140 7381 9794 7590
9383 3 2 0 12 7381 9386 8814 9794
9384 3 2 0 12 9094 6116 8813 9795
9385 3 2 0 12 6141 7934 9795 7382
9386 3 2 0 12 7382 9795 8813 9387
9387 3 2 0 12 7798 8149 8313 6225
9388 3 2 0 12 6241 8313 8149 8253
9389 3 2 0 12 289 290 10311 10558
9390 3 2 0 12 7475 9986 10558 10311
9391 3 2 0 12 10137 6487 9835 7628
9392 3 2 0 12 9644 9705 9835 6487
9393 3 2 0 12 7318 7248 9835 9705
9394 3 2 0 12 6412 8668 8658 9965
9395 3 2 0 12 7451 7545 10541 10630
9396 3 2 0 12 6460 7303 9998 9437
9397 3 2 0 12 9311 9437 9998 9355
9398 3 2 0 12 7140 8871 9355 9998
9399 3 2 0 12 7242 6793 7532 10090
9400 3 2 0 12 9872 7242 10090 7679
9401 3 2 0 12 7155 8204 10090 7532
9402 3 2 0 12 7195 9479 9666 7237
9403 3 2 0 12 7233 9269 10218 6432
9404 3 2 0 12 7212 10488 10218 9269
9405 3 2 0 12 6432 9037 8845 7233
9406 3 2 0 12 7082 10201 8845 9037
9407 3 2 0 12 7410 10492 9690 7160
9408 3 2 0 12 8846 9690 7564 7123
9409 3 2 0 12 7564 9690 10492 9376
9410 3 2 0 12 7434 7518 7254 10305
9411 3 2 0 12 9533 7369 10305 7254
9412 3 2 0 12 6478 7544 10362 10682
9413 3 2 0 12 7660 7642 9165 10333
9414 3 2 0 12 6678 180 181 7659
9415 3 2 0 12 7659 181 182 6642
9416 3 2 0 12 10004 7224 9626 7238
9417 3 2 0 12 9073 7238 9626 9430
9418 3 2 0 12 6798 6715 8325 8443
9419 3 2 0 12 9900 10704 10148 6214
9420 3 2 0 12 7588 7368 10148 10704
9421 3 2 0 12 10148 7368 10407 7396
9422 3 2 0 12 9683 7396 10407 9961
9423 3 2 0 12 7477 10622 9961 10407
9424 3 2 0 12 446 447 9657 7327
9425 3 2 0 12 8775 7327 9657 8860
9426 3 2 0 12 7693 9065 8860 9657
9427 3 2 0 12 9967 7139 9793 7273
9428 3 2 0 12 10388 7273 9793 9658
9429 3 2 0 12 6512 9658 9793 9208
9430 3 2 0 12 9448 7385 7240 10197
9431 3 2 0 12 7571 10197 7240 10255
9432 3 2 0 12 7087 7108 9332 8838
9433 3 2 0 12 7228 9604 8838 9332
9434 3 2 0 12 10464 10607 10301 7662
9435 3 2 0 12 10008 10607 10464 6484
9436 3 2 0 12 7351 10533 7440 10079
9437 3 2 0 12 7397 10697 7497 10358
9438 3 2 0 12 8736 9945 9583 6968
9439 3 2 0 12 7299 10070 9943 7417
9440 3 2 0 12 6139 9224 8986 7553
9441 3 2 0 12 6119 10671 7553 8986
9442 3 2 0 12 8097 9356 9846 6165
9443 3 2 0 12 10079 7440 10366 6065
9444 3 2 0 12 7478 7427 10546 10524
9445 3 2 0 12 7309 10294 10623 6152
9446 3 2 0 12 8102 9674 275 276
9447 3 2 0 12 274 275 9674 10315
9448 3 2 0 12 7476 7387 10599 10418
9449 3 2 0 12 8282 8359 8381 8279
9450 3 2 0 12 341 10299 10329 340
9451 3 2 0 12 344 345 8361 8024
9452 3 2 0 12 9882 10246 7353 10378
9453 3 2 0 12 9442 8622 10728 6904
9454 3 2 0 12 8073 8496 10728 8622
9455 3 2 0 12 437 8645 10729 436
9456 3 2 0 12 6699 10731 6778 6277
9457 3 2 0 12 443 444 10732 9263
9458 3 2 0 12 8532 8474 8644 10733
9459 3 2 0 12 6885 8829 10736 8471
9460 3 2 0 12 433 434 10738 8970
9461 3 2 0 12 9406 8681 10749 8661
9462 3 2 0 12 6053 8740 10751 6876
9463 3 2 0 12 9005 8945 10752 7054
9464 3 2 0 12 9018 9054 10755 6980
9465 3 2 0 12 10747 10744 10756 8511
9466 3 2 0 12 8729 6883 10758 8775
9467 3 2 0 12 9246 6965 10765 8560
9468 3 2 0 12 9247 8561 10766 6964
9469 3 2 0 12 8474 6981 10767 8644
9470 3 2 0 12 6378 10589 10771 9364
9471 3 2 0 12 10589 9339 10752 10771
9472 3 2 0 12 8599 8870 10774 6957
9473 3 2 0 12 8475 8645 10775 6982
9474 3 2 0 12 6903 8525 10776 8530
9475 3 2 0 12 8746 8780 10777 6986
9476 3 2 0 12 10747 8511 10778 10762
9477 3 2 0 12 10746 10761 10779 8510
9478 3 2 0 12 8684 10784 6980 10755
9479 3 2 0 12 8467 10730 10785 8468
9480 3 2 0 12 6651 10836 10787 9350
9481 3 2 0 12 8500 6995 10788 8562
9482 3 2 0 12 467 8617 10789 466
9483 3 2 0 12 8972 8695 10791 6965
9484 3 2 0 12 6621 7973 10799 7947
9485 3 2 0 12 282 7947 10799 281
9486 3 2 0 12 8490 10802 6384 8626
9487 3 2 0 12 8251 10810 6747 8442
9488 3 2 0 12 6374 8518 10814 8594
9489 3 2 0 12 6884 8879 8555 10815
9490 3 2 0 12 10779 10721 10817 8510
9491 3 2 0 12 10745 8510 10817 10757
9492 3 2 0 12 10778 8511 10818 10720
9493 3 2 0 12 6373 8595 10819 8517
9494 3 2 0 12 6059 9154 10823 8362
9495 3 2 0 12 8676 9330 10824 6975
9496 3 2 0 12 6945 8560 10824 9330
9497 3 2 0 12 8675 6974 10825 9329
9498 3 2 0 12 6944 9329 10825 8561
9499 3 2 0 12 7051 9785 10827 10644
9500 3 2 0 12 9563 6922 10829 8708
9501 3 2 0 12 10657 7463 10832 7563
9502 3 2 0 12 8192 7755 10833 6808
9503 3 2 0 12 6279 8408 10833 8397
9504 3 2 0 12 6269 6808 10833 8408
9505 3 2 0 12 438 10835 8645 437
9506 3 2 0 12 9648 9819 10837 9103
9507 3 2 0 12 7202 8843 10837 9819
9508 3 2 0 12 8575 9103 10837 7912
9509 3 2 0 12 9649 9102 10838 9820
9510 3 2 0 12 7201 9820 10838 8842
9511 3 2 0 12 8574 7911 10838 9102
9512 3 2 0 12 6052 10842 10773 6057
9513 3 2 0 12 10589 6386 10843 9339
9514 3 2 0 12 8761 8835 10843 6383
9515 3 2 0 12 441 10844 8535 440
9516 3 2 0 12 9695 8483 10847 8505
9517 3 2 0 12 8775 10758 10848 8477
9518 3 2 0 12 6372 10993 8685 8878
9519 3 2 0 12 7811 6190 10849 8144
9520 3 2 0 12 6782 10576 10849 6190
9521 3 2 0 12 8014 10003 10851 10628
9522 3 2 0 12 6988 9255 10856 7003
9523 3 2 0 12 6987 7004 10857 9254
9524 3 2 0 12 6971 8559 10858 8534
9525 3 2 0 12 264 8534 10858 263
9526 3 2 0 12 7018 9864 10862 8835
9527 3 2 0 12 7583 9749 10865 10329
9528 3 2 0 12 340 10329 10865 339
9529 3 2 0 12 8728 10867 6044 8632
9530 3 2 0 12 10605 6440 10870 7689
9531 3 2 0 12 7312 10557 10870 9585
9532 3 2 0 12 9444 7689 10870 10557
9533 3 2 0 12 6894 8686 10872 8596
9534 3 2 0 12 9429 7876 10873 7130
9535 3 2 0 12 9409 7130 10873 9054
9536 3 2 0 12 6387 10723 10873 7876
9537 3 2 0 12 9257 7277 10875 11261
9538 3 2 0 12 10625 7443 10882 7455
9539 3 2 0 12 6153 10885 8990 8992
9540 3 2 0 12 6155 8993 8989 10886
9541 3 2 0 12 6592 10348 10890 7666
9542 3 2 0 12 8551 10515 10892 8763
9543 3 2 0 12 9009 7053 10893 8974
9544 3 2 0 12 7010 9391 10893 7053
9545 3 2 0 12 10774 10764 10895 8639
9546 3 2 0 12 7724 8569 10896 8788
9547 3 2 0 12 6136 9152 10897 7681
9548 3 2 0 12 10029 6899 10898 8787
9549 3 2 0 12 8887 10900 10821 6979
9550 3 2 0 12 8886 6978 10822 10901
9551 3 2 0 12 8996 7504 10902 9759
9552 3 2 0 12 6495 10903 7643 10563
9553 3 2 0 12 9406 6939 10904 9029
9554 3 2 0 12 9951 9776 10906 6489
9555 3 2 0 12 10706 10906 9776 7619
9556 3 2 0 12 7616 6370 8911 10907
9557 3 2 0 12 8563 8750 6884 8749
9558 3 2 0 12 6885 9133 11236 8829
9559 3 2 0 12 8669 11236 9133 7668
9560 3 2 0 12 9425 7129 10911 7877
9561 3 2 0 12 9283 7916 10912 7409
9562 3 2 0 12 7516 10154 10917 6490
9563 3 2 0 12 6888 10920 8523 9689
9564 3 2 0 12 8567 9990 10924 8514
9565 3 2 0 12 9695 6041 10927 8483
9566 3 2 0 12 9322 6377 10684 10931
9567 3 2 0 12 7049 8890 10933 8945
9568 3 2 0 12 9636 10934 7302 9978
9569 3 2 0 12 10533 7593 10935 6495
9570 3 2 0 12 9748 10535 10935 7593
9571 3 2 0 12 165 166 7670 10936
9572 3 2 0 12 10728 10727 10939 6904
9573 3 2 0 12 7885 7691 10940 6571
9574 3 2 0 12 7807 7585 10940 7691
9575 3 2 0 12 7585 7393 6571 10940
9576 3 2 0 12 7146 9529 10942 7610
9577 3 2 0 12 6438 8925 10942 9529
9578 3 2 0 12 6321 7610 10942 7580
9579 3 2 0 12 7145 7609 10943 9528
9580 3 2 0 12 6437 9528 10943 8926
9581 3 2 0 12 6321 7581 10943 7609
9582 3 2 0 12 8518 6979 10946 10814
9583 3 2 0 12 291 292 7436 10947
9584 3 2 0 12 290 291 10947 10311
9585 3 2 0 12 6933 9272 10949 10741
9586 3 2 0 12 10806 6950 10949 9272
9587 3 2 0 12 9117 8718 10950 7019
9588 3 2 0 12 9116 7020 10951 8719
9589 3 2 0 12 8503 9199 6934 10952
9590 3 2 0 12 465 466 10789 10953
9591 3 2 0 12 10130 9144 10954 9898
9592 3 2 0 12 7246 9670 10954 9144
9593 3 2 0 12 7653 9899 10955 9143
9594 3 2 0 12 7245 9143 10955 9671
9595 3 2 0 12 9098 8577 10957 6336
9596 3 2 0 12 6985 10960 8793 8918
9597 3 2 0 12 6383 10961 6367 8761
9598 3 2 0 12 8517 10819 10962 6978
9599 3 2 0 12 7298 10963 10432 7227
9600 3 2 0 12 10700 6560 10968 7374
9601 3 2 0 12 7118 9309 9040 10969
9602 3 2 0 12 7061 10970 8542 8745
9603 3 2 0 12 10882 6168 10971 7455
9604 3 2 0 12 295 6684 10972 294
9605 3 2 0 12 9259 10973 6145 8984
9606 3 2 0 12 9862 6159 10973 9259
9607 3 2 0 12 9260 8985 6149 10974
9608 3 2 0 12 9861 9260 10974 6175
9609 3 2 0 12 8720 7071 10976 8809
9610 3 2 0 12 9042 8974 10980 8889
9611 3 2 0 12 6889 6166 10981 9244
9612 3 2 0 12 7033 9244 10981 8892
9613 3 2 0 12 6890 9245 10982 6173
9614 3 2 0 12 7032 8891 10982 9245
9615 3 2 0 12 10576 10575 10983 7218
9616 3 2 0 12 457 8766 10984 456
9617 3 2 0 12 6984 8585 10984 8766
9618 3 2 0 12 8548 6958 10988 8817
9619 3 2 0 12 8687 8970 10988 6958
9620 3 2 0 12 8569 6333 10990 8831
9621 3 2 0 12 6891 9859 10990 8865
9622 3 2 0 12 8180 8865 10990 6333
9623 3 2 0 12 6892 8831 10990 9859
9624 3 2 0 12 410 411 8246 10992
9625 3 2 0 12 409 410 10992 8181
9626 3 2 0 12 10994 6056 10995 6868
9627 3 2 0 12 9057 6957 10996 8586
9628 3 2 0 12 8933 10997 9063 8680
9629 3 2 0 12 10298 7275 10998 8907
9630 3 2 0 12 10036 7379 10998 9581
9631 3 2 0 12 8932 8907 10998 7379
9632 3 2 0 12 10409 9581 10998 7275
9633 3 2 0 12 10297 8906 10999 7274
9634 3 2 0 12 10035 9580 10999 7378
9635 3 2 0 12 8931 7378 10999 8906
9636 3 2 0 12 10408 7274 10999 9580
9637 3 2 0 12 7966 6517 11002 7530
9638 3 2 0 12 8137 7530 11002 7512
9639 3 2 0 12 7668 11007 7461 9834
9640 3 2 0 12 6895 9480 8486 11009
9641 3 2 0 12 8647 9233 11011 6158
9642 3 2 0 12 8648 6174 11012 9232
9643 3 2 0 12 7962 9148 11014 8721
9644 3 2 0 12 9117 7019 11014 9148
9645 3 2 0 12 6377 9370 11015 10684
9646 3 2 0 12 10893 9391 10684 11015
9647 3 2 0 12 9518 7288 11018 7799
9648 3 2 0 12 7444 11018 7288 10018
9649 3 2 0 12 6041 8482 11019 9033
9650 3 2 0 12 8479 7034 9033 11019
9651 3 2 0 12 7070 8833 11021 8633
9652 3 2 0 12 7058 9453 11021 8833
9653 3 2 0 12 6150 9280 11023 10434
9654 3 2 0 12 6151 10435 11024 9279
9655 3 2 0 12 10789 8832 6932 11026
9656 3 2 0 12 9025 6374 11028 6390
9657 3 2 0 12 6378 9364 11028 6374
9658 3 2 0 12 9322 9539 11031 8595
9659 3 2 0 12 9262 8594 11032 9526
9660 3 2 0 12 8745 11035 6371 8540
9661 3 2 0 12 8658 8668 11037 6994
9662 3 2 0 12 8976 6994 11037 6961
9663 3 2 0 12 8442 6787 11041 8251
9664 3 2 0 12 6286 6689 11041 6787
9665 3 2 0 12 7647 7909 11042 6621
9666 3 2 0 12 6667 10666 11042 7909
9667 3 2 0 12 7583 8249 11048 9749
9668 3 2 0 12 8878 6398 11054 6372
9669 3 2 0 12 8199 8337 11057 9595
9670 3 2 0 12 9785 6345 9595 11057
9671 3 2 0 12 8200 9596 11058 8336
9672 3 2 0 12 9858 6344 11058 9596
9673 3 2 0 12 7617 7982 11061 7526
9674 3 2 0 12 7969 7526 11061 7557
9675 3 2 0 12 7557 11061 7982 6644
9676 3 2 0 12 9933 7661 11062 7354
9677 3 2 0 12 10592 9849 11062 7450
9678 3 2 0 12 6528 7450 11062 7661
9679 3 2 0 12 7788 7354 11062 9849
9680 3 2 0 12 8656 7852 11065 7914
9681 3 2 0 12 8638 9055 11065 7852
9682 3 2 0 12 10464 7843 11067 6484
9683 3 2 0 12 7329 10181 11067 7187
9684 3 2 0 12 7426 6484 11067 10181
9685 3 2 0 12 6644 7187 11067 7843
9686 3 2 0 12 8850 6987 11069 6989
9687 3 2 0 12 11050 8704 11069 8640
9688 3 2 0 12 9254 8640 11069 6987
9689 3 2 0 12 10168 6989 11069 8704
9690 3 2 0 12 8851 6990 11070 6988
9691 3 2 0 12 10167 8705 11070 6990
9692 3 2 0 12 10140 7806 11071 6505
9693 3 2 0 12 6740 10681 11071 7591
9694 3 2 0 12 7902 6505 11071 10681
9695 3 2 0 12 7946 7591 11071 7806
9696 3 2 0 12 8241 8288 11073 6068
9697 3 2 0 12 8519 11074 6892 8739
9698 3 2 0 12 8508 8855 11078 6421
9699 3 2 0 12 9408 8513 8618 11438
9700 3 2 0 12 6510 11084 7497 10697
9701 3 2 0 12 10758 6883 11090 8562
9702 3 2 0 12 8742 8500 8562 11090
9703 3 2 0 12 7323 10092 11092 9902
9704 3 2 0 12 6139 11092 10092 8439
9705 3 2 0 12 8895 9188 11093 7021
9706 3 2 0 12 9937 8627 11095 7005
9707 3 2 0 12 10957 8490 11095 8627
9708 3 2 0 12 6874 6315 6324 8380
9709 3 2 0 12 6310 8380 6324 6860
9710 3 2 0 12 7311 9150 11098 7168
9711 3 2 0 12 8112 9678 7096 11099
9712 3 2 0 12 7810 9468 8915 11100
9713 3 2 0 12 6485 7592 7289 11102
9714 3 2 0 12 10902 6485 11102 9759
9715 3 2 0 12 413 414 11105 8018
9716 3 2 0 12 8308 8018 11105 6681
9717 3 2 0 12 8673 11339 9335 7037
9718 3 2 0 12 8672 7038 9336 11338
9719 3 2 0 12 262 8805 11107 261
9720 3 2 0 12 7868 7960 11108 6132
9721 3 2 0 12 6153 8992 11108 7960
9722 3 2 0 12 7869 6133 11109 7959
9723 3 2 0 12 6155 7959 11109 8993
9724 3 2 0 12 6412 8749 11110 8668
9725 3 2 0 12 7269 9885 11113 8984
9726 3 2 0 12 7116 9259 8984 11113
9727 3 2 0 12 7270 8985 11114 9886
9728 3 2 0 12 7117 11114 8985 9260
9729 3 2 0 12 247 248 11115 8765
9730 3 2 0 12 6983 8765 11115 8584
9731 3 2 0 12 9819 7177 11116 7202
9732 3 2 0 12 7939 10760 11116 8950
9733 3 2 0 12 7431 8950 11116 7177
9734 3 2 0 12 9070 7202 11116 10760
9735 3 2 0 12 9820 7201 11117 7176
9736 3 2 0 12 7940 8949 11117 10759
9737 3 2 0 12 7430 7176 11117 8949
9738 3 2 0 12 9071 10759 11117 7201
9739 3 2 0 12 8567 6043 11119 9990
9740 3 2 0 12 9226 6042 11119 8728
9741 3 2 0 12 6915 8547 11120 8839
9742 3 2 0 12 7498 10554 11121 6465
9743 3 2 0 12 7170 7615 11121 10554
9744 3 2 0 12 10681 7479 11123 6503
9745 3 2 0 12 6517 7966 11123 7627
9746 3 2 0 12 7749 6503 11123 7966
9747 3 2 0 12 10376 7627 11123 7479
9748 3 2 0 12 8723 6347 11125 10411
9749 3 2 0 12 8610 6898 11127 8480
9750 3 2 0 12 6747 10810 11128 8339
9751 3 2 0 12 10027 7541 11129 9324
9752 3 2 0 12 10434 9324 11129 6150
9753 3 2 0 12 10026 9325 11130 7542
9754 3 2 0 12 10435 6151 11130 9325
9755 3 2 0 12 7726 10579 11131 6368
9756 3 2 0 12 8112 6368 11131 9678
9757 3 2 0 12 7202 9070 11132 7209
9758 3 2 0 12 7201 7208 11133 9071
9759 3 2 0 12 7940 6161 11020 9298
9760 3 2 0 12 9298 11020 8804 9059
9761 3 2 0 12 7939 9299 11134 6171
9762 3 2 0 12 9299 9060 8803 11134
9763 3 2 0 12 8794 6937 11136 6966
9764 3 2 0 12 8582 9082 9019 11137
9765 3 2 0 12 7656 7466 11138 6197
9766 3 2 0 12 6574 7613 11138 10551
9767 3 2 0 12 7706 6197 11138 7613
9768 3 2 0 12 10000 10551 11138 7466
9769 3 2 0 12 6839 6301 11139 6295
9770 3 2 0 12 209 210 6295 11139
9771 3 2 0 12 208 209 11139 6301
9772 3 2 0 12 6194 7654 11141 7454
9773 3 2 0 12 6530 7719 11141 7654
9774 3 2 0 12 9631 7548 11144 9440
9775 3 2 0 12 7754 7294 11146 10371
9776 3 2 0 12 8606 7912 11151 6129
9777 3 2 0 12 10837 8843 11151 7912
9778 3 2 0 12 8605 6122 11152 7911
9779 3 2 0 12 10838 7911 11152 8842
9780 3 2 0 12 6455 7608 11153 7550
9781 3 2 0 12 260 11155 8916 259
9782 3 2 0 12 6971 6985 11159 8559
9783 3 2 0 12 8221 6705 11162 8318
9784 3 2 0 12 8321 6721 11162 6705
9785 3 2 0 12 6721 6093 8318 11162
9786 3 2 0 12 8552 9097 11164 8764
9787 3 2 0 12 11147 8764 11164 10377
9788 3 2 0 12 6960 11166 8604 8878
9789 3 2 0 12 8795 6967 11168 6938
9790 3 2 0 12 7676 7731 11169 7584
9791 3 2 0 12 6339 8147 8820 6970
9792 3 2 0 12 6338 6969 11170 8146
9793 3 2 0 12 6877 6760 11174 6109
9794 3 2 0 12 6178 10333 11175 10370
9795 3 2 0 12 8806 8531 8646 11178
9796 3 2 0 12 7460 8201 6118 11179
9797 3 2 0 12 7459 11180 6117 8202
9798 3 2 0 12 10235 11181 7495 10502
9799 3 2 0 12 8609 8479 11184 6899
9800 3 2 0 12 8208 6143 11185 7390
9801 3 2 0 12 8209 7389 11186 6144
9802 3 2 0 12 6336 10957 8627 11187
9803 3 2 0 12 7322 9903 8182 10106
9804 3 2 0 12 6142 8438 10106 8182
9805 3 2 0 12 8137 6625 11188 7530
9806 3 2 0 12 7308 7749 11188 10564
9807 3 2 0 12 7966 7530 11188 7749
9808 3 2 0 12 7565 10564 11188 6625
9809 3 2 0 12 9026 6389 11189 6373
9810 3 2 0 12 6377 6373 11189 9370
9811 3 2 0 12 8901 11191 8736 8629
9812 3 2 0 12 7550 11193 10610 6455
9813 3 2 0 12 9720 8646 11193 7550
9814 3 2 0 12 8580 6337 11195 11010
9815 3 2 0 12 6401 7701 11199 9476
9816 3 2 0 12 7249 9641 11199 10511
9817 3 2 0 12 6361 10511 11199 7701
9818 3 2 0 12 7140 9476 11199 9641
9819 3 2 0 12 9813 8536 11200 7851
9820 3 2 0 12 9912 8789 11203 8625
9821 3 2 0 12 9565 8625 11203 8598
9822 3 2 0 12 9746 6480 11205 7573
9823 3 2 0 12 10569 7573 11205 7773
9824 3 2 0 12 7618 9447 11205 6480
9825 3 2 0 12 8498 6045 10626 11208
9826 3 2 0 12 7777 11045 11212 6569
9827 3 2 0 12 10307 7644 6569 11212
9828 3 2 0 12 10556 10307 11212 11045
9829 3 2 0 12 6286 6787 11213 8257
9830 3 2 0 12 7844 8489 8470 11214
9831 3 2 0 12 7584 11169 6574 7458
9832 3 2 0 12 8774 11219 8855 7844
9833 3 2 0 12 6359 11008 11219 8774
9834 3 2 0 12 6734 10386 11221 6750
9835 3 2 0 12 7945 6583 11222 6566
9836 3 2 0 12 8292 7670 11222 6583
9837 3 2 0 12 7670 8008 6566 11222
9838 3 2 0 12 6395 6392 11224 10602
9839 3 2 0 12 9558 8748 11224 6392
9840 3 2 0 12 8841 8565 11226 6119
9841 3 2 0 12 7536 7760 6067 11227
9842 3 2 0 12 6561 7536 11227 7555
9843 3 2 0 12 6132 9895 11230 7905
9844 3 2 0 12 6133 7906 11231 10410
9845 3 2 0 12 8406 11232 6191 6776
9846 3 2 0 12 6375 11233 7876 9429
9847 3 2 0 12 7035 8610 8480 11235
9848 3 2 0 12 6905 11236 8669 8762
9849 3 2 0 12 6672 11239 10569 7773
9850 3 2 0 12 11093 8683 11240 8767
9851 3 2 0 12 6366 8767 11240 10615
9852 3 2 0 12 8503 9229 11241 9199
9853 3 2 0 12 8617 8509 11241 10883
9854 3 2 0 12 8832 10883 11241 9229
9855 3 2 0 12 7615 6511 7736 11242
9856 3 2 0 12 7888 11243 7608 7630
9857 3 2 0 12 7655 6665 11243 7888
9858 3 2 0 12 6402 9481 11245 7702
9859 3 2 0 12 7250 10503 11245 9659
9860 3 2 0 12 6362 7702 11245 10503
9861 3 2 0 12 7141 9659 11245 9481
9862 3 2 0 12 7063 9954 11246 10561
9863 3 2 0 12 6168 7112 11247 7002
9864 3 2 0 12 11170 6969 11248 6974
9865 3 2 0 12 6338 9398 11248 6969
9866 3 2 0 12 8820 6975 11249 6970
9867 3 2 0 12 6339 6970 11249 9399
9868 3 2 0 12 9847 6982 10775 11250
9869 3 2 0 12 6145 10973 6159 9160
9870 3 2 0 12 6149 9159 6175 10974
9871 3 2 0 12 7916 6638 8437 10912
9872 3 2 0 12 7409 10912 8437 6658
9873 3 2 0 12 8831 6892 11052 10987
9874 3 2 0 12 7818 11053 7752 6618
9875 3 2 0 12 10597 7752 11053 7226
9876 3 2 0 12 7168 11098 7337 10631
9877 3 2 0 12 6665 11153 7608 11243
9878 3 2 0 12 7429 11045 7777 10531
9879 3 2 0 12 7243 11182 11042 10666
9880 3 2 0 12 6621 11042 11182 7973
9881 3 2 0 12 297 11022 8096 296
9882 3 2 0 12 7633 8346 10855 6636
9883 3 2 0 12 8168 8104 10855 8346
9884 3 2 0 12 7548 8248 8899 11144
9885 3 2 0 12 6689 6650 11124 11041
9886 3 2 0 12 6710 8251 11041 11124
9887 3 2 0 12 6760 6104 6769 11174
9888 3 2 0 12 6109 11174 6769 8268
9889 3 2 0 12 8456 7512 11002 6546
9890 3 2 0 12 6517 8310 6546 11002
9891 3 2 0 12 9672 6167 11018 7444
9892 3 2 0 12 10452 7799 11018 6167
9893 3 2 0 12 6068 11073 8085 7795
9894 3 2 0 12 10156 7265 10852 9447
9895 3 2 0 12 11205 9447 10852 7773
9896 3 2 0 12 8125 6068 11163 6712
9897 3 2 0 12 7950 11163 6068 7795
9898 3 2 0 12 201 11237 10941 200
9899 3 2 0 12 442 10871 10844 441
9900 3 2 0 12 6388 6372 11054 11036
9901 3 2 0 12 263 10858 8805 262
9902 3 2 0 12 11159 8805 10858 8559
9903 3 2 0 12 8514 11118 8596 8567
9904 3 2 0 12 6334 10661 8568 11225
9905 3 2 0 12 8490 10957 8577 10802
9906 3 2 0 12 8492 11087 8580 11010
9907 3 2 0 12 8789 6996 9002 11203
9908 3 2 0 12 6925 8598 11203 9002
9909 3 2 0 12 8075 11438 8618 9816
9910 3 2 0 12 6913 10989 8623 9359
9911 3 2 0 12 6957 10774 8639 10996
9912 3 2 0 12 267 11196 10839 266
9913 3 2 0 12 10767 10839 11196 8644
9914 3 2 0 12 8918 8658 6994 11047
9915 3 2 0 12 6977 11029 8685 10993
9916 3 2 0 12 8983 11025 11016 6931
9917 3 2 0 12 8799 8712 8732 11051
9918 3 2 0 12 6950 10806 10907 8911
9919 3 2 0 12 6396 7616 10907 11091
9920 3 2 0 12 8753 8784 10952 6934
9921 3 2 0 12 9976 8727 10952 8784
9922 3 2 0 12 6876 10853 8741 6053
9923 3 2 0 12 8542 6381 11035 8745
9924 3 2 0 12 10602 11224 8114 6380
9925 3 2 0 12 9306 11110 8749 6884
9926 3 2 0 12 7021 11093 8767 7012
9927 3 2 0 12 9752 11103 8675 6357
9928 3 2 0 12 6974 8675 11103 11170
9929 3 2 0 12 9751 6358 8676 11104
9930 3 2 0 12 6975 8820 11104 8676
9931 3 2 0 12 6905 10736 8829 11236
9932 3 2 0 12 10843 6386 11120 6383
9933 3 2 0 12 10589 8839 11120 6386
9934 3 2 0 12 6359 7943 11078 11008
9935 3 2 0 12 11219 11008 11078 8855
9936 3 2 0 12 9621 8872 10925 10374
9937 3 2 0 12 7580 10942 8925 7114
9938 3 2 0 12 7581 7115 8926 10943
9939 3 2 0 12 8694 6964 10766 10790
9940 3 2 0 12 10721 8951 10790 10766
9941 3 2 0 12 6965 10791 8952 10765
9942 3 2 0 12 8799 11051 9027 8965
9943 3 2 0 12 261 11107 11155 260
9944 3 2 0 12 8916 11155 11107 8976
9945 3 2 0 12 9033 11033 10927 6041
9946 3 2 0 12 6903 11013 10823 9061
9947 3 2 0 12 10071 6062 10856 9255
9948 3 2 0 12 6995 10871 9263 10788
9949 3 2 0 12 8668 11110 9306 11037
9950 3 2 0 12 8146 11170 11103 9438
9951 3 2 0 12 8147 9439 11104 8820
9952 3 2 0 12 10575 7256 11094 10983
9953 3 2 0 12 6445 9455 10983 11094
9954 3 2 0 12 8502 6912 10057 11082
9955 3 2 0 12 8634 8501 11086 6911
9956 3 2 0 12 8716 6911 11086 10058
9957 3 2 0 12 7844 11214 6413 10073
9958 3 2 0 12 8514 6956 10174 11118
9959 3 2 0 12 7643 10903 10240 10522
9960 3 2 0 12 9886 8892 10981 7270
9961 3 2 0 12 9885 7269 10982 8891
9962 3 2 0 12 7951 10020 11146 7294
9963 3 2 0 12 7232 10300 11146 10020
9964 3 2 0 12 7436 7475 10311 10947
9965 3 2 0 12 9097 8580 6385 11164
9966 3 2 0 12 8524 10377 11164 6385
9967 3 2 0 12 10411 11125 6341 9420
9968 3 2 0 12 9286 10535 9748 10891
9969 3 2 0 12 8626 7008 11095 8490
9970 3 2 0 12 7005 11095 7008 10540
9971 3 2 0 12 7734 6490 10917 7649
9972 3 2 0 12 7638 10651 7649 10917
9973 3 2 0 12 6560 7588 10704 10968
9974 3 2 0 12 7924 9908 11156 6607
9975 3 2 0 12 7330 10479 6607 11156
9976 3 2 0 12 9909 6608 10478 11160
9977 3 2 0 12 278 11101 9551 277
9978 3 2 0 12 8487 6919 9442 11038
9979 3 2 0 12 8478 8583 6961 11079
9980 3 2 0 12 11037 9306 11079 6961
9981 3 2 0 12 8683 11093 9188 10967
9982 3 2 0 12 6929 9688 11198 8692
9983 3 2 0 12 8811 8589 11197 9689
9984 3 2 0 12 9438 11103 9752 6405
9985 3 2 0 12 9439 6406 9751 11104
9986 3 2 0 12 6139 8183 9902 11092
9987 3 2 0 12 6044 10872 8686 8678
9988 3 2 0 12 8983 6931 11031 9539
9989 3 2 0 12 8832 9526 11032 6932
9990 3 2 0 12 10628 10851 7726 6368
9991 3 2 0 12 9030 7030 10851 10003
9992 3 2 0 12 8642 9678 11131 7023
9993 3 2 0 12 9222 7023 11131 10579
9994 3 2 0 12 9215 7137 11068 9358
9995 3 2 0 12 9483 10663 11068 7137
9996 3 2 0 12 11159 11047 11107 8805
9997 3 2 0 12 6994 8976 11107 11047
9998 3 2 0 12 6971 8534 10770 10793
9999 3 2 0 12 8532 10892 10515 8474
10000 3 2 0 12 7120 10787 424 425
10001 3 2 0 12 423 424 10787 10836
10002 3 2 0 12 8617 10883 8832 10789
10003 3 2 0 12 6489 10906 10706 7560
10004 3 2 0 12 7247 10368 6187 10861
10005 3 2 0 12 6149 8985 7270 10913
10006 3 2 0 12 6145 10914 7269 8984
10007 3 2 0 12 8878 8685 11029 6960
10008 3 2 0 12 8684 10792 8877 10854
10009 3 2 0 12 10186 7717 11084 6510
10010 3 2 0 12 7497 11084 7717 10456
10011 3 2 0 12 9879 6445 11094 7680
10012 3 2 0 12 7256 9632 7680 11094
10013 3 2 0 12 7773 10852 8032 6672
10014 3 2 0 12 7265 10532 8032 10852
10015 3 2 0 12 6043 10867 8728 11119
10016 3 2 0 12 7939 6171 9070 10760
10017 3 2 0 12 7940 10759 9071 6161
10018 3 2 0 12 9133 6407 11007 7668
10019 3 2 0 12 10009 7461 11007 7672
10020 3 2 0 12 7112 6168 10882 6126
10021 3 2 0 12 7443 9980 6126 10882
10022 3 2 0 12 164 165 10936 8235
10023 3 2 0 12 7670 10461 8235 10936
10024 3 2 0 12 8646 7050 10610 11193
10025 3 2 0 12 10300 7597 10042 11146
10026 3 2 0 12 10711 7302 10934 7206
10027 3 2 0 12 8645 8475 10880 10729
10028 3 2 0 12 7429 10164 10556 11045
10029 3 2 0 12 9864 7011 7054 10862
10030 3 2 0 12 10752 9339 10862 7054
10031 3 2 0 12 8835 10862 9339 10843
10032 3 2 0 12 7116 11113 9885 7072
10033 3 2 0 12 9988 7073 11114 7117
10034 3 2 0 12 8852 8076 9314 11161
10035 3 2 0 12 9659 7141 11100 8915
10036 3 2 0 12 7810 11100 7141 9978
10037 3 2 0 12 10651 10599 7387 7395
10038 3 2 0 12 8387 6706 11063 6255
10039 3 2 0 12 9449 6902 10346 11006
10040 3 2 0 12 10983 9455 11223 7218
10041 3 2 0 12 9713 10115 11218 7380
10042 3 2 0 12 7240 11218 10115 10255
10043 3 2 0 12 9350 7343 11175 6651
10044 3 2 0 12 10333 9165 6651 11175
10045 3 2 0 12 8802 10831 6407 8341
10046 3 2 0 12 8802 7191 7672 10831
10047 3 2 0 12 416 417 10884 7899
10048 3 2 0 12 10736 10722 10725 8471
10049 3 2 0 12 8952 10750 10778 10720
10050 3 2 0 12 8952 10720 10818 10765
10051 3 2 0 12 8561 10817 10721 10766
10052 3 2 0 12 9054 10873 10723 10755
10053 3 2 0 12 6995 8864 10840 10871
10054 3 2 0 12 8462 10801 10748 10724
10055 3 2 0 12 10801 8530 10776 10748
10056 3 2 0 12 8460 10734 10939 10727
10057 3 2 0 12 10905 10769 10728 8496
10058 3 2 0 12 8460 10727 10728 10769
10059 3 2 0 12 10734 8725 10785 10939
10060 3 2 0 12 6904 10939 10785 10730
10061 3 2 0 12 10758 8562 10788 10848
10062 3 2 0 12 9263 10732 10848 10788
10063 3 2 0 12 10764 10803 10763 8942
10064 3 2 0 12 6950 8476 10782 10949
10065 3 2 0 12 8512 10741 10949 10782
10066 3 2 0 12 10824 10756 11249 6975
10067 3 2 0 12 9399 11249 10756 10744
10068 3 2 0 12 10825 6974 11248 10757
10069 3 2 0 12 9398 10745 10757 11248
10070 3 2 0 12 8510 10745 10876 10746
10071 3 2 0 12 6056 10761 10746 10995
10072 3 2 0 12 6056 10994 10747 10762
10073 3 2 0 12 8945 10933 10771 10752
10074 3 2 0 12 8465 10887 10869 10753
10075 3 2 0 12 8571 10888 10754 10868
10076 3 2 0 12 10765 10818 10824 8560
10077 3 2 0 12 8511 10756 10824 10818
10078 3 2 0 12 8561 10825 10757 10817
10079 3 2 0 12 6056 10762 10778 10761
10080 3 2 0 12 8870 10803 10764 10774
10081 3 2 0 12 239 10928 11066 238
10082 3 2 0 12 8462 10773 10842 10813
10083 3 2 0 12 8645 10835 10780 10775
10084 3 2 0 12 6977 10993 11044 8582
10085 3 2 0 12 8594 10814 10946 11032
10086 3 2 0 12 8595 11031 10962 10819
10087 3 2 0 12 6979 10821 10859 10946
10088 3 2 0 12 6978 10962 10860 10822
10089 3 2 0 12 10374 10925 10986 8272
10090 3 2 0 12 10373 8271 10985 10926
10091 3 2 0 12 8974 10893 11015 10980
10092 3 2 0 12 6383 11120 11183 10961
10093 3 2 0 12 6052 8362 10823 10842
10094 3 2 0 12 6185 11229 7611 9946
10095 3 2 0 12 8491 10828 10894 10929
10096 3 2 0 12 7339 9971 10468 7705
10097 3 2 0 12 10323 10530 10468 9971
10098 3 2 0 12 6059 8362 6052 11055
10099 3 2 0 12 8491 6059 11055 10828
10100 3 2 0 12 6472 10599 10651 7638
10101 3 2 0 12 10478 7503 6177 11160
10102 3 2 0 12 8015 9211 11160 6177
10103 3 2 0 12 7330 11156 9212 6176
10104 3 2 0 12 7163 7060 9611 11177
10105 3 2 0 12 7128 7163 11177 10143
10106 3 2 0 12 7592 6485 10979 7570
10107 3 2 0 12 10546 7570 10979 6493
10108 3 2 0 12 9879 10451 10923 6445
10109 3 2 0 12 10354 7513 11223 10923
10110 3 2 0 12 6445 10923 11223 9455
10111 3 2 0 12 8725 10894 10830 10785
10112 3 2 0 12 6934 9199 11241 11142
10113 3 2 0 12 7603 11000 6457 9827
10114 3 2 0 12 7237 9666 6501 11143
10115 3 2 0 12 9689 11197 10058 6888
10116 3 2 0 12 8716 10058 11197 8546
10117 3 2 0 12 8717 8545 11198 10057
10118 3 2 0 12 7640 11150 8051 6565
10119 3 2 0 12 315 8051 11150 314
10120 3 2 0 12 8153 11194 8825 8782
10121 3 2 0 12 6380 8825 11194 10602
10122 3 2 0 12 8153 6395 10602 11194
10123 3 2 0 12 6422 10905 8496 10256
10124 3 2 0 12 281 10799 11046 280
10125 3 2 0 12 11182 11046 10799 7973
10126 3 2 0 12 7360 9911 8790 10975
10127 3 2 0 12 7260 7360 10975 6573
10128 3 2 0 12 8544 7153 9347 11211
10129 3 2 0 12 9347 6396 7972 11211
10130 3 2 0 12 10967 8544 11211 8683
10131 3 2 0 12 6396 11091 11083 7972
10132 3 2 0 12 10806 8516 11091 10907
10133 3 2 0 12 6903 8530 10801 11013
10134 3 2 0 12 8462 10813 11013 10801
10135 3 2 0 12 6371 10792 10723 6387
10136 3 2 0 12 10755 10723 10792 8684
10137 3 2 0 12 6472 7638 11056 10175
10138 3 2 0 12 10154 11056 7638 10917
10139 3 2 0 12 10413 10011 11001 7516
10140 3 2 0 12 10546 6493 10428 10524
10141 3 2 0 12 8817 8764 11147 8548
10142 3 2 0 12 10377 8486 8548 11147
10143 3 2 0 12 6651 9165 10805 10836
10144 3 2 0 12 422 423 10836 10805
10145 3 2 0 12 8160 6938 11168 8590
10146 3 2 0 12 8161 8581 11136 6937
10147 3 2 0 12 6750 11221 8126 6250
10148 3 2 0 12 6688 8126 11221 7858
10149 3 2 0 12 8043 8112 11099 10243
10150 3 2 0 12 10903 6495 10935 10240
10151 3 2 0 12 10528 10240 10935 7272
10152 3 2 0 12 270 8942 10763 269
10153 3 2 0 12 269 10763 10807 268
10154 3 2 0 12 8555 8478 11079 10815
10155 3 2 0 12 6884 10815 11079 9306
10156 3 2 0 12 9617 6926 6897 11004
10157 3 2 0 12 10125 6515 11017 7552
10158 3 2 0 12 7552 11017 7157 9741
10159 3 2 0 12 7182 7188 9155 11158
10160 3 2 0 12 6132 11108 7076 9895
10161 3 2 0 12 8992 6959 7076 11108
10162 3 2 0 12 6133 10410 7077 11109
10163 3 2 0 12 8993 11109 7077 9540
10164 3 2 0 12 414 415 7804 11105
10165 3 2 0 12 8011 6681 11105 7804
10166 3 2 0 12 6171 7866 11132 9070
10167 3 2 0 12 7209 11132 9201 7142
10168 3 2 0 12 6172 9201 11132 7866
10169 3 2 0 12 6161 9071 11133 7865
10170 3 2 0 12 7208 9686 9200 11133
10171 3 2 0 12 6160 7865 11133 9200
10172 3 2 0 12 8534 264 265 10770
10173 3 2 0 12 266 10839 10770 265
10174 3 2 0 12 273 11030 10895 272
10175 3 2 0 12 8639 10895 11030 10735
10176 3 2 0 12 268 10807 11196 267
10177 3 2 0 12 10763 8532 10733 10807
10178 3 2 0 12 8644 11196 10807 10733
10179 3 2 0 12 248 249 9216 11115
10180 3 2 0 12 8584 11115 9216 8537
10181 3 2 0 12 10796 8512 10899 10742
10182 3 2 0 12 6843 184 185 10932
10183 3 2 0 12 186 6724 10932 185
10184 3 2 0 12 6843 10932 6724 6229
10185 3 2 0 12 456 10984 9190 455
10186 3 2 0 12 8585 8533 9190 10984
10187 3 2 0 12 440 8535 10780 439
10188 3 2 0 12 10835 438 439 10780
10189 3 2 0 12 7735 293 294 10972
10190 3 2 0 12 6684 7750 7735 10972
10191 3 2 0 12 8478 8555 8654 10921
10192 3 2 0 12 10201 6946 11097 8845
10193 3 2 0 12 9538 10067 10365 10536
10194 3 2 0 12 9537 10537 10364 10396
10195 3 2 0 12 8475 10514 6949 10880
10196 3 2 0 12 10729 10880 10738 8631
10197 3 2 0 12 8970 10738 10880 10988
10198 3 2 0 12 6949 8817 10988 10880
10199 3 2 0 12 10377 8524 11009 8486
10200 3 2 0 12 6895 11009 11204 8520
10201 3 2 0 12 10864 7877 10911 6388
10202 3 2 0 12 7129 9082 8582 10911
10203 3 2 0 12 8582 11044 6388 10911
10204 3 2 0 12 8712 8799 10608 10526
10205 3 2 0 12 10469 6497 10526 10608
10206 3 2 0 12 7191 11072 11006 10346
10207 3 2 0 12 9449 11006 11072 9169
10208 3 2 0 12 6375 9012 8549 11233
10209 3 2 0 12 10256 10517 11190 6422
10210 3 2 0 12 10517 9617 11004 11190
10211 3 2 0 12 10810 8251 6710 11128
10212 3 2 0 12 6388 11036 8550 10864
10213 3 2 0 12 9205 8550 11036 8541
10214 3 2 0 12 9033 7034 10626 11033
10215 3 2 0 12 8587 9848 11234 6981
10216 3 2 0 12 6985 6971 6942 10960
10217 3 2 0 12 8793 10960 6942 11148
10218 3 2 0 12 10432 10902 7504 7361
10219 3 2 0 12 6485 10902 10432 10979
10220 3 2 0 12 8648 9232 9211 9031
10221 3 2 0 12 9211 9232 9909 11160
10222 3 2 0 12 10003 9212 9233 9030
10223 3 2 0 12 9212 11156 9908 9233
10224 3 2 0 12 6372 6388 11044 10993
10225 3 2 0 12 9217 10607 10008 10039
10226 3 2 0 12 6778 10731 494 495
10227 3 2 0 12 493 494 10731 6699
10228 3 2 0 12 200 10941 6296 199
10229 3 2 0 12 8296 6794 6296 10941
10230 3 2 0 12 7630 7608 7784 10698
10231 3 2 0 12 10672 9393 10539 9451
10232 3 2 0 12 9393 10326 9424 10539
10233 3 2 0 12 8127 6684 8096 7755
10234 3 2 0 12 7755 8096 8397 10833
10235 3 2 0 12 9340 10553 10301 10607
10236 3 2 0 12 10961 11183 8727 6367
10237 3 2 0 12 10952 8727 11183 8503
10238 3 2 0 12 11120 8547 8503 11183
10239 3 2 0 12 8052 10930 11182 7243
10240 3 2 0 12 8483 8480 11127 10847
10241 3 2 0 12 6971 10793 11234 6942
10242 3 2 0 12 6117 11180 9148 7962
10243 3 2 0 12 9148 11180 6923 9117
10244 3 2 0 12 9153 6366 11154 10931
10245 3 2 0 12 6340 7233 8845 11097
10246 3 2 0 12 10905 6422 10948 7903
10247 3 2 0 12 9029 11030 10315 7472
10248 3 2 0 12 10315 11030 273 274
10249 3 2 0 12 8471 10781 8520 6885
10250 3 2 0 12 7386 9543 10257 6669
10251 3 2 0 12 9543 7350 7617 10257
10252 3 2 0 12 8740 8487 8467 10751
10253 3 2 0 12 6376 10864 8550 9011
10254 3 2 0 12 7877 10864 6376 9425
10255 3 2 0 12 8144 10849 11122 10241
10256 3 2 0 12 10849 10576 7218 11122
10257 3 2 0 12 7458 6574 10551 10621
10258 3 2 0 12 9869 10183 10621 10162
10259 3 2 0 12 10000 10162 10621 10551
10260 3 2 0 12 7402 6178 10370 10559
10261 3 2 0 12 6529 10241 11122 7513
10262 3 2 0 12 7513 11122 7218 11223
10263 3 2 0 12 8779 10146 10401 7997
10264 3 2 0 12 7400 8276 10401 10146
10265 3 2 0 12 8778 7996 10402 10147
10266 3 2 0 12 7401 10147 10402 8275
10267 3 2 0 12 9664 11064 10428 7298
10268 3 2 0 12 9586 7335 11064 9664
10269 3 2 0 12 10143 11177 7907 10198
10270 3 2 0 12 8661 10749 10198 7907
10271 3 2 0 12 10345 7315 11001 10011
10272 3 2 0 12 7315 9343 9234 11001
10273 3 2 0 12 9691 7506 10242 7165
10274 3 2 0 12 7165 10242 9802 9052
10275 3 2 0 12 9002 6996 10967 9188
10276 3 2 0 12 6996 8900 8544 10967
10277 3 2 0 12 300 8117 10841 299
10278 3 2 0 12 9620 7923 11012 6130
10279 3 2 0 12 8932 6130 11012 6174
10280 3 2 0 12 9232 11012 7923 9909
10281 3 2 0 12 9619 6121 11011 7924
10282 3 2 0 12 8931 6158 11011 6121
10283 3 2 0 12 9233 9908 7924 11011
10284 3 2 0 12 8173 10653 10600 7775
10285 3 2 0 12 7395 7834 10600 10653
10286 3 2 0 12 9761 10462 10700 9697
10287 3 2 0 12 6560 10700 10462 10487
10288 3 2 0 12 6756 8410 8441 6746
10289 3 2 0 12 8307 8389 6746 8441
10290 3 2 0 12 7903 10874 10769 10905
10291 3 2 0 12 10979 10432 10963 6493
10292 3 2 0 12 6493 10963 7298 10428
10293 3 2 0 12 10412 7235 10153 10541
10294 3 2 0 12 10014 10630 10541 10153
10295 3 2 0 12 8469 10989 6913 8991
10296 3 2 0 12 8679 10929 8991 6913
10297 3 2 0 12 7190 8491 10929 8679
10298 3 2 0 12 9039 9650 11098 6256
10299 3 2 0 12 10142 6256 11098 9150
10300 3 2 0 12 6051 10693 6053 10642
10301 3 2 0 12 10303 9464 10698 7784
10302 3 2 0 12 10332 10606 10698 9464
10303 3 2 0 12 9734 9831 10698 10606
10304 3 2 0 12 7369 9934 9377 10305
10305 3 2 0 12 6986 10783 10840 8864
10306 3 2 0 12 8780 8782 6943 10777
10307 3 2 0 12 8227 10161 10618 6353
10308 3 2 0 12 7636 8607 8880 10161
10309 3 2 0 12 8880 8966 10618 10161
10310 3 2 0 12 10591 6354 10160 8226
10311 3 2 0 12 8608 10160 8967 8881
10312 3 2 0 12 6354 7093 8967 10160
10313 3 2 0 12 9731 10635 10552 9467
10314 3 2 0 12 10429 11111 11210 7075
10315 3 2 0 12 7085 7088 11111 10429
10316 3 2 0 12 10102 8963 11210 11111
10317 3 2 0 12 10430 7074 11209 11112
10318 3 2 0 12 7086 10430 11112 7089
10319 3 2 0 12 10103 11112 11209 8770
10320 3 2 0 12 7617 7350 9064 10609
10321 3 2 0 12 7972 11240 8683 11211
10322 3 2 0 12 11091 8516 8521 11083
10323 3 2 0 12 11240 7972 11083 10615
10324 3 2 0 12 7008 8626 10360 9194
10325 3 2 0 12 9815 9194 10360 8796
10326 3 2 0 12 8980 10177 8796 10360
10327 3 2 0 12 6516 7259 11126 7604
10328 3 2 0 12 7324 10016 7604 11126
10329 3 2 0 12 8489 10768 10776 8470
10330 3 2 0 12 9066 9865 9736 6436
10331 3 2 0 12 9236 9865 11126 7259
10332 3 2 0 12 7324 11126 9865 9066
10333 3 2 0 12 10580 9585 10870 10800
10334 3 2 0 12 8597 8508 6421 10149
10335 3 2 0 12 6114 8247 11065 9055
10336 3 2 0 12 7063 10561 11065 8247
10337 3 2 0 12 11009 8524 9142 11204
10338 3 2 0 12 8802 8341 11204 9142
10339 3 2 0 12 8763 10892 10803 8870
10340 3 2 0 12 8532 10763 10803 10892
10341 3 2 0 12 9003 6470 10158 9656
10342 3 2 0 12 7462 9831 9003 9656
10343 3 2 0 12 10530 10529 10558 9986
10344 3 2 0 12 7334 11255 10075 7963
10345 3 2 0 12 10058 11086 10920 6888
10346 3 2 0 12 9410 8523 10920 8497
10347 3 2 0 12 8497 10920 11086 8501
10348 3 2 0 12 9410 8498 10918 8522
10349 3 2 0 12 8498 8502 11082 10918
10350 3 2 0 12 6529 10915 11163 7950
10351 3 2 0 12 10922 6951 6933 10796
10352 3 2 0 12 6933 10741 8512 10796
10353 3 2 0 12 7615 11242 10879 11121
10354 3 2 0 12 7555 11149 10423 7492
10355 3 2 0 12 9900 10525 10968 10704
10356 3 2 0 12 9478 7374 10968 10525
10357 3 2 0 12 7957 6624 10322 7992
10358 3 2 0 12 6775 10322 6624 8298
10359 3 2 0 12 6639 8066 7992 10322
10360 3 2 0 12 8498 11208 8635 8502
10361 3 2 0 12 10626 7034 8635 11208
10362 3 2 0 12 6389 8889 10980 11189
10363 3 2 0 12 11015 9370 11189 10980
10364 3 2 0 12 9882 7477 10107 10246
10365 3 2 0 12 6390 11028 10933 8890
10366 3 2 0 12 10771 10933 11028 9364
10367 3 2 0 12 10581 6536 10212 9839
10368 3 2 0 12 9839 10212 9926 9357
10369 3 2 0 12 7439 9459 9926 10212
10370 3 2 0 12 9514 10726 10853 6876
10371 3 2 0 12 11027 8461 10853 10726
10372 3 2 0 12 8741 10853 8461 8481
10373 3 2 0 12 9667 7143 10476 7305
10374 3 2 0 12 7143 9022 9802 10476
10375 3 2 0 12 6538 10476 9802 10242
10376 3 2 0 12 11146 10042 9049 10371
10377 3 2 0 12 10117 10124 10316 10637
10378 3 2 0 12 10118 10636 10317 10123
10379 3 2 0 12 10071 11049 11050 8640
10380 3 2 0 12 7272 9248 9264 10330
10381 3 2 0 12 9085 11003 6921 9545
10382 3 2 0 12 6946 6921 11003 11097
10383 3 2 0 12 9975 10151 9100 9137
10384 3 2 0 12 9341 9100 10151 9876
10385 3 2 0 12 6180 9896 9742 10701
10386 3 2 0 12 9742 9208 9793 10701
10387 3 2 0 12 9434 7264 10527 10480
10388 3 2 0 12 8466 10809 10966 8463
10389 3 2 0 12 8465 8464 10965 10808
10390 3 2 0 12 10600 7834 10619 7373
10391 3 2 0 12 7395 7387 10619 7834
10392 3 2 0 12 7373 10619 8340 7776
10393 3 2 0 12 9442 6904 10730 11038
10394 3 2 0 12 8487 11038 10730 8467
10395 3 2 0 12 6669 10623 10294 9780
10396 3 2 0 12 6516 10609 9236 7259
10397 3 2 0 12 9064 10128 9236 10609
10398 3 2 0 12 8217 6670 11124 6650
10399 3 2 0 12 6670 6278 6710 11124
10400 3 2 0 12 10867 6043 10872 6044
10401 3 2 0 12 6043 8567 8596 10872
10402 3 2 0 12 7932 7375 9443 6667
10403 3 2 0 12 6667 9443 10025 10666
10404 3 2 0 12 10726 9514 6057 10773
10405 3 2 0 12 8462 11027 10726 10773
10406 3 2 0 12 7728 7535 11169 7731
10407 3 2 0 12 6574 11169 7535 7613
10408 3 2 0 12 7786 6520 6513 10658
10409 3 2 0 12 7846 7889 10658 6513
10410 3 2 0 12 6073 10658 7889 10119
10411 3 2 0 12 7490 6465 11141 7719
10412 3 2 0 12 11121 10879 11141 6465
10413 3 2 0 12 8943 7872 11201 6426
10414 3 2 0 12 8898 6426 11201 10909
10415 3 2 0 12 8944 6427 11202 7873
10416 3 2 0 12 8897 10910 11202 6427
10417 3 2 0 12 10829 8852 11161 8708
10418 3 2 0 12 8708 11161 11125 6347
10419 3 2 0 12 7220 10654 10328 10206
10420 3 2 0 12 10232 7819 11135 7394
10421 3 2 0 12 7685 6486 11135 7819
10422 3 2 0 12 10016 10569 11239 9431
10423 3 2 0 12 8571 10868 8570 10795
10424 3 2 0 12 10754 10753 10869 10868
10425 3 2 0 12 10887 8570 10868 10869
10426 3 2 0 12 10491 8050 10075 7690
10427 3 2 0 12 7035 11235 10927 9032
10428 3 2 0 12 8480 8483 10927 11235
10429 3 2 0 12 7285 10269 7377 10484
10430 3 2 0 12 8791 8702 10578 9495
10431 3 2 0 12 6947 10845 10944 10820
10432 3 2 0 12 8651 10216 9532 6359
10433 3 2 0 12 9510 7031 10216 8651
10434 3 2 0 12 6939 8586 10996 10904
10435 3 2 0 12 8639 10735 10904 10996
10436 3 2 0 12 8837 9045 9213 9469
10437 3 2 0 12 8761 9931 9469 9213
10438 3 2 0 12 6630 10114 11077 7641
10439 3 2 0 12 8744 7003 10856 10876
10440 3 2 0 12 10745 9398 8744 10876
10441 3 2 0 12 8743 10877 10857 7004
10442 3 2 0 12 10744 10877 8743 9399
10443 3 2 0 12 7164 10190 10230 10584
10444 3 2 0 12 10450 10477 10584 10230
10445 3 2 0 12 7656 10683 9927 7466
10446 3 2 0 12 9694 9927 10683 10389
10447 3 2 0 12 6706 8431 8066 11063
10448 3 2 0 12 9478 10525 9635 9571
10449 3 2 0 12 9635 10525 9900 10582
10450 3 2 0 12 9404 6182 9914 10398
10451 3 2 0 12 8185 6820 8287 10319
10452 3 2 0 12 6188 7733 10319 8287
10453 3 2 0 12 11261 10352 10145 9257
10454 3 2 0 12 6556 10145 10352 10283
10455 3 2 0 12 9252 7075 11210 9973
10456 3 2 0 12 9253 9972 11209 7074
10457 3 2 0 12 9713 7380 10507 7310
10458 3 2 0 12 10273 7310 10507 10427
10459 3 2 0 12 6394 11192 8600 8154
10460 3 2 0 12 9843 8793 11148 8154
10461 3 2 0 12 6394 8154 11148 8781
10462 3 2 0 12 9772 6342 9920 10294
10463 3 2 0 12 9780 10294 9920 10136
10464 3 2 0 12 9950 8869 6334 11225
10465 3 2 0 12 9485 10133 9947 10037
10466 3 2 0 12 7013 10275 10097 8439
10467 3 2 0 12 7014 8438 10098 10274
10468 3 2 0 12 6983 8584 6980 10784
10469 3 2 0 12 8684 10854 10231 10784
10470 3 2 0 12 8101 10509 10560 6208
10471 3 2 0 12 6734 8222 10560 10509
10472 3 2 0 12 8388 11383 7546 10044
10473 3 2 0 12 7546 11383 10386 6570
10474 3 2 0 12 10580 10964 7178 9892
10475 3 2 0 12 11227 6067 11149 7555
10476 3 2 0 12 10423 11149 10866 6522
10477 3 2 0 12 6478 10682 9877 10345
10478 3 2 0 12 8713 6215 10025 9443
10479 3 2 0 12 7375 7100 8713 9443
10480 3 2 0 12 9264 6253 9735 8934
10481 3 2 0 12 8934 9735 7469 7283
10482 3 2 0 12 9312 10351 9901 9842
10483 3 2 0 12 9645 9901 10351 10127
10484 3 2 0 12 7172 9400 6545 10691
10485 3 2 0 12 6545 8060 8086 10691
10486 3 2 0 12 7293 10421 7441 10596
10487 3 2 0 12 6639 8366 7935 11172
10488 3 2 0 12 6726 8267 11172 7935
10489 3 2 0 12 7572 6536 10581 10332
10490 3 2 0 12 9734 10606 10332 10581
10491 3 2 0 12 8680 6360 11247 7185
10492 3 2 0 12 9599 7185 11247 7112
10493 3 2 0 12 7002 11247 6360 9513
10494 3 2 0 12 6918 8461 11027 10919
10495 3 2 0 12 8462 10724 10919 11027
10496 3 2 0 12 9960 8633 11021 8153
10497 3 2 0 12 8153 11021 9453 6395
10498 3 2 0 12 9004 9821 8868 9308
10499 3 2 0 12 7265 10426 7554 10532
10500 3 2 0 12 7018 9228 9428 8630
10501 3 2 0 12 9293 8730 9428 9228
10502 3 2 0 12 7379 10036 9796 9620
10503 3 2 0 12 9796 10036 10594 9159
10504 3 2 0 12 7378 9619 9797 10035
10505 3 2 0 12 9797 10496 10595 10035
10506 3 2 0 12 9858 8850 9561 6344
10507 3 2 0 12 11058 6344 9561 9786
10508 3 2 0 12 8667 9561 8850 6989
10509 3 2 0 12 7051 9562 6345 9785
10510 3 2 0 12 6345 9562 6990 8851
10511 3 2 0 12 6273 6772 10481 6739
10512 3 2 0 12 6074 6806 10481 6772
10513 3 2 0 12 10135 10173 10197 7571
10514 3 2 0 12 7272 10330 10387 10528
10515 3 2 0 12 6950 8809 10976 8476
10516 3 2 0 12 9823 10451 9879 7158
10517 3 2 0 12 6960 11029 6984 10881
10518 3 2 0 12 6960 6948 10937 11166
10519 3 2 0 12 8604 11166 10937 8573
10520 3 2 0 12 8877 11167 6947 10854
10521 3 2 0 12 10845 6947 11167 10938
10522 3 2 0 12 10231 10854 6947 10878
10523 3 2 0 12 10784 10231 10878 6983
10524 3 2 0 12 6552 11064 7335 10296
10525 3 2 0 12 6552 10524 10428 11064
10526 3 2 0 12 8737 10633 11230 9895
10527 3 2 0 12 8738 10410 11231 10632
10528 3 2 0 12 6156 7767 10361 7155
10529 3 2 0 12 7155 10361 7178 9810
10530 3 2 0 12 7655 7918 10713 7783
10531 3 2 0 12 7673 8290 8197 6713
10532 3 2 0 12 8197 8290 8285 8383
10533 3 2 0 12 6662 10555 10593 7883
10534 3 2 0 12 6685 10593 10555 10448
10535 3 2 0 12 9579 6464 10570 10180
10536 3 2 0 12 6464 7894 7594 10570
10537 3 2 0 12 11153 7563 9720 7550
10538 3 2 0 12 7563 10832 9072 9720
10539 3 2 0 12 7377 10265 10527 10484
10540 3 2 0 12 9202 10670 10068 10475
10541 3 2 0 12 9203 10474 10069 10669
10542 3 2 0 12 7384 7537 7657 10355
10543 3 2 0 12 11229 6185 7425 11244
10544 3 2 0 12 7202 7209 11151 8843
10545 3 2 0 12 6129 11151 7209 9007
10546 3 2 0 12 7201 8842 11152 7208
10547 3 2 0 12 6122 9008 7208 11152
10548 3 2 0 12 6064 10712 7646 9708
10549 3 2 0 12 6582 9500 10222 10655
10550 3 2 0 12 9841 9365 9836 6481
10551 3 2 0 12 7404 9679 9836 9365
10552 3 2 0 12 6416 9202 11201 7872
10553 3 2 0 12 6935 8884 9202 10475
10554 3 2 0 12 10909 11201 9202 8884
10555 3 2 0 12 6417 7873 11202 9203
10556 3 2 0 12 10474 9203 11202 8885
10557 3 2 0 12 7513 10354 10915 6529
10558 3 2 0 12 9254 10857 6868 6062
10559 3 2 0 12 8434 8155 10473 8420
10560 3 2 0 12 6718 8421 8420 10473
10561 3 2 0 12 9930 7193 9719 9238
10562 3 2 0 12 449 450 7624 9289
10563 3 2 0 12 9572 9662 10317 10083
10564 3 2 0 12 9445 10495 10317 9662
10565 3 2 0 12 9573 10084 10316 9661
10566 3 2 0 12 9446 9661 10316 10494
10567 3 2 0 12 9629 9607 9766 10347
10568 3 2 0 12 9283 10347 9766 10414
10569 3 2 0 12 9645 6494 10129 9901
10570 3 2 0 12 10550 7193 10129 7508
10571 3 2 0 12 7193 9842 9901 10129
10572 3 2 0 12 7840 7850 10680 8007
10573 3 2 0 12 7276 10037 9612 10673
10574 3 2 0 12 9702 9781 10490 10415
10575 3 2 0 12 453 9684 7433 452
10576 3 2 0 12 7000 6332 10639 7068
10577 3 2 0 12 8891 7068 10639 9885
10578 3 2 0 12 8200 7072 9885 10639
10579 3 2 0 12 7001 7067 10638 6331
10580 3 2 0 12 8892 9886 10638 7067
10581 3 2 0 12 11114 7073 10638 9886
10582 3 2 0 12 9512 9665 8836 10293
10583 3 2 0 12 7687 9101 7987 9881
10584 3 2 0 12 9767 7514 9853 6214
10585 3 2 0 12 6214 9853 10582 9900
10586 3 2 0 12 6526 9709 10286 9887
10587 3 2 0 12 9450 9714 9887 10286
10588 3 2 0 12 7579 7645 11034 6042
10589 3 2 0 12 6042 11034 9990 11119
10590 3 2 0 12 10702 10394 9754 10060
10591 3 2 0 12 6488 7942 7266 10640
10592 3 2 0 12 10303 7521 10640 7266
10593 3 2 0 12 8024 8175 8345 10111
10594 3 2 0 12 8254 8317 8345 8175
10595 3 2 0 12 9349 9436 10395 9755
10596 3 2 0 12 10699 10013 9755 10395
10597 3 2 0 12 251 252 7432 9651
10598 3 2 0 12 253 10199 7432 252
10599 3 2 0 12 8499 8500 8742 10549
10600 3 2 0 12 8742 10082 10159 10549
10601 3 2 0 12 9435 10287 9603 9348
10602 3 2 0 12 201 202 6844 11237
10603 3 2 0 12 10941 11237 6804 8296
10604 3 2 0 12 8641 8696 10270 9987
10605 3 2 0 12 9163 9987 10270 10452
10606 3 2 0 12 9436 9349 9602 10288
10607 3 2 0 12 6064 9395 10688 10712
10608 3 2 0 12 9706 10399 9713 7310
10609 3 2 0 12 9713 10399 9762 10604
10610 3 2 0 12 9141 10439 9145 9291
10611 3 2 0 12 9196 9145 10439 10381
10612 3 2 0 12 9430 9626 10381 10439
10613 3 2 0 12 8768 10485 9654 8982
10614 3 2 0 12 9276 9654 10485 9158
10615 3 2 0 12 7712 7711 11048 8249
10616 3 2 0 12 7496 7790 11048 7711
10617 3 2 0 12 11200 8536 9356 7915
10618 3 2 0 12 9440 7915 9356 8097
10619 3 2 0 12 6940 9356 8536 11342
10620 3 2 0 12 11210 8963 10501 9973
10621 3 2 0 12 8785 8943 9973 10501
10622 3 2 0 12 11209 9972 10500 8770
10623 3 2 0 12 8786 10500 9972 8944
10624 3 2 0 12 8564 10772 10736 6905
10625 3 2 0 12 10169 7203 10559 8691
10626 3 2 0 12 8504 10850 11019 8482
10627 3 2 0 12 11184 8479 11019 10850
10628 3 2 0 12 6559 10211 10457 8293
10629 3 2 0 12 9237 9668 10457 10211
10630 3 2 0 12 7597 9374 10897 9808
10631 3 2 0 12 9152 9893 9808 10897
10632 3 2 0 12 7413 10434 11023 10443
10633 3 2 0 12 7414 10444 11024 10435
10634 3 2 0 12 6804 11237 6844 6838
10635 3 2 0 12 10127 9578 7224 7359
10636 3 2 0 12 7224 9578 10381 9626
10637 3 2 0 12 8572 10797 10845 10938
10638 3 2 0 12 6948 10846 10798 10937
10639 3 2 0 12 9761 6061 9118 10462
10640 3 2 0 12 9358 11068 7667 7756
10641 3 2 0 12 7149 7667 11068 10663
10642 3 2 0 12 6526 9887 9770 9932
10643 3 2 0 12 6665 10657 7563 11153
10644 3 2 0 12 6384 10802 8577 10420
10645 3 2 0 12 9440 11144 11200 7915
10646 3 2 0 12 7851 11200 11144 8899
10647 3 2 0 12 10089 7336 10563 7643
10648 3 2 0 12 8337 10827 9785 11057
10649 3 2 0 12 8336 11058 9786 10826
10650 3 2 0 12 6902 6393 10009 10346
10651 3 2 0 12 7191 10346 10009 7672
10652 3 2 0 12 9335 11339 11134 8803
10653 3 2 0 12 9336 8804 11020 11338
10654 3 2 0 12 11030 9029 10904 10735
10655 3 2 0 12 8942 270 271 10764
10656 3 2 0 12 272 10895 10764 271
10657 3 2 0 12 10531 7605 11251 10504
10658 3 2 0 12 10821 10900 11254 11081
10659 3 2 0 12 11053 7818 11255 7230
10660 3 2 0 12 233 234 11256 10743
10661 3 2 0 12 8512 10782 11256 10899
10662 3 2 0 12 8476 10743 11256 10782
10663 3 2 0 12 228 7963 11258 227
10664 3 2 0 12 417 418 11259 10884
10665 3 2 0 12 426 427 11260 9128
10666 3 2 0 12 10991 9128 11260 11303
10667 3 2 0 12 10786 470 471 11261
10668 3 2 0 12 7118 11253 11262 10425
10669 3 2 0 12 7394 10718 11263 10232
10670 3 2 0 12 7938 11263 10718 7626
10671 3 2 0 12 6519 10232 11263 7938
10672 3 2 0 12 8994 7226 11264 9027
10673 3 2 0 12 8965 9027 11264 7230
10674 3 2 0 12 7230 11264 7226 11053
10675 3 2 0 12 10197 10173 11265 9448
10676 3 2 0 12 10214 9448 11265 7547
10677 3 2 0 12 6958 9480 10737 11268
10678 3 2 0 12 9545 6921 11269 11294
10679 3 2 0 12 6044 8678 11269 8632
10680 3 2 0 12 6946 8632 11269 6921
10681 3 2 0 12 8397 11272 10841 6279
10682 3 2 0 12 9731 9467 11273 6504
10683 3 2 0 12 6983 8488 11274 8765
10684 3 2 0 12 8417 6600 11275 6077
10685 3 2 0 12 8898 10909 11277 8539
10686 3 2 0 12 11202 10910 11278 8885
10687 3 2 0 12 6936 8885 11278 9351
10688 3 2 0 12 6863 11279 10841 8117
10689 3 2 0 12 10079 6065 11280 7743
10690 3 2 0 12 7441 11280 6065 10596
10691 3 2 0 12 7738 7743 11280 7441
10692 3 2 0 12 10425 10612 9499 11281
10693 3 2 0 12 11003 9085 11282 6346
10694 3 2 0 12 10353 11282 9085 8616
10695 3 2 0 12 9235 6346 11282 10353
10696 3 2 0 12 11224 8748 11286 8114
10697 3 2 0 12 6404 8114 11286 9923
10698 3 2 0 12 7065 9958 11286 8748
10699 3 2 0 12 257 258 8583 11289
10700 3 2 0 12 256 257 11289 10921
10701 3 2 0 12 8465 10808 11290 6972
10702 3 2 0 12 8466 6973 11291 10809
10703 3 2 0 12 6077 10675 11292 8012
10704 3 2 0 12 11034 7645 11297 7261
10705 3 2 0 12 10173 10135 10125 11299
10706 3 2 0 12 9169 11072 11300 7022
10707 3 2 0 12 7022 11300 11140 9134
10708 3 2 0 12 8069 10543 11304 7831
10709 3 2 0 12 10367 9854 11304 10543
10710 3 2 0 12 7760 7536 11305 6727
10711 3 2 0 12 6698 6727 11305 8104
10712 3 2 0 12 10870 6440 11308 10800
10713 3 2 0 12 9316 10614 11309 10178
10714 3 2 0 12 8946 8794 11311 7042
10715 3 2 0 12 8506 11311 8794 6966
10716 3 2 0 12 10642 7042 11311 8506
10717 3 2 0 12 6718 6096 11312 8421
10718 3 2 0 12 7917 8421 11312 6088
10719 3 2 0 12 6088 11312 6096 8331
10720 3 2 0 12 8040 7673 11315 6581
10721 3 2 0 12 10710 6581 11315 7780
10722 3 2 0 12 6713 7831 11315 7673
10723 3 2 0 12 8604 8573 11076 11316
10724 3 2 0 12 419 420 11252 11317
10725 3 2 0 12 8476 10976 11318 10743
10726 3 2 0 12 7254 10689 11320 9533
10727 3 2 0 12 8699 8538 11321 8564
10728 3 2 0 12 10772 8564 11321 10991
10729 3 2 0 12 6894 9563 11322 8783
10730 3 2 0 12 8869 9950 11322 9556
10731 3 2 0 12 6893 8783 11322 9950
10732 3 2 0 12 8708 9556 11322 9563
10733 3 2 0 12 9006 7041 11323 8795
10734 3 2 0 12 8507 6967 8795 11323
10735 3 2 0 12 10693 8507 11323 7041
10736 3 2 0 12 6616 11324 7520 8330
10737 3 2 0 12 6570 7722 11326 7546
10738 3 2 0 12 7528 9854 11326 7722
10739 3 2 0 12 10044 7546 11326 10534
10740 3 2 0 12 6636 10855 11327 7759
10741 3 2 0 12 7990 7408 11328 8045
10742 3 2 0 12 11251 7605 11328 7408
10743 3 2 0 12 8686 6046 11331 8678
10744 3 2 0 12 6055 10692 11332 10978
10745 3 2 0 12 6055 10977 11333 10692
10746 3 2 0 12 9181 11335 10175 11056
10747 3 2 0 12 9513 6360 11337 8637
10748 3 2 0 12 7903 10948 11337 9344
10749 3 2 0 12 8680 9344 11337 6360
10750 3 2 0 12 7865 6160 8672 11338
10751 3 2 0 12 6161 7865 11338 11020
10752 3 2 0 12 7866 11339 8673 6172
10753 3 2 0 12 6171 11134 11339 7866
10754 3 2 0 12 6641 7727 11340 7740
10755 3 2 0 12 7665 6528 11340 7727
10756 3 2 0 12 6528 7661 7740 11340
10757 3 2 0 12 6675 6821 11341 6234
10758 3 2 0 12 6842 8181 11341 6821
10759 3 2 0 12 6580 6234 11341 8246
10760 3 2 0 12 9505 8643 11342 7986
10761 3 2 0 12 8536 9813 7986 11342
10762 3 2 0 12 6355 8662 11343 7039
10763 3 2 0 12 11088 8819 11343 8272
10764 3 2 0 12 8936 7039 11343 8819
10765 3 2 0 12 10374 8272 11343 8662
10766 3 2 0 12 7746 7970 11344 8368
10767 3 2 0 12 11085 8271 11346 8818
10768 3 2 0 12 8663 7040 8818 11346
10769 3 2 0 12 10373 8663 11346 8271
10770 3 2 0 12 10642 8506 11347 6051
10771 3 2 0 12 8123 10184 11348 8225
10772 3 2 0 12 10166 8811 11348 10184
10773 3 2 0 12 8123 8225 11349 10185
10774 3 2 0 12 10165 10185 11349 6929
10775 3 2 0 12 11029 6977 11106 11350
10776 3 2 0 12 7240 10538 11351 11218
10777 3 2 0 12 10228 6941 11352 8525
10778 3 2 0 12 7109 10438 11352 6941
10779 3 2 0 12 7786 7568 11353 7540
10780 3 2 0 12 9876 10151 11353 10505
10781 3 2 0 12 7510 10505 11353 7568
10782 3 2 0 12 9975 7540 11353 10151
10783 3 2 0 12 8466 8463 10739 11354
10784 3 2 0 12 10888 8466 11354 10754
10785 3 2 0 12 6612 6646 11355 10665
10786 3 2 0 12 6457 11000 11356 10235
10787 3 2 0 12 10693 6051 11357 8507
10788 3 2 0 12 6720 9810 11358 9426
10789 3 2 0 12 8520 11359 9133 6885
10790 3 2 0 12 7128 10143 11361 10508
10791 3 2 0 12 7081 11362 8773 8808
10792 3 2 0 12 7626 10718 11363 6067
10793 3 2 0 12 11149 6067 11363 10866
10794 3 2 0 12 9320 8807 11364 7080
10795 3 2 0 12 9480 6895 11366 10737
10796 3 2 0 12 8471 10725 11366 10781
10797 3 2 0 12 8520 10781 11366 6895
10798 3 2 0 12 230 231 11371 10690
10799 3 2 0 12 10846 6948 11374 10945
10800 3 2 0 12 6960 10881 11374 6948
10801 3 2 0 12 7227 9647 11376 7298
10802 3 2 0 12 6582 9664 7298 11376
10803 3 2 0 12 11148 6942 11377 8781
10804 3 2 0 12 8587 8824 11377 9848
10805 3 2 0 12 10603 8781 11377 8824
10806 3 2 0 12 11234 9848 11377 6942
10807 3 2 0 12 9814 9061 11378 7488
10808 3 2 0 12 7559 7488 11378 9154
10809 3 2 0 12 9154 11378 9061 10823
10810 3 2 0 12 6876 10751 11379 9514
10811 3 2 0 12 6057 9514 11379 10794
10812 3 2 0 12 8580 11087 11382 6385
10813 3 2 0 12 8492 9134 11382 11087
10814 3 2 0 12 9747 11329 9374 6587
10815 3 2 0 12 10897 9374 11329 7681
10816 3 2 0 12 6189 7901 11302 7913
10817 3 2 0 12 8181 10992 8246 11341
10818 3 2 0 12 310 311 11355 8234
10819 3 2 0 12 6686 8234 11355 6646
10820 3 2 0 12 11331 11294 11269 8678
10821 3 2 0 12 418 419 11317 11259
10822 3 2 0 12 11075 11373 10797 8572
10823 3 2 0 12 7118 10969 9072 11253
10824 3 2 0 12 10743 11318 232 233
10825 3 2 0 12 10938 11167 11307 8572
10826 3 2 0 12 6561 11327 11305 7536
10827 3 2 0 12 8104 11305 11327 10855
10828 3 2 0 12 11029 11350 8585 6984
10829 3 2 0 12 8533 8585 11350 11106
10830 3 2 0 12 8524 6385 11382 9142
10831 3 2 0 12 9134 11140 9142 11382
10832 3 2 0 12 10692 11333 10740 6054
10833 3 2 0 12 10692 6054 10739 11332
10834 3 2 0 12 10785 10830 11314 8468
10835 3 2 0 12 10794 11314 6052 6057
10836 3 2 0 12 10830 11055 6052 11314
10837 3 2 0 12 6054 10422 11354 10739
10838 3 2 0 12 10753 10754 11354 10422
10839 3 2 0 12 6054 10740 8464 10422
10840 3 2 0 12 8465 10753 10422 8464
10841 3 2 0 12 8583 8478 10921 11289
10842 3 2 0 12 234 235 10899 11256
10843 3 2 0 12 7191 8802 11300 11072
10844 3 2 0 12 9142 11140 11300 8802
10845 3 2 0 12 299 10841 11272 298
10846 3 2 0 12 10302 7363 9777 11295
10847 3 2 0 12 6863 8407 6862 11279
10848 3 2 0 12 6279 10841 11279 6862
10849 3 2 0 12 7118 10425 11281 10590
10850 3 2 0 12 8572 11307 10403 11075
10851 3 2 0 12 6381 10403 11307 11145
10852 3 2 0 12 10418 10599 6472 11270
10853 3 2 0 12 227 11258 8050 226
10854 3 2 0 12 7963 10075 8050 11258
10855 3 2 0 12 9854 10367 10534 11326
10856 3 2 0 12 10507 7380 11218 11351
10857 3 2 0 12 10751 8467 8468 11379
10858 3 2 0 12 11314 10794 11379 8468
10859 3 2 0 12 7818 7690 10075 11255
10860 3 2 0 12 9918 11317 11252 11469
10861 3 2 0 12 8519 11294 11331 11313
10862 3 2 0 12 10689 6186 9576 11320
10863 3 2 0 12 9580 6736 11284 10408
10864 3 2 0 12 6736 7413 10443 11284
10865 3 2 0 12 9581 10409 11283 6737
10866 3 2 0 12 6737 11283 10444 7414
10867 3 2 0 12 8267 6255 11063 11172
10868 3 2 0 12 8066 6639 11172 11063
10869 3 2 0 12 11317 9918 11306 11259
10870 3 2 0 12 11259 11306 7854 10884
10871 3 2 0 12 7453 9331 10178 11309
10872 3 2 0 12 9728 7453 11309 9576
10873 3 2 0 12 10328 10387 10330 10649
10874 3 2 0 12 7154 10046 10649 10193
10875 3 2 0 12 10328 10649 10046 10206
10876 3 2 0 12 9264 10193 10649 10330
10877 3 2 0 12 8173 7775 11324 7901
10878 3 2 0 12 10600 7520 11324 7775
10879 3 2 0 12 6616 11302 7901 11324
10880 3 2 0 12 10041 11285 11251 7408
10881 3 2 0 12 11184 10850 11375 11176
10882 3 2 0 12 8132 6527 11285 10041
10883 3 2 0 12 11251 11285 11270 10498
10884 3 2 0 12 6527 10418 11270 11285
10885 3 2 0 12 8489 8508 8597 10768
10886 3 2 0 12 8988 10816 10768 8597
10887 3 2 0 12 8765 11274 246 247
10888 3 2 0 12 8773 10959 11076 6400
10889 3 2 0 12 11316 11076 10959 10404
10890 3 2 0 12 229 11365 7963 228
10891 3 2 0 12 8772 6399 11075 10958
10892 3 2 0 12 9441 6477 10538 10200
10893 3 2 0 12 7385 10200 10538 7240
10894 3 2 0 12 10109 10809 11291 11040
10895 3 2 0 12 10110 11039 11290 10808
10896 3 2 0 12 8239 6643 11330 7674
10897 3 2 0 12 6223 7674 11330 7970
10898 3 2 0 12 9321 10028 9700 10472
10899 3 2 0 12 9023 9172 10222 10696
10900 3 2 0 12 7184 10696 10222 9500
10901 3 2 0 12 6382 10404 10959 8543
10902 3 2 0 12 7020 8543 10959 10951
10903 3 2 0 12 8125 6712 10138 7949
10904 3 2 0 12 11163 10915 10138 6712
10905 3 2 0 12 7989 10138 10915 7596
10906 3 2 0 12 9410 8522 11349 8225
10907 3 2 0 12 9688 6929 11349 8522
10908 3 2 0 12 6504 11273 9666 9479
10909 3 2 0 12 6501 9666 11273 9777
10910 3 2 0 12 9410 8225 11348 8523
10911 3 2 0 12 9689 8523 11348 8811
10912 3 2 0 12 10409 10466 6730 11283
10913 3 2 0 12 10408 11284 6729 10465
10914 3 2 0 12 11253 7463 10713 11262
10915 3 2 0 12 10425 11262 10713 10612
10916 3 2 0 12 9713 10604 11372 10115
10917 3 2 0 12 10135 7571 11372 10321
10918 3 2 0 12 10115 11372 7571 10255
10919 3 2 0 12 6892 11074 11089 11052
10920 3 2 0 12 7482 10611 7235 10204
10921 3 2 0 12 7235 10611 7501 10153
10922 3 2 0 12 9467 10552 10302 11295
10923 3 2 0 12 9777 11273 9467 11295
10924 3 2 0 12 7362 6559 8293 8052
10925 3 2 0 12 8052 8293 9551 11101
10926 3 2 0 12 8514 10924 9845 6956
10927 3 2 0 12 7285 10484 10055 9837
10928 3 2 0 12 7264 10055 10484 10527
10929 3 2 0 12 8783 6893 11375 8493
10930 3 2 0 12 8493 11375 10850 8504
10931 3 2 0 12 10095 6549 10269 9942
10932 3 2 0 12 7377 10269 6549 10234
10933 3 2 0 12 7285 10062 9942 10269
10934 3 2 0 12 8713 10508 11361 6215
10935 3 2 0 12 10341 10195 10688 10573
10936 3 2 0 12 7700 10712 10688 10195
10937 3 2 0 12 8636 11173 11078 7943
10938 3 2 0 12 6896 8711 11173 8636
10939 3 2 0 12 255 256 10921 8654
10940 3 2 0 12 9770 9887 10548 7198
10941 3 2 0 12 9652 10548 10024 7342
10942 3 2 0 12 9887 9714 10024 10548
10943 3 2 0 12 9847 11250 10908 6943
10944 3 2 0 12 6491 9321 10472 10279
10945 3 2 0 12 10775 10780 10908 11250
10946 3 2 0 12 6407 10831 7672 11007
10947 3 2 0 12 10822 10860 10928 11080
10948 3 2 0 12 10821 11081 11368 10859
10949 3 2 0 12 10469 10608 7334 10645
10950 3 2 0 12 7459 10063 6923 11180
10951 3 2 0 12 7460 11179 6924 10064
10952 3 2 0 12 9116 6924 11179 9149
10953 3 2 0 12 7961 9149 11179 6118
10954 3 2 0 12 9635 10582 10460 9801
10955 3 2 0 12 7300 10460 10582 9853
10956 3 2 0 12 7030 8647 7119 11043
10957 3 2 0 12 10394 10702 11043 7119
10958 3 2 0 12 10842 10823 11013 10813
10959 3 2 0 12 11141 10879 10624 7454
10960 3 2 0 12 7736 10624 10879 11242
10961 3 2 0 12 11214 8470 11352 6413
10962 3 2 0 12 10155 6413 11352 10438
10963 3 2 0 12 10776 8525 11352 8470
10964 3 2 0 12 6555 8444 8424 7850
10965 3 2 0 12 7850 8424 8166 10680
10966 3 2 0 12 7736 8139 8094 8060
10967 3 2 0 12 7538 8086 8060 8094
10968 3 2 0 12 10734 8469 8991 8725
10969 3 2 0 12 10929 10894 8725 8991
10970 3 2 0 12 10426 10325 10916 6483
10971 3 2 0 12 7375 10207 6483 10916
10972 3 2 0 12 7375 10916 9290 7100
10973 3 2 0 12 7618 9290 10916 10325
10974 3 2 0 12 6606 8368 11344 6230
10975 3 2 0 12 6230 11344 11257 10433
10976 3 2 0 12 8509 8617 467 468
10977 3 2 0 12 8918 11047 11159 6985
10978 3 2 0 12 6341 11125 11161 9314
10979 3 2 0 12 8600 11192 7057 8834
10980 3 2 0 12 10928 10860 6931 11016
10981 3 2 0 12 6931 10860 10962 11031
10982 3 2 0 12 10787 7120 11321 9350
10983 3 2 0 12 7343 9350 11321 8538
10984 3 2 0 12 9128 10991 11321 7120
10985 3 2 0 12 11026 6932 10859 11005
10986 3 2 0 12 6932 11032 10946 10859
10987 3 2 0 12 8677 9198 11051 8732
10988 3 2 0 12 8994 9027 11051 9198
10989 3 2 0 12 7300 9624 6474 10460
10990 3 2 0 12 6474 10021 9801 10460
10991 3 2 0 12 7906 6157 10446 11231
10992 3 2 0 12 7046 10632 11231 10446
10993 3 2 0 12 7905 11230 10445 6154
10994 3 2 0 12 7045 10445 11230 10633
10995 3 2 0 12 9446 10494 9008 6122
10996 3 2 0 12 10259 9008 10494 7473
10997 3 2 0 12 9445 6129 9007 10495
10998 3 2 0 12 10258 7474 10495 9007
10999 3 2 0 12 8009 8848 10395 9436
11000 3 2 0 12 7808 10355 10716 6572
11001 3 2 0 12 10112 10716 10355 7657
11002 3 2 0 12 10522 7456 9999 9517
11003 3 2 0 12 9914 10437 9999 10398
11004 3 2 0 12 8847 8010 10287 9435
11005 3 2 0 12 9754 10394 8847 9435
11006 3 2 0 12 6336 11187 9582 9922
11007 3 2 0 12 8519 11313 11089 11074
11008 3 2 0 12 10839 10767 10793 10770
11009 3 2 0 12 6981 11234 10793 10767
11010 3 2 0 12 10480 10601 9984 7470
11011 3 2 0 12 7186 9984 10601 10054
11012 3 2 0 12 6501 10417 10223 11143
11013 3 2 0 12 7237 11143 10223 10170
11014 3 2 0 12 10702 6325 7726 11043
11015 3 2 0 12 7030 11043 7726 10851
11016 3 2 0 12 6062 6868 10995 10856
11017 3 2 0 12 10746 10876 10856 10995
11018 3 2 0 12 10744 10747 10994 10877
11019 3 2 0 12 6868 10857 10877 10994
11020 3 2 0 12 9918 8070 7854 11306
11021 3 2 0 12 10739 8463 10966 8484
11022 3 2 0 12 10739 8484 10978 11332
11023 3 2 0 12 10740 8485 10965 8464
11024 3 2 0 12 10740 11333 10977 8485
11025 3 2 0 12 10423 6522 10507 11351
11026 3 2 0 12 10538 6477 10423 11351
11027 3 2 0 12 9487 8624 10159 7813
11028 3 2 0 12 8624 8021 10549 10159
11029 3 2 0 12 10531 7777 11328 7605
11030 3 2 0 12 6569 7694 11328 7777
11031 3 2 0 12 10687 8045 11328 7694
11032 3 2 0 12 10265 10601 10480 10527
11033 3 2 0 12 10059 8637 11004 6897
11034 3 2 0 12 8637 11337 10948 11004
11035 3 2 0 12 6422 11190 11004 10948
11036 3 2 0 12 6967 8507 11357 8473
11037 3 2 0 12 8473 11357 6055 10978
11038 3 2 0 12 6966 8472 11347 8506
11039 3 2 0 12 8472 10977 6055 11347
11040 3 2 0 12 6166 10913 7270 10981
11041 3 2 0 12 6173 10982 7269 10914
11042 3 2 0 12 7666 10890 9891 7271
11043 3 2 0 12 10650 10890 10348 7367
11044 3 2 0 12 6469 9891 10890 10650
11045 3 2 0 12 7096 7206 10934 11099
11046 3 2 0 12 9636 10243 11099 10934
11047 3 2 0 12 10127 10351 9740 9578
11048 3 2 0 12 9196 10381 9578 9740
11049 3 2 0 12 9280 6150 11129 7525
11050 3 2 0 12 6410 11206 11129 7541
11051 3 2 0 12 7525 11129 11206 6430
11052 3 2 0 12 9279 7524 11130 6151
11053 3 2 0 12 6411 7542 11130 11207
11054 3 2 0 12 7524 6431 11207 11130
11055 3 2 0 12 9237 7182 10749 8681
11056 3 2 0 12 7182 11158 10198 10749
11057 3 2 0 12 8089 6617 11213 8090
11058 3 2 0 12 6617 8082 8257 11213
11059 3 2 0 12 6787 8442 8090 11213
11060 3 2 0 12 8736 6968 11228 9486
11061 3 2 0 12 6120 10667 9486 11228
11062 3 2 0 12 8631 10738 434 435
11063 3 2 0 12 8631 435 436 10729
11064 3 2 0 12 6119 11226 9489 10671
11065 3 2 0 12 8687 432 433 8970
11066 3 2 0 12 8516 10806 9272 11157
11067 3 2 0 12 7263 9805 11135 6486
11068 3 2 0 12 7194 9805 7263 9733
11069 3 2 0 12 9579 10183 9515 9501
11070 3 2 0 12 9600 9515 10183 9869
11071 3 2 0 12 8337 6411 11207 10827
11072 3 2 0 12 10644 10827 11207 7162
11073 3 2 0 12 9989 8336 10826 6410
11074 3 2 0 12 9786 10643 7161 10826
11075 3 2 0 12 6410 10826 7161 11206
11076 3 2 0 12 8709 9335 8803 8922
11077 3 2 0 12 8922 8803 9060 9384
11078 3 2 0 12 8710 8921 8804 9336
11079 3 2 0 12 8921 9385 9059 8804
11080 3 2 0 12 6472 10175 10498 11270
11081 3 2 0 12 11251 10498 10175 10504
11082 3 2 0 12 8582 11137 11106 6977
11083 3 2 0 12 8941 9099 11137 9019
11084 3 2 0 12 8533 11106 11137 9099
11085 3 2 0 12 8177 6207 11073 7883
11086 3 2 0 12 6656 8085 11073 6207
11087 3 2 0 12 6662 7883 11073 8288
11088 3 2 0 12 8691 11060 8699 9613
11089 3 2 0 12 9181 11056 10154 9234
11090 3 2 0 12 7516 11001 9234 10154
11091 3 2 0 12 6045 10627 9032 10626
11092 3 2 0 12 10927 11033 10626 9032
11093 3 2 0 12 7996 7089 10225 10402
11094 3 2 0 12 7089 11112 10103 10225
11095 3 2 0 12 7997 10401 10224 7088
11096 3 2 0 12 7088 10224 10102 11111
11097 3 2 0 12 11268 10737 11366 11276
11098 3 2 0 12 10719 11276 11366 10725
11099 3 2 0 12 7385 7220 10206 10200
11100 3 2 0 12 10046 9441 10200 10206
11101 3 2 0 12 7261 10924 9990 11034
11102 3 2 0 12 10789 11026 11005 10953
11103 3 2 0 12 10859 11368 10953 11005
11104 3 2 0 12 7369 10253 7405 9934
11105 3 2 0 12 8012 11292 8115 6542
11106 3 2 0 12 8393 8067 11292 10675
11107 3 2 0 12 6168 7002 10405 10971
11108 3 2 0 12 8571 10795 10791 8695
11109 3 2 0 12 7544 10341 10573 10362
11110 3 2 0 12 8852 10829 11118 10174
11111 3 2 0 12 6922 8596 11118 10829
11112 3 2 0 12 6918 10919 10816 8988
11113 3 2 0 12 10748 10816 10919 10724
11114 3 2 0 12 10776 10768 10816 10748
11115 3 2 0 12 9646 6187 10368 10114
11116 3 2 0 12 6630 9868 9646 10114
11117 3 2 0 12 6672 10552 10635 11239
11118 3 2 0 12 7275 10298 8208 7390
11119 3 2 0 12 9436 10288 10298 8009
11120 3 2 0 12 9602 8208 10298 10288
11121 3 2 0 12 7274 7389 8209 10297
11122 3 2 0 12 8906 10297 10287 8010
11123 3 2 0 12 9603 10287 10297 8209
11124 3 2 0 12 8699 11060 7343 8538
11125 3 2 0 12 11175 7343 11060 10370
11126 3 2 0 12 8691 10559 10370 11060
11127 3 2 0 12 10605 7200 11238 6440
11128 3 2 0 12 9242 10229 10290 9679
11129 3 2 0 12 7231 9836 9679 10290
11130 3 2 0 12 6526 9919 10262 9709
11131 3 2 0 12 9286 10891 7308 9053
11132 3 2 0 12 7308 10891 9748 10441
11133 3 2 0 12 10274 10886 8989 7016
11134 3 2 0 12 9745 6155 10886 7879
11135 3 2 0 12 10098 7879 10886 10274
11136 3 2 0 12 10275 7015 8990 10885
11137 3 2 0 12 9744 7878 10885 6153
11138 3 2 0 12 10097 10275 10885 7878
11139 3 2 0 12 7876 11233 8549 6387
11140 3 2 0 12 9718 6144 11186 6157
11141 3 2 0 12 7389 10465 6729 11186
11142 3 2 0 12 6729 10446 6157 11186
11143 3 2 0 12 9717 6154 11185 6143
11144 3 2 0 12 7390 11185 6730 10466
11145 3 2 0 12 6730 11185 6154 10445
11146 3 2 0 12 10235 11356 10571 11181
11147 3 2 0 12 7603 10100 11356 11000
11148 3 2 0 12 8615 8756 8882 11220
11149 3 2 0 12 8882 9079 8962 11220
11150 3 2 0 12 8513 11171 11220 8962
11151 3 2 0 12 6988 11070 10071 9255
11152 3 2 0 12 8705 11049 10071 11070
11153 3 2 0 12 10284 8704 11050 8229
11154 3 2 0 12 10167 10285 8229 8705
11155 3 2 0 12 8705 8229 11050 11049
11156 3 2 0 12 8505 10847 10987 11052
11157 3 2 0 12 9264 9248 10535 9286
11158 3 2 0 12 7272 10935 10535 9248
11159 3 2 0 12 6837 8339 11128 6284
11160 3 2 0 12 6284 11128 6710 6742
11161 3 2 0 12 9750 7318 10585 10574
11162 3 2 0 12 9411 10170 10686 9511
11163 3 2 0 12 10384 9511 10686 10250
11164 3 2 0 12 10363 11215 10634 7367
11165 3 2 0 12 7611 11229 11215 10363
11166 3 2 0 12 7104 8939 8690 11266
11167 3 2 0 12 7104 11266 11023 9280
11168 3 2 0 12 7103 11267 8689 8940
11169 3 2 0 12 7103 9279 11024 11267
11170 3 2 0 12 6346 6340 11097 11003
11171 3 2 0 12 6135 11171 8513 9408
11172 3 2 0 12 6135 8615 11220 11171
11173 3 2 0 12 7247 10861 10576 6782
11174 3 2 0 12 6187 10575 10576 10861
11175 3 2 0 12 11376 9647 10326 6582
11176 3 2 0 12 9393 9500 6582 10326
11177 3 2 0 12 9173 8806 11178 9040
11178 3 2 0 12 10969 9040 11178 9072
11179 3 2 0 12 8646 9720 9072 11178
11180 3 2 0 12 8836 9665 9178 8613
11181 3 2 0 12 9780 10136 9665 9512
11182 3 2 0 12 9178 9665 10136 9920
11183 3 2 0 12 6407 9133 11359 8341
11184 3 2 0 12 8341 11359 8520 11204
11185 3 2 0 12 9415 7195 9411 10194
11186 3 2 0 12 7586 6541 11232 8406
11187 3 2 0 12 10570 7458 10621 10180
11188 3 2 0 12 9579 10180 10621 10183
11189 3 2 0 12 8522 10918 11082 9688
11190 3 2 0 12 9688 11082 10057 11198
11191 3 2 0 12 7231 10290 9812 9423
11192 3 2 0 12 10246 10834 10863 7353
11193 3 2 0 12 10082 8742 11090 8578
11194 3 2 0 12 6883 8706 8578 11090
11195 3 2 0 12 11065 10561 11246 7914
11196 3 2 0 12 9954 7455 10971 11246
11197 3 2 0 12 7914 11246 10971 10405
11198 3 2 0 12 10433 11257 8174 6774
11199 3 2 0 12 6643 8174 11257 11330
11200 3 2 0 12 10319 7718 7840 8185
11201 3 2 0 12 7840 8007 8053 8185
11202 3 2 0 12 6800 7712 8249 8041
11203 3 2 0 12 7583 8106 8041 8249
11204 3 2 0 12 8542 10970 11014 7019
11205 3 2 0 12 7061 8721 11014 10970
11206 3 2 0 12 7463 11253 9072 10832
11207 3 2 0 12 6972 11290 8898 8539
11208 3 2 0 12 8872 8898 11290 11039
11209 3 2 0 12 9049 10042 11384 9634
11210 3 2 0 12 9893 11238 11384 9808
11211 3 2 0 12 7200 9634 11384 11238
11212 3 2 0 12 7597 9808 11384 10042
11213 3 2 0 12 10445 7045 11386 6730
11214 3 2 0 12 8689 11267 11386 7045
11215 3 2 0 12 11283 6730 11386 10444
11216 3 2 0 12 10446 6729 11387 7046
11217 3 2 0 12 8690 7046 11387 11266
11218 3 2 0 12 11284 10443 11387 6729
11219 3 2 0 12 6041 9695 11388 8482
11220 3 2 0 12 7345 6497 11389 10126
11221 3 2 0 12 10469 10645 11389 6497
11222 3 2 0 12 7368 7588 11392 10107
11223 3 2 0 12 10246 10107 11392 10834
11224 3 2 0 12 6964 8694 11393 8971
11225 3 2 0 12 7790 7449 11394 11048
11226 3 2 0 12 9749 11048 11394 7365
11227 3 2 0 12 6573 10804 11394 7449
11228 3 2 0 12 10401 8276 11395 10224
11229 3 2 0 12 7430 11217 11395 8202
11230 3 2 0 12 10102 10224 11395 11217
11231 3 2 0 12 7459 8202 11395 8276
11232 3 2 0 12 10402 10225 11396 8275
11233 3 2 0 12 7431 8201 11396 11216
11234 3 2 0 12 10103 11216 11396 10225
11235 3 2 0 12 7460 8275 11396 8201
11236 3 2 0 12 8568 11176 11397 11225
11237 3 2 0 12 11375 6893 11397 11176
11238 3 2 0 12 6893 9950 11225 11397
11239 3 2 0 12 10937 10798 11398 8573
11240 3 2 0 12 8753 6934 11142 11399
11241 3 2 0 12 444 445 11400 10732
11242 3 2 0 12 10848 10732 11400 8477
11243 3 2 0 12 8695 8972 9351 11401
11244 3 2 0 12 11177 9611 11402 7907
11245 3 2 0 12 8868 9991 11403 9308
11246 3 2 0 12 11229 11244 11403 11215
11247 3 2 0 12 7425 9308 11403 11244
11248 3 2 0 12 7613 7535 11404 7706
11249 3 2 0 12 7729 7706 11404 7659
11250 3 2 0 12 7659 11404 7535 6678
11251 3 2 0 12 180 6678 11405 179
11252 3 2 0 12 7535 7728 11405 6678
11253 3 2 0 12 7728 178 179 11405
11254 3 2 0 12 9762 7353 11406 10604
11255 3 2 0 12 7989 7596 11408 6449
11256 3 2 0 12 10923 10451 11408 10354
11257 3 2 0 12 9823 6449 11408 10451
11258 3 2 0 12 10915 10354 11408 7596
11259 3 2 0 12 7193 10550 11409 9719
11260 3 2 0 12 11356 11409 10550 10571
11261 3 2 0 12 7812 7744 11410 7942
11262 3 2 0 12 6204 7880 11411 8274
11263 3 2 0 12 6191 11232 11411 8457
11264 3 2 0 12 6626 8457 11411 7880
11265 3 2 0 12 6541 8274 11411 11232
11266 3 2 0 12 6390 9729 11412 9025
11267 3 2 0 12 8087 6595 11413 7485
11268 3 2 0 12 7854 10613 11413 6595
11269 3 2 0 12 10613 7247 7485 11413
11270 3 2 0 12 6398 6382 11415 11054
11271 3 2 0 12 11036 11054 11415 8541
11272 3 2 0 12 8543 10956 11415 6382
11273 3 2 0 12 9749 7365 11416 10865
11274 3 2 0 12 339 10865 11416 338
11275 3 2 0 12 6694 6807 11418 6640
11276 3 2 0 12 11292 8067 11418 8115
11277 3 2 0 12 6224 8115 11418 6807
11278 3 2 0 12 6090 6640 11418 8067
11279 3 2 0 12 10925 11420 10811 10986
11280 3 2 0 12 10926 10985 10812 11421
11281 3 2 0 12 6837 6284 11424 6081
11282 3 2 0 12 6827 6081 11424 6732
11283 3 2 0 12 7681 9498 11425 6136
11284 3 2 0 12 8405 6136 11425 10094
11285 3 2 0 12 10528 10387 11426 7456
11286 3 2 0 12 9999 7456 11426 10398
11287 3 2 0 12 7555 7492 11427 6561
11288 3 2 0 12 6389 9026 11428 6399
11289 3 2 0 12 7792 7820 11430 6508
11290 3 2 0 12 10195 11430 7820 7700
11291 3 2 0 12 10341 6508 11430 10195
11292 3 2 0 12 8575 7062 11431 8722
11293 3 2 0 12 6337 9923 11432 11195
11294 3 2 0 12 9945 11195 11432 9583
11295 3 2 0 12 7065 8566 11433 9958
11296 3 2 0 12 6968 9583 11433 11228
11297 3 2 0 12 11432 9958 11433 9583
11298 3 2 0 12 6120 11228 11433 8566
11299 3 2 0 12 10350 10547 11434 7918
11300 3 2 0 12 7417 9781 10574 11435
11301 3 2 0 12 8655 8823 11438 8075
11302 3 2 0 12 9408 11438 8823 8000
11303 3 2 0 12 6951 8593 11439 6933
11304 3 2 0 12 8516 11157 11439 8521
11305 3 2 0 12 9272 6933 11439 11157
11306 3 2 0 12 11329 9747 10513 11440
11307 3 2 0 12 7681 11329 11440 9498
11308 3 2 0 12 7940 6162 11441 8949
11309 3 2 0 12 7430 8949 11441 11217
11310 3 2 0 12 11217 11441 6162 10102
11311 3 2 0 12 7939 8950 11442 6170
11312 3 2 0 12 7431 11216 11442 8950
11313 3 2 0 12 11216 10103 6170 11442
11314 3 2 0 12 6350 10486 11443 9614
11315 3 2 0 12 11078 11173 11443 6421
11316 3 2 0 12 8711 9614 11443 11173
11317 3 2 0 12 10149 6421 11443 10486
11318 3 2 0 12 10644 7162 11444 9076
11319 3 2 0 12 8205 10342 11444 6431
11320 3 2 0 12 8894 9076 11444 10342
11321 3 2 0 12 11207 6431 11444 7162
11322 3 2 0 12 10643 9075 11445 7161
11323 3 2 0 12 8206 6430 11445 10343
11324 3 2 0 12 8893 10343 11445 9075
11325 3 2 0 12 11206 7161 11445 6430
11326 3 2 0 12 8720 10126 11389 7071
11327 3 2 0 12 11371 7071 11389 10690
11328 3 2 0 12 8846 7123 11440 10513
11329 3 2 0 12 10645 11365 10690 11389
11330 3 2 0 12 9923 11286 9958 11432
11331 3 2 0 12 7277 8753 11399 10875
11332 3 2 0 12 11261 10875 11399 10786
11333 3 2 0 12 240 241 11390 11080
11334 3 2 0 12 10387 10328 10654 11426
11335 3 2 0 12 9404 10398 11426 10654
11336 3 2 0 12 10443 11023 11266 11387
11337 3 2 0 12 10444 11386 11267 11024
11338 3 2 0 12 9025 11412 9080 8798
11339 3 2 0 12 11075 6399 11428 11373
11340 3 2 0 12 9026 8797 9081 11428
11341 3 2 0 12 10797 11373 11428 9081
11342 3 2 0 12 9489 11226 11385 8733
11343 3 2 0 12 10634 11215 11403 6492
11344 3 2 0 12 9719 11409 11356 10100
11345 3 2 0 12 10373 10926 11421 8873
11346 3 2 0 12 8897 8873 11421 11040
11347 3 2 0 12 10812 10109 11040 11421
11348 3 2 0 12 10925 8872 11039 11420
11349 3 2 0 12 10811 11420 11039 10110
11350 3 2 0 12 9205 8541 11415 7062
11351 3 2 0 12 11431 7062 11415 10956
11352 3 2 0 12 9534 9993 10273 11423
11353 3 2 0 12 9534 11423 7194 9687
11354 3 2 0 12 6055 11357 6051 11347
11355 3 2 0 12 8951 10750 8952 11436
11356 3 2 0 12 10791 10795 11436 8952
11357 3 2 0 12 6522 10866 11345 11429
11358 3 2 0 12 10507 6522 11429 10427
11359 3 2 0 12 7970 11330 11257 11344
11360 3 2 0 12 11423 11417 9805 7194
11361 3 2 0 12 11135 9805 11417 10512
11362 3 2 0 12 6680 177 178 7728
11363 3 2 0 12 8787 10898 11176 8568
11364 3 2 0 12 6899 11184 11176 10898
11365 3 2 0 12 9322 10931 11154 6914
11366 3 2 0 12 11135 10512 11419 7394
11367 3 2 0 12 7394 11419 11363 10718
11368 3 2 0 12 11345 10866 11363 11419
11369 3 2 0 12 6710 6278 11437 6742
11370 3 2 0 12 6278 8365 6748 11437
11371 3 2 0 12 9954 9013 10625 7455
11372 3 2 0 12 10417 7262 10310 10223
11373 3 2 0 12 9152 11334 11308 9893
11374 3 2 0 12 6440 11238 9893 11308
11375 3 2 0 12 10580 10800 11308 11334
11376 3 2 0 12 7780 11304 9854 7528
11377 3 2 0 12 7780 11315 7831 11304
11378 3 2 0 12 9503 8546 11197 11381
11379 3 2 0 12 9502 11380 11198 8545
11380 3 2 0 12 7334 7963 11365 10645
11381 3 2 0 12 245 246 11274 11298
11382 3 2 0 12 6215 11361 11158 9155
11383 3 2 0 12 10143 10198 11158 11361
11384 3 2 0 12 8505 11407 11388 9695
11385 3 2 0 12 11052 11089 11407 8505
11386 3 2 0 12 445 446 7327 11400
11387 3 2 0 12 8775 8477 11400 7327
11388 3 2 0 12 6284 6742 11437 11424
11389 3 2 0 12 6732 11424 11437 6748
11390 3 2 0 12 464 465 10953 11368
11391 3 2 0 12 8096 11022 11272 8397
11392 3 2 0 12 298 11272 11022 297
11393 3 2 0 12 8877 11145 11307 11167
11394 3 2 0 12 9671 10955 10914 6145
11395 3 2 0 12 9899 6173 10914 10955
11396 3 2 0 12 9670 6149 10913 10954
11397 3 2 0 12 9898 10954 10913 6166
11398 3 2 0 12 8465 6972 11393 10887
11399 3 2 0 12 8570 10887 11393 8694
11400 3 2 0 12 10769 10874 11360 8460
11401 3 2 0 12 8460 11360 8469 10734
11402 3 2 0 12 8466 10888 11401 6973
11403 3 2 0 12 8571 8695 11401 10888
11404 3 2 0 12 6803 6814 11370 6815
11405 3 2 0 12 6831 6319 11370 6814
11406 3 2 0 12 6845 6815 11370 6832
11407 3 2 0 12 6487 7481 9624 9644
11408 3 2 0 12 6474 9624 7481 10482
11409 3 2 0 12 7300 10585 9644 9624
11410 3 2 0 12 6398 11316 10404 6382
11411 3 2 0 12 8878 8604 11316 6398
11412 3 2 0 12 8627 9937 9582 11187
11413 3 2 0 12 11385 9582 9937 8733
11414 3 2 0 12 10894 10828 11055 10830
11415 3 2 0 12 10099 336 337 7898
11416 3 2 0 12 10624 6545 9400 9911
11417 3 2 0 12 7756 7667 11434 10547
11418 3 2 0 12 7918 11434 10612 10713
11419 3 2 0 12 9499 10612 11434 7704
11420 3 2 0 12 7149 7704 11434 7667
11421 3 2 0 12 10279 11414 10614 9316
11422 3 2 0 12 8218 7495 11181 11271
11423 3 2 0 12 7579 8218 11271 7645
11424 3 2 0 12 6832 11370 6262 6779
11425 3 2 0 12 6262 11370 6319 6094
11426 3 2 0 12 7903 9063 11360 10874
11427 3 2 0 12 7417 11435 9977 7299
11428 3 2 0 12 9977 11435 10574 10677
11429 3 2 0 12 10504 11325 7429 10531
11430 3 2 0 12 7429 11325 9383 9915
11431 3 2 0 12 10844 10871 10840 10783
11432 3 2 0 12 11080 10928 239 240
11433 3 2 0 12 9206 451 452 7433
11434 3 2 0 12 9206 7624 450 451
11435 3 2 0 12 9560 8623 11293 6414
11436 3 2 0 12 11360 11059 11293 8469
11437 3 2 0 12 8469 11293 8623 10989
11438 3 2 0 12 442 443 9263 10871
11439 3 2 0 12 9663 8554 11319 10227
11440 3 2 0 12 7060 10227 11319 9611
11441 3 2 0 12 6087 8393 8386 8221
11442 3 2 0 12 235 236 10742 10899
11443 3 2 0 12 6549 10139 7371 10234
11444 3 2 0 12 10010 10191 10234 7371
11445 3 2 0 12 7377 10234 10191 10205
11446 3 2 0 12 7009 8492 11010 11165
11447 3 2 0 12 9945 11165 11010 11195
11448 3 2 0 12 10386 11383 7858 11221
11449 3 2 0 12 7858 11383 8388 8105
11450 3 2 0 12 9727 10573 10688 9395
11451 3 2 0 12 10362 10573 9727 10150
11452 3 2 0 12 9533 11320 10339 10349
11453 3 2 0 12 10089 7643 10522 9517
11454 3 2 0 12 231 232 11318 11371
11455 3 2 0 12 10976 7071 11371 11318
11456 3 2 0 12 11319 10889 11402 9611
11457 3 2 0 12 7660 7641 11077 11310
11458 3 2 0 12 9918 11469 11310 8070
11459 3 2 0 12 10590 11281 9912 6125
11460 3 2 0 12 7059 9912 11281 9499
11461 3 2 0 12 10229 10065 9812 10290
11462 3 2 0 12 9822 10065 9874 6539
11463 3 2 0 12 7357 9874 10065 10229
11464 3 2 0 12 9457 9790 9812 10065
11465 3 2 0 12 9810 7178 10964 11358
11466 3 2 0 12 9426 11358 11334 9152
11467 3 2 0 12 10580 11334 11358 10964
11468 3 2 0 12 7080 11364 10950 8718
11469 3 2 0 12 8807 8772 10958 11364
11470 3 2 0 12 7081 8719 10951 11362
11471 3 2 0 12 8773 11362 10951 10959
11472 3 2 0 12 9278 10048 10096 10703
11473 3 2 0 12 8788 10896 11127 6898
11474 3 2 0 12 8569 8831 10987 10896
11475 3 2 0 12 10847 11127 10896 10987
11476 3 2 0 12 10384 10449 9411 9511
11477 3 2 0 12 9700 10194 9411 10449
11478 3 2 0 12 6394 6391 9557 11192
11479 3 2 0 12 9334 7057 11192 9557
11480 3 2 0 12 10809 10109 11288 10966
11481 3 2 0 12 6901 11288 10109 10812
11482 3 2 0 12 9378 9788 9251 9292
11483 3 2 0 12 9251 9788 9702 10415
11484 3 2 0 12 10808 10965 11287 10110
11485 3 2 0 12 6900 10811 10110 11287
11486 3 2 0 12 7360 7260 10646 10019
11487 3 2 0 12 10646 7454 10624 10019
11488 3 2 0 12 7360 10019 10624 9911
11489 3 2 0 12 7059 9499 7704 7149
11490 3 2 0 12 10604 11406 10321 11372
11491 3 2 0 12 10267 9860 9390 9352
11492 3 2 0 12 9063 10997 11059 11360
11493 3 2 0 12 460 11448 11296 459
11494 3 2 0 12 6984 8766 11449 10881
11495 3 2 0 12 8766 457 458 11449
11496 3 2 0 12 10550 6047 11450 10571
11497 3 2 0 12 7645 11271 11450 11297
11498 3 2 0 12 11181 10571 11450 11271
11499 3 2 0 12 10113 11297 11450 6047
11500 3 2 0 12 11297 10113 11451 7261
11501 3 2 0 12 9845 10924 7261 11451
11502 3 2 0 12 9860 11452 9947 9643
11503 3 2 0 12 6668 7929 11453 7793
11504 3 2 0 12 6047 7793 11453 10113
11505 3 2 0 12 10978 8484 11454 8473
11506 3 2 0 12 10966 11288 11454 8484
11507 3 2 0 12 10977 8472 11455 8485
11508 3 2 0 12 10965 8485 11455 11287
11509 3 2 0 12 6094 6305 11458 6262
11510 3 2 0 12 6278 8404 11458 8365
11511 3 2 0 12 6089 8365 11458 6305
11512 3 2 0 12 6716 6262 11458 8404
11513 3 2 0 12 11136 8581 11459 6900
11514 3 2 0 12 9165 7642 11460 10805
11515 3 2 0 12 420 421 11460 11252
11516 3 2 0 12 237 11461 10742 236
11517 3 2 0 12 238 11066 11461 237
11518 3 2 0 12 6379 8113 11462 8747
11519 3 2 0 12 9582 11336 11462 9922
11520 3 2 0 12 7064 8747 11462 11336
11521 3 2 0 12 6403 9922 11462 8113
11522 3 2 0 12 9582 11385 11463 11336
11523 3 2 0 12 8565 7064 11336 11463
11524 3 2 0 12 11226 8565 11463 11385
11525 3 2 0 12 11168 6901 11464 8590
11526 3 2 0 12 11403 9991 11467 6492
11527 3 2 0 12 8868 7493 11467 9991
11528 3 2 0 12 7493 10327 6492 11467
11529 3 2 0 12 9604 6414 11468 8838
11530 3 2 0 12 7087 8838 11468 8933
11531 3 2 0 12 7642 7660 11310 11469
11532 3 2 0 12 11083 8521 11470 10615
11533 3 2 0 12 10615 11470 11154 6366
11534 3 2 0 12 432 8687 11471 431
11535 3 2 0 12 430 431 11471 11301
11536 3 2 0 12 11265 10703 11472 7547
11537 3 2 0 12 7547 11472 10245 6182
11538 3 2 0 12 6986 10777 11473 10783
11539 3 2 0 12 10783 11473 8535 10844
11540 3 2 0 12 6381 8542 11474 10403
11541 3 2 0 12 11364 10958 11474 10950
11542 3 2 0 12 11075 10403 11474 10958
11543 3 2 0 12 7019 10950 11474 8542
11544 3 2 0 12 8186 10889 11475 10177
11545 3 2 0 12 8554 8796 10177 11475
11546 3 2 0 12 6983 10878 11476 8488
11547 3 2 0 12 11274 8488 11476 11298
11548 3 2 0 12 6947 10820 11476 10878
11549 3 2 0 12 7247 10613 11477 10368
11550 3 2 0 12 11310 11077 11477 8070
11551 3 2 0 12 10114 10368 11477 11077
11552 3 2 0 12 7854 8070 11477 10613
11553 3 2 0 12 10424 11456 11453 7929
11554 3 2 0 12 8554 11475 10889 11319
11555 3 2 0 12 8160 8590 11464 10066
11556 3 2 0 12 8161 10049 11459 8581
11557 3 2 0 12 6958 11268 11471 8687
11558 3 2 0 12 11301 11471 11268 11276
11559 3 2 0 12 10796 10742 11461 10922
11560 3 2 0 12 7642 11469 11252 11460
11561 3 2 0 12 421 422 10805 11460
11562 3 2 0 12 11374 11296 11448 10945
11563 3 2 0 12 10245 11472 10703 10096
11564 3 2 0 12 10424 9845 11451 11456
11565 3 2 0 12 11453 11456 11451 10113
11566 3 2 0 12 459 11296 11449 458
11567 3 2 0 12 11374 10881 11449 11296
11568 3 2 0 12 8570 8694 10790 11391
11569 3 2 0 12 7961 8722 11431 9149
11570 3 2 0 12 9116 9149 11431 7020
11571 3 2 0 12 8543 7020 11431 10956
11572 3 2 0 12 9278 10703 11265 9994
11573 3 2 0 12 11265 10173 11299 9994
11574 3 2 0 12 8528 8493 8504 11096
11575 3 2 0 12 8482 11388 11096 8504
11576 3 2 0 12 460 461 11447 11448
11577 3 2 0 12 241 242 11446 11390
11578 3 2 0 12 8473 11454 11168 6967
11579 3 2 0 12 6901 11168 11454 11288
11580 3 2 0 12 8472 6966 11136 11455
11581 3 2 0 12 6900 11287 11455 11136
11582 3 2 0 12 7262 10254 9371 10310
11583 3 2 0 12 9371 10254 9650 9639
11584 3 2 0 12 7060 8866 10221 10227
11585 3 2 0 12 8995 9663 10227 10221
11586 3 2 0 12 6951 10922 11025 8983
11587 3 2 0 12 11066 10928 11016 11025
11588 3 2 0 12 11461 11066 11025 10922
11589 3 2 0 12 461 462 11254 11447
11590 3 2 0 12 6499 10012 10289 9146
11591 3 2 0 12 7588 7533 11367 11392
11592 3 2 0 12 7533 11017 6515 11367
11593 3 2 0 12 10863 10834 11392 11367
11594 3 2 0 12 9612 10037 9947 11452
11595 3 2 0 12 10811 6900 11459 10986
11596 3 2 0 12 8272 10986 11459 11088
11597 3 2 0 12 10812 10985 11464 6901
11598 3 2 0 12 8271 11085 11464 10985
11599 3 2 0 12 8901 7009 11165 11191
11600 3 2 0 12 8736 11191 11165 9945
11601 3 2 0 12 463 464 11368 11081
11602 3 2 0 12 10175 11335 11325 10504
11603 3 2 0 12 9181 9383 11325 11335
11604 3 2 0 12 8570 11391 11436 10795
11605 3 2 0 12 10790 8951 11436 11391
11606 3 2 0 12 10186 7337 10254 7262
11607 3 2 0 12 7337 11098 9650 10254
11608 3 2 0 12 9637 10547 10350 7663
11609 3 2 0 12 6444 7756 10547 9637
11610 3 2 0 12 6549 10095 9952 10139
11611 3 2 0 12 7952 8352 11275 6600
11612 3 2 0 12 8352 8386 8393 11275
11613 3 2 0 12 6077 11275 8393 10675
11614 3 2 0 12 8205 6425 10277 9126
11615 3 2 0 12 9126 10277 9503 11381
11616 3 2 0 12 8206 9125 10278 8334
11617 3 2 0 12 9125 11380 9502 10278
11618 3 2 0 12 10798 9080 11412 11398
11619 3 2 0 12 8573 11398 6400 11076
11620 3 2 0 12 9729 6400 11398 11412
11621 3 2 0 12 8586 6939 9406 9256
11622 3 2 0 12 9046 6906 9256 9174
11623 3 2 0 12 8186 9174 9256 11422
11624 3 2 0 12 8661 11422 9256 9406
11625 3 2 0 12 11476 10820 8576 11298
11626 3 2 0 12 10682 10362 10150 9877
11627 3 2 0 12 8846 10513 9089 9452
11628 3 2 0 12 9089 10513 9747 10586
11629 3 2 0 12 9261 9352 9390 10662
11630 3 2 0 12 7778 176 177 6680
11631 3 2 0 12 9643 9554 9390 9860
11632 3 2 0 12 8797 8886 11465 9081
11633 3 2 0 12 10845 10797 9081 11465
11634 3 2 0 12 8798 9080 11466 8887
11635 3 2 0 12 10846 11466 9080 10798
11636 3 2 0 12 10339 10453 10652 10349
11637 3 2 0 12 10453 10384 10250 10652
11638 3 2 0 12 10792 6371 11035 8877
11639 3 2 0 12 6381 11145 8877 11035
11640 3 2 0 12 7514 10677 7300 9853
11641 3 2 0 12 7300 10677 10574 10585
11642 3 2 0 12 10721 10779 10750 8951
11643 3 2 0 12 10778 10750 10779 10761
11644 3 2 0 12 7907 11402 11422 8661
11645 3 2 0 12 11422 11402 10889 8186
11646 3 2 0 12 10437 9328 9517 9999
11647 3 2 0 12 10089 9517 9328 10233
11648 3 2 0 12 9673 10458 10233 9328
11649 3 2 0 12 11367 6515 10321 10863
11650 3 2 0 12 6515 10125 10135 10321
11651 3 2 0 12 7353 10863 10321 11406
11652 3 2 0 12 11327 6561 11427 7759
11653 3 2 0 12 7759 11427 10015 7283
11654 3 2 0 12 7492 7574 10015 11427
11655 3 2 0 12 11394 10804 11416 7365
11656 3 2 0 12 338 11416 7898 337
11657 3 2 0 12 7266 7942 11410 7301
11658 3 2 0 12 7301 11410 10262 7572
11659 3 2 0 12 8433 6733 6832 6779
11660 3 2 0 12 6733 6816 6845 6832
11661 3 2 0 12 10512 11417 11345 11419
11662 3 2 0 12 11417 11423 10273 11345
11663 3 2 0 12 10427 11429 11345 10273
11664 3 2 0 12 11320 9576 11309 10614
11665 3 2 0 12 11414 10339 11320 10614
11666 3 2 0 12 10909 8884 6935 11277
11667 3 2 0 12 8539 11277 11393 6972
11668 3 2 0 12 6935 8971 11393 11277
11669 3 2 0 12 8051 315 316 10023
11670 3 2 0 12 462 463 11081 11254
11671 3 2 0 12 242 243 11478 11446
11672 3 2 0 12 10820 10944 11478 8576
11673 3 2 0 12 318 11369 11479 317
11674 3 2 0 12 8330 8255 11479 11369
11675 3 2 0 12 10845 11465 11480 10944
11676 3 2 0 12 8886 10901 11480 11465
11677 3 2 0 12 9191 10054 11481 10012
11678 3 2 0 12 10725 10722 11482 10719
11679 3 2 0 12 7094 11483 11380 9125
11680 3 2 0 12 8591 8692 11483 7094
11681 3 2 0 12 10846 10945 11484 11466
11682 3 2 0 12 8887 11466 11484 10900
11683 3 2 0 12 11448 11447 11484 10945
11684 3 2 0 12 11017 7533 10487 11485
11685 3 2 0 12 10384 10453 11486 10449
11686 3 2 0 12 10279 10472 11486 11414
11687 3 2 0 12 9700 10449 11486 10472
11688 3 2 0 12 10339 11414 11486 10453
11689 3 2 0 12 6046 8528 11096 11487
11690 3 2 0 12 10212 6536 11488 7439
11691 3 2 0 12 10262 11488 6536 7572
11692 3 2 0 12 7095 9126 11381 11489
11693 3 2 0 12 8592 7095 11489 8589
11694 3 2 0 12 7439 11488 10262 9919
11695 3 2 0 12 11198 11380 11483 8692
11696 3 2 0 12 11197 8589 11489 11381
11697 3 2 0 12 10944 11480 11446 11478
11698 3 2 0 12 9278 9994 7552 6482
11699 3 2 0 12 11299 10125 7552 9994
11700 3 2 0 12 10205 10191 10053 10289
11701 3 2 0 12 10265 11481 10054 10601
11702 3 2 0 12 10289 10053 9981 9146
11703 3 2 0 12 10822 11080 11390 10901
11704 3 2 0 12 10901 11390 11446 11480
11705 3 2 0 12 10286 9709 10262 10034
11706 3 2 0 12 7744 10034 10262 11410
11707 3 2 0 12 8936 8819 11088 10077
11708 3 2 0 12 11459 10049 10077 11088
11709 3 2 0 12 8935 10078 11085 8818
11710 3 2 0 12 11464 11085 10078 10066
11711 3 2 0 12 6414 11293 11059 11468
11712 3 2 0 12 8933 11468 11059 10997
11713 3 2 0 12 11388 11407 11487 11096
11714 3 2 0 12 11331 6046 11487 11313
11715 3 2 0 12 11313 11487 11407 11089
11716 3 2 0 12 9612 11452 9860 10267
11717 3 2 0 12 244 245 11298 8576
11718 3 2 0 12 9554 9407 9509 9390
11719 3 2 0 12 9407 9527 9523 9509
11720 3 2 0 12 9609 10172 10208 9952
11721 3 2 0 12 7371 10139 9952 10208
11722 3 2 0 12 10179 10081 10150 9727
11723 3 2 0 12 9609 10295 9773 10081
11724 3 2 0 12 9877 10150 10081 9773
11725 3 2 0 12 6534 6553 8428 9832
11726 3 2 0 12 7369 10652 10250 10253
11727 3 2 0 12 7845 11457 7780 7528
11728 3 2 0 12 7780 11457 10454 10710
11729 3 2 0 12 7371 10208 10141 10010
11730 3 2 0 12 243 244 8576 11478
11731 3 2 0 12 11276 10719 11490 11301
11732 3 2 0 12 321 6661 11491 320
11733 3 2 0 12 7913 11302 11491 6661
11734 3 2 0 12 9028 9024 11492 6471
11735 3 2 0 12 9390 9509 11492 10662
11736 3 2 0 12 7111 10662 11492 9024
11737 3 2 0 12 10991 11303 11493 10772
11738 3 2 0 12 8098 6565 11495 8428
11739 3 2 0 12 9832 8428 11495 10023
11740 3 2 0 12 10023 11495 6565 8051
11741 3 2 0 12 427 428 11494 11260
11742 3 2 0 12 11482 11303 11260 11494
11743 3 2 0 12 429 430 11301 11490
11744 3 2 0 12 428 429 11490 11494
11745 3 2 0 12 10719 11482 11494 11490
11746 3 2 0 12 9243 10237 10010 10141
11747 3 2 0 12 10191 10010 10237 10053
11748 3 2 0 12 10248 9981 10053 10237
11749 3 2 0 12 6539 9985 10172 9822
11750 3 2 0 12 9888 9985 6539 9874
11751 3 2 0 12 9243 10141 9985 9888
11752 3 2 0 12 10172 9985 10141 10208
11753 3 2 0 12 10101 6471 11492 9167
11754 3 2 0 12 9523 9167 11492 9509
11755 3 2 0 12 10248 10237 10213 7347
11756 3 2 0 12 7183 10213 10237 9243
11757 3 2 0 12 7377 10205 11481 10265
11758 3 2 0 12 10012 11481 10205 10289
11759 3 2 0 12 11482 10722 11493 11303
11760 3 2 0 12 10722 10736 10772 11493
11761 3 2 0 12 10170 10223 10310 10686
11762 3 2 0 12 10310 10253 10250 10686
11763 3 2 0 12 317 11479 10023 316
11764 3 2 0 12 10023 11479 8255 9832
11765 3 2 0 12 9773 10295 9566 10091
11766 3 2 0 12 9942 9566 10295 10095
11767 3 2 0 12 9609 9952 10095 10295
11768 3 2 0 12 9118 7157 11017 11485
11769 3 2 0 12 9118 11485 10487 10462
11770 3 2 0 12 478 479 8079 9433
11771 3 2 0 12 6943 10908 11473 10777
11772 3 2 0 12 10780 8535 11473 10908
11773 3 2 0 12 9587 10099 10975 8790
11774 3 2 0 12 11291 6973 11278 10910
11775 3 2 0 12 11401 9351 11278 6973
11776 3 2 0 12 10094 11425 7123 7564
11777 3 2 0 12 11440 7123 11425 9498
11778 3 2 0 12 10678 6940 11342 8643
11779 3 2 0 12 11439 8593 11470 8521
11780 3 2 0 12 6914 11154 11470 8593
11781 3 2 0 12 10574 9781 9702 9750
11782 3 2 0 12 9378 9750 9702 9788
11783 3 2 0 12 8897 11040 11291 10910
11784 3 2 0 12 11254 10900 11484 11447
11785 3 2 0 12 6846 301 302 11496
11786 3 2 0 12 8330 11369 11497 6616
11787 3 2 0 12 11369 318 319 11497
11788 3 2 0 12 6 303 6317 11498
11789 3 2 0 12 10099 7898 11499 10975
11790 3 2 0 12 10804 6573 10975 11499
11791 3 2 0 12 11416 10804 11499 7898
11792 3 2 0 12 320 11491 11497 319
11793 3 2 0 12 11302 6616 11497 11491
11794 3 2 0 12 6 11498 11496 302
11795 3 2 0 12 6846 11496 11498 6317
11796 3 2 0 12 8790 7172 11500 9587
11797 3 2 0 12 10691 8294 11500 7172
11798 3 2 0 12 8294 333 334 11500
11799 3 2 0 12 335 9587 11500 334
11800 3 2 0 12 10691 8086 6801 8294
11801 3 2 0 12 469 11501 8509 468
11802 3 2 0 12 279 11502 11101 278
11803 3 2 0 12 11399 11142 11501 10786
11804 3 2 0 12 11241 8509 11501 11142
11805 3 2 0 12 469 470 10786 11501
11806 3 2 0 12 11182 10930 11502 11046
11807 3 2 0 12 8052 11101 11502 10930
11808 3 2 0 12 279 280 11046 11502
11809 3 2 0 12 6595 7899 10884 7854
11810 3 2 0 12 11503 313 314 11150
$EndElements
