$MeshFormat
2.2 0 8
$EndMeshFormat
$Nodes
2925
1 0 0 0
2 1 0 0
3 1 0.5 0
4 1 1 0
5 0.5 1 0
6 0 1 0
7 0 0.5 0
8 0.01999999999996226 0 0
9 0.03999999999992165 0 0
10 0.05999999999987805 0 0
11 0.07999999999984477 0 0
12 0.09999999999981413 0 0
13 0.1199999999997825 0 0
14 0.139999999999732 0 0
15 0.1599999999996737 0 0
16 0.1799999999996153 0 0
17 0.1999999999995569 0 0
18 0.2199999999994985 0 0
19 0.2399999999994402 0 0
20 0.2599999999993817 0 0
21 0.2799999999993234 0 0
22 0.299999999999265 0 0
23 0.3199999999992066 0 0
24 0.3399999999991482 0 0
25 0.3599999999990898 0 0
26 0.3799999999990315 0 0
27 0.3999999999989731 0 0
28 0.4199999999989147 0 0
29 0.4399999999988564 0 0
30 0.459999999998798 0 0
31 0.4799999999987396 0 0
32 0.4999999999986921 0 0
33 0.5199999999987339 0 0
34 0.5399999999987867 0 0
35 0.5599999999988394 0 0
36 0.5799999999988922 0 0
37 0.5999999999989449 0 0
38 0.6199999999989977 0 0
39 0.6399999999990504 0 0
40 0.6599999999991032 0 0
41 0.679999999999156 0 0
42 0.6999999999992087 0 0
43 0.7199999999992615 0 0
44 0.7399999999993142 0 0
45 0.759999999999367 0 0
46 0.7799999999994197 0 0
47 0.7999999999994725 0 0
48 0.8199999999995252 0 0
49 0.839999999999578 0 0
50 0.8599999999996307 0 0
51 0.8799999999996835 0 0
52 0.8999999999997362 0 0
53 0.919999999999789 0 0
54 0.9399999999998417 0 0
55 0.9599999999998945 0 0
56 0.9799999999999473 0 0
57 1 0.01999999999996083 0
58 1 0.03999999999992238 0
59 1 0.05999999999989127 0
60 1 0.07999999999983683 0
61 1 0.09999999999977846 0
62 1 0.1199999999997201 0
63 1 0.1399999999996617 0
64 1 0.1599999999996033 0
65 1 0.1799999999995449 0
66 1 0.1999999999994865 0
67 1 0.2199999999994282 0
68 1 0.2399999999993698 0
69 1 0.259999999999367 0
70 1 0.2799999999994197 0
71 1 0.2999999999994725 0
72 1 0.3199999999995252 0
73 1 0.339999999999578 0
74 1 0.3599999999996307 0
75 1 0.3799999999996835 0
76 1 0.3999999999997362 0
77 1 0.419999999999789 0
78 1 0.4399999999998417 0
79 1 0.4599999999998945 0
80 1 0.4799999999999473 0
81 1 0.52 0
82 1 0.54 0
83 1 0.5600000000000001 0
84 1 0.58 0
85 1 0.6 0
86 1 0.62 0
87 1 0.64 0
88 1 0.66 0
89 1 0.6799999999999999 0
90 1 0.7 0
91 1 0.72 0
92 1 0.74 0
93 1 0.76 0
94 1 0.78 0
95 1 0.8 0
96 1 0.8200000000000001 0
97 1 0.8400000000000001 0
98 1 0.86 0
99 1 0.88 0
100 1 0.9 0
101 1 0.9199999999999999 0
102 1 0.94 0
103 1 0.96 0
104 1 0.98 0
105 0.98 1 0
106 0.96 1 0
107 0.94 1 0
108 0.92 1 0
109 0.9 1 0
110 0.88 1 0
111 0.86 1 0
112 0.84 1 0
113 0.8200000000000001 1 0
114 0.8 1 0
115 0.78 1 0
116 0.76 1 0
117 0.74 1 0
118 0.72 1 0
119 0.7 1 0
120 0.6799999999999999 1 0
121 0.6599999999999999 1 0
122 0.64 1 0
123 0.62 1 0
124 0.6 1 0
125 0.5800000000000001 1 0
126 0.5600000000000001 1 0
127 0.54 1 0
128 0.52 1 0
129 0.4799999999999167 1 0
130 0.4599999999998334 1 0
131 0.4399999999997541 1 0
132 0.4199999999998612 1 0
133 0.4 1 0
134 0.3800000000001388 1 0
135 0.3600000000002775 1 0
136 0.3400000000004163 1 0
137 0.320000000000555 1 0
138 0.3000000000006937 1 0
139 0.2800000000008325 1 0
140 0.2600000000009712 1 0
141 0.2400000000009989 1 0
142 0.2200000000009157 1 0
143 0.2000000000008325 1 0
144 0.1800000000007492 1 0
145 0.1600000000006659 1 0
146 0.1400000000005827 1 0
147 0.1200000000004995 1 0
148 0.1000000000004162 1 0
149 0.08000000000033297 1 0
150 0.06000000000024974 1 0
151 0.04000000000016646 1 0
152 0.02000000000008323 1 0
153 0 0.98 0
154 0 0.96 0
155 0 0.94 0
156 0 0.92 0
157 0 0.9 0
158 0 0.88 0
159 0 0.86 0
160 0 0.84 0
161 0 0.8200000000000001 0
162 0 0.8 0
163 0 0.78 0
164 0 0.76 0
165 0 0.74 0
166 0 0.72 0
167 0 0.7 0
168 0 0.6799999999999999 0
169 0 0.6599999999999999 0
170 0 0.64 0
171 0 0.62 0
172 0 0.6 0
173 0 0.5800000000000001 0
174 0 0.5600000000000001 0
175 0 0.54 0
176 0 0.52 0
177 0 0.4799999999999167 0
178 0 0.4599999999998334 0
179 0 0.4399999999997541 0
180 0 0.4199999999998612 0
181 0 0.4 0
182 0 0.3800000000001388 0
183 0 0.3600000000002775 0
184 0 0.3400000000004163 0
185 0 0.320000000000555 0
186 0 0.3000000000006937 0
187 0 0.2800000000008325 0
188 0 0.2600000000009712 0
189 0 0.2400000000009989 0
190 0 0.2200000000009157 0
191 0 0.2000000000008325 0
192 0 0.1800000000007492 0
193 0 0.1600000000006659 0
194 0 0.1400000000005827 0
195 0 0.1200000000004995 0
196 0 0.1000000000004162 0
197 0 0.08000000000033297 0
198 0 0.06000000000024974 0
199 0 0.04000000000016646 0
200 0 0.02000000000008323 0
201 0.01999999999996226 0.5 0
202 0.03999999999992165 0.5 0
203 0.05999999999987805 0.5 0
204 0.07999999999984477 0.5 0
205 0.09999999999981413 0.5 0
206 0.1199999999997825 0.5 0
207 0.139999999999732 0.5 0
208 0.1599999999996737 0.5 0
209 0.1799999999996153 0.5 0
210 0.1999999999995569 0.5 0
211 0.2199999999994985 0.5 0
212 0.2399999999994402 0.5 0
213 0.2599999999993817 0.5 0
214 0.2799999999993234 0.5 0
215 0.299999999999265 0.5 0
216 0.3199999999992066 0.5 0
217 0.3399999999991482 0.5 0
218 0.3599999999990898 0.5 0
219 0.3799999999990315 0.5 0
220 0.3999999999989731 0.5 0
221 0.4199999999989147 0.5 0
222 0.4399999999988564 0.5 0
223 0.459999999998798 0.5 0
224 0.4799999999987396 0.5 0
225 0.4999999999986921 0.5 0
226 0.5199999999987339 0.5 0
227 0.5399999999987867 0.5 0
228 0.5599999999988394 0.5 0
229 0.5799999999988922 0.5 0
230 0.5999999999989449 0.5 0
231 0.6199999999989977 0.5 0
232 0.6399999999990504 0.5 0
233 0.6599999999991032 0.5 0
234 0.679999999999156 0.5 0
235 0.6999999999992087 0.5 0
236 0.7199999999992615 0.5 0
237 0.7399999999993142 0.5 0
238 0.759999999999367 0.5 0
239 0.7799999999994197 0.5 0
240 0.7999999999994725 0.5 0
241 0.8199999999995252 0.5 0
242 0.839999999999578 0.5 0
243 0.8599999999996307 0.5 0
244 0.8799999999996835 0.5 0
245 0.8999999999997362 0.5 0
246 0.919999999999789 0.5 0
247 0.9399999999998417 0.5 0
248 0.9599999999998945 0.5 0
249 0.9799999999999473 0.5 0
250 0.445456946303202 0.250162006472643 0
251 0.1974810521688557 0.2412599195958031 0
252 0.295592753295671 0.2490590125556896 0
253 0.4197659560790475 0.2494851318992487 0
254 0.4716561686204906 0.2500631926347143 0
255 0.5914562512331675 0.2567225899760319 0
256 0.710546736161254 0.2667908525280677 0
257 0.5560781783725892 0.254830938572049 0
258 0.6987767524238456 0.2626141796357331 0
259 0.6511314370086041 0.2549319516384792 0
260 0.5694076390289711 0.2530654835288427 0
261 0.7902652821685049 0.2095826988896089 0
262 0.6794158164032668 0.2575247174071482 0
263 0.1215600827881762 0.1374908617683845 0
264 0.1280535466263751 0.3607572672924239 0
265 0.1030247282447399 0.3884638465523194 0
266 0.8879679223087703 0.3819720094836812 0
267 0.09228096009169304 0.1099785761943309 0
268 0.9532511488203679 0.3950108840975942 0
269 0.08313352199967168 0.0986158844491936 0
270 0.9198568085131847 0.07667749586651537 0
271 0.04253156977842273 0.4166631974847443 0
272 0.06485211680872295 0.07895125552784227 0
273 0.05952809893359204 0.4473690660631818 0
274 0.9368036896356549 0.4399721988501416 0
275 0.9343905077154027 0.06352075305339534 0
276 0.04676421234189305 0.4577823351826325 0
277 0.9800512224675156 0.4242914869205293 0
278 0.03611489304579344 0.4654493266697933 0
279 0.962390740685477 0.4665274815651543 0
280 0.9707155808413548 0.01430775326009527 0
281 0.772779917656041 0.1355228796170085 0
282 0.1986653376973966 0.129456835878619 0
283 0.1936835228971688 0.3710058973169836 0
284 0.5392473782062713 0.1298381967382777 0
285 0.5386249025474482 0.377918715242904 0
286 0.4721041280442873 0.1320508389736828 0
287 0.4693430444108001 0.3724656060854519 0
288 0.2646086241097599 0.1317546491510846 0
289 0.2679856306270969 0.3412009734751019 0
290 0.4412134280211858 0.4099537457206018 0
291 0.4424477005867665 0.08908009278421547 0
292 0.3038560851416898 0.3628802022014381 0
293 0.2946387858001509 0.1331004595883413 0
294 0.3881616987654484 0.3721846670637 0
295 0.3836983842732363 0.132161382609181 0
296 0.4054430200171503 0.1333494126131037 0
297 0.4071767821258024 0.3593286728710281 0
298 0.7292758583701842 0.1400923577019242 0
299 0.6262319119163486 0.1222962739187497 0
300 0.5885428308418041 0.3905126792642984 0
301 0.7332715532006838 0.3714840013235337 0
302 0.5790395870918965 0.120122043414478 0
303 0.5591989870045285 0.1252468908664687 0
304 0.6007325774296307 0.375321047264549 0
305 0.6457517160031874 0.1290102185024307 0
306 0.5709094398642391 0.3740148320456816 0
307 0.6020374122293263 0.1367781033953549 0
308 0.55252345070966 0.3759232225091565 0
309 0.6193882118653339 0.3797286217999961 0
310 0.673315281408603 0.1109041603296969 0
311 0.7837114656953742 0.3904843276588133 0
312 0.1213796117164287 0.2695468350687518 0
313 0.7963909344278949 0.3047114375478346 0
314 0.8320234662861734 0.1750179806383783 0
315 0.8154707559005822 0.05845304469194029 0
316 0.1903021077085406 0.05496090590524081 0
317 0.8443137167150028 0.3544664626409906 0
318 0.9261279690495526 0.2145774852563202 0
319 0.9419283394486672 0.2847865650781009 0
320 0.1642380269609467 0.3111068251201393 0
321 0.0568526455782196 0.210694481664398 0
322 0.1297744102351711 0.1980303351839349 0
323 0.8608402240353221 0.05467506773614162 0
324 0.9062334222850688 0.3250202215584354 0
325 0.05471114693840958 0.3080262772112789 0
326 0.06813635844960468 0.1556117354730529 0
327 0.14274768533674 0.4290551837401953 0
328 0.9377549540635002 0.3538972119825138 0
329 0.1473739495707227 0.04726266376322369 0
330 0.05818828240167769 0.3606099846231158 0
331 0.06544336638159432 0.1335275667268325 0
332 0.1065851449607067 0.4306102279247159 0
333 0.8840111849917733 0.04424384409264658 0
334 0.955497496474998 0.1494841158432108 0
335 0.9546507624154582 0.1184631629046918 0
336 0.09248688303651272 0.4513207613082788 0
337 0.1036565421980905 0.03629820636897791 0
338 0.8043090137082107 0.2547435562861583 0
339 0.8429167921168577 0.4631802893496369 0
340 0.03979294388488307 0.3978127249903821 0
341 0.9225535400151723 0.4693329779598631 0
342 0.9789239685994324 0.3728801282604169 0
343 0.8894752091915105 0.4671160478442882 0
344 0.06202507823168219 0.03815987027762183 0
345 0.04155274846048899 0.09732579568385949 0
346 0.03566677138248751 0.4427641573735539 0
347 0.9378462201310835 0.4801142271096123 0
348 0.8760142634539909 0.3883328558214094 0
349 0.8815699338106213 0.4303858573661784 0
350 0.2340469980288618 0.257444345208279 0
351 0.02204331237010016 0.4242189881010184 0
352 0.08272805739062933 0.4836767916610019 0
353 0.9514563166669948 0.4286627806068249 0
354 0.9625663771686913 0.4144460004373618 0
355 0.9317938056378423 0.398516957635481 0
356 0.9468757758739143 0.4576302859786967 0
357 0.02095676444326939 0.4571537537875138 0
358 0.03819150530991874 0.4798921240963283 0
359 0.9414825096059623 0.4158754984752324 0
360 0.9639409004244509 0.4418807597433195 0
361 0.1059146112560666 0.1009954592106718 0
362 0.9786946061354851 0.4577562604382044 0
363 0.9529223616633101 0.01315076765706925 0
364 0.9060632318481677 0.4138384020731541 0
365 0.885443443993697 0.1063334937425642 0
366 0.0728035858522855 0.4356609312571697 0
367 0.06061634390942765 0.01890270000851895 0
368 0.9827338179279959 0.02631075754899781 0
369 0.04030600244138868 0.01912335620677726 0
370 0.9220794991353079 0.4498208743018978 0
371 0.01947555088982316 0.4799396698577617 0
372 0.7497246304098395 0.2233693564428131 0
373 0.9629832706827419 0.04534268804534181 0
374 0.2137405313704252 0.4229893049984337 0
375 0.2633730957647637 0.2006516432589913 0
376 0.2743566844981488 0.3081594722234417 0
377 0.2273176023526526 0.3179965178988739 0
378 0.2608737738137865 0.0655392104427935 0
379 0.3723444416170556 0.3106283182149596 0
380 0.3712455715670585 0.1898244004264689 0
381 0.7230679435427504 0.313853261310746 0
382 0.3486551838895299 0.4411812175940676 0
383 0.356711757948907 0.0515842227188492 0
384 0.3771109140918701 0.4400557674652239 0
385 0.3780686087410314 0.0574053115710903 0
386 0.4928434772988724 0.1839390736592475 0
387 0.4839484802259279 0.3215969339414913 0
388 0.4616644895358252 0.1839771337777832 0
389 0.4555994793882837 0.3176600391977426 0
390 0.3174746576299776 0.06048335854471047 0
391 0.2981239754818123 0.06322307696821385 0
392 0.2999740393894875 0.4371403880367973 0
393 0.4896353149234155 0.05774722098566015 0
394 0.496452245550597 0.4431571734206624 0
395 0.391543077733875 0.312520980185512 0
396 0.3908124615068331 0.1882820344927469 0
397 0.6846204924721352 0.1869787912591402 0
398 0.5165108107847134 0.05374590954981776 0
399 0.512469874398777 0.446584470008534 0
400 0.5015306407879083 0.3102109136393867 0
401 0.3380657654024089 0.05663625401068554 0
402 0.4275912108983636 0.1839987646645827 0
403 0.4257179583986801 0.3155769130385683 0
404 0.5475243616218721 0.4391801795342393 0
405 0.5210092349898357 0.1818950826935459 0
406 0.5291579614788152 0.3175416439010352 0
407 0.6964923682744071 0.4379784035059421 0
408 0.4015300695551232 0.08058433038835663 0
409 0.4084348110291745 0.4242068715923231 0
410 0.6801254010235069 0.315748439845552 0
411 0.7150316047500374 0.3227926174748352 0
412 0.5358002860676842 0.1938856356187724 0
413 0.5575021048903632 0.3093098431537998 0
414 0.6579981501089611 0.05613023109503427 0
415 0.5821391788974328 0.3112632500343566 0
416 0.5627488359846103 0.06742446954618089 0
417 0.5833660310933765 0.1869016918138294 0
418 0.5994367879711452 0.4392597965950083 0
419 0.6023965724621525 0.3159481952499084 0
420 0.5881055211651096 0.06550109687430503 0
421 0.6179878178150108 0.323765816359419 0
422 0.6145605831397556 0.431528345395777 0
423 0.6190953815454803 0.06293075821933077 0
424 0.6165349099570492 0.1822153669941146 0
425 0.6402316876562166 0.05938599993948556 0
426 0.6284353719800001 0.1663705841152149 0
427 0.6403510225155787 0.4308477538177088 0
428 0.6658550043485541 0.1816835283264293 0
429 0.6559839876998295 0.4372677569538402 0
430 0.6751295451454564 0.4442295215655149 0
431 0.6918517972311201 0.06804080107302368 0
432 0.7247332440476721 0.09071467723766927 0
433 0.8238055906304764 0.115883999414944 0
434 0.7703728389455817 0.06692994248184211 0
435 0.721607285526308 0.1810649705494417 0
436 0.7632022817803301 0.1770934597167384 0
437 0.7432932333344247 0.1941191754776599 0
438 0.2218780550869985 0.09517822765336542 0
439 0.08136516156003799 0.3341525360394843 0
440 0.4344631350650481 0.4563171073328287 0
441 0.05328419977215996 0.2568809323159206 0
442 0.1725523270397031 0.1801567067083345 0
443 0.9009112359525702 0.2350676224750013 0
444 0.1692217681515596 0.4039675147324516 0
445 0.7468796536958234 0.2827270251379257 0
446 0.09748587268648369 0.1763517415703542 0
447 0.196501486658469 0.2875995099253992 0
448 0.7535445819070785 0.4079146425712699 0
449 0.9109958792540948 0.267324604292576 0
450 0.847399187051499 0.08573337498756518 0
451 0.8579641923934454 0.1408603902322463 0
452 0.8776900921751268 0.2131311324864984 0
453 0.1227373820822091 0.3174394429306189 0
454 0.7643755127628197 0.3274188453726588 0
455 0.8413339667923097 0.2190435881167791 0
456 0.2059522446307766 0.4105493858852443 0
457 0.0960978037552519 0.2110298683789859 0
458 0.09230835481951853 0.2497600746111476 0
459 0.8509368683072086 0.3099700138018176 0
460 0.7576599184276397 0.2608726302073255 0
461 0.088833066588843 0.2880905025911119 0
462 0.1634797751482403 0.1379540660659297 0
463 0.922999931581638 0.128306977702112 0
464 0.1674483786655621 0.1023555958755022 0
465 0.8929363605874061 0.293815742159675 0
466 0.7909595288367595 0.3530911068153186 0
467 0.09589720757686793 0.3707609447479041 0
468 0.1603577877828042 0.3737757092561166 0
469 0.8233017280093037 0.2879790695831616 0
470 0.1283649610771303 0.39466477868265 0
471 0.1283012448525944 0.2371594944615576 0
472 0.8046880966262237 0.1483360610154064 0
473 0.1561126789046151 0.2172631617737132 0
474 0.820452599035211 0.3766798475035021 0
475 0.1797611297137314 0.3274067505058114 0
476 0.8040737668159158 0.196695325955302 0
477 0.8190445095225992 0.2078418359406163 0
478 0.8005893363356375 0.2795147089447284 0
479 0.1568805968464137 0.2666234894193243 0
480 0.9013189043564325 0.1575674097725904 0
481 0.9181812372397848 0.1673783635332773 0
482 0.8195299465580411 0.3308279385625064 0
483 0.8692395626389911 0.1821397492348112 0
484 0.1260409185146668 0.1566219055795981 0
485 0.9216961709616834 0.3741546763516588 0
486 0.8729706181582897 0.3387042970739492 0
487 0.07772302139043183 0.3760329271216466 0
488 0.9443444980029109 0.09422810351076115 0
489 0.8329129369586057 0.3887162627265837 0
490 0.9389598615934836 0.2450669284758266 0
491 0.8382329858051268 0.4439808378414508 0
492 0.7931306289394908 0.0212114095166291 0
493 0.01823205718489682 0.235588430161025 0
494 0.1226258929547059 0.4220243053675968 0
495 0.1543997087695546 0.06539145438828393 0
496 0.9692930251036552 0.2189722637254103 0
497 0.7817376080846611 0.4165046498036711 0
498 0.9153938874376709 0.2041002306497937 0
499 0.2256487294352686 0.03560340012309366 0
500 0.1519981389192627 0.3435126368218076 0
501 0.1514446646905152 0.4668511802174713 0
502 0.8180291700118411 0.4479930899767504 0
503 0.9472777390489841 0.189698125934923 0
504 0.1235026927412345 0.03416774168068035 0
505 0.03108337278537351 0.1420625515897469 0
506 0.9140687961279097 0.3408910982872057 0
507 0.8503900569342577 0.4202067955662845 0
508 0.02590445849736732 0.1966046337307635 0
509 0.04410198203132115 0.3418343018368908 0
510 0.8695589998605491 0.373419459200206 0
511 0.2119854082795141 0.4665981571067793 0
512 0.236743385757496 0.3825417328029709 0
513 0.8273933203691917 0.04008436000635096 0
514 0.02105902793114707 0.3588003196651065 0
515 0.2235753915294317 0.1414367373700597 0
516 0.9791274779531711 0.3463679248777076 0
517 0.9803833668240709 0.2603586147505726 0
518 0.07865683547697518 0.1211386705065534 0
519 0.1160755455801327 0.4518955758488543 0
520 0.1943240300003241 0.01833116132138739 0
521 0.1736234750876944 0.441267047307587 0
522 0.8590933512772694 0.3959794906567315 0
523 0.9220439710224581 0.05960525974398466 0
524 0.06476434202307611 0.102846479085053 0
525 0.1352143486504251 0.0706157159710773 0
526 0.9813805091821896 0.08281055154317608 0
527 0.05506886549075774 0.1710997237322863 0
528 0.8222149226539622 0.2619080102108025 0
529 0.1111484277959653 0.4784056164432775 0
530 0.8587457374263524 0.4386035949026657 0
531 0.1260536381399715 0.114310388676766 0
532 0.1011425179629712 0.01797997890718467 0
533 0.8434352014517939 0.04774513597933897 0
534 0.4255517300579229 0.1205206413106892 0
535 0.4202624390913005 0.3790984547877294 0
536 0.9361221973969671 0.3748999874832216 0
537 0.02002283568894911 0.3790936331616367 0
538 0.05961635642199364 0.3971197579564985 0
539 0.07237638494265083 0.4593587223450198 0
540 0.1810304717163332 0.475365012346206 0
541 0.9800529497704622 0.3025104821790352 0
542 0.08113332319102337 0.018610167829192 0
543 0.7403808342271351 0.2379672836441188 0
544 0.761308920318245 0.1084250957270881 0
545 0.8682827692511215 0.4594688793090723 0
546 0.079321266207734 0.4493068393495476 0
547 0.9809156712402356 0.1826561349867343 0
548 0.0196673201724032 0.3144069878661329 0
549 0.9118055633942663 0.03522875343243125 0
550 0.1677034542836695 0.03779654649706851 0
551 0.8831665788204338 0.4474679834008232 0
552 0.9638118886462742 0.1373367159021794 0
553 0.9054655522905302 0.3887667650005751 0
554 0.08656943109597012 0.05785839543163411 0
555 0.05872468861839523 0.3781732123953107 0
556 0.8847349027671423 0.4029548353344413 0
557 0.8889894618481188 0.02219520584684418 0
558 0.03944463143760469 0.378518768363915 0
559 0.9072406320925497 0.4349558444971942 0
560 0.9802790873736316 0.1198287911375366 0
561 0.8916756325274591 0.4147217457562369 0
562 0.1187063371569271 0.379914639407271 0
563 0.9203674587724372 0.4128670542922434 0
564 0.8219408218459419 0.4657120465039157 0
565 0.8683055237675634 0.4122192883718133 0
566 0.9268933415550444 0.4250590290671419 0
567 0.04955968432074947 0.4332782546219891 0
568 0.8964293822414076 0.4527116090519362 0
569 0.9848673915360103 0.40002418649659 0
570 0.9231346552091095 0.01727987141452524 0
571 0.08289937656313211 0.3986378662748341 0
572 0.2817048123139769 0.1169395735540606 0
573 0.06393362520222627 0.05832342153490348 0
574 0.06021658204201169 0.4276786960722902 0
575 0.08903645013455384 0.467708149549834 0
576 0.9631737040109816 0.08750911931106815 0
577 0.0423612392295435 0.07822231736410129 0
578 0.955992108076126 0.3736220684583844 0
579 0.3490993929765869 0.2429010543238976 0
580 0.02032345378277498 0.03903310767213987 0
581 0.4493268314833744 0.1264851013513644 0
582 0.4495729697319731 0.3736929523925965 0
583 0.9696931403375576 0.3965859716100134 0
584 0.060253351405998 0.4761825217766241 0
585 0.9576725137950689 0.06574890057496793 0
586 0.7112578508893732 0.1304255794052406 0
587 0.04188499695609942 0.058269240782865 0
588 0.9869139014738438 0.4407682695454171 0
589 0.902231282800868 0.4695190988391146 0
590 0.02035422857089873 0.3996488439545017 0
591 0.5151087146546323 0.2470362819300816 0
592 0.9443190112925628 0.03064607893006367 0
593 0.9885986556815555 0.3849340625036293 0
594 0.7762522266012826 0.2228182457689289 0
595 0.09079519168795344 0.4345549733216472 0
596 0.9519723323086824 0.4084952442568908 0
597 0.05997626054394683 0.4151222177499954 0
598 0.9299872858696271 0.4594378542259665 0
599 0.0978050777984442 0.4147755309252783 0
600 0.07629685443629267 0.4180722794853639 0
601 0.02015221740796873 0.01953733529846407 0
602 0.9835483122159628 0.01451768695532358 0
603 0.0134702509303402 0.4405417380955536 0
604 0.0410916651190213 0.0386011649946196 0
605 0.9802675081830556 0.4804150424627148 0
606 0.9101867041165727 0.4606024790483735 0
607 0.3802158423447233 0.1672143905271501 0
608 0.3800304382532214 0.3325527824811186 0
609 0.4021390642032195 0.04036188807911872 0
610 0.4095303142860302 0.4585525630059457 0
611 0.476902953220234 0.4582765698845554 0
612 0.4716807008221036 0.04253871019344722 0
613 0.372108093590229 0.1512642135019774 0
614 0.37086088560464 0.3491294678897793 0
615 0.2700010697054294 0.1011997268792362 0
616 0.7070897175332651 0.3554627408089521 0
617 0.7060443831056412 0.4110365483910201 0
618 0.4675785572792149 0.3336595244240619 0
619 0.4663676680577672 0.1559046378489421 0
620 0.2487135814064463 0.3982066941037246 0
621 0.4528774393668379 0.3980654360806125 0
622 0.4537512140469687 0.1018656528213845 0
623 0.2835376323532617 0.221577623824522 0
624 0.5289768074977919 0.2795171255288947 0
625 0.7239553878820959 0.399889287342835 0
626 0.6021889928690627 0.2317213972462318 0
627 0.4782294153527592 0.170685649021609 0
628 0.3014210550099548 0.2761387366790723 0
629 0.3725742467126113 0.4047394594168527 0
630 0.3778246000775583 0.1009474403812823 0
631 0.4802134429030905 0.3935756377493351 0
632 0.4824397713332688 0.1069301755512246 0
633 0.2802036419197091 0.2773129812871322 0
634 0.5643737219052085 0.2938726026874453 0
635 0.5533693205078845 0.2103906937948781 0
636 0.3273368480742211 0.2729707849472032 0
637 0.5313746206575684 0.2228788691986419 0
638 0.5418581309629531 0.2769885409743804 0
639 0.54049888209388 0.09089283605639296 0
640 0.5398641039042985 0.4075933104872572 0
641 0.5444598962217252 0.1496566777130205 0
642 0.5496546358203122 0.3416217052121445 0
643 0.5836396258894454 0.2825701111682887 0
644 0.5898222385595817 0.1557351666188074 0
645 0.6504408812942272 0.09257041740839157 0
646 0.5899238896702502 0.4076614247385766 0
647 0.5883375725074169 0.09316996458948271 0
648 0.5709347089170866 0.4085559697332953 0
649 0.5628145001484396 0.08945927119811817 0
650 0.6112448346995196 0.4071143127776933 0
651 0.5526486167733492 0.4081829399009053 0
652 0.5526356336061139 0.09656819349148221 0
653 0.6663232156239026 0.3462360034419591 0
654 0.6368058214137903 0.3345149301369425 0
655 0.5799318694757221 0.04000290430334941 0
656 0.5727928095102189 0.4654171254527783 0
657 0.2665008686947433 0.2331434654085572 0
658 0.613376911546304 0.4655666073342619 0
659 0.68985582050777 0.3584857476550561 0
660 0.5600170212846637 0.03344464189080643 0
661 0.5548731932730983 0.4686537192271306 0
662 0.6178758663772662 0.09430479221159692 0
663 0.6083401680713244 0.0357718154162223 0
664 0.6393521056883939 0.4101052252863612 0
665 0.6273214409067842 0.4664215847090786 0
666 0.6123718353777952 0.1567871896672991 0
667 0.663922288801637 0.4674813696264235 0
668 0.5415946328672968 0.4708991652666445 0
669 0.5396943523334117 0.029290739189395 0
670 0.5050406299209478 0.356166736188601 0
671 0.5038446353028049 0.1495594818264429 0
672 0.4183953448477031 0.2283496449288728 0
673 0.4173988623923372 0.2736484479002682 0
674 0.6790691420278101 0.4057453747161033 0
675 0.6717970259871696 0.03692287686310733 0
676 0.4462596010113483 0.1470277620980863 0
677 0.4516485915863615 0.3466886154014206 0
678 0.6080564596730981 0.338773159667464 0
679 0.2762916944540535 0.03069123940405941 0
680 0.3852163392792322 0.04066550387068205 0
681 0.3875187524049489 0.4623786073561306 0
682 0.6379058616758354 0.1482107027677408 0
683 0.2123340907986336 0.1615548517885872 0
684 0.2463452025443494 0.1507363813418375 0
685 0.701066031883148 0.4719232964132622 0
686 0.7028418294574185 0.2809407332374351 0
687 0.371818136807013 0.4694274367358074 0
688 0.3673842123240534 0.03549954322420688 0
689 0.2538482877905366 0.4699938841452088 0
690 0.732604397580921 0.4647469570978489 0
691 0.222814187546098 0.0522673153082454 0
692 0.3440565171775323 0.4690945889311008 0
693 0.2031459786131147 0.1739850575782852 0
694 0.2163410290522662 0.1234248610532726 0
695 0.6838537117883569 0.08612687316828577 0
696 0.2381958381787809 0.3385670631323565 0
697 0.2460152966353318 0.2639803171944568 0
698 0.8290212205238464 0.1400536811261783 0
699 0.2296325352472318 0.3652862280738918 0
700 0.4238718855280383 0.1514804242705877 0
701 0.4230387426351811 0.3455169410354143 0
702 0.6888904252048992 0.4212463405292614 0
703 0.3615567159879206 0.09644487722672865 0
704 0.3584356382447187 0.4033559112960694 0
705 0.5063080014940896 0.06974676396902758 0
706 0.5081457236147227 0.4244978504593009 0
707 0.3466103354690186 0.3119577025064935 0
708 0.3471557940546938 0.1861977733902435 0
709 0.3940991964508982 0.1546040483046686 0
710 0.3947307092575677 0.3441921397286177 0
711 0.4206529927121726 0.4521502647483954 0
712 0.4257792965278465 0.0459982453343807 0
713 0.4933546887152851 0.1586706386257319 0
714 0.491893368869494 0.3342554793972043 0
715 0.3709577694250287 0.2750816165681924 0
716 0.3568585000940474 0.2269901641307127 0
717 0.7495944663716071 0.458857594131219 0
718 0.3181315950442221 0.3467994004851891 0
719 0.7667942402094157 0.08925188041789786 0
720 0.625845774798274 0.2805619161340033 0
721 0.7198579560437377 0.3341836294757782 0
722 0.4369251713491382 0.4370984621822324 0
723 0.4411033252644599 0.06342068428551216 0
724 0.4527000254223835 0.4455713949671369 0
725 0.4513003364860982 0.05488102548030879 0
726 0.4626873688830139 0.2167270157194169 0
727 0.4608103341693663 0.2844498088638132 0
728 0.8173266855244968 0.08471103856897969 0
729 0.0559288079120769 0.2319712621875113 0
730 0.8705730662947498 0.2355669593823388 0
731 0.1843526054613941 0.1576741504248877 0
732 0.8367436893895589 0.1585912302245568 0
733 0.7504818587979829 0.3129417571182811 0
734 0.9813082849882757 0.2392893524864717 0
735 0.6531873364694338 0.2181585537110826 0
736 0.3502387669221483 0.1388142404895555 0
737 0.3394485860893394 0.3622190368720825 0
738 0.6930689771380468 0.168932811254591 0
739 0.7184161252777398 0.2899416124890006 0
740 0.9825240105225814 0.201001904446688 0
741 0.8862997734190597 0.2447821719240261 0
742 0.7342045305714311 0.2553124165707457 0
743 0.4206807246059815 0.4009430545123116 0
744 0.4179181136292036 0.09757345152717867 0
745 0.209658267039426 0.3556736806497522 0
746 0.8549460275982534 0.2899083091764258 0
747 0.4405127217717116 0.1114740056936333 0
748 0.4394378403240267 0.3881380043198641 0
749 0.2803457891922963 0.3263590959142474 0
750 0.7424315916242484 0.3907276154960207 0
751 0.7921913818567419 0.3289619774320136 0
752 0.174942580955991 0.1179895145964924 0
753 0.03524779227626766 0.2976222325632047 0
754 0.108208072211495 0.3458313899671304 0
755 0.2105980355051517 0.1096281214800708 0
756 0.7183437424725153 0.1106812129988825 0
757 0.8873255632383467 0.2633635855062412 0
758 0.8274144537881953 0.1917479460188013 0
759 0.776560716237732 0.1945526271731869 0
760 0.175044315352141 0.388067887707049 0
761 0.2403599840362423 0.0495121323202239 0
762 0.1954439232169863 0.3112504844958572 0
763 0.8653998777976087 0.09579660498907708 0
764 0.2178333161442039 0.2111283972982408 0
765 0.8762822050115285 0.2838582711314177 0
766 0.1807547327524409 0.1348519630977163 0
767 0.7686837036492995 0.1501935814813127 0
768 0.2204357676925193 0.2673447771155629 0
769 0.8345812378090373 0.07757728409252415 0
770 0.8359724021620194 0.1001579397894376 0
771 0.8729432503047441 0.122547719779663 0
772 0.7891313791189573 0.1419626367099649 0
773 0.2153795481199014 0.3934595763384445 0
774 0.7432598071502579 0.09989153324667577 0
775 0.8509058421377974 0.2360637269361548 0
776 0.8540197713555181 0.1114748053800299 0
777 0.8462872864751555 0.1962011732133733 0
778 0.06370980235682371 0.2790540997719488 0
779 0.1930645606028503 0.1078775605475673 0
780 0.8406442583039223 0.2747166113847905 0
781 0.980261028640994 0.2815031988694778 0
782 0.01315081857171181 0.2772821724063578 0
783 0.1064937288714496 0.1906151604828611 0
784 0.02472528588694944 0.3353109995163618 0
785 0.2046546094361334 0.07008054396546619 0
786 0.07742074916017283 0.252229028798805 0
787 0.709693147667842 0.1754638566837634 0
788 0.04672304594776177 0.289306959559538 0
789 0.8552571707235268 0.1612696508817087 0
790 0.1026881463447675 0.3254194128188437 0
791 0.9598433353477727 0.2359594235919487 0
792 0.2318295903422445 0.1625563547212724 0
793 0.1645438963289859 0.2004950793187262 0
794 0.1924178602986944 0.3907150834968468 0
795 0.8185895025000054 0.3536836786697706 0
796 0.0765068158856192 0.2322288896794506 0
797 0.7803747393017704 0.3149257213640205 0
798 0.09600086765891218 0.3056661830767483 0
799 0.8027420756271279 0.04080022725893222 0
800 0.129699277169 0.3404364431981818 0
801 0.8409496783283783 0.12639525050106 0
802 0.7495971986347256 0.3447152353953983 0
803 0.07855521037375735 0.3133540661514239 0
804 0.1464080650976608 0.1668510053029349 0
805 0.7696081014209878 0.2951403702336987 0
806 0.03652298527746713 0.2323322001936774 0
807 0.9048572664561483 0.1173785160117395 0
808 0.8507874962199287 0.1784851624428289 0
809 0.1598528176434038 0.4573824900621986 0
810 0.9605900942308187 0.2616071693404302 0
811 0.6911857272769698 0.2337475026688872 0
812 0.08003260447258068 0.1892431939907792 0
813 0.2984827665911645 0.3356414240190177 0
814 0.8927314005320555 0.1328962172888528 0
815 0.283067543391949 0.1562617627851938 0
816 0.1425818084745112 0.3119223122879962 0
817 0.1725710921392547 0.3535485772776884 0
818 0.7189562649457595 0.1589208313424724 0
819 0.08197932634806038 0.2708821191393397 0
820 0.7024335108789729 0.1927836172599231 0
821 0.7869726415975179 0.05165685969683318 0
822 0.6931441288756746 0.1222046062555209 0
823 0.1789706001270632 0.3024208918735094 0
824 0.2090854436928051 0.0359544530938934 0
825 0.2066956825460814 0.05312198036400519 0
826 0.03764065267430147 0.3229148546645421 0
827 0.3115800111494086 0.122008537221146 0
828 0.1160195107874493 0.2925035046055256 0
829 0.1934903474259337 0.3478159059761928 0
830 0.1148296882663444 0.2476707791041982 0
831 0.9631835353306597 0.2026196734062195 0
832 0.7490814245740656 0.4332065080099062 0
833 0.113458735078774 0.1655591460529272 0
834 0.8228963003566624 0.3074540681406024 0
835 0.1352959286535385 0.2138805381628583 0
836 0.3979084950077278 0.1089806093108657 0
837 0.4022728018156998 0.3849020758031929 0
838 0.03501214822705064 0.2086670628917355 0
839 0.8075568743476955 0.3180835797351866 0
840 0.8118356735147794 0.2951353419510701 0
841 0.8821841290418464 0.1491353880966194 0
842 0.8469535670761202 0.333342600379533 0
843 0.1516268708559209 0.2460099924584503 0
844 0.8746759417506864 0.1658851929265433 0
845 0.7892588587863095 0.293525191444074 0
846 0.1970153271327376 0.2648204588728574 0
847 0.9790390527749147 0.1388553485150519 0
848 0.2125884786962497 0.3066287968849391 0
849 0.7581424686464499 0.4438670845957751 0
850 0.1425605786024598 0.3794318827965533 0
851 0.8653105765927696 0.2986026716930397 0
852 0.1458868382159807 0.4479288616505442 0
853 0.1728020930795763 0.2359173090768356 0
854 0.7527154102504953 0.06863197712698201 0
855 0.2800566654736314 0.06442936265553405 0
856 0.1723101225399377 0.4675669516690438 0
857 0.1468274951371349 0.194832398313799 0
858 0.1549562217005542 0.3949970217984517 0
859 0.911340350496519 0.1430111238874243 0
860 0.1827386526177803 0.2113058612379994 0
861 0.1613646472071959 0.4193273071185876 0
862 0.8647173115642566 0.2155521674205795 0
863 0.1919501323141985 0.1917746134806513 0
864 0.1758961542429632 0.3712341556642049 0
865 0.8221198163525518 0.2369097678809354 0
866 0.7965986272201023 0.1243228083837466 0
867 0.8052064998139479 0.3416784014655325 0
868 0.794430336516248 0.3781419913816708 0
869 0.1131220888737815 0.2056998407390248 0
870 0.2847166925845819 0.2010526996860887 0
871 0.03673920977905321 0.2485856425229857 0
872 0.1651700825769032 0.1530864569560959 0
873 0.09034855682069022 0.3528023786054588 0
874 0.8825051890479372 0.3125390230510955 0
875 0.7503209196478042 0.153692226844131 0
876 0.2096131914186928 0.3316430923968224 0
877 0.102066767790102 0.2639717536901065 0
878 0.07720501245933008 0.211680122557024 0
879 0.4344827214186892 0.09950733058036247 0
880 0.4335690157535244 0.3994053081803559 0
881 0.8351135838794555 0.3202312686565358 0
882 0.1420523142919744 0.4121649513515012 0
883 0.1237811126021918 0.2565109756445174 0
884 0.7930260591574658 0.07781051114606337 0
885 0.129060119262026 0.373297712382106 0
886 0.9676566419730649 0.1859503877669292 0
887 0.1955322299188618 0.4324101563987288 0
888 0.1431950882626179 0.228759624115411 0
889 0.06632024626750301 0.3177105965827695 0
890 0.9033407828685139 0.2780843195577544 0
891 0.1424285078948829 0.3602126835918533 0
892 0.8738905856662514 0.07957046041649497 0
893 0.919696354144007 0.09948903722222097 0
894 0.8646166411934873 0.3591712442589536 0
895 0.1632221449646929 0.3854211608376582 0
896 0.7861453297113554 0.09709067404474968 0
897 0.7632337320605855 0.2354057931745205 0
898 0.7677107132432234 0.3499958528444939 0
899 0.1015363509147387 0.2816379027069431 0
900 0.7600191556423378 0.3843134592161221 0
901 0.1488540615915143 0.1140348980194328 0
902 0.09977565188076544 0.2330269496983027 0
903 0.1465982496706176 0.3297063217532184 0
904 0.7983710479987135 0.452700873011605 0
905 0.2499791729533276 0.3757671337606448 0
906 0.8948497247304889 0.2090472386462328 0
907 0.146071440285675 0.2086693517712703 0
908 0.4524485197863122 0.4234356429346644 0
909 0.4534233110897111 0.07613525368481992 0
910 0.9194256138214741 0.233735878266173 0
911 0.9474709563194524 0.2173357730290208 0
912 0.7349058594532592 0.2999740583150508 0
913 0.9796411838190688 0.3238913540186997 0
914 0.2006135556848083 0.2201049320448824 0
915 0.7327085644469187 0.1719374630410955 0
916 0.7275682998584873 0.2735244818060288 0
917 0.1762780942837159 0.2642026702835953 0
918 0.1737618448411199 0.4243733620684091 0
919 0.04070816395480979 0.3597105287547449 0
920 0.8650542970144047 0.1989342058505516 0
921 0.1352466330657711 0.2525127491268251 0
922 0.3194916047205725 0.3741321123764938 0
923 0.9607718516545211 0.2830246324268014 0
924 0.3275762948280075 0.1406715766753984 0
925 0.02861039674327176 0.1895664300094336 0
926 0.9080321180422025 0.2170383098249619 0
927 0.07193437511967565 0.2966990301587806 0
928 0.1936028673988875 0.4716472732068838 0
929 0.1197501423906119 0.222019219209873 0
930 0.8853841617300599 0.3695341847683348 0
931 0.8142355254227439 0.1874725628026714 0
932 0.9220723831037624 0.2498892271000705 0
933 0.190798082416221 0.03691262012455092 0
934 0.8897222698229799 0.3318925352107789 0
935 0.07153245226596072 0.3466321748017689 0
936 0.9176866429333296 0.2220524227772714 0
937 0.7781046986969781 0.3405284120953941 0
938 0.8629504890579156 0.3238579350482549 0
939 0.1630919071049915 0.1239333572604384 0
940 0.8858799728650151 0.2219701477065998 0
941 0.8058295905114076 0.3653522056851715 0
942 0.4262727799005537 0.4177642328653588 0
943 0.4288620188627583 0.07765121853951057 0
944 0.03630635278298877 0.3105908961910855 0
945 0.1567388196989567 0.3580894879841658 0
946 0.8638843874481561 0.4816625804682898 0
947 0.07430130268848285 0.3585515726097355 0
948 0.1751192173172657 0.01751717704757291 0
949 0.9063952979667129 0.2547888203573981 0
950 0.8572922824340495 0.3461475927451027 0
951 0.3634163051726597 0.3229977347732813 0
952 0.364033217924899 0.1763251308076096 0
953 0.3286142480442484 0.3832993656646167 0
954 0.3343231441437782 0.1235436548977773 0
955 0.1924569544685597 0.06777386956456072 0
956 0.1127731319355807 0.3641697258724581 0
957 0.06357440147003921 0.329656789608576 0
958 0.720451311349216 0.196103793810743 0
959 0.7535302993651037 0.3671058668398575 0
960 0.02421404820678565 0.1198260815534099 0
961 0.8134952167107944 0.1321793845175296 0
962 0.8941725674454653 0.08893288021805651 0
963 0.7978369512265573 0.06335310987243868 0
964 0.9237001556809363 0.1915821182433668 0
965 0.8809661981651168 0.2024101503811793 0
966 0.3911009271588715 0.4309519836664109 0
967 0.3882965337037235 0.06847090283614872 0
968 0.03945365293226162 0.1898232752044571 0
969 0.7122184771977307 0.0623326200594834 0
970 0.822423215589546 0.2754409951548575 0
971 0.9074842996794732 0.3034383782094131 0
972 0.9283079211778892 0.1533689572482983 0
973 0.03427284421530383 0.1553957754940512 0
974 0.1383815248103908 0.4624131120828258 0
975 0.1607105850121592 0.08466480796698801 0
976 0.2005216694091386 0.087554330541874 0
977 0.8056576824448709 0.1059791299104004 0
978 0.9824682331594208 0.2196558278689224 0
979 0.1369983761777101 0.4801260894881394 0
980 0.1421224154260007 0.3484298924487954 0
981 0.9039600586928466 0.01270489917203238 0
982 0.8996703394532066 0.07049816731704724 0
983 0.03772910144337086 0.1730486451181531 0
984 0.8324914821807614 0.3652368789680141 0
985 0.8965689096334378 0.348187953526971 0
986 0.8493060406018138 0.03652526768136526 0
987 0.7354469671076368 0.3261366728354619 0
988 0.271062252379253 0.2558374010616821 0
989 0.8170100813191515 0.01952545353847823 0
990 0.8552853559993811 0.07092531061816475 0
991 0.8104725688589278 0.3889416109107999 0
992 0.1545243285706413 0.4340225396481141 0
993 0.838613887407147 0.2938178814033553 0
994 0.9334757258165046 0.2278008078830127 0
995 0.8204773968672734 0.1543733693016549 0
996 0.1230259908043934 0.181283491752216 0
997 0.2243469705253872 0.4402503599231902 0
998 0.9211432583046554 0.2879578324134049 0
999 0.8323049266897775 0.343064529400132 0
1000 0.9318139026237615 0.1163076939328255 0
1001 0.7145486852241342 0.2499626917915843 0
1002 0.0722358258789074 0.1684336343249189 0
1003 0.8400639571169272 0.2530803517646824 0
1004 0.1451240660364573 0.1383298267481317 0
1005 0.09483748131201976 0.1974209058297303 0
1006 0.1326981355531897 0.437120210334607 0
1007 0.9236193591912355 0.2672067118782401 0
1008 0.09732187661035725 0.4880292292636358 0
1009 0.159617812537955 0.4799997521337862 0
1010 0.1814767809367147 0.07961175427349479 0
1011 0.8154713771445854 0.03349948695796209 0
1012 0.811188738255934 0.1720319851083403 0
1013 0.0911378977608633 0.1357422586558992 0
1014 0.8531365277981995 0.3626636059668291 0
1015 0.8022753550320247 0.4067476312656153 0
1016 0.6287787562478838 0.258801844274067 0
1017 0.1655429091081963 0.3371899347689679 0
1018 0.05301017232692337 0.1496709335415536 0
1019 0.2165866723397085 0.2432176905349695 0
1020 0.1780571246889078 0.2865423063029131 0
1021 0.9093730183037616 0.1813407164145171 0
1022 0.8375399568050342 0.06438971432984512 0
1023 0.1400163787056917 0.2907430795304123 0
1024 0.9365103893324396 0.2032153070372436 0
1025 0.7926245353291364 0.1824412158872051 0
1026 0.6318578163517423 0.2397410120636813 0
1027 0.7173218462420676 0.2233390447431937 0
1028 0.8997144893057194 0.3139473166371638 0
1029 0.7155218111056853 0.4483674046089048 0
1030 0.1732098993695252 0.05941234907746405 0
1031 0.01664722224457737 0.2158781106021513 0
1032 0.03982582792703607 0.1333463004337999 0
1033 0.4820811803471728 0.3727952053213135 0
1034 0.4836408367499531 0.1248503496506718 0
1035 0.4732160968415836 0.304580283004489 0
1036 0.4782645519939249 0.1983057195471941 0
1037 0.241711456459786 0.1359681640875883 0
1038 0.8799525409111865 0.3539871349107195 0
1039 0.1800490993275514 0.4852043445719949 0
1040 0.1128097960651431 0.4051765165399617 0
1041 0.0877463894296109 0.1610810625085303 0
1042 0.7902432975775301 0.2366743001449942 0
1043 0.2080493616220486 0.2030844499625584 0
1044 0.1585343592104044 0.326450715968023 0
1045 0.7825948879966943 0.1620805940822409 0
1046 0.08329220957475093 0.03766970398022375 0
1047 0.8929843966431187 0.1728948367136327 0
1048 0.8056867601954422 0.2230425151476005 0
1049 0.8396502212805096 0.0232600806718288 0
1050 0.05707045342095315 0.1903253712894718 0
1051 0.958827326136644 0.3267927564778173 0
1052 0.8494859519196497 0.376957780438999 0
1053 0.07761091727786978 0.1470319281380408 0
1054 0.8250696827104044 0.4076404476314077 0
1055 0.1875487531581516 0.4127104352998606 0
1056 0.9332649623639215 0.1782433669149531 0
1057 0.7755074068322596 0.3655623163411853 0
1058 0.1224762159644281 0.09508021751503161 0
1059 0.9193938007946452 0.3140472358584311 0
1060 0.7020805773013252 0.1501481169185404 0
1061 0.01565158627303947 0.1982395615370236 0
1062 0.9188905526038124 0.3592632817866956 0
1063 0.9599805678603743 0.3043121413569199 0
1064 0.8862757898056093 0.1880811339871973 0
1065 0.7763221865149084 0.4615186328285434 0
1066 0.3235886521328118 0.245834213548776 0
1067 0.197732158649975 0.4852807166609284 0
1068 0.9276786540263723 0.3032498392725077 0
1069 0.8844293715797148 0.4826257049158562 0
1070 0.2117789285533716 0.3700638264911791 0
1071 0.1595832843440437 0.2881989176664534 0
1072 0.0212953062753509 0.0980954070353313 0
1073 0.9412020847767268 0.2645878270524227 0
1074 0.7728354355074104 0.3806346905303002 0
1075 0.7700415344561149 0.3999755625715594 0
1076 0.1383217020569924 0.2700864393448932 0
1077 0.6944687601770611 0.2100017766691947 0
1078 0.186134251755432 0.4578382998758364 0
1079 0.05147655224927187 0.1205736569353545 0
1080 0.8638588267317623 0.03869286623656622 0
1081 0.4797862502612378 0.4256497813700445 0
1082 0.4785678615061092 0.07381204309635647 0
1083 0.2322915084390082 0.01871063266182953 0
1084 0.9344779474061434 0.3282139702001389 0
1085 0.9656476440566371 0.0291678866701345 0
1086 0.9395356646426681 0.01019894420201495 0
1087 0.9583450466344494 0.1762411592877497 0
1088 0.06002482218697843 0.3447179099475095 0
1089 0.04897547965454145 0.3260600804125164 0
1090 0.1572298490811803 0.01601233448227269 0
1091 0.1041370659597747 0.1233682850744286 0
1092 0.9442001611355515 0.1642956468797625 0
1093 0.1286172226032361 0.05194033145890168 0
1094 0.1417486023577048 0.03119749496184514 0
1095 0.1548063589100046 0.0279391564081903 0
1096 0.9673202170499886 0.1013917370896627 0
1097 0.08802671764057046 0.4222139874232336 0
1098 0.1800030870443784 0.09667080956729644 0
1099 0.7997156925282388 0.1605280275384001 0
1100 0.9578189061958169 0.3501972646144014 0
1101 0.9015945579648304 0.195560389280935 0
1102 0.4363921952581839 0.3608050853107718 0
1103 0.4364939418515488 0.1369625839485843 0
1104 0.01988753423793729 0.1797730355427765 0
1105 0.2169020590193062 0.4834288715653519 0
1106 0.2043542898954243 0.4493426062180827 0
1107 0.1416287753075715 0.09044130664301252 0
1108 0.9015147373450142 0.365304935704993 0
1109 0.9812743870892675 0.04379094922392915 0
1110 0.9395520804875492 0.1384709440779179 0
1111 0.2450422674565337 0.2036039208630692 0
1112 0.4652598187085636 0.02005156699579114 0
1113 0.4767792665548733 0.4804222193310324 0
1114 0.5318896958011948 0.3409907911730108 0
1115 0.2802198821466419 0.3939616080168664 0
1116 0.5210028323053362 0.1549742231162077 0
1117 0.6308269253420811 0.08252764366379037 0
1118 0.3155399812760014 0.287389997922071 0
1119 0.5113188745451727 0.3319807894361204 0
1120 0.5065857199362563 0.1705108926740363 0
1121 0.6459728921622235 0.07647104976642608 0
1122 0.5754505420955853 0.2656269017359215 0
1123 0.4623726978671498 0.2364202900065127 0
1124 0.4618035632932092 0.2640733430413693 0
1125 0.4015557838140716 0.02128103614719007 0
1126 0.4005698106645235 0.4837329794756627 0
1127 0.4985288574829681 0.2357241850926802 0
1128 0.4981324091370273 0.2632773433543053 0
1129 0.2370240319525859 0.4825552328608336 0
1130 0.2531064717900772 0.0231059695068247 0
1131 0.5477534465277537 0.3259902590544441 0
1132 0.6581032338620196 0.2001258834532774 0
1133 0.6717800149580299 0.2201386594781979 0
1134 0.6206521339192628 0.04554864277572133 0
1135 0.4980660428668768 0.1338487078084645 0
1136 0.4992458630679854 0.3755656406827095 0
1137 0.4509068757326397 0.2366155576740925 0
1138 0.4504485641531271 0.2639151210320752 0
1139 0.6627234981033708 0.07311505873825658 0
1140 0.4757054647626813 0.2598662537329064 0
1141 0.4762091145814444 0.2403006133156009 0
1142 0.5432550147795224 0.2946786420717766 0
1143 0.5856613996406925 0.3328202965628523 0
1144 0.6646996427257388 0.2689992440832456 0
1145 0.6624772882171158 0.4188477183485064 0
1146 0.6495490511758582 0.4522235364056383 0
1147 0.6197351320496867 0.140712567343623 0
1148 0.663810890533852 0.2968494237410014 0
1149 0.60273436668613 0.1133164668047004 0
1150 0.5702405333711619 0.3560431892644356 0
1151 0.3930177800348743 0.2707497984727221 0
1152 0.3952638240489569 0.2424773491159312 0
1153 0.3348493592369271 0.4156174354349164 0
1154 0.2291104066293262 0.2074851045244081 0
1155 0.3434021915396963 0.07844397253505986 0
1156 0.2855103465156976 0.3521988499707927 0
1157 0.4293812829979065 0.2872502429733826 0
1158 0.4302009967192215 0.2139909282658722 0
1159 0.2743032100046557 0.4823694505741611 0
1160 0.5838880034668477 0.1386768989281418 0
1161 0.3808752151469249 0.1144005399143504 0
1162 0.3788541267056574 0.3923272181973201 0
1163 0.5720274159516278 0.05521913159243837 0
1164 0.5324419890543968 0.10946968444461 0
1165 0.5335345181316641 0.3937031433390402 0
1166 0.3208243845109702 0.2072557442587482 0
1167 0.2807382118945737 0.08147233071761581 0
1168 0.3057982091164412 0.2974406058578686 0
1169 0.6848262304458566 0.3400584382614506 0
1170 0.2654831176670898 0.2197836355401155 0
1171 0.5884701847065561 0.3738855362712925 0
1172 0.662875586898609 0.4554179205340743 0
1173 0.6503529902133924 0.1096731409388511 0
1174 0.5663130883833829 0.4505654377682329 0
1175 0.6468144622582911 0.4200300669083698 0
1176 0.7086813970976125 0.0175922776642878 0
1177 0.9291864427199753 0.0449461883008315 0
1178 0.519659836312846 0.1331697403602244 0
1179 0.3836631777515511 0.1456982534609027 0
1180 0.3844684753666925 0.3544835781560884 0
1181 0.7458911082029529 0.4805443860825405 0
1182 0.5286929515950891 0.3635462190237829 0
1183 0.7034467987785313 0.4534224698341733 0
1184 0.6077090154637991 0.4539834715973067 0
1185 0.2869079244071209 0.4610991716418957 0
1186 0.2624765416029311 0.3838740052252505 0
1187 0.5591031723681429 0.2725753711693212 0
1188 0.4434251011923113 0.2268914870871345 0
1189 0.4425882269354419 0.2739391046182553 0
1190 0.3594127369902417 0.423703312731161 0
1191 0.6268253239277664 0.4205494615088933 0
1192 0.8222409166391345 0.4829528778553262 0
1193 0.3638858378706684 0.06676112703442488 0
1194 0.7031450476610979 0.3373388380323417 0
1195 0.5708143856363928 0.3913390643695944 0
1196 0.2970067647456976 0.05121006449473531 0
1197 0.5676695819825471 0.3377140844103964 0
1198 0.652189282451982 0.03833910771125255 0
1199 0.2669223098154587 0.4654738128768168 0
1200 0.6165076423653624 0.2652169231081016 0
1201 0.5221972228358539 0.2962906645030162 0
1202 0.2836825671848881 0.04856122171955921 0
1203 0.4961662947166989 0.4809692418360803 0
1204 0.4854244308257159 0.02012072035117369 0
1205 0.2842974089389092 0.178350259516353 0
1206 0.2618441558082595 0.1542586688703016 0
1207 0.7099791864539471 0.3783152416981315 0
1208 0.36731439111216 0.1346963948529102 0
1209 0.3647657604197165 0.3675337356420245 0
1210 0.5555607986073144 0.2361557661528793 0
1211 0.2732851351857924 0.3682187929318249 0
1212 0.6925728314221449 0.2956103129818404 0
1213 0.3119106708419318 0.2607837576506487 0
1214 0.6687637710915565 0.3902386911616281 0
1215 0.4025229096355335 0.2841791564403591 0
1216 0.4021265671107309 0.2203822895186105 0
1217 0.2993311410913873 0.08044770550164546 0
1218 0.6942523391539006 0.3942930331185342 0
1219 0.3780011979637448 0.02357567433290874 0
1220 0.3669622265275878 0.4839926995721215 0
1221 0.2517580517075942 0.3582791404448669 0
1222 0.6047574585665798 0.3874448529023405 0
1223 0.3830423591093887 0.2792757054881571 0
1224 0.2232785506308278 0.187804354850846 0
1225 0.7556660203207714 0.04618598406922927 0
1226 0.550997994026968 0.3587878085495503 0
1227 0.3641004371571804 0.2952355754590017 0
1228 0.3602261024692727 0.2051987414999861 0
1229 0.675043488436752 0.162427022145729 0
1230 0.5546348590903378 0.1082478903931783 0
1231 0.5531927972190011 0.3922107998056092 0
1232 0.5907882285909535 0.2956402563077154 0
1233 0.5187149857374543 0.2295985199034512 0
1234 0.3447324515574545 0.2239992355029682 0
1235 0.2960083305456172 0.01758605581153975 0
1236 0.3067707123339024 0.2282697666108364 0
1237 0.6581922480767869 0.3264946519271029 0
1238 0.2565264898373161 0.1778907311586546 0
1239 0.5340453649363718 0.4186681638894341 0
1240 0.5369900769944335 0.06360757744538263 0
1241 0.2987923544706821 0.101806230800536 0
1242 0.539238978987048 0.2595750369852161 0
1243 0.2951325768630416 0.480724853802452 0
1244 0.7408899206453065 0.05775837607949622 0
1245 0.6440135928471861 0.384513960185235 0
1246 0.5722446892920896 0.1640072471672242 0
1247 0.6679624480621179 0.2395556937378366 0
1248 0.6671151857032976 0.09001026781626326 0
1249 0.5647927038653573 0.1444222475135847 0
1250 0.6510489127229064 0.281895323843665 0
1251 0.331104110716275 0.197398993634812 0
1252 0.4614406228471125 0.250168282673517 0
1253 0.4818489954202618 0.1457372768475615 0
1254 0.3233790406203088 0.3939980247580915 0
1255 0.4821351418923473 0.3509053390427216 0
1256 0.6375520782856707 0.3161607892967915 0
1257 0.3358332259247741 0.03792684885677167 0
1258 0.3450129154607848 0.4517591767733484 0
1259 0.3302473858467808 0.2993725267406959 0
1260 0.5906741754910031 0.4602929506655625 0
1261 0.6014142301195243 0.4778718956216179 0
1262 0.3126896261808839 0.1793530979736615 0
1263 0.2561027353898555 0.4829905468588746 0
1264 0.5776414682036671 0.4819297410698856 0
1265 0.3640437348612022 0.1172752029872532 0
1266 0.340462392209951 0.2123794307389107 0
1267 0.3436227658661682 0.2836886845654938 0
1268 0.6933223460603745 0.05580314798049438 0
1269 0.6236775737755691 0.4825180566559006 0
1270 0.3607936623507739 0.3860696311006004 0
1271 0.5556527703909457 0.04875669042121186 0
1272 0.3742877580254574 0.232953435030545 0
1273 0.3359022767123358 0.09399057513970072 0
1274 0.3648281491136634 0.2509007660136191 0
1275 0.5178508180570957 0.1194008129971852 0
1276 0.5158835361832538 0.3828241327140115 0
1277 0.6087017099124586 0.2949728883838667 0
1278 0.5497617204518489 0.4542108364237728 0
1279 0.2215267498085172 0.3480948616405081 0
1280 0.27019114735428 0.2960089024419285 0
1281 0.1084776924628892 0.05559007606219315 0
1282 0.7355720640288878 0.4446691538149149 0
1283 0.2391977227151423 0.03662043796471342 0
1284 0.6872780888925655 0.01856027815716601 0
1285 0.3669894386221324 0.450504899849739 0
1286 0.3715087557164744 0.04556704583528904 0
1287 0.6430418103720932 0.4835487790724909 0
1288 0.6329857679831001 0.1047609965273676 0
1289 0.442615933123542 0.3016708575331168 0
1290 0.4452586400510737 0.199052759904295 0
1291 0.4627837117330039 0.3839950026246498 0
1292 0.4635496249767497 0.1168560723041498 0
1293 0.6858964194993423 0.4646647788496391 0
1294 0.2415006780222208 0.1897783059500054 0
1295 0.5583151771358518 0.4835958619273197 0
1296 0.6001503537860571 0.2740529462349142 0
1297 0.02077712192323588 0.2923811212241249 0
1298 0.375423345765077 0.08037056949121345 0
1299 0.3804285104156194 0.4157080145452973 0
1300 0.6625870085778232 0.483583281281751 0
1301 0.2866945662112808 0.2653869749829765 0
1302 0.5407987839116899 0.01442032751221849 0
1303 0.3423153756697052 0.1050831277448562 0
1304 0.6281337323232387 0.4468461046589957 0
1305 0.7365235061063061 0.4179994005850273 0
1306 0.4946472776169318 0.210420013970015 0
1307 0.4913234343898644 0.2921984765847651 0
1308 0.2521478446717166 0.3028260165987474 0
1309 0.5922546734686076 0.3535046450634378 0
1310 0.2417462898408382 0.06872930031681324 0
1311 0.1149492456151576 0.0756322741107172 0
1312 0.702641871084668 0.08167446314189582 0
1313 0.6960846168707637 0.2505842764019264 0
1314 0.5400095810261977 0.4827353330420713 0
1315 0.525525549180659 0.01179586521504976 0
1316 0.5236644740873465 0.04232588823616628 0
1317 0.5303255664156146 0.4594013063621219 0
1318 0.4835699619353153 0.2258670663432913 0
1319 0.4820046000129152 0.2749149926002716 0
1320 0.7087291175712694 0.3049243343966496 0
1321 0.6934196358690695 0.3717805621666763 0
1322 0.6009422781729524 0.1701615065046565 0
1323 0.5754503692728977 0.07886624503836862 0
1324 0.4537577673632792 0.4592833299352336 0
1325 0.4486074137695803 0.04111209175075998 0
1326 0.2767845991944585 0.01820361589644686 0
1327 0.5615175519988148 0.01715399743283573 0
1328 0.7488420214116601 0.0818713375325669 0
1329 0.462757247543518 0.3614902242682639 0
1330 0.4578129800816131 0.1407732654811462 0
1331 0.6840229888278607 0.142291606304142 0
1332 0.3978074205843046 0.05612366545998911 0
1333 0.4003143912091883 0.4448510547996233 0
1334 0.5510367175780058 0.0782537923376479 0
1335 0.7621142007683394 0.2088840696542458 0
1336 0.7010069082763601 0.483428937030126 0
1337 0.950037065431126 0.04462244660248173 0
1338 0.6754673915774874 0.05445522154323142 0
1339 0.5874496077539031 0.02095027238134597 0
1340 0.4667013202486434 0.08929649202444513 0
1341 0.4660342894381552 0.4104797227502192 0
1342 0.5056069840425069 0.397717826296712 0
1343 0.5128828311240303 0.09752939631931566 0
1344 0.8421596872131711 0.4031001673307739 0
1345 0.8109511435059824 0.4292725435731029 0
1346 0.1122139815500192 0.1133128690458124 0
1347 0.2226395733294868 0.07097288436985534 0
1348 0.550464790823006 0.423654385071134 0
1349 0.3111435250663959 0.0405616548929927 0
1350 0.4314347009518046 0.2383902181673494 0
1351 0.4307094789201602 0.2620489128917637 0
1352 0.3309296249988746 0.4534895125385764 0
1353 0.6217741010399033 0.02152937164466305 0
1354 0.5713078313678019 0.42853919219024 0
1355 0.3261097932762064 0.2195448604723339 0
1356 0.699845290689725 0.1036245479760829 0
1357 0.3106879848281182 0.3141162301528799 0
1358 0.6900568813555833 0.2708420362001782 0
1359 0.8796027244539697 0.06238532725491382 0
1360 0.01833002202306028 0.140521898810511 0
1361 0.6344616589857812 0.1959263821762583 0
1362 0.6791763376019687 0.07048438539784367 0
1363 0.7784783304350013 0.2724493299529076 0
1364 0.7116991875935459 0.4653399870000125 0
1365 0.656341503390487 0.155435574130943 0
1366 0.6867579399934116 0.09920326673942485 0
1367 0.2487268876297925 0.2219807939469463 0
1368 0.2336471158708638 0.2427861206098686 0
1369 0.3358036620375152 0.232798126512918 0
1370 0.2527423054637886 0.1092545209154284 0
1371 0.3568738665657165 0.01921475284443978 0
1372 0.3387056090266076 0.2574281446080486 0
1373 0.1209741681457713 0.01698129521196193 0
1374 0.6832312259336801 0.3797715616083452 0
1375 0.2912345299454848 0.377859655379393 0
1376 0.3168451773962882 0.4080508459041352 0
1377 0.6863087913139724 0.2216044297199952 0
1378 0.1027655663877828 0.1503461404315424 0
1379 0.6820587642028464 0.4836272766949881 0
1380 0.3547153150913353 0.2672094837767249 0
1381 0.2875468684597595 0.3106778572049579 0
1382 0.6089229682211945 0.2487018838492912 0
1383 0.7553837221136516 0.1284193844388772 0
1384 0.2636601062149536 0.08429231805020862 0
1385 0.3274242977628602 0.1125287202327224 0
1386 0.8403481729655379 0.1466617869865858 0
1387 0.2634555729226932 0.04361632966327038 0
1388 0.3402659182447689 0.3994980670789465 0
1389 0.6536282805328534 0.4003195508987753 0
1390 0.3245978447168717 0.4328773323588619 0
1391 0.7241155805879371 0.4560981559805795 0
1392 0.638143641797951 0.09338564750106602 0
1393 0.205776727497973 0.1478712699099347 0
1394 0.253646531605953 0.2432998020088742 0
1395 0.03597069564190134 0.2747006096563311 0
1396 0.3370209854552054 0.01907184896171191 0
1397 0.9043400770500462 0.05221534994754185 0
1398 0.3427033486359949 0.4885778326896322 0
1399 0.3518651055784464 0.3404217028661281 0
1400 0.3556723361893399 0.1579838215700731 0
1401 0.3094702146242709 0.4571848935428272 0
1402 0.5178228374139192 0.4775902987298612 0
1403 0.5130786145585695 0.02434103250839489 0
1404 0.2658521246081873 0.316697067589871 0
1405 0.7266645131632714 0.3516958108611339 0
1406 0.858744736614067 0.2768354871097564 0
1407 0.6289922765469026 0.3952376845343753 0
1408 0.02114812738650151 0.2594082437072072 0
1409 0.2894727187107439 0.2914200908309721 0
1410 0.9748715893861373 0.161470471905627 0
1411 0.3215577082577739 0.0964848965492769 0
1412 0.5926474696016574 0.4240233148656039 0
1413 0.764360673101238 0.4242609111762707 0
1414 0.677816455528621 0.2832893877616476 0
1415 0.6014076883300341 0.1498663672588373 0
1416 0.3194555445573065 0.07885184543729523 0
1417 0.2636111997970169 0.2763446037985612 0
1418 0.4876779019455384 0.2496774307865006 0
1419 0.7181790801791179 0.4322701997061557 0
1420 0.4556888106381837 0.4788209162580986 0
1421 0.4631236534461638 0.06207531981990766 0
1422 0.4646974307695663 0.4381066344822033 0
1423 0.9813827742803113 0.1012136708207858 0
1424 0.6761169825778621 0.4277845395456164 0
1425 0.7849727275514339 0.2587997046431627 0
1426 0.7381882806883717 0.2138769273700015 0
1427 0.6335828849440612 0.04188256048369719 0
1428 0.6086626583273112 0.3658688554707898 0
1429 0.6648262588273092 0.1349316310823818 0
1430 0.598090842856367 0.05061014838678471 0
1431 0.8640812583484339 0.2580675822389489 0
1432 0.2905436550435491 0.0337850274719213 0
1433 0.677103727683021 0.2040821233500237 0
1434 0.4132235140920964 0.06575076755312531 0
1435 0.4161682113452667 0.4401423404161018 0
1436 0.8223908974710659 0.3953180400052637 0
1437 0.6465298506709292 0.1745736592386463 0
1438 0.7368468148436942 0.1199801793476433 0
1439 0.3322365710881948 0.3289339306709127 0
1440 0.3364103117526442 0.1662171570442124 0
1441 0.9424189901006042 0.0542404305076721 0
1442 0.6743629860374347 0.3645446629449671 0
1443 0.2823649433261235 0.09449023073809326 0
1444 0.4091558597316977 0.3297877768355741 0
1445 0.4096977722286753 0.1687665025635266 0
1446 0.7226288174544504 0.4784669180901897 0
1447 0.6455111400104898 0.4674156443290493 0
1448 0.2788163232583342 0.2395318115348454 0
1449 0.4451835540615904 0.1642346718303537 0
1450 0.438975352430142 0.3313549479472046 0
1451 0.7027371368596869 0.3204182620673507 0
1452 0.6377700348294531 0.2945064394463851 0
1453 0.5717969600599402 0.1030020530022788 0
1454 0.4281915680502245 0.4753093258301268 0
1455 0.4230379474504427 0.02141970163094304 0
1456 0.3078935968269576 0.3868309083761222 0
1457 0.5089130763241001 0.2215327421269394 0
1458 0.5080639159789586 0.2792622082642143 0
1459 0.5000598417881402 0.0428728677055349 0
1460 0.5047345333489417 0.4610828949249525 0
1461 0.2453828212746276 0.08913870659231644 0
1462 0.535884374567478 0.3283254624879676 0
1463 0.63460963723938 0.216956705397829 0
1464 0.2815581717620613 0.1407570028394652 0
1465 0.5792707657050648 0.2381410143876102 0
1466 0.5525772597465137 0.05970621509394983 0
1467 0.7664484827842594 0.4818562735014403 0
1468 0.6490128007376376 0.3088610101387184 0
1469 0.7718898756970155 0.4407638137516542 0
1470 0.6265100498160092 0.3081192276019322 0
1471 0.3885663493543974 0.4484461926762322 0
1472 0.3871399361601709 0.05130824077604174 0
1473 0.6335194570850687 0.3680157686891846 0
1474 0.6029813240644589 0.07967751219298544 0
1475 0.04004857375514354 0.1118976307301552 0
1476 0.3162254478730623 0.01883444396980271 0
1477 0.323059121771639 0.4793786235129508 0
1478 0.562343042926317 0.190241730594845 0
1479 0.5360982578786621 0.2410617647998252 0
1480 0.8031033835155754 0.4839880513421341 0
1481 0.3826326573490655 0.2128829858655218 0
1482 0.3860017090820846 0.2915177538598403 0
1483 0.7191370840410811 0.04089310241326612 0
1484 0.507662125550774 0.1960488414760226 0
1485 0.7588415244769962 0.017042978946348 0
1486 0.5490621413015099 0.1742602868654937 0
1487 0.5450201441587366 0.3112461927298282 0
1488 0.692256773876532 0.03792253398406472 0
1489 0.5302209754613149 0.1705902716662073 0
1490 0.2168111247937762 0.224320489564759 0
1491 0.412842316751008 0.2996472858265539 0
1492 0.4130892402073259 0.2018266957105366 0
1493 0.3420729226914108 0.3834122762691708 0
1494 0.02074851190366573 0.05886018832737189 0
1495 0.5983813361246332 0.3292173180265936 0
1496 0.3879117089552362 0.09307017308689101 0
1497 0.2693540245315862 0.4160205437996876 0
1498 0.3986097014415625 0.4029208197088025 0
1499 0.6059194197042404 0.4215566897682775 0
1500 0.5196682676298948 0.4091263513297418 0
1501 0.8631686440196568 0.02062507554941315 0
1502 0.5239139230851267 0.08102334638864331 0
1503 0.5825151911306853 0.445097553765329 0
1504 0.6211575500459799 0.3523099867901093 0
1505 0.5261555023009096 0.4375748713142375 0
1506 0.3042626479316318 0.1522354364257704 0
1507 0.5613397162468354 0.4399737678596272 0
1508 0.7791817389664989 0.116423624183931 0
1509 0.7753796720456478 0.2482720145611091 0
1510 0.7535531072704574 0.2440788219337264 0
1511 0.2780878922602578 0.4409159714278421 0
1512 0.02099061075461358 0.07866629917114203 0
1513 0.3574659478262973 0.4604315124941922 0
1514 0.5379504753328347 0.04488570343075989 0
1515 0.3548240291671595 0.03609843795786357 0
1516 0.7908100302204018 0.4348740832711854 0
1517 0.4118362360487245 0.2398292207777071 0
1518 0.4064064502285469 0.2598867343444777 0
1519 0.2341025219531816 0.1166620634691786 0
1520 0.3471622321440422 0.1210380510069605 0
1521 0.5629443222807 0.3207055170914457 0
1522 0.3805436801993276 0.2598223420542406 0
1523 0.09096009175410758 0.08291617181372102 0
1524 0.8309479257851969 0.4250326719018879 0
1525 0.2316959900054062 0.4113830168400273 0
1526 0.9408310812347699 0.3043974779051868 0
1527 0.7887263415358622 0.4718030585534196 0
1528 0.2446519810845176 0.3169223676467413 0
1529 0.8425319225226311 0.4817961438297986 0
1530 0.7850550907424986 0.4837569776329959 0
1531 0.4938699676704557 0.4669805912805888 0
1532 0.4870304981617485 0.03470310919805562 0
1533 0.2571228266670289 0.4482812543463937 0
1534 0.8026199016434037 0.4686849918408617 0
1535 0.9215227331052894 0.4882185294312413 0
1536 0.6456441424916775 0.01954977701471834 0
1537 0.2369923061129535 0.4615233066048928 0
1538 0.6175462036474988 0.2159349675028366 0
1539 0.01778765963890415 0.1586925745628849 0
1540 0.5797869978918484 0.2128427163122904 0
1541 0.2323995257861513 0.2244578425109045 0
1542 0.5148577805739453 0.4548222991778701 0
1543 0.6386819893827507 0.2683374244388745 0
1544 0.7310262587811846 0.07284262395664139 0
1545 0.6005516041613912 0.2143671476358245 0
1546 0.2450639082438828 0.429506430680353 0
1547 0.6513858028111274 0.2318331114674188 0
1548 0.3062512180040781 0.2040972105838508 0
1549 0.9383249090948618 0.07534540904171803 0
1550 0.6057093350863346 0.1974715887374993 0
1551 0.1397331863015832 0.01589091422680269 0
1552 0.4444125679715507 0.02107690585181614 0
1553 0.9606920928669069 0.4808640978855943 0
1554 0.9067387618589844 0.4818699909234206 0
1555 0.2327135012505386 0.2970517167553818 0
1556 0.6490979508668252 0.3561208422256167 0
1557 0.2536915980662308 0.327826148623744 0
1558 0.5233331526468568 0.2673888006495673 0
1559 0.5214195299687831 0.208349884325337 0
1560 0.65909394956399 0.3738023134788827 0
1561 0.6031084083929793 0.01333570241792596 0
1562 0.6184506541684299 0.2036234863808561 0
1563 0.7407222497822286 0.0297008612051843 0
1564 0.7283688810471476 0.01436322899156394 0
1565 0.9805532326776294 0.06318666892981377 0
1566 0.3117031410593363 0.4191238081357196 0
1567 0.616223343284681 0.2282551906153068 0
1568 0.5043246917502582 0.1141294476690193 0
1569 0.4956201816892256 0.3889462831928386 0
1570 0.4952493567634878 0.0865504973045329 0
1571 0.493659530309075 0.4112562771974063 0
1572 0.6662427982086568 0.01876859668887806 0
1573 0.2506280028377002 0.2864218487535473 0
1574 0.2151455903645085 0.2911010159213038 0
1575 0.2386065260844415 0.2799138094474239 0
1576 0.2963753403390639 0.4185126393939199 0
1577 0.7733006886808903 0.03517563211028392 0
1578 0.2996644295024237 0.4017205827164149 0
1579 0.7416881478115601 0.01025786303306146 0
1580 0.7774261794231094 0.01240361004447222 0
1581 0.2138541565068966 0.01818759280642877 0
1582 0.3825339677905071 0.493201862485865 0
1583 0.392867365266272 0.4932135145473588 0
1584 0.3575569539352555 0.7424378344273346 0
1585 0.3403225683003179 0.74735764145081 0
1586 0.2574273385465291 0.6898861218207346 0
1587 0.374452995641271 0.7501627616659896 0
1588 0.1889931288143018 0.8118470563835939 0
1589 0.4673666922861762 0.7503618169102643 0
1590 0.5646554812163037 0.7549900307717877 0
1591 0.5078638060750289 0.7489447287930425 0
1592 0.1345390447911013 0.6485486751060622 0
1593 0.09934996667983119 0.8528268897669018 0
1594 0.8955418840662464 0.6337568768300324 0
1595 0.9113065599682841 0.8069092525434503 0
1596 0.1511264245683238 0.8907359993433227 0
1597 0.8620678108853594 0.9049311418754769 0
1598 0.1048190995827169 0.9090637517272553 0
1599 0.9150202440125935 0.5855757247532498 0
1600 0.08279242610259734 0.9086610856152485 0
1601 0.07251687206618103 0.5777799241243642 0
1602 0.9103348396427886 0.9369886423914424 0
1603 0.9569713808087664 0.9294388817118823 0
1604 0.07164031063844946 0.9414821315452856 0
1605 0.9556972047315657 0.9581094793716009 0
1606 0.9798174836620168 0.9608019222388157 0
1607 0.8283518345448668 0.6604240622618633 0
1608 0.2266045756952473 0.6039811110353824 0
1609 0.809032438080022 0.8903601153444668 0
1610 0.7740224218763875 0.6087013852216602 0
1611 0.317855503910308 0.6313976526709012 0
1612 0.6591805728146526 0.8889131659314541 0
1613 0.6548392628541738 0.6043101471225182 0
1614 0.583681340324631 0.6370185279977617 0
1615 0.5366751761834266 0.8632303586416783 0
1616 0.5392218316605634 0.6410075780739341 0
1617 0.4247774430770149 0.8827798714088473 0
1618 0.4281183742602345 0.6201454441628115 0
1619 0.7241600490904697 0.6584833236387897 0
1620 0.4083129189321058 0.8935059320221368 0
1621 0.3622360727449243 0.62085163399044 0
1622 0.5880226484010079 0.8676867508061896 0
1623 0.6986500835692731 0.8588962168906713 0
1624 0.6915324741283812 0.6278292187269421 0
1625 0.3861965375587223 0.8742456765293901 0
1626 0.2467310748014554 0.8200446745796781 0
1627 0.3863325576258083 0.6351993722937196 0
1628 0.2795063545853464 0.571373415308482 0
1629 0.5575495572563374 0.872379831482013 0
1630 0.616569527971314 0.8593031300431241 0
1631 0.6741879846643424 0.6043257810776987 0
1632 0.6128867563512422 0.6391520015421277 0
1633 0.5611948936034302 0.63730206652587 0
1634 0.4423599650496454 0.8738804856564002 0
1635 0.4944771034864798 0.9315188298665671 0
1636 0.769397482979476 0.8725646824546064 0
1637 0.1110569657337421 0.7810938380595066 0
1638 0.2113801939443883 0.912217911426911 0
1639 0.2084951655960388 0.662171098813927 0
1640 0.9242208707936008 0.7487172761135881 0
1641 0.1881741471042863 0.5611226711552024 0
1642 0.1572010878307661 0.7249163943157422 0
1643 0.1489602913448457 0.5934304460165031 0
1644 0.1513723647988469 0.9270243065191978 0
1645 0.8636046790030596 0.7027315522611564 0
1646 0.05118752097260086 0.7973261561579543 0
1647 0.9341499322293095 0.6743599229863733 0
1648 0.05853836910869917 0.7118917205958547 0
1649 0.1676684112522881 0.8423057675091362 0
1650 0.1531771599909365 0.5321578070218113 0
1651 0.8290725746517754 0.5532627597197246 0
1652 0.06710389982207483 0.6406700224590872 0
1653 0.8805334266909796 0.9435458629368332 0
1654 0.0390439822539017 0.8397343328325063 0
1655 0.949564398786228 0.6365268586403177 0
1656 0.06570346722192426 0.8780041452277683 0
1657 0.1243731147599895 0.5460961404935818 0
1658 0.9595400974468816 0.6211253997308591 0
1659 0.03823724096265863 0.6150063828362352 0
1660 0.8778947786854312 0.5553984865622801 0
1661 0.1125748029772394 0.957344141715714 0
1662 0.968076701281921 0.7797217060018544 0
1663 0.9481649728875694 0.882206224130592 0
1664 0.09752762246453815 0.5447146470504325 0
1665 0.8894925311503263 0.9811709077175037 0
1666 0.04213857813643614 0.5946697477973851 0
1667 0.958079307676509 0.5902149740782163 0
1668 0.9640103371482239 0.830601850164533 0
1669 0.2274402591915177 0.7359591979611374 0
1670 0.8078933146701393 0.7551035474519338 0
1671 0.9197266314009804 0.8484269038517203 0
1672 0.9695664333666231 0.5744578231638609 0
1673 0.07540685353473589 0.5370270200035195 0
1674 0.9320819764147363 0.5355423528506909 0
1675 0.9399281228041653 0.9399387611068328 0
1676 0.9372043230332504 0.9830392009730804 0
1677 0.9527879967990274 0.5218944739832283 0
1678 0.03928672105221778 0.9815333354805901 0
1679 0.8740734104347278 0.5990827935062973 0
1680 0.9258850570832874 0.9244359950140277 0
1681 0.05780210007373607 0.5193315330881784 0
1682 0.9800841329845076 0.5399771418124901 0
1683 0.03844094588962736 0.5197764402804432 0
1684 0.9647422083793775 0.9420855527871715 0
1685 0.7545210797853594 0.7337675944886495 0
1686 0.09831327697885176 0.6093748077877816 0
1687 0.03580621644831002 0.9439990833956696 0
1688 0.9652498602373353 0.5613289758047698 0
1689 0.779908574874275 0.6924150828140684 0
1690 0.7677852490431533 0.6752291490510546 0
1691 0.7778572611755598 0.8094561556533142 0
1692 0.7227489714610229 0.5780652025846431 0
1693 0.5127584353238498 0.80944848607577 0
1694 0.5153386056484697 0.6941070707684144 0
1695 0.3874474678029563 0.8125047453067577 0
1696 0.391069348715577 0.6962845489127513 0
1697 0.6295577618091925 0.6960259478202129 0
1698 0.6753728699330022 0.9533826059145559 0
1699 0.6769094555184153 0.5421219652470386 0
1700 0.4798384043275106 0.6877759515616554 0
1701 0.4817276453456202 0.8112761444043657 0
1702 0.7591458880219376 0.9269155890224068 0
1703 0.5998772379347263 0.8134152377589546 0
1704 0.5948194232742599 0.686440261300568 0
1705 0.351816470443912 0.6958773947193435 0
1706 0.3369782533289787 0.8113165039907856 0
1707 0.4802438643914659 0.5643779523652941 0
1708 0.3520061935772041 0.9415785581058481 0
1709 0.491944422477811 0.683262786764321 0
1710 0.4935030273899446 0.815699086905347 0
1711 0.5953570979883869 0.941377139290221 0
1712 0.5928242553730678 0.5675968477962605 0
1713 0.3394552745342007 0.5575738154525989 0
1714 0.3204353907269503 0.9342445234941424 0
1715 0.3191581919195569 0.5613311586215312 0
1716 0.5419606565568849 0.7999667637409578 0
1717 0.5560536588453178 0.6949751256848576 0
1718 0.370108899328316 0.6813850478749658 0
1719 0.5135997843359387 0.940601228861864 0
1720 0.510790707917965 0.5703292865699563 0
1721 0.6551870721765739 0.9478965684211902 0
1722 0.6514277433191026 0.5578779985175733 0
1723 0.6217461614331665 0.8085117898788096 0
1724 0.611513000040942 0.6913508894767514 0
1725 0.5250322737487847 0.8058626368586391 0
1726 0.5321215025591122 0.6869863901981614 0
1727 0.6381023547430942 0.9466596242706448 0
1728 0.6322635808628024 0.5521063068648748 0
1729 0.534731222142359 0.9409112755843031 0
1730 0.5724534564624396 0.942066445497676 0
1731 0.3923088072663668 0.9287435772616884 0
1732 0.620815227988832 0.9369493797889885 0
1733 0.6317783815227805 0.5688240962473133 0
1734 0.3839291176260534 0.5634727769394033 0
1735 0.6606761375524813 0.8148952168791018 0
1736 0.6636809857243536 0.6658788750052633 0
1737 0.4066318148333418 0.9393585556442021 0
1738 0.4102021325489127 0.5573920317038991 0
1739 0.4152606902552253 0.8343342184834993 0
1740 0.4157686570182418 0.6707750804051903 0
1741 0.5874854673127035 0.8185165842178936 0
1742 0.5838322880130525 0.681224631888281 0
1743 0.4397143694168671 0.6932377883437401 0
1744 0.447351273901558 0.5816737499030312 0
1745 0.7412684317993258 0.8077877761761144 0
1746 0.6733643067574153 0.6909759817079083 0
1747 0.6757500144973607 0.8239508025508214 0
1748 0.7129607719174239 0.6735941365085677 0
1749 0.7647310176954179 0.5567492720082254 0
1750 0.8154918161239684 0.8490997680884944 0
1751 0.8241303631641122 0.704481789277111 0
1752 0.2245904263511532 0.8614244032982128 0
1753 0.8079298397230119 0.9460967729012959 0
1754 0.7375298435195579 0.7862589513583881 0
1755 0.7000277943690549 0.7128163937155999 0
1756 0.1800368070064907 0.8765067117849662 0
1757 0.1173516400159142 0.7115098472169343 0
1758 0.2610108702328019 0.61164818258195 0
1759 0.7386800787721375 0.7005158392349575 0
1760 0.7127551951671849 0.783125231043262 0
1761 0.03927535390939797 0.7571947043462919 0
1762 0.2859062006513646 0.7917473711969397 0
1763 0.7890920774833035 0.5832802966477634 0
1764 0.09483772570736851 0.6733126382400074 0
1765 0.2449525049554889 0.6430243134794558 0
1766 0.2331100949643763 0.5566300405751227 0
1767 0.1667099896801664 0.6301497809873987 0
1768 0.1848109930177761 0.5981303892951048 0
1769 0.2738049643804655 0.5353483702234619 0
1770 0.1500468126567885 0.7936147609279824 0
1771 0.1670259825183864 0.7611945181692341 0
1772 0.5332307824138558 0.534066774063364 0
1773 0.4738782851811708 0.5351933548265345 0
1774 0.196799831078642 0.837080300613307 0
1775 0.07416582754251837 0.820477561752761 0
1776 0.2883726095992044 0.8309621205347217 0
1777 0.8388130628323186 0.8676228391380475 0
1778 0.09306201550537302 0.747756818832497 0
1779 0.2485784648307133 0.89670281250597 0
1780 0.1398446159348231 0.6859902656687223 0
1781 0.9027724245325898 0.6972084536340978 0
1782 0.1768002801156313 0.9433047329789797 0
1783 0.2797792612738779 0.6586573186953633 0
1784 0.5131586628642408 0.5340715996077659 0
1785 0.481975812118255 0.9638428746744068 0
1786 0.8581171516841142 0.9300570281848304 0
1787 0.136763112659036 0.8232030429791185 0
1788 0.01801674523456079 0.7225778404513744 0
1789 0.867225466881504 0.5719528133029785 0
1790 0.2364729839684688 0.7782116019545359 0
1791 0.2139941005061811 0.7045545052403472 0
1792 0.09980979612404049 0.6338853907477348 0
1793 0.1037526410812984 0.8197258620798544 0
1794 0.1683086301494308 0.9024565535131672 0
1795 0.2114751558085407 0.5381671034487687 0
1796 0.06226669443110944 0.8579843961575625 0
1797 0.9589490427146383 0.7324732179496809 0
1798 0.2193470635984977 0.9638813728628952 0
1799 0.79513730866781 0.644307929035765 0
1800 0.1980075530434828 0.6238317830750247 0
1801 0.1812594815771204 0.694775628840705 0
1802 0.8336539249418065 0.9302059867541827 0
1803 0.884353636435938 0.7598064971271711 0
1804 0.1347171009156721 0.7485918956340899 0
1805 0.2672088256881198 0.8613734801438584 0
1806 0.1702842729870691 0.663747144627085 0
1807 0.2037829389464088 0.7704234799699474 0
1808 0.8502892325671514 0.863168033036622 0
1809 0.8999758499519758 0.7290769688816617 0
1810 0.1718506779072354 0.9227042367323864 0
1811 0.1930901518476807 0.7325060924439107 0
1812 0.9397449372703491 0.7168250603192949 0
1813 0.8777811470629804 0.8442797231966704 0
1814 0.9408992101270618 0.7886366942945534 0
1815 0.03224250122426745 0.6566490454163321 0
1816 0.7689627887401088 0.7676698020112662 0
1817 0.7278746355692649 0.6078088672887091 0
1818 0.8458262716684188 0.8984500413654822 0
1819 0.9359199504285981 0.8362704104251889 0
1820 0.9308500074724405 0.7788402171560154 0
1821 0.8515841104596531 0.6276741090717944 0
1822 0.8507453073614857 0.7879025752188034 0
1823 0.8656150238070455 0.965053824376213 0
1824 0.7962144950083101 0.5313955257412976 0
1825 0.8845101398689118 0.6686181636648035 0
1826 0.7879986618972609 0.9026841640895597 0
1827 0.1669574396055328 0.5653199559185245 0
1828 0.2428491361510652 0.682005265321604 0
1829 0.08496280300972013 0.8729972678494308 0
1830 0.240372830937501 0.7161289048785761 0
1831 0.9147726639647524 0.6164572654269553 0
1832 0.2735503044474844 0.7188252207572542 0
1833 0.9492667410098002 0.8562494119716601 0
1834 0.943321898846048 0.7613880524812887 0
1835 0.2485668620573415 0.7513701407208593 0
1836 0.05985758474203792 0.6755134925038687 0
1837 0.8799705806867112 0.8285828048442524 0
1838 0.03233363755717823 0.6885954900511649 0
1839 0.9732517021397356 0.6578965920767509 0
1840 0.8593840356385208 0.5476785628315697 0
1841 0.1513456644307704 0.8652375623746661 0
1842 0.8874811408414072 0.8761240089275318 0
1843 0.9288315374052805 0.599140881267876 0
1844 0.9301692142232241 0.8760381606876557 0
1845 0.123924087810206 0.8730040533327828 0
1846 0.864620670870246 0.9526263531181748 0
1847 0.8775868425425077 0.9151024728076813 0
1848 0.9012030708503229 0.5652711725284872 0
1849 0.9568321600115919 0.803982596664217 0
1850 0.7616107924655189 0.6293483131432632 0
1851 0.1050735055062139 0.9366098743993641 0
1852 0.1675827841046139 0.8257267881315579 0
1853 0.2105181858541436 0.806404246546199 0
1854 0.08965720705718203 0.8900018847995824 0
1855 0.1396381607224785 0.6127844356723239 0
1856 0.9039492446185007 0.8849210556070031 0
1857 0.9440866124672379 0.6101303177674204 0
1858 0.1148766344901441 0.52608571194221 0
1859 0.9218154566428046 0.8946892631604817 0
1860 0.8666180849650506 0.644829061087041 0
1861 0.1743821063775926 0.5192940482136733 0
1862 0.982566666388823 0.7579775167433371 0
1863 0.879117880092867 0.8002095338840773 0
1864 0.05912583433286701 0.5968275301917354 0
1865 0.01915107642784324 0.8408723475556458 0
1866 0.1100725902538949 0.5598670065881353 0
1867 0.8943478701272457 0.9261141220932464 0
1868 0.9682098859622975 0.6886128093034635 0
1869 0.07330525473628141 0.8952788073610809 0
1870 0.5233853057788772 0.8997683875772099 0
1871 0.1315296839390427 0.5572599087507171 0
1872 0.03543421498106139 0.9081155825735047 0
1873 0.8917132184236603 0.9003635519707754 0
1874 0.1253504292838658 0.9258005502848773 0
1875 0.03484773651175486 0.6363152130623273 0
1876 0.9380134960720583 0.5877867915980171 0
1877 0.1579443439524941 0.9547339269272651 0
1878 0.9184929923177615 0.521342029437213 0
1879 0.8034979835291686 0.9826347757751068 0
1880 0.07795939300781289 0.9802302168691591 0
1881 0.1168618560469561 0.9790451536188547 0
1882 0.08856929380166385 0.9405374820468812 0
1883 0.9236555818245257 0.5582673040216296 0
1884 0.4806530245063663 0.5996946894393271 0
1885 0.4852021837828751 0.8886320049895703 0
1886 0.8789337004992248 0.62582960943291 0
1887 0.03668455768539596 0.8192925431763121 0
1888 0.06991233382539402 0.9214301444345481 0
1889 0.1652753234007967 0.5417698106922674 0
1890 0.04095423236445349 0.8612002415021467 0
1891 0.5286919360055693 0.7464569454689262 0
1892 0.835259964877423 0.5109733237564996 0
1893 0.09423670158699349 0.5198079893900053 0
1894 0.8696441565720258 0.7713279851557131 0
1895 0.904244610353001 0.957195320827325 0
1896 0.1382690877954554 0.5202275968815938 0
1897 0.07644946880596933 0.5186663811003759 0
1898 0.9438833569830545 0.9071380849573044 0
1899 0.05924145953766458 0.5785939993347735 0
1900 0.1144489848170045 0.6253934144177957 0
1901 0.07950307283966697 0.5598657540491479 0
1902 0.9649520210416376 0.88773636088863 0
1903 0.49624569817048 0.8524541493979315 0
1904 0.5001943089522755 0.6329091814855288 0
1905 0.1505417442569105 0.9049561678897157 0
1906 0.1248485998874936 0.6041428439465452 0
1907 0.1319929165571668 0.900452738381496 0
1908 0.132976572616308 0.9550276031416338 0
1909 0.1405681005482118 0.5372675608870462 0
1910 0.9005597308872738 0.79163548754471 0
1911 0.8236246612187919 0.98272063252549 0
1912 0.4925859750013128 0.7496120295962682 0
1913 0.8991677952154187 0.9457084996967202 0
1914 0.05773338980660826 0.9040139356630284 0
1915 0.9117719815663323 0.9719879372883844 0
1916 0.09380466408835185 0.9591587425068353 0
1917 0.9225911737949212 0.9501118415728399 0
1918 0.8852430796136837 0.9619016054368486 0
1919 0.9366971215925156 0.513124980632657 0
1920 0.984478359633028 0.8354888867337618 0
1921 0.0578461239723846 0.5597659099842702 0
1922 0.8853484304620908 0.5841465953888623 0
1923 0.0180921400981086 0.8209688943653523 0
1924 0.9761443182436965 0.9176501246160415 0
1925 0.0511748228813281 0.6373473773081434 0
1926 0.9584659339473717 0.9809738455048329 0
1927 0.04629558132213266 0.5798966852935225 0
1928 0.05902751492153346 0.9810674999034633 0
1929 0.1259997751225442 0.5743950142047131 0
1930 0.9178122031856908 0.9862058530291346 0
1931 0.01814352905130729 0.5400191115116914 0
1932 0.9482971702975449 0.5670249094938137 0
1933 0.9319653753414613 0.9659313683752852 0
1934 0.01888258354277691 0.9622969604692558 0
1935 0.07516731836707806 0.9605790691742286 0
1936 0.0174317307700947 0.92370519031653 0
1937 0.9197528006187691 0.5448877161815248 0
1938 0.03646911300994723 0.5654828257158094 0
1939 0.9823525897176988 0.5585244580824585 0
1940 0.9854517029088521 0.7981392104426724 0
1941 0.05035941307413187 0.9251018881671249 0
1942 0.9409145400390864 0.5501286630642069 0
1943 0.9796833671390636 0.9411055058331558 0
1944 0.7031494749150081 0.6646718715715571 0
1945 0.9095968374753645 0.9112943436331282 0
1946 0.0565936203685161 0.9620409044053407 0
1947 0.9787604859241537 0.520019294154647 0
1948 0.01905548392082348 0.5198213892044348 0
1949 0.03735499546913751 0.5404474211652567 0
1950 0.7322121317060216 0.7400768449149069 0
1951 0.7096794353751541 0.9642071164775576 0
1952 0.3313070945423818 0.6596514599433112 0
1953 0.7461762546923432 0.8902292686411925 0
1954 0.3509884083272735 0.6567064235070068 0
1955 0.4571170799546379 0.965973028081573 0
1956 0.3544081919564244 0.8400082990255505 0
1957 0.6705559038783077 0.7951415932407138 0
1958 0.6462451286874127 0.7849385547082952 0
1959 0.7187185177476001 0.5442879195305612 0
1960 0.3182552222345884 0.8446867737760675 0
1961 0.5374308126582241 0.9222956959363405 0
1962 0.7051440624272199 0.8865375885153474 0
1963 0.2964115604225051 0.667540104553248 0
1964 0.6843877701634066 0.7230750588001539 0
1965 0.7222984372006078 0.8972940004591504 0
1966 0.6391717988290355 0.7182581221905426 0
1967 0.2340149835964578 0.9315495382423057 0
1968 0.7631657350822294 0.8970262560263687 0
1969 0.8039633160085616 0.6668832595882183 0
1970 0.7823818363735549 0.6653835729871319 0
1971 0.3738608286104845 0.659139345140511 0
1972 0.3848592663358823 0.8480866094029634 0
1973 0.6915364743590591 0.9651145381406757 0
1974 0.7383667521803496 0.5893952055012161 0
1975 0.3126749995425927 0.5431075506364285 0
1976 0.4240148958299467 0.9066658497720895 0
1977 0.414503113932056 0.782135902948105 0
1978 0.8054644052087463 0.7719320557357728 0
1979 0.37253980270702 0.9071090410279404 0
1980 0.7476184774163762 0.9651692748487469 0
1981 0.3739047568980468 0.5980430720761542 0
1982 0.3552066644318826 0.5907860072586156 0
1983 0.5816708111021054 0.8424480942588407 0
1984 0.3924974630965057 0.7825602271507982 0
1985 0.5732685345012276 0.5329041275993648 0
1986 0.6243245851568131 0.9665824024797687 0
1987 0.6132714757464878 0.5329270041845819 0
1988 0.7744338022387868 0.7451060054409419 0
1989 0.6121370169413118 0.9029479954025503 0
1990 0.5890111352195169 0.9631145351431346 0
1991 0.5931826446929217 0.5325304869944491 0
1992 0.3245143150353728 0.7811247676680009 0
1993 0.6028498449005333 0.8430129621127053 0
1994 0.5687166875494398 0.9016388545059941 0
1995 0.5766177160784646 0.6073455136476246 0
1996 0.6206722124393029 0.7821775738990545 0
1997 0.388339460544362 0.969241936334123 0
1998 0.3739865679859344 0.5305128706645735 0
1999 0.5993253980684103 0.7284967763576559 0
2000 0.6360197798735711 0.7707081102467758 0
2001 0.3183240441809342 0.7212838810829355 0
2002 0.5782512491636802 0.7846388967685241 0
2003 0.5753200705686981 0.7240373358871483 0
2004 0.6273629029470846 0.7317196830358591 0
2005 0.6349590218484169 0.604312472954853 0
2006 0.6323498387806817 0.9044539882530442 0
2007 0.3544332703199986 0.5349280517246622 0
2008 0.5534509895495686 0.5336767083969748 0
2009 0.6974166468015356 0.5869254593779044 0
2010 0.3681075558580212 0.9647346259513353 0
2011 0.555181529173942 0.7757579065411678 0
2012 0.5509845162117146 0.7208102161167294 0
2013 0.4110160047068873 0.9639049331936481 0
2014 0.4532118997568813 0.5367979897584877 0
2015 0.3798664286377491 0.7251730485306144 0
2016 0.3663903027288559 0.7778354011259243 0
2017 0.2132742706434895 0.9324235540977955 0
2018 0.4014970836835144 0.9727684188942282 0
2019 0.4650022301475517 0.7792504598400477 0
2020 0.4652199624169259 0.7218014446735218 0
2021 0.5032169030482534 0.7157808618527889 0
2022 0.5038223530183741 0.7812185805911729 0
2023 0.2753892071685944 0.9152803431772209 0
2024 0.7730638047473627 0.829102303196779 0
2025 0.8182044996083263 0.8245329928276873 0
2026 0.3120914952013293 0.791490540832017 0
2027 0.6993443938912726 0.7942015662539333 0
2028 0.7959118428076678 0.5999747401217395 0
2029 0.764925845599352 0.5833154554329438 0
2030 0.6695435746237307 0.6465650085123255 0
2031 0.528186872294409 0.7677848757944046 0
2032 0.5266474052467827 0.7283345045028569 0
2033 0.8187559458760571 0.6094645440379969 0
2034 0.6719257850989898 0.9130412488320695 0
2035 0.674922032058659 0.572482355267918 0
2036 0.400875520717756 0.914000718459636 0
2037 0.2008080169213329 0.9539469489506824 0
2038 0.3056344126979931 0.8411708591097256 0
2039 0.3392683168741753 0.7715297521743172 0
2040 0.7974752154705349 0.7357791106923854 0
2041 0.3359437207513653 0.7286465052105633 0
2042 0.6673664715362931 0.9348326564313281 0
2043 0.3243980625129637 0.5781964233859226 0
2044 0.4712457202056742 0.9482359480589327 0
2045 0.4398546934859047 0.6000116897860663 0
2046 0.2106480474141451 0.8852133231778424 0
2047 0.6193567362752466 0.6752417152514091 0
2048 0.6276789018838725 0.8275118125909683 0
2049 0.6862025615141316 0.6711706685819437 0
2050 0.2477192024100873 0.6086028868435564 0
2051 0.2884629537341223 0.5360108933069054 0
2052 0.0525224297980733 0.7340225934741618 0
2053 0.6862649473083811 0.9818494703556789 0
2054 0.250680958724618 0.9188002986723513 0
2055 0.777047207141641 0.7261146820053437 0
2056 0.8261399224147559 0.7348866079402974 0
2057 0.4593456619743276 0.6638834029791353 0
2058 0.4611340799410868 0.8345136112288716 0
2059 0.2908071992879076 0.7273920654871826 0
2060 0.5187714499630289 0.9186058742067677 0
2061 0.7509334033565853 0.8404154162841623 0
2062 0.6785955242143141 0.5202170862835919 0
2063 0.2742563160267644 0.9766195951203945 0
2064 0.7784195961235725 0.5695076616947347 0
2065 0.8382795441064531 0.5787684458241122 0
2066 0.825845831341126 0.6237170879352773 0
2067 0.237062477589141 0.577533955403741 0
2068 0.7771832563964217 0.9123281898457392 0
2069 0.2330172293542914 0.8459665966856295 0
2070 0.8352737987113159 0.8342677879425906 0
2071 0.3911667142054081 0.6533825886262478 0
2072 0.6799177719673692 0.8505259996117399 0
2073 0.2828445644873688 0.8707928324579497 0
2074 0.8198319955152896 0.6765744780833182 0
2075 0.2866990377253361 0.8171592367381718 0
2076 0.7991712212326679 0.8092458285546536 0
2077 0.7581253343540664 0.7923169892700391 0
2078 0.9644192897797951 0.7085310888423579 0
2079 0.7932769941521322 0.9224946404974501 0
2080 0.723003893225279 0.8005268329310573 0
2081 0.4250276062215803 0.8594623714580439 0
2082 0.4292037563164813 0.6426245837399229 0
2083 0.07657751921200984 0.6878792533119843 0
2084 0.3163372255373462 0.8909014567161578 0
2085 0.2242451863220841 0.8285877898174803 0
2086 0.6458699141191213 0.5701176723082224 0
2087 0.6461278066473668 0.9272774230801639 0
2088 0.7950016918424632 0.5564387698335604 0
2089 0.08347352443068359 0.7124490635576175 0
2090 0.7799778927154193 0.7857728632655631 0
2091 0.4641599711237802 0.5908179391577424 0
2092 0.735570388192449 0.5596297048642897 0
2093 0.6955186217258274 0.743222974099817 0
2094 0.1179813508585705 0.6693496560584934 0
2095 0.270295445667922 0.810776214387276 0
2096 0.4610824898167287 0.901720864930335 0
2097 0.1853615163248103 0.6446515950436441 0
2098 0.0728844119638878 0.7410529145721359 0
2099 0.1954626674940908 0.9365129752941255 0
2100 0.8080138850767844 0.6920818696819687 0
2101 0.8007502050176002 0.8655100316748025 0
2102 0.2585986612052058 0.5744473064562224 0
2103 0.2388801563829219 0.617928614735239 0
2104 0.7132946985263493 0.6268076813570277 0
2105 0.1222526179484421 0.6882367433723079 0
2106 0.4560881532130655 0.5602571065501716 0
2107 0.9443774442442673 0.7416262133963477 0
2108 0.1870275155770378 0.8955688262462378 0
2109 0.03483768514914625 0.7271575375953789 0
2110 0.2512062934348845 0.8463646938740219 0
2111 0.7821561297889562 0.8555564729330937 0
2112 0.206738547817039 0.9652784125213416 0
2113 0.9462195469110072 0.6997587267456438 0
2114 0.1965162717245307 0.8648951734491472 0
2115 0.776547577551217 0.6489171386188581 0
2116 0.4052680075711865 0.8718681807046461 0
2117 0.4061900514212226 0.6286359632689544 0
2118 0.4970350926285987 0.9538651499083828 0
2119 0.03555404590950972 0.7815640872165153 0
2120 0.1204599392693116 0.7392625948731705 0
2121 0.7822218639342766 0.9431177408363933 0
2122 0.2523055754345089 0.6666021244939138 0
2123 0.1255560185386649 0.8043067818702004 0
2124 0.1042191092409314 0.7280272875274901 0
2125 0.7643873658397135 0.7052131037163699 0
2126 0.1859898061244185 0.8501522225235505 0
2127 0.5086569640249505 0.820285574136695 0
2128 0.5079020832852889 0.6760625575366175 0
2129 0.7805916688455167 0.5441097211609621 0
2130 0.7981901945279162 0.8332971123934601 0
2131 0.9709408216283937 0.6708485666613603 0
2132 0.2329180254832716 0.8908652474286394 0
2133 0.1357034259953962 0.7239819804161903 0
2134 0.7352733934056922 0.9246028222282055 0
2135 0.01775748641379695 0.7605315862446961 0
2136 0.8149999648327032 0.5941672454729422 0
2137 0.5098340486816334 0.8759933262299497 0
2138 0.5116157540102321 0.6175236424647354 0
2139 0.7132437382112083 0.6998694203317851 0
2140 0.2232694154583478 0.6520618553909184 0
2141 0.2024503157928002 0.6831662853959026 0
2142 0.7527088359804637 0.6877068878700181 0
2143 0.2304162283039159 0.9102696876890428 0
2144 0.2935156841203694 0.5487918081136627 0
2145 0.06361829606992167 0.7689542175599842 0
2146 0.2417898183841698 0.7980143542177103 0
2147 0.2936837817635523 0.7037494470365933 0
2148 0.8434039579563197 0.8513369335014813 0
2149 0.1098781798719348 0.7552230194567443 0
2150 0.6879290589032207 0.7003902394133698 0
2151 0.2571206760472068 0.8789478381540862 0
2152 0.8123920586574562 0.5426758052192973 0
2153 0.1780070194253231 0.7849748383186742 0
2154 0.08357845826534677 0.8369249510862946 0
2155 0.7800358416466626 0.519632207528002 0
2156 0.775919578453046 0.5910151549862746 0
2157 0.1050538479950851 0.6963375283067711 0
2158 0.7261254321472854 0.6863560481776826 0
2159 0.1643691645050045 0.6105303267289022 0
2160 0.2750709291208869 0.5526328853932053 0
2161 0.2620484968736472 0.9047149860577897 0
2162 0.07684875539678093 0.6633623252509333 0
2163 0.1547888536267592 0.7408450617175499 0
2164 0.1724912699001315 0.5970492357888341 0
2165 0.4260471768023079 0.7999329352155197 0
2166 0.420469755446936 0.6953061183220243 0
2167 0.1401067828165802 0.7038296622624849 0
2168 0.2359290057948391 0.6584552035261352 0
2169 0.1896035742887673 0.7491646381852714 0
2170 0.1778129655657922 0.7114097096886506 0
2171 0.1511238976086347 0.6312966385180866 0
2172 0.271872675655786 0.8352915360255728 0
2173 0.8435535043922364 0.8127199747373154 0
2174 0.381221252542385 0.6168337564942346 0
2175 0.8821419456407047 0.701246975448155 0
2176 0.2996100657444268 0.7780442188269481 0
2177 0.7327348163563286 0.8474994833881164 0
2178 0.6094846656801269 0.8809305663309772 0
2179 0.1413555118439949 0.7710426156135141 0
2180 0.1324866746761353 0.7875163654507451 0
2181 0.8553732102758848 0.8473925829450203 0
2182 0.03991629683872918 0.7081683040617182 0
2183 0.2623752244865197 0.6507289034774071 0
2184 0.1266434010176623 0.7013750433555078 0
2185 0.2100475618195085 0.8488877378323496 0
2186 0.8131855241930788 0.573008499607813 0
2187 0.6681481071601904 0.8691939060561185 0
2188 0.4721043630105919 0.6166840674680829 0
2189 0.6536775118630769 0.6247999977648326 0
2190 0.7343581249370013 0.6397030323747093 0
2191 0.1852611434278183 0.6787222796683751 0
2192 0.07144243831783058 0.6754225041197227 0
2193 0.916460169750418 0.7230677279779137 0
2194 0.4654230271686728 0.881533781143704 0
2195 0.149610594033312 0.7556470540211704 0
2196 0.08816561918284503 0.7677142715900359 0
2197 0.813306360306284 0.9276987498900406 0
2198 0.3031401648462928 0.9472617455324427 0
2199 0.7170725427681599 0.8685751376635117 0
2200 0.2113417818056372 0.7190179784386486 0
2201 0.3303945482907141 0.6978622610657045 0
2202 0.4887857652200382 0.9442409384507032 0
2203 0.2244161538370809 0.6342748536558107 0
2204 0.0888979124020747 0.8040685108374639 0
2205 0.4317208936378654 0.9326701060544111 0
2206 0.2925793523055483 0.8506257944680513 0
2207 0.8180036644242361 0.8739432970454513 0
2208 0.102659773547409 0.7675322504238952 0
2209 0.1789125874642656 0.8405339621154035 0
2210 0.9321151225106337 0.7328401204065549 0
2211 0.1370208088973044 0.6675824128174847 0
2212 0.7074998853504412 0.8037257972608254 0
2213 0.227202622823615 0.7583793029559981 0
2214 0.9724471854144076 0.8518841736331707 0
2215 0.6894127509955522 0.9292256297250741 0
2216 0.1823349858128827 0.6127091329047817 0
2217 0.2724598348330086 0.8881661835500104 0
2218 0.08262517299170787 0.6454419959217463 0
2219 0.1616269099661534 0.6857145094844521 0
2220 0.1420313060051007 0.7384797292837201 0
2221 0.1174321853919669 0.8375206557722194 0
2222 0.4879341992116379 0.6447517257510013 0
2223 0.1869651217110713 0.6621709986349623 0
2224 0.6943420863160735 0.5601561298163651 0
2225 0.858430335662458 0.836624598988108 0
2226 0.4765947006661823 0.5526874033403171 0
2227 0.8986628243215049 0.7494508019772391 0
2228 0.8818907784579612 0.6848082626864755 0
2229 0.158887252183018 0.7070934829460271 0
2230 0.3041638896782749 0.8284852968157401 0
2231 0.7547761150881364 0.6001591408856967 0
2232 0.8485977324561098 0.6021511325730705 0
2233 0.1072981970296993 0.8026515681795138 0
2234 0.8055532890017542 0.9646044264910503 0
2235 0.7433590505288472 0.7604070723739311 0
2236 0.2236305197048615 0.8040140239914877 0
2237 0.08685951236757993 0.8203902485455965 0
2238 0.2030542389904433 0.6406170790015459 0
2239 0.1208367801348874 0.8211715242028415 0
2240 0.261381037194775 0.7260326500616816 0
2241 0.4270490752897439 0.5744247417562574 0
2242 0.2049618270931241 0.8201159172178563 0
2243 0.2431107415567871 0.5963326012271292 0
2244 0.5124270770055155 0.5518137241253781 0
2245 0.7015494889247856 0.8158804729214016 0
2246 0.8840178260191928 0.7188932278299821 0
2247 0.2760625884919303 0.8491997927863167 0
2248 0.1163306856615844 0.6490228372960291 0
2249 0.1750582469171914 0.7284352652992125 0
2250 0.04905914679261 0.7830441790610115 0
2251 0.07172574586437297 0.8085511673295869 0
2252 0.2445059286395235 0.7327308318036192 0
2253 0.09866387824798961 0.6489762249509121 0
2254 0.9642267073624266 0.7584669630207759 0
2255 0.1826383358865214 0.8289983008221911 0
2256 0.3070960671143768 0.6069923658719235 0
2257 0.5530242215600512 0.9419317208541894 0
2258 0.1021197222814963 0.8691067573856033 0
2259 0.1999142108962492 0.6035768249425677 0
2260 0.4804081892404101 0.9076622366846787 0
2261 0.04373217653439054 0.6909201449444458 0
2262 0.1135042984624394 0.8654265968087008 0
2263 0.1520744002497309 0.648234523984484 0
2264 0.5072506305230786 0.9661685887941878 0
2265 0.494100208179742 0.5511845603228568 0
2266 0.08832686221907315 0.7864803277310596 0
2267 0.03008929059971937 0.7412583349145003 0
2268 0.2111398603091791 0.5593949483108311 0
2269 0.9006615174429292 0.6738859445652624 0
2270 0.1828655791042311 0.6278264693646624 0
2271 0.8491957777572905 0.651108493296939 0
2272 0.4882079718093056 0.5829170996782831 0
2273 0.4929314635803047 0.5671230728277893 0
2274 0.8489322262458098 0.7029093649293882 0
2275 0.50563168625178 0.5895697058784644 0
2276 0.4997703543133507 0.9134491566341281 0
2277 0.3207487382908239 0.8115785096858462 0
2278 0.1684336258777485 0.647059866127872 0
2279 0.1248712462893615 0.7634235487143423 0
2280 0.7259434107737602 0.7130269754404399 0
2281 0.8409368693831081 0.6874482555004193 0
2282 0.4476749268644333 0.6267023911254072 0
2283 0.8460414935244969 0.7431340857723084 0
2284 0.9512184696969193 0.6811473811349909 0
2285 0.909610569638309 0.7371668724799274 0
2286 0.9144130184945384 0.6817716655619542 0
2287 0.2119583347980409 0.5846062955175445 0
2288 0.7019271580111811 0.7694937264110615 0
2289 0.4967811064654163 0.6078596541670809 0
2290 0.700309960614022 0.686868305779758 0
2291 0.7856558771294054 0.6265274818781731 0
2292 0.1852841251217307 0.7664851591709625 0
2293 0.8654053426751119 0.8203419113379425 0
2294 0.8404421582557148 0.7155180314388679 0
2295 0.1720362402126985 0.7449818947304605 0
2296 0.786451951506574 0.8859930917647511 0
2297 0.1934392419075719 0.6131798777335181 0
2298 0.5044253759427776 0.8945290504676862 0
2299 0.1521338956567325 0.8251553583665202 0
2300 0.1954140406418868 0.7159935623040719 0
2301 0.2261610261282344 0.7193503397022685 0
2302 0.7741205967974331 0.6351272327925784 0
2303 0.2075884529493896 0.7529648122315978 0
2304 0.9292637235050543 0.6907007370737098 0
2305 0.1983219939833926 0.6998414918432118 0
2306 0.08230670825265253 0.8548495939109183 0
2307 0.6917725847313865 0.8327645547216033 0
2308 0.7147995340779146 0.7565983710882311 0
2309 0.7582540607134914 0.8094373775711032 0
2310 0.1508499561504524 0.6184018876401752 0
2311 0.7356305937760355 0.7223920221066861 0
2312 0.7523367461523287 0.7767450805784767 0
2313 0.8294191065141545 0.5297882517664965 0
2314 0.8298762059739825 0.9476730278476353 0
2315 0.04764123088890451 0.6570672876366616 0
2316 0.7059211651835128 0.609378176660082 0
2317 0.2498493268291072 0.7000059934433685 0
2318 0.2268771979403336 0.6739788371888262 0
2319 0.2330634520003489 0.5370741205238573 0
2320 0.713174836583517 0.726706676691141 0
2321 0.1007957250132854 0.8365251721773985 0
2322 0.8240822875565675 0.7710857197738293 0
2323 0.838454243912093 0.914008274306539 0
2324 0.894608572129543 0.6842907702728615 0
2325 0.7096611285596042 0.8402005441304598 0
2326 0.8525803712888056 0.9156510370122457 0
2327 0.210094732056846 0.7354564763721136 0
2328 0.4959422219339874 0.5170862856005465 0
2329 0.7447401531464261 0.6195547485381978 0
2330 0.820022109099844 0.9108770546461849 0
2331 0.9226011562116274 0.7067469649085596 0
2332 0.1726762865358287 0.67577817232824 0
2333 0.1914418139033305 0.9165529303050863 0
2334 0.4728757458226475 0.5745942345463577 0
2335 0.9817070762600368 0.7364482348945394 0
2336 0.185363305791128 0.9607944087768643 0
2337 0.1877536373341584 0.5815257235148008 0
2338 0.1900855510655363 0.5400346293212854 0
2339 0.212048272379091 0.6154727574779966 0
2340 0.1591694324163973 0.7777626790818252 0
2341 0.2547014757762683 0.7106492175633972 0
2342 0.7608584518023355 0.7512296966711503 0
2343 0.1675065594886138 0.805660810801667 0
2344 0.9638949338517957 0.6486143593485201 0
2345 0.4888951698248144 0.9803804289662796 0
2346 0.1545469225115316 0.6658987319086451 0
2347 0.1719694825569884 0.8587875307582842 0
2348 0.745298061001065 0.7956772571605612 0
2349 0.2683266087050915 0.6750539421763391 0
2350 0.9742545267763095 0.8142656041459545 0
2351 0.5362245540967483 0.6205107003107552 0
2352 0.5485507695455867 0.8894375728195364 0
2353 0.114900448231195 0.8533278399681107 0
2354 0.2901094335445794 0.6416427758193243 0
2355 0.8462754584518669 0.6653417012762642 0
2356 0.9008885532914825 0.7174011232499092 0
2357 0.8888134719546231 0.6116665974889923 0
2358 0.02142046332744662 0.6995132195632612 0
2359 0.8347394597481286 0.8787048141797896 0
2360 0.8572307103265151 0.5874251177282003 0
2361 0.7361791084097703 0.8250102765188658 0
2362 0.8635946566159013 0.8554365886675545 0
2363 0.2354797846854861 0.6994050960667538 0
2364 0.1513284339309098 0.842562945554508 0
2365 0.1740168071437052 0.9663346691368036 0
2366 0.06251175543644834 0.6589865949462288 0
2367 0.8615417551774718 0.7249549294801823 0
2368 0.8390285625502223 0.6143040018490121 0
2369 0.0597414359516899 0.6921467589716076 0
2370 0.8155845538759158 0.5165230086798642 0
2371 0.863855816789318 0.6851692907340763 0
2372 0.2151553053052755 0.5189488120954622 0
2373 0.5170375757664874 0.6452701978144412 0
2374 0.5162199121698744 0.8575370311239949 0
2375 0.2407202178562128 0.8705887765588458 0
2376 0.8277600109776423 0.8943452675265711 0
2377 0.08925640221326793 0.5340820956338487 0
2378 0.1472521670727633 0.5706248101546494 0
2379 0.03164290529508096 0.6752627434592181 0
2380 0.08500062941767238 0.9278315461229457 0
2381 0.2003927422318586 0.7923075160972146 0
2382 0.2528971800265251 0.7701850859281059 0
2383 0.2542048995608569 0.6272546216939223 0
2384 0.04366632099968118 0.8868366263629817 0
2385 0.9840613326475992 0.6578822459492156 0
2386 0.1418970673251162 0.8084835929810649 0
2387 0.9008847169892548 0.5985353692510844 0
2388 0.9211190825960904 0.6714401795674684 0
2389 0.1627343528807056 0.8845017458536728 0
2390 0.06892785288961148 0.7915606161017741 0
2391 0.2950205180350772 0.6896919100759642 0
2392 0.01959160345114113 0.8832975718323548 0
2393 0.2167149839355661 0.7724717381051677 0
2394 0.4756272514085533 0.9268363578500629 0
2395 0.01672801079973948 0.6777798285035828 0
2396 0.4940411000380042 0.5342849734360653 0
2397 0.2247366039836576 0.7080495584647442 0
2398 0.8739763990727898 0.5171862980719805 0
2399 0.7392994876172586 0.6716648398123917 0
2400 0.8293753809745487 0.8604233105952702 0
2401 0.8990246739489334 0.6207513510970238 0
2402 0.8560648371146501 0.8795212200039764 0
2403 0.2997836280195953 0.8800373507450645 0
2404 0.1393204313296187 0.882925946468699 0
2405 0.6875928286667975 0.8773945830490803 0
2406 0.9314207890031128 0.5750714166424111 0
2407 0.8502774045564336 0.9497016161086738 0
2408 0.110703565443322 0.8887689703146415 0
2409 0.2192747978760742 0.6895832782136002 0
2410 0.9683970774475053 0.8667234649110394 0
2411 0.8891571548864771 0.7350117482602578 0
2412 0.9778121819507829 0.6361773053323645 0
2413 0.2717014744979606 0.6342536174340909 0
2414 0.5321423453876368 0.5523663293035835 0
2415 0.5178449541545773 0.9565064375587348 0
2416 0.8980089452771646 0.8451656109875287 0
2417 0.01661527601991194 0.6578723073285712 0
2418 0.01802593814744043 0.9426786290157624 0
2419 0.2208563318098611 0.979748396961015 0
2420 0.2702253919367231 0.747227956362346 0
2421 0.1341627279165057 0.8403577075993216 0
2422 0.8421976761698058 0.7664355763935522 0
2423 0.8680136111311545 0.5330600854652893 0
2424 0.8654320706275935 0.6669673090102111 0
2425 0.08898996293505064 0.6272287641519166 0
2426 0.3983210531844887 0.7555760325609374 0
2427 0.2199679434566386 0.7855975826946751 0
2428 0.2725211158238 0.7021177946816475 0
2429 0.8748517647671431 0.8905019830136433 0
2430 0.8952889177897137 0.8616892541424266 0
2431 0.9238367037973223 0.8211661794125109 0
2432 0.7983654596051865 0.5115559630647953 0
2433 0.3109174239642276 0.8616491501225263 0
2434 0.7557113792600749 0.6531037090464114 0
2435 0.7503924727295441 0.8661429577610396 0
2436 0.8481682249158111 0.5630169549204702 0
2437 0.04586637097090215 0.6745909818720042 0
2438 0.9120092611461855 0.7678317800305499 0
2439 0.2793643105416282 0.6166412067537825 0
2440 0.4869891310155694 0.6237052359207809 0
2441 0.8828650729330954 0.857961681114594 0
2442 0.1448214748955342 0.5527141344053959 0
2443 0.09602283659020085 0.5766876072577514 0
2444 0.2868407875797091 0.5945437897121895 0
2445 0.3337924487650547 0.8696704615174206 0
2446 0.9621436255978247 0.9037201473381527 0
2447 0.09255563412572543 0.9021345873813756 0
2448 0.05496861280658806 0.814432890288078 0
2449 0.8435677094039475 0.9826604473611177 0
2450 0.1351886207939892 0.6297339548681941 0
2451 0.01775569235285294 0.6374149477012487 0
2452 0.971315194954522 0.7999544196140808 0
2453 0.03498381650365248 0.7999898561064085 0
2454 0.8633621230490369 0.613914726127896 0
2455 0.6462685713334387 0.8058356626740301 0
2456 0.6782168913702024 0.8953888994556383 0
2457 0.07306382162644845 0.6206135051567752 0
2458 0.8897715224379598 0.6511404475373852 0
2459 0.1529928727481417 0.8132684231464609 0
2460 0.9840741001196326 0.7789260661053424 0
2461 0.4805090476646046 0.6349670520602238 0
2462 0.1694761148120762 0.5845635165580536 0
2463 0.9826304038148652 0.5770251134865484 0
2464 0.8734099248406008 0.8664681271403061 0
2465 0.03770606167429631 0.9625496014733056 0
2466 0.4905841571013691 0.8698601603840539 0
2467 0.9382303344274581 0.8068528893400379 0
2468 0.0943457595759996 0.9210652094381459 0
2469 0.9560020727736055 0.6635289237450045 0
2470 0.05573197225025855 0.6170942146960322 0
2471 0.8969958817314861 0.823298612706538 0
2472 0.8264299547688275 0.9652852782796682 0
2473 0.9362147984137778 0.6535296490780534 0
2474 0.9120106818434278 0.657896644578678 0
2475 0.02148575702170152 0.5904010074824837 0
2476 0.9838952542694301 0.8742479293847323 0
2477 0.9341311231232813 0.6259864516758281 0
2478 0.3431805345888426 0.6192959791190595 0
2479 0.1307786520523748 0.857615487208895 0
2480 0.922012727815265 0.7937227228454978 0
2481 0.9599458571084352 0.5435619519570893 0
2482 0.6557898606816859 0.6843984439652391 0
2483 0.9520502055889907 0.7841944306975217 0
2484 0.3634826517772651 0.5546929514752559 0
2485 0.01941662868420267 0.6160511225743918 0
2486 0.7247919760243954 0.9821872064196844 0
2487 0.3308533094481649 0.5956492047949877 0
2488 0.5563855257315096 0.6134518606769863 0
2489 0.7182506711779977 0.5201938797158094 0
2490 0.2453329221631248 0.9733077037671792 0
2491 0.5726785177947888 0.9227268998780575 0
2492 0.5742640956465859 0.5881387543375273 0
2493 0.4489504264947434 0.7114640383272853 0
2494 0.7518090336232296 0.948063706186098 0
2495 0.3692004756723622 0.7107719342119072 0
2496 0.5825514579070369 0.802359011133058 0
2497 0.7373999942330859 0.5191342300883393 0
2498 0.38913675631798 0.7400959442116506 0
2499 0.765495029699883 0.9655636923907282 0
2500 0.3379343545436649 0.6371622795172157 0
2501 0.4704011611401766 0.6782699354103078 0
2502 0.5812250978122565 0.7026169615005984 0
2503 0.4726812661393758 0.8200749060069944 0
2504 0.4891479162174769 0.7181964034689484 0
2505 0.4900049113598795 0.7807862158337738 0
2506 0.2854625023928722 0.9881293554125512 0
2507 0.6716605678623177 0.7498700924058052 0
2508 0.3366172383013356 0.8276326984690523 0
2509 0.6789524369081746 0.7106272379472925 0
2510 0.5211928508819259 0.7917910997436404 0
2511 0.3611611394039343 0.608250718212267 0
2512 0.3764226500482746 0.7956351301569787 0
2513 0.348756488232934 0.6041609583148643 0
2514 0.4783507469861162 0.7041709813439675 0
2515 0.4493244054703171 0.9404028049824393 0
2516 0.4801105567662727 0.7952861700933186 0
2517 0.3431377003124846 0.7149257473966472 0
2518 0.6163146467341318 0.5165267223235952 0
2519 0.4760975792497211 0.5174928157707507 0
2520 0.7440591883226535 0.9824233452333991 0
2521 0.6367406940127393 0.5174912193385146 0
2522 0.7656020700856825 0.9523298358005655 0
2523 0.5562748141310568 0.5166049998755108 0
2524 0.447308264030419 0.9821537883729575 0
2525 0.3668007311956283 0.7356366668439647 0
2526 0.7399125074684783 0.9056501491404299 0
2527 0.5960216790316978 0.6044248150849044 0
2528 0.5919676138923895 0.9030951442454421 0
2529 0.4554699848610231 0.5178903984555908 0
2530 0.521542637412457 0.7107827320182614 0
2531 0.5171461210675655 0.7812586197679655 0
2532 0.6124886332684408 0.5504328179213049 0
2533 0.6128323576591381 0.9503860357677776 0
2534 0.4845997805251693 0.7344773179863835 0
2535 0.6554162113753702 0.5390612025023029 0
2536 0.4351240806019133 0.659142797314543 0
2537 0.7287066833985221 0.9641863297155296 0
2538 0.4846384216057176 0.7650697842899767 0
2539 0.3421912674223544 0.6776064372992314 0
2540 0.4336015106062507 0.8423277651614345 0
2541 0.7632609656453276 0.9825901796458095 0
2542 0.4050336472721178 0.7272294134931845 0
2543 0.5208272738823923 0.9791819622378395 0
2544 0.6442784821801331 0.6619226195526246 0
2545 0.5542940049220003 0.9104354281326686 0
2546 0.5532034250433018 0.5922519468028265 0
2547 0.443124379671576 0.8201128631721479 0
2548 0.3567403333622183 0.7238149360902521 0
2549 0.4448001591249555 0.6741443957696625 0
2550 0.4204144597208206 0.7268909040365293 0
2551 0.6082657655028279 0.6557736980643906 0
2552 0.7524402001310339 0.5403822535601869 0
2553 0.3330186662500408 0.7955287059351448 0
2554 0.4221346545771734 0.9490355801763859 0
2555 0.4323966833949919 0.7799915044139038 0
2556 0.6160591854697691 0.8421222294121263 0
2557 0.5845055249174236 0.981837087256098 0
2558 0.5962967944146388 0.5162218372985399 0
2559 0.4242545095822279 0.9778468541741662 0
2560 0.5957347619452419 0.832815749737593 0
2561 0.3124681681470534 0.6811963663102046 0
2562 0.7935232071778384 0.6794764252773824 0
2563 0.4393466817008447 0.725584645539976 0
2564 0.3138049316328226 0.7665316493342057 0
2565 0.4367579621744373 0.5579330789208293 0
2566 0.2343099618893357 0.956515583551015 0
2567 0.42307681983922 0.7609819694218174 0
2568 0.3933258632676583 0.6714880292842576 0
2569 0.3491461864056278 0.826793968229249 0
2570 0.3757425535135749 0.942677544281994 0
2571 0.37759721069013 0.5430355917279494 0
2572 0.5064604894336072 0.7318602413600337 0
2573 0.5064613884388589 0.7653932505660637 0
2574 0.5925833504711621 0.550139551254808 0
2575 0.6258263725476851 0.6585610408572674 0
2576 0.6037577326436869 0.7080854497535973 0
2577 0.3247377402646387 0.6139697567247896 0
2578 0.6605032156478585 0.7289675236863906 0
2579 0.6886123236617269 0.6480612317834107 0
2580 0.5958519625596693 0.6376668498819653 0
2581 0.5276650254224671 0.5981383149306359 0
2582 0.3180164220241274 0.954061572638115 0
2583 0.5777725832387816 0.882691295288243 0
2584 0.5801062731529478 0.6256646204449197 0
2585 0.7110000055437206 0.9199652331435179 0
2586 0.6039227817512493 0.7970944519965915 0
2587 0.5415511044861124 0.9056147360537309 0
2588 0.7875577804729407 0.7552020890308067 0
2589 0.449658443776455 0.7929865919718023 0
2590 0.359717177821192 0.5753873583264957 0
2591 0.7510162953023203 0.5720821480811852 0
2592 0.5973348922941466 0.8532386159957665 0
2593 0.3556187892500636 0.7576114751468016 0
2594 0.5395309415625847 0.7031912060596109 0
2595 0.5372865159812224 0.7842405866965533 0
2596 0.5764063996492658 0.5163834580991427 0
2597 0.3619518608115303 0.6422725903423023 0
2598 0.451500948254014 0.7646168177041216 0
2599 0.7531410209424433 0.8808224606361644 0
2600 0.5867045388912617 0.6688514972677887 0
2601 0.4529713158475216 0.736973580240847 0
2602 0.5448318284275768 0.8172718578419163 0
2603 0.3318874413516826 0.7389656129551265 0
2604 0.3794974968019278 0.6711673387996645 0
2605 0.5489138645121454 0.678254590038973 0
2606 0.4313601745120638 0.6840692988346923 0
2607 0.9853053014763722 0.8170254598566945 0
2608 0.2358973158543394 0.5184341683944568 0
2609 0.8235986951018566 0.7896440228471541 0
2610 0.6856623619841837 0.9155393957781531 0
2611 0.473935461781094 0.6540318972859103 0
2612 0.8095259065283328 0.7423128461803453 0
2613 0.3716263899493649 0.9229708451383476 0
2614 0.7356133174641965 0.5338421061959568 0
2615 0.4782767362103488 0.8449056807305627 0
2616 0.5250456950499898 0.6680589965500288 0
2617 0.3332386702262417 0.5387979413311316 0
2618 0.5255161312191983 0.8210313412991706 0
2619 0.6884264551232096 0.7811186110956164 0
2620 0.3903154686267537 0.5815336899535751 0
2621 0.6130657662155905 0.7435541434310968 0
2622 0.3139108635314976 0.5955325312606196 0
2623 0.3337192316774801 0.9052440610313735 0
2624 0.7130206798952615 0.5963393281081739 0
2625 0.6409879296321345 0.7445962911296892 0
2626 0.01759725112292079 0.800770297922901 0
2627 0.6536012543201825 0.7956564694916902 0
2628 0.572386715558039 0.5506234117355077 0
2629 0.3667314520678832 0.5148946667973734 0
2630 0.3713318750153416 0.8276034199707101 0
2631 0.3997544865392469 0.8260439952173715 0
2632 0.4342463110918575 0.5164100072913256 0
2633 0.3633974833602629 0.9828140177977236 0
2634 0.3865787210628896 0.9089860414413279 0
2635 0.3911188635615404 0.717298173339191 0
2636 0.5706124077357502 0.8273467196113747 0
2637 0.6220905415957144 0.7118691269399753 0
2638 0.3923274745032013 0.5474561312321692 0
2639 0.2764325014765176 0.5185312508757426 0
2640 0.2995049121513865 0.968938317605816 0
2641 0.6500342206730738 0.6437777975275885 0
2642 0.1982437701264851 0.9776126548739519 0
2643 0.3199029759570752 0.7420260337138237 0
2644 0.4274963735731074 0.5393766887621655 0
2645 0.5671966773010336 0.6675045299844904 0
2646 0.4116606904088803 0.7088388956638483 0
2647 0.5029421387841284 0.7992104820279574 0
2648 0.4981238786547637 0.6992262477274692 0
2649 0.5519723228133212 0.5711366163017981 0
2650 0.410045314342944 0.6875640456086822 0
2651 0.7936370486622345 0.6594857470284967 0
2652 0.2871318043023673 0.7624047545981719 0
2653 0.4157835143536281 0.9229170352840814 0
2654 0.9844889204236604 0.854871957152243 0
2655 0.1764992731864202 0.9804437495819647 0
2656 0.3202073971061621 0.8278125962757248 0
2657 0.707005720324612 0.5676334542320938 0
2658 0.3129493506060715 0.9203485631156798 0
2659 0.8643502397272679 0.9820935857237082 0
2660 0.3012809189084463 0.8085081079501627 0
2661 0.5923840077354342 0.8896698249689599 0
2662 0.5545334677603523 0.9236211071279311 0
2663 0.6724109083487109 0.6261895841950418 0
2664 0.3360662216696769 0.8454796322380915 0
2665 0.2761395401795349 0.9473976155502955 0
2666 0.04802139470761394 0.9120599999967785 0
2667 0.647742210365129 0.7019951433954597 0
2668 0.5495948219636616 0.7426834997234197 0
2669 0.5505732527145927 0.7599603509046231 0
2670 0.5750275271749903 0.7650926553985462 0
2671 0.6626371867986243 0.840481751231299 0
2672 0.6331888173695158 0.7955990702200806 0
2673 0.6340698612877621 0.5350467576707048 0
2674 0.6341037591834602 0.6230594187142072 0
2675 0.5689596131371489 0.742355686031515 0
2676 0.4062513578769936 0.7980745177391995 0
2677 0.05376459969370841 0.9430475790267281 0
2678 0.2279595505575156 0.9467025538755803 0
2679 0.7533627656391261 0.9097290051131469 0
2680 0.4106586859133042 0.6481261450836652 0
2681 0.07965067058398642 0.5956000378232643 0
2682 0.06291364638574086 0.8338202968342333 0
2683 0.4341440570944746 0.7036220470098882 0
2684 0.8930103112094289 0.7754721176885867 0
2685 0.6576860109494793 0.5189127471228737 0
2686 0.6333576070482235 0.8386262247878003 0
2687 0.6103495615610625 0.9200505734497061 0
2688 0.6963949876884233 0.5427894138061062 0
2689 0.3128104225285223 0.7014880315842704 0
2690 0.194519116066532 0.5196413905946079 0
2691 0.3959392456964146 0.954122320866303 0
2692 0.298746529686744 0.6238954340366772 0
2693 0.6025465896236418 0.6716485195728154 0
2694 0.3366869086202102 0.9267570690030182 0
2695 0.9818639812317775 0.8942874833692145 0
2696 0.4390932861014913 0.8027869013911605 0
2697 0.2483125374357304 0.9452197201697502 0
2698 0.3987712993651331 0.5231154627146153 0
2699 0.3638974176104061 0.8843367843091212 0
2700 0.8110338730351792 0.6319445762529299 0
2701 0.3484181816458518 0.7359733915940436 0
2702 0.3005071594530204 0.9853896185841333 0
2703 0.7916330366640721 0.7711044283418836 0
2704 0.6416403237900599 0.9646570096149614 0
2705 0.5445754002056965 0.980574789668674 0
2706 0.3423467728386744 0.9606214585936403 0
2707 0.733050576230018 0.8802285192377363 0
2708 0.7071753590988431 0.6507114455210532 0
2709 0.5599493039012388 0.7923984091067743 0
2710 0.6367006133356351 0.8839007534780493 0
2711 0.4986187096086205 0.6589567925556977 0
2712 0.01787360289797012 0.7805059662483609 0
2713 0.2551291528261131 0.5548954683418426 0
2714 0.3282729038622941 0.7569589524279838 0
2715 0.5641345313717158 0.8099753204482807 0
2716 0.5030212019256949 0.8355251917311808 0
2717 0.6358031610577717 0.8183583534923595 0
2718 0.754385543911766 0.826762770585772 0
2719 0.9331464073669306 0.8610286022216279 0
2720 0.8502015465230952 0.5176833539086617 0
2721 0.3567779521324584 0.8103310099594273 0
2722 0.6433880071481898 0.8585843147801372 0
2723 0.3194334895688307 0.9665636023657505 0
2724 0.2874437387829547 0.8978635519393483 0
2725 0.7610517686176171 0.882531850013217 0
2726 0.569047075505179 0.8559567998409627 0
2727 0.1327013417562976 0.5910508026021671 0
2728 0.5559472586856625 0.6558238781152364 0
2729 0.7637285676537656 0.8469003034377294 0
2730 0.6870506510197091 0.8075890785525483 0
2731 0.5624653010671199 0.7060548063049867 0
2732 0.016094216182933 0.5607831806263447 0
2733 0.3430497008139473 0.5868635557017635 0
2734 0.6657402429450335 0.7076990249324938 0
2735 0.2431420805172788 0.9089212153562695 0
2736 0.449700036195355 0.6495980464254161 0
2737 0.5722113273402468 0.6864257884468314 0
2738 0.341840928457769 0.5749247654207813 0
2739 0.03449300380149119 0.9255742558567498 0
2740 0.7565536768816801 0.5188467947796688 0
2741 0.3017151981823181 0.9082388713088752 0
2742 0.439355561390253 0.9585536823184301 0
2743 0.8183728621522223 0.6423556259443199 0
2744 0.6926538276275031 0.6067213496633486 0
2745 0.3071512198729414 0.5837586310868252 0
2746 0.6528462080925157 0.7596348268400567 0
2747 0.299696334138424 0.5665639084556478 0
2748 0.452157865636927 0.8522970585839924 0
2749 0.7830858584057421 0.9825580291626983 0
2750 0.830229843382464 0.6058675130552235 0
2751 0.7846742293195249 0.9647455196854957 0
2752 0.3940580355911812 0.5931883910186481 0
2753 0.522463736662698 0.8385910978884218 0
2754 0.6944567452235877 0.9039460092912357 0
2755 0.01713526421267623 0.7412565947812762 0
2756 0.4690761460170481 0.9708214630773463 0
2757 0.8799276942651731 0.7814618156661979 0
2758 0.9119853616314252 0.7851347097301785 0
2759 0.5485567015250112 0.8404776684289359 0
2760 0.6331074373143257 0.5858385850887233 0
2761 0.5427480280870424 0.6606807289373096 0
2762 0.4556211683540011 0.6921424682841711 0
2763 0.6372535982352605 0.6793523109604744 0
2764 0.4430212915992315 0.8969231134652602 0
2765 0.7479720335816922 0.7160054626885772 0
2766 0.2543136851768434 0.5362376515219585 0
2767 0.3583837426525163 0.6679154861143519 0
2768 0.30846954309973 0.6500193406660676 0
2769 0.2593892879823786 0.7886185099029774 0
2770 0.5218996431035891 0.6264481183050983 0
2771 0.5294695337021604 0.8819985845936501 0
2772 0.6795646297508946 0.7664215124588186 0
2773 0.4610977647058339 0.8068469654757897 0
2774 0.8246801768393788 0.7545276989532543 0
2775 0.8541336610353514 0.5305457411620899 0
2776 0.5522901079178524 0.5518303661260864 0
2777 0.8435520509551479 0.539712944948182 0
2778 0.8327581492876814 0.5951089392674415 0
2779 0.3595030335776218 0.8599530269042424 0
2780 0.9452567591327695 0.8255228880726819 0
2781 0.09720834674528947 0.9795375103130908 0
2782 0.8872505554717406 0.5373683671134171 0
2783 0.727186294419799 0.7716522965462325 0
2784 0.6120692729494912 0.8243783205090223 0
2785 0.8211459755871544 0.8096351428454528 0
2786 0.3440919847580071 0.886237147376724 0
2787 0.5952034966919362 0.777438754605182 0
2788 0.6525579099677453 0.9086010324026623 0
2789 0.01952219936444394 0.9810820456547336 0
2790 0.4080964107421158 0.8531401421124133 0
2791 0.8463638885151747 0.9658850036709281 0
2792 0.569330247302701 0.9617831584022963 0
2793 0.8019712667496927 0.9062677121303085 0
2794 0.4864443086770919 0.8295463518915853 0
2795 0.4836171221095904 0.6683918812633369 0
2796 0.6309745608359967 0.6412254695792427 0
2797 0.5161827394514789 0.5169734285554698 0
2798 0.4303832324474158 0.8949740393415416 0
2799 0.927102596672177 0.6381862915368244 0
2800 0.3826644731845401 0.7664155401299317 0
2801 0.8124922202595859 0.6531248160426886 0
2802 0.6102967359421556 0.7681054783795844 0
2803 0.3984960739278198 0.5722651933162796 0
2804 0.7940476217905599 0.7072453450968356 0
2805 0.6483246928687285 0.8286538998441473 0
2806 0.5920124597921669 0.9210529871020485 0
2807 0.01241926870998127 0.5762383804378936 0
2808 0.338823045019757 0.9389679513932508 0
2809 0.4659810037518551 0.9830725008153011 0
2810 0.7115903904297832 0.9448035575265111 0
2811 0.3806715763484673 0.5118730772177542 0
2812 0.3834290480343458 0.9205874139165925 0
2813 0.3216579815585937 0.7997741481630917 0
2814 0.354359029368411 0.9241011037630946 0
2815 0.3417682178592547 0.9821049295801034 0
2816 0.3314912591591379 0.7102958500658617 0
2817 0.6094602976009155 0.9321252821693918 0
2818 0.6921217895703019 0.9475823238391636 0
2819 0.6170666222791328 0.7236141897445282 0
2820 0.6276777303159897 0.9222733578781129 0
2821 0.419197765843557 0.5131056486473979 0
2822 0.590519122971273 0.7657718263587495 0
2823 0.3205699219964795 0.9832089123608542 0
2824 0.6140213623871851 0.5857068809508881 0
2825 0.5728472623461826 0.5693172737908987 0
2826 0.4563189820114673 0.9213803498679537 0
2827 0.2838546424180929 0.6835624389449696 0
2828 0.3030859161900236 0.7499167261080766 0
2829 0.3753842753188625 0.8951337451735748 0
2830 0.9667827855868635 0.6098645114443995 0
2831 0.5305878926821455 0.9589555400420804 0
2832 0.8098837137960457 0.7200452146677557 0
2833 0.5363120344937425 0.5168778301011165 0
2834 0.3258394973511298 0.5197172764884861 0
2835 0.3470229612810318 0.517360141376728 0
2836 0.3004116257326343 0.5235721738966104 0
2837 0.9808858333513263 0.6142360175039583 0
2838 0.9119121316573693 0.8683266862486876 0
2839 0.5858361636632797 0.7473078402055715 0
2840 0.3833278053306759 0.9841991446067878 0
2841 0.8944742346052033 0.5188219882765879 0
2842 0.5943455315562376 0.5863575044500408 0
2843 0.4075599252288727 0.7710274874284777 0
2844 0.6128237355947039 0.5681058795821224 0
2845 0.4652271719759312 0.636357479040747 0
2846 0.3773402861888741 0.5789617161717932 0
2847 0.2568619742958326 0.955401880162864 0
2848 0.348900202495906 0.7880997943192345 0
2849 0.2619314399692646 0.5940114429796265 0
2850 0.5491535669924494 0.9609211270881461 0
2851 0.6623294359870121 0.7756894402350758 0
2852 0.4713476712461823 0.8621950825049466 0
2853 0.1572885736261049 0.9793304199587823 0
2854 0.2893301537919003 0.9250378291939851 0
2855 0.4387303324089244 0.750052006702457 0
2856 0.4388661720661792 0.9147825164239622 0
2857 0.7178773171936819 0.8213163368172343 0
2858 0.6250416342912658 0.7567626094528491 0
2859 0.9816609367990645 0.5954159590927568 0
2860 0.6510802033096509 0.5834978885483153 0
2861 0.5769887215208679 0.6482227828398176 0
2862 0.2160519495018439 0.9488322195256755 0
2863 0.530777742464869 0.572378683193274 0
2864 0.401660950005176 0.9836705171993917 0
2865 0.9794550703776803 0.9802476788183367 0
2866 0.9066783293114868 0.5420110317933534 0
2867 0.3295274634939199 0.6854125116300843 0
2868 0.8024836234707707 0.7895898445679294 0
2869 0.9131948388400185 0.6370348054200694 0
2870 0.02005738890658259 0.8616528002807938 0
2871 0.1104808512387195 0.5917564111577111 0
2872 0.05718354888722764 0.5396440906462153 0
2873 0.7711031840171433 0.5349764853432468 0
2874 0.6072463117817472 0.9655501401496967 0
2875 0.5917508751092352 0.6530820346866239 0
2876 0.2740279604354809 0.7766924797898446 0
2877 0.1370398563774755 0.9784321002869578 0
2878 0.4137441400627189 0.7457542582101344 0
2879 0.3879887401155295 0.8932641075264081 0
2880 0.5031182007938467 0.9872885193321195 0
2881 0.692288139685043 0.760514754705839 0
2882 0.5647021559597465 0.9810801468201866 0
2883 0.5995352960762694 0.7561766787615123 0
2884 0.2654862081702794 0.7653117906985675 0
2885 0.6226887790262424 0.9827751437112539 0
2886 0.418724549557654 0.8717749526746487 0
2887 0.624412957215633 0.9549235385849015 0
2888 0.3290004146131486 0.946614789850971 0
2889 0.8348938058571367 0.641382476831179 0
2890 0.6148501428592914 0.6219571914245357 0
2891 0.9141589608715758 0.8305537460594655 0
2892 0.8025626035328497 0.6170936518825206 0
2893 0.4261351302056209 0.7167244958034733 0
2894 0.3563816511198064 0.9060097392452238 0
2895 0.4277123078108639 0.7365756796230073 0
2896 0.1564021272387945 0.5185658516927785 0
2897 0.858220670361926 0.7563264061598911 0
2898 0.2564506384731579 0.5181541759651961 0
2899 0.9031227283832485 0.9895776603476438 0
2900 0.262066838920368 0.9310020254681055 0
2901 0.4089785835851024 0.5852491103130453 0
2902 0.3008401022627293 0.930528613878812 0
2903 0.7319549888412356 0.9449605048219644 0
2904 0.4169163570096087 0.601108791553941 0
2905 0.01844370766278984 0.9037439308279818 0
2906 0.6036148652047715 0.9825521028839845 0
2907 0.4219526116511917 0.81706793590937 0
2908 0.4281698980105842 0.5930594867921366 0
2909 0.5970080015594587 0.6220229569367756 0
2910 0.8737894203087361 0.7444601682531985 0
2911 0.4557761075171865 0.6089198469698977 0
2912 0.6151280510037236 0.6040368185419406 0
2913 0.8372620787242459 0.7544458493957204 0
2914 0.4092370914947776 0.8142977042363691 0
2915 0.6656291062467694 0.9776044956288501 0
2916 0.3997912853354984 0.6099256596561129 0
2917 0.4423162659902496 0.6393147436419576 0
2918 0.7052308298627842 0.9821903145030593 0
2919 0.9850905592577905 0.6760219015570564 0
2920 0.9824928083318369 0.7150579116368536 0
2921 0.6782673500866983 0.9648463260014766 0
2922 0.6420604434486621 0.9814680229734579 0
2923 0.6587087669840038 0.9597567160482764 0
2924 0.9840258736699582 0.694873060012816 0
2925 0.6985727752447721 0.5208994490044702 0
$EndNodes
$Elements
3081
1 15 2 201 1 1
2 15 2 101 2 2
3 15 2 101 3 3
4 15 2 201 4 4
5 15 2 102 5 5
6 15 2 102 6 6
7 15 2 201 7 7
8 1 2 201 1 1 8
9 1 2 201 1 8 9
10 1 2 201 1 9 10
11 1 2 201 1 10 11
12 1 2 201 1 11 12
13 1 2 201 1 12 13
14 1 2 201 1 13 14
15 1 2 201 1 14 15
16 1 2 201 1 15 16
17 1 2 201 1 16 17
18 1 2 201 1 17 18
19 1 2 201 1 18 19
20 1 2 201 1 19 20
21 1 2 201 1 20 21
22 1 2 201 1 21 22
23 1 2 201 1 22 23
24 1 2 201 1 23 24
25 1 2 201 1 24 25
26 1 2 201 1 25 26
27 1 2 201 1 26 27
28 1 2 201 1 27 28
29 1 2 201 1 28 29
30 1 2 201 1 29 30
31 1 2 201 1 30 31
32 1 2 201 1 31 32
33 1 2 201 1 32 33
34 1 2 201 1 33 34
35 1 2 201 1 34 35
36 1 2 201 1 35 36
37 1 2 201 1 36 37
38 1 2 201 1 37 38
39 1 2 201 1 38 39
40 1 2 201 1 39 40
41 1 2 201 1 40 41
42 1 2 201 1 41 42
43 1 2 201 1 42 43
44 1 2 201 1 43 44
45 1 2 201 1 44 45
46 1 2 201 1 45 46
47 1 2 201 1 46 47
48 1 2 201 1 47 48
49 1 2 201 1 48 49
50 1 2 201 1 49 50
51 1 2 201 1 50 51
52 1 2 201 1 51 52
53 1 2 201 1 52 53
54 1 2 201 1 53 54
55 1 2 201 1 54 55
56 1 2 201 1 55 56
57 1 2 201 1 56 2
58 1 2 101 2 2 57
59 1 2 101 2 57 58
60 1 2 101 2 58 59
61 1 2 101 2 59 60
62 1 2 101 2 60 61
63 1 2 101 2 61 62
64 1 2 101 2 62 63
65 1 2 101 2 63 64
66 1 2 101 2 64 65
67 1 2 101 2 65 66
68 1 2 101 2 66 67
69 1 2 101 2 67 68
70 1 2 101 2 68 69
71 1 2 101 2 69 70
72 1 2 101 2 70 71
73 1 2 101 2 71 72
74 1 2 101 2 72 73
75 1 2 101 2 73 74
76 1 2 101 2 74 75
77 1 2 101 2 75 76
78 1 2 101 2 76 77
79 1 2 101 2 77 78
80 1 2 101 2 78 79
81 1 2 101 2 79 80
82 1 2 101 2 80 3
83 1 2 201 3 3 81
84 1 2 201 3 81 82
85 1 2 201 3 82 83
86 1 2 201 3 83 84
87 1 2 201 3 84 85
88 1 2 201 3 85 86
89 1 2 201 3 86 87
90 1 2 201 3 87 88
91 1 2 201 3 88 89
92 1 2 201 3 89 90
93 1 2 201 3 90 91
94 1 2 201 3 91 92
95 1 2 201 3 92 93
96 1 2 201 3 93 94
97 1 2 201 3 94 95
98 1 2 201 3 95 96
99 1 2 201 3 96 97
100 1 2 201 3 97 98
101 1 2 201 3 98 99
102 1 2 201 3 99 100
103 1 2 201 3 100 101
104 1 2 201 3 101 102
105 1 2 201 3 102 103
106 1 2 201 3 103 104
107 1 2 201 3 104 4
108 1 2 201 4 4 105
109 1 2 201 4 105 106
110 1 2 201 4 106 107
111 1 2 201 4 107 108
112 1 2 201 4 108 109
113 1 2 201 4 109 110
114 1 2 201 4 110 111
115 1 2 201 4 111 112
116 1 2 201 4 112 113
117 1 2 201 4 113 114
118 1 2 201 4 114 115
119 1 2 201 4 115 116
120 1 2 201 4 116 117
121 1 2 201 4 117 118
122 1 2 201 4 118 119
123 1 2 201 4 119 120
124 1 2 201 4 120 121
125 1 2 201 4 121 122
126 1 2 201 4 122 123
127 1 2 201 4 123 124
128 1 2 201 4 124 125
129 1 2 201 4 125 126
130 1 2 201 4 126 127
131 1 2 201 4 127 128
132 1 2 201 4 128 5
133 1 2 102 5 5 129
134 1 2 102 5 129 130
135 1 2 102 5 130 131
136 1 2 102 5 131 132
137 1 2 102 5 132 133
138 1 2 102 5 133 134
139 1 2 102 5 134 135
140 1 2 102 5 135 136
141 1 2 102 5 136 137
142 1 2 102 5 137 138
143 1 2 102 5 138 139
144 1 2 102 5 139 140
145 1 2 102 5 140 141
146 1 2 102 5 141 142
147 1 2 102 5 142 143
148 1 2 102 5 143 144
149 1 2 102 5 144 145
150 1 2 102 5 145 146
151 1 2 102 5 146 147
152 1 2 102 5 147 148
153 1 2 102 5 148 149
154 1 2 102 5 149 150
155 1 2 102 5 150 151
156 1 2 102 5 151 152
157 1 2 102 5 152 6
158 1 2 201 6 6 153
159 1 2 201 6 153 154
160 1 2 201 6 154 155
161 1 2 201 6 155 156
162 1 2 201 6 156 157
163 1 2 201 6 157 158
164 1 2 201 6 158 159
165 1 2 201 6 159 160
166 1 2 201 6 160 161
167 1 2 201 6 161 162
168 1 2 201 6 162 163
169 1 2 201 6 163 164
170 1 2 201 6 164 165
171 1 2 201 6 165 166
172 1 2 201 6 166 167
173 1 2 201 6 167 168
174 1 2 201 6 168 169
175 1 2 201 6 169 170
176 1 2 201 6 170 171
177 1 2 201 6 171 172
178 1 2 201 6 172 173
179 1 2 201 6 173 174
180 1 2 201 6 174 175
181 1 2 201 6 175 176
182 1 2 201 6 176 7
183 1 2 201 7 7 177
184 1 2 201 7 177 178
185 1 2 201 7 178 179
186 1 2 201 7 179 180
187 1 2 201 7 180 181
188 1 2 201 7 181 182
189 1 2 201 7 182 183
190 1 2 201 7 183 184
191 1 2 201 7 184 185
192 1 2 201 7 185 186
193 1 2 201 7 186 187
194 1 2 201 7 187 188
195 1 2 201 7 188 189
196 1 2 201 7 189 190
197 1 2 201 7 190 191
198 1 2 201 7 191 192
199 1 2 201 7 192 193
200 1 2 201 7 193 194
201 1 2 201 7 194 195
202 1 2 201 7 195 196
203 1 2 201 7 196 197
204 1 2 201 7 197 198
205 1 2 201 7 198 199
206 1 2 201 7 199 200
207 1 2 201 7 200 1
208 1 2 0 8 7 201
209 1 2 0 8 201 202
210 1 2 0 8 202 203
211 1 2 0 8 203 204
212 1 2 0 8 204 205
213 1 2 0 8 205 206
214 1 2 0 8 206 207
215 1 2 0 8 207 208
216 1 2 0 8 208 209
217 1 2 0 8 209 210
218 1 2 0 8 210 211
219 1 2 0 8 211 212
220 1 2 0 8 212 213
221 1 2 0 8 213 214
222 1 2 0 8 214 215
223 1 2 0 8 215 216
224 1 2 0 8 216 217
225 1 2 0 8 217 218
226 1 2 0 8 218 219
227 1 2 0 8 219 220
228 1 2 0 8 220 221
229 1 2 0 8 221 222
230 1 2 0 8 222 223
231 1 2 0 8 223 224
232 1 2 0 8 224 225
233 1 2 0 8 225 226
234 1 2 0 8 226 227
235 1 2 0 8 227 228
236 1 2 0 8 228 229
237 1 2 0 8 229 230
238 1 2 0 8 230 231
239 1 2 0 8 231 232
240 1 2 0 8 232 233
241 1 2 0 8 233 234
242 1 2 0 8 234 235
243 1 2 0 8 235 236
244 1 2 0 8 236 237
245 1 2 0 8 237 238
246 1 2 0 8 238 239
247 1 2 0 8 239 240
248 1 2 0 8 240 241
249 1 2 0 8 241 242
250 1 2 0 8 242 243
251 1 2 0 8 243 244
252 1 2 0 8 244 245
253 1 2 0 8 245 246
254 1 2 0 8 246 247
255 1 2 0 8 247 248
256 1 2 0 8 248 249
257 1 2 0 8 249 3
258 3 2 0 10 1582 1220 1126 1583
259 3 2 0 10 1126 221 220 1583
260 3 2 0 10 220 219 1582 1583
261 3 2 0 10 56 280 363 55
262 3 2 0 10 360 353 354 277
263 3 2 0 10 362 279 356 360
264 3 2 0 10 360 356 274 353
265 3 2 0 10 177 178 357 371
266 3 2 0 10 10 367 369 9
267 3 2 0 10 278 357 346 276
268 3 2 0 10 182 183 514 537
269 3 2 0 10 491 530 545 339
270 3 2 0 10 366 546 539 273
271 3 2 0 10 536 355 553 485
272 3 2 0 10 353 274 566 359
273 3 2 0 10 559 566 274 370
274 3 2 0 10 351 271 567 346
275 3 2 0 10 346 567 273 276
276 3 2 0 10 204 203 584 352
277 3 2 0 10 202 358 584 203
278 3 2 0 10 77 78 588 277
279 3 2 0 10 362 360 277 588
280 3 2 0 10 180 181 590 351
281 3 2 0 10 271 351 590 340
282 3 2 0 10 355 268 596 359
283 3 2 0 10 359 596 354 353
284 3 2 0 10 8 601 200 1
285 3 2 0 10 280 56 2 602
286 3 2 0 10 178 179 603 357
287 3 2 0 10 80 3 249 605
288 3 2 0 10 75 76 569 593
289 3 2 0 10 268 583 354 596
290 3 2 0 10 2 57 368 602
291 3 2 0 10 9 369 601 8
292 3 2 0 10 78 79 362 588
293 3 2 0 10 565 349 530 507
294 3 2 0 10 339 564 502 491
295 3 2 0 10 556 565 522 348
296 3 2 0 10 568 343 545 551
297 3 2 0 10 349 551 545 530
298 3 2 0 10 555 487 571 538
299 3 2 0 10 340 538 597 271
300 3 2 0 10 340 558 555 538
301 3 2 0 10 336 575 539 546
302 3 2 0 10 349 565 556 561
303 3 2 0 10 571 600 597 538
304 3 2 0 10 267 518 524 269
305 3 2 0 10 265 571 487 467
306 3 2 0 10 355 359 566 563
307 3 2 0 10 364 563 566 559
308 3 2 0 10 348 266 553 556
309 3 2 0 10 561 556 553 364
310 3 2 0 10 364 553 355 563
311 3 2 0 10 332 519 336 595
312 3 2 0 10 343 568 606 589
313 3 2 0 10 179 180 351 603
314 3 2 0 10 357 603 351 346
315 3 2 0 10 12 532 542 11
316 3 2 0 10 181 182 537 590
317 3 2 0 10 558 340 590 537
318 3 2 0 10 575 336 519 529
319 3 2 0 10 356 347 341 598
320 3 2 0 10 356 598 370 274
321 3 2 0 10 370 598 341 606
322 3 2 0 10 11 542 367 10
323 3 2 0 10 76 77 277 569
324 3 2 0 10 336 546 366 595
325 3 2 0 10 278 276 584 358
326 3 2 0 10 273 539 584 276
327 3 2 0 10 575 352 584 539
328 3 2 0 10 364 559 349 561
329 3 2 0 10 606 568 559 370
330 3 2 0 10 349 559 568 551
331 3 2 0 10 202 201 371 358
332 3 2 0 10 357 278 358 371
333 3 2 0 10 177 371 201 7
334 3 2 0 10 567 271 597 574
335 3 2 0 10 567 574 366 273
336 3 2 0 10 366 574 597 600
337 3 2 0 10 344 573 587 604
338 3 2 0 10 712 1325 725 723
339 3 2 0 10 763 776 770 450
340 3 2 0 10 477 758 777 455
341 3 2 0 10 766 752 779 282
342 3 2 0 10 694 282 779 755
343 3 2 0 10 771 365 807 814
344 3 2 0 10 824 499 691 825
345 3 2 0 10 790 798 828 453
346 3 2 0 10 294 297 535 837
347 3 2 0 10 729 806 838 321
348 3 2 0 10 797 313 839 751
349 3 2 0 10 478 840 313 845
350 3 2 0 10 335 560 847 552
351 3 2 0 10 62 63 847 560
352 3 2 0 10 804 442 793 857
353 3 2 0 10 794 760 864 283
354 3 2 0 10 731 442 804 872
355 3 2 0 10 790 754 873 439
356 3 2 0 10 729 321 878 796
357 3 2 0 10 747 534 744 879
358 3 2 0 10 622 747 879 291
359 3 2 0 10 748 880 743 535
360 3 2 0 10 621 290 880 748
361 3 2 0 10 839 834 881 482
362 3 2 0 10 850 858 882 470
363 3 2 0 10 850 470 562 885
364 3 2 0 10 853 843 888 473
365 3 2 0 10 877 458 902 830
366 3 2 0 10 800 453 816 903
367 3 2 0 10 831 496 791 911
368 3 2 0 10 805 733 912 445
369 3 2 0 10 787 818 915 435
370 3 2 0 10 460 445 916 742
371 3 2 0 10 555 558 919 330
372 3 2 0 10 784 509 919 514
373 3 2 0 10 537 514 919 558
374 3 2 0 10 819 461 927 778
375 3 2 0 10 888 471 929 835
376 3 2 0 10 348 510 930 266
377 3 2 0 10 926 936 910 443
378 3 2 0 10 498 318 936 926
379 3 2 0 10 867 466 937 751
380 3 2 0 10 802 454 937 898
381 3 2 0 10 881 459 938 842
382 3 2 0 10 901 464 752 939
383 3 2 0 10 862 452 940 730
384 3 2 0 10 784 548 944 826
385 3 2 0 10 864 468 945 817
386 3 2 0 10 850 891 945 468
387 3 2 0 10 555 330 947 487
388 3 2 0 10 873 467 487 947
389 3 2 0 10 395 608 951 379
390 3 2 0 10 396 380 952 607
391 3 2 0 10 265 467 956 562
392 3 2 0 10 800 264 956 754
393 3 2 0 10 791 496 978 734
394 3 2 0 10 67 68 734 978
395 3 2 0 10 803 439 957 889
396 3 2 0 10 801 698 961 433
397 3 2 0 10 807 365 962 893
398 3 2 0 10 315 728 884 963
399 3 2 0 10 799 315 963 821
400 3 2 0 10 940 452 965 906
401 3 2 0 10 838 508 925 968
402 3 2 0 10 840 478 970 469
403 3 2 0 10 338 528 970 478
404 3 2 0 10 809 501 974 852
405 3 2 0 10 770 433 977 728
406 3 2 0 10 961 866 977 433
407 3 2 0 10 831 740 978 496
408 3 2 0 10 67 978 740 66
409 3 2 0 10 800 980 891 264
410 3 2 0 10 51 52 981 557
411 3 2 0 10 570 549 557 981
412 3 2 0 10 506 985 934 324
413 3 2 0 10 61 62 560 1423
414 3 2 0 10 912 733 987 381
415 3 2 0 10 48 989 492 47
416 3 2 0 10 763 450 990 892
417 3 2 0 10 851 459 993 746
418 3 2 0 10 840 469 993 834
419 3 2 0 10 932 910 994 490
420 3 2 0 10 961 698 995 472
421 3 2 0 10 869 783 996 322
422 3 2 0 10 867 482 999 795
423 3 2 0 10 950 317 999 842
424 3 2 0 10 916 256 1001 742
425 3 2 0 10 970 528 1003 780
426 3 2 0 10 783 1005 812 446
427 3 2 0 10 890 449 1007 998
428 3 2 0 10 206 205 1008 529
429 3 2 0 10 809 856 1009 501
430 3 2 0 10 799 492 989 1011
431 3 2 0 10 829 817 1017 475
432 3 2 0 10 762 823 1020 447
433 3 2 0 10 728 315 1022 769
434 3 2 0 10 498 964 1024 318
435 3 2 0 10 971 1028 874 465
436 3 2 0 10 933 316 1030 550
437 3 2 0 10 329 550 1030 495
438 3 2 0 10 386 1036 388 627
439 3 2 0 10 975 464 901 1107
440 3 2 0 10 950 486 1038 894
441 3 2 0 10 562 470 1040 265
442 3 2 0 10 332 599 1040 494
443 3 2 0 10 882 494 1040 470
444 3 2 0 10 875 767 1045 436
445 3 2 0 10 573 344 1046 554
446 3 2 0 10 455 865 1048 477
447 3 2 0 10 533 513 1049 986
448 3 2 0 10 878 321 1050 812
449 3 2 0 10 1024 964 1056 503
450 3 2 0 10 941 868 1057 466
451 3 2 0 10 328 536 485 1062
452 3 2 0 10 773 1070 699 512
453 3 2 0 10 750 900 1075 448
454 3 2 0 10 524 518 331 1079
455 3 2 0 10 1062 506 1084 328
456 3 2 0 10 602 368 1085 280
457 3 2 0 10 54 1086 570 53
458 3 2 0 10 330 919 509 1088
459 3 2 0 10 784 826 1089 509
460 3 2 0 10 1056 481 972 1092
461 3 2 0 10 926 906 1101 498
462 3 2 0 10 535 1102 582 748
463 3 2 0 10 534 747 581 1103
464 3 2 0 10 975 1107 525 495
465 3 2 0 10 57 58 1109 368
466 3 2 0 10 882 327 1006 494
467 3 2 0 10 519 332 494 1006
468 3 2 0 10 335 1110 463 1000
469 3 2 0 10 208 207 979 1009
470 3 2 0 10 190 191 1061 1031
471 3 2 0 10 324 1059 1084 506
472 3 2 0 10 49 1049 989 48
473 3 2 0 10 1011 989 1049 513
474 3 2 0 10 195 196 1072 960
475 3 2 0 10 210 209 1039 1067
476 3 2 0 10 928 1067 1039 540
477 3 2 0 10 913 1051 1063 541
478 3 2 0 10 264 885 562 956
479 3 2 0 10 1423 560 335 1096
480 3 2 0 10 205 204 352 1008
481 3 2 0 10 529 1008 352 575
482 3 2 0 10 52 53 570 981
483 3 2 0 10 863 442 731 693
484 3 2 0 10 955 316 825 785
485 3 2 0 10 1012 995 732 314
486 3 2 0 10 829 745 1070 283
487 3 2 0 10 296 836 744 534
488 3 2 0 10 908 722 942 290
489 3 2 0 10 909 291 943 723
490 3 2 0 10 292 718 737 922
491 3 2 0 10 733 454 802 987
492 3 2 0 10 450 770 728 769
493 3 2 0 10 902 458 786 796
494 3 2 0 10 441 729 796 786
495 3 2 0 10 441 871 806 729
496 3 2 0 10 443 741 730 940
497 3 2 0 10 455 862 730 775
498 3 2 0 10 462 766 731 872
499 3 2 0 10 844 483 808 789
500 3 2 0 10 314 732 789 808
501 3 2 0 10 454 733 805 797
502 3 2 0 10 1073 490 791 810
503 3 2 0 10 517 810 791 734
504 3 2 0 10 958 820 787 435
505 3 2 0 10 397 738 787 820
506 3 2 0 10 445 912 739 916
507 3 2 0 10 1087 886 831 503
508 3 2 0 10 547 740 831 886
509 3 2 0 10 890 757 949 449
510 3 2 0 10 443 949 757 741
511 3 2 0 10 290 942 743 880
512 3 2 0 10 291 879 744 943
513 3 2 0 10 762 876 829 475
514 3 2 0 10 874 851 765 465
515 3 2 0 10 970 780 993 469
516 3 2 0 10 301 959 900 750
517 3 2 0 10 454 797 751 937
518 3 2 0 10 482 867 751 839
519 3 2 0 10 462 939 752 766
520 3 2 0 10 464 1098 779 752
521 3 2 0 10 325 944 753 788
522 3 2 0 10 453 800 754 790
523 3 2 0 10 467 873 754 956
524 3 2 0 10 438 755 779 976
525 3 2 0 10 465 765 757 890
526 3 2 0 10 920 777 808 483
527 3 2 0 10 314 808 777 758
528 3 2 0 10 773 456 1055 794
529 3 2 0 10 444 760 794 1055
530 3 2 0 10 468 864 760 895
531 3 2 0 10 320 823 762 475
532 3 2 0 10 377 876 762 848
533 3 2 0 10 365 771 776 763
534 3 2 0 10 365 763 892 962
535 3 2 0 10 281 772 1045 767
536 3 2 0 10 771 451 801 776
537 3 2 0 10 433 770 776 801
538 3 2 0 10 451 771 814 841
539 3 2 0 10 283 1070 773 794
540 3 2 0 10 793 860 853 473
541 3 2 0 10 965 452 862 920
542 3 2 0 10 455 777 920 862
543 3 2 0 10 325 788 778 927
544 3 2 0 10 877 819 786 458
545 3 2 0 10 441 786 819 778
546 3 2 0 10 457 1005 783 869
547 3 2 0 10 804 996 833 484
548 3 2 0 10 446 833 996 783
549 3 2 0 10 1047 844 841 480
550 3 2 0 10 451 841 844 789
551 3 2 0 10 927 461 798 803
552 3 2 0 10 439 803 798 790
553 3 2 0 10 490 994 911 791
554 3 2 0 10 835 322 857 907
555 3 2 0 10 473 907 857 793
556 3 2 0 10 442 863 860 793
557 3 2 0 10 466 867 795 941
558 3 2 0 10 457 902 796 878
559 3 2 0 10 461 899 828 798
560 3 2 0 10 315 799 1011 513
561 3 2 0 10 500 980 800 903
562 3 2 0 10 325 927 803 889
563 3 2 0 10 322 996 804 857
564 3 2 0 10 841 814 859 480
565 3 2 0 10 463 859 814 807
566 3 2 0 10 335 1000 893 488
567 3 2 0 10 463 807 893 1000
568 3 2 0 10 1006 327 992 852
569 3 2 0 10 521 809 852 992
570 3 2 0 10 319 1073 810 923
571 3 2 0 10 457 878 812 1005
572 3 2 0 10 1017 500 903 1044
573 3 2 0 10 320 1044 903 816
574 3 2 0 10 283 864 817 829
575 3 2 0 10 500 1017 817 945
576 3 2 0 10 437 915 875 436
577 3 2 0 10 298 875 915 818
578 3 2 0 10 828 899 877 312
579 3 2 0 10 461 819 877 899
580 3 2 0 10 434 821 963 884
581 3 2 0 10 316 933 824 825
582 3 2 0 10 325 1089 826 944
583 3 2 0 10 312 877 830 883
584 3 2 0 10 471 830 902 929
585 3 2 0 10 994 318 1024 911
586 3 2 0 10 503 831 911 1024
587 3 2 0 10 313 840 834 839
588 3 2 0 10 459 881 834 993
589 3 2 0 10 902 457 869 929
590 3 2 0 10 322 835 929 869
591 3 2 0 10 473 888 835 907
592 3 2 0 10 321 838 968 1050
593 3 2 0 10 482 881 842 999
594 3 2 0 10 486 950 842 938
595 3 2 0 10 479 843 853 917
596 3 2 0 10 471 888 843 921
597 3 2 0 10 483 844 1047 1064
598 3 2 0 10 315 513 533 1022
599 3 2 0 10 264 891 850 885
600 3 2 0 10 760 444 858 895
601 3 2 0 10 468 895 858 850
602 3 2 0 10 934 486 938 874
603 3 2 0 10 459 851 874 938
604 3 2 0 10 519 1006 852 974
605 3 2 0 10 861 444 1055 918
606 3 2 0 10 209 208 1009 1039
607 3 2 0 10 540 1039 1009 856
608 3 2 0 10 992 327 882 861
609 3 2 0 10 444 861 882 858
610 3 2 0 10 480 859 972 481
611 3 2 0 10 521 992 861 918
612 3 2 0 10 728 977 896 884
613 3 2 0 10 472 772 866 961
614 3 2 0 10 893 962 982 270
615 3 2 0 10 311 1074 1057 868
616 3 2 0 10 830 471 921 883
617 3 2 0 10 1088 935 947 330
618 3 2 0 10 439 873 947 935
619 3 2 0 10 324 934 874 1028
620 3 2 0 10 325 889 957 1089
621 3 2 0 10 465 890 998 971
622 3 2 0 10 500 945 891 980
623 3 2 0 10 317 950 894 1014
624 3 2 0 10 510 894 1038 930
625 3 2 0 10 466 1057 898 937
626 3 2 0 10 311 1075 900 1074
627 3 2 0 10 531 1058 1107 901
628 3 2 0 10 443 940 906 926
629 3 2 0 10 318 994 910 936
630 3 2 0 10 1007 449 949 932
631 3 2 0 10 443 910 932 949
632 3 2 0 10 483 1064 965 920
633 3 2 0 10 1050 968 983 527
634 3 2 0 10 511 928 1078 1106
635 3 2 0 10 476 1025 1012 931
636 3 2 0 10 998 1007 1073 319
637 3 2 0 10 490 1073 1007 932
638 3 2 0 10 486 934 985 1038
639 3 2 0 10 1089 957 1088 509
640 3 2 0 10 439 935 1088 957
641 3 2 0 10 975 495 1030 1010
642 3 2 0 10 316 955 1010 1030
643 3 2 0 10 1021 481 1056 964
644 3 2 0 10 505 1032 1018 973
645 3 2 0 10 464 975 1010 1098
646 3 2 0 10 480 481 1021 1047
647 3 2 0 10 894 510 1052 1014
648 3 2 0 10 317 1014 1052 984
649 3 2 0 10 498 1101 1021 964
650 3 2 0 10 472 995 1012 1099
651 3 2 0 10 326 1053 1041 1002
652 3 2 0 10 320 475 1017 1044
653 3 2 0 10 503 1056 1092 1087
654 3 2 0 10 1012 314 758 931
655 3 2 0 10 758 477 476 931
656 3 2 0 10 191 192 1104 1061
657 3 2 0 10 508 1061 1104 925
658 3 2 0 10 335 552 334 1110
659 3 2 0 10 859 463 1110 972
660 3 2 0 10 334 1092 972 1110
661 3 2 0 10 55 363 1086 54
662 3 2 0 10 550 329 1094 1095
663 3 2 0 10 338 865 1003 528
664 3 2 0 10 455 775 1003 865
665 3 2 0 10 595 1097 599 332
666 3 2 0 10 600 1097 595 366
667 3 2 0 10 571 265 1040 599
668 3 2 0 10 571 599 1097 600
669 3 2 0 10 474 991 868 941
670 3 2 0 10 66 740 547 65
671 3 2 0 10 1041 446 812 1002
672 3 2 0 10 1018 326 1002 527
673 3 2 0 10 527 1002 812 1050
674 3 2 0 10 987 721 411 381
675 3 2 0 10 916 739 686 256
676 3 2 0 10 344 604 369 367
677 3 2 0 10 323 990 1022 533
678 3 2 0 10 450 769 1022 990
679 3 2 0 10 915 437 958 435
680 3 2 0 10 251 853 860 914
681 3 2 0 10 251 1019 768 846
682 3 2 0 10 901 1004 263 531
683 3 2 0 10 462 1004 901 939
684 3 2 0 10 1037 684 792 515
685 3 2 0 10 510 348 522 1052
686 3 2 0 10 355 536 578 268
687 3 2 0 10 268 578 342 583
688 3 2 0 10 536 328 1100 578
689 3 2 0 10 342 578 1100 516
690 3 2 0 10 941 795 984 474
691 3 2 0 10 1052 489 474 984
692 3 2 0 10 317 984 795 999
693 3 2 0 10 68 69 517 734
694 3 2 0 10 320 1071 1020 823
695 3 2 0 10 797 805 845 313
696 3 2 0 10 853 251 846 917
697 3 2 0 10 1071 479 917 1020
698 3 2 0 10 447 1020 917 846
699 3 2 0 10 1009 979 974 501
700 3 2 0 10 207 206 529 979
701 3 2 0 10 529 519 974 979
702 3 2 0 10 1109 373 1085 368
703 3 2 0 10 810 517 781 923
704 3 2 0 10 541 1063 923 781
705 3 2 0 10 367 542 1046 344
706 3 2 0 10 542 532 337 1046
707 3 2 0 10 280 1085 592 363
708 3 2 0 10 363 592 570 1086
709 3 2 0 10 534 1103 700 296
710 3 2 0 10 535 297 701 1102
711 3 2 0 10 928 540 856 1078
712 3 2 0 10 521 1078 856 809
713 3 2 0 10 374 887 1055 456
714 3 2 0 10 521 918 1055 887
715 3 2 0 10 586 298 818 1060
716 3 2 0 10 189 190 1031 493
717 3 2 0 10 1061 508 838 1031
718 3 2 0 10 493 1031 838 806
719 3 2 0 10 804 484 263 1004
720 3 2 0 10 462 872 804 1004
721 3 2 0 10 69 70 781 517
722 3 2 0 10 1053 331 518 1013
723 3 2 0 10 199 200 601 580
724 3 2 0 10 604 580 601 369
725 3 2 0 10 476 261 759 1025
726 3 2 0 10 436 1045 1025 759
727 3 2 0 10 434 884 896 719
728 3 2 0 10 742 1001 1027 543
729 3 2 0 10 324 1028 971 1059
730 3 2 0 10 79 80 605 362
731 3 2 0 10 423 425 1121 1117
732 3 2 0 10 211 1105 1129 212
733 3 2 0 10 425 414 1139 1121
734 3 2 0 10 305 682 1147 299
735 3 2 0 10 426 666 1147 682
736 3 2 0 10 718 292 1156 813
737 3 2 0 10 296 295 1161 836
738 3 2 0 10 430 1172 1146 429
739 3 2 0 10 427 1175 1145 429
740 3 2 0 10 592 1177 549 570
741 3 2 0 10 1135 1178 1116 671
742 3 2 0 10 295 296 709 1179
743 3 2 0 10 294 1180 710 297
744 3 2 0 10 1123 1137 1188 726
745 3 2 0 10 1124 727 1189 1138
746 3 2 0 10 646 648 1195 300
747 3 2 0 10 391 855 1202 1196
748 3 2 0 10 225 224 1113 1203
749 3 2 0 10 1118 628 1213 636
750 3 2 0 10 855 391 1217 1167
751 3 2 0 10 512 699 1221 905
752 3 2 0 10 300 1222 650 646
753 3 2 0 10 792 1224 693 683
754 3 2 0 10 308 1226 1150 306
755 3 2 0 10 738 397 428 1229
756 3 2 0 10 415 634 643 1232
757 3 2 0 10 293 572 1241 827
758 3 2 0 10 1121 1139 1248 645
759 3 2 0 10 1140 1124 1252 254
760 3 2 0 10 1141 254 1252 1123
761 3 2 0 10 213 212 1129 1263
762 3 2 0 10 1070 745 1279 699
763 3 2 0 10 1221 699 1279 696
764 3 2 0 10 691 499 1283 761
765 3 2 0 10 1130 1283 499 1083
766 3 2 0 10 582 1291 621 748
767 3 2 0 10 581 747 622 1292
768 3 2 0 10 667 1172 430 1293
769 3 2 0 10 1155 703 1303 1273
770 3 2 0 10 1027 1001 1313 811
771 3 2 0 10 256 258 1313 1001
772 3 2 0 10 912 381 1320 739
773 3 2 0 10 722 724 1324 440
774 3 2 0 10 434 719 1328 854
775 3 2 0 10 544 774 1328 719
776 3 2 0 10 436 759 1335 437
777 3 2 0 10 373 1337 592 1085
778 3 2 0 10 1052 522 1344 489
779 3 2 0 10 1058 531 1346 361
780 3 2 0 10 361 1346 1091 267
781 3 2 0 10 825 691 1347 785
782 3 2 0 10 756 586 822 1356
783 3 2 0 10 256 686 1358 258
784 3 2 0 10 323 1359 892 990
785 3 2 0 10 445 460 1363 805
786 3 2 0 10 337 532 1373 504
787 3 2 0 10 995 698 1386 732
788 3 2 0 10 698 801 451 1386
789 3 2 0 10 282 1393 731 766
790 3 2 0 10 778 788 1395 441
791 3 2 0 10 270 982 1397 523
792 3 2 0 10 608 614 1399 951
793 3 2 0 10 607 952 1400 613
794 3 2 0 10 959 301 1405 802
795 3 2 0 10 987 802 1405 721
796 3 2 0 10 993 780 1406 746
797 3 2 0 10 851 746 1406 765
798 3 2 0 10 664 1191 650 1407
799 3 2 0 10 806 871 1408 493
800 3 2 0 10 65 547 1410 64
801 3 2 0 10 63 64 1410 847
802 3 2 0 10 1128 1418 1127 591
803 3 2 0 10 702 617 1419 407
804 3 2 0 10 61 1423 526 60
805 3 2 0 10 430 1424 702 407
806 3 2 0 10 1173 310 1429 305
807 3 2 0 10 744 408 1434 943
808 3 2 0 10 943 1434 712 723
809 3 2 0 10 722 1435 409 942
810 3 2 0 10 440 711 1435 722
811 3 2 0 10 608 395 1444 710
812 3 2 0 10 607 709 1445 396
813 3 2 0 10 448 1305 625 750
814 3 2 0 10 257 1187 638 1242
815 3 2 0 10 303 1249 641 284
816 3 2 0 10 418 422 1304 1184
817 3 2 0 10 665 658 1184 1304
818 3 2 0 10 427 1191 664 1175
819 3 2 0 10 214 213 1263 1159
820 3 2 0 10 1199 1159 1263 689
821 3 2 0 10 310 1248 695 1366
822 3 2 0 10 388 1036 726 1290
823 3 2 0 10 389 1289 727 1035
824 3 2 0 10 696 1279 876 377
825 3 2 0 10 829 876 1279 745
826 3 2 0 10 438 976 785 1347
827 3 2 0 10 761 1310 1347 691
828 3 2 0 10 438 1347 1310 1461
829 3 2 0 10 621 1341 908 290
830 3 2 0 10 622 291 909 1340
831 3 2 0 10 822 1331 1429 310
832 3 2 0 10 724 722 908 1422
833 3 2 0 10 725 1421 909 723
834 3 2 0 10 310 1173 645 1248
835 3 2 0 10 1027 1426 372 543
836 3 2 0 10 376 1381 749 1404
837 3 2 0 10 532 12 13 1373
838 3 2 0 10 400 1119 714 387
839 3 2 0 10 627 713 1120 386
840 3 2 0 10 531 263 1091 1346
841 3 2 0 10 727 1319 1307 1035
842 3 2 0 10 726 1036 1306 1318
843 3 2 0 10 1111 1294 1238 375
844 3 2 0 10 1224 792 1238 1294
845 3 2 0 10 489 1436 991 474
846 3 2 0 10 792 684 1206 1238
847 3 2 0 10 308 285 1182 1226
848 3 2 0 10 642 1226 1182 1114
849 3 2 0 10 1221 1211 1186 905
850 3 2 0 10 641 1116 1178 284
851 3 2 0 10 645 1392 1117 1121
852 3 2 0 10 636 1267 1259 1118
853 3 2 0 10 726 1318 1141 1123
854 3 2 0 10 250 1137 1123 1252
855 3 2 0 10 727 1124 1140 1319
856 3 2 0 10 250 1252 1124 1138
857 3 2 0 10 1141 1418 1140 254
858 3 2 0 10 761 1283 1130 1387
859 3 2 0 10 1164 284 1178 1275
860 3 2 0 10 1165 1276 1182 285
861 3 2 0 10 670 1182 1276 1136
862 3 2 0 10 695 1248 1139 1362
863 3 2 0 10 1200 720 1277 1296
864 3 2 0 10 664 1389 1145 1175
865 3 2 0 10 572 615 1443 1241
866 3 2 0 10 667 1447 1146 1172
867 3 2 0 10 1358 686 1212 1414
868 3 2 0 10 410 1148 1414 1212
869 3 2 0 10 642 1197 1150 1226
870 3 2 0 10 1117 1392 1288 662
871 3 2 0 10 644 1246 1249 1160
872 3 2 0 10 410 1451 1194 1169
873 3 2 0 10 304 1171 1309 1428
874 3 2 0 10 674 1214 1374 1218
875 3 2 0 10 716 579 1369 1234
876 3 2 0 10 682 1365 1437 426
877 3 2 0 10 682 305 1429 1365
878 3 2 0 10 655 1163 1271 660
879 3 2 0 10 656 661 1278 1174
880 3 2 0 10 414 425 1427 1198
881 3 2 0 10 229 1264 1261 230
882 3 2 0 10 646 1412 1354 648
883 3 2 0 10 230 1261 1269 231
884 3 2 0 10 420 1163 655 1430
885 3 2 0 10 390 1416 1217 391
886 3 2 0 10 390 391 1196 1349
887 3 2 0 10 414 1198 675 1338
888 3 2 0 10 308 306 1195 1231
889 3 2 0 10 489 1344 1054 1436
890 3 2 0 10 991 1436 1054 1015
891 3 2 0 10 390 401 1155 1416
892 3 2 0 10 390 1349 1257 401
893 3 2 0 10 1468 1237 654 1256
894 3 2 0 10 1286 385 1193 383
895 3 2 0 10 383 1193 1155 401
896 3 2 0 10 1285 382 1190 384
897 3 2 0 10 1390 1153 1190 382
898 3 2 0 10 649 652 639 1334
899 3 2 0 10 651 1348 1239 640
900 3 2 0 10 252 1213 628 1301
901 3 2 0 10 1301 628 1409 633
902 3 2 0 10 1118 1168 1409 628
903 3 2 0 10 820 1077 1433 397
904 3 2 0 10 307 1147 666 1415
905 3 2 0 10 426 424 1322 666
906 3 2 0 10 713 627 619 1253
907 3 2 0 10 714 1255 618 387
908 3 2 0 10 582 1102 677 1329
909 3 2 0 10 581 1330 676 1103
910 3 2 0 10 1102 701 1450 677
911 3 2 0 10 1330 619 1449 676
912 3 2 0 10 1103 676 1449 700
913 3 2 0 10 625 1305 1419 617
914 3 2 0 10 768 1019 1368 350
915 3 2 0 10 350 1368 1394 697
916 3 2 0 10 424 426 1437 1361
917 3 2 0 10 428 1132 1361 1437
918 3 2 0 10 303 284 1164 1230
919 3 2 0 10 652 1230 1164 639
920 3 2 0 10 967 1332 1434 408
921 3 2 0 10 609 712 1434 1332
922 3 2 0 10 966 409 1435 1333
923 3 2 0 10 610 1333 1435 711
924 3 2 0 10 1447 665 1304 1146
925 3 2 0 10 1304 422 1191 427
926 3 2 0 10 308 1231 1165 285
927 3 2 0 10 651 640 1165 1231
928 3 2 0 10 727 1289 1157 1189
929 3 2 0 10 726 1188 1158 1290
930 3 2 0 10 1305 448 1413 832
931 3 2 0 10 497 1413 448 1075
932 3 2 0 10 25 1371 1396 24
933 3 2 0 10 218 217 1398 1220
934 3 2 0 10 703 630 1161 1265
935 3 2 0 10 704 1270 1162 629
936 3 2 0 10 302 303 1230 1453
937 3 2 0 10 652 649 1453 1230
938 3 2 0 10 1249 303 302 1160
939 3 2 0 10 1149 307 1160 302
940 3 2 0 10 1213 252 1236 1066
941 3 2 0 10 1268 969 1312 431
942 3 2 0 10 1362 431 1312 695
943 3 2 0 10 1286 688 1219 680
944 3 2 0 10 26 1219 1371 25
945 3 2 0 10 784 514 183 184
946 3 2 0 10 548 784 184 185
947 3 2 0 10 1145 1389 1214 674
948 3 2 0 10 446 1041 1378 833
949 3 2 0 10 833 1378 263 484
950 3 2 0 10 298 586 756 1438
951 3 2 0 10 432 774 1438 756
952 3 2 0 10 1035 1307 400 387
953 3 2 0 10 400 1307 1458 1201
954 3 2 0 10 493 1408 188 189
955 3 2 0 10 187 188 1408 782
956 3 2 0 10 185 186 1297 548
957 3 2 0 10 782 1297 186 187
958 3 2 0 10 944 548 1297 753
959 3 2 0 10 1387 1130 1326 679
960 3 2 0 10 22 1235 1326 21
961 3 2 0 10 679 1326 1235 1432
962 3 2 0 10 687 681 1126 1220
963 3 2 0 10 26 27 1125 1219
964 3 2 0 10 609 680 1219 1125
965 3 2 0 10 717 1181 1446 690
966 3 2 0 10 1159 1243 215 214
967 3 2 0 10 234 1379 1336 235
968 3 2 0 10 232 1287 1300 233
969 3 2 0 10 667 1300 1287 1447
970 3 2 0 10 232 231 1269 1287
971 3 2 0 10 1181 237 236 1446
972 3 2 0 10 235 1336 1446 236
973 3 2 0 10 1391 690 1446 1364
974 3 2 0 10 685 1364 1446 1336
975 3 2 0 10 41 42 1176 1284
976 3 2 0 10 228 227 1314 1295
977 3 2 0 10 661 1295 1314 668
978 3 2 0 10 228 1295 1264 229
979 3 2 0 10 661 656 1264 1295
980 3 2 0 10 1327 1302 34 35
981 3 2 0 10 1327 660 669 1302
982 3 2 0 10 1403 1315 1302 669
983 3 2 0 10 663 1134 423 1430
984 3 2 0 10 434 854 1244 1225
985 3 2 0 10 275 523 1177 1441
986 3 2 0 10 1158 1188 1350 672
987 3 2 0 10 250 1350 1188 1137
988 3 2 0 10 1350 250 1351 253
989 3 2 0 10 1157 673 1351 1189
990 3 2 0 10 250 1138 1189 1351
991 3 2 0 10 302 1453 647 1149
992 3 2 0 10 1013 1378 1041 1053
993 3 2 0 10 1310 378 1384 1461
994 3 2 0 10 855 1167 1384 378
995 3 2 0 10 1443 615 1384 1167
996 3 2 0 10 930 1108 553 266
997 3 2 0 10 296 700 1445 709
998 3 2 0 10 700 1449 402 1445
999 3 2 0 10 297 710 1444 701
1000 3 2 0 10 701 1444 403 1450
1001 3 2 0 10 1236 1355 1369 1066
1002 3 2 0 10 967 1298 1193 385
1003 3 2 0 10 1155 1193 1298 703
1004 3 2 0 10 966 384 1190 1299
1005 3 2 0 10 629 1299 1190 704
1006 3 2 0 10 1195 306 1171 300
1007 3 2 0 10 1222 300 1171 304
1008 3 2 0 10 1313 258 1358 262
1009 3 2 0 10 307 1415 644 1160
1010 3 2 0 10 644 1322 417 1246
1011 3 2 0 10 257 260 1122 1187
1012 3 2 0 10 643 634 1187 1122
1013 3 2 0 10 712 609 1125 1455
1014 3 2 0 10 440 1454 610 711
1015 3 2 0 10 681 610 1454 1126
1016 3 2 0 10 1224 1043 863 693
1017 3 2 0 10 863 1043 914 860
1018 3 2 0 10 1340 632 1292 622
1019 3 2 0 10 1341 621 1291 631
1020 3 2 0 10 1222 304 1428 309
1021 3 2 0 10 1170 623 1448 657
1022 3 2 0 10 1301 988 1448 252
1023 3 2 0 10 623 1236 252 1448
1024 3 2 0 10 423 1134 1427 425
1025 3 2 0 10 550 1095 1090 948
1026 3 2 0 10 381 411 1451 1320
1027 3 2 0 10 1212 686 739 1320
1028 3 2 0 10 410 1212 1320 1451
1029 3 2 0 10 1451 411 721 1194
1030 3 2 0 10 1169 1194 616 659
1031 3 2 0 10 1405 616 1194 721
1032 3 2 0 10 659 1321 1374 1442
1033 3 2 0 10 525 1107 1058 1311
1034 3 2 0 10 1293 430 407 1183
1035 3 2 0 10 1419 1029 1183 407
1036 3 2 0 10 1027 958 437 1426
1037 3 2 0 10 1209 737 1399 614
1038 3 2 0 10 1208 613 1400 736
1039 3 2 0 10 924 736 1400 1440
1040 3 2 0 10 709 607 613 1179
1041 3 2 0 10 710 1180 614 608
1042 3 2 0 10 1377 1077 1027 811
1043 3 2 0 10 820 958 1027 1077
1044 3 2 0 10 1092 334 1410 1087
1045 3 2 0 10 547 886 1087 1410
1046 3 2 0 10 334 552 847 1410
1047 3 2 0 10 70 71 541 781
1048 3 2 0 10 612 393 1082 1421
1049 3 2 0 10 611 1422 1081 394
1050 3 2 0 10 1421 725 1325 612
1051 3 2 0 10 1422 611 1324 724
1052 3 2 0 10 705 393 1459 398
1053 3 2 0 10 565 507 1344 522
1054 3 2 0 10 410 1169 653 1237
1055 3 2 0 10 1237 1468 1148 410
1056 3 2 0 10 1177 592 1337 1441
1057 3 2 0 10 585 1441 1337 373
1058 3 2 0 10 255 1296 643 1122
1059 3 2 0 10 397 1433 1132 428
1060 3 2 0 10 735 1132 1433 1133
1061 3 2 0 10 294 1209 614 1180
1062 3 2 0 10 295 1179 613 1208
1063 3 2 0 10 968 925 1104 983
1064 3 2 0 10 527 983 973 1018
1065 3 2 0 10 1291 582 1329 287
1066 3 2 0 10 677 618 1255 1329
1067 3 2 0 10 1292 286 1330 581
1068 3 2 0 10 286 1253 619 1330
1069 3 2 0 10 323 533 986 1080
1070 3 2 0 10 1297 782 1408 1395
1071 3 2 0 10 441 1395 1408 871
1072 3 2 0 10 788 753 1297 1395
1073 3 2 0 10 1310 761 1387 378
1074 3 2 0 10 679 1432 1202 1387
1075 3 2 0 10 378 1387 1202 855
1076 3 2 0 10 1078 521 887 1106
1077 3 2 0 10 374 997 1106 887
1078 3 2 0 10 1389 664 1407 1245
1079 3 2 0 10 951 707 1227 379
1080 3 2 0 10 1259 1267 1227 707
1081 3 2 0 10 952 380 1228 708
1082 3 2 0 10 1251 708 1228 1266
1083 3 2 0 10 716 1234 1266 1228
1084 3 2 0 10 985 506 1062 1108
1085 3 2 0 10 553 1108 1062 485
1086 3 2 0 10 415 1232 1277 419
1087 3 2 0 10 643 1296 1277 1232
1088 3 2 0 10 572 288 1370 615
1089 3 2 0 10 960 1360 194 195
1090 3 2 0 10 661 668 1317 1278
1091 3 2 0 10 27 28 1455 1125
1092 3 2 0 10 472 1099 1045 772
1093 3 2 0 10 1012 1025 1045 1099
1094 3 2 0 10 693 731 1393 683
1095 3 2 0 10 792 683 1393 515
1096 3 2 0 10 282 694 515 1393
1097 3 2 0 10 1394 988 1417 697
1098 3 2 0 10 657 1448 988 1394
1099 3 2 0 10 289 749 813 1156
1100 3 2 0 10 1221 289 1156 1211
1101 3 2 0 10 1204 1112 30 31
1102 3 2 0 10 277 354 583 569
1103 3 2 0 10 342 593 569 583
1104 3 2 0 10 345 577 272 524
1105 3 2 0 10 587 573 272 577
1106 3 2 0 10 1187 634 1142 638
1107 3 2 0 10 1147 307 1149 299
1108 3 2 0 10 662 1288 299 1149
1109 3 2 0 10 1169 659 1442 653
1110 3 2 0 10 1372 579 1274 1380
1111 3 2 0 10 716 1272 1274 579
1112 3 2 0 10 594 1335 759 261
1113 3 2 0 10 897 372 1335 594
1114 3 2 0 10 906 965 1064 1101
1115 3 2 0 10 1021 1101 1064 1047
1116 3 2 0 10 924 827 1385 954
1117 3 2 0 10 1241 1411 1385 827
1118 3 2 0 10 822 586 1060 1331
1119 3 2 0 10 998 1068 1059 971
1120 3 2 0 10 713 1253 1135 671
1121 3 2 0 10 286 1034 1135 1253
1122 3 2 0 10 1329 1255 1033 287
1123 3 2 0 10 1119 670 1255 714
1124 3 2 0 10 670 1136 1033 1255
1125 3 2 0 10 1037 288 1206 684
1126 3 2 0 10 591 1127 1457 1233
1127 3 2 0 10 638 1142 1201 624
1128 3 2 0 10 713 671 1116 1120
1129 3 2 0 10 1201 406 1119 400
1130 3 2 0 10 1182 670 1119 1114
1131 3 2 0 10 962 892 1359 982
1132 3 2 0 10 1394 1367 1170 657
1133 3 2 0 10 375 1170 1367 1111
1134 3 2 0 10 815 1205 1238 1206
1135 3 2 0 10 785 976 1010 955
1136 3 2 0 10 779 1098 1010 976
1137 3 2 0 10 305 299 1288 1173
1138 3 2 0 10 645 1173 1288 1392
1139 3 2 0 10 1075 311 1015 497
1140 3 2 0 10 868 991 1015 311
1141 3 2 0 10 594 261 1048 1042
1142 3 2 0 10 865 338 1042 1048
1143 3 2 0 10 261 476 477 1048
1144 3 2 0 10 818 787 738 1060
1145 3 2 0 10 702 1424 1145 674
1146 3 2 0 10 430 429 1145 1424
1147 3 2 0 10 674 1218 617 702
1148 3 2 0 10 1207 625 617 1218
1149 3 2 0 10 1144 259 1247 262
1150 3 2 0 10 620 512 905 1186
1151 3 2 0 10 802 898 1057 959
1152 3 2 0 10 900 959 1057 1074
1153 3 2 0 10 1177 523 1397 549
1154 3 2 0 10 557 549 1397 333
1155 3 2 0 10 518 267 1091 1013
1156 3 2 0 10 263 1378 1013 1091
1157 3 2 0 10 828 312 1076 1023
1158 3 2 0 10 843 479 1076 921
1159 3 2 0 10 312 883 921 1076
1160 3 2 0 10 749 1381 1357 813
1161 3 2 0 10 1035 387 618 389
1162 3 2 0 10 677 1450 389 618
1163 3 2 0 10 627 388 1449 619
1164 3 2 0 10 648 1354 1348 651
1165 3 2 0 10 35 36 1339 1327
1166 3 2 0 10 1302 1315 33 34
1167 3 2 0 10 32 33 1315 1403
1168 3 2 0 10 227 226 1402 1314
1169 3 2 0 10 648 651 1231 1195
1170 3 2 0 10 717 690 1391 1282
1171 3 2 0 10 429 1146 1304 427
1172 3 2 0 10 1083 19 20 1130
1173 3 2 0 10 21 1326 1130 20
1174 3 2 0 10 1261 658 665 1269
1175 3 2 0 10 1447 1287 1269 665
1176 3 2 0 10 1183 1029 1391 1364
1177 3 2 0 10 1032 505 1360 960
1178 3 2 0 10 1453 649 1323 647
1179 3 2 0 10 1163 420 1323 416
1180 3 2 0 10 642 1114 1462 1131
1181 3 2 0 10 406 1462 1114 1119
1182 3 2 0 10 1122 260 1465 255
1183 3 2 0 10 257 1210 1465 260
1184 3 2 0 10 1181 717 1065 1467
1185 3 2 0 10 717 849 1469 1065
1186 3 2 0 10 720 1452 1470 1277
1187 3 2 0 10 421 419 1277 1470
1188 3 2 0 10 610 681 1471 1333
1189 3 2 0 10 384 1471 681 1285
1190 3 2 0 10 609 1332 1472 680
1191 3 2 0 10 385 1286 680 1472
1192 3 2 0 10 423 1117 662 1474
1193 3 2 0 10 1079 1475 345 524
1194 3 2 0 10 635 1210 1479 637
1195 3 2 0 10 716 1228 1481 1272
1196 3 2 0 10 715 1223 1482 1227
1197 3 2 0 10 634 413 1487 1142
1198 3 2 0 10 1201 1142 1487 406
1199 3 2 0 10 405 1120 1116 1489
1200 3 2 0 10 1043 764 1490 914
1201 3 2 0 10 922 737 1493 953
1202 3 2 0 10 1270 1493 737 1209
1203 3 2 0 10 580 604 587 1494
1204 3 2 0 10 1143 415 419 1495
1205 3 2 0 10 942 409 1498 743
1206 3 2 0 10 986 1049 1501 1080
1207 3 2 0 10 333 1080 1501 557
1208 3 2 0 10 1334 639 1502 1240
1209 3 2 0 10 1309 678 1504 1428
1210 3 2 0 10 1348 404 1505 1239
1211 3 2 0 10 1278 1317 1505 404
1212 3 2 0 10 719 896 1508 544
1213 3 2 0 10 977 866 1508 896
1214 3 2 0 10 594 1042 1509 897
1215 3 2 0 10 1363 460 1509 1425
1216 3 2 0 10 338 1425 1509 1042
1217 3 2 0 10 372 897 1510 543
1218 3 2 0 10 460 742 543 1510
1219 3 2 0 10 1247 811 1313 262
1220 3 2 0 10 196 197 1512 1072
1221 3 2 0 10 681 687 1513 1285
1222 3 2 0 10 1352 1258 1513 692
1223 3 2 0 10 660 1271 1514 669
1224 3 2 0 10 515 694 1519 1037
1225 3 2 0 10 924 954 1520 736
1226 3 2 0 10 1265 1208 736 1520
1227 3 2 0 10 634 415 1521 413
1228 3 2 0 10 573 554 1523 272
1229 3 2 0 10 491 502 1345 1524
1230 3 2 0 10 998 319 1526 1068
1231 3 2 0 10 319 923 1063 1526
1232 3 2 0 10 281 1383 544 1508
1233 3 2 0 10 827 924 1506 293
1234 3 2 0 10 281 1508 866 772
1235 3 2 0 10 460 1510 897 1509
1236 3 2 0 10 1219 688 1515 1371
1237 3 2 0 10 1396 1371 1515 1257
1238 3 2 0 10 687 1220 692 1513
1239 3 2 0 10 1428 1504 1473 309
1240 3 2 0 10 421 654 1504 678
1241 3 2 0 10 1184 1260 1503 418
1242 3 2 0 10 656 1174 1503 1260
1243 3 2 0 10 1149 647 1474 662
1244 3 2 0 10 401 1257 1515 383
1245 3 2 0 10 688 1286 383 1515
1246 3 2 0 10 1258 382 1285 1513
1247 3 2 0 10 1249 1246 1486 641
1248 3 2 0 10 1380 1274 1522 715
1249 3 2 0 10 416 1466 1271 1163
1250 3 2 0 10 404 1507 1174 1278
1251 3 2 0 10 418 1503 1354 1412
1252 3 2 0 10 1385 1303 1520 954
1253 3 2 0 10 703 1265 1520 1303
1254 3 2 0 10 703 1298 1496 630
1255 3 2 0 10 408 1496 1298 967
1256 3 2 0 10 409 966 1299 1498
1257 3 2 0 10 1152 1517 253 1518
1258 3 2 0 10 1152 1216 672 1517
1259 3 2 0 10 253 1517 672 1350
1260 3 2 0 10 1151 1518 673 1215
1261 3 2 0 10 253 1351 673 1518
1262 3 2 0 10 417 1478 1486 1246
1263 3 2 0 10 1235 22 23 1476
1264 3 2 0 10 1243 1477 216 215
1265 3 2 0 10 557 1501 50 51
1266 3 2 0 10 49 50 1501 1049
1267 3 2 0 10 385 1472 1332 967
1268 3 2 0 10 384 966 1333 1471
1269 3 2 0 10 345 1072 1512 577
1270 3 2 0 10 288 572 293 1464
1271 3 2 0 10 406 1487 1131 1462
1272 3 2 0 10 288 1464 815 1206
1273 3 2 0 10 1015 1054 1524 1345
1274 3 2 0 10 1218 1374 1321 1207
1275 3 2 0 10 224 223 1420 1113
1276 3 2 0 10 611 1113 1420 1324
1277 3 2 0 10 1077 1377 1133 1433
1278 3 2 0 10 1247 1133 1377 811
1279 3 2 0 10 774 544 1383 1438
1280 3 2 0 10 694 755 438 1519
1281 3 2 0 10 1364 685 1293 1183
1282 3 2 0 10 1336 1379 1293 685
1283 3 2 0 10 1300 667 1293 1379
1284 3 2 0 10 654 421 1470 1256
1285 3 2 0 10 1470 1452 1468 1256
1286 3 2 0 10 666 1322 644 1415
1287 3 2 0 10 1345 502 904 1516
1288 3 2 0 10 1324 1420 1454 440
1289 3 2 0 10 1486 1478 635 412
1290 3 2 0 10 924 1440 1262 1506
1291 3 2 0 10 1262 1205 815 1506
1292 3 2 0 10 805 1363 478 845
1293 3 2 0 10 338 478 1363 1425
1294 3 2 0 10 914 1490 1019 251
1295 3 2 0 10 422 1499 650 1191
1296 3 2 0 10 422 418 1412 1499
1297 3 2 0 10 1412 646 650 1499
1298 3 2 0 10 1080 333 1359 323
1299 3 2 0 10 333 1397 982 1359
1300 3 2 0 10 1473 1245 1407 309
1301 3 2 0 10 309 1407 650 1222
1302 3 2 0 10 1132 735 1463 1361
1303 3 2 0 10 497 1015 1345 1516
1304 3 2 0 10 226 225 1203 1402
1305 3 2 0 10 31 32 1403 1204
1306 3 2 0 10 255 1382 1200 1296
1307 3 2 0 10 1026 1016 1200 1382
1308 3 2 0 10 1038 985 1108 930
1309 3 2 0 10 715 1522 1151 1223
1310 3 2 0 10 660 1327 1339 655
1311 3 2 0 10 655 1339 663 1430
1312 3 2 0 10 1134 663 1353 1427
1313 3 2 0 10 286 1292 632 1034
1314 3 2 0 10 287 1033 631 1291
1315 3 2 0 10 1118 1259 1357 1168
1316 3 2 0 10 832 1413 1469 849
1317 3 2 0 10 294 1162 1270 1209
1318 3 2 0 10 295 1208 1265 1161
1319 3 2 0 10 437 1335 372 1426
1320 3 2 0 10 756 1356 1312 432
1321 3 2 0 10 310 1366 1356 822
1322 3 2 0 10 695 1312 1356 1366
1323 3 2 0 10 1186 1211 1375 1115
1324 3 2 0 10 292 1375 1211 1156
1325 3 2 0 10 1418 1141 1318 1127
1326 3 2 0 10 1127 1318 1306 1457
1327 3 2 0 10 326 1018 331 1053
1328 3 2 0 10 1079 331 1018 1032
1329 3 2 0 10 708 1440 1400 952
1330 3 2 0 10 708 1251 1262 1440
1331 3 2 0 10 1409 1280 1417 633
1332 3 2 0 10 988 1301 633 1417
1333 3 2 0 10 1372 1380 1267 636
1334 3 2 0 10 715 1227 1267 1380
1335 3 2 0 10 1418 1128 1319 1140
1336 3 2 0 10 1128 1458 1307 1319
1337 3 2 0 10 636 1213 1066 1372
1338 3 2 0 10 1229 428 1437 1365
1339 3 2 0 10 1059 1068 1526 1084
1340 3 2 0 10 1063 1051 1084 1526
1341 3 2 0 10 1487 413 1521 1131
1342 3 2 0 10 642 1131 1521 1197
1343 3 2 0 10 415 1143 1197 1521
1344 3 2 0 10 757 1431 730 741
1345 3 2 0 10 1003 775 730 1431
1346 3 2 0 10 1438 1383 875 298
1347 3 2 0 10 875 1383 281 767
1348 3 2 0 10 1152 1518 1151 1522
1349 3 2 0 10 1152 1522 1274 1272
1350 3 2 0 10 1139 414 1338 1362
1351 3 2 0 10 1268 431 1362 1338
1352 3 2 0 10 1190 1153 1388 704
1353 3 2 0 10 1303 1385 1411 1273
1354 3 2 0 10 1155 1273 1411 1416
1355 3 2 0 10 1299 629 1162 1498
1356 3 2 0 10 535 743 1498 837
1357 3 2 0 10 294 837 1498 1162
1358 3 2 0 10 408 744 836 1496
1359 3 2 0 10 630 1496 836 1161
1360 3 2 0 10 1184 658 1261 1260
1361 3 2 0 10 656 1260 1261 1264
1362 3 2 0 10 524 272 1523 269
1363 3 2 0 10 267 269 1523 361
1364 3 2 0 10 1058 361 1523 1311
1365 3 2 0 10 530 491 1524 507
1366 3 2 0 10 507 1524 1054 1344
1367 3 2 0 10 737 718 1439 1399
1368 3 2 0 10 813 1357 1439 718
1369 3 2 0 10 707 951 1399 1439
1370 3 2 0 10 707 1439 1357 1259
1371 3 2 0 10 816 453 828 1023
1372 3 2 0 10 320 816 1023 1071
1373 3 2 0 10 479 1071 1023 1076
1374 3 2 0 10 1369 1355 1266 1234
1375 3 2 0 10 1251 1266 1355 1166
1376 3 2 0 10 262 1358 1414 1144
1377 3 2 0 10 675 1488 1268 1338
1378 3 2 0 10 335 488 576 1096
1379 3 2 0 10 717 1282 832 849
1380 3 2 0 10 1305 832 1282 1419
1381 3 2 0 10 1391 1029 1419 1282
1382 3 2 0 10 1405 301 1207 616
1383 3 2 0 10 750 625 1207 301
1384 3 2 0 10 659 616 1207 1321
1385 3 2 0 10 764 1043 1224 1154
1386 3 2 0 10 1111 1154 1224 1294
1387 3 2 0 10 1254 953 1493 1388
1388 3 2 0 10 704 1388 1493 1270
1389 3 2 0 10 1340 909 1421 1082
1390 3 2 0 10 1341 1081 1422 908
1391 3 2 0 10 526 1423 1096 576
1392 3 2 0 10 620 1525 773 512
1393 3 2 0 10 374 456 773 1525
1394 3 2 0 10 389 1450 403 1289
1395 3 2 0 10 388 1290 402 1449
1396 3 2 0 10 1144 1414 1148 1250
1397 3 2 0 10 1148 1468 1452 1250
1398 3 2 0 10 1239 1500 1165 640
1399 3 2 0 10 1276 1165 1500 1342
1400 3 2 0 10 639 1164 1343 1502
1401 3 2 0 10 1158 672 1216 1492
1402 3 2 0 10 1157 1491 1215 673
1403 3 2 0 10 579 1372 1066 1369
1404 3 2 0 10 237 1181 1467 238
1405 3 2 0 10 564 339 1529 1192
1406 3 2 0 10 545 946 1529 339
1407 3 2 0 10 394 1460 1531 611
1408 3 2 0 10 611 1531 1203 1113
1409 3 2 0 10 612 1112 1204 1532
1410 3 2 0 10 1185 1199 1533 1511
1411 3 2 0 10 904 502 564 1534
1412 3 2 0 10 347 247 246 1535
1413 3 2 0 10 1106 997 1537 511
1414 3 2 0 10 870 1205 1262 1548
1415 3 2 0 10 505 973 1539 1360
1416 3 2 0 10 635 1478 417 1540
1417 3 2 0 10 1111 1367 1541 1154
1418 3 2 0 10 1019 1490 1541 1368
1419 3 2 0 10 1394 1368 1541 1367
1420 3 2 0 10 1505 1317 1542 399
1421 3 2 0 10 394 399 1542 1460
1422 3 2 0 10 259 1144 1250 1543
1423 3 2 0 10 1133 1247 1547 735
1424 3 2 0 10 488 893 270 1549
1425 3 2 0 10 15 1090 1551 14
1426 3 2 0 10 504 1373 1551 1094
1427 3 2 0 10 1095 1094 1551 1090
1428 3 2 0 10 612 1325 1552 1112
1429 3 2 0 10 774 432 1544 1328
1430 3 2 0 10 1244 854 1328 1544
1431 3 2 0 10 238 1467 1530 239
1432 3 2 0 10 1353 1536 1198 1427
1433 3 2 0 10 1192 1480 1534 564
1434 3 2 0 10 1166 1548 1262 1251
1435 3 2 0 10 946 243 242 1529
1436 3 2 0 10 241 1192 1529 242
1437 3 2 0 10 14 1551 1373 13
1438 3 2 0 10 1154 1541 1490 764
1439 3 2 0 10 417 1550 1545 1540
1440 3 2 0 10 1026 1547 1247 259
1441 3 2 0 10 735 1547 1026 1463
1442 3 2 0 10 516 1100 1051 913
1443 3 2 0 10 328 1084 1051 1100
1444 3 2 0 10 1192 241 240 1480
1445 3 2 0 10 239 1530 1480 240
1446 3 2 0 10 1534 1480 1530 1527
1447 3 2 0 10 1360 1539 193 194
1448 3 2 0 10 192 193 1539 1104
1449 3 2 0 10 983 1104 1539 973
1450 3 2 0 10 374 1525 1546 997
1451 3 2 0 10 243 946 1069 244
1452 3 2 0 10 545 343 1069 946
1453 3 2 0 10 293 1506 815 1464
1454 3 2 0 10 1026 259 1543 1016
1455 3 2 0 10 1200 1016 1543 720
1456 3 2 0 10 1452 720 1543 1250
1457 3 2 0 10 1284 1176 1483 1488
1458 3 2 0 10 969 1268 1488 1483
1459 3 2 0 10 1105 511 1537 1129
1460 3 2 0 10 1263 1129 1537 689
1461 3 2 0 10 689 1537 1533 1199
1462 3 2 0 10 376 1404 1308 1280
1463 3 2 0 10 1316 1514 1240 398
1464 3 2 0 10 1126 1454 222 221
1465 3 2 0 10 223 222 1454 1420
1466 3 2 0 10 1166 1355 1236 1548
1467 3 2 0 10 870 1548 1236 623
1468 3 2 0 10 1289 403 1491 1157
1469 3 2 0 10 395 1491 403 1444
1470 3 2 0 10 432 1312 969 1544
1471 3 2 0 10 1384 615 1370 1461
1472 3 2 0 10 288 1037 1519 1370
1473 3 2 0 10 438 1461 1370 1519
1474 3 2 0 10 765 1406 1431 757
1475 3 2 0 10 780 1003 1431 1406
1476 3 2 0 10 1210 257 1242 1479
1477 3 2 0 10 637 1479 591 1233
1478 3 2 0 10 1503 1174 1507 1354
1479 3 2 0 10 404 1348 1354 1507
1480 3 2 0 10 1065 1469 1516 904
1481 3 2 0 10 1290 1158 1492 402
1482 3 2 0 10 396 1445 402 1492
1483 3 2 0 10 1238 1205 870 375
1484 3 2 0 10 375 870 623 1170
1485 3 2 0 10 1167 1217 1241 1443
1486 3 2 0 10 1416 1411 1241 1217
1487 3 2 0 10 1036 386 1484 1306
1488 3 2 0 10 386 1120 405 1484
1489 3 2 0 10 1159 1199 1185 1243
1490 3 2 0 10 1477 1243 1185 1401
1491 3 2 0 10 1046 337 1281 554
1492 3 2 0 10 525 1311 1281 1093
1493 3 2 0 10 554 1281 1311 1523
1494 3 2 0 10 1254 1388 1153 1376
1495 3 2 0 10 405 1489 1486 412
1496 3 2 0 10 1116 641 1486 1489
1497 3 2 0 10 345 1475 960 1072
1498 3 2 0 10 1079 1032 960 1475
1499 3 2 0 10 1430 423 1474 420
1500 3 2 0 10 420 1474 647 1323
1501 3 2 0 10 1280 1409 1381 376
1502 3 2 0 10 1409 1168 1357 1381
1503 3 2 0 10 1060 738 1229 1331
1504 3 2 0 10 1429 1331 1229 1365
1505 3 2 0 10 217 216 1477 1398
1506 3 2 0 10 1220 1398 1477 692
1507 3 2 0 10 1401 1352 692 1477
1508 3 2 0 10 1514 1316 1403 669
1509 3 2 0 10 398 1459 1403 1316
1510 3 2 0 10 1532 1204 1403 1459
1511 3 2 0 10 419 421 678 1495
1512 3 2 0 10 678 1309 1143 1495
1513 3 2 0 10 1544 969 1483 1244
1514 3 2 0 10 24 1396 1476 23
1515 3 2 0 10 1235 1476 1349 1432
1516 3 2 0 10 1396 1257 1349 1476
1517 3 2 0 10 1314 1402 1317 668
1518 3 2 0 10 1531 1460 1402 1203
1519 3 2 0 10 1317 1402 1460 1542
1520 3 2 0 10 198 199 580 1494
1521 3 2 0 10 38 39 1536 1353
1522 3 2 0 10 16 948 1090 15
1523 3 2 0 10 356 279 1553 347
1524 3 2 0 10 362 605 1553 279
1525 3 2 0 10 247 347 1553 248
1526 3 2 0 10 606 341 1554 589
1527 3 2 0 10 1237 653 1556 654
1528 3 2 0 10 1221 696 1557 289
1529 3 2 0 10 1308 1404 1557 1528
1530 3 2 0 10 749 289 1557 1404
1531 3 2 0 10 377 1528 1557 696
1532 3 2 0 10 1479 1242 1558 591
1533 3 2 0 10 591 1558 1458 1128
1534 3 2 0 10 1306 1484 1559 1457
1535 3 2 0 10 1389 1245 1560 1214
1536 3 2 0 10 1374 1214 1560 1442
1537 3 2 0 10 638 624 1558 1242
1538 3 2 0 10 1201 1458 1558 624
1539 3 2 0 10 637 1233 1457 1559
1540 3 2 0 10 654 1556 1473 1504
1541 3 2 0 10 248 1553 605 249
1542 3 2 0 10 245 1554 1535 246
1543 3 2 0 10 347 1535 1554 341
1544 3 2 0 10 244 1069 1554 245
1545 3 2 0 10 343 589 1554 1069
1546 3 2 0 10 1546 1533 1537 997
1547 3 2 0 10 1349 1196 1202 1432
1548 3 2 0 10 1143 1309 1150 1197
1549 3 2 0 10 306 1150 1309 1171
1550 3 2 0 10 1511 1533 1546 1497
1551 3 2 0 10 1227 1482 395 379
1552 3 2 0 10 395 1482 1215 1491
1553 3 2 0 10 1151 1215 1482 1223
1554 3 2 0 10 1534 1527 1065 904
1555 3 2 0 10 1065 1527 1530 1467
1556 3 2 0 10 495 525 1093 329
1557 3 2 0 10 329 1093 504 1094
1558 3 2 0 10 337 504 1093 1281
1559 3 2 0 10 1511 392 1401 1185
1560 3 2 0 10 1525 620 1497 1546
1561 3 2 0 10 620 1186 1115 1497
1562 3 2 0 10 1228 380 396 1481
1563 3 2 0 10 396 1492 1216 1481
1564 3 2 0 10 1152 1272 1481 1216
1565 3 2 0 10 1382 255 1465 626
1566 3 2 0 10 1210 635 1540 1465
1567 3 2 0 10 626 1465 1540 1545
1568 3 2 0 10 577 1512 1494 587
1569 3 2 0 10 197 198 1494 1512
1570 3 2 0 10 1112 1552 29 30
1571 3 2 0 10 28 29 1552 1455
1572 3 2 0 10 712 1455 1552 1325
1573 3 2 0 10 71 72 913 541
1574 3 2 0 10 637 1559 412 635
1575 3 2 0 10 412 1559 1484 405
1576 3 2 0 10 1258 1352 1390 382
1577 3 2 0 10 392 1390 1352 1401
1578 3 2 0 10 1413 497 1516 1469
1579 3 2 0 10 523 275 1549 270
1580 3 2 0 10 1441 585 1549 275
1581 3 2 0 10 488 1549 585 576
1582 3 2 0 10 416 1334 1240 1466
1583 3 2 0 10 1240 1514 1271 1466
1584 3 2 0 10 74 75 593 342
1585 3 2 0 10 36 37 1561 1339
1586 3 2 0 10 1463 1538 1562 1361
1587 3 2 0 10 576 585 1565 526
1588 3 2 0 10 1390 1566 1376 1153
1589 3 2 0 10 1026 1567 1538 1463
1590 3 2 0 10 1178 1135 1568 1275
1591 3 2 0 10 394 1081 1571 706
1592 3 2 0 10 1488 675 1572 1284
1593 3 2 0 10 1081 1341 631 1571
1594 3 2 0 10 1500 706 1571 1342
1595 3 2 0 10 1082 1570 632 1340
1596 3 2 0 10 1135 1034 632 1568
1597 3 2 0 10 1164 1275 1568 1343
1598 3 2 0 10 1136 1569 631 1033
1599 3 2 0 10 1136 1276 1342 1569
1600 3 2 0 10 1545 1550 1562 1538
1601 3 2 0 10 37 38 1353 1561
1602 3 2 0 10 1339 1561 1353 663
1603 3 2 0 10 342 516 73 74
1604 3 2 0 10 516 913 72 73
1605 3 2 0 10 1284 1572 40 41
1606 3 2 0 10 39 40 1572 1536
1607 3 2 0 10 1198 1536 1572 675
1608 3 2 0 10 1026 1382 626 1567
1609 3 2 0 10 1538 1567 626 1545
1610 3 2 0 10 42 43 1564 1176
1611 3 2 0 10 1176 1564 1563 1483
1612 3 2 0 10 393 705 1570 1082
1613 3 2 0 10 1502 1343 1570 705
1614 3 2 0 10 377 1555 1308 1528
1615 3 2 0 10 1442 1560 1556 653
1616 3 2 0 10 1245 1473 1556 1560
1617 3 2 0 10 520 933 550 948
1618 3 2 0 10 762 447 1574 848
1619 3 2 0 10 377 848 1574 1555
1620 3 2 0 10 846 768 1574 447
1621 3 2 0 10 350 697 1575 768
1622 3 2 0 10 1555 1574 768 1575
1623 3 2 0 10 1308 1573 1417 1280
1624 3 2 0 10 1417 1573 1575 697
1625 3 2 0 10 1308 1555 1575 1573
1626 3 2 0 10 631 1569 1342 1571
1627 3 2 0 10 632 1570 1343 1568
1628 3 2 0 10 1483 1563 1225 1244
1629 3 2 0 10 58 59 1565 1109
1630 3 2 0 10 59 60 526 1565
1631 3 2 0 10 585 373 1109 1565
1632 3 2 0 10 922 1456 1375 292
1633 3 2 0 10 953 1254 1456 922
1634 3 2 0 10 1361 1562 1550 424
1635 3 2 0 10 424 1550 417 1322
1636 3 2 0 10 1497 1576 392 1511
1637 3 2 0 10 434 1225 1577 821
1638 3 2 0 10 1563 1485 1577 1225
1639 3 2 0 10 1375 1456 1578 1115
1640 3 2 0 10 1497 1115 1578 1576
1641 3 2 0 10 43 44 1579 1564
1642 3 2 0 10 1254 1376 1578 1456
1643 3 2 0 10 1390 392 1576 1566
1644 3 2 0 10 1376 1566 1576 1578
1645 3 2 0 10 1564 1579 1485 1563
1646 3 2 0 10 44 45 1485 1579
1647 3 2 0 10 799 821 1577 492
1648 3 2 0 10 948 16 17 520
1649 3 2 0 10 451 789 732 1386
1650 3 2 0 10 211 210 1067 1105
1651 3 2 0 10 511 1105 1067 928
1652 3 2 0 10 612 1532 1459 393
1653 3 2 0 10 233 1300 1379 234
1654 3 2 0 10 394 706 1505 399
1655 3 2 0 10 1500 1239 1505 706
1656 3 2 0 10 705 398 1240 1502
1657 3 2 0 10 416 1323 649 1334
1658 3 2 0 10 46 1580 1485 45
1659 3 2 0 10 47 492 1580 46
1660 3 2 0 10 1485 1580 492 1577
1661 3 2 0 10 19 1083 1581 18
1662 3 2 0 10 499 824 1581 1083
1663 3 2 0 10 18 1581 520 17
1664 3 2 0 10 933 520 1581 824
1665 3 2 0 10 1582 219 218 1220
1666 3 2 0 12 1605 1675 1603 1684
1667 3 2 0 12 203 1681 1683 202
1668 3 2 0 12 1858 1657 1866 1664
1669 3 2 0 12 1786 1847 1867 1653
1670 3 2 0 12 1810 1782 1877 1644
1671 3 2 0 12 1844 1663 1898 1859
1672 3 2 0 12 1602 1913 1653 1867
1673 3 2 0 12 1680 1675 1917 1602
1674 3 2 0 12 1913 1602 1917 1895
1675 3 2 0 12 1915 1665 1918 1895
1676 3 2 0 12 151 1678 1928 150
1677 3 2 0 12 102 103 1606 1943
1678 3 2 0 12 1898 1680 1945 1859
1679 3 2 0 12 81 1947 249 3
1680 3 2 0 12 176 7 201 1948
1681 3 2 0 12 1878 246 247 1919
1682 3 2 0 12 107 1676 1926 106
1683 3 2 0 12 202 1683 1948 201
1684 3 2 0 12 82 1682 1947 81
1685 3 2 0 12 1644 1905 1794 1810
1686 3 2 0 12 1653 1918 1823 1846
1687 3 2 0 12 1667 1857 1843 1876
1688 3 2 0 12 1660 1848 1922 1789
1689 3 2 0 12 1877 1908 1874 1644
1690 3 2 0 12 1661 1851 1874 1908
1691 3 2 0 12 1600 1888 1914 1869
1692 3 2 0 12 1644 1874 1907 1905
1693 3 2 0 12 1653 1913 1895 1918
1694 3 2 0 12 1871 1929 1866 1657
1695 3 2 0 12 1661 1916 1882 1851
1696 3 2 0 12 1656 1829 1854 1869
1697 3 2 0 12 1917 1675 1605 1933
1698 3 2 0 12 1926 1676 1933 1605
1699 3 2 0 12 1657 1858 1896 1909
1700 3 2 0 12 1887 1654 1865 1923
1701 3 2 0 12 1911 113 114 1879
1702 3 2 0 12 205 1893 1897 204
1703 3 2 0 12 108 1930 1676 107
1704 3 2 0 12 150 1928 1880 149
1705 3 2 0 12 248 1677 1919 247
1706 3 2 0 12 1878 1919 1677 1674
1707 3 2 0 12 83 1939 1682 82
1708 3 2 0 12 204 1897 1681 203
1709 3 2 0 12 1675 1680 1898 1603
1710 3 2 0 12 1943 1924 101 102
1711 3 2 0 12 1883 1937 1674 1942
1712 3 2 0 12 248 249 1947 1677
1713 3 2 0 12 1719 2060 1961 1729
1714 3 2 0 12 2052 1648 2089 2098
1715 3 2 0 12 2085 1626 2110 2069
1716 3 2 0 12 2070 1750 2130 2025
1717 3 2 0 12 2124 1757 2133 2120
1718 3 2 0 12 1715 2747 2144 1975
1719 3 2 0 12 2052 2098 2145 1761
1720 3 2 0 12 1610 2156 1763 2028
1721 3 2 0 12 2094 2105 2157 1764
1722 3 2 0 12 2070 2225 2181 2148
1723 3 2 0 12 2052 2109 2182 1648
1724 3 2 0 12 2168 1765 2183 2122
1725 3 2 0 12 2046 2114 2185 1752
1726 3 2 0 12 2064 2088 2186 1763
1727 3 2 0 12 2083 2192 2162 1764
1728 3 2 0 12 2168 2140 2203 1765
1729 3 2 0 12 2196 1778 2149 2208
1730 3 2 0 12 1834 1640 2210 2107
1731 3 2 0 12 2151 1805 2073 2217
1732 3 2 0 12 2141 2191 2223 1639
1733 3 2 0 12 2133 2167 2229 1642
1734 3 2 0 12 2206 1776 2230 2038
1735 3 2 0 12 2180 2123 2233 1637
1736 3 2 0 12 2085 2236 2146 1626
1737 3 2 0 12 2233 1793 2237 2204
1738 3 2 0 12 2223 2097 2238 1639
1739 3 2 0 12 2103 1608 2243 2050
1740 3 2 0 12 2211 2094 2248 1592
1741 3 2 0 12 2145 2250 2119 1761
1742 3 2 0 12 2213 1669 2252 1835
1743 3 2 0 12 2126 2209 2255 1774
1744 3 2 0 12 1649 1852 2255 2209
1745 3 2 0 12 2159 2216 2270 1767
1746 3 2 0 12 2270 2097 2278 1767
1747 3 2 0 12 2195 2179 2279 1804
1748 3 2 0 12 2120 1804 2279 2149
1749 3 2 0 12 2078 2113 2284 1868
1750 3 2 0 12 2243 1608 2287 2067
1751 3 2 0 12 2195 2163 2295 1771
1752 3 2 0 12 2068 1968 2296 1826
1753 3 2 0 12 2216 1768 2259 2297
1754 3 2 0 12 2249 2170 2300 1811
1755 3 2 0 12 1830 2252 1669 2301
1756 3 2 0 12 2115 2302 2291 1799
1757 3 2 0 12 2292 2169 2303 1807
1758 3 2 0 12 1656 1796 2306 1829
1759 3 2 0 12 1643 2159 2310 1855
1760 3 2 0 12 2159 1767 2171 2310
1761 3 2 0 12 2090 2077 2312 1816
1762 3 2 0 12 2306 2154 2321 1593
1763 3 2 0 12 2239 2221 2321 1793
1764 3 2 0 12 2287 2268 1766 2067
1765 3 2 0 12 1802 2323 2326 1786
1766 3 2 0 12 2301 1669 2327 2200
1767 3 2 0 12 1974 2231 2329 1817
1768 3 2 0 12 2210 2193 2331 1812
1769 3 2 0 12 2286 2304 2331 1781
1770 3 2 0 12 2191 1801 2219 2332
1771 3 2 0 12 2046 1638 2333 2108
1772 3 2 0 12 2106 2334 2091 1744
1773 3 2 0 12 93 1862 2335 92
1774 3 2 0 12 1827 1889 2338 1641
1775 3 2 0 12 2287 1608 2339 2259
1776 3 2 0 12 2292 2153 2340 1771
1777 3 2 0 12 2180 2179 2340 1770
1778 3 2 0 12 2055 1988 2342 1685
1779 3 2 0 12 2211 2346 2219 1780
1780 3 2 0 12 2309 1745 2348 2077
1781 3 2 0 12 2312 2077 2348 1754
1782 3 2 0 12 1754 2348 1745 2080
1783 3 2 0 12 1963 2827 2349 1783
1784 3 2 0 12 2258 1593 2353 2262
1785 3 2 0 12 2285 1809 2356 2193
1786 3 2 0 12 1922 1679 2360 1789
1787 3 2 0 12 2148 2181 2362 1808
1788 3 2 0 12 1586 2317 2363 1828
1789 3 2 0 12 1852 1649 2364 2299
1790 3 2 0 12 2336 2365 1877 1782
1791 3 2 0 12 2218 2162 2366 1652
1792 3 2 0 12 2175 2246 2367 1645
1793 3 2 0 12 2089 1648 2369 2083
1794 3 2 0 12 2175 1645 2371 2228
1795 3 2 0 12 2046 1752 2375 2132
1796 3 2 0 12 1901 1673 2377 1664
1797 3 2 0 12 1858 1664 2377 1893
1798 3 2 0 12 1893 2377 1673 1897
1799 3 2 0 12 1888 2380 1882 1604
1800 3 2 0 12 1796 1656 2384 1890
1801 3 2 0 12 1869 1914 2384 1656
1802 3 2 0 12 2239 2123 2386 1787
1803 3 2 0 12 1848 1599 2387 1922
1804 3 2 0 12 1756 2108 1794 2389
1805 3 2 0 12 2204 2251 2390 2266
1806 3 2 0 12 1905 1907 2404 1596
1807 3 2 0 12 2199 1962 2405 1623
1808 3 2 0 12 1843 1599 2406 1876
1809 3 2 0 12 1848 1883 2406 1599
1810 3 2 0 12 1874 1598 2408 1907
1811 3 2 0 12 2305 2141 2409 1791
1812 3 2 0 12 1900 1792 2425 1686
1813 3 2 0 12 1847 1597 2429 1873
1814 3 2 0 12 1856 1873 2429 1842
1815 3 2 0 12 1970 1690 2434 2115
1816 3 2 0 12 1640 1834 1820 2438
1817 3 2 0 12 1898 2446 1924 1603
1818 3 2 0 12 1663 1902 2446 1898
1819 3 2 0 12 1854 2447 1600 1869
1820 3 2 0 12 2263 1592 2450 2171
1821 3 2 0 12 1860 1821 2454 1886
1822 3 2 0 12 1886 1594 2458 1860
1823 3 2 0 12 2343 1852 2299 2459
1824 3 2 0 12 2254 1862 2460 1662
1825 3 2 0 12 95 1940 2460 94
1826 3 2 0 12 2159 1643 2462 2164
1827 3 2 0 12 1688 1939 2463 1672
1828 3 2 0 12 2362 2464 2402 1808
1829 3 2 0 12 1874 1851 2468 1598
1830 3 2 0 12 2131 2469 2344 1839
1831 3 2 0 12 1666 1864 2470 1659
1832 3 2 0 12 1831 1843 1857 2477
1833 3 2 0 12 1939 1688 2481 1682
1834 3 2 0 12 1947 1682 2481 1677
1835 3 2 0 12 1820 1834 2483 1814
1836 3 2 0 12 1598 2468 1600 2447
1837 3 2 0 12 1593 2258 1829 2306
1838 3 2 0 12 168 2395 2358 167
1839 3 2 0 12 2379 1838 2358 2395
1840 3 2 0 12 1655 1658 2412 2344
1841 3 2 0 12 1598 2447 1854 2408
1842 3 2 0 12 1655 2477 1857 1658
1843 3 2 0 12 1797 2335 1862 2254
1844 3 2 0 12 1664 1866 2443 1901
1845 3 2 0 12 1889 2442 1909 1650
1846 3 2 0 12 1657 1909 2442 1871
1847 3 2 0 12 1888 1600 2468 2380
1848 3 2 0 12 1851 1882 2380 2468
1849 3 2 0 12 1679 2357 1886 2454
1850 3 2 0 12 1594 1886 2357 2401
1851 3 2 0 12 1679 1922 2387 2357
1852 3 2 0 12 1674 1677 2481 1942
1853 3 2 0 12 84 2463 1939 83
1854 3 2 0 12 113 1911 2449 112
1855 3 2 0 12 1934 154 155 2418
1856 3 2 0 12 1667 1876 2406 1932
1857 3 2 0 12 94 2460 1862 93
1858 3 2 0 12 2049 1746 2482 1736
1859 3 2 0 12 1638 2143 1967 2017
1860 3 2 0 12 2281 1751 2100 2074
1861 3 2 0 12 2156 1610 2231 2029
1862 3 2 0 12 2160 1769 2051 2144
1863 3 2 0 12 2336 1782 2099 2037
1864 3 2 0 12 2293 2225 2070 2173
1865 3 2 0 12 2024 1691 2076 2130
1866 3 2 0 12 1763 2156 2029 2064
1867 3 2 0 12 2642 2336 2037 2112
1868 3 2 0 12 1756 2114 2046 2108
1869 3 2 0 12 1638 2046 2132 2143
1870 3 2 0 12 2203 2103 2383 1765
1871 3 2 0 12 1758 2383 2103 2050
1872 3 2 0 12 1761 2267 2109 2052
1873 3 2 0 12 2152 2088 2129 1824
1874 3 2 0 12 1749 2129 2088 2064
1875 3 2 0 12 2028 1763 2186 2136
1876 3 2 0 12 2197 1753 2121 2079
1877 3 2 0 12 1702 2068 2079 2121
1878 3 2 0 12 2242 2085 2185 1774
1879 3 2 0 12 1752 2185 2085 2069
1880 3 2 0 12 1752 2069 2110 2375
1881 3 2 0 12 1808 1777 2400 2148
1882 3 2 0 12 1750 2070 2148 2400
1883 3 2 0 12 1805 2247 2206 2073
1884 3 2 0 12 2110 1626 2095 2172
1885 3 2 0 12 1776 2172 2095 2075
1886 3 2 0 12 1691 2309 2077 2090
1887 3 2 0 12 1797 1812 2113 2078
1888 3 2 0 12 2124 2089 2157 1757
1889 3 2 0 12 1764 2157 2089 2083
1890 3 2 0 12 1836 2192 2083 2369
1891 3 2 0 12 1853 2236 2085 2242
1892 3 2 0 12 1651 2186 2088 2152
1893 3 2 0 12 2130 1750 2101 2111
1894 3 2 0 12 1778 2098 2089 2124
1895 3 2 0 12 1900 2248 2253 1792
1896 3 2 0 12 1764 2253 2248 2094
1897 3 2 0 12 1780 2105 2094 2211
1898 3 2 0 12 1800 2238 2097 2270
1899 3 2 0 12 1806 2278 2097 2223
1900 3 2 0 12 2359 2207 2400 1777
1901 3 2 0 12 1750 2400 2207 2101
1902 3 2 0 12 1608 2103 2203 2339
1903 3 2 0 12 1757 2157 2105 2184
1904 3 2 0 12 1707 2334 2106 2226
1905 3 2 0 12 1797 2107 2210 1812
1906 3 2 0 12 2390 2145 2196 2266
1907 3 2 0 12 1778 2196 2145 2098
1908 3 2 0 12 2206 2247 2172 1776
1909 3 2 0 12 1805 2110 2172 2247
1910 3 2 0 12 1647 2284 2113 2304
1911 3 2 0 12 1774 2185 2114 2126
1912 3 2 0 12 1850 2302 2115 2434
1913 3 2 0 12 1646 2453 2119 2250
1914 3 2 0 12 2163 2220 2133 1642
1915 3 2 0 12 1804 2120 2133 2220
1916 3 2 0 12 1778 2124 2120 2149
1917 3 2 0 12 1689 2125 2142 1690
1918 3 2 0 12 1770 2386 2123 2180
1919 3 2 0 12 1793 2233 2123 2239
1920 3 2 0 12 2110 1805 2151 2375
1921 3 2 0 12 1779 2132 2375 2151
1922 3 2 0 12 2105 1780 2167 2184
1923 3 2 0 12 1757 2184 2167 2133
1924 3 2 0 12 1885 2466 2137 2298
1925 3 2 0 12 2188 1884 2289 2440
1926 3 2 0 12 2049 2290 2150 1746
1927 3 2 0 12 1755 2150 2290 2139
1928 3 2 0 12 2339 2203 2238 1800
1929 3 2 0 12 1639 2238 2203 2140
1930 3 2 0 12 2122 1828 2318 2168
1931 3 2 0 12 1639 2140 2168 2318
1932 3 2 0 12 1801 2191 2141 2305
1933 3 2 0 12 2363 2409 2318 1828
1934 3 2 0 12 1639 2318 2409 2141
1935 3 2 0 12 1759 2158 2399 2142
1936 3 2 0 12 1646 2250 2145 2390
1937 3 2 0 12 2381 2427 2236 1853
1938 3 2 0 12 1790 2146 2236 2427
1939 3 2 0 12 1637 2208 2149 2279
1940 3 2 0 12 1779 2151 2217 2161
1941 3 2 0 12 1824 2370 2313 2152
1942 3 2 0 12 1793 2321 2154 2237
1943 3 2 0 12 1768 2216 2159 2164
1944 3 2 0 12 2425 1792 2253 2218
1945 3 2 0 12 1764 2162 2218 2253
1946 3 2 0 12 1836 2366 2162 2192
1947 3 2 0 12 2169 2295 2249 1811
1948 3 2 0 12 1642 2249 2295 2163
1949 3 2 0 12 1804 2220 2163 2195
1950 3 2 0 12 1768 2164 2462 2337
1951 3 2 0 12 2170 2229 2219 1801
1952 3 2 0 12 1780 2219 2229 2167
1953 3 2 0 12 2213 2303 2327 1669
1954 3 2 0 12 1811 2327 2303 2169
1955 3 2 0 12 1771 2295 2169 2292
1956 3 2 0 12 1642 2229 2170 2249
1957 3 2 0 12 2200 2300 2305 1791
1958 3 2 0 12 1801 2305 2300 2170
1959 3 2 0 12 1767 2278 2263 2171
1960 3 2 0 12 1855 2310 2171 2450
1961 3 2 0 12 2411 2246 2356 1809
1962 3 2 0 12 1781 2356 2246 2175
1963 3 2 0 12 2269 2324 2228 1825
1964 3 2 0 12 1781 2175 2228 2324
1965 3 2 0 12 1623 2325 2177 2199
1966 3 2 0 12 1637 2279 2179 2180
1967 3 2 0 12 1771 2340 2179 2195
1968 3 2 0 12 1813 2362 2181 2225
1969 3 2 0 12 2437 1836 2369 2261
1970 3 2 0 12 1648 2182 2261 2369
1971 3 2 0 12 1765 2383 2413 2183
1972 3 2 0 12 2142 2399 2434 1690
1973 3 2 0 12 1619 2190 2434 2399
1974 3 2 0 12 1806 2223 2191 2332
1975 3 2 0 12 1640 2285 2193 2210
1976 3 2 0 12 1781 2331 2193 2356
1977 3 2 0 12 1637 2266 2196 2208
1978 3 2 0 12 1811 2300 2200 2327
1979 3 2 0 12 2363 1830 2301 2397
1980 3 2 0 12 1791 2397 2301 2200
1981 3 2 0 12 1637 2233 2204 2266
1982 3 2 0 12 1775 2251 2204 2237
1983 3 2 0 12 1609 2207 2359 2376
1984 3 2 0 12 2281 2274 2294 1751
1985 3 2 0 12 2278 1806 2346 2263
1986 3 2 0 12 1592 2263 2346 2211
1987 3 2 0 12 2454 2232 2360 1679
1988 3 2 0 12 1807 2303 2213 2393
1989 3 2 0 12 1800 2270 2216 2297
1990 3 2 0 12 1652 2457 2425 2218
1991 3 2 0 12 1806 2332 2219 2346
1992 3 2 0 12 1593 2321 2221 2353
1993 3 2 0 12 1787 2421 2221 2239
1994 3 2 0 12 2244 2265 2396 1784
1995 3 2 0 12 1773 2396 2265 2226
1996 3 2 0 12 1825 2228 2371 2424
1997 3 2 0 12 1610 1850 2329 2231
1998 3 2 0 12 1821 2368 2232 2454
1999 3 2 0 12 2363 2317 2341 1830
2000 3 2 0 12 1830 2341 2240 2252
2001 3 2 0 12 2226 2265 2273 1707
2002 3 2 0 12 1720 2273 2265 2244
2003 3 2 0 12 2072 2307 2325 1623
2004 3 2 0 12 1800 2297 2259 2339
2005 3 2 0 12 1885 2298 2276 2260
2006 3 2 0 12 1838 2379 2437 2261
2007 3 2 0 12 1845 2262 2353 2479
2008 3 2 0 12 1795 2319 1766 2268
2009 3 2 0 12 1781 2324 2269 2286
2010 3 2 0 12 1884 2272 2275 2289
2011 3 2 0 12 1645 2274 2281 2371
2012 3 2 0 12 1647 2304 2286 2388
2013 3 2 0 12 1610 2291 2302 1850
2014 3 2 0 12 1787 2299 2364 2421
2015 3 2 0 12 2113 1812 2331 2304
2016 3 2 0 12 1818 2323 2330 2376
2017 3 2 0 12 2299 1787 2386 2459
2018 3 2 0 12 1770 2343 2459 2386
2019 3 2 0 12 1655 2344 2469 2473
2020 3 2 0 12 1813 2441 2464 2362
2021 3 2 0 12 1791 2409 2363 2397
2022 3 2 0 12 2213 1790 2427 2393
2023 3 2 0 12 1807 2393 2427 2381
2024 3 2 0 12 1842 2429 2402 2464
2025 3 2 0 12 2344 2412 2385 1839
2026 3 2 0 12 2464 2441 2430 1842
2027 3 2 0 12 1813 2416 2430 2441
2028 3 2 0 12 1964 1755 2320 2093
2029 3 2 0 12 2042 1721 1727 2087
2030 3 2 0 12 2139 2280 2320 1755
2031 3 2 0 12 1652 1925 2470 2457
2032 3 2 0 12 1875 1659 2470 1925
2033 3 2 0 12 2044 2202 2118 1785
2034 3 2 0 12 1635 1719 2118 2202
2035 3 2 0 12 2049 1944 1748 2290
2036 3 2 0 12 2017 2099 2333 1638
2037 3 2 0 12 1782 1810 2333 2099
2038 3 2 0 12 2108 2333 1810 1794
2039 3 2 0 12 1635 2276 2060 1719
2040 3 2 0 12 2298 1870 2060 2276
2041 3 2 0 12 1668 1849 2452 2350
2042 3 2 0 12 240 2432 2155 239
2043 3 2 0 12 2370 1824 2155 2432
2044 3 2 0 12 169 2417 2395 168
2045 3 2 0 12 1815 2379 2395 2417
2046 3 2 0 12 2118 2264 2345 1785
2047 3 2 0 12 2399 2158 1748 1619
2048 3 2 0 12 2290 1748 2158 2139
2049 3 2 0 12 1759 2280 2139 2158
2050 3 2 0 12 1720 2275 2272 2273
2051 3 2 0 12 1822 2609 2322 2422
2052 3 2 0 12 2285 1640 2438 2227
2053 3 2 0 12 1828 2122 2349 1586
2054 3 2 0 12 1783 2349 2122 2183
2055 3 2 0 12 2240 2341 2428 1832
2056 3 2 0 12 1586 2428 2341 2317
2057 3 2 0 12 2406 1883 1942 1932
2058 3 2 0 12 1667 1932 1688 1672
2059 3 2 0 12 2481 1688 1932 1942
2060 3 2 0 12 2334 1707 2273 2272
2061 3 2 0 12 1884 2091 2334 2272
2062 3 2 0 12 2173 1822 1863 2293
2063 3 2 0 12 1592 2248 1900 2450
2064 3 2 0 12 1906 1855 2450 1900
2065 3 2 0 12 2252 2240 2420 1835
2066 3 2 0 12 1895 1917 1933 1915
2067 3 2 0 12 1676 1930 1915 1933
2068 3 2 0 12 1680 1602 1867 1945
2069 3 2 0 12 1605 1684 1943 1606
2070 3 2 0 12 1603 1924 1943 1684
2071 3 2 0 12 1863 1910 1595 2471
2072 3 2 0 12 2434 2190 2329 1850
2073 3 2 0 12 1817 2329 2190 2104
2074 3 2 0 12 1790 2213 1835 2382
2075 3 2 0 12 1950 2308 2093 2320
2076 3 2 0 12 1797 2254 1834 2107
2077 3 2 0 12 2483 1834 2254 1662
2078 3 2 0 12 1950 2320 2280 2311
2079 3 2 0 12 1950 1685 2342 2235
2080 3 2 0 12 1816 2312 2235 2342
2081 3 2 0 12 1784 1772 2414 2244
2082 3 2 0 12 2831 2415 1719 1729
2083 3 2 0 12 1719 2415 2264 2118
2084 3 2 0 12 2260 2096 2194 1885
2085 3 2 0 12 2460 1940 2452 1662
2086 3 2 0 12 1815 2417 2451 1875
2087 3 2 0 12 169 170 2451 2417
2088 3 2 0 12 1925 1652 2366 2315
2089 3 2 0 12 1925 2315 1815 1875
2090 3 2 0 12 2379 1815 2315 2437
2091 3 2 0 12 1836 2437 2315 2366
2092 3 2 0 12 2404 1845 2479 1841
2093 3 2 0 12 1928 1678 2465 1946
2094 3 2 0 12 1934 2418 1687 2465
2095 3 2 0 12 1820 1814 2467 2480
2096 3 2 0 12 170 171 2485 2451
2097 3 2 0 12 171 172 2475 2485
2098 3 2 0 12 1659 1875 2451 2485
2099 3 2 0 12 2207 1609 2296 2101
2100 3 2 0 12 1636 2111 2101 2296
2101 3 2 0 12 2323 1802 2197 2330
2102 3 2 0 12 1809 2285 2227 2411
2103 3 2 0 12 2027 1760 2080 2212
2104 3 2 0 12 1873 1856 1859 1945
2105 3 2 0 12 1847 1873 1945 1867
2106 3 2 0 12 2473 2469 2284 1647
2107 3 2 0 12 1868 2284 2469 2131
2108 3 2 0 12 1905 1596 2389 1794
2109 3 2 0 12 2404 1841 2389 1596
2110 3 2 0 12 1756 2389 1841 2347
2111 3 2 0 12 1899 1921 1901 1601
2112 3 2 0 12 1938 1921 1899 1927
2113 3 2 0 12 2462 1827 1641 2337
2114 3 2 0 12 1768 2337 2287 2259
2115 3 2 0 12 1641 2268 2287 2337
2116 3 2 0 12 1946 1935 1880 1928
2117 3 2 0 12 1604 1882 1916 1935
2118 3 2 0 12 1825 2458 2474 2269
2119 3 2 0 12 1848 2866 1937 1883
2120 3 2 0 12 167 2358 1788 166
2121 3 2 0 12 2261 2182 2358 1838
2122 3 2 0 12 1788 2358 2182 2109
2123 3 2 0 12 2429 1597 1818 2402
2124 3 2 0 12 2376 2359 2402 1818
2125 3 2 0 12 1808 2402 2359 1777
2126 3 2 0 12 2323 1818 1597 2326
2127 3 2 0 12 1597 1847 1786 2326
2128 3 2 0 12 1646 2390 2251 2448
2129 3 2 0 12 2448 1887 2453 1646
2130 3 2 0 12 1770 2340 2153 2343
2131 3 2 0 12 2343 1588 2255 1852
2132 3 2 0 12 1588 2242 1774 2255
2133 3 2 0 12 2364 1649 2347 1841
2134 3 2 0 12 2114 1756 2347 2126
2135 3 2 0 12 1649 2209 2126 2347
2136 3 2 0 12 2442 2378 1929 1871
2137 3 2 0 12 1643 2378 1827 2462
2138 3 2 0 12 1889 1827 2378 2442
2139 3 2 0 12 1813 1837 2471 2416
2140 3 2 0 12 1653 1846 2407 1786
2141 3 2 0 12 1786 2407 2314 1802
2142 3 2 0 12 2242 1588 2381 1853
2143 3 2 0 12 2343 2153 2381 1588
2144 3 2 0 12 1807 2381 2153 2292
2145 3 2 0 12 2404 1907 2408 1845
2146 3 2 0 12 1829 2258 2408 1854
2147 3 2 0 12 1845 2408 2258 2262
2148 3 2 0 12 1647 2388 2474 2473
2149 3 2 0 12 175 176 1948 1931
2150 3 2 0 12 1949 1931 1948 1683
2151 3 2 0 12 1722 2086 1733 1728
2152 3 2 0 12 1668 2214 2410 1833
2153 3 2 0 12 1645 2367 2294 2274
2154 3 2 0 12 2186 1651 2436 2065
2155 3 2 0 12 1660 1789 2436 1840
2156 3 2 0 12 2360 2065 2436 1789
2157 3 2 0 12 2432 240 241 2370
2158 3 2 0 12 242 1892 2370 241
2159 3 2 0 12 2428 2147 2059 1832
2160 3 2 0 12 2240 1832 2059 2420
2161 3 2 0 12 2467 1814 2483 1849
2162 3 2 0 12 1662 2452 1849 2483
2163 3 2 0 12 88 2385 2412 87
2164 3 2 0 12 1616 2351 2488 1633
2165 3 2 0 12 237 2497 2489 236
2166 3 2 0 12 1621 2511 1981 2174
2167 3 2 0 12 225 2328 2519 224
2168 3 2 0 12 232 2521 2518 231
2169 3 2 0 12 1702 2121 2522 2494
2170 3 2 0 12 2494 2522 2499 1980
2171 3 2 0 12 2035 1722 2535 1699
2172 3 2 0 12 2534 1912 2538 1589
2173 3 2 0 12 1692 2657 1959 2092
2174 3 2 0 12 2492 1995 2488 2546
2175 3 2 0 12 2495 2015 2525 2548
2176 3 2 0 12 2074 2100 2562 1969
2177 3 2 0 12 1992 2026 2176 2564
2178 3 2 0 12 2490 2419 1798 2566
2179 3 2 0 12 2003 2502 2576 1999
2180 3 2 0 12 1724 2576 2502 1704
2181 3 2 0 12 2513 2478 2577 2487
2182 3 2 0 12 1736 2030 2579 2049
2183 3 2 0 12 1870 2587 1961 2060
2184 3 2 0 12 2055 2040 2588 1988
2185 3 2 0 12 2064 2029 2591 1749
2186 3 2 0 12 1692 2092 2591 1974
2187 3 2 0 12 2231 1974 2591 2029
2188 3 2 0 12 2552 1749 2591 2092
2189 3 2 0 12 2178 1622 2592 1630
2190 3 2 0 12 2556 1630 2592 1993
2191 3 2 0 12 2568 2604 1971 2071
2192 3 2 0 12 1696 1718 2604 2568
2193 3 2 0 12 1795 2372 2608 2319
2194 3 2 0 12 2215 2042 2034 2610
2195 3 2 0 12 2040 2612 1670 2588
2196 3 2 0 12 1726 1694 2128 2616
2197 3 2 0 12 1725 2618 2127 1693
2198 3 2 0 12 1760 2027 2619 2288
2199 3 2 0 12 2127 1710 2647 1693
2200 3 2 0 12 2128 1694 2648 1709
2201 3 2 0 12 1740 2650 1696 2568
2202 3 2 0 12 1799 2651 1970 2115
2203 3 2 0 12 1620 1976 2653 2036
2204 3 2 0 12 2009 2035 2224 2657
2205 3 2 0 12 2528 2661 2178 1989
2206 3 2 0 12 1961 2662 2257 1729
2207 3 2 0 12 1613 1631 2663 2189
2208 3 2 0 12 2641 2189 2663 2030
2209 3 2 0 12 1941 2666 1914 1888
2210 3 2 0 12 2595 2031 2669 2011
2211 3 2 0 12 2005 1613 2189 2674
2212 3 2 0 12 1888 1604 2677 1941
2213 3 2 0 12 2465 1687 2677 1946
2214 3 2 0 12 1935 1946 2677 1604
2215 3 2 0 12 1702 2679 1968 2068
2216 3 2 0 12 2568 2071 2680 1740
2217 3 2 0 12 1618 2082 2680 2117
2218 3 2 0 12 2536 1740 2680 2082
2219 3 2 0 12 1627 2117 2680 2071
2220 3 2 0 12 1890 1654 2682 1796
2221 3 2 0 12 1887 2448 2682 1654
2222 3 2 0 12 2606 1743 2683 2166
2223 3 2 0 12 232 233 2685 2521
2224 3 2 0 12 1699 2535 2685 2062
2225 3 2 0 12 2062 2925 2688 1699
2226 3 2 0 12 2035 1699 2688 2224
2227 3 2 0 12 1704 2693 2047 1724
2228 3 2 0 12 139 2506 2702 138
2229 3 2 0 12 1965 1962 2199 2707
2230 3 2 0 12 2067 1766 2713 2102
2231 3 2 0 12 1628 2102 2713 2160
2232 3 2 0 12 1691 2024 2718 2309
2233 3 2 0 12 1663 1844 2719 1833
2234 3 2 0 12 1671 1819 1833 2719
2235 3 2 0 12 2072 2187 2722 2671
2236 3 2 0 12 1636 2296 1968 2725
2237 3 2 0 12 1855 1906 2727 1643
2238 3 2 0 12 1929 2378 1643 2727
2239 3 2 0 12 1735 1957 2730 1747
2240 3 2 0 12 2307 1747 2730 2245
2241 3 2 0 12 1931 1949 1938 2732
2242 3 2 0 12 2509 1964 2578 2734
2243 3 2 0 12 2161 2054 2735 1779
2244 3 2 0 12 2132 1779 2735 2143
2245 3 2 0 12 1713 2738 2043 1715
2246 3 2 0 12 1941 2739 1872 2666
2247 3 2 0 12 2663 1631 2744 1624
2248 3 2 0 12 1715 2043 2745 2747
2249 3 2 0 12 2368 2066 2033 2750
2250 3 2 0 12 166 1788 2755 165
2251 3 2 0 12 2109 2267 2755 1788
2252 3 2 0 12 1894 2757 1863 1822
2253 3 2 0 12 1595 1910 2758 2480
2254 3 2 0 12 2683 1743 2762 2493
2255 3 2 0 12 1724 2047 2763 1697
2256 3 2 0 12 1736 2482 2763 2544
2257 3 2 0 12 1950 2311 2765 1685
2258 3 2 0 12 1685 2765 2125 2055
2259 3 2 0 12 2351 1616 2373 2770
2260 3 2 0 12 1629 2352 2771 1615
2261 3 2 0 12 1978 1670 2774 2322
2262 3 2 0 12 1772 2008 2776 2414
2263 3 2 0 12 2186 2065 2778 2136
2264 3 2 0 12 1833 1819 2780 1668
2265 3 2 0 12 149 1880 2781 148
2266 3 2 0 12 1661 1881 2781 1916
2267 3 2 0 12 147 148 2781 1881
2268 3 2 0 12 1935 1916 2781 1880
2269 3 2 0 12 1848 1660 2782 2866
2270 3 2 0 12 2080 1760 2783 1754
2271 3 2 0 12 1950 2235 2783 2308
2272 3 2 0 12 2312 1754 2783 2235
2273 3 2 0 12 2288 2308 2783 1760
2274 3 2 0 12 2586 1723 2784 1703
2275 3 2 0 12 1822 2173 2785 2609
2276 3 2 0 12 2070 2025 2785 2173
2277 3 2 0 12 2710 1612 2788 2006
2278 3 2 0 12 153 2789 152 6
2279 3 2 0 12 154 1934 2789 153
2280 3 2 0 12 1823 2791 2407 1846
2281 3 2 0 12 2068 1826 2793 2079
2282 3 2 0 12 2376 2330 2793 1609
2283 3 2 0 12 2197 2079 2793 2330
2284 3 2 0 12 2296 1609 2793 1826
2285 3 2 0 12 1710 2794 2503 1701
2286 3 2 0 12 1709 1700 2501 2795
2287 3 2 0 12 1617 2798 1976 1620
2288 3 2 0 12 2074 1969 2801 1607
2289 3 2 0 12 1972 1625 2699 2779
2290 3 2 0 12 112 2449 2659 111
2291 3 2 0 12 2791 1823 2659 2449
2292 3 2 0 12 2480 2758 2438 1820
2293 3 2 0 12 2104 2708 2579 1624
2294 3 2 0 12 2049 2579 2708 1944
2295 3 2 0 12 2174 1627 2597 1621
2296 3 2 0 12 2071 1971 2597 1627
2297 3 2 0 12 1741 2560 1983 2636
2298 3 2 0 12 1723 2586 1996 2672
2299 3 2 0 12 1716 2595 2011 2709
2300 3 2 0 12 1717 2731 2012 2594
2301 3 2 0 12 1694 2530 2021 2648
2302 3 2 0 12 1725 1693 2647 2510
2303 3 2 0 12 2531 2510 2647 2022
2304 3 2 0 12 2104 1624 2744 2316
2305 3 2 0 12 1960 2038 2230 2656
2306 3 2 0 12 2030 1736 2544 2641
2307 3 2 0 12 2784 1723 2717 2048
2308 3 2 0 12 2116 1625 1972 2790
2309 3 2 0 12 1963 2561 2391 2827
2310 3 2 0 12 2319 2766 2713 1766
2311 3 2 0 12 2160 2713 2766 1769
2312 3 2 0 12 1964 2509 2150 1755
2313 3 2 0 12 1740 2606 2166 2650
2314 3 2 0 12 2360 2232 2778 2065
2315 3 2 0 12 1879 2749 2751 2234
2316 3 2 0 12 1744 2241 2565 2106
2317 3 2 0 12 2093 2507 2578 1964
2318 3 2 0 12 1833 2410 1902 1663
2319 3 2 0 12 2142 2125 2765 1759
2320 3 2 0 12 2280 1759 2765 2311
2321 3 2 0 12 1903 2716 2753 2374
2322 3 2 0 12 2128 2711 2373 2616
2323 3 2 0 12 2701 1584 2593 1585
2324 3 2 0 12 97 1920 2607 96
2325 3 2 0 12 1668 2350 2607 1920
2326 3 2 0 12 2593 2039 2714 1585
2327 3 2 0 12 96 2607 1940 95
2328 3 2 0 12 2350 2452 1940 2607
2329 3 2 0 12 2328 2396 1773 2519
2330 3 2 0 12 226 2797 2328 225
2331 3 2 0 12 2396 2328 2797 1784
2332 3 2 0 12 98 2654 1920 97
2333 3 2 0 12 1668 1920 2654 2214
2334 3 2 0 12 1622 2726 1983 2592
2335 3 2 0 12 2560 1993 2592 1983
2336 3 2 0 12 1589 2538 2019 2598
2337 3 2 0 12 1589 2601 2020 2534
2338 3 2 0 12 1624 2579 2030 2663
2339 3 2 0 12 1911 2472 2791 2449
2340 3 2 0 12 2152 2313 2777 1651
2341 3 2 0 12 1840 2436 1651 2777
2342 3 2 0 12 2251 1775 2682 2448
2343 3 2 0 12 1587 2800 2016 2593
2344 3 2 0 12 2027 2212 2245 2730
2345 3 2 0 12 151 152 2789 1678
2346 3 2 0 12 2465 1678 2789 1934
2347 3 2 0 12 2256 2622 2487 2577
2348 3 2 0 12 1982 2513 2487 2733
2349 3 2 0 12 1959 2489 2497 2614
2350 3 2 0 12 2534 2020 2514 2504
2351 3 2 0 12 2538 2505 2516 2019
2352 3 2 0 12 2501 1700 2514 2762
2353 3 2 0 12 2020 2493 2762 2514
2354 3 2 0 12 2503 2773 2516 1701
2355 3 2 0 12 1705 2495 2548 2517
2356 3 2 0 12 2002 2787 2586 2496
2357 3 2 0 12 2015 2635 2542 2498
2358 3 2 0 12 2478 1621 2597 2500
2359 3 2 0 12 2057 2501 2762 2549
2360 3 2 0 12 2058 2547 2773 2503
2361 3 2 0 12 2575 2047 2693 2551
2362 3 2 0 12 1987 2518 2521 2673
2363 3 2 0 12 2517 2548 2701 2041
2364 3 2 0 12 1584 2701 2548 2525
2365 3 2 0 12 2762 1743 2606 2549
2366 3 2 0 12 1740 2536 2549 2606
2367 3 2 0 12 2374 2753 2759 1615
2368 3 2 0 12 2373 1616 2761 2616
2369 3 2 0 12 2493 2020 2601 2563
2370 3 2 0 12 2487 2622 2745 2043
2371 3 2 0 12 2600 1742 2737 2645
2372 3 2 0 12 2019 2589 2555 2598
2373 3 2 0 12 2487 2043 2738 2733
2374 3 2 0 12 1982 2733 2738 2590
2375 3 2 0 12 1735 1747 2671 2805
2376 3 2 0 12 2041 2701 1585 2603
2377 3 2 0 12 1997 2691 2013 2018
2378 3 2 0 12 1737 2554 2013 2691
2379 3 2 0 12 2473 2799 2477 1655
2380 3 2 0 12 1591 2573 2538 1912
2381 3 2 0 12 2022 2505 2538 2573
2382 3 2 0 12 1591 1912 2534 2572
2383 3 2 0 12 2021 2572 2534 2504
2384 3 2 0 12 2717 1723 2672 2455
2385 3 2 0 12 1996 2000 1958 2672
2386 3 2 0 12 2455 2672 1958 2627
2387 3 2 0 12 1735 2455 2627 1957
2388 3 2 0 12 2576 1724 1697 2637
2389 3 2 0 12 1697 2667 1966 2637
2390 3 2 0 12 2031 2573 1591 1891
2391 3 2 0 12 2022 2573 2031 2531
2392 3 2 0 12 2032 1891 1591 2572
2393 3 2 0 12 2021 2530 2032 2572
2394 3 2 0 12 100 101 1924 2695
2395 3 2 0 12 1902 2695 1924 2446
2396 3 2 0 12 2410 2476 2695 1902
2397 3 2 0 12 2593 1584 2525 1587
2398 3 2 0 12 1587 2525 2015 2498
2399 3 2 0 12 1735 2805 2717 2455
2400 3 2 0 12 1962 1965 2585 2754
2401 3 2 0 12 2309 2718 2361 1745
2402 3 2 0 12 2177 2361 2718 2061
2403 3 2 0 12 207 1896 1858 206
2404 3 2 0 12 2763 2482 2667 1697
2405 3 2 0 12 1975 2617 1713 1715
2406 3 2 0 12 2484 1713 2617 2007
2407 3 2 0 12 2630 1972 2779 1956
2408 3 2 0 12 100 2695 2476 99
2409 3 2 0 12 99 2476 2654 98
2410 3 2 0 12 2214 2654 2476 2410
2411 3 2 0 12 2146 1790 2382 2769
2412 3 2 0 12 2738 1713 2484 2590
2413 3 2 0 12 2298 2137 2771 1870
2414 3 2 0 12 1615 2771 2137 2374
2415 3 2 0 12 2671 1747 2307 2072
2416 3 2 0 12 1985 2596 2558 1991
2417 3 2 0 12 1985 1991 2574 2628
2418 3 2 0 12 1718 2767 1971 2604
2419 3 2 0 12 2597 1971 2767 1954
2420 3 2 0 12 2691 1997 2010 2570
2421 3 2 0 12 2706 1708 2570 2010
2422 3 2 0 12 1904 2138 2770 2373
2423 3 2 0 12 2529 2014 2644 2632
2424 3 2 0 12 1923 161 162 2626
2425 3 2 0 12 163 2712 2626 162
2426 3 2 0 12 1923 2626 2453 1887
2427 3 2 0 12 1980 2520 2486 2537
2428 3 2 0 12 117 2520 2541 116
2429 3 2 0 12 1980 2499 2541 2520
2430 3 2 0 12 231 2518 2558 230
2431 3 2 0 12 229 2596 2523 228
2432 3 2 0 12 2008 2523 2596 1985
2433 3 2 0 12 143 144 2655 2642
2434 3 2 0 12 2365 2336 2642 2655
2435 3 2 0 12 132 2559 2524 131
2436 3 2 0 12 1955 2524 2559 2742
2437 3 2 0 12 2435 2729 2111 1636
2438 3 2 0 12 2130 2111 2729 2024
2439 3 2 0 12 2498 2426 2800 1587
2440 3 2 0 12 2144 2051 2836 1975
2441 3 2 0 12 1611 2692 2256 2577
2442 3 2 0 12 1963 1783 2354 2768
2443 3 2 0 12 2692 1611 2768 2354
2444 3 2 0 12 2656 2277 1706 2508
2445 3 2 0 12 2721 2569 2508 1706
2446 3 2 0 12 1998 2571 2484 2007
2447 3 2 0 12 2638 1734 2484 2571
2448 3 2 0 12 1968 1953 2599 2725
2449 3 2 0 12 1636 2725 2599 2435
2450 3 2 0 12 1968 2679 2526 1953
2451 3 2 0 12 1702 2134 2526 2679
2452 3 2 0 12 115 2749 1879 114
2453 3 2 0 12 116 2541 2749 115
2454 3 2 0 12 1748 1944 2708 1619
2455 3 2 0 12 2104 2190 1619 2708
2456 3 2 0 12 2178 2661 2583 1622
2457 3 2 0 12 1994 2583 2661 2528
2458 3 2 0 12 142 2419 2490 141
2459 3 2 0 12 143 2642 2419 142
2460 3 2 0 12 2112 1798 2419 2642
2461 3 2 0 12 2003 2675 2668 2012
2462 3 2 0 12 2744 1631 2035 2009
2463 3 2 0 12 2709 2011 2670 2002
2464 3 2 0 12 2011 2669 1590 2670
2465 3 2 0 12 2552 2092 1959 2614
2466 3 2 0 12 2234 2751 2121 1753
2467 3 2 0 12 2121 2751 2499 2522
2468 3 2 0 12 2276 1635 2394 2260
2469 3 2 0 12 1635 2202 2044 2394
2470 3 2 0 12 1981 2511 2513 1982
2471 3 2 0 12 2478 2513 2511 1621
2472 3 2 0 12 2597 1954 1952 2500
2473 3 2 0 12 2577 2478 2500 1611
2474 3 2 0 12 1738 2803 1734 2638
2475 3 2 0 12 1728 2673 2535 1722
2476 3 2 0 12 2521 2685 2535 2673
2477 3 2 0 12 2257 2662 2491 1730
2478 3 2 0 12 1994 2491 2662 2545
2479 3 2 0 12 1626 2146 2769 2095
2480 3 2 0 12 2707 1953 2526 1965
2481 3 2 0 12 1622 2583 1629 2726
2482 3 2 0 12 1629 2583 1994 2352
2483 3 2 0 12 1633 2488 1995 2584
2484 3 2 0 12 1861 209 210 2690
2485 3 2 0 12 211 2372 2690 210
2486 3 2 0 12 2237 2154 2682 1775
2487 3 2 0 12 1796 2682 2154 2306
2488 3 2 0 12 212 2608 2372 211
2489 3 2 0 12 2039 1992 2564 2714
2490 3 2 0 12 2456 2034 2788 1612
2491 3 2 0 12 2087 2788 2034 2042
2492 3 2 0 12 1742 2600 2693 1704
2493 3 2 0 12 1704 2502 2737 1742
2494 3 2 0 12 2012 2731 2502 2003
2495 3 2 0 12 1717 2737 2502 2731
2496 3 2 0 12 1903 2615 2794 2716
2497 3 2 0 12 2127 2716 2794 1710
2498 3 2 0 12 2001 2059 2147 2689
2499 3 2 0 12 2800 1984 2512 2016
2500 3 2 0 12 1984 2676 1695 2512
2501 3 2 0 12 2373 2711 2222 1904
2502 3 2 0 12 2128 1709 2795 2711
2503 3 2 0 12 1705 2539 2767 1718
2504 3 2 0 12 1952 1954 2767 2539
2505 3 2 0 12 161 1923 1865 160
2506 3 2 0 12 2489 1959 2688 2925
2507 3 2 0 12 1959 2657 2224 2688
2508 3 2 0 12 2041 2603 2643 2001
2509 3 2 0 12 2383 1758 2439 2413
2510 3 2 0 12 2183 2413 2354 1783
2511 3 2 0 12 2692 2354 2413 2439
2512 3 2 0 12 2130 2076 2785 2025
2513 3 2 0 12 2730 1957 2619 2027
2514 3 2 0 12 1692 1974 1817 2624
2515 3 2 0 12 1960 2433 2206 2038
2516 3 2 0 12 2289 2138 1904 2440
2517 3 2 0 12 2222 2461 2440 1904
2518 3 2 0 12 2791 2472 2314 2407
2519 3 2 0 12 1692 2624 2009 2657
2520 3 2 0 12 2374 2137 2466 1903
2521 3 2 0 12 1761 2135 2755 2267
2522 3 2 0 12 165 2755 2135 164
2523 3 2 0 12 2418 1936 2739 1687
2524 3 2 0 12 2677 1687 2739 1941
2525 3 2 0 12 2662 1961 2587 2545
2526 3 2 0 12 2771 2352 2587 1870
2527 3 2 0 12 1994 2545 2587 2352
2528 3 2 0 12 1633 2728 2761 1616
2529 3 2 0 12 2770 2138 2581 2351
2530 3 2 0 12 2351 2581 2546 2488
2531 3 2 0 12 239 2155 2740 238
2532 3 2 0 12 238 2740 2497 237
2533 3 2 0 12 1629 1615 2759 2726
2534 3 2 0 12 2586 2787 2802 1996
2535 3 2 0 12 2559 2013 2554 2742
2536 3 2 0 12 2205 2515 2742 2554
2537 3 2 0 12 2554 1737 2653 2205
2538 3 2 0 12 2586 1703 1741 2496
2539 3 2 0 12 2636 2715 2496 1741
2540 3 2 0 12 2002 2496 2715 2709
2541 3 2 0 12 1741 1703 2784 2560
2542 3 2 0 12 1689 1690 1970 2562
2543 3 2 0 12 2651 1969 2562 1970
2544 3 2 0 12 2556 2686 2722 1630
2545 3 2 0 12 2777 2775 2423 1840
2546 3 2 0 12 1660 1840 2423 2782
2547 3 2 0 12 2547 2058 2748 2540
2548 3 2 0 12 2540 2748 1634 2081
2549 3 2 0 12 2096 2764 1634 2194
2550 3 2 0 12 2540 2081 2790 1739
2551 3 2 0 12 1689 2804 2055 2125
2552 3 2 0 12 1710 1701 2516 2647
2553 3 2 0 12 2022 2647 2516 2505
2554 3 2 0 12 2692 2439 2444 2256
2555 3 2 0 12 1709 2648 2514 1700
2556 3 2 0 12 2021 2504 2514 2648
2557 3 2 0 12 1987 2673 1728 2532
2558 3 2 0 12 1899 1601 2681 1864
2559 3 2 0 12 1901 2443 2681 1601
2560 3 2 0 12 2470 1864 2681 2457
2561 3 2 0 12 2425 2457 2681 1686
2562 3 2 0 12 1813 2225 2293 1837
2563 3 2 0 12 2471 1837 2293 1863
2564 3 2 0 12 1716 1725 2510 2595
2565 3 2 0 12 2031 2595 2510 2531
2566 3 2 0 12 2618 1725 1716 2602
2567 3 2 0 12 2709 2715 2602 1716
2568 3 2 0 12 1717 2605 2645 2737
2569 3 2 0 12 2605 1717 2594 1726
2570 3 2 0 12 1694 1726 2594 2530
2571 3 2 0 12 2012 2032 2530 2594
2572 3 2 0 12 2342 1988 2588 1816
2573 3 2 0 12 2090 1816 2588 2703
2574 3 2 0 12 1670 1978 2703 2588
2575 3 2 0 12 1665 2659 1823 1918
2576 3 2 0 12 2012 2668 1891 2032
2577 3 2 0 12 2269 2474 2388 2286
2578 3 2 0 12 2570 1731 1737 2691
2579 3 2 0 12 1737 1731 2036 2653
2580 3 2 0 12 2549 2536 2736 2057
2581 3 2 0 12 1705 1718 1696 2495
2582 3 2 0 12 2561 1963 2768 1952
2583 3 2 0 12 1611 2500 1952 2768
2584 3 2 0 12 1599 1843 1831 2387
2585 3 2 0 12 2289 2275 2581 2138
2586 3 2 0 12 2711 2795 2611 2222
2587 3 2 0 12 2057 2611 2795 2501
2588 3 2 0 12 2058 2503 2794 2615
2589 3 2 0 12 2095 1762 2660 2075
2590 3 2 0 12 2176 2026 2660 1762
2591 3 2 0 12 1776 2075 2660 2230
2592 3 2 0 12 2221 2421 2479 2353
2593 3 2 0 12 1841 2479 2421 2364
2594 3 2 0 12 2562 2100 2804 1689
2595 3 2 0 12 1634 2764 2798 1617
2596 3 2 0 12 1607 2355 2281 2074
2597 3 2 0 12 2281 2355 2424 2371
2598 3 2 0 12 2177 2435 2707 2199
2599 3 2 0 12 1953 2707 2435 2599
2600 3 2 0 12 1911 1879 2234 2472
2601 3 2 0 12 1696 2650 2166 2646
2602 3 2 0 12 1641 2338 1795 2268
2603 3 2 0 12 2742 2515 2044 1955
2604 3 2 0 12 1785 2756 1955 2044
2605 3 2 0 12 244 2398 2720 243
2606 3 2 0 12 2423 2775 2720 2398
2607 3 2 0 12 2004 1966 2578 2625
2608 3 2 0 12 230 2558 2596 229
2609 3 2 0 12 1711 1990 2792 1730
2610 3 2 0 12 2241 1738 2644 2565
2611 3 2 0 12 2073 2206 2433 2403
2612 3 2 0 12 223 2529 2632 222
2613 3 2 0 12 1831 2401 2357 2387
2614 3 2 0 12 1730 2491 2806 1711
2615 3 2 0 12 1989 2687 2806 2528
2616 3 2 0 12 1994 2528 2806 2491
2617 3 2 0 12 2732 1938 2475 2807
2618 3 2 0 12 1785 2345 2809 2756
2619 3 2 0 12 218 219 2811 2629
2620 3 2 0 12 2698 1998 2629 2811
2621 3 2 0 12 1706 2277 2813 2553
2622 3 2 0 12 2026 2813 2277 2660
2623 3 2 0 12 1705 2517 2816 2201
2624 3 2 0 12 2687 2817 1711 2806
2625 3 2 0 12 2042 2215 2818 1698
2626 3 2 0 12 1966 2004 2819 2637
2627 3 2 0 12 1999 2819 2004 2621
2628 3 2 0 12 1727 1732 2820 2087
2629 3 2 0 12 2817 2687 2820 1732
2630 3 2 0 12 222 2632 2821 221
2631 3 2 0 12 2698 2821 2632 2644
2632 3 2 0 12 2002 2670 2822 2787
2633 3 2 0 12 138 2702 2823 137
2634 3 2 0 12 2260 2394 2826 2096
2635 3 2 0 12 2349 2827 2428 1586
2636 3 2 0 12 2001 2643 2828 2059
2637 3 2 0 12 2294 2056 2832 1751
2638 3 2 0 12 228 2523 2833 227
2639 3 2 0 12 1998 2007 2835 2629
2640 3 2 0 12 1842 2430 2838 1856
2641 3 2 0 12 1859 1856 2838 1844
2642 3 2 0 12 2416 1671 2838 2430
2643 3 2 0 12 135 2633 2840 134
2644 3 2 0 12 2010 1997 2840 2633
2645 3 2 0 12 1995 2492 2842 2527
2646 3 2 0 12 2676 1984 2843 1977
2647 3 2 0 12 1728 1733 2844 2532
2648 3 2 0 12 2440 2461 2845 2188
2649 3 2 0 12 2222 2611 2845 2461
2650 3 2 0 12 2752 1981 2846 2620
2651 3 2 0 12 2593 2016 2848 2039
2652 3 2 0 12 1992 2039 2848 2553
2653 3 2 0 12 2439 1758 2849 2444
2654 3 2 0 12 2627 1958 2851 1957
2655 3 2 0 12 2205 2653 1976 2856
2656 3 2 0 12 2212 2080 2857 2245
2657 3 2 0 12 2177 2325 2857 2361
2658 3 2 0 12 1745 2361 2857 2080
2659 3 2 0 12 2307 2245 2857 2325
2660 3 2 0 12 1996 2802 2858 2000
2661 3 2 0 12 85 2859 2463 84
2662 3 2 0 12 1722 2035 2860 2086
2663 3 2 0 12 2112 2037 2862 1798
2664 3 2 0 12 1967 2678 2862 2017
2665 3 2 0 12 2099 2017 2862 2037
2666 3 2 0 12 2566 1798 2862 2678
2667 3 2 0 12 1720 2863 2581 2275
2668 3 2 0 12 104 4 105 2865
2669 3 2 0 12 1674 1937 2866 1878
2670 3 2 0 12 1705 2201 2867 2539
2671 3 2 0 12 2561 1952 2539 2867
2672 3 2 0 12 2785 2076 2868 2609
2673 3 2 0 12 1691 2090 2868 2076
2674 3 2 0 12 2322 2609 2868 1978
2675 3 2 0 12 2401 1831 2869 1594
2676 3 2 0 12 2473 2474 2869 2799
2677 3 2 0 12 2458 1594 2869 2474
2678 3 2 0 12 2477 2799 2869 1831
2679 3 2 0 12 1654 1890 2870 1865
2680 3 2 0 12 1900 1686 2871 1906
2681 3 2 0 12 1897 1673 2872 1681
2682 3 2 0 12 1938 1949 2872 1921
2683 3 2 0 12 1683 1681 2872 1949
2684 3 2 0 12 1901 1921 2872 1673
2685 3 2 0 12 1749 2552 2873 2129
2686 3 2 0 12 1824 2129 2873 2155
2687 3 2 0 12 1711 2817 1732 2533
2688 3 2 0 12 1978 2868 2090 2703
2689 3 2 0 12 86 2837 2859 85
2690 3 2 0 12 2613 1979 2634 2812
2691 3 2 0 12 1731 2812 2634 2036
2692 3 2 0 12 2590 2484 1734 2846
2693 3 2 0 12 2803 2620 2846 1734
2694 3 2 0 12 1999 2576 2637 2819
2695 3 2 0 12 1729 2257 2850 2831
2696 3 2 0 12 1730 2792 2850 2257
2697 3 2 0 12 1708 2808 2694 2814
2698 3 2 0 12 1999 2839 2675 2003
2699 3 2 0 12 1981 1982 2590 2846
2700 3 2 0 12 2559 132 133 2864
2701 3 2 0 12 2559 2864 2018 2013
2702 3 2 0 12 2633 135 136 2815
2703 3 2 0 12 219 220 2698 2811
2704 3 2 0 12 221 2821 2698 220
2705 3 2 0 12 215 216 2834 2836
2706 3 2 0 12 2391 2147 2428 2827
2707 3 2 0 12 2798 2764 2856 1976
2708 3 2 0 12 2001 2816 2517 2041
2709 3 2 0 12 2026 1992 2553 2813
2710 3 2 0 12 2194 1634 2748 2852
2711 3 2 0 12 2058 2615 2852 2748
2712 3 2 0 12 1877 2365 2655 2853
2713 3 2 0 12 2023 2724 2741 2854
2714 3 2 0 12 2057 2736 2845 2611
2715 3 2 0 12 2490 2847 2665 2063
2716 3 2 0 12 2244 2414 2863 1720
2717 3 2 0 12 2776 2649 2863 2414
2718 3 2 0 12 2507 2746 2625 2578
2719 3 2 0 12 1984 2800 2426 2843
2720 3 2 0 12 174 175 1931 2732
2721 3 2 0 12 2492 2546 2649 2825
2722 3 2 0 12 2581 2863 2649 2546
2723 3 2 0 12 1658 1857 1667 2830
2724 3 2 0 12 2345 129 130 2809
2725 3 2 0 12 131 2524 2809 130
2726 3 2 0 12 2756 2809 2524 1955
2727 3 2 0 12 2087 2820 2006 2788
2728 3 2 0 12 2687 1989 2006 2820
2729 3 2 0 12 1739 2790 1972 2631
2730 3 2 0 12 1695 2631 1972 2630
2731 3 2 0 12 141 2490 2063 140
2732 3 2 0 12 2150 2509 2734 1746
2733 3 2 0 12 2482 1746 2734 2667
2734 3 2 0 12 2578 1966 2667 2734
2735 3 2 0 12 2630 2721 2512 1695
2736 3 2 0 12 1956 2569 2721 2630
2737 3 2 0 12 2033 2136 2778 2750
2738 3 2 0 12 2368 2750 2778 2232
2739 3 2 0 12 1889 1861 2690 2338
2740 3 2 0 12 2372 1795 2338 2690
2741 3 2 0 12 217 218 2629 2835
2742 3 2 0 12 2059 2828 2652 2420
2743 3 2 0 12 2512 2721 2848 2016
2744 3 2 0 12 1706 2553 2848 2721
2745 3 2 0 12 2556 1993 2560 2784
2746 3 2 0 12 2660 2277 2656 2230
2747 3 2 0 12 2035 1631 1613 2860
2748 3 2 0 12 1733 2086 2860 2760
2749 3 2 0 12 2760 2860 1613 2005
2750 3 2 0 12 87 2412 2837 86
2751 3 2 0 12 2412 1658 2830 2837
2752 3 2 0 12 2403 2433 2445 2084
2753 3 2 0 12 1960 2664 2445 2433
2754 3 2 0 12 2084 2445 2786 2623
2755 3 2 0 12 118 2486 2520 117
2756 3 2 0 12 2497 2740 2552 2614
2757 3 2 0 12 2155 2873 2552 2740
2758 3 2 0 12 216 217 2835 2834
2759 3 2 0 12 2732 2807 173 174
2760 3 2 0 12 172 173 2807 2475
2761 3 2 0 12 2024 2729 2061 2718
2762 3 2 0 12 2177 2061 2729 2435
2763 3 2 0 12 215 2836 2639 214
2764 3 2 0 12 2605 2761 2728 2645
2765 3 2 0 12 2000 2746 2851 1958
2766 3 2 0 12 2394 2044 2515 2826
2767 3 2 0 12 2480 2467 2431 1595
2768 3 2 0 12 1668 2780 2467 1849
2769 3 2 0 12 1819 2431 2467 2780
2770 3 2 0 12 224 2519 2529 223
2771 3 2 0 12 2784 2048 2686 2556
2772 3 2 0 12 2048 2717 2805 2686
2773 3 2 0 12 1751 2832 2804 2100
2774 3 2 0 12 2055 2804 2832 2040
2775 3 2 0 12 2056 2612 2040 2832
2776 3 2 0 12 2084 2623 2658 2741
2777 3 2 0 12 2633 2815 2706 2010
2778 3 2 0 12 2814 2613 2570 1708
2779 3 2 0 12 1731 2570 2613 2812
2780 3 2 0 12 159 2870 2392 158
2781 3 2 0 12 160 1865 2870 159
2782 3 2 0 12 106 1926 2865 105
2783 3 2 0 12 1605 1606 2865 1926
2784 3 2 0 12 103 104 2865 1606
2785 3 2 0 12 1969 2651 1799 2801
2786 3 2 0 12 1799 2700 2743 2801
2787 3 2 0 12 1714 2658 2623 2694
2788 3 2 0 12 2198 2640 2063 2665
2789 3 2 0 12 2063 2640 2702 2506
2790 3 2 0 12 2779 2699 2786 2445
2791 3 2 0 12 1670 2612 2056 2774
2792 3 2 0 12 2008 1985 2628 2776
2793 3 2 0 12 2178 1630 2722 2710
2794 3 2 0 12 1989 2178 2710 2006
2795 3 2 0 12 1612 2710 2722 2187
2796 3 2 0 12 2867 2201 2689 2561
2797 3 2 0 12 2001 2689 2201 2816
2798 3 2 0 12 2147 2391 2561 2689
2799 3 2 0 12 2499 2751 2749 2541
2800 3 2 0 12 2507 2772 2851 2746
2801 3 2 0 12 1957 2851 2772 2619
2802 3 2 0 12 1967 2697 2566 2678
2803 3 2 0 12 2490 2566 2697 2847
2804 3 2 0 12 2104 2316 2624 1817
2805 3 2 0 12 2624 2316 2744 2009
2806 3 2 0 12 2047 2575 2544 2763
2807 3 2 0 12 2641 2544 2575 2796
2808 3 2 0 12 2722 2686 2805 2671
2809 3 2 0 12 2715 2636 2759 2602
2810 3 2 0 12 1983 2726 2759 2636
2811 3 2 0 12 243 2720 1892 242
2812 3 2 0 12 2370 1892 2720 2313
2813 3 2 0 12 2313 2720 2775 2777
2814 3 2 0 12 2415 2831 2543 2264
2815 3 2 0 12 128 2543 2705 127
2816 3 2 0 12 2850 2705 2543 2831
2817 3 2 0 12 246 1878 2841 245
2818 3 2 0 12 2782 2423 2398 2841
2819 3 2 0 12 245 2841 2398 244
2820 3 2 0 12 1803 2227 2438 2684
2821 3 2 0 12 1910 2684 2438 2758
2822 3 2 0 12 1802 2314 1753 2197
2823 3 2 0 12 1753 2314 2472 2234
2824 3 2 0 12 2458 1825 2424 1860
2825 3 2 0 12 1860 2424 2355 2271
2826 3 2 0 12 1893 205 206 1858
2827 3 2 0 12 2716 2127 2618 2753
2828 3 2 0 12 2602 2759 2753 2618
2829 3 2 0 12 1726 2616 2761 2605
2830 3 2 0 12 2217 2073 2403 2724
2831 3 2 0 12 2023 2161 2217 2724
2832 3 2 0 12 2084 2741 2724 2403
2833 3 2 0 12 2622 2256 2444 2745
2834 3 2 0 12 164 2135 2712 163
2835 3 2 0 12 2626 2712 2119 2453
2836 3 2 0 12 1761 2119 2712 2135
2837 3 2 0 12 2598 2855 2601 1589
2838 3 2 0 12 2567 2855 2598 2555
2839 3 2 0 12 1885 2194 2852 2466
2840 3 2 0 12 2466 2852 2615 1903
2841 3 2 0 12 2226 2106 2014 1773
2842 3 2 0 12 2519 1773 2014 2529
2843 3 2 0 12 2644 2014 2106 2565
2844 3 2 0 12 2610 2034 2456 2754
2845 3 2 0 12 1991 1987 2532 2574
2846 3 2 0 12 2143 2735 2054 1967
2847 3 2 0 12 1878 2866 2782 2841
2848 3 2 0 12 140 2063 2506 139
2849 3 2 0 12 144 145 2853 2655
2850 3 2 0 12 2051 1769 2639 2836
2851 3 2 0 12 2693 2600 2875 2551
2852 3 2 0 12 1632 2551 2875 2580
2853 3 2 0 12 1762 2876 2652 2176
2854 3 2 0 12 2095 2769 2876 1762
2855 3 2 0 12 146 147 1881 2877
2856 3 2 0 12 2498 2542 2878 2426
2857 3 2 0 12 2036 2634 2879 1620
2858 3 2 0 12 1979 2829 2879 2634
2859 3 2 0 12 2345 2264 2543 2880
2860 3 2 0 12 129 2345 2880 5
2861 3 2 0 12 2507 2093 2881 2772
2862 3 2 0 12 2619 2772 2881 2288
2863 3 2 0 12 2288 2881 2093 2308
2864 3 2 0 12 2787 2822 2883 2802
2865 3 2 0 12 1999 2621 2883 2839
2866 3 2 0 12 1634 1617 2886 2081
2867 3 2 0 12 1620 2116 2886 1617
2868 3 2 0 12 2116 2790 2081 2886
2869 3 2 0 12 1727 2887 2533 1732
2870 3 2 0 12 2198 1714 2888 2582
2871 3 2 0 12 1708 2706 2888 2808
2872 3 2 0 12 2694 2808 2888 1714
2873 3 2 0 12 1860 2271 2889 1821
2874 3 2 0 12 2355 1607 2889 2271
2875 3 2 0 12 2368 1821 2889 2066
2876 3 2 0 12 1595 2431 2891 2471
2877 3 2 0 12 1819 1671 2891 2431
2878 3 2 0 12 1671 2416 2471 2891
2879 3 2 0 12 1610 2028 2892 2291
2880 3 2 0 12 2066 2700 2892 2033
2881 3 2 0 12 1799 2291 2892 2700
2882 3 2 0 12 2136 2033 2892 2028
2883 3 2 0 12 2550 2542 2646 2893
2884 3 2 0 12 209 1861 2896 208
2885 3 2 0 12 1909 1896 2896 1650
2886 3 2 0 12 1889 1650 2896 1861
2887 3 2 0 12 2801 2743 2889 1607
2888 3 2 0 12 2700 2066 2889 2743
2889 3 2 0 12 2557 2882 2792 1990
2890 3 2 0 12 1986 2874 2533 2887
2891 3 2 0 12 1711 2533 2874 1990
2892 3 2 0 12 5 2880 2543 128
2893 3 2 0 12 2582 2888 2706 2723
2894 3 2 0 12 2621 2858 2802 2883
2895 3 2 0 12 1979 2894 2699 2829
2896 3 2 0 12 2198 2582 2723 2640
2897 3 2 0 12 2823 2702 2640 2723
2898 3 2 0 12 2563 2601 2855 2895
2899 3 2 0 12 2876 2769 2382 2884
2900 3 2 0 12 2571 1998 2698 2638
2901 3 2 0 12 1738 2638 2698 2644
2902 3 2 0 12 2382 1835 2420 2884
2903 3 2 0 12 2876 2884 2420 2652
2904 3 2 0 12 1620 2879 1625 2116
2905 3 2 0 12 2699 1625 2879 2829
2906 3 2 0 12 2096 2826 2856 2764
2907 3 2 0 12 2515 2205 2856 2826
2908 3 2 0 12 2754 2456 2405 1962
2909 3 2 0 12 1623 2405 2187 2072
2910 3 2 0 12 1612 2187 2405 2456
2911 3 2 0 12 2683 2893 2646 2166
2912 3 2 0 12 2895 2550 2893 2563
2913 3 2 0 12 2493 2563 2893 2683
2914 3 2 0 12 134 2840 2864 133
2915 3 2 0 12 1997 2018 2864 2840
2916 3 2 0 12 1877 2853 2877 1908
2917 3 2 0 12 1661 1908 2877 1881
2918 3 2 0 12 2551 1632 2796 2575
2919 3 2 0 12 2542 2550 2895 2878
2920 3 2 0 12 2843 2426 2878 2567
2921 3 2 0 12 2567 2878 2895 2855
2922 3 2 0 12 137 2823 2815 136
2923 3 2 0 12 2723 2706 2815 2823
2924 3 2 0 12 2625 2858 2621 2004
2925 3 2 0 12 2000 2858 2625 2746
2926 3 2 0 12 2760 2824 2844 1733
2927 3 2 0 12 1712 2844 2824 2842
2928 3 2 0 12 2444 2849 2102 1628
2929 3 2 0 12 1758 2050 2243 2849
2930 3 2 0 12 2067 2102 2849 2243
2931 3 2 0 12 2584 1614 2861 1633
2932 3 2 0 12 2580 2875 2861 1614
2933 3 2 0 12 2645 2728 1633 2861
2934 3 2 0 12 2645 2861 2875 2600
2935 3 2 0 12 2836 2834 2617 1975
2936 3 2 0 12 2007 2617 2834 2835
2937 3 2 0 12 2666 1872 2384 1914
2938 3 2 0 12 1890 2384 2392 2870
2939 3 2 0 12 227 2833 2797 226
2940 3 2 0 12 2523 2008 1772 2833
2941 3 2 0 12 1784 2797 2833 1772
2942 3 2 0 12 2542 2635 1696 2646
2943 3 2 0 12 1696 2635 2015 2495
2944 3 2 0 12 2176 2652 2828 2564
2945 3 2 0 12 2574 1712 2825 2628
2946 3 2 0 12 2842 2492 2825 1712
2947 3 2 0 12 2628 2825 2649 2776
2948 3 2 0 12 1686 2681 2443 2871
2949 3 2 0 12 1866 1929 2871 2443
2950 3 2 0 12 1906 2871 1929 2727
2951 3 2 0 12 2463 2859 1667 1672
2952 3 2 0 12 1667 2859 2837 2830
2953 3 2 0 12 2056 2294 2367 2283
2954 3 2 0 12 1894 1803 2684 2757
2955 3 2 0 12 1863 2757 2684 1910
2956 3 2 0 12 2676 1977 2555 2165
2957 3 2 0 12 2843 2567 2555 1977
2958 3 2 0 12 2165 2555 2589 2696
2959 3 2 0 12 2675 2839 2670 1590
2960 3 2 0 12 2883 2822 2670 2839
2961 3 2 0 12 2445 2664 1956 2779
2962 3 2 0 12 2569 1956 2664 2508
2963 3 2 0 12 2656 2508 2664 1960
2964 3 2 0 12 2144 2747 1628 2160
2965 3 2 0 12 1628 2747 2745 2444
2966 3 2 0 12 1973 2818 2810 1951
2967 3 2 0 12 1659 2485 2475 1666
2968 3 2 0 12 2699 2894 2623 2786
2969 3 2 0 12 2814 2694 2623 2894
2970 3 2 0 12 1979 2613 2814 2894
2971 3 2 0 12 1671 2719 1844 2838
2972 3 2 0 12 208 2896 1896 207
2973 3 2 0 12 1712 2574 2532 2844
2974 3 2 0 12 2675 1590 2669 2668
2975 3 2 0 12 2031 1891 2668 2669
2976 3 2 0 12 145 146 2877 2853
2977 3 2 0 12 214 2639 2898 213
2978 3 2 0 12 2319 2608 2898 2766
2979 3 2 0 12 1769 2766 2898 2639
2980 3 2 0 12 2161 2023 2900 2054
2981 3 2 0 12 2620 2803 2901 2752
2982 3 2 0 12 2741 2658 2902 2854
2983 3 2 0 12 1702 2494 2903 2134
2984 3 2 0 12 1951 2810 2903 2537
2985 3 2 0 12 1980 2537 2903 2494
2986 3 2 0 12 1990 2874 2906 2557
2987 3 2 0 12 158 2392 2905 157
2988 3 2 0 12 2384 1872 2905 2392
2989 3 2 0 12 2874 1986 2885 2906
2990 3 2 0 12 109 2899 1930 108
2991 3 2 0 12 1665 1915 1930 2899
2992 3 2 0 12 125 2557 2906 124
2993 3 2 0 12 124 2906 2885 123
2994 3 2 0 12 213 2898 2608 212
2995 3 2 0 12 2198 2902 2658 1714
2996 3 2 0 12 2665 2854 2902 2198
2997 3 2 0 12 1864 1666 1927 1899
2998 3 2 0 12 1666 2475 1938 1927
2999 3 2 0 12 1967 2054 2900 2697
3000 3 2 0 12 2847 2697 2900 2665
3001 3 2 0 12 2023 2854 2665 2900
3002 3 2 0 12 1872 2739 1936 2905
3003 3 2 0 12 1585 2714 2643 2603
3004 3 2 0 12 2828 2643 2714 2564
3005 3 2 0 12 1822 2422 2897 1894
3006 3 2 0 12 2019 2516 2773 2589
3007 3 2 0 12 1738 2241 2901 2803
3008 3 2 0 12 233 234 2062 2685
3009 3 2 0 12 1965 2526 2134 2585
3010 3 2 0 12 2903 2810 2585 2134
3011 3 2 0 12 2818 2215 2585 2810
3012 3 2 0 12 2215 2610 2754 2585
3013 3 2 0 12 2641 2796 2674 2189
3014 3 2 0 12 2557 125 126 2882
3015 3 2 0 12 127 2705 2882 126
3016 3 2 0 12 2796 1632 2890 2674
3017 3 2 0 12 2418 155 156 1936
3018 3 2 0 12 157 2905 1936 156
3019 3 2 0 12 1618 2904 2908 2045
3020 3 2 0 12 1995 2527 2909 2584
3021 3 2 0 12 1632 2580 2909 2890
3022 3 2 0 12 1614 2584 2909 2580
3023 3 2 0 12 2227 1803 2910 2411
3024 3 2 0 12 2283 2367 2910 2897
3025 3 2 0 12 1894 2897 2910 1803
3026 3 2 0 12 2246 2411 2910 2367
3027 3 2 0 12 1744 2091 2911 2045
3028 3 2 0 12 2845 2282 2911 2188
3029 3 2 0 12 1884 2188 2911 2091
3030 3 2 0 12 1618 2045 2911 2282
3031 3 2 0 12 2890 2912 2005 2674
3032 3 2 0 12 2056 2283 2913 2774
3033 3 2 0 12 2422 2913 2283 2897
3034 3 2 0 12 2322 2774 2913 2422
3035 3 2 0 12 2045 2908 2241 1744
3036 3 2 0 12 2241 2908 2904 2901
3037 3 2 0 12 2899 109 110 1665
3038 3 2 0 12 111 2659 1665 110
3039 3 2 0 12 1739 2907 2547 2540
3040 3 2 0 12 2792 2882 2705 2850
3041 3 2 0 12 2165 2696 2547 2907
3042 3 2 0 12 2547 2696 2589 2773
3043 3 2 0 12 2887 1727 2704 1986
3044 3 2 0 12 2165 2907 2914 2676
3045 3 2 0 12 2676 2914 2631 1695
3046 3 2 0 12 2117 2916 2904 1618
3047 3 2 0 12 2845 2736 2917 2282
3048 3 2 0 12 2082 1618 2282 2917
3049 3 2 0 12 2536 2082 2917 2736
3050 3 2 0 12 2631 2914 2907 1739
3051 3 2 0 12 2842 2824 2912 2527
3052 3 2 0 12 2909 2527 2912 2890
3053 3 2 0 12 2005 2912 2824 2760
3054 3 2 0 12 1981 2752 2916 2174
3055 3 2 0 12 1627 2174 2916 2117
3056 3 2 0 12 2901 2904 2916 2752
3057 3 2 0 12 119 2918 2486 118
3058 3 2 0 12 1839 2385 2919 2131
3059 3 2 0 12 92 2335 2920 91
3060 3 2 0 12 1797 2078 2920 2335
3061 3 2 0 12 2818 1973 2921 1698
3062 3 2 0 12 89 2919 2385 88
3063 3 2 0 12 1973 2053 2915 2921
3064 3 2 0 12 120 121 2915 2053
3065 3 2 0 12 1987 1991 2558 2518
3066 3 2 0 12 120 2053 2918 119
3067 3 2 0 12 123 2885 2922 122
3068 3 2 0 12 2915 121 122 2922
3069 3 2 0 12 2042 1698 2923 1721
3070 3 2 0 12 2915 2923 1698 2921
3071 3 2 0 12 2131 2919 2924 1868
3072 3 2 0 12 1727 1721 2923 2704
3073 3 2 0 12 90 2924 2919 89
3074 3 2 0 12 1986 2704 2922 2885
3075 3 2 0 12 2923 2915 2922 2704
3076 3 2 0 12 1868 2924 2920 2078
3077 3 2 0 12 91 2920 2924 90
3078 3 2 0 12 2053 1973 1951 2918
3079 3 2 0 12 2537 2486 2918 1951
3080 3 2 0 12 235 2925 2062 234
3081 3 2 0 12 235 236 2489 2925
$EndElements
