$MeshFormat
2.2 0 8
$EndMeshFormat
$Nodes
2226
1 0 0 0
2 3 0 0
3 3 0.65 0
4 3 2 0
5 0.5 2 0
6 0 2 0
7 0 0.65 0
8 0.05999999999973404 0 0
9 0.1199999999994645 0 0
10 0.1799999999991987 0 0
11 0.2399999999989741 0 0
12 0.29999999999876 0 0
13 0.3599999999985421 0 0
14 0.4199999999982488 0 0
15 0.4799999999979238 0 0
16 0.5399999999976655 0 0
17 0.5999999999974516 0 0
18 0.6599999999972377 0 0
19 0.7199999999970238 0 0
20 0.7799999999968097 0 0
21 0.8399999999965958 0 0
22 0.8999999999963819 0 0
23 0.9599999999961679 0 0
24 1.019999999995954 0 0
25 1.07999999999574 0 0
26 1.139999999995526 0 0
27 1.199999999995312 0 0
28 1.259999999995098 0 0
29 1.319999999994884 0 0
30 1.37999999999467 0 0
31 1.439999999994457 0 0
32 1.499999999994286 0 0
33 1.559999999994473 0 0
34 1.619999999994704 0 0
35 1.679999999994934 0 0
36 1.739999999995164 0 0
37 1.799999999995394 0 0
38 1.859999999995625 0 0
39 1.919999999995855 0 0
40 1.979999999996085 0 0
41 2.039999999996315 0 0
42 2.099999999996546 0 0
43 2.159999999996776 0 0
44 2.219999999997007 0 0
45 2.279999999997237 0 0
46 2.339999999997467 0 0
47 2.399999999997697 0 0
48 2.459999999997927 0 0
49 2.519999999998158 0 0
50 2.579999999998388 0 0
51 2.639999999998619 0 0
52 2.699999999998849 0 0
53 2.759999999999079 0 0
54 2.819999999999309 0 0
55 2.87999999999954 0 0
56 2.93999999999977 0 0
57 3 0.04062499999992538 0
58 3 0.08124999999986651 0
59 3 0.1218749999997589 0
60 3 0.162499999999654 0
61 3 0.2031249999995492 0
62 3 0.2437499999994389 0
63 3 0.2843749999993123 0
64 3 0.3249999999992018 0
65 3 0.3656249999992974 0
66 3 0.4062499999994257 0
67 3 0.4468749999995322 0
68 3 0.4874999999996496 0
69 3 0.5281249999997453 0
70 3 0.568749999999852 0
71 3 0.6093749999999151 0
72 3 0.689705882352857 0
73 3 0.7294117647057139 0
74 3 0.7691176470585709 0
75 3 0.8088235294114279 0
76 3 0.8485294117642669 0
77 3 0.8882352941170982 0
78 3 0.9279411764699119 0
79 3 0.9676470588227254 0
80 3 1.007352941175582 0
81 3 1.04705882352844 0
82 3 1.086764705881296 0
83 3 1.126470588234154 0
84 3 1.166176470586926 0
85 3 1.20588235293975 0
86 3 1.245588235292551 0
87 3 1.285294117645321 0
88 3 1.324999999998135 0
89 3 1.364705882351145 0
90 3 1.404411764704175 0
91 3 1.44411764705727 0
92 3 1.483823529410346 0
93 3 1.523529411763359 0
94 3 1.563235294116387 0
95 3 1.602941176469478 0
96 3 1.642647058822557 0
97 3 1.682352941175572 0
98 3 1.722058823528598 0
99 3 1.761764705881687 0
100 3 1.801470588234768 0
101 3 1.841176470587786 0
102 3 1.880882352940809 0
103 3 1.920588235293896 0
104 3 1.96029411764698 0
105 2.934210526315789 2 0
106 2.868421052631579 2 0
107 2.802631578947368 2 0
108 2.736842105263158 2 0
109 2.671052631578947 2 0
110 2.605263157894736 2 0
111 2.539473684210526 2 0
112 2.473684210526315 2 0
113 2.407894736842104 2 0
114 2.342105263157893 2 0
115 2.276315789473683 2 0
116 2.210526315789473 2 0
117 2.144736842105262 2 0
118 2.078947368421052 2 0
119 2.013157894736841 2 0
120 1.947368421052631 2 0
121 1.88157894736842 2 0
122 1.81578947368421 2 0
123 1.749999999999999 2 0
124 1.684210526315789 2 0
125 1.618421052631578 2 0
126 1.552631578947368 2 0
127 1.486842105263157 2 0
128 1.421052631578947 2 0
129 1.355263157894737 2 0
130 1.289473684210526 2 0
131 1.223684210526315 2 0
132 1.157894736842105 2 0
133 1.092105263157894 2 0
134 1.026315789473684 2 0
135 0.9605263157894735 2 0
136 0.8947368421052631 2 0
137 0.8289473684210525 2 0
138 0.763157894736842 2 0
139 0.6973684210526316 2 0
140 0.6315789473684212 2 0
141 0.5657894736842107 2 0
142 0.4583333333331598 2 0
143 0.416666666666551 2 0
144 0.3750000000001735 2 0
145 0.3333333333337959 2 0
146 0.2916666666674182 2 0
147 0.2500000000010297 2 0
148 0.2083333333342005 2 0
149 0.1666666666673604 2 0
150 0.1250000000005203 2 0
151 0.0833333333336802 2 0
152 0.0416666666668401 2 0
153 0 1.960294117647177 0
154 0 1.920588235294398 0
155 0 1.880882352941446 0
156 0 1.841176470588534 0
157 0 1.801470588235627 0
158 0 1.761764705882848 0
159 0 1.722058823530068 0
160 0 1.682352941177251 0
161 0 1.642647058824423 0
162 0 1.602941176471644 0
163 0 1.563235294118865 0
164 0 1.52352941176605 0
165 0 1.48382352941322 0
166 0 1.444117647060441 0
167 0 1.404411764707662 0
168 0 1.364705882354849 0
169 0 1.325000000002017 0
170 0 1.285294117648977 0
171 0 1.245588235295872 0
172 0 1.20588235294283 0
173 0 1.166176470589811 0
174 0 1.126470588236733 0
175 0 1.086764705883625 0
176 0 1.04705882353058 0
177 0 1.007352941177564 0
178 0 0.9676470588244966 0
179 0 0.927941176471443 0
180 0 0.8882352941183707 0
181 0 0.848529411765298 0
182 0 0.8088235294122482 0
183 0 0.7691176470591962 0
184 0 0.7294117647061236 0
185 0 0.689705882353051 0
186 0 0.6093750000000761 0
187 0 0.5687500000001303 0
188 0 0.5281250000002496 0
189 0 0.4875000000003582 0
190 0 0.4468750000004668 0
191 0 0.4062500000005645 0
192 0 0.3656250000007164 0
193 0 0.3250000000008358 0
194 0 0.2843750000007491 0
195 0 0.2437500000006353 0
196 0 0.2031250000005323 0
197 0 0.1625000000004239 0
198 0 0.1218750000003182 0
199 0 0.0812500000002126 0
200 0 0.04062500000010687 0
201 0.05999999999973404 0.65 0
202 0.1199999999994645 0.65 0
203 0.1799999999991987 0.65 0
204 0.2399999999989741 0.65 0
205 0.29999999999876 0.65 0
206 0.3599999999985421 0.65 0
207 0.4199999999982488 0.65 0
208 0.4799999999979238 0.65 0
209 0.5399999999976655 0.65 0
210 0.5999999999974516 0.65 0
211 0.6599999999972377 0.65 0
212 0.7199999999970238 0.65 0
213 0.7799999999968097 0.65 0
214 0.8399999999965958 0.65 0
215 0.8999999999963819 0.65 0
216 0.9599999999961679 0.65 0
217 1.019999999995954 0.65 0
218 1.07999999999574 0.65 0
219 1.139999999995526 0.65 0
220 1.199999999995312 0.65 0
221 1.259999999995098 0.65 0
222 1.319999999994884 0.65 0
223 1.37999999999467 0.65 0
224 1.439999999994457 0.65 0
225 1.499999999994286 0.65 0
226 1.559999999994473 0.65 0
227 1.619999999994704 0.65 0
228 1.679999999994934 0.65 0
229 1.739999999995164 0.65 0
230 1.799999999995394 0.65 0
231 1.859999999995625 0.65 0
232 1.919999999995855 0.65 0
233 1.979999999996085 0.65 0
234 2.039999999996315 0.65 0
235 2.099999999996546 0.65 0
236 2.159999999996776 0.65 0
237 2.219999999997007 0.65 0
238 2.279999999997237 0.65 0
239 2.339999999997467 0.65 0
240 2.399999999997697 0.65 0
241 2.459999999997927 0.65 0
242 2.519999999998158 0.65 0
243 2.579999999998388 0.65 0
244 2.639999999998619 0.65 0
245 2.699999999998849 0.65 0
246 2.759999999999079 0.65 0
247 2.819999999999309 0.65 0
248 2.87999999999954 0.65 0
249 2.93999999999977 0.65 0
250 0.2422060402998791 0.3242479020709985 0
251 1.18347911956494 0.3248683242163278 0
252 0.7347277775603361 0.3224973443897815 0
253 0.643935908543544 0.3210840397146333 0
254 0.8632516748622084 0.3264802487470676 0
255 1.252059402246043 0.324908087029993 0
256 1.115741321979688 0.3246154974411625 0
257 1.063037755874779 0.3241535102558155 0
258 1.385594763328481 0.3261879076251655 0
259 1.468071568649825 0.3271416186010402 0
260 2.068553780123482 0.3247805299334718 0
261 2.296594036250136 0.3332647996777846 0
262 1.805710576510129 0.3288668904497173 0
263 1.605671778322109 0.3261797238231382 0
264 2.009314634407204 0.3232714933617061 0
265 2.466239394694222 0.3235981151675776 0
266 2.639137163640115 0.2785464478255103 0
267 2.153153143834343 0.3257165340091618 0
268 1.880244167319667 0.3469351834470744 0
269 2.417843852782104 0.3153363994946097 0
270 1.738346886885766 0.3257711138265267 0
271 1.674183693492005 0.3254336106793768 0
272 2.796365252420985 0.3401146974475889 0
273 2.575363312905595 0.3304283522686521 0
274 2.835073156670862 0.1694243531051683 0
275 2.910299232657603 0.1325365587833686 0
276 0.08951535467814395 0.5177381081516833 0
277 2.772742860474767 0.4638148632824258 0
278 0.2466568574719595 0.1835382461036846 0
279 0.240993644592147 0.4736824035900487 0
280 0.7898408246975051 0.1664691676894113 0
281 0.7756312153700603 0.4798362850346264 0
282 0.4728289875877597 0.4870107792975373 0
283 0.4795243031312806 0.1940417289018104 0
284 0.7200987468786118 0.4852045407715311 0
285 1.321805943007264 0.1958240683889161 0
286 1.322059771807137 0.4546767820188316 0
287 2.3794100571653 0.453200824881861 0
288 2.384240615559673 0.1990540229369281 0
289 1.672028803131088 0.4520226188933732 0
290 1.671837503100785 0.1982466372108866 0
291 1.108072815295605 0.1853077610772517 0
292 1.108280703135753 0.4646096594289026 0
293 0.5232590184565584 0.1632234533375323 0
294 0.9022026915505856 0.5149619402559308 0
295 0.8869254834949787 0.1648623283380751 0
296 0.6609782970435826 0.1356406566753957 0
297 0.668066928921996 0.4796957975936624 0
298 0.612971112869572 0.1742148908903336 0
299 0.6136307503502897 0.4633710188235366 0
300 0.4121415476206217 0.4778867573718727 0
301 1.184250008176272 0.4676811851099709 0
302 1.183645383680087 0.1822947273976032 0
303 1.146702580161146 0.1521772010788643 0
304 1.2652662041824 0.1839400672874808 0
305 1.147701409141926 0.4979496387895444 0
306 1.265759286382414 0.4661309794056433 0
307 1.389392252193753 0.1595237189993813 0
308 1.389863050328424 0.4917225665821105 0
309 2.027036562465159 0.1681912882731949 0
310 2.027235247267616 0.4818536446005854 0
311 2.311579787079869 0.4879912670582202 0
312 2.314788893770344 0.1630600440203661 0
313 1.627664676952916 0.4567218082981351 0
314 1.807055307064578 0.1924415062385241 0
315 1.627334225848446 0.1941823894890892 0
316 1.805917350555105 0.4577570808180449 0
317 1.851180895326997 0.4669526810130704 0
318 1.852700579603684 0.1822652328904449 0
319 1.962892569947659 0.478722495476129 0
320 2.113027322509904 0.464252991487442 0
321 1.963736079686522 0.1701637535804314 0
322 2.492195785637402 0.1467003748239285 0
323 2.112985026622325 0.1861096423269693 0
324 2.422931235251141 0.5109408362491941 0
325 1.739008797920265 0.4663278615714598 0
326 1.739091412366979 0.1838782850519998 0
327 2.164069878039189 0.1626042943605344 0
328 2.163730421529493 0.4879559267978527 0
329 2.577231041533274 0.4930287953907495 0
330 2.562599034863856 0.1615364794126941 0
331 2.665712298041727 0.1351082517182332 0
332 2.659545611933182 0.449909988818939 0
333 0.09308182386168193 0.3168513137941828 0
334 2.747703101004026 0.2187878491730186 0
335 2.909566942494853 0.337837067115201 0
336 2.772639560200699 0.1024499127491463 0
337 0.1544582906497881 0.2290948132962449 0
338 2.865639739144311 0.4290526728302208 0
339 2.822985980495156 0.5442054665084737 0
340 0.2017632905318408 0.09282114975583347 0
341 0.1425312826973905 0.4230420070640953 0
342 0.06607707700693029 0.21957892232301 0
343 2.910190207550079 0.4298958306620947 0
344 2.853748179246441 0.2505879524128998 0
345 0.2346413839695249 0.5888339200530633 0
346 2.91819588106827 0.209618816192613 0
347 0.1280998789099251 0.5523316766263687 0
348 2.898241227227742 0.09210991612010885 0
349 2.737794768315861 0.3473690202453553 0
350 0.2766497125593282 0.3262127057764135 0
351 2.95630972846294 0.5247947838308675 0
352 0.09369368321994873 0.5587526703198869 0
353 0.04530008866285663 0.5217375642046435 0
354 0.08315099762493848 0.0974879738850592 0
355 2.953784374548061 0.1268932215214726 0
356 2.95263535347283 0.607910891999137 0
357 0.1341847651174807 0.5190554950321097 0
358 2.819569431940844 0.6086383540365606 0
359 2.746909399229247 0.532005515752272 0
360 0.2894630556874603 0.1037817513932303 0
361 1.038883361210756 0.3740471592562126 0
362 1.039522158211535 0.2745352534542138 0
363 0.830143285114812 0.407329418433072 0
364 0.8287958225123875 0.2275929137643535 0
365 2.658429904742066 0.1949274203071447 0
366 2.638473434899964 0.5579726220068921 0
367 0.3646708422770006 0.09653303124510447 0
368 2.619833151101191 0.4217650651849605 0
369 0.3542217615740367 0.5917101918512127 0
370 0.9232874921466133 0.3688283020173296 0
371 0.9268826504216063 0.2806841776312125 0
372 0.3532423787804151 0.4105839783506186 0
373 0.296011567521409 0.4141253738045932 0
374 1.430935936158437 0.419315432985024 0
375 1.430466790593261 0.2333560734481073 0
376 0.3704203756663116 0.2666372824385885 0
377 2.09012554573922 0.4150479053268943 0
378 2.090146137563611 0.2351239150713948 0
379 1.56380564300324 0.382061980785891 0
380 1.563409216288765 0.2709836043925218 0
381 0.2941284364052049 0.5309560565975593 0
382 0.5216350985498629 0.3789671960355458 0
383 0.5456023586014396 0.2739964563454482 0
384 0.6891740689173941 0.432912727167717 0
385 0.7097340846929564 0.2314878441264531 0
386 2.554718656864488 0.230684702319633 0
387 1.915311594049065 0.4070997693072381 0
388 1.919800546035523 0.2377756847319381 0
389 2.571073969771921 0.4360848257382261 0
390 2.19227937399249 0.4205009626855878 0
391 2.193336271855652 0.2313360405326491 0
392 1.543682425377399 0.08536188820180984 0
393 1.543827673841112 0.5650409785740584 0
394 0.662939078118327 0.0782731726722468 0
395 0.645301007378201 0.5284613893445349 0
396 0.8975284935167887 0.06232399772422413 0
397 0.900790666230187 0.5943521993722102 0
398 0.533870981678177 0.09699208681007551 0
399 0.5306130475384747 0.5488183237591414 0
400 2.093414454046737 0.08055652933457953 0
401 1.980556856677366 0.08476062611475006 0
402 2.48505104815989 0.09781186567524146 0
403 2.094006902450433 0.5695578410288005 0
404 2.528738042964354 0.5636281781745378 0
405 1.980682819167918 0.5652430668872233 0
406 0.4241530773725913 0.0922791074662104 0
407 1.938605253515421 0.08402294280392683 0
408 1.938621305828861 0.5659295490640348 0
409 2.160061058045991 0.08574899980663579 0
410 2.159737388175196 0.5643580129823778 0
411 2.548574729141318 0.0998443726186191 0
412 1.068563800747071 0.4227653617370668 0
413 1.069001546056066 0.2266228358622136 0
414 0.7652771387364681 0.4147826049298612 0
415 0.7642932452211532 0.2489886405845196 0
416 1.488425268904983 0.0789988855784623 0
417 1.488528629511763 0.5713903278310112 0
418 0.5927271692418554 0.3836514706685301 0
419 0.6059517187796372 0.2547635105697478 0
420 2.343564455320286 0.3925517330184044 0
421 2.349153519146927 0.2465445153213374 0
422 1.491925103106741 0.4013054239824468 0
423 1.625514389525194 0.4083610514861926 0
424 1.625221652673198 0.2430644136738732 0
425 1.25009476217839 0.3980448121747117 0
426 1.250001627672712 0.2517089368447833 0
427 1.738160123192199 0.4000326595267922 0
428 1.738620466156053 0.2508431706562803 0
429 2.393511133096609 0.4050376945197086 0
430 2.395964620394392 0.2541043665999797 0
431 1.881012191956956 0.08646036078671497 0
432 1.880939818391844 0.563464216823889 0
433 1.853018097786541 0.4207275989003395 0
434 1.858306038100877 0.2282179175467532 0
435 1.11123208400952 0.3924211665549243 0
436 1.111331366537325 0.2568944498580187 0
437 1.67800502679869 0.3971094508724184 0
438 1.677929455985307 0.2535431008109781 0
439 1.307943112503568 0.4078870639224208 0
440 1.307939534214612 0.2430327891654524 0
441 1.140520971558397 0.1021938849566378 0
442 1.142390568356191 0.5482308128555813 0
443 1.601976040806625 0.09106885161787472 0
444 1.60230633376453 0.5595060068692145 0
445 2.422369659254051 0.09776579719910883 0
446 2.414885848969118 0.5575145832182403 0
447 1.090198815660854 0.08867421433664281 0
448 1.09161494562019 0.5621785301549169 0
449 2.361302572722421 0.1007630061997282 0
450 2.357073496774544 0.5514669113168624 0
451 1.740833875781268 0.1099042459047402 0
452 1.740980550412765 0.5403078645049149 0
453 1.259648076067562 0.1078088703760795 0
454 1.261217348153916 0.5423464904406685 0
455 0.4663761209164554 0.09244350506830908 0
456 1.664393798681562 0.09651430518095759 0
457 1.664445395225243 0.552877234989571 0
458 2.12290819605397 0.06839545297747508 0
459 2.123032934583212 0.581696235965231 0
460 1.330495031359195 0.09996237621003036 0
461 1.3314637708134 0.5509557955335184 0
462 0.5649051119248659 0.07837343096018601 0
463 0.5746048479789171 0.5466161495073513 0
464 2.12604990397542 0.4174966911414036 0
465 2.12631479370887 0.2331666383006373 0
466 1.207691325642584 0.0966105657861206 0
467 1.209712950417978 0.5537155103399821 0
468 1.182772623094719 0.39660904176074 0
469 1.18266274357512 0.2531248199871619 0
470 2.046678269569121 0.09950286555115376 0
471 2.046932038844009 0.5505711557606327 0
472 2.47205781956102 0.5613549370643827 0
473 1.818200947438765 0.09423639478515077 0
474 1.818102965398325 0.5557201835130117 0
475 2.03513293823795 0.4179295610775612 0
476 2.44750275201353 0.4150287947170598 0
477 2.035395072704331 0.2312698917032477 0
478 2.452278164051652 0.2404635945737383 0
479 1.79940945831673 0.4010605969538261 0
480 1.803149363563401 0.2519141474711059 0
481 0.4140597549670584 0.416669694229288 0
482 0.1448035760486727 0.3203054618883829 0
483 0.1479315024574339 0.2709286822187543 0
484 0.2429490322720815 0.4200491508654364 0
485 0.2420138616611605 0.04546424199190637 0
486 2.911132538031806 0.2816015304378854 0
487 2.777631339914747 0.1499704105481353 0
488 0.1764506996280043 0.1551318816834324 0
489 2.723451902572514 0.2949027888572724 0
490 0.1972870152263333 0.2767892592182865 0
491 2.854905262969712 0.335408981462112 0
492 2.676620669662393 0.3961020449968287 0
493 2.805757554687778 0.3943200029493761 0
494 2.651208678037767 0.05015235578275658 0
495 0.2279011467694636 0.1355539419486247 0
496 0.7872272407055247 0.06664761185152836 0
497 0.8053296861993249 0.6029455763733643 0
498 1.017142718686954 0.06808138005255564 0
499 1.018028566714501 0.5842526384790548 0
500 0.0914765177542229 0.2554178859149134 0
501 0.1440254965028672 0.3719370510848245 0
502 2.712187396508892 0.1594625861806164 0
503 2.795311714432376 0.505862854573262 0
504 0.1938167934672233 0.3718936283102429 0
505 2.788636739157047 0.2740517377005671 0
506 2.909745313308659 0.3859834019209206 0
507 2.859461719061412 0.3860046875562077 0
508 2.694286649720126 0.2448512824795574 0
509 0.2369437533766444 0.5299679544316143 0
510 2.714769362115956 0.1013449109979953 0
511 0.1942248304389809 0.193791250173057 0
512 2.901198886194702 0.4806912803085691 0
513 2.795859211560993 0.1931009949601483 0
514 2.708889792210896 0.4514106916497075 0
515 2.819142497264261 0.4415383954493896 0
516 2.852656852489059 0.2854747003781143 0
517 0.1157522273558916 0.2121484272521517 0
518 2.739630478572985 0.4118821461845858 0
519 2.837836912407829 0.479797041253181 0
520 0.1921159591947132 0.4223405263348273 0
521 0.09265495756731079 0.42269552280166 0
522 2.88359818631866 0.2351063286373245 0
523 2.815633124816696 0.143945987475831 0
524 0.04135726280725496 0.2566667093031673 0
525 2.954605181151903 0.4818693613655632 0
526 2.826204331213193 0.2292089808989066 0
527 0.1886610735851202 0.4735710697972959 0
528 2.951686032923317 0.1754998161323073 0
529 0.1824299561662803 0.5250900423120131 0
530 1.029089725252675 0.3243737393158931 0
531 0.04448307368457253 0.4770162809632487 0
532 0.04805747380675205 0.5639789809891658 0
533 2.626589746572279 0.1465237284914582 0
534 2.836990433697699 0.1079402233287739 0
535 2.859596430601765 0.2020124785084098 0
536 0.1498355333627364 0.1134724631794684 0
537 0.1391195803168737 0.4724501814335675 0
538 0.9246653256317823 0.3244102958021407 0
539 0.1059686817639842 0.6012470219271211 0
540 0.09101919531476907 0.4723972163968387 0
541 0.2959347123739289 0.4724669031856297 0
542 2.867418714211841 0.4610324408744417 0
543 2.893116225651245 0.1788309922806077 0
544 2.608165833933952 0.4767703236573214 0
545 2.944794911207312 0.2431639710808842 0
546 0.07723286138901403 0.1905360132875822 0
547 2.870625099619971 0.1473683453565512 0
548 2.768260304784898 0.05136668580778567 0
549 2.957008459272938 0.5673153826084745 0
550 0.03917265034494047 0.1741230517961729 0
551 2.683557982864068 0.3462998189470997 0
552 0.03800160248493499 0.2138001199206271 0
553 0.3453073743026972 0.3367031702683759 0
554 0.04307979061550441 0.1323084559763271 0
555 1.530657736038249 0.3269251200044274 0
556 2.949706005205039 0.08554358562578387 0
557 0.1652114750013692 0.5831175189802118 0
558 2.208361657805385 0.3271277888734858 0
559 2.168414622792891 0.3581532541632346 0
560 2.169029537071002 0.2938421005322586 0
561 0.2955635311552838 0.5904028806113634 0
562 2.709300825860242 0.05105889994073687 0
563 1.924510223984694 0.316264161642608 0
564 2.700930713643759 0.5978480754124789 0
565 2.514586270983778 0.2809039590526947 0
566 0.5905224812881638 0.5120985400896615 0
567 0.5707727573289023 0.1335993090057369 0
568 0.7120570843753934 0.3846739304417418 0
569 0.7180350583642455 0.2665756648307345 0
570 2.013101435695535 0.4431782221463634 0
571 2.0133436535186 0.2061609719289519 0
572 2.244991402487169 0.3729536941642436 0
573 2.247599433607559 0.2828945614481319 0
574 2.569755433343835 0.2797925279156033 0
575 2.583574273301 0.6056037524313762 0
576 2.503841767142524 0.2361876306311833 0
577 2.514700802849693 0.3751826328826444 0
578 0.4225262033526703 0.04773578901867509 0
579 1.771975194725342 0.2882860322663132 0
580 1.770418326173127 0.3647849061892657 0
581 2.641041674706766 0.6030228198003188 0
582 2.593989827635157 0.04962822841739968 0
583 0.672206672696087 0.278108195431044 0
584 0.6647567266107195 0.3674741349694427 0
585 2.000992027421349 0.2548292203238949 0
586 2.000098799117406 0.3927494860686932 0
587 0.5953230470544649 0.3125581633617423 0
588 1.706945786196311 0.2883552856437066 0
589 1.706858417459326 0.3627350779730769 0
590 1.97637719098274 0.4321143452721568 0
591 1.977554953375675 0.2158567692250683 0
592 0.5544932442689954 0.04553644669675933 0
593 1.020264972757622 0.1266641011469952 0
594 1.020549778443845 0.5259425379587229 0
595 1.217385100897708 0.3619002222044196 0
596 1.217334206596032 0.2877964457487745 0
597 2.115578783061237 0.03956037778016647 0
598 2.115678469395954 0.6104856415756711 0
599 1.807059190572114 0.6039080138579251 0
600 1.80706686818301 0.04606512239424131 0
601 2.024369502824311 0.3663157560406452 0
602 2.024768259469175 0.2816148910530605 0
603 2.067655556601772 0.3797651738354055 0
604 2.067755347245049 0.2698307647126169 0
605 1.221191514802873 0.502334811291128 0
606 1.219916685546304 0.1477872678798962 0
607 1.770101046863999 0.4327531860324591 0
608 1.771098644957903 0.2183245880084408 0
609 1.259503269270254 0.05064298653003809 0
610 1.261333315685671 0.5998690343974359 0
611 2.081859040516475 0.5084905273847282 0
612 2.081647582297453 0.1416855117836463 0
613 1.613593129666205 0.0440398855746299 0
614 1.613556919443796 0.6057912815002335 0
615 1.675671555232018 0.0468653512707994 0
616 1.676149366745079 0.6033824828320893 0
617 1.741362332921143 0.6019499498891914 0
618 1.741429099130898 0.04780283268254326 0
619 1.781734920808444 0.4942074850118796 0
620 1.781992506756061 0.155930077975889 0
621 1.698114565151625 0.4910631923995019 0
622 1.697919751153133 0.1587267783439576 0
623 1.527973625779777 0.1335927776418227 0
624 1.528317428402611 0.5175437520532433 0
625 2.536723583223994 0.1963897338940443 0
626 1.071157385428026 0.5072492297099276 0
627 1.070643821076948 0.1435657146606934 0
628 2.490043275358866 0.4715715430909904 0
629 1.325934159057675 0.6015141661245997 0
630 1.325167504486911 0.04853635344468579 0
631 2.571815088239475 0.3801602321474363 0
632 1.497633716121055 0.6102694512588401 0
633 1.49760976035434 0.0398669714201302 0
634 2.495645107143708 0.1925535719675174 0
635 0.5466875981127884 0.4295647404042328 0
636 0.5582547625725806 0.217339900353458 0
637 1.707239498143886 0.2210220149532131 0
638 1.707163418436518 0.4294436840472684 0
639 1.18669722974568 0.5914600139753541 0
640 2.524853145336537 0.6064413456743074 0
641 1.218961214017053 0.4322362085072807 0
642 1.218653083199034 0.2176350140721755 0
643 2.063989211865406 0.6074629660145753 0
644 2.063784166031157 0.04258309500945008 0
645 1.898624550601703 0.2816651060162661 0
646 1.443693326375658 0.04072755831879328 0
647 1.443769849563737 0.6094535044806525 0
648 1.491755795829123 0.2522949088652327 0
649 2.407354574148885 0.6044246755533339 0
650 2.411641239029618 0.04825201780109956 0
651 1.184671345572102 0.05892776705693973 0
652 0.3609023106698747 0.04788563739617644 0
653 2.166996276338113 0.04497951044962786 0
654 2.166864935014991 0.6050946987543996 0
655 2.350504299334443 0.04956985995845601 0
656 2.348446655162662 0.6017270302711661 0
657 0.6070141828003622 0.5829838455860374 0
658 0.6088244500847801 0.04387071725170415 0
659 2.372906318211763 0.1507397175358837 0
660 2.367816182814854 0.5015759750617801 0
661 2.466288481145957 0.6062331813271251 0
662 2.28851323899826 0.05241950867050187 0
663 2.287341635324373 0.5978373007783234 0
664 0.5805889651014861 0.2807019501036011 0
665 0.5469743969520179 0.3345630237355624 0
666 2.000702826473153 0.05421240271295592 0
667 2.000858579785316 0.5958149320070338 0
668 2.069165830047171 0.4426010017723869 0
669 2.069132133485077 0.2074146882460742 0
670 2.473280522335749 0.04825797306040584 0
671 2.127027453121884 0.5327061536321778 0
672 2.126973388226277 0.117514333445446 0
673 0.6241435134573974 0.345322841711997 0
674 0.631106527005915 0.292223774628893 0
675 0.4119494573386724 0.5373280637803501 0
676 0.8243908076488647 0.3635031543946198 0
677 0.8098125591220251 0.2980482795981856 0
678 1.330238453667692 0.1488862594685364 0
679 1.330929897825528 0.5017581611701675 0
680 0.04042320136815734 0.3134917292926541 0
681 0.3526833071545792 0.5329208699449918 0
682 2.60718616682024 0.09906239586258875 0
683 1.963944079671786 0.2834215008075843 0
684 1.961785813927204 0.3592288225103825 0
685 2.828613360141855 0.05026761770097381 0
686 0.8374347889751317 0.4689211624164627 0
687 1.021702809924767 0.4553434449577908 0
688 1.023664643789414 0.1963427981881682 0
689 1.644417995993319 0.2870018443636946 0
690 1.644610159774395 0.3644316210716708 0
691 2.434545287546755 0.4628486337423741 0
692 2.44052852209608 0.1938550424517916 0
693 2.531957046680045 0.5219675159266831 0
694 0.4302215113208155 0.2923472666826684 0
695 1.27478988231035 0.422608889725101 0
696 1.274596429389736 0.2272346973871542 0
697 2.33477007599864 0.2132282918043925 0
698 2.32958871145605 0.4376679207742205 0
699 0.5357465991037349 0.5971038578848719 0
700 1.587291286531035 0.5112187679911514 0
701 1.586946152417637 0.1395877933118678 0
702 1.146567761496157 0.4308325643458078 0
703 1.146405437050359 0.2189279548121747 0
704 0.4907549952094432 0.05658365458283877 0
705 0.7414160969626659 0.2061155050129596 0
706 0.7234900257935828 0.4460026016347621 0
707 2.504364556091596 0.4240468349529339 0
708 0.7040666996838152 0.1702912011208441 0
709 1.116947491460314 0.04398519277278059 0
710 1.118702453509085 0.6065365317561795 0
711 1.450380669665707 0.4764372286231734 0
712 1.449907172775147 0.1754663882070107 0
713 0.429889578422091 0.1495818510362647 0
714 2.117941812453951 0.3253146614115296 0
715 2.308010257997311 0.3820369172370001 0
716 2.328171012921676 0.2779027962797602 0
717 2.677421850332415 0.5026798410756315 0
718 0.7873088785103489 0.3503810939605571 0
719 0.7725487454712154 0.2870423581844639 0
720 0.3534909923573028 0.4733702046536741 0
721 0.703499287251067 0.5364928525622147 0
722 0.6977636658146406 0.09648774245317783 0
723 1.835938595860824 0.139120179427445 0
724 1.835480994774995 0.510662699320469 0
725 2.299012836588533 0.1077942180321642 0
726 2.296911461845633 0.5429507818452639 0
727 1.553780040851154 0.04208291935623473 0
728 1.553825195968125 0.6080308832511399 0
729 1.081763466063473 0.3529725665210623 0
730 1.081958502371342 0.2957966722734278 0
731 2.583224950270305 0.5623424663230868 0
732 0.371859112398812 0.1369945279423114 0
733 1.869838120778899 0.04365739418417115 0
734 1.869829951023741 0.6063287579149748 0
735 2.542508308972171 0.4822077600597539 0
736 1.511360081301927 0.4624823961341331 0
737 1.510946886980821 0.1896672069755504 0
738 2.58035110625102 0.5223120197321396 0
739 2.220075807659476 0.530744216452938 0
740 2.221058463674498 0.1198237210256965 0
741 1.284722633949986 0.2857511009999667 0
742 1.284824919577254 0.3642883323106669 0
743 2.290400213130406 0.2412524219583795 0
744 2.284763224049 0.4124025364509428 0
745 1.181049694990193 0.1213863560712774 0
746 1.182893740114487 0.528871833882842 0
747 0.4895615483411189 0.1225258052167525 0
748 2.962140053788716 0.3063241107672164 0
749 1.658715576004086 0.4193987108496105 0
750 1.658540169116413 0.2313604394256552 0
751 0.5342816829784342 0.4962079613873215 0
752 0.2422407688257118 0.3697476073379307 0
753 1.46982208454903 0.1230731890202247 0
754 1.470119416256266 0.5279407210556106 0
755 2.957165691474256 0.3496606313368312 0
756 2.000566501361154 0.1162461776042864 0
757 2.000655344586737 0.5336864156501037 0
758 0.9141191756166671 0.4560916004477268 0
759 0.9318293647886019 0.2076567451864128 0
760 1.645502671261375 0.5044820353779007 0
761 1.645227837777523 0.1458100136768992 0
762 0.7663042581811468 0.53826173291997 0
763 0.744942737532649 0.1257967895948811 0
764 1.819279502618028 0.4271783348309612 0
765 1.822928019889499 0.2240999919785628 0
766 0.4990169213960244 0.2606301398479113 0
767 0.4756868465717106 0.4263555372341854 0
768 0.4784029564968309 0.3683645517984451 0
769 0.5097226981439499 0.2236848923574168 0
770 1.930276821328452 0.04430134737900634 0
771 1.930310744525186 0.6056919986814554 0
772 2.534051712128725 0.04918863371318952 0
773 0.4147929450120246 0.5943216526740736 0
774 0.9425902988863448 0.1168118828975416 0
775 0.9443870193077749 0.5424889158216746 0
776 0.6765265587913979 0.3225096234353924 0
777 1.148540385589484 0.3599472909928016 0
778 1.148577015906647 0.2896623064712099 0
779 1.387768579463077 0.6050001475314535 0
780 1.387486705759619 0.04524502388932487 0
781 1.9496242503222 0.1257273008251361 0
782 1.949408559720231 0.5239396127321984 0
783 0.7167723806581794 0.05173239727376789 0
784 0.7453042664586117 0.5955648882131149 0
785 1.35561629423027 0.3864775794969436 0
786 1.355432451507971 0.2647300778779349 0
787 2.122941396139611 0.2800435676630685 0
788 2.122714956583806 0.3706530694238758 0
789 0.2924620735028016 0.2958569816122544 0
790 2.627402996937754 0.514766090191481 0
791 2.660806379211822 0.09882078440605993 0
792 1.572468305211502 0.4553255026178354 0
793 1.572098015890662 0.1964107312981462 0
794 2.624902067760457 0.3862009842204923 0
795 0.0972974554727418 0.1414556255639136 0
796 2.691861066875838 0.5481491161902384 0
797 2.254636023463167 0.4623291857881652 0
798 2.257153419613402 0.1894280845664983 0
799 0.9751656446482139 0.3943184628624442 0
800 0.9784737350347046 0.2567174272671623 0
801 0.4185277865521824 0.353431758064428 0
802 0.9775046689070897 0.3244728016557419 0
803 0.299439858349316 0.04724737926698246 0
804 0.4867882122136797 0.3129735596644565 0
805 2.68464428411637 0.3081434943288909 0
806 2.629802804005421 0.3373190926725578 0
807 2.458829087433785 0.368172024728599 0
808 2.463316947534294 0.2822894749666549 0
809 2.224908256573337 0.05215083087772449 0
810 2.224363281808759 0.5980407186242746 0
811 0.2881003003102801 0.3615959455545549 0
812 0.05315299301720516 0.6063981247955756 0
813 1.407173304557595 0.3643286715357638 0
814 1.40699360787277 0.2882590450318516 0
815 1.905342946054259 0.4702057190632274 0
816 1.906994508776886 0.1783186825628224 0
817 0.1384637345623816 0.1792330312564447 0
818 2.725760430706866 0.4858974862983877 0
819 0.4724244910386201 0.5428063153726848 0
820 2.605228408610933 0.2168045822330921 0
821 1.374395953104128 0.4380845475457657 0
822 1.374044175872033 0.2132717942387577 0
823 0.6397077364851891 0.4120795865588897 0
824 0.6613081802750745 0.2222153722141178 0
825 2.517808326172605 0.327436887731855 0
826 2.431676273927023 0.1460479595924386 0
827 2.479157167130827 0.5170054681315717 0
828 0.6138824313550134 0.09322290889395765 0
829 1.334127420026623 0.3255256377058361 0
830 0.661654363109754 0.04492345766260898 0
831 0.6807642953426418 0.5917550406484191 0
832 2.356518750840552 0.3459515916998419 0
833 2.372594817171588 0.3007247457817172 0
834 0.04098028766916114 0.4220929427706667 0
835 0.8406181032034528 0.1191880505379736 0
836 0.843621024448874 0.5417477914221893 0
837 1.893041965460804 0.5177557484082549 0
838 1.893577692506015 0.1317682236671461 0
839 2.860450903676065 0.512414986855363 0
840 0.9568569427858753 0.04192000430229866 0
841 0.9579261360004604 0.6109477671743457 0
842 1.122535656887391 0.5184718465137294 0
843 1.12135498121018 0.131912497145526 0
844 2.971041943901059 0.2187479398651279 0
845 2.771713221889482 0.5868149221575876 0
846 0.3244063938117813 0.1747443681924673 0
847 0.9819885746491938 0.1603682112625137 0
848 0.980271151966907 0.4966046262510379 0
849 0.24548031205536 0.2818689383569086 0
850 1.287881070740036 0.5040032605703879 0
851 1.286990799961419 0.1463340860465724 0
852 1.405980718665213 0.09915708193291689 0
853 1.406390171866071 0.5515411779529089 0
854 0.1948666189876513 0.3232877531490848 0
855 1.835867405938799 0.3735834682080831 0
856 1.850827757493608 0.2872103956882054 0
857 2.427061897872445 0.2851294019904012 0
858 2.406467685586688 0.3585885819390012 0
859 0.8849650701600393 0.3890532660145726 0
860 0.8913304333056724 0.260347986550739 0
861 2.95496386455648 0.4380754640958899 0
862 0.199288092649643 0.233711512143001 0
863 0.05383335916939047 0.04699742473518905 0
864 0.4500515378081965 0.2382497140066737 0
865 0.04747027402599816 0.09014894987525524 0
866 2.91197250295288 0.5296768372202244 0
867 0.1172150591068016 0.06236352010755293 0
868 0.4753219631564667 0.5965638903146034 0
869 0.1622651074969248 0.2007459315171352 0
870 0.3947713415757775 0.2093482630504996 0
871 0.3089806215668834 0.2455109174972497 0
872 1.075966275146152 0.6159677919039001 0
873 1.075101977061993 0.03472497468339085 0
874 2.861538239285771 0.5797829897198871 0
875 0.8463603953919532 0.6150562805936969 0
876 0.8414653041880386 0.04184170282083222 0
877 0.2421094545117312 0.07940446183413699 0
878 0.09409199586664241 0.370279303228786 0
879 2.955706347537527 0.3945313320961706 0
880 0.185898114558816 0.04935680006998688 0
881 0.05104243362268285 0.368872107620069 0
882 1.448251413730754 0.5787469359845293 0
883 1.448074413201419 0.07166536564576849 0
884 2.914114996474172 0.5730070977912355 0
885 2.878810987631805 0.5374042985767161 0
886 0.250654552909234 0.2354702038607165 0
887 2.917238743251648 0.1616323957214435 0
888 2.887828794678948 0.04688880704243711 0
889 2.917577651769124 0.6056338743353079 0
890 2.94461164068883 0.04321856059175008 0
891 2.971924478714075 0.2691404933730524 0
892 2.981701026927594 0.2446842431161526 0
893 0.02156818261667267 0.3672626004988324 0
894 0.01926048063236299 0.3370957871960467 0
895 0.01938841414885278 0.3967884510079784 0
896 1.241966333486754 1.048234024119894 0
897 1.957952726430989 1.061236715354179 0
898 0.5497537178828896 1.082085011446987 0
899 2.054495282324583 1.406174924660655 0
900 0.7128528764382834 1.252114765516488 0
901 1.829258742733317 1.409694437641312 0
902 2.105957537182528 1.190207044321544 0
903 1.49488025485461 1.223226756426566 0
904 1.102228370411033 1.248991748013206 0
905 0.7925352948044303 1.345203736712306 0
906 1.74565536042544 1.187425475686377 0
907 2.193420628497367 1.299112007771946 0
908 1.530490056211016 1.402278472450821 0
909 0.8283047653402734 1.311905808357051 0
910 1.704408996528499 1.399280581384738 0
911 0.5080103981799505 1.648459685698214 0
912 0.2397512399997844 1.069154347728048 0
913 2.710457561524867 1.661818467853121 0
914 0.3234588824783571 0.8084650537641051 0
915 2.635477973936959 0.8726699741664191 0
916 0.2683017832844266 1.699324522214263 0
917 0.1670981707392223 0.9516186824564028 0
918 2.870214301007092 0.97591180719396 0
919 0.181667880762265 1.786724191808393 0
920 0.3306639546440178 1.866855824494403 0
921 0.23118652429855 1.883382399908318 0
922 0.2123915409307872 1.763632400644219 0
923 0.1517903535087289 1.812231265655153 0
924 0.2043178466448405 0.846250910608128 0
925 0.1338740684249793 1.834767338385871 0
926 2.820547244420413 1.777472414477195 0
927 2.824973499660695 0.8741010449258649 0
928 2.7650529605986 1.872338602648664 0
929 0.1434082346733354 1.86184548226833 0
930 0.1631005354935188 0.8204341316420084 0
931 2.802227494574325 0.7583305175179067 0
932 0.1158447308958281 1.914632471663123 0
933 2.845312430871533 1.870075863917065 0
934 2.884959155845609 1.94711832527911 0
935 2.944915523010423 0.6979190292423653 0
936 0.07914669463945719 1.959466299446554 0
937 2.533463674697952 0.999376912975377 0
938 2.211457666457549 0.9963504688238624 0
939 2.284415416321938 1.023628914104676 0
940 1.54015524698288 0.9485405745228916 0
941 1.086322744786089 1.098434752909288 0
942 0.9089896436341363 1.077727384480837 0
943 1.635236699685843 1.028646238509458 0
944 0.9734109083619401 0.9255337632554155 0
945 0.7666439095412719 1.165570024758913 0
946 2.056457080834013 0.9867016585827113 0
947 1.140172262887023 0.9730522380809538 0
948 1.822104043906718 1.020909697611447 0
949 0.6910225234185511 0.9556069809311262 0
950 2.801531698763013 1.331903538482782 0
951 1.338886026008999 0.9831037697258512 0
952 1.266050231461937 0.9693794517225676 0
953 2.011112828741637 1.698824242564711 0
954 0.7056637560992568 1.747320490127713 0
955 1.757423021121995 1.663543194786673 0
956 1.499521471105526 1.656563648847996 0
957 2.114925183380902 1.64887484186912 0
958 1.681642120052459 1.719476346970263 0
959 1.048436118492684 1.560324287454372 0
960 1.55568401417939 1.723913829968137 0
961 2.253847083069633 1.672476153136608 0
962 0.9346505254128394 1.653125401696101 0
963 1.632491852663336 1.654159663387394 0
964 0.2248449882344462 1.527847657466318 0
965 0.5075198259187655 0.8492446703084016 0
966 0.3886018521380626 0.8574368270620395 0
967 0.067322069733195 1.520005686902186 0
968 1.278748162903888 0.8488895509657148 0
969 1.949072958920144 0.796924314705754 0
970 0.4405149809311685 1.421292906659455 0
971 0.09479378498777986 1.574417714380115 0
972 2.883551767244591 1.142530793468744 0
973 2.687475449070741 1.13691180527606 0
974 2.888278209102353 1.488088077979507 0
975 2.699455203993129 1.489225080249148 0
976 0.09691019651783973 1.204192942464267 0
977 2.840392023832485 1.049011087065856 0
978 0.1363671781213653 1.60913731078978 0
979 0.3632823861532428 1.005867946833208 0
980 2.876935691593031 1.663861394583039 0
981 0.5935331743554426 1.852084779925688 0
982 0.1618746482756912 1.696670718637301 0
983 2.879363211786693 1.602054146402582 0
984 2.580822523691549 0.7168164266080531 0
985 0.05639130896544057 1.690645110875778 0
986 2.808105482158734 1.73023540730666 0
987 0.09601673361084695 1.098713487134629 0
988 0.4431428970706455 1.850899976719939 0
989 0.06884321719866972 1.737840394562263 0
990 0.2900095542928788 0.936863620120499 0
991 2.694844558513243 0.7753309809247574 0
992 0.1125919026275104 0.8949682223778234 0
993 0.03751293733670062 1.032068411056469 0
994 2.925603054339099 0.9477449964376812 0
995 0.07370780435235838 1.787328607893176 0
996 0.2164825438671803 1.918027843545699 0
997 0.4614660116314916 0.7022067214360908 0
998 2.914640040224883 1.755685262900387 0
999 0.0693596225819702 0.8098981179499551 0
1000 0.2957332031248629 1.919798953065928 0
1001 2.923046312402981 0.8688896212233646 0
1002 2.773873825887348 0.8617329707455208 0
1003 0.07350173762559663 1.834615375139929 0
1004 0.07264362810767384 0.9699401971416493 0
1005 0.3867803371415044 1.956962450316796 0
1006 2.370192511793511 1.293381751427296 0
1007 0.1671359707780133 1.903581363480852 0
1008 0.2389032375309948 0.9634659968302993 0
1009 2.763310753341628 0.9617020112449997 0
1010 2.959306175857745 1.834183908333143 0
1011 2.92604208177861 1.024427231823005 0
1012 0.2559108808883611 1.922590955309739 0
1013 2.799893294085693 1.007744651287283 0
1014 0.2701470080898389 0.7577635819804717 0
1015 0.3842061280108665 1.626470867859799 0
1016 2.937120581673528 0.7906783178951453 0
1017 0.04106962423175938 0.7734061653433821 0
1018 0.2101528989128175 1.958115697200925 0
1019 0.6546787204879629 1.225651489437961 0
1020 2.766273750160026 0.9071927507708368 0
1021 0.2089092306338351 0.9213148616217762 0
1022 0.3886291990919655 0.7533759041005236 0
1023 0.1907885134309881 0.9905353341100734 0
1024 2.859043901711781 0.9521128730411693 0
1025 0.3397850572481203 1.957544939542798 0
1026 0.2572523775941732 1.895464358875912 0
1027 2.776162134675662 1.816308049590475 0
1028 2.952316978730365 1.912134600906565 0
1029 0.1659932147146823 1.956046732014942 0
1030 2.662320706406147 1.932803574326383 0
1031 2.828436388946628 1.810440162197812 0
1032 1.866332184408706 1.237784078752372 0
1033 1.990585317401723 1.215145703594821 0
1034 0.07344428598358749 1.877739899292636 0
1035 0.1213960048460506 1.957225654274259 0
1036 2.814214374782374 0.7054010111850979 0
1037 2.881062707617108 0.7143562596993698 0
1038 1.965762519892037 1.460316541156217 0
1039 0.143481542198015 0.7519357882445547 0
1040 2.704348314959483 1.75762865369308 0
1041 2.759378014892873 0.7021822424414159 0
1042 0.9020728118074251 1.352904124507574 0
1043 1.053054274786624 1.385016186404694 0
1044 2.44930545259321 1.169640781498868 0
1045 0.8935514248063016 0.8460866632783678 0
1046 2.458096841167685 0.807612714804622 0
1047 0.4417028029510436 1.172198740839996 0
1048 0.1504292276677084 1.303705606521475 0
1049 2.344099355589422 1.161384890327207 0
1050 2.384408438525635 0.8364132112122357 0
1051 0.8168013570120307 1.760543978034602 0
1052 2.539220604554596 1.45600468096652 0
1053 1.011025961813694 0.8199176589523076 0
1054 1.571922694160902 0.8664683922054246 0
1055 2.239035691881834 0.8136819363293422 0
1056 2.482029872923755 1.856381310981342 0
1057 0.3701347435016272 1.52114311760824 0
1058 1.61664870367749 1.212276269226692 0
1059 2.446538845344707 1.421747969630837 0
1060 1.397650615552848 0.8378153207276321 0
1061 1.19145867622929 0.8222545912969936 0
1062 1.840384793548748 0.8252474363835443 0
1063 1.718655396147176 0.8604673964410969 0
1064 1.528626387390617 0.8210432483117789 0
1065 0.3361626550333555 1.116972848071188 0
1066 0.7571216908599326 0.8523178233148538 0
1067 0.3023826537145919 1.462760052088512 0
1068 0.1035859052071257 1.475394350021414 0
1069 2.128903037650903 0.830147077772315 0
1070 0.9490311934141765 1.807382993810961 0
1071 2.696470572356032 1.335013483554436 0
1072 0.2075196204866929 1.381574953538033 0
1073 0.5406402023881414 0.9854795445956962 0
1074 0.9649537569297261 1.080326133187994 0
1075 2.123862092568108 1.781132168901731 0
1076 0.9192816804083642 1.557973325006599 0
1077 1.479257650409813 1.809015367121704 0
1078 1.784465473643292 1.851160992475618 0
1079 2.35887337726516 1.825183659199327 0
1080 1.076751188264772 1.838225931759342 0
1081 1.347345647482983 1.793121463575847 0
1082 1.990939723014871 1.831745599510258 0
1083 1.557018725368611 1.828340069010403 0
1084 1.662320764689903 1.829203508570705 0
1085 1.887725163694684 1.772811412233999 0
1086 1.193588220234529 1.802592824354738 0
1087 2.816239470611485 1.531271230770051 0
1088 1.601829650884292 1.829997274720327 0
1089 1.538989706141682 1.084523552194127 0
1090 1.667809143251096 1.080152052878676 0
1091 2.594470072623475 1.546227394005308 0
1092 1.006080148561423 1.203677067884602 0
1093 1.680592246177818 1.525880458654596 0
1094 1.550644619900722 1.505214899533824 0
1095 0.9383951456686439 1.221669334729859 0
1096 2.6366010055254 1.05632949230528 0
1097 0.4861882449535953 1.26017342724564 0
1098 2.128864489697126 1.088119179292538 0
1099 0.1587371695323801 1.129353163404559 0
1100 2.191080945834696 1.54088185928504 0
1101 1.229611927655689 1.564172208543604 0
1102 1.84775967677629 1.550794183461917 0
1103 2.035942247034903 1.506261711422215 0
1104 1.388815403826921 1.584669361459041 0
1105 0.4484032423955172 1.526236922727218 0
1106 1.784283353326643 1.545237286538828 0
1107 1.440865743758448 1.555088972683174 0
1108 0.7177711278302742 1.865004315238265 0
1109 0.8267341851539386 1.181864079293168 0
1110 0.7354065924644034 1.518399008783123 0
1111 0.8190237610976859 1.442757369301892 0
1112 1.487300270061433 1.103817551554595 0
1113 1.748797906340268 1.091290692822285 0
1114 1.439724253449801 1.124518641457924 0
1115 2.077204184437469 1.092274927838885 0
1116 0.6737138631228931 1.598918910543278 0
1117 2.070697374002357 1.531578713830667 0
1118 0.5717096605470831 1.531139749130959 0
1119 0.1762506948160392 1.223130189023241 0
1120 0.584690793376771 1.331476556773914 0
1121 2.782007516911078 1.456280663390313 0
1122 0.372746661671945 1.301028672866936 0
1123 0.4398148316752966 0.9475150587636496 0
1124 2.615365329597347 1.723988381745101 0
1125 2.634401795578199 1.24006088156303 0
1126 0.8402699697621453 0.9632647205744946 0
1127 2.794867719853311 1.145425471975467 0
1128 2.487286142649857 1.932594895344044 0
1129 2.653703949403046 1.439479467590306 0
1130 1.187641335722363 1.072721680509864 0
1131 1.86301037866966 1.119382400221246 0
1132 2.779791055969263 1.110927973220307 0
1133 1.362520348277848 1.109212590429984 0
1134 0.456514314976848 1.745902309627489 0
1135 2.843818598571498 1.238633048271663 0
1136 0.7851042651896746 1.22843349381581 0
1137 2.849093356242342 1.419657589974619 0
1138 0.6323385519914155 1.021478983343573 0
1139 2.728269165502025 1.380298697600555 0
1140 2.743769468574496 1.237286710049398 0
1141 0.2458440894028736 1.170351780944791 0
1142 1.928449641668979 1.561680211731673 0
1143 1.280138797755673 1.56776319349998 0
1144 2.616374055436969 0.9960936619446271 0
1145 1.342781246314071 0.9250217570158242 0
1146 1.320095402086768 1.570939252750751 0
1147 1.990745498342808 1.613138039396304 0
1148 1.912032386321437 0.931928295596965 0
1149 1.243541265975108 0.9218709962674334 0
1150 0.4286598201569585 1.051215291018604 0
1151 2.514647049565816 0.7223498503084052 0
1152 1.120306510284772 1.172665375703849 0
1153 0.6258026785729647 1.322699303921974 0
1154 0.6614663558789634 1.100268922284081 0
1155 0.6091955816248603 1.689217500229679 0
1156 0.2059628315148711 1.615638330498173 0
1157 0.6043829320208511 0.899849711883817 0
1158 0.2998404036468898 1.549681037917115 0
1159 1.01884135211171 1.424422965213054 0
1160 2.544063815140023 1.739205232327876 0
1161 0.1903894332382274 1.653707414198154 0
1162 0.6115685862487424 1.798862113317561 0
1163 0.07814342843011408 1.129162980073295 0
1164 1.311051268176391 0.9432642658640832 0
1165 1.964998348355877 0.9025858755880403 0
1166 1.838368204369565 0.7390608974635506 0
1167 1.068277352998658 0.9281992519718912 0
1168 2.922724298431805 1.065844723179947 0
1169 0.03391560784290507 1.480400236866383 0
1170 2.960460905167143 1.120168814140425 0
1171 2.646529383378261 0.951997066285097 0
1172 2.604033455731689 0.9167158275668681 0
1173 2.716341032490395 1.591965721739965 0
1174 2.558759891699153 0.8780932417429419 0
1175 2.923805279173502 1.408311600357154 0
1176 0.7965187422832126 1.018183399611571 0
1177 0.7443221915118321 1.397529148735254 0
1178 0.174746863372937 1.055974443910407 0
1179 2.533980351565103 1.879835561896657 0
1180 0.3438980664128611 0.916928767649478 0
1181 1.949124582174289 1.298212176143706 0
1182 0.5611537730225572 0.7669239873379866 0
1183 0.7364553703683407 1.203359199150354 0
1184 0.6808255364626148 1.161907068276147 0
1185 0.7003053262450175 0.7078816334322393 0
1186 0.1369526792513943 1.566271519197822 0
1187 0.2635069856307758 1.005639419138874 0
1188 0.3307205151429643 1.021501325657003 0
1189 0.4483452706460795 0.8539730453823307 0
1190 0.4300542801679297 1.610142863715687 0
1191 0.03586169920610095 1.248550402830029 0
1192 0.7708261814679633 1.647712014440752 0
1193 0.06480118791555432 1.61483752677193 0
1194 2.908132512071449 1.696557346128599 0
1195 0.05243672488077172 0.8965169696009404 0
1196 0.4422177439817786 1.798323912786271 0
1197 2.013065315360281 0.7368931176448746 0
1198 2.695653252879978 1.058499917079769 0
1199 1.917300157353205 1.167023458288957 0
1200 1.256849706653528 1.202817568152332 0
1201 2.409423847920968 1.673559315904186 0
1202 2.942476645381436 1.208024792398808 0
1203 0.04327632627444047 0.848413520924973 0
1204 1.312881376394267 1.148073332677225 0
1205 1.977500209611093 1.158773318420296 0
1206 2.969269640966783 1.640702873767888 0
1207 0.5105970897451924 1.874163319609532 0
1208 2.012296239371359 1.038977826072434 0
1209 1.375070617368865 1.027389825248424 0
1210 1.21643222740466 0.9975220958410088 0
1211 1.889096978148807 1.037158714799788 0
1212 2.767943210533076 1.049882366002131 0
1213 1.309205218373622 1.285274615348157 0
1214 2.026046735086475 1.301532652329368 0
1215 2.665691347940524 0.8231608947663782 0
1216 0.09682930036200595 1.656499495705892 0
1217 2.927140740449388 0.9859935218139064 0
1218 0.7525120466364759 1.044872356332359 0
1219 1.87363094002816 1.354162165230274 0
1220 2.343716303996017 1.394890223888919 0
1221 2.886131215351699 1.0558507313347 0
1222 1.470674637310797 1.414102673702949 0
1223 1.761268463817598 1.426699430942449 0
1224 2.750658362968905 1.708486118939388 0
1225 2.618557968250032 0.7876304278508096 0
1226 0.03263375369705162 1.647336802916497 0
1227 1.026108070422952 1.687152001463327 0
1228 0.03902522073588068 1.158535357527286 0
1229 2.964205509912636 1.487069157875701 0
1230 2.592740345189715 1.900364825468797 0
1231 1.387304567451173 1.211027110930659 0
1232 2.048236016069963 1.202994461420197 0
1233 0.1245604342683342 0.9681233460271527 0
1234 2.883626692395715 1.534716152032765 0
1235 0.2071499229313106 1.713012699945021 0
1236 2.890689859911162 1.015785309525928 0
1237 0.1949312278114206 1.740836440140948 0
1238 1.27172630433264 0.7124328012901201 0
1239 0.6547052145159236 0.8106749380753724 0
1240 0.5083080826060973 0.7560601896041677 0
1241 2.648744181817072 0.7270517590696801 0
1242 2.465727075515964 1.318637660513943 0
1243 2.908605160923329 1.828908488189396 0
1244 0.09177830947850339 0.9257194552739901 0
1245 0.4616467704384462 1.971436477531617 0
1246 2.581403027007888 0.7634295907302059 0
1247 2.890535404719066 0.9463427609086195 0
1248 0.4947419971713659 1.953794383443008 0
1249 2.897339632047263 0.7801603516034815 0
1250 2.884895761569691 0.8235404172106997 0
1251 2.875153913002194 1.724940568338737 0
1252 0.6783250246986396 0.8792690445732572 0
1253 0.3697431358229524 1.785362585993409 0
1254 2.962622601845611 0.8779062578715824 0
1255 0.3853086412341649 1.855665544944274 0
1256 2.883886603457344 0.9098554182116466 0
1257 0.3467068476556611 1.685162203092014 0
1258 0.1362968597306459 0.8608820980587552 0
1259 0.3301717461934376 0.864626064239328 0
1260 0.0796402541023583 1.021886984516978 0
1261 2.127078000187452 1.301401138062872 0
1262 1.174570250440011 1.302242936238969 0
1263 1.814397962508782 1.302265923912339 0
1264 0.3117746180556169 0.9829587103988905 0
1265 0.03665182442094383 1.879677311859054 0
1266 0.03977691153217146 0.8102417021434758 0
1267 0.3402748825586225 1.913669698272238 0
1268 1.704475846633284 1.329653017655946 0
1269 1.528535240812149 1.341736014870865 0
1270 2.820530736108786 1.939711698169393 0
1271 2.718200423193652 0.8610664521647621 0
1272 0.5874382173464533 1.194525139761257 0
1273 0.03802036104945823 1.573192081153715 0
1274 2.006735987566338 0.9475093318424185 0
1275 2.879793402307059 0.8671045927518334 0
1276 2.872290159581493 1.787632240496496 0
1277 0.1362268341734562 1.019820633630044 0
1278 1.627769227758539 1.419434578703539 0
1279 0.2671778048936365 0.8113434494476655 0
1280 0.5239116291941589 0.7047487669265442 0
1281 0.3068931326074745 1.817460401339 0
1282 0.2594996101814696 0.8762539164940144 0
1283 0.2359595984749104 1.797917733321263 0
1284 0.1415980540289172 1.649500214619472 0
1285 1.904086557217302 1.419844978167302 0
1286 0.1224329549321498 1.779627567847847 0
1287 2.041260857775071 1.649601835653179 0
1288 1.144302044866263 1.360511521604309 0
1289 1.079286597054405 1.332685282225526 0
1290 0.03278170834204207 1.751700927349869 0
1291 2.893741299963691 0.9796733829332711 0
1292 0.2018447489307688 1.818129867922801 0
1293 0.1109743656164601 1.718348370602389 0
1294 1.815368182782675 1.67178751053407 0
1295 0.03760025792741545 1.920145348283662 0
1296 2.738644351964763 0.7988425238250091 0
1297 1.922998084502784 1.720096859066451 0
1298 1.296277774662419 1.692914465777524 0
1299 2.689440128615175 1.729506700856798 0
1300 0.3915617241357885 1.909498282682809 0
1301 1.9288231807401 1.367044904507259 0
1302 1.119889816547316 1.054832910240621 0
1303 2.839630203805765 1.694986209492301 0
1304 1.16898938900951 1.683676024343953 0
1305 0.2262941421743506 0.8119061837791749 0
1306 0.8213834675929678 1.064901743546461 0
1307 0.09066761787255785 0.8400504637510456 0
1308 2.708340952481381 0.7060680868424494 0
1309 2.92787458573568 0.8294200417169308 0
1310 2.96062864498052 1.757733623139952 0
1311 0.1986560405471896 1.865199509218551 0
1312 0.03562420717571397 1.794785046112524 0
1313 2.675689502091461 1.78732884526613 0
1314 0.04515460463559257 1.202377705717993 0
1315 2.852416063313624 0.7681639185375679 0
1316 2.961092005157603 1.077027837004905 0
1317 0.7505793408757151 1.330765713327363 0
1318 0.2162655605223379 1.030279854011725 0
1319 2.923244993571216 0.9097545277076761 0
1320 0.1423745478786206 0.9189366222546385 0
1321 0.077348142419408 1.062423650928822 0
1322 0.162707852008519 0.7012919142626293 0
1323 2.809438416281687 0.9374861283053018 0
1324 2.952985655908107 0.7488850570226102 0
1325 0.02668969890521613 1.710771995486223 0
1326 2.728714332129599 1.015531101148073 0
1327 2.96032838469267 1.795955877266471 0
1328 0.204891097519444 0.770085543549582 0
1329 0.9029942901965773 1.679187196017256 0
1330 0.3854735531702686 0.8057434272676957 0
1331 0.3301966956506911 0.7549548973132495 0
1332 2.715517241964888 0.9388307293687075 0
1333 0.9850211874892509 1.0385282587664 0
1334 2.922957397111373 1.868015681802136 0
1335 1.799997396334474 0.9806161693545294 0
1336 2.203559113905388 1.71848529076183 0
1337 2.589389868428869 0.8337723285376781 0
1338 0.2163715228986271 1.841880430871178 0
1339 0.1213550236847407 0.7977546779755547 0
1340 1.64454813967427 0.9504028909459708 0
1341 0.1098360074669789 1.832332463471928 0
1342 0.2823968547289265 0.704171288797492 0
1343 2.753322818552705 0.7504210806165207 0
1344 0.9343255040536346 1.013713460985293 0
1345 2.721459087688154 1.807665812664547 0
1346 2.962696087697304 0.9567475743829355 0
1347 0.2944220869414125 1.653074932251721 0
1348 2.092749011674624 0.941527689061693 0
1349 0.110514001103949 1.872867141918734 0
1350 2.749012884794599 1.935370391039777 0
1351 2.198911219699752 1.360906642667503 0
1352 2.797608111824352 0.9082311195916297 0
1353 2.787031792034113 1.770547539424639 0
1354 2.695029551481694 1.861990850913654 0
1355 0.1666053874174604 1.750625737535483 0
1356 2.843875446235573 1.755159475779306 0
1357 2.965558862580952 0.8386989892970707 0
1358 0.2223065942951949 0.7049348386161257 0
1359 0.284647666444236 1.882503319069574 0
1360 0.2528775510823856 1.95989639131752 0
1361 0.3429326395321555 0.7024586442688936 0
1362 0.2951518127201465 1.959318452769575 0
1363 2.845427491945709 0.9188493892346302 0
1364 2.910823981418619 0.7484548102718819 0
1365 2.67705793655337 0.9074107402679241 0
1366 2.929139647568773 1.792702972584353 0
1367 0.03435785933610944 1.522496811395262 0
1368 1.929385558825972 1.227310054217038 0
1369 1.326536065077096 1.230905920108291 0
1370 2.830801031726832 0.9743537085223135 0
1371 0.0364740159673148 1.83764269951174 0
1372 2.621505848982999 1.835467548926976 0
1373 0.04654078940241856 0.7341078917325132 0
1374 0.0394356943180714 1.960112541293459 0
1375 0.1736740256918652 1.840215162940896 0
1376 0.2136776377061624 1.283970675361516 0
1377 0.1083266678918029 1.390252393618157 0
1378 2.202967774470252 0.8627970705968857 0
1379 2.432385819037808 1.077958098345864 0
1380 0.7700931122505619 0.7349319842785205 0
1381 2.441894155506965 1.477693715381846 0
1382 1.066598963721128 0.8706977992374382 0
1383 2.510416340557991 1.526840873014797 0
1384 0.1932555101531082 1.341273901905592 0
1385 0.1830470607421674 1.474472174285885 0
1386 0.3366864934332071 1.216809878677321 0
1387 1.669081504498475 0.7682256507556762 0
1388 2.567348947115425 1.141283602891184 0
1389 2.119118483404952 1.902088048054062 0
1390 0.3140572822975543 1.179315906726245 0
1391 2.117085092978771 0.8946395246241184 0
1392 1.012462714169994 0.8738154407864138 0
1393 2.447441722680131 0.7563537245713653 0
1394 2.527704341607904 0.9196418708435259 0
1395 0.4015460602575097 1.479060099172298 0
1396 0.2999359600885244 1.363003699346782 0
1397 0.933031752777008 1.408223609477042 0
1398 2.382232085277331 1.076225689474123 0
1399 2.837412452343187 1.307091525814059 0
1400 2.313097544926513 1.07847338864158 0
1401 2.92885866874088 1.2464933037107 0
1402 2.315890076916511 0.9240981156184551 0
1403 2.466081048540828 0.920877365306326 0
1404 2.279532672031166 0.7001152786486171 0
1405 0.1392264365364971 1.520350788825801 0
1406 2.541839400148267 1.395165768219518 0
1407 1.243546063878017 0.7575730581406203 0
1408 1.368354480606192 0.7042949451490631 0
1409 2.473779684063564 1.279396406777696 0
1410 2.247746740973455 1.231047458877476 0
1411 1.818860438386685 0.8993034583881402 0
1412 0.3565703180457139 1.444212679274521 0
1413 2.213280976271627 0.7396500330185554 0
1414 0.06482336684954829 1.329512854138046 0
1415 1.173401494496482 0.8994678608323329 0
1416 0.4779028290225367 1.317772963806243 0
1417 1.78536110102879 0.7396060268631907 0
1418 2.210630834474676 1.793697758918468 0
1419 2.518944067226821 1.267298179019211 0
1420 2.57754457115494 1.695996552373671 0
1421 2.43757034096239 1.550601378053491 0
1422 2.378269592008573 1.237536056362099 0
1423 2.890194051319766 1.264306427885434 0
1424 2.615462526953479 1.393705602746325 0
1425 1.120331258979649 0.8670578743638711 0
1426 2.266001547398628 1.080992664440364 0
1427 0.4348376356640178 1.294682998595246 0
1428 2.308773366545158 1.743805997782938 0
1429 1.3334380660565 0.7678133456128905 0
1430 0.5331542593546399 1.345802717847906 0
1431 1.138094172339119 0.7047329245777905 0
1432 0.8213589638636355 1.521855826635794 0
1433 2.183370426047987 1.236632936593094 0
1434 0.8666611510724978 0.7607033806984604 0
1435 2.560776666269728 1.223551772801491 0
1436 0.2207834122796711 1.423845990810061 0
1437 1.069113621690977 0.8160690613702766 0
1438 0.863215836641698 0.906386089950439 0
1439 2.873993554995645 1.356139558909721 0
1440 2.342026465125605 1.945016645577526 0
1441 1.358143227307462 1.73339792276165 0
1442 0.4093290527420622 1.240075096350944 0
1443 0.9427935849502052 1.714694567842801 0
1444 1.837207730143603 1.738592302894357 0
1445 0.03270323981757366 1.402292136765797 0
1446 1.40141986726107 0.8972191315239732 0
1447 0.1639923370979258 1.26352297204883 0
1448 0.9944353455996123 1.743563538969931 0
1449 2.580437139728234 1.622598317482837 0
1450 1.421348529773965 1.730139924012685 0
1451 2.077021346811661 1.72721184560698 0
1452 0.5171549930970874 1.202953009271834 0
1453 0.6640023467647735 1.530007457060217 0
1454 0.117595117027098 1.245057204650019 0
1455 1.764737481958815 0.9263828469162661 0
1456 0.4162726954853531 1.126722974645135 0
1457 2.378914466999075 1.597884573217788 0
1458 1.193287094116016 1.903793251215186 0
1459 2.005912779722725 1.887915993672105 0
1460 1.897036501515359 1.900548112874327 0
1461 0.8102624572258982 0.8801521496395873 0
1462 1.321087119508795 1.902699058188411 0
1463 1.442126363714976 1.893255780850732 0
1464 1.776403542038708 1.892740542764832 0
1465 2.885639340589834 1.220133007815537 0
1466 1.072205207526853 1.896327784422164 0
1467 1.161258183394664 1.740322676726175 0
1468 2.314089638538852 1.218072109846191 0
1469 0.9377242895776565 1.940225533702407 0
1470 0.9524407476167814 0.8803761765028761 0
1471 2.437352683293619 1.247096069313266 0
1472 2.48565288616994 1.715816500122274 0
1473 1.712310909243263 1.597055428102349 0
1474 0.4489941893205208 1.474519716711314 0
1475 1.504968543166138 1.589734180362207 0
1476 1.517408113723851 0.8968746349533758 0
1477 0.5998069291431974 1.070027614374604 0
1478 2.757507875871939 1.164443847131026 0
1479 1.23736092372763 1.718330797223194 0
1480 0.7688028830672877 1.790885232618553 0
1481 0.501966348860713 1.469414488533704 0
1482 2.623800435288128 1.314205507110519 0
1483 1.501897332544 1.941931939785212 0
1484 1.700163021987015 1.944320480405027 0
1485 2.734699340968323 1.309669056345369 0
1486 2.380972332684731 1.757525347182998 0
1487 0.5467664263159546 1.044475562897199 0
1488 1.459061238837909 1.595739227456595 0
1489 1.771663540653258 1.604872595893099 0
1490 0.8180561568446235 1.679904013528925 0
1491 0.8999662681763097 1.4956260590617 0
1492 2.586531711550598 1.050872650587347 0
1493 1.833232651628611 1.614917232600944 0
1494 0.2646938046724868 1.416487942482774 0
1495 0.5903135170955279 1.619708225707063 0
1496 0.3109285441312671 1.270939779806557 0
1497 0.9013777343878743 1.759049583793669 0
1498 2.755767278973043 1.498382895016907 0
1499 0.3847584345749853 1.087350402791604 0
1500 2.45182683696281 1.777213399261045 0
1501 2.808534342913583 1.260842990661611 0
1502 1.677891770849338 0.9139114137519038 0
1503 0.5321937086362515 1.715935566214946 0
1504 1.977255235322021 1.751986892231253 0
1505 2.921768977041483 1.366181528406708 0
1506 2.500672969192269 1.37864546133454 0
1507 2.407465687328751 1.358555017253971 0
1508 0.6007117626310935 1.387168778475354 0
1509 0.4860053313886649 1.582044200914633 0
1510 1.65295862009334 1.586903792198932 0
1511 0.9021146674920019 1.277208553019218 0
1512 0.6317613419078938 1.493793971606158 0
1513 1.581232100955023 1.567661632557396 0
1514 2.115974798787462 0.6961590412154287 0
1515 0.5196202591014468 0.9067068711383228 0
1516 0.5379676258266952 1.597224862286043 0
1517 0.5585003152321947 1.459542563928699 0
1518 0.4626407458606834 1.008956423379854 0
1519 2.16978779817793 1.744051477456942 0
1520 2.115572270350515 1.566541385623446 0
1521 0.510310515625328 1.03037325972968 0
1522 2.329634572393246 1.449454573567359 0
1523 0.7149057018345969 1.805434426919554 0
1524 1.036532367286123 1.067270665221156 0
1525 0.5468514842639923 1.400652423548972 0
1526 1.670541915952177 1.775254299792265 0
1527 2.216964362416482 1.918207161569018 0
1528 2.677477480959656 1.556255108662691 0
1529 0.3190060223094373 1.523896169068832 0
1530 0.689372791700664 1.66871050132867 0
1531 2.961365638857432 1.17037404937645 0
1532 1.023431854382811 1.821524169303609 0
1533 0.727116100783672 0.7686621299202205 0
1534 2.791631165900995 1.398063180113231 0
1535 0.2830422026330231 1.500842289439973 0
1536 2.11608844466 1.02744697768605 0
1537 2.889335445588388 1.449411274965092 0
1538 0.4201232401584861 1.360293113327785 0
1539 2.610559719081544 1.470933649947469 0
1540 1.498288300606323 1.159014773693591 0
1541 2.493399924737982 0.7805211127440153 0
1542 0.3539866806348763 1.054098449054525 0
1543 2.59367910950331 1.26822807323672 0
1544 0.6455512462402968 0.7496172538253707 0
1545 2.076161500633231 0.8847491759907831 0
1546 2.261860493657373 0.8920891923335442 0
1547 2.884550509253453 1.409388143868484 0
1548 1.05051894865425 1.496736587995715 0
1549 1.552336983422641 1.786138022082322 0
1550 1.659629257746432 1.1679926626926 0
1551 1.70429894318327 1.129886807889751 0
1552 0.138525578658985 1.176562875472835 0
1553 2.031938009203112 1.56976004131352 0
1554 2.577207945103868 1.427721461733535 0
1555 0.9711935452303291 1.667357933591983 0
1556 2.692170959847218 1.40810649350778 0
1557 2.772157748442514 1.285011339474308 0
1558 0.2161438976266216 1.573688590124216 0
1559 2.279462637446748 1.362397110510636 0
1560 0.9675693425143882 0.826547651805713 0
1561 1.260858747032571 0.7966387828718485 0
1562 2.321251200722061 1.330615210889797 0
1563 0.196719077054084 1.089478300493069 0
1564 0.4810476163944366 1.088344090820362 0
1565 2.911641855354647 1.17890537686363 0
1566 0.288547194463037 1.143592802886953 0
1567 2.828454829546977 1.377489820874404 0
1568 1.563935999917556 1.158255078841462 0
1569 0.7800770846124737 1.723406495849525 0
1570 2.704936695808869 1.262378877350737 0
1571 2.716254473569455 1.187370011161803 0
1572 0.4386086053659862 1.574273823908442 0
1573 0.3629898115207553 1.154820062342811 0
1574 1.534336666281763 1.455511491016389 0
1575 1.713937761103451 1.476449917620888 0
1576 1.177139466815233 1.507336209519008 0
1577 1.188741383041543 1.616270543446264 0
1578 1.747705354620803 1.255068646229254 0
1579 0.8591620369785848 1.031417187814868 0
1580 1.222977411501803 0.8739310084462598 0
1581 2.524310749052134 1.176417428396481 0
1582 1.633570397092558 1.500479985966881 0
1583 0.4501877900160403 0.9029329934151924 0
1584 1.594765809282612 1.46733151944377 0
1585 0.7152943087129019 1.451226252162867 0
1586 0.6946615771627929 1.493141766508586 0
1587 0.2285471876660502 1.228723471210441 0
1588 2.563771512316998 1.500021586551949 0
1589 1.01825538840644 1.26280179222227 0
1590 0.07159214638045623 1.25052838162059 0
1591 2.194377652139544 1.483948140409981 0
1592 2.952563181410892 1.605229660318562 0
1593 2.656325463043483 1.361992827207629 0
1594 2.759578636353285 1.549881010317918 0
1595 2.644107664358931 1.16427605747507 0
1596 1.893387679670519 0.7977165561835253 0
1597 1.013907301335785 0.7078192019291226 0
1598 2.071476767071782 0.7601539784405887 0
1599 1.517618807125793 1.282553424723707 0
1600 0.1757428211288684 1.567208405100625 0
1601 0.6135982591889694 1.117849566615997 0
1602 1.145873645521667 1.817983698530555 0
1603 2.643878640830992 1.515958198348686 0
1604 0.5733023023058571 0.9419765627066882 0
1605 0.2714512026546486 1.202256871030702 0
1606 2.386494572869822 1.46724408223117 0
1607 2.601758860972484 1.191812093365272 0
1608 0.9765646563029173 1.47620902886424 0
1609 2.390554396002878 1.185218596567873 0
1610 2.170204386523531 1.163330157919495 0
1611 0.5429670255495717 0.8006773949035336 0
1612 2.764160135778618 1.355127152130569 0
1613 1.544003475173388 1.213849330246066 0
1614 1.691440071207123 1.204121809432252 0
1615 1.895810699129727 1.634959653947439 0
1616 1.33560853666543 1.612157505061494 0
1617 2.925890241428896 1.448999160924732 0
1618 0.5834618546585535 1.735011677547768 0
1619 0.7655837811714851 1.540586323915872 0
1620 2.78194999231094 1.213539292492467 0
1621 1.339504492321695 0.8378643381686285 0
1622 2.844305639632262 1.567036253739811 0
1623 2.754593510130878 1.467841250244522 0
1624 2.853260011690785 1.168223390599707 0
1625 2.2600689208139 1.49269163238003 0
1626 1.602036768668704 1.326832001882626 0
1627 2.262381113444474 0.9926257505351832 0
1628 1.227481036374083 1.601823048230548 0
1629 2.116359412012366 1.48623646868829 0
1630 1.874991029754903 0.8765210044460283 0
1631 0.5593868488498023 1.668265189047287 0
1632 1.074043809263947 1.00166170263629 0
1633 0.07282700188055234 1.220376179078018 0
1634 1.832557801421522 1.089662544104809 0
1635 0.268462716708861 1.540574639435892 0
1636 1.868913854015044 1.691020431049936 0
1637 0.1452674237504263 1.215585128008626 0
1638 2.727922080815949 1.446297735387064 0
1639 1.410027311276878 1.076568256478947 0
1640 1.786469733533405 0.8448168483492526 0
1641 2.613574938077373 1.113796318968107 0
1642 0.1708551670404201 1.608419649504803 0
1643 0.7256104822712143 0.9086756244932385 0
1644 0.7607658128171511 1.478686142763626 0
1645 1.212060302232062 1.664622865358534 0
1646 0.4925828667876748 1.411284521207828 0
1647 0.779269799182767 0.9528213879081351 0
1648 0.5673681326649072 0.881556688609506 0
1649 0.4176502201416174 0.9877328478257907 0
1650 1.353069969498391 1.671412896340716 0
1651 2.29804626922955 1.1371976611167 0
1652 0.350341464114342 1.485618347633521 0
1653 0.7496450035064411 1.576491597956582 0
1654 1.56678021840079 1.652969441405928 0
1655 2.48209992259927 1.617236781835697 0
1656 1.753928627236464 1.009287112590172 0
1657 2.287915804473105 1.811456443965709 0
1658 0.7936518107589582 1.192573656065992 0
1659 1.568872340879232 1.254726374249217 0
1660 1.696429617555306 1.658975317544843 0
1661 1.342830545704577 0.8904423024639711 0
1662 2.022354645889619 0.8027949177466001 0
1663 2.674936605864393 1.213608053925023 0
1664 0.9555444708436415 1.317913939595723 0
1665 1.01369059526486 0.9280604613884157 0
1666 1.458500355170369 1.160094251102893 0
1667 1.461169100993656 1.259717547113869 0
1668 2.455096525190506 1.369238618201121 0
1669 2.174608951139387 1.609335544588969 0
1670 2.828173887568713 1.124285942985241 0
1671 0.5226976986596894 1.240998265138682 0
1672 0.8602838999823746 1.718787493570671 0
1673 1.791662532292395 1.132503690883687 0
1674 1.417969069153777 1.496516517172547 0
1675 1.965303923188724 0.7564703868874794 0
1676 1.784611925534825 1.488481044237261 0
1677 2.434980516414175 0.8625188137247705 0
1678 2.128758770831844 1.357436698710334 0
1679 2.173693817106344 1.035153582826804 0
1680 0.4900929182519043 0.9632081467864445 0
1681 2.630657604546888 1.58747174167171 0
1682 2.926734980962398 1.48899108682425 0
1683 0.8306232476264136 1.003481124183549 0
1684 1.7576083212806 1.310670397088624 0
1685 1.941304513847078 1.803303996790475 0
1686 0.6740463569287502 0.7757040071996962 0
1687 2.951673077623126 1.31637714243836 0
1688 0.6406923704530289 1.64392951025275 0
1689 1.674302331415743 1.263061349043372 0
1690 1.976636232484004 0.8304570913831496 0
1691 1.928164646681302 0.8537160463238558 0
1692 2.846682294985024 1.515668567514157 0
1693 0.6559097190104222 0.994666329648991 0
1694 2.318651414922849 1.611720915004913 0
1695 1.396386521083286 1.15247432269196 0
1696 0.8472305564767677 1.238902742586279 0
1697 2.950737529081586 1.673457120551484 0
1698 0.7531735651599368 1.753662386232117 0
1699 2.622214250995898 1.659151170278125 0
1700 2.912976982785302 1.57463387822814 0
1701 0.6439102468942775 1.053869843549189 0
1702 0.6263650849472972 1.571238534323442 0
1703 0.6614906377909064 1.807832322780491 0
1704 0.6177133889219401 0.9680912349321641 0
1705 0.8721436200042413 1.567948194719018 0
1706 1.065582788059536 1.153101998942208 0
1707 1.581937710632259 1.401178256781234 0
1708 0.12524587689916 1.115119646218905 0
1709 0.9285675129860751 1.149186066189039 0
1710 2.802204969146537 1.594984777132718 0
1711 2.316570682810371 1.287437555965661 0
1712 2.057900964829242 0.6990646755602531 0
1713 0.6577485061952451 1.713022761124561 0
1714 2.539000889109318 0.7887112571065222 0
1715 1.46674514231414 1.298234761582329 0
1716 0.8050921717740428 1.137820579536392 0
1717 0.6480712583821641 0.9254050542982814 0
1718 0.9126683904098908 0.9349954210904303 0
1719 0.3934730229098578 1.566901341441413 0
1720 1.124287402419836 0.91858352686207 0
1721 2.089274406339946 1.139746321336611 0
1722 1.66094124221358 1.368660112553764 0
1723 2.358591399085046 1.344088037969867 0
1724 2.818905504428079 1.191631196802335 0
1725 0.5875377990972809 1.018531916299952 0
1726 2.665061835861814 1.287986889934414 0
1727 1.846335726588867 1.172258676962722 0
1728 0.9821156848813198 1.554189553015416 0
1729 2.962067308277146 0.9177146200535435 0
1730 1.821009413122839 0.6957672502169283 0
1731 2.861659045952896 1.447983652880504 0
1732 2.060869719419515 1.254055428010043 0
1733 0.1882123661554084 1.183201396227329 0
1734 0.6527046792898338 1.864084861733982 0
1735 0.8873195812467484 0.986523928842824 0
1736 0.5003580477219364 1.527448118201902 0
1737 2.801892642234086 1.085279143375698 0
1738 2.963122824040519 1.447031792686442 0
1739 0.06827589754780276 1.4778929315429 0
1740 1.8936479379914 0.745347808437447 0
1741 1.424828520383554 1.254012071555487 0
1742 0.4626851046933871 1.219124744626883 0
1743 0.6360060578249275 1.281799320726195 0
1744 2.757282980343778 1.627963757876733 0
1745 0.6308854811311863 1.754616205570929 0
1746 2.657730355604729 1.089865028521848 0
1747 0.666090785196102 1.4370995494595 0
1748 0.8734254698003295 1.164686045785017 0
1749 0.4018298120556847 1.522845316360028 0
1750 1.269197270759931 1.628062865598521 0
1751 0.2193260010025229 1.191710307537065 0
1752 2.154952612970805 1.810693880627567 0
1753 0.7076839984914276 1.075351142099244 0
1754 0.6267885993904131 1.156530788165628 0
1755 1.806642785525119 1.247293774288437 0
1756 2.757516120446982 1.419670831411769 0
1757 1.005793406712989 0.9830982368098663 0
1758 0.2273026817153135 1.674274263919734 0
1759 0.7348381496517392 1.123428797296118 0
1760 2.492281900003588 1.424904798295205 0
1761 0.5670388053820417 1.269590943470713 0
1762 0.2629864288209707 1.106953733570879 0
1763 0.7048427064915298 1.556389638050132 0
1764 2.181642027070969 0.779900115910714 0
1765 0.210165265894753 1.136009501253098 0
1766 2.843072847001603 1.477484232609381 0
1767 0.9285308835999822 1.614027117022361 0
1768 1.165243734479481 1.023742233451279 0
1769 2.510696205118557 0.8430771824859881 0
1770 1.512951651770291 1.025443964949629 0
1771 1.37737551528067 1.246825012786524 0
1772 1.874403566795408 1.298153164426719 0
1773 2.57093829171769 0.9585955792131979 0
1774 0.3528666672530978 1.549518691884203 0
1775 1.458094598817699 0.8141490242897256 0
1776 2.058167577036462 0.8487931813286758 0
1777 1.411039760809798 1.356796702405712 0
1778 0.725094294436674 0.9967688628042479 0
1779 2.815044499164584 1.43698305062469 0
1780 2.915833916007366 1.114859064739755 0
1781 0.6838883354310098 1.030046420632112 0
1782 2.710174687551896 1.533378246214847 0
1783 2.839879185059731 1.631019093113734 0
1784 0.3099746759327858 1.080924921251796 0
1785 1.718023974633153 0.9605605452904745 0
1786 2.929349360519697 1.527348368749421 0
1787 0.7103759878062087 1.931214901391901 0
1788 1.845193470654885 0.7714145644645037 0
1789 0.07443518129351527 1.089906778413981 0
1790 0.570376369608019 0.8360733685426007 0
1791 2.797866213300507 1.491992151844521 0
1792 0.08082239518595703 0.7817999177260798 0
1793 0.4619400067634171 1.62704420184013 0
1794 1.289960639599412 1.410415874910535 0
1795 0.4811693305373364 1.695774800496382 0
1796 1.495696161505876 1.530738003336377 0
1797 0.2861306656086226 1.044295231690183 0
1798 2.963181053726672 0.9961131608396809 0
1799 2.558955388987488 1.841708841683953 0
1800 1.765298491571604 1.362804386066872 0
1801 1.730201025075194 1.540577848073623 0
1802 0.5112041075127934 1.764094733993647 0
1803 1.20239587707803 1.13601087260123 0
1804 2.252928321160343 1.611239119819904 0
1805 0.5025183148030363 0.8025808822521685 0
1806 1.676819110023786 0.9960266572895831 0
1807 1.11389341180146 1.502422181929708 0
1808 1.989195892318669 1.388982779000702 0
1809 0.4941204205965014 1.811052887604278 0
1810 0.1045515336504825 1.147624653548943 0
1811 0.2600341226221667 1.584853886431894 0
1812 1.956186680833656 0.9852025911517679 0
1813 1.293674182819101 1.016281827289583 0
1814 1.409368114685772 1.795958312900011 0
1815 0.7370151520912118 1.695016793198433 0
1816 1.954951007223485 1.665647946230505 0
1817 2.069066878197101 1.054593052261639 0
1818 0.6137469356709624 1.444105341171634 0
1819 1.854731190797648 0.9586122961702664 0
1820 2.669890616655275 1.625028278694191 0
1821 1.607297709705269 0.9783432795929469 0
1822 1.841451457574728 1.831307068791363 0
1823 2.008524206160225 1.26714580725345 0
1824 1.711682411343329 1.044041928231522 0
1825 0.1677206369501315 1.100984338862712 0
1826 0.2471622436458771 1.631042444109613 0
1827 1.620189138723749 1.71873258449971 0
1828 0.7211340876519857 1.622773412473201 0
1829 0.7685347213886258 1.278285600133262 0
1830 2.934781205691453 1.555149772237901 0
1831 0.1738803273844758 0.886769082059637 0
1832 2.119506774519524 1.244664803546612 0
1833 0.5410604117361922 1.830892001616334 0
1834 0.5983343162452759 0.7111486484207816 0
1835 0.4556484189254769 1.910334057418834 0
1836 1.122658787552149 1.641821975271998 0
1837 0.1106270192523984 1.612496749978463 0
1838 2.451809575192595 0.707011468722329 0
1839 2.068180388645231 1.301902598731681 0
1840 1.136944158276565 1.120818752655797 0
1841 1.373662329969614 0.9472062279537379 0
1842 2.964622534958194 1.524465946608265 0
1843 1.620479951522246 0.9193191160425634 0
1844 1.356461981938719 1.186683618990674 0
1845 2.196844302202381 1.423755684561658 0
1846 2.527130387386213 1.800944387398521 0
1847 0.8639928280857872 1.624748687718501 0
1848 0.5622124810408037 1.782414470790541 0
1849 0.07904931676240075 1.174771977751658 0
1850 2.51223930774445 1.32864377745266 0
1851 0.6644369598581482 1.770516654616521 0
1852 1.176449654302421 1.564183774997348 0
1853 2.01111726297179 0.8735374111618268 0
1854 1.621681151863507 1.115446400186595 0
1855 0.512840897399175 1.300358049292066 0
1856 1.998966796611971 0.6988903499041593 0
1857 1.631941379268067 0.8830111081049882 0
1858 1.055147361064139 1.452123268384821 0
1859 0.6934103234073598 1.306964634950853 0
1860 2.64360683383982 1.756354575856636 0
1861 0.1456572979788207 1.084082042906879 0
1862 0.56095995847908 1.133934971337072 0
1863 0.4023237913392687 0.9385959156187645 0
1864 0.6408763231527684 1.929442137351444 0
1865 0.9822504719028021 1.615141349475077 0
1866 2.860596397481684 1.102543521416956 0
1867 0.02267280914043419 0.9675326915593806 0
1868 0.6088540758776626 0.7891159360970482 0
1869 2.39622446084041 1.410895659687373 0
1870 1.869112449083905 1.395673558212611 0
1871 1.365477227055832 1.297123576767403 0
1872 1.589417511645897 1.058709995385186 0
1873 1.586487842282908 0.9293727549687312 0
1874 0.389753193399374 1.023628893697415 0
1875 0.3132258366702528 1.734202324567837 0
1876 0.4030653155103919 0.7019186115923386 0
1877 0.08691435738993407 0.8777870105948343 0
1878 0.7995611082320882 1.595958042237687 0
1879 1.148724558836268 1.084198057439602 0
1880 2.971896302398614 1.229938263279374 0
1881 0.6291715085319766 0.856365946002048 0
1882 0.04664563637879404 1.114181830237227 0
1883 2.266361654535823 1.433432883209146 0
1884 2.142952509945793 1.534163132362446 0
1885 2.043305444072192 1.464883253085598 0
1886 0.3684089351342939 0.9666923566440877 0
1887 2.009531555072224 1.335010128758108 0
1888 0.8044354720238294 1.386396087495998 0
1889 0.7043076901136961 0.8296457222045333 0
1890 2.065281541093732 1.350702974316977 0
1891 2.419162590339757 1.305808921651767 0
1892 2.14735426621565 0.9674334997452658 0
1893 1.430920419112939 1.198472003292107 0
1894 1.193599460310036 0.9476063570361207 0
1895 2.047661609622585 0.9110753811749099 0
1896 2.034954105863382 1.150186215590353 0
1897 0.5599533788831673 1.921716025767082 0
1898 0.4306127697263315 1.961767270183413 0
1899 1.965585518268386 1.104018573653831 0
1900 0.8800318293189694 1.312930224654483 0
1901 2.740109566407546 1.762351193407516 0
1902 2.124524445593076 1.416998864916867 0
1903 1.235117156942718 1.514804347800407 0
1904 0.9572715662493284 0.9623891386527981 0
1905 1.800090779289799 1.20454647470843 0
1906 2.962614681026599 1.035972747658486 0
1907 0.05331308387233174 0.6925377701125631 0
1908 0.1674511680509465 1.638187881976976 0
1909 0.4323066972854191 1.669696282114999 0
1910 0.4464385011588088 0.8039856805442309 0
1911 0.03971063105190006 1.072681480500439 0
1912 2.912765338679704 1.636033684373938 0
1913 2.798326376293263 1.664235277919299 0
1914 1.201081924380915 1.26435202793313 0
1915 2.561173432729837 1.950693229573244 0
1916 0.2748996385600503 1.771831875853697 0
1917 2.858456078047098 1.00153265911758 0
1918 2.961959213590854 1.406594330018989 0
1919 2.83731852170522 0.8180530039026202 0
1920 2.320244781870346 1.675307349824026 0
1921 2.73830941027751 1.104176337223852 0
1922 2.903970551257144 1.899025230553001 0
1923 2.717750733858314 0.743623047213935 0
1924 2.885475580512228 1.089063289575282 0
1925 2.258025747811057 1.292443612082996 0
1926 1.916493419281836 1.498599781525276 0
1927 0.3962504746386454 0.9053838275966182 0
1928 0.1136125088186776 1.067270495169734 0
1929 1.329067905058966 1.464077412496629 0
1930 2.787488162723902 0.8106597459619909 0
1931 2.658008842886856 1.025379150476734 0
1932 0.1189109652780771 0.9382037224900374 0
1933 0.03480878519820178 0.941461751145143 0
1934 1.017394157703003 1.361024984054581 0
1935 1.293479727488512 0.9006028792602556 0
1936 1.296965327810532 1.342581438873433 0
1937 2.97881485959826 1.20347300255052 0
1938 0.02290023161071022 1.607745391303658 0
1939 0.4502673165826667 0.7537365320759741 0
1940 0.03156303816180354 0.9938343077025028 0
1941 2.962634991795365 1.561389730363289 0
1942 2.594998471738249 1.78130083807385 0
1943 0.316822378926281 1.591840891879527 0
1944 1.052930321877543 1.197461097581896 0
1945 0.1071645101002913 0.696288496643773 0
1946 0.09397410644648227 0.741110058058048 0
1947 2.583843216130248 1.74896658760833 0
1948 2.129171139401152 1.128132378399046 0
1949 1.272523936610503 1.099576162242232 0
1950 1.076672881597031 0.7056530895904032 0
1951 1.014075469518148 1.915732871211506 0
1952 0.8740950955847748 1.873882218819089 0
1953 0.7810448317975823 1.932464663164786 0
1954 0.9491521892961278 0.7087910972677219 0
1955 1.145601155096554 1.902757720275269 0
1956 2.276125061087552 1.947982160341042 0
1957 1.072806442487484 0.7612481990650966 0
1958 0.9762932043766365 1.968214795943924 0
1959 1.133664156333148 0.7603438609171325 0
1960 1.010974310019838 0.7659439145537653 0
1961 2.334972827416051 0.7399297820773866 0
1962 1.58122762343216 0.7044307715661017 0
1963 0.06430204437601574 1.364056781269805 0
1964 1.939925746867903 1.902193031839967 0
1965 2.409467634937985 1.943455468395284 0
1966 1.586514599144301 1.883746786762288 0
1967 0.06703301240151449 1.39878179491153 0
1968 2.960083697940797 1.365944446855348 0
1969 1.19923437904344 0.7056042764672307 0
1970 1.651011329619522 1.885545166662338 0
1971 1.370352174210785 1.950155201820244 0
1972 2.035970937057781 1.947373084113751 0
1973 0.1048309914166996 1.434665040443354 0
1974 1.595172205617118 0.7587991591109928 0
1975 1.827092351272869 1.948152169966852 0
1976 0.8102248411570909 0.746807215374387 0
1977 0.09977864052902137 1.335465794756054 0
1978 1.166371077122178 1.182510798236811 0
1979 1.321870189267778 0.6888319757236608 0
1980 2.296676057440579 0.8469454024312282 0
1981 1.730981717045031 0.747892735097007 0
1982 2.158744701544369 1.954331424227526 0
1983 1.381807952460749 1.900871533442975 0
1984 0.7985245058138234 1.853427713466704 0
1985 0.09079716839605433 1.362056359871977 0
1986 1.540738521178733 0.7605763347247782 0
1987 1.836905756975876 1.896005107150909 0
1988 2.058825684365259 1.89565986163527 0
1989 1.763205294452598 0.6958390669093812 0
1990 2.168836589006289 0.6931736169171807 0
1991 0.8275354687054822 0.698590179861696 0
1992 2.345597336088924 1.886850615569737 0
1993 0.7852092801059482 0.7968200909649648 0
1994 1.251155421257546 1.466151930735781 0
1995 2.175846530009947 1.909691550157099 0
1996 1.241570201886932 1.951898198804584 0
1997 1.717541677574342 0.8061191389084096 0
1998 1.176792143547351 1.950421172977787 0
1999 0.032212475741552 1.364821879117882 0
2000 1.103363753297828 1.940085884135089 0
2001 0.6641572971804077 1.369015781659199 0
2002 0.7710364319675174 0.6995100587610236 0
2003 1.053630025001516 1.868194643254656 0
2004 1.479684875138345 1.473749533399748 0
2005 1.51931040363088 0.7093931970493785 0
2006 1.470929657047433 0.9189385300029314 0
2007 1.963833343712155 1.936576658253506 0
2008 1.460249608455411 1.048619943982921 0
2009 2.492610360286891 0.9541575368175357 0
2010 0.1409668298848331 1.434324182739298 0
2011 1.025586669058931 1.957385202390514 0
2012 2.098494097747159 1.951265777369758 0
2013 0.1442767744616427 1.351775435324311 0
2014 1.468317143060355 1.353197495798714 0
2015 2.141493325957879 1.69778504267801 0
2016 0.03365332100479847 1.288297954954816 0
2017 0.2364605303378544 1.330676213134905 0
2018 1.490734826360662 0.8514309692585474 0
2019 1.714841415921478 1.888328469678742 0
2020 1.890184015607284 1.947726997457953 0
2021 0.83979396871518 0.8203388114801353 0
2022 0.9431484510208877 1.87457102753977 0
2023 2.52942084258192 1.089697111187559 0
2024 1.12944885520639 1.862580458067359 0
2025 1.593051532078274 0.8100938346093376 0
2026 1.354856540029523 1.351074500623441 0
2027 1.704361826688315 0.6997046788582602 0
2028 0.1838319641541802 1.311193444050143 0
2029 1.194596813846604 0.7596428431900197 0
2030 0.1414104218491618 1.475599928399325 0
2031 1.305784988804778 1.951452998254312 0
2032 2.487947213383396 1.037084750815274 0
2033 0.2935676511794204 1.23525718255501 0
2034 0.06871235377258726 1.437290912358643 0
2035 2.407833098576766 0.8039497848144382 0
2036 1.634999798510888 1.942977862341644 0
2037 0.1670735370010821 1.393594360858707 0
2038 1.568917681525975 1.9414450013411 0
2039 2.4260256466837 1.837040177407933 0
2040 1.742688900105866 1.500522974333952 0
2041 0.06954110056797419 1.290641711862077 0
2042 0.4821039894523043 1.845913814440187 0
2043 1.434588480405338 1.945662769308712 0
2044 1.562692597117996 1.002810506940114 0
2045 2.484565812453357 0.7577694297479001 0
2046 1.735722488548227 1.824003808417292 0
2047 1.348426388534403 1.527466182635743 0
2048 0.9981675187593228 1.129408664733642 0
2049 2.196961193631841 1.860550298714811 0
2050 0.1400870674207604 1.405206577348414 0
2051 1.489997429003164 0.9694674108512141 0
2052 0.8506321687931412 1.112269663197304 0
2053 0.9829201666081282 1.380028518784247 0
2054 2.412003552725205 1.890299653189536 0
2055 2.215700224843197 1.953119854153403 0
2056 2.373100402919917 1.521069272843278 0
2057 1.409530385529871 0.7874710508903474 0
2058 2.138717073833504 0.7405385052077993 0
2059 2.484823156417357 1.129206818381971 0
2060 1.445683639334383 0.7263171296386997 0
2061 0.8860754454330496 0.7048760399410835 0
2062 2.073548241459227 1.833595948509793 0
2063 1.85820127856035 1.474726598116745 0
2064 2.022012749411433 1.852527941039886 0
2065 2.174010788076966 0.7245722239572211 0
2066 2.263497966564463 1.885333765213515 0
2067 2.607054600185352 1.963192610140405 0
2068 1.750747691205178 1.730943540006138 0
2069 0.9382531838698022 0.7826809691934648 0
2070 0.8538817290885976 1.373106896571788 0
2071 0.101671951414531 1.520748964357811 0
2072 1.109787811992949 1.429918060067251 0
2073 1.289550209671151 1.483593496650388 0
2074 2.449388581180373 0.9843566213782278 0
2075 1.554395401280272 0.7979313674354508 0
2076 0.1790849198541737 1.431923064892595 0
2077 2.076834563961327 1.607847001538031 0
2078 0.1094046479445687 1.295478587156296 0
2079 1.763546702960271 1.946257555130474 0
2080 0.268002374435519 1.279359235362669 0
2081 1.995102409714291 1.525323741583016 0
2082 2.425233580123616 1.199011274384964 0
2083 1.57030157932721 1.441775772183012 0
2084 2.241737132172236 1.171061445948399 0
2085 1.960533384198812 1.871026394293212 0
2086 1.67148220475747 1.447995956077279 0
2087 2.319227051925792 1.504366651542498 0
2088 2.660082029752599 1.694197332613561 0
2089 1.159896656948163 0.8648372777531032 0
2090 2.958665197488815 1.719981058404323 0
2091 0.4821136746092404 1.357038332534726 0
2092 2.524210297786502 1.425715331614721 0
2093 0.01950617902216564 1.682074752778762 0
2094 0.252774946950108 1.373370616013282 0
2095 2.401845079169706 1.013553062806796 0
2096 2.244122117316286 1.730499473370006 0
2097 2.409331688591237 1.137771285119473 0
2098 2.028385749257557 1.785889715274271 0
2099 2.483749149585318 1.212475467206758 0
2100 1.42694131524291 0.9833329409447327 0
2101 0.06662844580282357 1.554763058541078 0
2102 2.023011941459052 1.098767568681827 0
2103 1.109785668200067 1.794370234276017 0
2104 2.927897578046611 1.721795654755124 0
2105 0.2543134604561669 1.844252839752818 0
2106 2.541050466361805 1.57788429478772 0
2107 1.907043248471113 1.111076068880123 0
2108 1.190331180043358 1.447652252544868 0
2109 2.221842773489602 0.6960497810373909 0
2110 1.911593586794283 1.851848495889703 0
2111 2.393985642372261 0.7033255854779159 0
2112 0.664515511877943 1.474874250474697 0
2113 0.6533411397888169 0.6873926929061881 0
2114 1.493736077536488 0.7819239834741418 0
2115 2.193497478906619 1.086803931161523 0
2116 2.483699447012572 0.887616566631626 0
2117 2.383546546659161 0.7620212061856846 0
2118 1.716798802090078 1.776300440270993 0
2119 2.351599498404816 0.8815790792445795 0
2120 0.3579214363208109 1.25772648066541 0
2121 1.054155602405004 1.768186724619871 0
2122 0.2412891485940051 1.736621872321765 0
2123 0.8550888415443356 1.800423005469193 0
2124 2.194454252056593 1.677351104206125 0
2125 2.929268858609918 1.155193513852737 0
2126 2.957071218616087 1.873149227194038 0
2127 1.725404849742175 1.365291749723499 0
2128 1.809222846015645 0.7819455310643667 0
2129 1.819191511663675 1.357050867672666 0
2130 2.570712825834499 1.342737590279762 0
2131 1.286322665601894 1.520808060632747 0
2132 1.234763052103632 1.327758715780832 0
2133 2.530435146747553 1.663043834557106 0
2134 2.138604783185352 1.849909077828875 0
2135 0.06528498030804626 1.154032591607674 0
2136 1.126719938039987 0.8154063337771231 0
2137 1.450859669335504 0.8748553910294045 0
2138 2.562757632138367 1.29102667228351 0
2139 1.434901727901652 0.9322372552285322 0
2140 2.357189804880981 1.558047276969973 0
2141 0.3269599363389548 1.30971381793443 0
2142 2.282915807988745 0.9639409090806983 0
2143 1.020515172885478 1.319450363830306 0
2144 0.03264792251343368 1.326922379136279 0
2145 2.335544160639286 0.8042114267559524 0
2146 0.3904359293468022 1.433586275742747 0
2147 2.494846434488244 1.472784921350719 0
2148 1.803178413182224 1.712707672285308 0
2149 1.438210968297191 1.854100010632158 0
2150 2.364922629406962 1.112207635444442 0
2151 1.087594524627205 1.710521223618506 0
2152 0.8763895947212886 1.431510646232632 0
2153 2.281798315563059 0.7590366616676959 0
2154 2.242755251701606 1.049247098458525 0
2155 0.776914324028386 1.444069891479106 0
2156 0.5015583539016528 1.151278957764724 0
2157 2.232432476339622 0.9393185212326967 0
2158 1.326197240568001 1.063321458765853 0
2159 0.8861022694787839 1.206536095877241 0
2160 2.458818310848526 1.891365739987744 0
2161 0.3873555741157087 1.195826718143478 0
2162 1.793686519339306 1.780150315237361 0
2163 1.515472109874403 1.871738249619445 0
2164 1.435329966467318 0.8429556670450552 0
2165 1.248882230072565 1.271802142459624 0
2166 1.880114735689441 0.697959317375879 0
2167 2.687725105956979 0.9827758799042236 0
2168 1.758502328788052 0.7955434914883628 0
2169 0.8887069129653132 1.8284654700461 0
2170 1.649072028412958 0.8315171545721359 0
2171 2.35778399714683 1.041885499970012 0
2172 2.921477425001892 1.334303140687901 0
2173 1.393593250278373 1.850841121274345 0
2174 0.9723359607848986 1.267361257723775 0
2175 1.043239401699283 1.625700793982327 0
2176 1.199698703247794 1.854322471009288 0
2177 2.174517907257791 0.9153747850198288 0
2178 2.943154073335467 1.954795958208482 0
2179 1.792066874168656 1.051453107557693 0
2180 0.3200523966811296 1.415954431744672 0
2181 1.611870270499933 1.776877889950456 0
2182 1.183094421308137 1.223529998824881 0
2183 1.34647032971336 1.393482950043386 0
2184 0.345659610685322 1.349154517526007 0
2185 1.643130616359831 0.7038552882971144 0
2186 0.03375284030944391 1.440911588060227 0
2187 2.914814972833025 1.282775304460057 0
2188 0.3788209086153024 1.334945596653488 0
2189 1.008693123930338 1.870468800670742 0
2190 1.488837323025961 1.727465523227728 0
2191 0.0762784818182512 1.918194542869627 0
2192 1.212737076670271 1.386447226347671 0
2193 2.7346443003627 0.9053481499345298 0
2194 2.336907203144528 0.7008722007667428 0
2195 0.2702421760064255 1.449533226912205 0
2196 1.416876750213874 1.302225297719739 0
2197 0.7787787390639717 1.092922927946716 0
2198 0.3693685795082422 1.389995816365164 0
2199 1.115115891351097 1.565456212756701 0
2200 0.4020485488856566 1.719368795274198 0
2201 0.2371163162750198 1.474594106287029 0
2202 2.25095744630256 1.117997295637913 0
2203 2.323060472216755 0.9989884174456513 0
2204 0.2635660823496518 1.249286701751254 0
2205 0.2819321145651212 1.320158228475098 0
2206 2.41413992235237 0.9226325195731342 0
2207 0.853639734685451 1.935419158836207 0
2208 2.254391367280137 1.550790573822076 0
2209 2.868516970751898 1.281433399307748 0
2210 2.31417151872178 1.556231698888591 0
2211 2.36295417800719 0.9654566324625002 0
2212 2.077548107663402 1.672803704993018 0
2213 1.39309390084691 1.424658454180555 0
2214 1.940092085801298 0.6990677884931249 0
2215 1.425227840747735 1.646867650229301 0
2216 2.896858219888964 1.314360364480905 0
2217 0.1811628405065744 1.522057299908531 0
2218 2.28365556128775 1.173873960397433 0
2219 1.2713031743294 1.778261704474418 0
2220 1.265777846428046 1.848876381038606 0
2221 2.963681159673334 1.26831835094447 0
2222 1.332027730977842 1.848333624769903 0
2223 1.311353619655145 1.733743751300329 0
2224 1.255908510384183 1.902605163528562 0
2225 2.970325585895838 0.8018526110724125 0
2226 2.976686832768506 0.7747588534366788 0
$EndNodes
$Elements
2382
1 15 2 201 1 1
2 15 2 101 2 2
3 15 2 101 3 3
4 15 2 201 4 4
5 15 2 202 5 5
6 15 2 202 6 6
7 15 2 201 7 7
8 1 2 201 1 1 8
9 1 2 201 1 8 9
10 1 2 201 1 9 10
11 1 2 201 1 10 11
12 1 2 201 1 11 12
13 1 2 201 1 12 13
14 1 2 201 1 13 14
15 1 2 201 1 14 15
16 1 2 201 1 15 16
17 1 2 201 1 16 17
18 1 2 201 1 17 18
19 1 2 201 1 18 19
20 1 2 201 1 19 20
21 1 2 201 1 20 21
22 1 2 201 1 21 22
23 1 2 201 1 22 23
24 1 2 201 1 23 24
25 1 2 201 1 24 25
26 1 2 201 1 25 26
27 1 2 201 1 26 27
28 1 2 201 1 27 28
29 1 2 201 1 28 29
30 1 2 201 1 29 30
31 1 2 201 1 30 31
32 1 2 201 1 31 32
33 1 2 201 1 32 33
34 1 2 201 1 33 34
35 1 2 201 1 34 35
36 1 2 201 1 35 36
37 1 2 201 1 36 37
38 1 2 201 1 37 38
39 1 2 201 1 38 39
40 1 2 201 1 39 40
41 1 2 201 1 40 41
42 1 2 201 1 41 42
43 1 2 201 1 42 43
44 1 2 201 1 43 44
45 1 2 201 1 44 45
46 1 2 201 1 45 46
47 1 2 201 1 46 47
48 1 2 201 1 47 48
49 1 2 201 1 48 49
50 1 2 201 1 49 50
51 1 2 201 1 50 51
52 1 2 201 1 51 52
53 1 2 201 1 52 53
54 1 2 201 1 53 54
55 1 2 201 1 54 55
56 1 2 201 1 55 56
57 1 2 201 1 56 2
58 1 2 101 2 2 57
59 1 2 101 2 57 58
60 1 2 101 2 58 59
61 1 2 101 2 59 60
62 1 2 101 2 60 61
63 1 2 101 2 61 62
64 1 2 101 2 62 63
65 1 2 101 2 63 64
66 1 2 101 2 64 65
67 1 2 101 2 65 66
68 1 2 101 2 66 67
69 1 2 101 2 67 68
70 1 2 101 2 68 69
71 1 2 101 2 69 70
72 1 2 101 2 70 71
73 1 2 101 2 71 3
74 1 2 201 3 3 72
75 1 2 201 3 72 73
76 1 2 201 3 73 74
77 1 2 201 3 74 75
78 1 2 201 3 75 76
79 1 2 201 3 76 77
80 1 2 201 3 77 78
81 1 2 201 3 78 79
82 1 2 201 3 79 80
83 1 2 201 3 80 81
84 1 2 201 3 81 82
85 1 2 201 3 82 83
86 1 2 201 3 83 84
87 1 2 201 3 84 85
88 1 2 201 3 85 86
89 1 2 201 3 86 87
90 1 2 201 3 87 88
91 1 2 201 3 88 89
92 1 2 201 3 89 90
93 1 2 201 3 90 91
94 1 2 201 3 91 92
95 1 2 201 3 92 93
96 1 2 201 3 93 94
97 1 2 201 3 94 95
98 1 2 201 3 95 96
99 1 2 201 3 96 97
100 1 2 201 3 97 98
101 1 2 201 3 98 99
102 1 2 201 3 99 100
103 1 2 201 3 100 101
104 1 2 201 3 101 102
105 1 2 201 3 102 103
106 1 2 201 3 103 104
107 1 2 201 3 104 4
108 1 2 201 4 4 105
109 1 2 201 4 105 106
110 1 2 201 4 106 107
111 1 2 201 4 107 108
112 1 2 201 4 108 109
113 1 2 201 4 109 110
114 1 2 201 4 110 111
115 1 2 201 4 111 112
116 1 2 201 4 112 113
117 1 2 201 4 113 114
118 1 2 201 4 114 115
119 1 2 201 4 115 116
120 1 2 201 4 116 117
121 1 2 201 4 117 118
122 1 2 201 4 118 119
123 1 2 201 4 119 120
124 1 2 201 4 120 121
125 1 2 201 4 121 122
126 1 2 201 4 122 123
127 1 2 201 4 123 124
128 1 2 201 4 124 125
129 1 2 201 4 125 126
130 1 2 201 4 126 127
131 1 2 201 4 127 128
132 1 2 201 4 128 129
133 1 2 201 4 129 130
134 1 2 201 4 130 131
135 1 2 201 4 131 132
136 1 2 201 4 132 133
137 1 2 201 4 133 134
138 1 2 201 4 134 135
139 1 2 201 4 135 136
140 1 2 201 4 136 137
141 1 2 201 4 137 138
142 1 2 201 4 138 139
143 1 2 201 4 139 140
144 1 2 201 4 140 141
145 1 2 201 4 141 5
146 1 2 202 5 5 142
147 1 2 202 5 142 143
148 1 2 202 5 143 144
149 1 2 202 5 144 145
150 1 2 202 5 145 146
151 1 2 202 5 146 147
152 1 2 202 5 147 148
153 1 2 202 5 148 149
154 1 2 202 5 149 150
155 1 2 202 5 150 151
156 1 2 202 5 151 152
157 1 2 202 5 152 6
158 1 2 201 6 6 153
159 1 2 201 6 153 154
160 1 2 201 6 154 155
161 1 2 201 6 155 156
162 1 2 201 6 156 157
163 1 2 201 6 157 158
164 1 2 201 6 158 159
165 1 2 201 6 159 160
166 1 2 201 6 160 161
167 1 2 201 6 161 162
168 1 2 201 6 162 163
169 1 2 201 6 163 164
170 1 2 201 6 164 165
171 1 2 201 6 165 166
172 1 2 201 6 166 167
173 1 2 201 6 167 168
174 1 2 201 6 168 169
175 1 2 201 6 169 170
176 1 2 201 6 170 171
177 1 2 201 6 171 172
178 1 2 201 6 172 173
179 1 2 201 6 173 174
180 1 2 201 6 174 175
181 1 2 201 6 175 176
182 1 2 201 6 176 177
183 1 2 201 6 177 178
184 1 2 201 6 178 179
185 1 2 201 6 179 180
186 1 2 201 6 180 181
187 1 2 201 6 181 182
188 1 2 201 6 182 183
189 1 2 201 6 183 184
190 1 2 201 6 184 185
191 1 2 201 6 185 7
192 1 2 201 7 7 186
193 1 2 201 7 186 187
194 1 2 201 7 187 188
195 1 2 201 7 188 189
196 1 2 201 7 189 190
197 1 2 201 7 190 191
198 1 2 201 7 191 192
199 1 2 201 7 192 193
200 1 2 201 7 193 194
201 1 2 201 7 194 195
202 1 2 201 7 195 196
203 1 2 201 7 196 197
204 1 2 201 7 197 198
205 1 2 201 7 198 199
206 1 2 201 7 199 200
207 1 2 201 7 200 1
208 1 2 0 8 7 201
209 1 2 0 8 201 202
210 1 2 0 8 202 203
211 1 2 0 8 203 204
212 1 2 0 8 204 205
213 1 2 0 8 205 206
214 1 2 0 8 206 207
215 1 2 0 8 207 208
216 1 2 0 8 208 209
217 1 2 0 8 209 210
218 1 2 0 8 210 211
219 1 2 0 8 211 212
220 1 2 0 8 212 213
221 1 2 0 8 213 214
222 1 2 0 8 214 215
223 1 2 0 8 215 216
224 1 2 0 8 216 217
225 1 2 0 8 217 218
226 1 2 0 8 218 219
227 1 2 0 8 219 220
228 1 2 0 8 220 221
229 1 2 0 8 221 222
230 1 2 0 8 222 223
231 1 2 0 8 223 224
232 1 2 0 8 224 225
233 1 2 0 8 225 226
234 1 2 0 8 226 227
235 1 2 0 8 227 228
236 1 2 0 8 228 229
237 1 2 0 8 229 230
238 1 2 0 8 230 231
239 1 2 0 8 231 232
240 1 2 0 8 232 233
241 1 2 0 8 233 234
242 1 2 0 8 234 235
243 1 2 0 8 235 236
244 1 2 0 8 236 237
245 1 2 0 8 237 238
246 1 2 0 8 238 239
247 1 2 0 8 239 240
248 1 2 0 8 240 241
249 1 2 0 8 241 242
250 1 2 0 8 242 243
251 1 2 0 8 243 244
252 1 2 0 8 244 245
253 1 2 0 8 245 246
254 1 2 0 8 246 247
255 1 2 0 8 247 248
256 1 2 0 8 248 249
257 1 2 0 8 249 3
258 3 2 0 10 894 680 881 893
259 3 2 0 10 680 894 193 194
260 3 2 0 10 893 881 834 895
261 3 2 0 10 834 190 191 895
262 3 2 0 10 891 545 844 892
263 3 2 0 10 844 61 62 892
264 3 2 0 10 545 891 748 486
265 3 2 0 10 192 193 894 893
266 3 2 0 10 191 192 893 895
267 3 2 0 10 62 63 891 892
268 3 2 0 10 357 347 352 276
269 3 2 0 10 482 333 500 483
270 3 2 0 10 349 489 505 272
271 3 2 0 10 491 335 506 507
272 3 2 0 10 505 489 508 334
273 3 2 0 10 486 335 491 516
274 3 2 0 10 502 487 513 334
275 3 2 0 10 491 272 505 516
276 3 2 0 10 272 493 518 349
277 3 2 0 10 515 277 518 493
278 3 2 0 10 515 519 503 277
279 3 2 0 10 491 507 493 272
280 3 2 0 10 505 334 513 526
281 3 2 0 10 484 279 527 520
282 3 2 0 10 353 276 352 532
283 3 2 0 10 487 336 534 523
284 3 2 0 10 509 279 541 381
285 3 2 0 10 509 345 557 529
286 3 2 0 10 196 552 524 195
287 3 2 0 10 500 524 552 342
288 3 2 0 10 198 554 550 197
289 3 2 0 10 351 69 70 549
290 3 2 0 10 71 356 549 70
291 3 2 0 10 502 365 533 331
292 3 2 0 10 334 508 365 502
293 3 2 0 10 379 555 380 263
294 3 2 0 10 337 483 500 517
295 3 2 0 10 501 504 520 341
296 3 2 0 10 344 522 486 516
297 3 2 0 10 274 513 487 523
298 3 2 0 10 336 487 502 510
299 3 2 0 10 278 511 488 495
300 3 2 0 10 332 492 518 514
301 3 2 0 10 338 515 493 507
302 3 2 0 10 344 516 505 526
303 3 2 0 10 338 507 506 343
304 3 2 0 10 279 509 529 527
305 3 2 0 10 338 343 512 542
306 3 2 0 10 274 535 526 513
307 3 2 0 10 512 839 519 542
308 3 2 0 10 338 542 519 515
309 3 2 0 10 526 535 522 344
310 3 2 0 10 341 520 527 537
311 3 2 0 10 274 523 534 547
312 3 2 0 10 197 550 552 196
313 3 2 0 10 342 552 550 546
314 3 2 0 10 276 353 531 540
315 3 2 0 10 59 60 528 355
316 3 2 0 10 188 189 531 353
317 3 2 0 10 522 346 545 486
318 3 2 0 10 276 540 537 357
319 3 2 0 10 341 537 540 521
320 3 2 0 10 330 322 402 411
321 3 2 0 10 320 464 390 328
322 3 2 0 10 323 327 391 465
323 3 2 0 10 346 522 535 543
324 3 2 0 10 518 492 551 349
325 3 2 0 10 332 544 389 368
326 3 2 0 10 495 488 536 340
327 3 2 0 10 69 351 525 68
328 3 2 0 10 204 203 557 345
329 3 2 0 10 352 347 557 539
330 3 2 0 10 203 202 539 557
331 3 2 0 10 500 342 546 517
332 3 2 0 10 279 484 373 541
333 3 2 0 10 353 532 187 188
334 3 2 0 10 559 267 560 558
335 3 2 0 10 509 381 561 345
336 3 2 0 10 51 52 562 494
337 3 2 0 10 572 558 573 261
338 3 2 0 10 574 565 576 386
339 3 2 0 10 579 262 580 270
340 3 2 0 10 243 575 581 244
341 3 2 0 10 50 51 494 582
342 3 2 0 10 588 270 589 271
343 3 2 0 10 310 319 590 570
344 3 2 0 10 309 571 591 321
345 3 2 0 10 595 251 596 255
346 3 2 0 10 580 479 607 427
347 3 2 0 10 579 428 608 480
348 3 2 0 10 607 316 619 325
349 3 2 0 10 608 326 620 314
350 3 2 0 10 566 751 635 299
351 3 2 0 10 567 298 636 293
352 3 2 0 10 622 326 637 290
353 3 2 0 10 588 438 637 428
354 3 2 0 10 621 289 638 325
355 3 2 0 10 589 427 638 437
356 3 2 0 10 605 301 641 306
357 3 2 0 10 595 425 641 468
358 3 2 0 10 606 304 642 302
359 3 2 0 10 596 469 642 426
360 3 2 0 10 636 419 664 383
361 3 2 0 10 635 382 665 418
362 3 2 0 10 611 310 668 320
363 3 2 0 10 603 377 668 475
364 3 2 0 10 464 320 668 377
365 3 2 0 10 612 323 669 309
366 3 2 0 10 604 477 669 378
367 3 2 0 10 465 378 669 323
368 3 2 0 10 673 587 674 253
369 3 2 0 10 720 681 381 541
370 3 2 0 10 683 264 684 563
371 3 2 0 10 53 54 685 548
372 3 2 0 10 336 548 685 534
373 3 2 0 10 414 363 686 281
374 3 2 0 10 263 380 424 689
375 3 2 0 10 263 690 423 379
376 3 2 0 10 306 695 439 286
377 3 2 0 10 304 285 440 696
378 3 2 0 10 430 421 697 288
379 3 2 0 10 429 287 698 420
380 3 2 0 10 412 435 702 292
381 3 2 0 10 413 291 703 436
382 3 2 0 10 569 385 705 415
383 3 2 0 10 364 415 705 280
384 3 2 0 10 568 414 706 384
385 3 2 0 10 284 706 414 281
386 3 2 0 10 631 389 707 577
387 3 2 0 10 280 705 708 763
388 3 2 0 10 297 384 706 284
389 3 2 0 10 252 718 414 568
390 3 2 0 10 252 569 415 719
391 3 2 0 10 481 300 720 372
392 3 2 0 10 284 721 395 297
393 3 2 0 10 708 296 722 763
394 3 2 0 10 544 329 735 389
395 3 2 0 10 696 440 741 426
396 3 2 0 10 695 425 742 439
397 3 2 0 10 651 466 745 441
398 3 2 0 10 639 442 746 467
399 3 2 0 10 406 455 747 713
400 3 2 0 10 289 313 423 749
401 3 2 0 10 290 750 424 315
402 3 2 0 10 520 504 752 484
403 3 2 0 10 666 470 756 401
404 3 2 0 10 667 405 757 471
405 3 2 0 10 316 764 433 317
406 3 2 0 10 314 318 434 765
407 3 2 0 10 502 331 791 510
408 3 2 0 10 510 791 494 562
409 3 2 0 10 389 631 794 368
410 3 2 0 10 867 536 795 354
411 3 2 0 10 349 551 805 489
412 3 2 0 10 266 508 489 805
413 3 2 0 10 574 266 806 273
414 3 2 0 10 789 553 811 350
415 3 2 0 10 332 514 818 717
416 3 2 0 10 722 296 828 394
417 3 2 0 10 741 829 742 255
418 3 2 0 10 189 190 834 531
419 3 2 0 10 23 24 498 840
420 3 2 0 10 216 841 499 217
421 3 2 0 10 528 844 545 346
422 3 2 0 10 60 61 844 528
423 3 2 0 10 760 700 792 313
424 3 2 0 10 761 315 793 701
425 3 2 0 10 257 729 361 530
426 3 2 0 10 257 530 362 730
427 3 2 0 10 544 332 717 790
428 3 2 0 10 796 366 790 717
429 3 2 0 10 12 13 652 803
430 3 2 0 10 481 372 553 801
431 3 2 0 10 242 640 575 243
432 3 2 0 10 404 731 575 640
433 3 2 0 10 404 693 738 731
434 3 2 0 10 32 33 727 633
435 3 2 0 10 416 633 727 392
436 3 2 0 10 443 701 623 392
437 3 2 0 10 225 632 728 226
438 3 2 0 10 417 393 728 632
439 3 2 0 10 444 393 624 700
440 3 2 0 10 17 18 830 658
441 3 2 0 10 210 657 831 211
442 3 2 0 10 15 16 592 704
443 3 2 0 10 462 398 704 592
444 3 2 0 10 210 209 699 657
445 3 2 0 10 463 657 699 399
446 3 2 0 10 41 42 597 644
447 3 2 0 10 458 400 644 597
448 3 2 0 10 39 40 666 770
449 3 2 0 10 407 770 666 401
450 3 2 0 10 309 321 781 756
451 3 2 0 10 407 401 756 781
452 3 2 0 10 234 643 598 235
453 3 2 0 10 459 598 643 403
454 3 2 0 10 241 661 640 242
455 3 2 0 10 472 404 640 661
456 3 2 0 10 232 771 667 233
457 3 2 0 10 408 405 667 771
458 3 2 0 10 310 757 782 319
459 3 2 0 10 408 782 757 405
460 3 2 0 10 13 14 578 652
461 3 2 0 10 367 652 578 406
462 3 2 0 10 38 39 770 733
463 3 2 0 10 431 733 770 407
464 3 2 0 10 231 734 771 232
465 3 2 0 10 432 408 771 734
466 3 2 0 10 44 45 662 809
467 3 2 0 10 237 810 663 238
468 3 2 0 10 43 44 809 653
469 3 2 0 10 236 654 810 237
470 3 2 0 10 30 31 646 780
471 3 2 0 10 223 779 647 224
472 3 2 0 10 31 32 633 646
473 3 2 0 10 392 623 753 416
474 3 2 0 10 224 647 632 225
475 3 2 0 10 393 417 754 624
476 3 2 0 10 255 742 425 595
477 3 2 0 10 306 641 425 695
478 3 2 0 10 255 596 426 741
479 3 2 0 10 304 696 426 642
480 3 2 0 10 270 580 427 589
481 3 2 0 10 325 638 427 607
482 3 2 0 10 270 588 428 579
483 3 2 0 10 326 608 428 637
484 3 2 0 10 37 38 733 600
485 3 2 0 10 473 600 733 431
486 3 2 0 10 230 599 734 231
487 3 2 0 10 474 432 734 599
488 3 2 0 10 289 749 437 638
489 3 2 0 10 290 637 438 750
490 3 2 0 10 303 843 441 745
491 3 2 0 10 305 746 442 842
492 3 2 0 10 33 34 613 727
493 3 2 0 10 392 727 613 443
494 3 2 0 10 226 728 614 227
495 3 2 0 10 393 444 614 728
496 3 2 0 10 46 47 650 655
497 3 2 0 10 449 655 650 445
498 3 2 0 10 239 656 649 240
499 3 2 0 10 450 446 649 656
500 3 2 0 10 45 46 655 662
501 3 2 0 10 238 663 656 239
502 3 2 0 10 29 30 780 630
503 3 2 0 10 222 629 779 223
504 3 2 0 10 35 36 618 615
505 3 2 0 10 456 615 618 451
506 3 2 0 10 326 622 451 620
507 3 2 0 10 228 616 617 229
508 3 2 0 10 457 452 617 616
509 3 2 0 10 325 619 452 621
510 3 2 0 10 27 28 609 651
511 3 2 0 10 466 651 609 453
512 3 2 0 10 220 639 610 221
513 3 2 0 10 467 454 610 639
514 3 2 0 10 14 15 704 578
515 3 2 0 10 406 578 704 455
516 3 2 0 10 34 35 615 613
517 3 2 0 10 443 613 615 456
518 3 2 0 10 227 614 616 228
519 3 2 0 10 444 457 616 614
520 3 2 0 10 42 43 653 597
521 3 2 0 10 409 458 597 653
522 3 2 0 10 235 598 654 236
523 3 2 0 10 410 654 598 459
524 3 2 0 10 28 29 630 609
525 3 2 0 10 453 609 630 460
526 3 2 0 10 221 610 629 222
527 3 2 0 10 454 461 629 610
528 3 2 0 10 16 17 658 592
529 3 2 0 10 303 745 606 302
530 3 2 0 10 453 606 745 466
531 3 2 0 10 305 301 605 746
532 3 2 0 10 454 467 746 605
533 3 2 0 10 40 41 644 666
534 3 2 0 10 400 470 666 644
535 3 2 0 10 309 756 470 612
536 3 2 0 10 47 48 670 650
537 3 2 0 10 402 445 650 670
538 3 2 0 10 233 667 643 234
539 3 2 0 10 403 643 667 471
540 3 2 0 10 310 611 471 757
541 3 2 0 10 240 649 661 241
542 3 2 0 10 446 472 661 649
543 3 2 0 10 36 37 600 618
544 3 2 0 10 451 618 600 473
545 3 2 0 10 318 314 620 723
546 3 2 0 10 451 473 723 620
547 3 2 0 10 229 617 599 230
548 3 2 0 10 452 474 599 617
549 3 2 0 10 317 724 619 316
550 3 2 0 10 452 619 724 474
551 3 2 0 10 264 260 603 601
552 3 2 0 10 586 601 603 475
553 3 2 0 10 310 570 475 668
554 3 2 0 10 264 602 604 260
555 3 2 0 10 585 477 604 602
556 3 2 0 10 309 669 477 571
557 3 2 0 10 316 607 479 764
558 3 2 0 10 314 765 480 608
559 3 2 0 10 266 805 551 806
560 3 2 0 10 373 811 553 372
561 3 2 0 10 830 394 828 658
562 3 2 0 10 592 658 828 462
563 3 2 0 10 395 657 463 566
564 3 2 0 10 510 562 548 336
565 3 2 0 10 519 839 339 503
566 3 2 0 10 202 201 812 539
567 3 2 0 10 390 559 558 572
568 3 2 0 10 391 573 558 560
569 3 2 0 10 273 825 565 574
570 3 2 0 10 673 253 776 584
571 3 2 0 10 252 568 584 776
572 3 2 0 10 674 583 776 253
573 3 2 0 10 252 776 583 569
574 3 2 0 10 684 586 590 387
575 3 2 0 10 475 570 590 586
576 3 2 0 10 683 388 591 585
577 3 2 0 10 477 585 591 571
578 3 2 0 10 261 715 744 572
579 3 2 0 10 261 573 743 716
580 3 2 0 10 366 581 575 731
581 3 2 0 10 330 625 634 322
582 3 2 0 10 386 576 634 625
583 3 2 0 10 273 631 577 825
584 3 2 0 10 411 772 582 682
585 3 2 0 10 264 683 585 602
586 3 2 0 10 264 601 586 684
587 3 2 0 10 418 665 587 673
588 3 2 0 10 419 674 587 664
589 3 2 0 10 260 714 788 603
590 3 2 0 10 260 604 787 714
591 3 2 0 10 389 735 628 707
592 3 2 0 10 716 743 697 421
593 3 2 0 10 715 420 698 744
594 3 2 0 10 333 680 524 500
595 3 2 0 10 330 411 682 533
596 3 2 0 10 359 796 717 818
597 3 2 0 10 329 544 790 738
598 3 2 0 10 366 731 738 790
599 3 2 0 10 440 786 829 741
600 3 2 0 10 439 742 829 785
601 3 2 0 10 631 273 806 794
602 3 2 0 10 714 787 560 267
603 3 2 0 10 391 560 787 465
604 3 2 0 10 604 378 465 787
605 3 2 0 10 714 267 559 788
606 3 2 0 10 390 464 788 559
607 3 2 0 10 603 788 464 377
608 3 2 0 10 288 692 478 430
609 3 2 0 10 576 478 692 634
610 3 2 0 10 287 429 476 691
611 3 2 0 10 707 628 691 476
612 3 2 0 10 449 445 826 659
613 3 2 0 10 201 7 186 812
614 3 2 0 10 298 296 708 824
615 3 2 0 10 705 385 824 708
616 3 2 0 10 296 298 567 828
617 3 2 0 10 398 462 828 567
618 3 2 0 10 299 823 384 297
619 3 2 0 10 395 566 299 297
620 3 2 0 10 211 831 784 212
621 3 2 0 10 18 19 783 830
622 3 2 0 10 821 308 679 286
623 3 2 0 10 822 285 678 307
624 3 2 0 10 447 709 651 441
625 3 2 0 10 27 651 709 26
626 3 2 0 10 448 442 639 710
627 3 2 0 10 220 219 710 639
628 3 2 0 10 825 577 807 265
629 3 2 0 10 476 807 577 707
630 3 2 0 10 825 265 808 565
631 3 2 0 10 478 576 565 808
632 3 2 0 10 362 413 436 730
633 3 2 0 10 436 778 256 730
634 3 2 0 10 730 256 729 257
635 3 2 0 10 361 729 435 412
636 3 2 0 10 435 729 256 777
637 3 2 0 10 313 792 379 423
638 3 2 0 10 379 792 736 422
639 3 2 0 10 315 424 380 793
640 3 2 0 10 380 648 737 793
641 3 2 0 10 259 422 374 813
642 3 2 0 10 259 814 375 648
643 3 2 0 10 472 827 693 404
644 3 2 0 10 322 826 445 402
645 3 2 0 10 413 362 800 688
646 3 2 0 10 412 687 799 361
647 3 2 0 10 541 373 372 720
648 3 2 0 10 582 772 49 50
649 3 2 0 10 48 49 772 670
650 3 2 0 10 411 402 670 772
651 3 2 0 10 244 581 564 245
652 3 2 0 10 366 796 564 581
653 3 2 0 10 698 287 660 311
654 3 2 0 10 691 324 660 287
655 3 2 0 10 450 726 311 660
656 3 2 0 10 697 312 659 288
657 3 2 0 10 449 659 312 725
658 3 2 0 10 431 407 781 838
659 3 2 0 10 321 816 838 781
660 3 2 0 10 432 837 782 408
661 3 2 0 10 319 782 837 815
662 3 2 0 10 829 258 813 785
663 3 2 0 10 829 786 814 258
664 3 2 0 10 308 821 374 711
665 3 2 0 10 307 712 375 822
666 3 2 0 10 473 431 838 723
667 3 2 0 10 474 724 837 432
668 3 2 0 10 518 277 818 514
669 3 2 0 10 277 503 359 818
670 3 2 0 10 282 300 481 767
671 3 2 0 10 305 842 626 292
672 3 2 0 10 442 448 626 842
673 3 2 0 10 303 291 627 843
674 3 2 0 10 441 843 627 447
675 3 2 0 10 373 484 752 811
676 3 2 0 10 379 422 259 555
677 3 2 0 10 380 555 259 648
678 3 2 0 10 508 266 820 365
679 3 2 0 10 266 574 386 820
680 3 2 0 10 420 715 261 832
681 3 2 0 10 430 833 716 421
682 3 2 0 10 375 712 737 648
683 3 2 0 10 374 422 736 711
684 3 2 0 10 345 561 205 204
685 3 2 0 10 206 205 561 369
686 3 2 0 10 652 367 360 803
687 3 2 0 10 207 206 369 773
688 3 2 0 10 367 406 713 732
689 3 2 0 10 750 438 689 424
690 3 2 0 10 438 588 271 689
691 3 2 0 10 689 271 690 263
692 3 2 0 10 749 423 690 437
693 3 2 0 10 437 690 271 589
694 3 2 0 10 387 268 563 684
695 3 2 0 10 388 683 563 645
696 3 2 0 10 568 384 823 584
697 3 2 0 10 635 418 823 299
698 3 2 0 10 418 673 584 823
699 3 2 0 10 569 583 824 385
700 3 2 0 10 636 298 824 419
701 3 2 0 10 419 824 583 674
702 3 2 0 10 573 391 798 743
703 3 2 0 10 312 697 743 798
704 3 2 0 10 572 744 797 390
705 3 2 0 10 311 797 744 698
706 3 2 0 10 365 820 330 533
707 3 2 0 10 386 625 330 820
708 3 2 0 10 300 675 681 720
709 3 2 0 10 561 381 681 369
710 3 2 0 10 369 681 675 773
711 3 2 0 10 364 677 719 415
712 3 2 0 10 719 677 718 252
713 3 2 0 10 254 676 718 677
714 3 2 0 10 363 414 718 676
715 3 2 0 10 52 53 548 562
716 3 2 0 10 557 347 357 529
717 3 2 0 10 357 537 527 529
718 3 2 0 10 499 594 626 448
719 3 2 0 10 498 447 627 593
720 3 2 0 10 291 303 302 703
721 3 2 0 10 469 703 302 642
722 3 2 0 10 703 469 778 436
723 3 2 0 10 469 596 251 778
724 3 2 0 10 778 251 777 256
725 3 2 0 10 468 777 251 595
726 3 2 0 10 292 702 301 305
727 3 2 0 10 777 468 702 435
728 3 2 0 10 468 641 301 702
729 3 2 0 10 701 443 456 761
730 3 2 0 10 451 622 761 456
731 3 2 0 10 315 761 622 290
732 3 2 0 10 700 760 457 444
733 3 2 0 10 452 457 760 621
734 3 2 0 10 313 289 621 760
735 3 2 0 10 327 323 612 672
736 3 2 0 10 409 672 400 458
737 3 2 0 10 470 400 672 612
738 3 2 0 10 328 671 611 320
739 3 2 0 10 410 459 403 671
740 3 2 0 10 471 611 671 403
741 3 2 0 10 535 274 547 543
742 3 2 0 10 534 348 275 547
743 3 2 0 10 394 830 783 722
744 3 2 0 10 657 395 721 831
745 3 2 0 10 283 293 636 769
746 3 2 0 10 713 747 293 283
747 3 2 0 10 704 398 747 455
748 3 2 0 10 293 747 398 567
749 3 2 0 10 282 767 635 751
750 3 2 0 10 463 399 751 566
751 3 2 0 10 300 282 819 675
752 3 2 0 10 450 660 324 446
753 3 2 0 10 472 446 324 827
754 3 2 0 10 250 350 811 752
755 3 2 0 10 195 524 680 194
756 3 2 0 10 503 339 845 359
757 3 2 0 10 495 360 846 278
758 3 2 0 10 367 732 846 360
759 3 2 0 10 350 250 849 789
760 3 2 0 10 306 850 454 605
761 3 2 0 10 304 606 453 851
762 3 2 0 10 849 250 854 490
763 3 2 0 10 501 482 854 504
764 3 2 0 10 752 504 854 250
765 3 2 0 10 479 580 262 855
766 3 2 0 10 480 856 262 579
767 3 2 0 10 420 832 858 429
768 3 2 0 10 538 370 859 254
769 3 2 0 10 363 676 254 859
770 3 2 0 10 538 254 860 371
771 3 2 0 10 364 860 254 677
772 3 2 0 10 295 759 860 364
773 3 2 0 10 800 371 860 759
774 3 2 0 10 686 363 859 758
775 3 2 0 10 799 758 859 370
776 3 2 0 10 429 858 807 476
777 3 2 0 10 430 478 808 857
778 3 2 0 10 774 847 759 295
779 3 2 0 10 775 294 758 848
780 3 2 0 10 461 679 308 853
781 3 2 0 10 460 852 307 678
782 3 2 0 10 306 286 679 850
783 3 2 0 10 454 850 679 461
784 3 2 0 10 304 851 678 285
785 3 2 0 10 453 460 678 851
786 3 2 0 10 764 479 855 433
787 3 2 0 10 387 433 855 268
788 3 2 0 10 855 262 856 268
789 3 2 0 10 563 268 856 645
790 3 2 0 10 765 434 856 480
791 3 2 0 10 388 645 856 434
792 3 2 0 10 245 564 845 246
793 3 2 0 10 796 359 845 564
794 3 2 0 10 246 845 358 247
795 3 2 0 10 68 525 861 67
796 3 2 0 10 512 343 861 525
797 3 2 0 10 486 748 755 335
798 3 2 0 10 530 361 799 802
799 3 2 0 10 538 802 799 370
800 3 2 0 10 530 802 800 362
801 3 2 0 10 538 371 800 802
802 3 2 0 10 11 12 803 485
803 3 2 0 10 854 482 483 490
804 3 2 0 10 483 337 862 490
805 3 2 0 10 332 368 794 492
806 3 2 0 10 492 794 806 551
807 3 2 0 10 259 813 258 814
808 3 2 0 10 364 280 835 295
809 3 2 0 10 774 295 835 396
810 3 2 0 10 686 836 762 281
811 3 2 0 10 775 397 836 294
812 3 2 0 10 758 294 836 686
813 3 2 0 10 582 494 791 682
814 3 2 0 10 331 533 682 791
815 3 2 0 10 396 840 498 774
816 3 2 0 10 847 774 498 593
817 3 2 0 10 848 594 499 775
818 3 2 0 10 397 775 499 841
819 3 2 0 10 282 751 399 819
820 3 2 0 10 216 215 397 841
821 3 2 0 10 23 840 396 22
822 3 2 0 10 186 187 532 812
823 3 2 0 10 539 812 532 352
824 3 2 0 10 716 833 832 261
825 3 2 0 10 430 857 269 833
826 3 2 0 10 269 858 832 833
827 3 2 0 10 636 383 766 769
828 3 2 0 10 321 591 388 816
829 3 2 0 10 388 434 318 816
830 3 2 0 10 723 838 816 318
831 3 2 0 10 319 815 387 590
832 3 2 0 10 387 815 317 433
833 3 2 0 10 724 317 815 837
834 3 2 0 10 413 688 627 291
835 3 2 0 10 627 688 847 593
836 3 2 0 10 759 847 688 800
837 3 2 0 10 412 292 626 687
838 3 2 0 10 626 594 848 687
839 3 2 0 10 758 799 687 848
840 3 2 0 10 540 531 834 521
841 3 2 0 10 623 701 793 737
842 3 2 0 10 624 736 792 700
843 3 2 0 10 738 693 735 329
844 3 2 0 10 691 628 827 324
845 3 2 0 10 693 827 628 735
846 3 2 0 10 286 439 785 821
847 3 2 0 10 374 821 785 813
848 3 2 0 10 285 822 786 440
849 3 2 0 10 375 814 786 822
850 3 2 0 10 655 449 725 662
851 3 2 0 10 656 663 726 450
852 3 2 0 10 858 269 265 807
853 3 2 0 10 857 808 265 269
854 3 2 0 10 623 737 712 753
855 3 2 0 10 624 754 711 736
856 3 2 0 10 281 762 721 284
857 3 2 0 10 784 762 836 497
858 3 2 0 10 831 721 762 784
859 3 2 0 10 280 763 496 835
860 3 2 0 10 496 763 722 783
861 3 2 0 10 635 767 768 382
862 3 2 0 10 801 768 767 481
863 3 2 0 10 536 488 817 795
864 3 2 0 10 517 546 795 817
865 3 2 0 10 550 554 795 546
866 3 2 0 10 653 809 740 409
867 3 2 0 10 662 725 740 809
868 3 2 0 10 654 410 739 810
869 3 2 0 10 663 810 739 726
870 3 2 0 10 795 554 865 354
871 3 2 0 10 351 866 512 525
872 3 2 0 10 865 863 867 354
873 3 2 0 10 675 819 868 773
874 3 2 0 10 208 207 773 868
875 3 2 0 10 817 488 511 869
876 3 2 0 10 517 817 869 337
877 3 2 0 10 499 448 710 872
878 3 2 0 10 498 873 709 447
879 3 2 0 10 836 397 875 497
880 3 2 0 10 397 215 214 875
881 3 2 0 10 835 496 876 396
882 3 2 0 10 396 876 21 22
883 3 2 0 10 360 495 340 877
884 3 2 0 10 803 360 877 485
885 3 2 0 10 499 872 218 217
886 3 2 0 10 219 218 872 710
887 3 2 0 10 498 24 25 873
888 3 2 0 10 26 709 873 25
889 3 2 0 10 209 208 868 699
890 3 2 0 10 399 699 868 819
891 3 2 0 10 200 863 865 199
892 3 2 0 10 283 769 766 864
893 3 2 0 10 846 732 713 870
894 3 2 0 10 713 283 864 870
895 3 2 0 10 199 865 554 198
896 3 2 0 10 376 694 801 553
897 3 2 0 10 664 587 665 383
898 3 2 0 10 288 659 826 692
899 3 2 0 10 322 634 692 826
900 3 2 0 10 725 312 798 740
901 3 2 0 10 391 327 740 798
902 3 2 0 10 327 672 409 740
903 3 2 0 10 726 739 797 311
904 3 2 0 10 390 797 739 328
905 3 2 0 10 328 739 410 671
906 3 2 0 10 711 754 853 308
907 3 2 0 10 461 853 779 629
908 3 2 0 10 712 307 852 753
909 3 2 0 10 460 630 780 852
910 3 2 0 10 482 501 878 333
911 3 2 0 10 343 506 879 861
912 3 2 0 10 335 755 879 506
913 3 2 0 10 417 882 853 754
914 3 2 0 10 632 647 882 417
915 3 2 0 10 416 753 852 883
916 3 2 0 10 633 416 883 646
917 3 2 0 10 755 65 66 879
918 3 2 0 10 67 861 879 66
919 3 2 0 10 647 779 853 882
920 3 2 0 10 646 883 852 780
921 3 2 0 10 10 11 485 880
922 3 2 0 10 485 877 340 880
923 3 2 0 10 536 867 880 340
924 3 2 0 10 341 521 878 501
925 3 2 0 10 212 784 497 213
926 3 2 0 10 875 214 213 497
927 3 2 0 10 19 20 496 783
928 3 2 0 10 876 496 20 21
929 3 2 0 10 846 870 376 871
930 3 2 0 10 694 376 870 864
931 3 2 0 10 665 382 768 804
932 3 2 0 10 766 383 665 804
933 3 2 0 10 845 339 874 358
934 3 2 0 10 834 881 878 521
935 3 2 0 10 864 766 804 694
936 3 2 0 10 768 801 694 804
937 3 2 0 10 348 556 355 275
938 3 2 0 10 9 10 880 867
939 3 2 0 10 339 839 885 874
940 3 2 0 10 866 351 549 884
941 3 2 0 10 512 866 885 839
942 3 2 0 10 866 884 874 885
943 3 2 0 10 886 278 846 871
944 3 2 0 10 278 886 862 511
945 3 2 0 10 862 886 849 490
946 3 2 0 10 553 789 871 376
947 3 2 0 10 849 886 871 789
948 3 2 0 10 337 869 511 862
949 3 2 0 10 346 543 887 528
950 3 2 0 10 547 275 887 543
951 3 2 0 10 275 355 528 887
952 3 2 0 10 549 356 889 884
953 3 2 0 10 534 685 888 348
954 3 2 0 10 54 55 888 685
955 3 2 0 10 247 358 874 248
956 3 2 0 10 884 889 248 874
957 3 2 0 10 65 755 748 64
958 3 2 0 10 58 59 355 556
959 3 2 0 10 57 58 556 890
960 3 2 0 10 57 890 56 2
961 3 2 0 10 248 889 356 249
962 3 2 0 10 3 249 356 71
963 3 2 0 10 9 867 863 8
964 3 2 0 10 1 8 863 200
965 3 2 0 10 55 56 890 888
966 3 2 0 10 348 888 890 556
967 3 2 0 10 881 680 333 878
968 3 2 0 10 891 63 64 748
969 3 2 0 12 2225 1016 1324 2226
970 3 2 0 12 1324 73 74 2226
971 3 2 0 12 1016 2225 1357 1309
972 3 2 0 12 74 75 2225 2226
973 3 2 0 12 1021 1008 1023 917
974 3 2 0 12 996 921 1026 1012
975 3 2 0 12 248 1037 1036 247
976 3 2 0 12 145 1025 1005 144
977 3 2 0 12 148 149 1029 1018
978 3 2 0 12 996 1018 1029 1007
979 3 2 0 12 936 1035 150 151
980 3 2 0 12 149 150 1035 1029
981 3 2 0 12 1007 1029 1035 932
982 3 2 0 12 246 247 1036 1041
983 3 2 0 12 181 1203 1195 180
984 3 2 0 12 1168 1221 1236 1011
985 3 2 0 12 243 244 1241 984
986 3 2 0 12 1215 1225 1241 991
987 3 2 0 12 209 1280 997 208
988 3 2 0 12 1247 994 1217 1291
989 3 2 0 12 1024 1247 1291 918
990 3 2 0 12 922 1283 1292 919
991 3 2 0 12 1277 1023 1318 1178
992 3 2 0 12 101 1010 1327 100
993 3 2 0 12 100 1327 1310 99
994 3 2 0 12 966 1259 914 1330
995 3 2 0 12 1014 1331 914 1279
996 3 2 0 12 1007 932 1349 929
997 3 2 0 12 109 1030 1350 108
998 3 2 0 12 1009 1020 1352 1323
999 3 2 0 12 927 1352 1020 1002
1000 3 2 0 12 926 1031 1027 1353
1001 3 2 0 12 922 919 1355 1237
1002 3 2 0 12 1235 1237 1355 982
1003 3 2 0 12 146 1362 1025 145
1004 3 2 0 12 1247 1024 1363 1256
1005 3 2 0 12 1324 1016 1249 1364
1006 3 2 0 12 152 6 153 1374
1007 3 2 0 12 151 152 1374 936
1008 3 2 0 12 923 1375 929 925
1009 3 2 0 12 919 1292 1375 923
1010 3 2 0 12 1007 929 1375 1311
1011 3 2 0 12 245 246 1041 1308
1012 3 2 0 12 942 1344 1333 1074
1013 3 2 0 12 83 1170 1316 82
1014 3 2 0 12 915 1365 1171 1172
1015 3 2 0 12 915 1172 1174 1337
1016 3 2 0 12 900 1019 1184 1183
1017 3 2 0 12 1356 986 1303 1251
1018 3 2 0 12 980 1194 1251 1303
1019 3 2 0 12 1281 1253 1255 920
1020 3 2 0 12 988 1255 1253 1196
1021 3 2 0 12 1033 1368 1199 1205
1022 3 2 0 12 142 1245 1248 5
1023 3 2 0 12 915 1337 1225 1215
1024 3 2 0 12 982 1293 1216 1284
1025 3 2 0 12 1011 1236 1291 1217
1026 3 2 0 12 984 1241 1225 1246
1027 3 2 0 12 1275 1001 1319 1256
1028 3 2 0 12 994 1247 1256 1319
1029 3 2 0 12 914 1259 1282 1279
1030 3 2 0 12 990 1282 1259 1180
1031 3 2 0 12 1275 1250 1309 1001
1032 3 2 0 12 1016 1309 1250 1249
1033 3 2 0 12 998 1276 1356 1251
1034 3 2 0 12 927 1275 1256 1363
1035 3 2 0 12 1034 1265 1371 1003
1036 3 2 0 12 1243 1366 1327 1010
1037 3 2 0 12 998 1310 1327 1366
1038 3 2 0 12 1342 1014 1328 1358
1039 3 2 0 12 1039 1322 1358 1328
1040 3 2 0 12 927 1363 1323 1352
1041 3 2 0 12 1267 1025 1362 1000
1042 3 2 0 12 925 1341 1286 923
1043 3 2 0 12 1003 995 1286 1341
1044 3 2 0 12 924 930 1328 1305
1045 3 2 0 12 1014 1279 1305 1328
1046 3 2 0 12 1151 242 243 984
1047 3 2 0 12 182 1266 1203 181
1048 3 2 0 12 1307 1203 1266 999
1049 3 2 0 12 1001 1309 1357 1254
1050 3 2 0 12 989 995 1312 1290
1051 3 2 0 12 158 1290 1312 157
1052 3 2 0 12 1357 76 77 1254
1053 3 2 0 12 1266 182 183 1017
1054 3 2 0 12 985 1226 1193 1216
1055 3 2 0 12 1328 930 1339 1039
1056 3 2 0 12 930 1258 1307 1339
1057 3 2 0 12 933 1031 1276 1243
1058 3 2 0 12 1356 1276 1031 926
1059 3 2 0 12 998 1366 1243 1276
1060 3 2 0 12 172 173 1228 1314
1061 3 2 0 12 172 1314 1191 171
1062 3 2 0 12 164 165 1169 1367
1063 3 2 0 12 159 1325 1290 158
1064 3 2 0 12 985 989 1290 1325
1065 3 2 0 12 147 148 1018 1360
1066 3 2 0 12 1012 1360 1018 996
1067 3 2 0 12 995 1003 1371 1312
1068 3 2 0 12 1212 1326 1009 1013
1069 3 2 0 12 1013 1009 1323 1370
1070 3 2 0 12 1363 1024 1370 1323
1071 3 2 0 12 920 1267 1000 1359
1072 3 2 0 12 1012 1026 1359 1000
1073 3 2 0 12 245 1308 1241 244
1074 3 2 0 12 206 1361 1342 205
1075 3 2 0 12 925 929 1349 1341
1076 3 2 0 12 1003 1341 1349 1034
1077 3 2 0 12 1036 931 1343 1041
1078 3 2 0 12 931 1036 1037 1315
1079 3 2 0 12 1216 1293 989 985
1080 3 2 0 12 904 1262 1288 1289
1081 3 2 0 12 921 996 1007 1311
1082 3 2 0 12 923 1286 1355 919
1083 3 2 0 12 995 989 1293 1286
1084 3 2 0 12 982 1355 1286 1293
1085 3 2 0 12 1265 155 156 1371
1086 3 2 0 12 157 1312 1371 156
1087 3 2 0 12 1023 1277 1233 917
1088 3 2 0 12 1004 1233 1277 1260
1089 3 2 0 12 146 147 1360 1362
1090 3 2 0 12 1000 1362 1360 1012
1091 3 2 0 12 154 1295 1374 153
1092 3 2 0 12 1264 1187 1008 990
1093 3 2 0 12 1305 1279 1282 924
1094 3 2 0 12 990 1008 1021 1282
1095 3 2 0 12 1025 1267 1300 1005
1096 3 2 0 12 920 1255 1300 1267
1097 3 2 0 12 1365 915 1215 1271
1098 3 2 0 12 991 1296 1271 1215
1099 3 2 0 12 1330 914 1331 1022
1100 3 2 0 12 1014 1342 1361 1331
1101 3 2 0 12 205 1342 1358 204
1102 3 2 0 12 72 73 1324 935
1103 3 2 0 12 1392 1053 1437 1382
1104 3 2 0 12 955 1489 1493 1294
1105 3 2 0 12 1448 1070 1497 1443
1106 3 2 0 12 1486 1201 1472 1500
1107 3 2 0 12 1430 1120 1508 1525
1108 3 2 0 12 1443 1329 962 1555
1109 3 2 0 12 1429 1561 1407 1238
1110 3 2 0 12 1401 1465 1565 1202
1111 3 2 0 12 1112 1089 1568 1540
1112 3 2 0 12 1394 1174 1172 1773
1113 3 2 0 12 1189 965 1515 1583
1114 3 2 0 12 1447 1119 1587 1376
1115 3 2 0 12 1588 1539 1603 1091
1116 3 2 0 12 1566 1390 1605 1141
1117 3 2 0 12 1468 1049 1609 1422
1118 3 2 0 12 1557 950 1612 1485
1119 3 2 0 12 1547 1175 1617 1537
1120 3 2 0 12 941 1524 1632 1302
1121 3 2 0 12 1498 975 1638 1623
1122 3 2 0 12 1630 1411 1640 1062
1123 3 2 0 12 1388 1641 1595 1607
1124 3 2 0 12 1586 1585 1644 1110
1125 3 2 0 12 1438 1126 1647 1461
1126 3 2 0 12 1535 1067 1652 1529
1127 3 2 0 12 1136 1183 945 1658
1128 3 2 0 12 1626 1269 1599 1659
1129 3 2 0 12 1489 955 1660 1473
1130 3 2 0 12 1446 1661 1621 1060
1131 3 2 0 12 1571 1140 1570 1663
1132 3 2 0 12 1598 1662 1675 1197
1133 3 2 0 12 1604 1073 1680 1515
1134 3 2 0 12 1649 1123 1680 1518
1135 3 2 0 12 1603 1528 1681 1091
1136 3 2 0 12 1647 1126 1683 1176
1137 3 2 0 12 1579 1306 1176 1683
1138 3 2 0 12 1631 1495 1688 1155
1139 3 2 0 12 1684 1268 1689 1578
1140 3 2 0 12 1087 1692 1234 1622
1141 3 2 0 12 1658 1109 1696 1136
1142 3 2 0 12 1569 1051 1480 1698
1143 3 2 0 12 1622 1234 1700 983
1144 3 2 0 12 1516 1118 1702 1495
1145 3 2 0 12 908 1269 1626 1707
1146 3 2 0 12 1225 1337 1714 1246
1147 3 2 0 12 984 1246 1714 1151
1148 3 2 0 12 1109 1658 945 1716
1149 3 2 0 12 1643 949 1717 1252
1150 3 2 0 12 1167 1720 947 1632
1151 3 2 0 12 1689 1268 1722 1626
1152 3 2 0 12 1559 1562 1723 1220
1153 3 2 0 12 1465 1135 1724 1624
1154 3 2 0 12 1701 1477 1725 1138
1155 3 2 0 12 1485 1071 1726 1570
1156 3 2 0 12 1001 1254 1729 1319
1157 3 2 0 12 1523 1108 1734 1703
1158 3 2 0 12 1162 1703 1734 981
1159 3 2 0 12 942 1579 1735 1344
1160 3 2 0 12 1438 1718 1735 1126
1161 3 2 0 12 1474 1481 1736 1105
1162 3 2 0 12 1572 1105 1736 1509
1163 3 2 0 12 1013 977 1737 1212
1164 3 2 0 12 91 92 1229 1738
1165 3 2 0 12 1571 1663 1595 973
1166 3 2 0 12 1618 1155 1713 1745
1167 3 2 0 12 1652 1395 1749 1057
1168 3 2 0 12 1587 1119 1733 1751
1169 3 2 0 12 1612 1534 1756 1139
1170 3 2 0 12 982 1161 1758 1235
1171 3 2 0 12 1183 1184 1759 945
1172 3 2 0 12 1753 1759 1184 1154
1173 3 2 0 12 1452 1272 1761 1671
1174 3 2 0 12 1702 1453 1763 1116
1175 3 2 0 12 1619 1653 1763 1110
1176 3 2 0 12 1055 1378 1069 1764
1177 3 2 0 12 1552 1099 1765 1733
1178 3 2 0 12 1537 974 1766 1731
1179 3 2 0 12 1632 947 1768 1302
1180 3 2 0 12 896 1130 1768 1210
1181 3 2 0 12 1368 1181 1772 1032
1182 3 2 0 12 1301 1219 1772 1181
1183 3 2 0 12 1567 1137 1779 1534
1184 3 2 0 12 1693 1781 1701 1138
1185 3 2 0 12 1499 1065 1784 1542
1186 3 2 0 12 1566 1762 1784 1065
1187 3 2 0 12 974 1682 1786 1234
1188 3 2 0 12 1515 965 1790 1648
1189 3 2 0 12 1594 1498 1791 1087
1190 3 2 0 12 1266 1017 1792 999
1191 3 2 0 12 1516 911 1793 1509
1192 3 2 0 12 1513 1475 1796 1094
1193 3 2 0 12 994 1346 1798 1217
1194 3 2 0 12 1510 1093 1801 1473
1195 3 2 0 12 1182 1611 1805 1240
1196 3 2 0 12 1790 965 1805 1611
1197 3 2 0 12 1301 1808 1038 1285
1198 3 2 0 12 987 1708 1810 1163
1199 3 2 0 12 1552 1810 1708 1099
1200 3 2 0 12 1713 1530 1815 954
1201 3 2 0 12 1490 1569 1815 1192
1202 3 2 0 12 1551 1090 1824 1113
1203 3 2 0 12 1765 1099 1825 1563
1204 3 2 0 12 1660 958 1827 963
1205 3 2 0 12 1654 963 1827 960
1206 3 2 0 12 1405 1186 971 2071
1207 3 2 0 12 1688 1116 1828 1530
1208 3 2 0 12 909 905 1317 1829
1209 3 2 0 12 1282 1021 1831 924
1210 3 2 0 12 992 1258 1831 1320
1211 3 2 0 12 917 1320 1831 1021
1212 3 2 0 12 930 924 1831 1258
1213 3 2 0 12 1240 1280 1834 1182
1214 3 2 0 12 1186 978 1837 971
1215 3 2 0 12 1216 1193 971 1837
1216 3 2 0 12 1284 1216 1837 978
1217 3 2 0 12 241 242 1151 1838
1218 3 2 0 12 1672 1490 1847 1329
1219 3 2 0 12 976 1633 1314 1849
1220 3 2 0 12 1551 1550 1854 1090
1221 3 2 0 12 1427 1097 1855 1416
1222 3 2 0 12 1608 1159 1858 1548
1223 3 2 0 12 1668 1059 1869 1507
1224 3 2 0 12 1610 1433 1832 902
1225 3 2 0 12 208 997 1876 207
1226 3 2 0 12 1244 1195 1877 992
1227 3 2 0 12 1258 992 1877 1307
1228 3 2 0 12 1307 1877 1195 1203
1229 3 2 0 12 941 1302 1879 1840
1230 3 2 0 12 1559 1220 1522 1883
1231 3 2 0 12 1188 1264 1886 979
1232 3 2 0 12 990 1180 1886 1264
1233 3 2 0 12 1823 1214 1887 1181
1234 3 2 0 12 1723 1006 1891 1507
1235 3 2 0 12 946 1348 1892 1536
1236 3 2 0 12 1580 1149 1894 1415
1237 3 2 0 12 1720 1415 1894 947
1238 3 2 0 12 1391 1348 1895 1545
1239 3 2 0 12 1835 1207 1897 1248
1240 3 2 0 12 1591 1629 1902 1845
1241 3 2 0 12 1578 906 1905 1755
1242 3 2 0 12 82 1316 1906 81
1243 3 2 0 12 1168 1011 1906 1316
1244 3 2 0 12 201 1907 185 7
1245 3 2 0 12 982 1284 1908 1161
1246 3 2 0 12 1284 978 1642 1908
1247 3 2 0 12 1189 966 1330 1910
1248 3 2 0 12 1260 1321 1911 993
1249 3 2 0 12 112 1128 1915 111
1250 3 2 0 12 1230 1915 1128 1179
1251 3 2 0 12 1291 1236 1917 918
1252 3 2 0 12 1270 933 1922 934
1253 3 2 0 12 1243 1334 1922 933
1254 3 2 0 12 1241 1308 1923 991
1255 3 2 0 12 1296 991 1923 1343
1256 3 2 0 12 1343 1923 1308 1041
1257 3 2 0 12 1866 977 1221 1924
1258 3 2 0 12 1259 966 1927 1180
1259 3 2 0 12 1277 1928 1321 1260
1260 3 2 0 12 1271 1296 1930 1002
1261 3 2 0 12 1233 1932 1320 917
1262 3 2 0 12 1004 1244 1932 1233
1263 3 2 0 12 179 180 1195 1933
1264 3 2 0 12 85 1937 1531 84
1265 3 2 0 12 163 1273 1938 162
1266 3 2 0 12 1280 1240 1939 997
1267 3 2 0 12 176 177 1940 993
1268 3 2 0 12 1092 1944 904 1589
1269 3 2 0 12 1124 1947 1160 1420
1270 3 2 0 12 953 1816 1147 1287
1271 3 2 0 12 904 1944 1706 1152
1272 3 2 0 12 1218 1778 1647 1176
1273 3 2 0 12 912 1563 1178 1318
1274 3 2 0 12 946 1208 1812 1274
1275 3 2 0 12 913 1744 1913 1224
1276 3 2 0 12 1066 1643 1252 1889
1277 3 2 0 12 1157 1881 1252 1717
1278 3 2 0 12 1708 987 1928 1861
1279 3 2 0 12 1178 1861 1928 1277
1280 3 2 0 12 1183 1136 1829 900
1281 3 2 0 12 1859 900 1829 1317
1282 3 2 0 12 987 1789 1321 1928
1283 3 2 0 12 1735 1718 1904 1344
1284 3 2 0 12 177 178 1867 1940
1285 3 2 0 12 1130 1879 1302 1768
1286 3 2 0 12 1250 1275 927 1919
1287 3 2 0 12 980 1912 1697 1194
1288 3 2 0 12 93 94 1941 1842
1289 3 2 0 12 86 1880 1937 85
1290 3 2 0 12 1531 1937 1880 1202
1291 3 2 0 12 1319 1729 1346 994
1292 3 2 0 12 1195 1244 1004 1933
1293 3 2 0 12 1346 79 80 1798
1294 3 2 0 12 233 234 1712 1856
1295 3 2 0 12 1244 992 1320 1932
1296 3 2 0 12 909 1829 1136 1696
1297 3 2 0 12 1470 1392 1665 944
1298 3 2 0 12 1167 1665 1392 1382
1299 3 2 0 12 1091 2106 1383 1588
1300 3 2 0 12 1566 1065 1573 1390
1301 3 2 0 12 1053 1392 1470 1560
1302 3 2 0 12 1105 1749 1395 1474
1303 3 2 0 12 1486 1079 1657 1428
1304 3 2 0 12 1547 1137 1567 1439
1305 3 2 0 12 950 1399 1439 1567
1306 3 2 0 12 1671 1097 1742 1452
1307 3 2 0 12 1499 1150 1564 1456
1308 3 2 0 12 1539 1554 1424 1129
1309 3 2 0 12 1668 1242 1850 1506
1310 3 2 0 12 1242 1409 1419 1850
1311 3 2 0 12 1422 1471 1891 1006
1312 3 2 0 12 1242 1891 1471 1409
1313 3 2 0 12 1063 1640 1411 1455
1314 3 2 0 12 1382 1425 1720 1167
1315 3 2 0 12 1075 1519 1418 1752
1316 3 2 0 12 1388 1607 1435 1581
1317 3 2 0 12 1201 1457 1421 1655
1318 3 2 0 12 1006 1711 1468 1422
1319 3 2 0 12 1726 1071 1593 1482
1320 3 2 0 12 1097 1427 1442 1742
1321 3 2 0 12 968 1561 1429 1621
1322 3 2 0 12 1110 1644 1432 1619
1323 3 2 0 12 1076 1705 1432 1491
1324 3 2 0 12 1125 1543 1435 1607
1325 3 2 0 12 1904 1718 1470 944
1326 3 2 0 12 1045 1470 1718 1438
1327 3 2 0 12 1175 1547 1439 1505
1328 3 2 0 12 1081 1441 1450 1814
1329 3 2 0 12 1329 1443 1497 1672
1330 3 2 0 12 1227 1448 1443 1555
1331 3 2 0 12 1297 1085 1444 1636
1332 3 2 0 12 1091 1681 1449 2106
1333 3 2 0 12 1552 1637 1454 976
1334 3 2 0 12 1119 1447 1454 1637
1335 3 2 0 12 1110 1763 1453 1586
1336 3 2 0 12 1118 1512 1453 1702
1337 3 2 0 12 1314 1633 1590 1191
1338 3 2 0 12 976 1454 1590 1633
1339 3 2 0 12 1806 1340 1502 1785
1340 3 2 0 12 1063 1455 1785 1502
1341 3 2 0 12 1065 1499 1456 1573
1342 3 2 0 12 1778 949 1643 1647
1343 3 2 0 12 1066 1461 1647 1643
1344 3 2 0 12 972 1565 1465 1624
1345 3 2 0 12 1304 1645 1479 1467
1346 3 2 0 12 1106 1489 1473 1801
1347 3 2 0 12 963 1510 1473 1660
1348 3 2 0 12 1517 1481 1646 1525
1349 3 2 0 12 970 1646 1481 1474
1350 3 2 0 12 1107 1796 1475 1488
1351 3 2 0 12 1510 963 1654 1513
1352 3 2 0 12 956 1475 1513 1654
1353 3 2 0 12 1521 1073 1725 1487
1354 3 2 0 12 898 1487 1725 1477
1355 3 2 0 12 1154 1601 1477 1701
1356 3 2 0 12 1140 1571 1478 1620
1357 3 2 0 12 954 1698 1480 1523
1358 3 2 0 12 1118 1736 1481 1517
1359 3 2 0 12 1125 1726 1482 1543
1360 3 2 0 12 1620 1501 1557 1140
1361 3 2 0 12 950 1557 1501 1399
1362 3 2 0 12 1139 1071 1485 1612
1363 3 2 0 12 1140 1557 1485 1570
1364 3 2 0 12 1079 1486 1500 2039
1365 3 2 0 12 1518 1521 1564 1150
1366 3 2 0 12 898 1564 1521 1487
1367 3 2 0 12 1051 1569 1490 1672
1368 3 2 0 12 911 1516 1495 1631
1369 3 2 0 12 1116 1688 1495 1702
1370 3 2 0 12 1121 1791 1498 1623
1371 3 2 0 12 1528 1782 1594 1173
1372 3 2 0 12 975 1498 1594 1782
1373 3 2 0 12 1188 979 1874 1542
1374 3 2 0 12 1150 1499 1542 1874
1375 3 2 0 12 1478 1127 1724 1620
1376 3 2 0 12 1135 1501 1620 1724
1377 3 2 0 12 1297 1504 1685 1085
1378 3 2 0 12 1155 1618 1503 1631
1379 3 2 0 12 1856 1712 1598 1197
1380 3 2 0 12 1696 1511 1900 909
1381 3 2 0 12 1059 1668 1506 1760
1382 3 2 0 12 1242 1668 1507 1891
1383 3 2 0 12 1220 1723 1507 1869
1384 3 2 0 12 1118 1516 1509 1736
1385 3 2 0 12 1190 1572 1509 1793
1386 3 2 0 12 1093 1510 1513 1582
1387 3 2 0 12 1508 1818 1517 1525
1388 3 2 0 12 1118 1517 1818 1512
1389 3 2 0 12 1123 1583 1515 1680
1390 3 2 0 12 1157 1604 1515 1648
1391 3 2 0 12 1886 1649 1874 979
1392 3 2 0 12 1150 1874 1649 1518
1393 3 2 0 12 1073 1521 1518 1680
1394 3 2 0 12 1100 1669 1520 1884
1395 3 2 0 12 1381 1606 1869 1059
1396 3 2 0 12 1220 1869 1606 1522
1397 3 2 0 12 954 1523 1703 1851
1398 3 2 0 12 1665 1167 1632 1757
1399 3 2 0 12 1333 1757 1632 1524
1400 3 2 0 12 975 1782 1528 1603
1401 3 2 0 12 1158 1635 1535 1529
1402 3 2 0 12 1057 1774 1529 1652
1403 3 2 0 12 1155 1688 1530 1713
1404 3 2 0 12 1192 1815 1530 1828
1405 3 2 0 12 950 1567 1534 1612
1406 3 2 0 12 1121 1756 1534 1779
1407 3 2 0 12 938 1679 1536 1892
1408 3 2 0 12 1137 1547 1537 1731
1409 3 2 0 12 1738 1229 1682 1617
1410 3 2 0 12 974 1537 1617 1682
1411 3 2 0 12 975 1603 1539 1129
1412 3 2 0 12 1052 1554 1539 1588
1413 3 2 0 12 903 1540 1568 1613
1414 3 2 0 12 1046 1541 1714 1769
1415 3 2 0 12 1491 1608 1728 1076
1416 3 2 0 12 959 1728 1608 1548
1417 3 2 0 12 906 1614 1550 1551
1418 3 2 0 12 1058 1568 1854 1550
1419 3 2 0 12 1119 1637 1552 1733
1420 3 2 0 12 1424 1593 1556 1129
1421 3 2 0 12 1139 1556 1593 1071
1422 3 2 0 12 975 1129 1556 1638
1423 3 2 0 12 1622 1710 1594 1087
1424 3 2 0 12 964 1635 1811 1558
1425 3 2 0 12 1351 1559 1883 1845
1426 3 2 0 12 1711 1562 1559 1925
1427 3 2 0 12 1006 1723 1562 1711
1428 3 2 0 12 1566 1141 1765 1762
1429 3 2 0 12 912 1762 1765 1563
1430 3 2 0 12 954 1815 1569 1698
1431 3 2 0 12 1125 1663 1570 1726
1432 3 2 0 12 1105 1572 1719 1749
1433 3 2 0 12 1101 1628 1577 1852
1434 3 2 0 12 1263 1684 1578 1755
1435 3 2 0 12 1550 1614 1689 1058
1436 3 2 0 12 906 1578 1689 1614
1437 3 2 0 12 1126 1735 1579 1683
1438 3 2 0 12 1513 1094 1584 1582
1439 3 2 0 12 1141 1605 1587 1751
1440 3 2 0 12 1520 1117 1629 1884
1441 3 2 0 12 1100 1884 1629 1591
1442 3 2 0 12 1492 1096 1746 1641
1443 3 2 0 12 973 1595 1641 1746
1444 3 2 0 12 1125 1607 1595 1663
1445 3 2 0 12 1069 1776 1662 1598
1446 3 2 0 12 903 1599 1715 1667
1447 3 2 0 12 1568 1058 1659 1613
1448 3 2 0 12 903 1613 1659 1599
1449 3 2 0 12 1477 1601 1862 898
1450 3 2 0 12 1693 1138 1725 1704
1451 3 2 0 12 1073 1604 1704 1725
1452 3 2 0 12 1182 1868 1790 1611
1453 3 2 0 12 1162 1848 1618 1745
1454 3 2 0 12 1828 1653 1878 1192
1455 3 2 0 12 1542 1784 1797 1188
1456 3 2 0 12 912 1797 1784 1762
1457 3 2 0 12 1670 1624 1724 1127
1458 3 2 0 12 1556 1139 1756 1638
1459 3 2 0 12 1121 1623 1638 1756
1460 3 2 0 12 972 1624 1670 1866
1461 3 2 0 12 1058 1689 1626 1659
1462 3 2 0 12 1278 1707 1626 1722
1463 3 2 0 12 1123 1649 1886 1863
1464 3 2 0 12 1116 1763 1653 1828
1465 3 2 0 12 969 1675 1662 1690
1466 3 2 0 12 1344 1904 1757 1333
1467 3 2 0 12 944 1665 1757 1904
1468 3 2 0 12 1114 1666 1893 1695
1469 3 2 0 12 903 1667 1741 1893
1470 3 2 0 12 1430 1855 1761 1120
1471 3 2 0 12 1097 1671 1761 1855
1472 3 2 0 12 899 1890 1678 1902
1473 3 2 0 12 949 1778 1781 1693
1474 3 2 0 12 1604 1157 1717 1704
1475 3 2 0 12 949 1693 1704 1717
1476 3 2 0 12 1778 1218 1753 1781
1477 3 2 0 12 1154 1701 1781 1753
1478 3 2 0 12 1529 1774 1943 1158
1479 3 2 0 12 1563 1825 1861 1178
1480 3 2 0 12 1099 1708 1861 1825
1481 3 2 0 12 1703 1162 1745 1851
1482 3 2 0 12 954 1851 1745 1713
1483 3 2 0 12 1196 1134 1802 1809
1484 3 2 0 12 1076 1728 1865 1767
1485 3 2 0 12 1791 1121 1779 1766
1486 3 2 0 12 1137 1731 1766 1779
1487 3 2 0 12 1886 1180 1927 1863
1488 3 2 0 12 1141 1751 1733 1765
1489 3 2 0 12 1108 1787 1864 1734
1490 3 2 0 12 1372 1942 1860 1313
1491 3 2 0 12 1700 1234 1786 1830
1492 3 2 0 12 1558 1811 1826 1156
1493 3 2 0 12 943 1806 1824 1090
1494 3 2 0 12 1678 1890 1839 1261
1495 3 2 0 12 1734 1864 1897 981
1496 3 2 0 12 178 179 1933 1867
1497 3 2 0 12 1568 1089 1872 1854
1498 3 2 0 12 943 1090 1854 1872
1499 3 2 0 12 1616 1750 1143 1146
1500 3 2 0 12 1101 1143 1750 1628
1501 3 2 0 12 1743 1019 900 1859
1502 3 2 0 12 1181 1368 1033 1823
1503 3 2 0 12 1232 1732 1823 1033
1504 3 2 0 12 1839 1214 1823 1732
1505 3 2 0 12 980 1303 1913 1783
1506 3 2 0 12 1224 1913 1303 986
1507 3 2 0 12 1816 953 1504 1297
1508 3 2 0 12 937 1773 1144 1492
1509 3 2 0 12 1172 1171 1144 1773
1510 3 2 0 12 1307 999 1792 1339
1511 3 2 0 12 1017 1373 1946 1792
1512 3 2 0 12 1339 1792 1946 1039
1513 3 2 0 12 1205 1896 1232 1033
1514 3 2 0 12 1164 1935 1661 1145
1515 3 2 0 12 968 1621 1661 1935
1516 3 2 0 12 1298 1750 1616 1650
1517 3 2 0 12 1208 897 1211 1812
1518 3 2 0 12 896 1210 952 1813
1519 3 2 0 12 1164 951 1813 952
1520 3 2 0 12 90 91 1738 1918
1521 3 2 0 12 1175 1918 1738 1617
1522 3 2 0 12 162 1938 1226 161
1523 3 2 0 12 1273 1193 1226 1938
1524 3 2 0 12 1198 1326 1212 1921
1525 3 2 0 12 1737 1132 1921 1212
1526 3 2 0 12 1533 1686 1544 1185
1527 3 2 0 12 1239 1868 1544 1686
1528 3 2 0 12 1893 1741 1771 1231
1529 3 2 0 12 1635 1158 1943 1811
1530 3 2 0 12 1257 1347 1943 1015
1531 3 2 0 12 1347 1826 1811 1943
1532 3 2 0 12 906 1551 1113 1673
1533 3 2 0 12 1868 1239 1881 1790
1534 3 2 0 12 1157 1648 1790 1881
1535 3 2 0 12 1204 1133 1695 1844
1536 3 2 0 12 1893 1231 1844 1695
1537 3 2 0 12 1690 1691 1596 969
1538 3 2 0 12 1165 1148 1630 1691
1539 3 2 0 12 1062 1596 1691 1630
1540 3 2 0 12 952 1149 1935 1164
1541 3 2 0 12 1274 1895 1348 946
1542 3 2 0 12 183 184 1373 1017
1543 3 2 0 12 185 1907 1373 184
1544 3 2 0 12 234 235 1514 1712
1545 3 2 0 12 1479 1645 1750 1298
1546 3 2 0 12 1836 1577 1645 1304
1547 3 2 0 12 1577 1628 1750 1645
1548 3 2 0 12 1219 1301 1285 1870
1549 3 2 0 12 1280 209 210 1834
1550 3 2 0 12 1868 1182 1834 1544
1551 3 2 0 12 983 1783 1710 1622
1552 3 2 0 12 1164 1145 1841 951
1553 3 2 0 12 1489 1106 1102 1493
1554 3 2 0 12 1142 1615 1493 1102
1555 3 2 0 12 1812 1211 1819 1148
1556 3 2 0 12 941 1840 1152 1706
1557 3 2 0 12 144 1005 1898 143
1558 3 2 0 12 143 1898 1245 142
1559 3 2 0 12 204 1358 1322 203
1560 3 2 0 12 1695 1133 1639 1114
1561 3 2 0 12 1201 1486 1428 1920
1562 3 2 0 12 1893 1666 1540 903
1563 3 2 0 12 1540 1666 1114 1112
1564 3 2 0 12 1184 1754 1601 1154
1565 3 2 0 12 1184 1019 1272 1754
1566 3 2 0 12 1272 1862 1601 1754
1567 3 2 0 12 1767 1865 1555 962
1568 3 2 0 12 1907 201 202 1945
1569 3 2 0 12 203 1322 1945 202
1570 3 2 0 12 1907 1945 1946 1373
1571 3 2 0 12 1039 1946 1945 1322
1572 3 2 0 12 163 164 1367 1273
1573 3 2 0 12 1316 1170 1780 1168
1574 3 2 0 12 1272 1019 1743 1761
1575 3 2 0 12 1120 1761 1743 1153
1576 3 2 0 12 1536 1098 1115 1817
1577 3 2 0 12 1783 983 1912 980
1578 3 2 0 12 1697 1912 1592 1206
1579 3 2 0 12 983 1700 1592 1912
1580 3 2 0 12 993 1911 175 176
1581 3 2 0 12 174 175 1911 1882
1582 3 2 0 12 1768 947 1894 1210
1583 3 2 0 12 1210 1894 1149 952
1584 3 2 0 12 1675 969 1596 1740
1585 3 2 0 12 1166 1740 1596 1788
1586 3 2 0 12 1368 1032 1727 1199
1587 3 2 0 12 1145 1661 1446 1841
1588 3 2 0 12 1015 1190 1793 1909
1589 3 2 0 12 911 1795 1909 1793
1590 3 2 0 12 1455 1411 1819 1335
1591 3 2 0 12 1211 948 1335 1819
1592 3 2 0 12 1148 1819 1411 1630
1593 3 2 0 12 1165 1691 1690 1853
1594 3 2 0 12 1839 1890 1887 1214
1595 3 2 0 12 1264 1188 1797 1187
1596 3 2 0 12 1852 1576 1903 1101
1597 3 2 0 12 931 1930 1296 1343
1598 3 2 0 12 933 928 1027 1031
1599 3 2 0 12 1631 1503 1795 911
1600 3 2 0 12 1134 1795 1503 1802
1601 3 2 0 12 1317 905 1888 1177
1602 3 2 0 12 1103 1885 1629 1117
1603 3 2 0 12 899 1902 1629 1885
1604 3 2 0 12 1254 77 78 1729
1605 3 2 0 12 79 1346 1729 78
1606 3 2 0 12 1147 1816 1615 1142
1607 3 2 0 12 1297 1636 1615 1816
1608 3 2 0 12 1257 1875 916 1347
1609 3 2 0 12 2039 1500 1846 1056
1610 3 2 0 12 1160 1846 1500 1472
1611 3 2 0 12 1799 1372 1230 1179
1612 3 2 0 12 1030 1230 1372 1354
1613 3 2 0 12 1024 918 1917 1370
1614 3 2 0 12 1236 1221 977 1917
1615 3 2 0 12 977 1013 1370 1917
1616 3 2 0 12 1187 1318 1023 1008
1617 3 2 0 12 912 1318 1187 1797
1618 3 2 0 12 1347 916 1758 1826
1619 3 2 0 12 1161 1156 1826 1758
1620 3 2 0 12 1173 1820 1681 1528
1621 3 2 0 12 173 174 1882 1228
1622 3 2 0 12 1536 1817 1208 946
1623 3 2 0 12 1255 988 1835 1300
1624 3 2 0 12 1248 1245 1898 1835
1625 3 2 0 12 1005 1300 1835 1898
1626 3 2 0 12 1670 1737 977 1866
1627 3 2 0 12 1132 1737 1670 1127
1628 3 2 0 12 1572 1190 1015 1719
1629 3 2 0 12 1749 1719 1774 1057
1630 3 2 0 12 1015 1943 1774 1719
1631 3 2 0 12 1124 1860 1942 1947
1632 3 2 0 12 1559 1351 907 1925
1633 3 2 0 12 1468 1711 1925 1410
1634 3 2 0 12 907 1433 1410 1925
1635 3 2 0 12 1221 1168 1780 1924
1636 3 2 0 12 972 1866 1924 1780
1637 3 2 0 12 1169 1739 967 1367
1638 3 2 0 12 902 1832 1732 1232
1639 3 2 0 12 1261 1839 1732 1832
1640 3 2 0 12 1455 1335 1656 1785
1641 3 2 0 12 1785 1656 1824 1806
1642 3 2 0 12 1806 943 1821 1340
1643 3 2 0 12 1340 1821 1873 1843
1644 3 2 0 12 1189 1583 1927 966
1645 3 2 0 12 1123 1863 1927 1583
1646 3 2 0 12 1165 1274 1812 1148
1647 3 2 0 12 1356 926 1353 986
1648 3 2 0 12 1027 1345 1901 1353
1649 3 2 0 12 1896 1721 902 1232
1650 3 2 0 12 902 1721 1948 1610
1651 3 2 0 12 1115 1098 1948 1721
1652 3 2 0 12 1897 1207 1833 981
1653 3 2 0 12 981 1833 1848 1162
1654 3 2 0 12 1250 1919 1315 1249
1655 3 2 0 12 1372 1313 1345 1354
1656 3 2 0 12 1901 1345 1313 1040
1657 3 2 0 12 1056 1846 1799 1179
1658 3 2 0 12 1131 1727 1673 1634
1659 3 2 0 12 906 1673 1727 1905
1660 3 2 0 12 1879 1130 1803 1840
1661 3 2 0 12 1820 1173 1744 913
1662 3 2 0 12 1173 1594 1710 1744
1663 3 2 0 12 1234 1692 1766 974
1664 3 2 0 12 1087 1791 1766 1692
1665 3 2 0 12 1054 1873 940 1476
1666 3 2 0 12 1249 1315 1037 1364
1667 3 2 0 12 249 3 72 935
1668 3 2 0 12 84 1531 1170 83
1669 3 2 0 12 962 1329 1847 1767
1670 3 2 0 12 1076 1767 1847 1705
1671 3 2 0 12 92 93 1842 1229
1672 3 2 0 12 1682 1229 1842 1786
1673 3 2 0 12 1353 1901 1224 986
1674 3 2 0 12 1224 1901 1040 1299
1675 3 2 0 12 1746 1198 1921 973
1676 3 2 0 12 1571 973 1921 1478
1677 3 2 0 12 1132 1127 1478 1921
1678 3 2 0 12 1908 1642 1156 1161
1679 3 2 0 12 978 1186 1600 1642
1680 3 2 0 12 1156 1642 1600 1558
1681 3 2 0 12 108 1350 1270 107
1682 3 2 0 12 933 1270 1350 928
1683 3 2 0 12 976 1849 1810 1552
1684 3 2 0 12 1714 1337 1174 1769
1685 3 2 0 12 107 1270 934 106
1686 3 2 0 12 1433 907 1261 1832
1687 3 2 0 12 5 1248 1897 141
1688 3 2 0 12 1313 1860 1299 1040
1689 3 2 0 12 217 1597 1954 216
1690 3 2 0 12 1950 1431 1959 1957
1691 3 2 0 12 114 1440 1965 113
1692 3 2 0 12 88 89 1968 1687
1693 3 2 0 12 219 220 1969 1431
1694 3 2 0 12 221 222 1979 1238
1695 3 2 0 12 1378 1055 1980 1546
1696 3 2 0 12 1078 1822 1987 1464
1697 3 2 0 12 235 236 1990 1514
1698 3 2 0 12 1967 1445 1999 1963
1699 3 2 0 12 168 1999 1445 167
1700 3 2 0 12 1818 1508 2001 1747
1701 3 2 0 12 1120 1153 2001 1508
1702 3 2 0 12 1533 1185 2002 1380
1703 3 2 0 12 213 2002 1185 212
1704 3 2 0 12 908 1574 2004 1222
1705 3 2 0 12 1094 1796 2004 1574
1706 3 2 0 12 1089 1112 2008 1770
1707 3 2 0 12 169 170 2016 2144
1708 3 2 0 12 1054 1476 2018 1064
1709 3 2 0 12 1438 1461 2021 1045
1710 3 2 0 12 2000 1466 2024 1955
1711 3 2 0 12 1324 1364 1037 935
1712 3 2 0 12 1384 2028 1376 2017
1713 3 2 0 12 1969 2029 1959 1431
1714 3 2 0 12 1973 2010 2030 1068
1715 3 2 0 12 125 2036 1484 124
1716 3 2 0 12 127 1483 2038 126
1717 3 2 0 12 1106 1801 2040 1676
1718 3 2 0 12 1575 1223 1676 2040
1719 3 2 0 12 1093 1575 2040 1801
1720 3 2 0 12 1835 988 2042 1207
1721 3 2 0 12 1809 1833 1207 2042
1722 3 2 0 12 1196 1809 2042 988
1723 3 2 0 12 943 1872 2044 1821
1724 3 2 0 12 1873 1821 2044 940
1725 3 2 0 12 1089 1770 2044 1872
1726 3 2 0 12 1714 1541 2045 1151
1727 3 2 0 12 1046 1393 2045 1541
1728 3 2 0 12 1393 1838 1151 2045
1729 3 2 0 12 1107 1104 2047 1674
1730 3 2 0 12 1944 1092 2048 1706
1731 3 2 0 12 1095 1709 2048 1092
1732 3 2 0 12 941 1706 2048 1524
1733 3 2 0 12 2044 1770 2051 940
1734 3 2 0 12 942 2052 1306 1579
1735 3 2 0 12 1608 1397 2053 1159
1736 3 2 0 12 1043 1159 2053 1934
1737 3 2 0 12 1992 2054 1965 1440
1738 3 2 0 12 1606 1381 1421 2056
1739 3 2 0 12 1621 1429 2057 1060
1740 3 2 0 12 1712 1514 2058 1598
1741 3 2 0 12 1764 1069 1598 2058
1742 3 2 0 12 1870 1285 2063 901
1743 3 2 0 12 1038 1926 2063 1285
1744 3 2 0 12 2055 1527 2066 1956
1745 3 2 0 12 110 2067 1030 109
1746 3 2 0 12 1470 1045 2069 1560
1747 3 2 0 12 1405 2071 1068 2030
1748 3 2 0 12 1289 1288 2072 1043
1749 3 2 0 12 1159 1043 2072 1858
1750 3 2 0 12 1436 2076 2037 1072
1751 3 2 0 12 1447 1048 2078 1454
1752 3 2 0 12 124 1484 2079 123
1753 3 2 0 12 2019 1464 2079 1484
1754 3 2 0 12 1142 1926 1038 2081
1755 3 2 0 12 1609 2082 1471 1422
1756 3 2 0 12 1636 1294 1493 1615
1757 3 2 0 12 1094 1574 2083 1584
1758 3 2 0 12 2007 1964 2085 1459
1759 3 2 0 12 910 2086 1278 1722
1760 3 2 0 12 1720 1425 2089 1415
1761 3 2 0 12 1415 2089 1061 1580
1762 3 2 0 12 99 1310 2090 98
1763 3 2 0 12 1406 1554 1052 2092
1764 3 2 0 12 161 1226 2093 160
1765 3 2 0 12 1325 2093 1226 985
1766 3 2 0 12 1436 1072 2094 1494
1767 3 2 0 12 1657 1418 2096 1428
1768 3 2 0 12 1519 1336 2096 1418
1769 3 2 0 12 1920 1428 2096 961
1770 3 2 0 12 953 1451 2098 1504
1771 3 2 0 12 1193 1273 2101 971
1772 3 2 0 12 1367 967 2101 1273
1773 3 2 0 12 897 1208 2102 1899
1774 3 2 0 12 1086 1602 2103 1467
1775 3 2 0 12 2024 1080 2103 1602
1776 3 2 0 12 1251 1194 2104 998
1777 3 2 0 12 1727 1131 2107 1199
1778 3 2 0 12 1205 1199 2107 1899
1779 3 2 0 12 1903 1576 2108 1994
1780 3 2 0 12 236 237 2109 1990
1781 3 2 0 12 1747 1585 1586 2112
1782 3 2 0 12 212 1185 2113 211
1783 3 2 0 12 1394 2116 1769 1174
1784 3 2 0 12 1427 1122 2120 1442
1785 3 2 0 12 2096 1336 2124 961
1786 3 2 0 12 972 1780 2125 1565
1787 3 2 0 12 1531 2125 1780 1170
1788 3 2 0 12 1202 1565 2125 1531
1789 3 2 0 12 103 1028 2126 102
1790 3 2 0 12 102 2126 1010 101
1791 3 2 0 12 910 2127 1800 1223
1792 3 2 0 12 1596 1062 2128 1788
1793 3 2 0 12 1772 1219 2129 1263
1794 3 2 0 12 1684 1263 2129 1800
1795 3 2 0 12 1506 1850 2130 1406
1796 3 2 0 12 1699 1420 2133 1449
1797 3 2 0 12 1314 1228 2135 1849
1798 3 2 0 12 1382 1437 2136 1425
1799 3 2 0 12 2018 1476 2006 2137
1800 3 2 0 12 1543 2138 1419 1435
1801 3 2 0 12 1289 1043 1934 2143
1802 3 2 0 12 1400 2150 1049 1651
1803 3 2 0 12 1432 1111 2152 1491
1804 3 2 0 12 1608 1491 2152 1397
1805 3 2 0 12 1456 1564 2156 1047
1806 3 2 0 12 1742 1047 2156 1452
1807 3 2 0 12 896 1813 2158 1949
1808 3 2 0 12 951 1209 2158 1813
1809 3 2 0 12 1095 2159 1748 1709
1810 3 2 0 12 1742 1442 2161 1047
1811 3 2 0 12 1390 1573 2161 1386
1812 3 2 0 12 2120 1386 2161 1442
1813 3 2 0 12 1456 1047 2161 1573
1814 3 2 0 12 1088 1966 2163 1083
1815 3 2 0 12 967 2071 971 2101
1816 3 2 0 12 1243 1010 2126 1334
1817 3 2 0 12 1922 1334 2126 1028
1818 3 2 0 12 1476 940 2051 2006
1819 3 2 0 12 111 1915 2067 110
1820 3 2 0 12 1030 2067 1915 1230
1821 3 2 0 12 170 171 1191 2016
1822 3 2 0 12 160 2093 1325 159
1823 3 2 0 12 1464 2019 2046 1078
1824 3 2 0 12 214 1991 2002 213
1825 3 2 0 12 1976 1380 2002 1991
1826 3 2 0 12 1055 1764 1413 2153
1827 3 2 0 12 1045 2021 1434 2069
1828 3 2 0 12 1564 898 1862 2156
1829 3 2 0 12 1272 1452 2156 1862
1830 3 2 0 12 132 1998 1996 131
1831 3 2 0 12 120 2007 1972 119
1832 3 2 0 12 1988 1972 2007 1459
1833 3 2 0 12 1082 2064 1459 2085
1834 3 2 0 12 122 1975 2020 121
1835 3 2 0 12 1987 1460 2020 1975
1836 3 2 0 12 130 2031 1971 129
1837 3 2 0 12 1983 1971 2031 1462
1838 3 2 0 12 134 2011 2000 133
1839 3 2 0 12 1951 1466 2000 2011
1840 3 2 0 12 1080 2024 1466 2003
1841 3 2 0 12 2046 2019 1970 1084
1842 3 2 0 12 126 2038 2036 125
1843 3 2 0 12 1084 1970 1966 1088
1844 3 2 0 12 2147 1760 2092 1052
1845 3 2 0 12 1406 2092 1760 1506
1846 3 2 0 12 117 1982 2055 116
1847 3 2 0 12 1995 1527 2055 1982
1848 3 2 0 12 1995 2049 2066 1527
1849 3 2 0 12 1400 1426 2154 939
1850 3 2 0 12 1444 2148 1294 1636
1851 3 2 0 12 1430 1525 1646 2091
1852 3 2 0 12 1050 2035 1046 1677
1853 3 2 0 12 998 2104 2090 1310
1854 3 2 0 12 1194 1697 2090 2104
1855 3 2 0 12 1420 1699 2088 1124
1856 3 2 0 12 1860 1124 2088 1299
1857 3 2 0 12 1381 1059 1760 2147
1858 3 2 0 12 1417 1166 1788 2128
1859 3 2 0 12 1152 1840 1803 1978
1860 3 2 0 12 1223 1800 2129 901
1861 3 2 0 12 1219 1870 901 2129
1862 3 2 0 12 942 1074 2048 1709
1863 3 2 0 12 1333 1524 2048 1074
1864 3 2 0 12 89 90 1918 1968
1865 3 2 0 12 229 230 1730 1989
1866 3 2 0 12 1166 1417 1989 1730
1867 3 2 0 12 1990 2065 2058 1514
1868 3 2 0 12 1413 1764 2058 2065
1869 3 2 0 12 2163 1966 2038 1483
1870 3 2 0 12 2019 1484 2036 1970
1871 3 2 0 12 1224 1299 2088 913
1872 3 2 0 12 1699 1820 913 2088
1873 3 2 0 12 1112 1114 1639 2008
1874 3 2 0 12 1143 1101 1903 2131
1875 3 2 0 12 935 1037 248 249
1876 3 2 0 12 909 2070 1888 905
1877 3 2 0 12 1709 1748 2052 942
1878 3 2 0 12 1109 1716 2052 1748
1879 3 2 0 12 1163 1810 1849 2135
1880 3 2 0 12 211 2113 1834 210
1881 3 2 0 12 1185 1544 1834 2113
1882 3 2 0 12 1053 1960 1957 1437
1883 3 2 0 12 1597 1950 1957 1960
1884 3 2 0 12 135 1958 2011 134
1885 3 2 0 12 1469 1951 2011 1958
1886 3 2 0 12 1053 1560 2069 1960
1887 3 2 0 12 1597 1960 2069 1954
1888 3 2 0 12 133 2000 1998 132
1889 3 2 0 12 1458 1998 2000 1955
1890 3 2 0 12 131 1996 2031 130
1891 3 2 0 12 1437 1957 1959 2136
1892 3 2 0 12 1454 2078 2041 1590
1893 3 2 0 12 1191 1590 2041 2016
1894 3 2 0 12 1414 2144 2016 2041
1895 3 2 0 12 169 2144 1999 168
1896 3 2 0 12 1414 1963 1999 2144
1897 3 2 0 12 1377 1967 1963 1985
1898 3 2 0 12 121 2020 2007 120
1899 3 2 0 12 1460 1964 2007 2020
1900 3 2 0 12 1377 2050 2010 1973
1901 3 2 0 12 1434 2021 1993 1976
1902 3 2 0 12 1389 1995 1982 2012
1903 3 2 0 12 1064 2114 1986 2075
1904 3 2 0 12 1459 2064 2062 1988
1905 3 2 0 12 1413 2065 1990 2109
1906 3 2 0 12 1079 2039 2054 1992
1907 3 2 0 12 1389 2134 2049 1995
1908 3 2 0 12 1446 2137 2006 2139
1909 3 2 0 12 1770 2008 2100 2051
1910 3 2 0 12 1046 2035 2117 1393
1911 3 2 0 12 1060 2164 2137 1446
1912 3 2 0 12 1775 2018 2137 2164
1913 3 2 0 12 1444 2162 2068 2148
1914 3 2 0 12 1554 1406 2130 1424
1915 3 2 0 12 1061 2089 1425 2136
1916 3 2 0 12 2131 1903 1994 2073
1917 3 2 0 12 1752 2134 2062 1075
1918 3 2 0 12 1988 2062 2134 1389
1919 3 2 0 12 1994 1794 1929 2073
1920 3 2 0 12 1471 2099 1419 1409
1921 3 2 0 12 1044 2099 1471 2082
1922 3 2 0 12 1646 970 1538 2091
1923 3 2 0 12 1427 1416 2091 1538
1924 3 2 0 12 1855 1430 2091 1416
1925 3 2 0 12 1769 2116 1677 1046
1926 3 2 0 12 2009 1403 2116 1394
1927 3 2 0 12 1082 2085 2110 1685
1928 3 2 0 12 1460 2110 2085 1964
1929 3 2 0 12 939 2154 938 1627
1930 3 2 0 12 1379 2097 2150 1398
1931 3 2 0 12 1432 1644 2155 1111
1932 3 2 0 12 1177 2155 1644 1585
1933 3 2 0 12 1177 1888 1111 2155
1934 3 2 0 12 987 1163 1882 1789
1935 3 2 0 12 1228 1882 1163 2135
1936 3 2 0 12 1321 1789 1882 1911
1937 3 2 0 12 225 226 1962 2005
1938 3 2 0 12 222 223 1408 1979
1939 3 2 0 12 1238 1979 1408 1429
1940 3 2 0 12 1238 1969 220 221
1941 3 2 0 12 2029 1969 1238 1407
1942 3 2 0 12 228 229 1989 2027
1943 3 2 0 12 1417 1981 2027 1989
1944 3 2 0 12 237 238 1404 2109
1945 3 2 0 12 215 2061 1991 214
1946 3 2 0 12 1434 1976 1991 2061
1947 3 2 0 12 2069 1434 2061 1954
1948 3 2 0 12 2018 1775 2114 1064
1949 3 2 0 12 123 2079 1975 122
1950 3 2 0 12 1464 1987 1975 2079
1951 3 2 0 12 1483 127 128 2043
1952 3 2 0 12 129 1971 2043 128
1953 3 2 0 12 1463 2043 1971 1983
1954 3 2 0 12 1982 117 118 2012
1955 3 2 0 12 119 1972 2012 118
1956 3 2 0 12 1389 2012 1972 1988
1957 3 2 0 12 1460 1987 1822 2110
1958 3 2 0 12 1685 2110 1822 1085
1959 3 2 0 12 139 1787 1953 138
1960 3 2 0 12 1108 1984 1953 1787
1961 3 2 0 12 970 1474 1395 2146
1962 3 2 0 12 1652 1412 2146 1395
1963 3 2 0 12 1128 112 113 1965
1964 3 2 0 12 1593 1424 2130 1482
1965 3 2 0 12 2032 937 1492 2023
1966 3 2 0 12 1641 1388 2023 1492
1967 3 2 0 12 1591 1845 1883 1625
1968 3 2 0 12 1722 1268 2127 910
1969 3 2 0 12 1268 1684 1800 2127
1970 3 2 0 12 1660 955 2068 958
1971 3 2 0 12 2148 2068 955 1294
1972 3 2 0 12 1222 2014 1269 908
1973 3 2 0 12 1599 1269 2014 1715
1974 3 2 0 12 1610 2084 1410 1433
1975 3 2 0 12 1429 1408 2060 2057
1976 3 2 0 12 2164 1060 2057 1775
1977 3 2 0 12 1775 2057 2060 2114
1978 3 2 0 12 937 2009 1394 1773
1979 3 2 0 12 2082 1609 2097 1044
1980 3 2 0 12 1511 1664 1042 1900
1981 3 2 0 12 1397 1042 1664 2053
1982 3 2 0 12 1889 1533 1993 1066
1983 3 2 0 12 2021 1461 1066 1993
1984 3 2 0 12 1976 1993 1533 1380
1985 3 2 0 12 967 1739 1068 2071
1986 3 2 0 12 904 1289 2143 1589
1987 3 2 0 12 2053 1664 2143 1934
1988 3 2 0 12 1669 957 2077 1520
1989 3 2 0 12 1117 1520 2077 1553
1990 3 2 0 12 1147 1553 2077 1287
1991 3 2 0 12 1584 1278 2086 1582
1992 3 2 0 12 1093 1582 2086 1575
1993 3 2 0 12 1223 1575 2086 910
1994 3 2 0 12 1574 908 1707 2083
1995 3 2 0 12 1584 2083 1707 1278
1996 3 2 0 12 1618 1848 1802 1503
1997 3 2 0 12 1809 1802 1848 1833
1998 3 2 0 12 1351 1678 1261 907
1999 3 2 0 12 1902 1678 1351 1845
2000 3 2 0 12 1739 2034 1973 1068
2001 3 2 0 12 1377 1973 2034 1967
2002 3 2 0 12 2120 1122 2141 1496
2003 3 2 0 12 1079 1992 2066 1657
2004 3 2 0 12 1440 1956 2066 1992
2005 3 2 0 12 1853 1895 1274 1165
2006 3 2 0 12 1700 1830 1941 1592
2007 3 2 0 12 1786 1842 1941 1830
2008 3 2 0 12 1419 2099 1581 1435
2009 3 2 0 12 1004 1940 1867 1933
2010 3 2 0 12 1804 1694 1920 961
2011 3 2 0 12 1201 1920 1694 1457
2012 3 2 0 12 1672 1497 2123 1051
2013 3 2 0 12 2109 1404 2153 1413
2014 3 2 0 12 2134 1752 1418 2049
2015 3 2 0 12 1418 1657 2066 2049
2016 3 2 0 12 1783 1913 1744 1710
2017 3 2 0 12 1204 1949 2158 1133
2018 3 2 0 12 1133 2158 1209 1639
2019 3 2 0 12 899 1885 1038 1808
2020 3 2 0 12 1605 1390 1386 2033
2021 3 2 0 12 1386 2120 1496 2033
2022 3 2 0 12 1223 901 2063 1676
2023 3 2 0 12 1106 1676 2063 1102
2024 3 2 0 12 1142 1102 2063 1926
2025 3 2 0 12 98 2090 1697 97
2026 3 2 0 12 2056 1421 1457 2140
2027 3 2 0 12 1548 1858 2072 1807
2028 3 2 0 12 241 1838 2111 240
2029 3 2 0 12 1838 1393 2117 2111
2030 3 2 0 12 951 1841 2100 1209
2031 3 2 0 12 2008 1639 1209 2100
2032 3 2 0 12 1492 1144 1931 1096
2033 3 2 0 12 1054 1064 2075 2025
2034 3 2 0 12 141 1897 1864 140
2035 3 2 0 12 140 1864 1787 139
2036 3 2 0 12 2043 1463 2163 1483
2037 3 2 0 12 1463 2149 1077 2163
2038 3 2 0 12 1052 1588 1383 2147
2039 3 2 0 12 1421 1381 2147 1383
2040 3 2 0 12 1576 1807 2072 2108
2041 3 2 0 12 1350 1030 1354 928
2042 3 2 0 12 1027 928 1354 1345
2043 3 2 0 12 1263 1755 1032 1772
2044 3 2 0 12 1032 1755 1905 1727
2045 3 2 0 12 1085 1822 2162 1444
2046 3 2 0 12 1822 1078 2046 2162
2047 3 2 0 12 1213 1871 2026 1936
2048 3 2 0 12 1331 1361 1876 1022
2049 3 2 0 12 207 1876 1361 206
2050 3 2 0 12 1846 1160 1947 1942
2051 3 2 0 12 1372 1799 1846 1942
2052 3 2 0 12 921 2105 1359 1026
2053 3 2 0 12 1311 1338 2105 921
2054 3 2 0 12 920 1359 2105 1281
2055 3 2 0 12 1448 1227 2151 2121
2056 3 2 0 12 1467 2151 1836 1304
2057 3 2 0 12 2068 2118 1526 958
2058 3 2 0 12 1526 2118 2046 1084
2059 3 2 0 12 1512 2112 1586 1453
2060 3 2 0 12 1512 1818 1747 2112
2061 3 2 0 12 1546 1980 2119 1402
2062 3 2 0 12 1050 2119 1980 2145
2063 3 2 0 12 1200 1204 1844 1369
2064 3 2 0 12 1231 1771 1369 1844
2065 3 2 0 12 1384 2017 2094 1072
2066 3 2 0 12 1653 1619 1432 1878
2067 3 2 0 12 1192 1878 1847 1490
2068 3 2 0 12 1432 1705 1847 1878
2069 3 2 0 12 1899 2107 1211 897
2070 3 2 0 12 1131 1634 1211 2107
2071 3 2 0 12 1070 1448 2121 1532
2072 3 2 0 12 1532 2121 2103 1080
2073 3 2 0 12 1871 1213 1369 1771
2074 3 2 0 12 218 1950 1597 217
2075 3 2 0 12 81 1906 1798 80
2076 3 2 0 12 1217 1798 1906 1011
2077 3 2 0 12 909 1900 1042 2070
2078 3 2 0 12 1888 2070 2152 1111
2079 3 2 0 12 1042 1397 2152 2070
2080 3 2 0 12 1069 1391 1545 1776
2081 3 2 0 12 1895 1853 1776 1545
2082 3 2 0 12 1662 1776 1853 1690
2083 3 2 0 12 1075 1451 2015 1519
2084 3 2 0 12 1002 1930 1919 927
2085 3 2 0 12 1315 1919 1930 931
2086 3 2 0 12 1533 1889 1239 1686
2087 3 2 0 12 1239 1889 1252 1881
2088 3 2 0 12 1295 154 155 1265
2089 3 2 0 12 2163 1077 1549 1083
2090 3 2 0 12 993 1940 1004 1260
2091 3 2 0 12 1049 2150 2097 1609
2092 3 2 0 12 216 1954 2061 215
2093 3 2 0 12 2099 1044 2059 1581
2094 3 2 0 12 1697 1206 96 97
2095 3 2 0 12 1009 1326 2167 1332
2096 3 2 0 12 1144 1171 2167 1931
2097 3 2 0 12 1365 1332 2167 1171
2098 3 2 0 12 1063 1997 2168 1640
2099 3 2 0 12 1417 2128 2168 1981
2100 3 2 0 12 1062 1640 2168 2128
2101 3 2 0 12 1387 1981 2168 1997
2102 3 2 0 12 938 2157 2142 1627
2103 3 2 0 12 1054 2025 2170 1857
2104 3 2 0 12 1463 1983 2173 2149
2105 3 2 0 12 1077 2149 2173 1814
2106 3 2 0 12 1095 2174 1664 1511
2107 3 2 0 12 1555 1865 2175 1227
2108 3 2 0 12 1728 959 2175 1865
2109 3 2 0 12 2151 1227 2175 1836
2110 3 2 0 12 1069 1378 2177 1391
2111 3 2 0 12 938 1892 2177 2157
2112 3 2 0 12 1546 2157 2177 1378
2113 3 2 0 12 1348 1391 2177 1892
2114 3 2 0 12 1335 948 2179 1656
2115 3 2 0 12 1211 1634 2179 948
2116 3 2 0 12 1652 1067 2180 1412
2117 3 2 0 12 1088 1083 1549 2181
2118 3 2 0 12 226 227 2185 1962
2119 3 2 0 12 165 166 2186 1169
2120 3 2 0 12 1967 2034 2186 1445
2121 3 2 0 12 1739 1169 2186 2034
2122 3 2 0 12 1122 1427 1538 2188
2123 3 2 0 12 1951 1469 2022 2189
2124 3 2 0 12 1814 1450 2190 1077
2125 3 2 0 12 1295 1265 1034 2191
2126 3 2 0 12 1002 1020 2193 1271
2127 3 2 0 12 1009 1332 2193 1020
2128 3 2 0 12 1332 1365 1271 2193
2129 3 2 0 12 238 239 2194 1404
2130 3 2 0 12 240 2111 2194 239
2131 3 2 0 12 1667 1715 2196 1741
2132 3 2 0 12 2026 1871 2196 1777
2133 3 2 0 12 1771 1741 2196 1871
2134 3 2 0 12 2014 1777 2196 1715
2135 3 2 0 12 2052 1716 2197 1306
2136 3 2 0 12 1576 1852 2199 1807
2137 3 2 0 12 1577 1836 2199 1852
2138 3 2 0 12 1548 1807 2199 959
2139 3 2 0 12 1635 964 2201 1535
2140 3 2 0 12 1494 2195 2201 1436
2141 3 2 0 12 1067 1535 2201 2195
2142 3 2 0 12 166 167 1445 2186
2143 3 2 0 12 1673 1113 2179 1634
2144 3 2 0 12 1824 1656 2179 1113
2145 3 2 0 12 2153 1404 2194 1961
2146 3 2 0 12 959 2199 1836 2175
2147 3 2 0 12 1502 1857 2170 1063
2148 3 2 0 12 2025 1974 1387 2170
2149 3 2 0 12 1063 2170 1387 1997
2150 3 2 0 12 2157 1546 1402 2142
2151 3 2 0 12 1794 1936 2026 2183
2152 3 2 0 12 104 2178 1028 103
2153 3 2 0 12 227 228 2027 2185
2154 3 2 0 12 1962 2185 1387 1974
2155 3 2 0 12 1981 1387 2185 2027
2156 3 2 0 12 2150 1400 2171 1398
2157 3 2 0 12 1379 1398 2171 2095
2158 3 2 0 12 2123 1497 1070 2169
2159 3 2 0 12 1952 2169 1070 2022
2160 3 2 0 12 2024 2176 1458 1955
2161 3 2 0 12 2024 1602 1086 2176
2162 3 2 0 12 1198 1931 2167 1326
2163 3 2 0 12 2195 1494 2180 1067
2164 3 2 0 12 1914 2165 2132 1262
2165 3 2 0 12 1467 2103 2121 2151
2166 3 2 0 12 1080 2003 2189 1532
2167 3 2 0 12 1466 1951 2189 2003
2168 3 2 0 12 2022 1070 1532 2189
2169 3 2 0 12 1936 2132 2165 1213
2170 3 2 0 12 1152 1978 2182 904
2171 3 2 0 12 904 2182 1914 1262
2172 3 2 0 12 1465 1401 2187 1423
2173 3 2 0 12 1084 1088 2181 1526
2174 3 2 0 12 958 1526 2181 1827
2175 3 2 0 12 1549 960 1827 2181
2176 3 2 0 12 1283 922 2122 1916
2177 3 2 0 12 1281 2105 1283 1916
2178 3 2 0 12 1740 1166 1730 2166
2179 3 2 0 12 230 231 2166 1730
2180 3 2 0 12 1625 1883 1522 2087
2181 3 2 0 12 1536 1679 2115 1098
2182 3 2 0 12 1610 1948 1098 2115
2183 3 2 0 12 938 2154 2115 1679
2184 3 2 0 12 1044 2097 1379 2059
2185 3 2 0 12 1581 2059 2023 1388
2186 3 2 0 12 1379 2032 2023 2059
2187 3 2 0 12 2201 1385 2076 1436
2188 3 2 0 12 2030 2010 2076 1385
2189 3 2 0 12 2010 2050 2037 2076
2190 3 2 0 12 1451 1075 2062 2098
2191 3 2 0 12 1685 1504 2098 1082
2192 3 2 0 12 1082 2098 2062 2064
2193 3 2 0 12 1449 1681 1820 1699
2194 3 2 0 12 896 1949 1803 1130
2195 3 2 0 12 1204 1200 1803 1949
2196 3 2 0 12 2046 2118 2068 2162
2197 3 2 0 12 1128 2160 1056 1179
2198 3 2 0 12 1128 1965 2054 2160
2199 3 2 0 12 1056 2160 2054 2039
2200 3 2 0 12 1543 1482 2130 2138
2201 3 2 0 12 1419 2138 2130 1850
2202 3 2 0 12 1055 2153 2145 1980
2203 3 2 0 12 1253 1281 1916 1875
2204 3 2 0 12 2136 1959 2029 1061
2205 3 2 0 12 1061 2029 1407 1561
2206 3 2 0 12 1716 945 1759 2197
2207 3 2 0 12 1176 1306 2197 1218
2208 3 2 0 12 1218 2197 1759 1753
2209 3 2 0 12 2188 2184 2141 1122
2210 3 2 0 12 1966 1970 2036 2038
2211 3 2 0 12 1523 1480 1984 1108
2212 3 2 0 12 1051 2123 1984 1480
2213 3 2 0 12 2169 1952 1984 2123
2214 3 2 0 12 1522 1606 2056 2087
2215 3 2 0 12 2035 1050 2145 2117
2216 3 2 0 12 2153 1961 2117 2145
2217 3 2 0 12 2111 2117 1961 2194
2218 3 2 0 12 1446 2139 2100 1841
2219 3 2 0 12 2006 2051 2100 2139
2220 3 2 0 12 2094 1396 2180 1494
2221 3 2 0 12 1885 1103 2081 1038
2222 3 2 0 12 1117 1553 2081 1103
2223 3 2 0 12 1142 2081 1553 1147
2224 3 2 0 12 970 2146 2198 1538
2225 3 2 0 12 1538 2198 2184 2188
2226 3 2 0 12 1696 1109 1748 2159
2227 3 2 0 12 1095 1511 1696 2159
2228 3 2 0 12 1213 2165 1200 1369
2229 3 2 0 12 1978 1803 1200 2182
2230 3 2 0 12 1914 2182 1200 2165
2231 3 2 0 12 116 2055 1956 115
2232 3 2 0 12 1958 135 136 1469
2233 3 2 0 12 1349 932 2191 1034
2234 3 2 0 12 932 1035 936 2191
2235 3 2 0 12 1374 1295 2191 936
2236 3 2 0 12 2105 1338 1292 1283
2237 3 2 0 12 1292 1338 1311 1375
2238 3 2 0 12 997 1939 1022 1876
2239 3 2 0 12 1022 1939 1910 1330
2240 3 2 0 12 1505 2172 1687 1968
2241 3 2 0 12 1472 2133 1420 1160
2242 3 2 0 12 1201 1655 2133 1472
2243 3 2 0 12 1669 2124 2015 957
2244 3 2 0 12 961 2124 1669 1804
2245 3 2 0 12 1519 2015 2124 1336
2246 3 2 0 12 1743 1859 2001 1153
2247 3 2 0 12 1585 1747 2001 1177
2248 3 2 0 12 1177 2001 1859 1317
2249 3 2 0 12 1208 1817 1115 2102
2250 3 2 0 12 1896 1205 1899 2102
2251 3 2 0 12 1115 1721 1896 2102
2252 3 2 0 12 2114 2060 2005 1986
2253 3 2 0 12 218 219 1431 1950
2254 3 2 0 12 223 224 2060 1408
2255 3 2 0 12 224 225 2005 2060
2256 3 2 0 12 1384 2013 1048 2028
2257 3 2 0 12 1048 1447 1376 2028
2258 3 2 0 12 1654 960 2190 956
2259 3 2 0 12 1077 2190 960 1549
2260 3 2 0 12 1674 2004 1796 1107
2261 3 2 0 12 1505 1968 1918 1175
2262 3 2 0 12 1206 1592 95 96
2263 3 2 0 12 94 95 1592 1941
2264 3 2 0 12 115 1956 1440 114
2265 3 2 0 12 1400 1651 2202 1426
2266 3 2 0 12 1610 2115 2202 2084
2267 3 2 0 12 2154 1426 2202 2115
2268 3 2 0 12 1627 2142 2203 939
2269 3 2 0 12 1400 939 2203 2171
2270 3 2 0 12 1587 1605 2033 2204
2271 3 2 0 12 2184 1396 2205 2141
2272 3 2 0 12 2009 2074 2206 1403
2273 3 2 0 12 2022 1469 2207 1952
2274 3 2 0 12 1591 1625 2208 1100
2275 3 2 0 12 1465 1423 2209 1135
2276 3 2 0 12 1501 1135 2209 1399
2277 3 2 0 12 1457 1694 2210 2140
2278 3 2 0 12 2056 2140 2210 2087
2279 3 2 0 12 953 1287 2212 1451
2280 3 2 0 12 1441 1650 2215 1450
2281 3 2 0 12 1616 1104 2215 1650
2282 3 2 0 12 1505 1439 2216 2172
2283 3 2 0 12 2201 964 2217 1385
2284 3 2 0 12 1186 1405 2217 1600
2285 3 2 0 12 1558 1600 2217 964
2286 3 2 0 12 2202 1651 2218 2084
2287 3 2 0 12 1468 1410 2084 2218
2288 3 2 0 12 1385 2217 1405 2030
2289 3 2 0 12 1468 2218 1651 1049
2290 3 2 0 12 2166 2214 1675 1740
2291 3 2 0 12 1197 1675 2214 1856
2292 3 2 0 12 2095 2211 2206 2074
2293 3 2 0 12 1625 2087 2210 2208
2294 3 2 0 12 2080 1496 2141 2205
2295 3 2 0 12 1451 2212 957 2015
2296 3 2 0 12 1287 2077 957 2212
2297 3 2 0 12 2095 2171 2203 2211
2298 3 2 0 12 1856 2214 232 233
2299 3 2 0 12 231 232 2214 2166
2300 3 2 0 12 1376 2080 2205 2017
2301 3 2 0 12 1396 2094 2017 2205
2302 3 2 0 12 1587 2204 2080 1376
2303 3 2 0 12 2033 1496 2080 2204
2304 3 2 0 12 1396 2184 2198 2180
2305 3 2 0 12 2146 1412 2180 2198
2306 3 2 0 12 2190 1450 2215 956
2307 3 2 0 12 1107 1488 2215 1104
2308 3 2 0 12 1475 956 2215 1488
2309 3 2 0 12 138 1953 2207 137
2310 3 2 0 12 1984 1952 2207 1953
2311 3 2 0 12 1469 136 137 2207
2312 3 2 0 12 2116 1403 2206 1677
2313 3 2 0 12 1050 1677 2206 2119
2314 3 2 0 12 1402 2119 2206 2211
2315 3 2 0 12 2005 1962 1974 1986
2316 3 2 0 12 1986 1974 2025 2075
2317 3 2 0 12 2004 1674 2213 1222
2318 3 2 0 12 2014 1222 2213 1777
2319 3 2 0 12 2026 1777 2213 2183
2320 3 2 0 12 1095 1092 1589 2174
2321 3 2 0 12 1664 2174 1589 2143
2322 3 2 0 12 1616 1146 2047 1104
2323 3 2 0 12 1143 2131 2047 1146
2324 3 2 0 12 1929 2047 2131 2073
2325 3 2 0 12 1936 1794 2192 2132
2326 3 2 0 12 1383 2106 1655 1421
2327 3 2 0 12 1449 2133 1655 2106
2328 3 2 0 12 1985 1977 2013 1377
2329 3 2 0 12 1072 2037 2013 1384
2330 3 2 0 12 1377 2013 2037 2050
2331 3 2 0 12 1262 2132 2192 1288
2332 3 2 0 12 2072 1288 2192 2108
2333 3 2 0 12 1794 1994 2108 2192
2334 3 2 0 12 1134 1196 1253 2200
2335 3 2 0 12 1257 2200 1253 1875
2336 3 2 0 12 1758 916 2122 1235
2337 3 2 0 12 1916 2122 916 1875
2338 3 2 0 12 922 1237 1235 2122
2339 3 2 0 12 1340 1843 1857 1502
2340 3 2 0 12 1054 1857 1843 1873
2341 3 2 0 12 1015 1909 2200 1257
2342 3 2 0 12 1134 2200 1909 1795
2343 3 2 0 12 106 934 2178 105
2344 3 2 0 12 934 1922 1028 2178
2345 3 2 0 12 1674 2047 1929 2213
2346 3 2 0 12 1794 2183 2213 1929
2347 3 2 0 12 1983 1462 2222 2173
2348 3 2 0 12 1814 2173 2222 1081
2349 3 2 0 12 1441 2223 1298 1650
2350 3 2 0 12 1687 2221 87 88
2351 3 2 0 12 1998 1458 2224 1996
2352 3 2 0 12 1462 2031 1996 2224
2353 3 2 0 12 2176 2220 2224 1458
2354 3 2 0 12 1467 1479 2219 1086
2355 3 2 0 12 2176 1086 2219 2220
2356 3 2 0 12 87 2221 1880 86
2357 3 2 0 12 1202 1880 2221 1401
2358 3 2 0 12 1687 2187 1401 2221
2359 3 2 0 12 1439 1399 2209 2216
2360 3 2 0 12 2187 2216 2209 1423
2361 3 2 0 12 1687 2172 2216 2187
2362 3 2 0 12 1402 2211 2203 2142
2363 3 2 0 12 1669 1100 2208 1804
2364 3 2 0 12 1804 2208 2210 1694
2365 3 2 0 12 2032 2074 2009 937
2366 3 2 0 12 1379 2095 2074 2032
2367 3 2 0 12 2013 1977 2078 1048
2368 3 2 0 12 1963 1414 1977 1985
2369 3 2 0 12 1414 2041 2078 1977
2370 3 2 0 12 1081 2222 2220 2219
2371 3 2 0 12 1462 2224 2220 2222
2372 3 2 0 12 1441 1081 2219 2223
2373 3 2 0 12 1298 2223 2219 1479
2374 3 2 0 12 965 1189 1910 1805
2375 3 2 0 12 1939 1240 1805 1910
2376 3 2 0 12 1061 1561 968 1580
2377 3 2 0 12 1149 1580 968 1935
2378 3 2 0 12 1181 1887 1808 1301
2379 3 2 0 12 899 1808 1887 1890
2380 3 2 0 12 1096 1931 1198 1746
2381 3 2 0 12 4 105 2178 104
2382 3 2 0 12 2225 75 76 1357
$EndElements
