$MeshFormat
2.2 0 8
$EndMeshFormat
$Nodes
2233
1 0 0 0
2 300 0 0
3 300 65 0
4 300 200 0
5 50 200 0
6 0 200 0
7 0 65 0
8 5.999999999988289 0 0
9 11.99999999997619 0 0
10 17.99999999996408 0 0
11 23.99999999995198 0 0
12 29.99999999993988 0 0
13 35.99999999992777 0 0
14 41.99999999991567 0 0
15 47.99999999990357 0 0
16 53.99999999989147 0 0
17 59.99999999987936 0 0
18 65.99999999986726 0 0
19 71.99999999985515 0 0
20 77.99999999984303 0 0
21 83.99999999983091 0 0
22 89.9999999998188 0 0
23 95.99999999980666 0 0
24 101.9999999997945 0 0
25 107.9999999997824 0 0
26 113.9999999997703 0 0
27 119.9999999997582 0 0
28 125.9999999997461 0 0
29 131.9999999997137 0 0
30 137.9999999996732 0 0
31 143.9999999996327 0 0
32 149.9999999995978 0 0
33 155.9999999996085 0 0
34 161.9999999996248 0 0
35 167.9999999996411 0 0
36 173.9999999996574 0 0
37 179.9999999996738 0 0
38 185.99999999969 0 0
39 191.9999999997064 0 0
40 197.9999999997227 0 0
41 203.999999999739 0 0
42 209.9999999997553 0 0
43 215.9999999997716 0 0
44 221.999999999788 0 0
45 227.9999999998042 0 0
46 233.9999999998206 0 0
47 239.9999999998368 0 0
48 245.9999999998532 0 0
49 251.9999999998695 0 0
50 257.9999999998858 0 0
51 263.9999999999021 0 0
52 269.9999999999184 0 0
53 275.9999999999347 0 0
54 281.999999999951 0 0
55 287.9999999999674 0 0
56 293.9999999999837 0 0
57 300 4.062500000000146 0
58 300 8.125000000004265 0
59 300 12.18750000000335 0
60 300 16.25000000000244 0
61 300 20.31250000000152 0
62 300 24.37500000000061 0
63 300 28.43749999999969 0
64 300 32.49999999999877 0
65 300 36.56249999999788 0
66 300 40.624999999997 0
67 300 44.68749999999611 0
68 300 48.74999999999523 0
69 300 52.81249999999434 0
70 300 56.87499999999346 0
71 300 60.93749999999257 0
72 300 68.97058823529412 0
73 300 72.94117647058823 0
74 300 76.91176470588235 0
75 300 80.88235294117646 0
76 300 84.85294117647059 0
77 300 88.82352941176471 0
78 300 92.79411764705883 0
79 300 96.76470588235294 0
80 300 100.7352941176471 0
81 300 104.7058823529412 0
82 300 108.6764705882353 0
83 300 112.6470588235294 0
84 300 116.6176470588235 0
85 300 120.5882352941176 0
86 300 124.5588235294118 0
87 300 128.5294117647059 0
88 300 132.5 0
89 300 136.4705882352941 0
90 300 140.4411764705882 0
91 300 144.4117647058824 0
92 300 148.3823529411765 0
93 300 152.3529411764706 0
94 300 156.3235294117647 0
95 300 160.2941176470588 0
96 300 164.2647058823529 0
97 300 168.235294117647 0
98 300 172.2058823529412 0
99 300 176.1764705882353 0
100 300 180.1470588235294 0
101 300 184.1176470588235 0
102 300 188.0882352941177 0
103 300 192.0588235294118 0
104 300 196.0294117647059 0
105 293.4210526315894 200 0
106 286.8421052631788 200 0
107 280.2631578947681 200 0
108 273.6842105263575 200 0
109 267.1052631579469 200 0
110 260.5263157895363 200 0
111 253.9473684211257 200 0
112 247.368421052715 200 0
113 240.7894736843044 200 0
114 234.2105263158938 200 0
115 227.6315789474832 200 0
116 221.0526315790726 200 0
117 214.473684210662 200 0
118 207.8947368422514 200 0
119 201.3157894738408 200 0
120 194.7368421054302 200 0
121 188.1578947370196 200 0
122 181.5789473686089 200 0
123 175.0000000001984 200 0
124 168.4210526317878 200 0
125 161.8421052633772 200 0
126 155.2631578949666 200 0
127 148.6842105265559 200 0
128 142.1052631581453 200 0
129 135.5263157897348 200 0
130 128.9473684213241 200 0
131 122.3684210528864 200 0
132 115.7894736844384 200 0
133 109.2105263159904 200 0
134 102.6315789475424 200 0
135 96.05263157909437 200 0
136 89.47368421064637 200 0
137 82.89473684219837 200 0
138 76.31578947375036 200 0
139 69.73684210530236 200 0
140 63.15789473685861 200 0
141 56.57894736842929 200 0
142 45.83333333335575 200 0
143 41.66666666671151 200 0
144 37.50000000006727 200 0
145 33.33333333342302 200 0
146 29.1666666667598 200 0
147 25.00000000008594 200 0
148 20.83333333341211 200 0
149 16.66666666673828 200 0
150 12.50000000005266 200 0
151 8.333333333364024 200 0
152 4.166666666682206 200 0
153 0 196.0294117647253 0
154 0 192.0588235294506 0
155 0 188.0882352941759 0
156 0 184.1176470589012 0
157 0 180.1470588236265 0
158 0 176.1764705883518 0
159 0 172.2058823530771 0
160 0 168.2352941178024 0
161 0 164.2647058825277 0
162 0 160.294117647253 0
163 0 156.3235294119783 0
164 0 152.3529411767036 0
165 0 148.3823529414289 0
166 0 144.4117647061542 0
167 0 140.4411764708795 0
168 0 136.4705882356048 0
169 0 132.5000000003302 0
170 0 128.5294117650554 0
171 0 124.5588235297471 0
172 0 120.5882352944306 0
173 0 116.6176470591142 0
174 0 112.6470588237977 0
175 0 108.6764705884812 0
176 0 104.7058823531647 0
177 0 100.7352941178483 0
178 0 96.76470588253179 0
179 0 92.7941176472153 0
180 0 88.82352941189883 0
181 0 84.85294117658236 0
182 0 80.88235294126589 0
183 0 76.91176470594941 0
184 0 72.94117647063294 0
185 0 68.97058823531647 0
186 0 60.93750000000304 0
187 0 56.87500000001441 0
188 0 52.81250000002579 0
189 0 48.75000000003716 0
190 0 44.68750000004852 0
191 0 40.62500000005989 0
192 0 36.56250000007125 0
193 0 32.50000000008261 0
194 0 28.43750000007318 0
195 0 24.37500000006238 0
196 0 20.31250000005157 0
197 0 16.25000000004076 0
198 0 12.18750000002996 0
199 0 8.125000000019146 0
200 0 4.062500000008342 0
201 5.999999999988289 65 0
202 11.99999999997619 65 0
203 17.99999999996408 65 0
204 23.99999999995198 65 0
205 29.99999999993988 65 0
206 35.99999999992777 65 0
207 41.99999999991567 65 0
208 47.99999999990357 65 0
209 53.99999999989147 65 0
210 59.99999999987936 65 0
211 65.99999999986726 65 0
212 71.99999999985515 65 0
213 77.99999999984303 65 0
214 83.99999999983091 65 0
215 89.9999999998188 65 0
216 95.99999999980666 65 0
217 101.9999999997945 65 0
218 107.9999999997824 65 0
219 113.9999999997703 65 0
220 119.9999999997582 65 0
221 125.9999999997461 65 0
222 131.9999999997137 65 0
223 137.9999999996732 65 0
224 143.9999999996327 65 0
225 149.9999999995978 65 0
226 155.9999999996085 65 0
227 161.9999999996248 65 0
228 167.9999999996411 65 0
229 173.9999999996574 65 0
230 179.9999999996738 65 0
231 185.99999999969 65 0
232 191.9999999997064 65 0
233 197.9999999997227 65 0
234 203.999999999739 65 0
235 209.9999999997553 65 0
236 215.9999999997716 65 0
237 221.999999999788 65 0
238 227.9999999998042 65 0
239 233.9999999998206 65 0
240 239.9999999998368 65 0
241 245.9999999998532 65 0
242 251.9999999998695 65 0
243 257.9999999998858 65 0
244 263.9999999999021 65 0
245 269.9999999999184 65 0
246 275.9999999999347 65 0
247 281.999999999951 65 0
248 287.9999999999674 65 0
249 293.9999999999837 65 0
250 141.5986157623519 32.78145788760307 0
251 132.2749285999765 32.52869806576088 0
252 75.80348353522595 32.59535734436479 0
253 112.250595619481 32.50358068055415 0
254 103.2256740469038 32.48943109588738 0
255 83.10185951820492 32.51431934347479 0
256 67.9126795706816 32.92305506066926 0
257 127.2991794783056 32.51545296982116 0
258 90.54803259982569 32.50134627211476 0
259 57.5748979062306 31.94714368207589 0
260 120.5939266840193 32.51439535327942 0
261 17.17245124891111 33.03479987917824 0
262 53.01666048031914 33.11577507645036 0
263 145.4826555480433 33.15921865469952 0
264 227.8617910427428 33.30205632258645 0
265 280.2162891559588 34.85791503387805 0
266 162.0046199015593 32.3502573249444 0
267 150.1875004829357 30.46963803921004 0
268 231.1520258394144 30.60286175777032 0
269 262.0342832348895 30.26924344740866 0
270 208.6768167130165 32.58144730903094 0
271 176.2382304906644 32.57672365439913 0
272 244.2072075880296 31.38771316717959 0
273 170.444898868204 32.22542747317646 0
274 182.0532196359841 33.08258974223845 0
275 221.7748152213063 32.70729306966886 0
276 215.2979696556559 32.54561682685538 0
277 14.2350905098188 15.79065339897461 0
278 17.1072550620558 46.99305244919744 0
279 290.9372791184894 50.65629314368956 0
280 12.70176479393166 52.51107572115436 0
281 292.3267325316582 11.38381121742971 0
282 13.87211617530655 10.67618700854583 0
283 274.7480815426874 46.69492690978385 0
284 264.261307355988 49.33521461765023 0
285 267.3730009673453 16.9450736701331 0
286 155.917210674805 48.82311667171982 0
287 155.9060247519179 16.30221865685223 0
288 202.8263064240026 12.33174049289604 0
289 203.3514908783828 52.28907006945108 0
290 215.3996484513696 47.98173337947315 0
291 215.0677136642962 17.0010612674202 0
292 150.2245666884279 47.01045983371584 0
293 150.3641157346931 18.10516369277685 0
294 242.2629865408022 13.90057042360135 0
295 243.8046041489764 49.44933647957591 0
296 199.3310598015855 18.42810981363843 0
297 199.9458333995505 46.08331355468771 0
298 130.371621379774 48.39791937215373 0
299 130.5476645088856 16.71416019158669 0
300 143.0304057600563 50.39308921585357 0
301 143.0927194723603 14.67440421510257 0
302 94.7804182847766 14.33582802688813 0
303 94.76738772810201 50.66749554814577 0
304 112.9037844750354 47.68159676952134 0
305 112.9954106350613 17.4029198020295 0
306 167.8522613755217 51.16933034294722 0
307 167.6034142798438 14.88168899782685 0
308 207.785257065611 16.98938531857438 0
309 230.9249587260778 18.068953421268 0
310 232.1673064014675 46.94213570829946 0
311 208.1262973440325 47.83359809497173 0
312 221.684681945413 17.08312081233262 0
313 222.129202258268 48.02257386116146 0
314 193.7107601346487 47.75914588654754 0
315 193.3780719107323 17.13485661038123 0
316 41.32865052276089 17.91323124196869 0
317 40.88089518900682 47.34532298586556 0
318 121.0479439685738 47.93121056747884 0
319 121.2685521220611 17.18346987939806 0
320 60.62392887325505 16.15869448565565 0
321 60.57279678427214 48.7737061056131 0
322 124.6585030471452 13.31602750306887 0
323 107.5646658885801 47.09231567637898 0
324 107.6191838448224 17.89803635313126 0
325 53.39293015064453 49.76971993043774 0
326 53.626211693725 15.33845661687097 0
327 47.74744918875775 21.37309127783637 0
328 45.26781219100386 45.7189193406318 0
329 137.5819244292981 15.90689456003363 0
330 137.4882149325269 49.17469110291157 0
331 77.71210157917039 48.02474559282257 0
332 77.70153041781741 17.02557687556216 0
333 84.34782609421062 18.92269459870975 0
334 84.34582288875573 46.07364566511899 0
335 258.9892614458187 48.05969086035638 0
336 227.6086502148113 16.19737266265045 0
337 228.5694323731548 49.1074256172307 0
338 175.2433566256141 47.41652234174168 0
339 291.2991356091511 32.96295947832961 0
340 25.46163841568908 43.95359284651961 0
341 25.83838683094147 20.79967820107356 0
342 7.919613404239158 34.12022194295523 0
343 21.39800716812649 11.81978675639457 0
344 25.80923017837031 54.34144326202509 0
345 287.9463271057553 46.56850147805631 0
346 291.2697066260305 23.48151780753014 0
347 282.1726959102678 58.04195806044295 0
348 283.0686137852864 27.2009230496386 0
349 16.78234504483452 42.53823417036386 0
350 15.69917268856146 23.37907134698031 0
351 291.7706094950086 15.98708549612984 0
352 287.2323407315049 10.99262458857268 0
353 8.120014782720491 47.71689467664695 0
354 18.04547588683725 6.327262541315382 0
355 18.38348327269605 58.99542248006669 0
356 22.63207973655766 32.91623061981299 0
357 12.87418572971043 4.189523894071212 0
358 11.13591413713531 58.34592571258585 0
359 9.111798374024867 7.225039757253231 0
360 296.4544162965331 11.97982580848934 0
361 3.802116708986573 7.771495285669515 0
362 272.9515230291692 54.18291889858136 0
363 252.1953809762372 24.44248701786021 0
364 263.0368895972759 22.50015664597735 0
365 268.5989709581933 40.206246245265 0
366 269.3947746627734 22.65012984016612 0
367 8.072828138230323 43.15594593774703 0
368 32.37527807222946 22.14125295415257 0
369 36.52703372915418 22.22789109710909 0
370 37.69251450623694 44.5596117172384 0
371 266.2399268230836 55.08541903872364 0
372 42.19334328569401 40.77548849722556 0
373 42.00518394343715 21.97473794319093 0
374 196.6188205841217 23.79215219696875 0
375 197.4089666464678 41.19115040327443 0
376 76.02926179341553 24.40762357470097 0
377 76.07630647583987 40.71333760129626 0
378 120.9787585449323 40.277847228516 0
379 121.0746221151658 24.78741437607141 0
380 172.901461692729 21.00364772717516 0
381 259.1091806883186 26.12528545761778 0
382 108.6012477549457 22.21444498519004 0
383 108.5677192719643 42.79301736590972 0
384 221.9505697231523 24.87676948538783 0
385 222.0253995608804 40.3568886655437 0
386 237.5758016377193 23.81435513615372 0
387 238.3350537547064 39.50511685227428 0
388 26.64186527569687 10.33354924651137 0
389 257.3456366059488 53.70795112162932 0
390 181.64964173257 43.38409272196547 0
391 183.8617102579053 23.77285670433261 0
392 238.6426348095676 59.4898094138314 0
393 221.3578435680376 11.72771102300432 0
394 222.1059214512244 53.48795499670433 0
395 231.0693100778179 10.58444454468398 0
396 232.6407799923071 56.6521320356714 0
397 107.5860824094291 9.403069834091916 0
398 107.5467271726313 55.63644523062881 0
399 78.88658564666314 54.69063262769414 0
400 78.8813025340321 10.32623889537819 0
401 120.0792173624404 54.81130694724636 0
402 120.2634475123574 10.29771602650867 0
403 54.15081573772115 55.1521913117798 0
404 54.07025217507201 9.921982327452906 0
405 147.1907834998052 39.76826073542451 0
406 147.7305291212614 25.75944424603173 0
407 188.3295183323001 59.96952569575837 0
408 189.5008240677136 4.657202664322821 0
409 208.2086894210395 24.71466070804869 0
410 208.6056737219672 40.09829850883758 0
411 164.0368398447585 40.46112389346357 0
412 163.3950722269576 24.49055791623889 0
413 141.8868244612482 10.86913902308188 0
414 141.8419454408777 54.17522974594474 0
415 154.0841531063012 53.98563777174831 0
416 154.0775943856111 11.1146357984865 0
417 47.65097981715098 37.39069988800907 0
418 48.4274679317956 26.75067397038286 0
419 209.8639065394468 55.34096230750559 0
420 209.5236172207844 9.587811187879483 0
421 216.3432851789794 54.54270935478039 0
422 215.7955665609729 10.52252644725098 0
423 160.0699748406238 10.21051765986452 0
424 160.0997158393191 55.04748073491681 0
425 158.944733420149 25.91095617109497 0
426 158.8253149626351 38.85235140693818 0
427 201.8193957990055 24.44886181782309 0
428 201.8698734558505 38.95202219800206 0
429 246.6321414455947 54.84055663608849 0
430 243.4033620658472 6.794362127277251 0
431 189.25209859838 39.16350955839234 0
432 189.7573148266027 25.84453566308129 0
433 245.2103462490465 37.61982846445354 0
434 244.4311666422496 23.29443242246369 0
435 104.0012582767108 23.58140885175653 0
436 103.9843807263222 41.4103084504855 0
437 83.16058844293406 24.89324166066223 0
438 83.16004900354413 40.13138256291926 0
439 72.34377768963637 9.53678792687839 0
440 72.3622285226958 55.49413631980735 0
441 169.7002620688241 41.51663561974957 0
442 166.9105039982249 23.54726412047326 0
443 99.1871947771305 39.47046624068941 0
444 99.19325202050986 25.51975270206022 0
445 114.0610790720096 40.79743372133568 0
446 114.113018414906 24.23817794898222 0
447 112.5005468044339 54.20971048969324 0
448 112.6019149337482 10.85629655369403 0
449 132.895143981136 22.87926292852949 0
450 132.8006609653846 42.20568779681808 0
451 66.53704869828951 9.688228066555595 0
452 66.52321580137766 55.29307619450226 0
453 122.5725135095501 56.99313479787897 0
454 122.7355716509812 8.101969891947393 0
455 215.3326713084633 40.36643240984276 0
456 215.1692507980399 24.6529201869161 0
457 138.7720717434402 39.20447759889896 0
458 138.8524139197069 25.98822370104601 0
459 85.40511885860106 8.939466355515814 0
460 85.38790681302949 56.05964693320364 0
461 101.8480020385088 9.115268226988727 0
462 101.8486208141264 55.91825533419016 0
463 128.1646836317985 39.53111605195778 0
464 128.2547773258168 25.53676088241476 0
465 96.11027140818388 8.831515708529459 0
466 96.06497192338372 56.13922932735385 0
467 90.71100468422738 8.597158037405476 0
468 90.72961783016915 56.44697518795389 0
469 228.0260076239111 54.4110739078188 0
470 226.8634292163238 11.36874011409864 0
471 228.2792901541114 39.26945431650931 0
472 228.5254313732295 26.22280853303881 0
473 90.48745222106172 23.25058330751494 0
474 90.48238669067143 41.75151882930203 0
475 172.8557352151204 8.257367386381592 0
476 172.3092995345047 57.35685334377271 0
477 266.3819309704679 9.12339684736404 0
478 3.952839422713472 39.52211098889477 0
479 289.3510714337593 39.75507504666772 0
480 287.0474240655492 35.80751117270776 0
481 9.835092362100696 18.97616814177874 0
482 274.5479902573543 24.27599716005554 0
483 23.21277703772407 47.94045957679055 0
484 23.6873564310573 16.32484840128872 0
485 252.3164071669213 59.69623987321685 0
486 251.9355876881569 5.012111874569052 0
487 287.9404379483253 25.01587539549146 0
488 12.32268501687581 33.46185212586145 0
489 287.1158407286201 20.82264568422736 0
490 12.66999587037571 47.51009379754933 0
491 278.4019167036784 52.11835779439875 0
492 7.546579525129954 29.80898514408581 0
493 178.6438697104272 60.3375715324059 0
494 179.3181170879819 4.916853729167836 0
495 12.43089810719986 38.13867426649095 0
496 293.2162096080774 36.88621640598265 0
497 281.7280343957169 22.16489326123828 0
498 275.2901558514014 39.2902994843232 0
499 11.8906033909424 28.90037848353563 0
500 289.5347319937521 28.91687378842238 0
501 277.6517191309952 30.26028986691723 0
502 19.1066852256311 17.93056695131089 0
503 270.1867382963552 10.26619907533664 0
504 12.47596298889674 42.79945957512365 0
505 280.8862885657868 44.73547412335877 0
506 282.8333240273899 38.74270885204117 0
507 20.35944985580399 46.10234324042244 0
508 275.7706097181742 10.96181984318257 0
509 17.06895495312107 37.91015918760117 0
510 3.628558087539665 31.02462622960715 0
511 297.6031010044837 37.04180467642729 0
512 29.98141811768252 45.88517014471309 0
513 284.9258434252393 31.70182611603784 0
514 14.76295274444179 18.91381621944812 0
515 7.011914825555055 16.22759252427062 0
516 281.4212583755266 16.60798146368292 0
517 16.71291915739123 28.1778456858395 0
518 11.52490437931543 14.38776441172704 0
519 180.2567626167396 18.5100971727767 0
520 181.4516039938031 48.29461689189663 0
521 22.06281917301788 38.1565364961679 0
522 11.03316380989395 24.21254825083263 0
523 22.20473283357546 27.50143455960873 0
524 28.49009431484366 14.70566675259582 0
525 27.53792429938672 49.93507957198951 0
526 17.03648822803921 14.0241009507372 0
527 296.0060508101656 16.1218794415041 0
528 185.9595277599965 48.47770350901973 0
529 186.3844547014642 18.50037698863609 0
530 294.3814458549551 25.47047780557123 0
531 20.77726790403322 22.41605935617285 0
532 25.12646992673201 5.404301945722321 0
533 286.8980843351689 53.58226653996427 0
534 281.5440184834932 10.99852020106302 0
535 294.368474789565 55.18984406994646 0
536 21.14552939930361 42.79062498425719 0
537 24.78327068971391 59.44082801326048 0
538 291.4681924075062 20.32753611319783 0
539 19.35775944300058 52.24414004646653 0
540 3.98450399134423 43.84673386598836 0
541 7.825321823952369 12.91551486153503 0
542 275.1469909801501 16.98128314331325 0
543 297.1901996682846 44.37457512847677 0
544 267.7750375248532 49.95603232505218 0
545 295.4542786459712 47.90448288223051 0
546 286.8886371148583 16.12446724972477 0
547 249.8792098537411 32.47590181953741 0
548 36.07947176908328 16.62738498972087 0
549 296.7410763658883 52.0000240214325 0
550 296.0742714130711 40.57808376252637 0
551 260.9171372493677 16.86159022474342 0
552 101.5785093066002 35.25184445309034 0
553 101.5811384440119 29.72880522755352 0
554 160.6794864579572 29.78812233129469 0
555 160.6279602990057 34.84600602323584 0
556 110.101722120146 38.37210534347061 0
557 110.1231124511498 26.63491330545089 0
558 203.9483818578269 28.90862047558091 0
559 205.5119623505321 36.14309634299033 0
560 144.2344868971555 20.98855770100249 0
561 144.0604276699301 44.20897905766059 0
562 3.214369243405679 27.07974835468959 0
563 60.26208779763675 34.12780754989274 0
564 58.27028943864323 29.54817929514987 0
565 126.6529520751233 60.30338649143152 0
566 126.7399342742233 4.748487254702532 0
567 224.9643923778252 36.47018395801796 0
568 225.0690422937075 29.23006401573523 0
569 98.05056947750505 32.49466895018016 0
570 218.789215276748 44.18700609769019 0
571 218.531495749538 20.85147728171335 0
572 154.6184784648864 28.01386629194841 0
573 153.1823788094515 35.97673921549777 0
574 48.39891751814956 4.597002960898319 0
575 48.46494116990033 60.33072062165942 0
576 225.9965385184999 20.97660574018428 0
577 226.3200587877274 44.23872587312212 0
578 117.5555773063212 20.93319591620411 0
579 117.4378786524975 44.14487943710405 0
580 148.5336699924127 36.45093754343121 0
581 218.5410806530109 28.68465274971236 0
582 218.5965646565474 36.50068345215564 0
583 84.57037122755332 4.541166262631553 0
584 84.56913622686626 60.46631661757542 0
585 46.98059291299789 50.87768677526348 0
586 45.9712984299838 15.06921154372094 0
587 32.96614370143227 41.27243926683847 0
588 36.59870326675362 27.61464363834778 0
589 117.1092516084522 28.41148437011621 0
590 117.0776592852399 36.61912563755912 0
591 90.41524721198105 60.63463744449616 0
592 90.4191447027993 4.372498664440976 0
593 218.609780620858 13.85861538363506 0
594 219.1367193157254 51.23316823504416 0
595 222.2663583546163 58.03335541616334 0
596 229.737597440889 60.63410312932768 0
597 229.383510659577 5.782374476687134 0
598 115.1781278208507 58.88407091580352 0
599 115.2813189324367 6.154164663892137 0
600 132.2739853598165 5.088863066409733 0
601 132.208864862717 59.95345755837341 0
602 108.0867157988193 4.961586436681674 0
603 108.0757101076758 60.08435913189913 0
604 116.7936015721111 51.37300628798438 0
605 116.9461542257305 13.72267203336653 0
606 42.91734873096847 60.17014651401163 0
607 42.86229482457239 4.569515659882068 0
608 187.2918866061015 44.9258131190292 0
609 190.1914625321949 21.58525521994249 0
610 110.8787288272447 13.77168777297179 0
611 110.7995964779399 51.28027903770035 0
612 221.6904311988327 7.403427423059978 0
613 224.2003470739676 13.93895989756815 0
614 224.9707046408632 51.38422003429014 0
615 54.80853042321259 26.72033015491035 0
616 56.69549233435582 37.91136713006846 0
617 212.0096421997693 36.40175163018332 0
618 211.7814835586294 28.62335053928381 0
619 124.2289019097816 36.21154757554523 0
620 124.2820335577527 28.83436641352841 0
621 174.1922530193588 2.865809403903699 0
622 173.9633451262307 62.27947861933845 0
623 64.39602758956242 20.57037492626815 0
624 64.64390969490827 44.56964330551619 0
625 66.32351793161914 60.19082568728056 0
626 66.32408207864727 4.808291412422648 0
627 152.4318423000629 23.28855969901829 0
628 151.9174646163275 41.81932961280511 0
629 215.0208231638545 60.01057233373471 0
630 214.7353254143201 5.056539262206846 0
631 270.5338387302087 5.142276311876583 0
632 256.0389307643371 17.08786646564822 0
633 111.8253984981076 43.60679051755081 0
634 111.8839538353536 21.42821924376319 0
635 251.6307923178079 49.13914535964114 0
636 242.633153731545 42.21896000827295 0
637 240.1385216745642 19.37891929522641 0
638 229.7726159078973 20.8686004052533 0
639 230.3013328524962 44.16158720076874 0
640 60.27385987862432 60.12099514572554 0
641 60.26527234803295 4.881136101333354 0
642 57.97449767822094 20.37034729514327 0
643 58.0131351457413 44.32189246038081 0
644 229.7441404054958 36.20160130888947 0
645 212.2543065469266 51.39359761363355 0
646 211.8556962970313 13.5500002205647 0
647 164.748242444448 28.36588515867496 0
648 165.0551906305634 36.17843950079465 0
649 79.55687806467084 36.50631168609871 0
650 79.54421992652783 28.57514708854937 0
651 30.60973844289668 18.87753068526229 0
652 60.72336999467473 41.31388433951362 0
653 60.07768558236815 23.63313023002962 0
654 125.1575493215621 21.18795161336089 0
655 125.0130219035978 43.90874587588157 0
656 202.9672731206662 5.569148023109648 0
657 203.1788907749323 58.98752245073474 0
658 34.12517587212306 48.53972792746931 0
659 157.2879288960755 32.0861871909134 0
660 186.4168509155757 29.08461587447352 0
661 187.4979483237664 32.81232564505014 0
662 143.7745822068399 28.16128570714963 0
663 143.5062832185414 37.46920401998793 0
664 151.9314585235853 59.34444777643868 0
665 151.9348659788967 5.708849485116426 0
666 144.8527951187224 58.04398099724335 0
667 144.8729412752941 6.986878401619454 0
668 263.3670242796014 45.93381259129544 0
669 182.0498986023208 38.25967805487107 0
670 182.4878287025595 28.3523843633341 0
671 194.4215881498632 11.55263188457273 0
672 197.3700234061703 52.50242300589051 0
673 228.8268402991828 13.97074489304177 0
674 230.347314193371 51.74208871972104 0
675 281.8094194104008 5.47529299383561 0
676 157.3646196577089 43.60546261981676 0
677 157.4417360861364 21.39535391718013 0
678 234.4882121553375 27.50086374136985 0
679 233.6687318838666 35.88373482342234 0
680 107.0970461174423 51.27360195971205 0
681 107.1450478349087 13.75448609970253 0
682 231.6670584150261 23.63799269589751 0
683 231.8185412224603 41.12529088253783 0
684 269.5640166496889 29.64635406922254 0
685 124.389147028711 51.77570910609516 0
686 240.9859930019526 27.59865370300409 0
687 241.2397658041241 35.10920999975241 0
688 76.01329477902317 13.98211294720449 0
689 76.02920980986023 51.05083812453588 0
690 96.16825196193581 60.59290010801865 0
691 96.17618009872736 4.412559088913995 0
692 80.17146530574112 21.23481778725715 0
693 80.1822551462441 43.80893316034155 0
694 169.8365681363171 61.37948918708032 0
695 170.0334731300401 3.820410729951325 0
696 78.46398981412979 4.789313430096421 0
697 78.46543154498414 60.21817911903779 0
698 72.34213676142015 4.811752704948131 0
699 72.34461797784698 60.19397780075194 0
700 182.4703476479535 54.56249144606174 0
701 185.1952135974845 10.76084326677853 0
702 106.4631182937529 32.49491284748483 0
703 102.0411363280283 60.45793667686561 0
704 102.0497890759187 4.557688337637845 0
705 130.6894178454434 29.66054957082142 0
706 130.6490086411298 35.39683130511642 0
707 259.6620829651217 59.15646093264088 0
708 82.19295581726773 14.88599863069352 0
709 82.19352241815811 50.13048531140087 0
710 28.92455362777706 33.39529909800445 0
711 234.1329671348988 20.48126427049135 0
712 235.4061729354782 43.68656977673281 0
713 211.876072422805 44.07331524343498 0
714 211.5921144519331 20.83992961074319 0
715 165.3920058189526 32.24096267275264 0
716 164.2131761319188 4.58504418138692 0
717 164.1275147643794 60.58834095486311 0
718 261.6801952487563 51.51322173221711 0
719 90.62055115558412 11.812128136793 0
720 90.61234925761715 53.19754339925418 0
721 236.3293710818454 11.6306166413828 0
722 241.1362481528717 53.81027451564358 0
723 261.9326945040355 39.797289734529 0
724 279.7790109596894 41.10265740119379 0
725 121.3206386434049 60.25482015695159 0
726 121.4159894238766 4.796996048218269 0
727 167.5571005937156 20.0268091509524 0
728 168.9607025555609 46.30295098205591 0
729 72.1597738211872 50.90102889721552 0
730 72.13626379875583 14.12683254747692 0
731 254.552101230079 29.52224988083581 0
732 251.1786618275924 38.85401371376744 0
733 86.93969119240931 13.09982502730464 0
734 86.93487239625867 51.90986273461409 0
735 29.29618361345031 26.2771600919928 0
736 43.54018891276578 8.1405467778798 0
737 258.9886247442103 6.680653190974472 0
738 32.21487227724773 13.58132341105715 0
739 31.27042935921838 51.05814690898944 0
740 43.73367649695604 56.51749713558483 0
741 94.6755974670493 36.45621805037466 0
742 94.67188129245234 28.54493465448631 0
743 297.0923656461221 8.887500889224798 0
744 192.8719649162869 20.81842358902616 0
745 193.6657283177226 42.66318263372263 0
746 66.92464123144588 14.60359770343429 0
747 66.95613485953939 50.45916826401675 0
748 85.75096196614727 42.72132119467256 0
749 85.75413471341706 22.28868906597078 0
750 272.5624741671979 33.69741968312977 0
751 295.6175855592871 30.4396884410409 0
752 296.6782984469782 34.36750847908376 0
753 247.1723657126474 51.1915010818994 0
754 256.5871274266634 12.14337564968874 0
755 72.01186170713498 36.87294801701777 0
756 71.86028018939724 28.51018316009799 0
757 137.4884219928198 54.36011952035741 0
758 137.567120674878 10.70116672073147 0
759 60.35714380391764 54.96413773876626 0
760 60.37035346971469 10.03604701491568 0
761 166.1085185999077 56.02174077879411 0
762 166.2741329759086 9.555094413456548 0
763 294.2567048887903 6.059608314297646 0
764 192.7197637903278 31.33377416891714 0
765 194.9874372816347 36.40142905767979 0
766 231.6032935208409 14.73185248411748 0
767 235.0529457819242 51.27430231210779 0
768 134.6315316655605 27.61424571571148 0
769 134.5793554036936 37.50372258336049 0
770 247.7223376493613 27.71763660403748 0
771 170.2876676090025 26.48755490173982 0
772 170.2699889061694 36.89580444365655 0
773 246.5189262006819 33.94618333829178 0
774 27.48218402493754 39.15778255640763 0
775 8.039933152076763 52.12423367328307 0
776 199.7093185051397 34.54512591940485 0
777 198.0222341656074 29.74577884298865 0
778 86.73627022926563 36.52785337950297 0
779 86.74221985525831 28.48266599177245 0
780 138.0164754850988 43.84571250856286 0
781 138.1140336470093 21.2782093815074 0
782 72.23141717349544 45.55287405494635 0
783 72.15273918562096 19.56286339441239 0
784 178.4993485206039 22.46164779456956 0
785 175.6579113603249 42.44531036455251 0
786 96.9127308476499 20.51977615129486 0
787 96.90251412595119 44.4782156080698 0
788 32.15568611252451 10.00878089829252 0
789 37.23339569691836 4.857582579493389 0
790 37.1830553115131 59.74154631564711 0
791 141.9815918839275 40.10242483496243 0
792 142.1595065468679 25.22101333227614 0
793 3.998023503283233 48.13062711550055 0
794 174.285427949373 52.62839699118963 0
795 175.6987844248091 14.80074017960583 0
796 189.0759404114941 51.88023152334926 0
797 204.1543314735983 21.21605168159881 0
798 204.6199520051958 43.35231230668559 0
799 39.21490772881131 52.90763383707242 0
800 39.09217520632573 10.62367225326392 0
801 260.6047322098093 13.43819535284001 0
802 158.0852070072407 60.01117567418427 0
803 158.1037130046903 5.105434823596905 0
804 8.094417712476467 38.71215234440567 0
805 31.54689189564852 54.53487616388644 0
806 263.4746698225663 11.34809973412111 0
807 209.1803931581849 5.053736947908873 0
808 209.392456929101 59.85321617413454 0
809 256.971077041281 21.85548255047457 0
810 140.2267203061916 30.01474623804698 0
811 140.1663133557223 35.39943348496043 0
812 268.4711543178056 45.39164243781352 0
813 54.19396522106743 4.823146799403349 0
814 54.23412986592973 60.17314645828326 0
815 235.5997029805057 16.52992875867254 0
816 239.3763908194318 46.61421739471119 0
817 126.3063325156568 55.92017596960497 0
818 126.4706502025484 9.168742771416085 0
819 271.555946391807 50.49978271640031 0
820 250.6606252276745 10.37210024487097 0
821 291.998026778171 43.67631244799758 0
822 265.2114875510342 5.270364026116671 0
823 138.0485633466169 5.535077687051206 0
824 138.008782973339 59.49636043810498 0
825 260.5161983209071 20.26930251854942 0
826 252.0786178398398 54.65334865605544 0
827 247.1537384373881 45.00946407205159 0
828 47.85296335719943 9.226596788017712 0
829 48.07221915362539 55.73739555071717 0
830 136.254181332336 32.60161694302716 0
831 52.37497612584114 43.02695752986103 0
832 53.62716677594606 20.75859251116212 0
833 249.0991666842137 17.74220409718512 0
834 203.0448872774108 33.39128454141903 0
835 265.6973243145187 33.88544744661172 0
836 105.6431249504867 36.87596829147044 0
837 105.6525267425299 28.11595518762006 0
838 255.9169131731632 43.98892334691534 0
839 256.1480863044022 50.26653017235136 0
840 102.4867346580004 46.06740873488607 0
841 102.5115699285519 18.93179797250833 0
842 266.2302798615233 25.96073362182452 0
843 64.21575516355418 37.26533379139632 0
844 62.81676114059555 28.93432708759196 0
845 148.2771345788764 12.8932244935598 0
846 148.2293354542002 52.18496814478591 0
847 31.01380343340115 59.58159941483407 0
848 101.709223834648 51.01829528548362 0
849 101.7337277150818 13.99059483973525 0
850 176.0108374769931 37.5486004082691 0
851 176.9867107261416 27.48505678865769 0
852 195.1489889528384 57.44055165463895 0
853 196.1330706606398 5.55849497700051 0
854 163.0389772742752 45.11410422870008 0
855 162.446176032066 20.23196843932569 0
856 295.5922211782637 20.38045148038068 0
857 5.730234641403393 21.48664155669917 0
858 237.6852219585215 31.51466352110095 0
859 48.56168370945311 30.70870339532144 0
860 274.6879740253281 59.40193276645437 0
861 294.3855583498765 60.44326105680875 0
862 3.879321247971104 35.29828036568257 0
863 268.5999555843598 60.47086374780217 0
864 268.8845908352238 36.06668168377493 0
865 213.5758443736598 8.412264858631465 0
866 213.9804342916523 56.63292045456547 0
867 289.7994984579539 56.29636755364472 0
868 257.4568282360538 34.4742136856389 0
869 288.8546737992702 59.87351712783887 0
870 283.4469775910642 49.3493346595895 0
871 89.03509662910861 47.66270248873165 0
872 89.04137334091297 17.34161925884294 0
873 184.4936582451568 61.67998153933845 0
874 185.1854535504537 3.32751087610817 0
875 44.37129967122502 32.42462466186699 0
876 161.4797888123908 15.40448079892025 0
877 161.7188374246281 50.035308664037 0
878 285.3320953493726 42.48234591831252 0
879 131.8006111079265 10.24737797274017 0
880 131.6737575137358 54.82941806341356 0
881 68.21883064905558 40.89392901197327 0
882 67.85813729268267 24.47601360369249 0
883 3.182729974133326 4.338472349832272 0
884 264.3204366628029 61.60651107473404 0
885 276.0315333401503 5.364032244649547 0
886 42.74233199398001 27.25567984371062 0
887 37.01531873782154 35.02521104786214 0
888 287.6977502551906 5.611215212811735 0
889 67.51799377256884 18.20201292318768 0
890 67.62534119216876 46.9108464499885 0
891 247.2880345418451 3.770095900031948 0
892 233.9547995152761 61.89767559568234 0
893 235.6752090159157 6.042413219735808 0
894 4.02178496099948 52.24339706822104 0
895 4.397323401046014 56.13530125802205 0
896 5.20572463313659 60.25312103526704 0
897 6.887118643874414 25.57304269165168 0
898 3.810454265681813 17.40806899127781 0
899 3.899823638916827 12.36011424940032 0
900 7.646908108336024 55.35383544815326 0
901 246.0423489041611 59.73263064005309 0
902 31.24051017550249 5.106109752873898 0
903 2.620054348116901 23.31110198236799 0
904 2.005773121044813 20.49043446012104 0
905 123.8797549811535 108.6898767197945 0
906 195.3243382248811 109.0046301967924 0
907 56.85511679067489 113.2469520326961 0
908 207.7431479942105 137.7982685655484 0
909 118.5575789753602 139.4989736579737 0
910 180.8911324309069 136.3245605653178 0
911 213.0333792182048 120.7421152686025 0
912 151.5161015893685 120.3731309280942 0
913 111.2218119066956 122.4908209122727 0
914 77.49264559876505 136.9287568576144 0
915 174.7560126975424 120.7012161702885 0
916 218.7931701909546 128.1122881015797 0
917 153.8806618598487 140.1769092600042 0
918 83.7055755597774 132.8982831298125 0
919 171.2654763488573 140.8552819818789 0
920 228.1700921022323 145.4169123369552 0
921 257.5026107857185 131.1659392564132 0
922 95.32617031093123 128.4654275625076 0
923 52.70749798358268 161.7298844001269 0
924 24.52592703897549 114.6298121342328 0
925 273.9081976736258 107.8050760994012 0
926 274.7236227470334 163.1674393688718 0
927 27.1144321707981 166.1083235718211 0
928 28.36027608852626 92.20740228096187 0
929 266.021554719713 92.02752771338854 0
930 13.90874151951676 97.95121686791075 0
931 285.1152363512707 97.50941512617193 0
932 23.07967119364126 174.0295915324052 0
933 24.2496035825112 79.88475544236313 0
934 273.1742215811665 77.20550405912867 0
935 286.1187243059449 88.05274065907072 0
936 17.52055436498146 84.22641635636637 0
937 11.57070942036767 186.6062208291341 0
938 20.97738881854494 75.08121819392922 0
939 282.925897815519 184.8305212266677 0
940 11.26400522426822 190.4797699673765 0
941 14.88510282465334 76.74116017733041 0
942 281.9526796869203 189.9406988321646 0
943 287.168405764097 78.75447250851829 0
944 8.807195853813191 79.25419481858941 0
945 287.4333673110492 70.03252172025556 0
946 8.166658812277566 190.2632061044307 0
947 294.1425451484966 191.3543386200799 0
948 7.073937037549707 197.4988130641275 0
949 254.788577522374 100.7389031630034 0
950 34.50633588631364 124.9624822515202 0
951 251.1831949341764 163.7750258174635 0
952 214.9658097796986 101.1066354651764 0
953 88.25606823995969 109.9138665566308 0
954 96.7852952243977 94.15330969414325 0
955 78.61392490727599 115.8218129226486 0
956 205.724313474057 104.9519084423864 0
957 116.3004145038975 98.03935429013301 0
958 186.1272495932692 101.1007543088355 0
959 72.13641667674513 95.1104118297106 0
960 279.7002506944396 132.6560576475834 0
961 198.963048918067 95.23630135963613 0
962 131.5105732098528 97.26445951140686 0
963 125.6157037585513 97.81745257065266 0
964 199.5213460412379 166.8317457847734 0
965 23.39459015601936 149.2344727541088 0
966 80.91544119857213 156.4127393077372 0
967 173.6892952886589 167.505960372697 0
968 109.0636296191087 171.6854206180418 0
969 150.3402048954357 165.6013404177386 0
970 167.210225943576 170.2666743471567 0
971 106.9209630062116 158.0133728382186 0
972 156.0988461480196 171.563032546941 0
973 232.7567856838277 161.9065826036443 0
974 226.8438536929428 167.6755846483144 0
975 94.49597037519962 163.0055678505126 0
976 162.2134252004479 166.063790766457 0
977 68.5966479964485 81.99180283455918 0
978 51.52767274597099 88.98168254966883 0
979 289.4338873170199 118.7721042079874 0
980 127.1535978860981 81.65669981715418 0
981 288.4038393869208 149.065739966722 0
982 38.3675799746354 85.98692557597907 0
983 6.859882213146474 155.1785992754962 0
984 255.5488365881838 82.05124199509744 0
985 12.10352106240776 123.1921414550177 0
986 50.74290238429204 136.9804001310962 0
987 285.1334761586277 108.9494532669848 0
988 273.0762964711345 114.6225888318955 0
989 256.3743813033035 177.8014790152498 0
990 271.0850369908745 149.6920223373975 0
991 11.21081257505454 111.9931714198694 0
992 18.29748366975147 164.4128347810217 0
993 288.2574402739285 154.5044918391347 0
994 63.8260279146035 186.5126125042983 0
995 284.7688780778477 103.9020829178385 0
996 15.50072739562054 107.4046560878389 0
997 41.07166223791722 76.80297886843442 0
998 36.50684116096691 181.7041531184285 0
999 287.885130653714 163.234311157271 0
1000 288.032329821617 159.0061058354832 0
1001 36.88410361973471 104.1135624317822 0
1002 9.070040078985151 166.8659836003419 0
1003 285.2780603817076 168.1267932427557 0
1004 33.20130728528445 192.0164779209802 0
1005 50.85703234040319 182.7294203666473 0
1006 30.52234360508082 76.31990596104448 0
1007 262.2853323523322 74.47806832296826 0
1008 27.67444833680685 185.6041579732396 0
1009 282.9962840374693 78.59564258696389 0
1010 22.67784931411704 101.7627006398227 0
1011 292.9509247366663 106.7108363857676 0
1012 6.571627266265855 101.0039806435324 0
1013 21.61257840159928 92.45756769277226 0
1014 277.2375758006494 92.09771059232003 0
1015 239.4435970099835 132.5796632057653 0
1016 16.0927218339591 189.421943991653 0
1017 278.0868999813142 98.1723112527218 0
1018 277.0265421455154 88.21743506083347 0
1019 261.9423335899573 194.6764282136262 0
1020 288.8898224461237 185.9862888329392 0
1021 293.251128154181 98.35501012930826 0
1022 22.35375918181646 87.64791996332004 0
1023 268.7739066632547 182.6769313661274 0
1024 5.26714510939656 94.93290271421142 0
1025 12.81686182301148 81.11221325139078 0
1026 13.14510817243457 87.89247054068009 0
1027 42.19593673671812 167.739217943225 0
1028 295.6613848899303 84.07989262539643 0
1029 277.3943057349607 83.07103966058148 0
1030 27.52270332735884 85.52180200745184 0
1031 268.2500818804629 81.60400087265941 0
1032 31.50490149095602 95.7806016458064 0
1033 296.3538083067106 78.55526019774429 0
1034 285.6667476243502 91.61967999562107 0
1035 14.626958030587 194.0475941489146 0
1036 275.5091642475462 189.3614653191064 0
1037 268.2482387354062 194.6689131468901 0
1038 187.1681607050225 121.1885832888313 0
1039 199.8858634950045 122.2040242880672 0
1040 9.149144146141602 195.1552106784068 0
1041 19.52528938930879 78.62499293639027 0
1042 17.94577217898463 71.46561142349069 0
1043 193.6148681573899 144.5550398882199 0
1044 4.06467138011331 189.3426363980138 0
1045 286.6848773583757 83.37485835546561 0
1046 26.61142044089491 176.1802238371922 0
1047 281.0819498326073 194.9904344497366 0
1048 4.562280344623169 78.10245305307373 0
1049 10.02527284194266 75.0308629897454 0
1050 267.0664366628366 97.9149750555566 0
1051 296.4811259001569 72.79429213678689 0
1052 4.134555686659551 193.2324334313357 0
1053 23.02431411693087 84.41140471751461 0
1054 288.1246707915844 190.6418295339536 0
1055 271.7213185898455 175.8758471754932 0
1056 18.95136264764066 181.3167694553517 0
1057 24.30324181137967 69.88986682294157 0
1058 25.68811693905983 74.72368959626962 0
1059 292.4917784039265 69.4110981871232 0
1060 287.3845589405752 74.48468342148486 0
1061 287.4649377956213 195.3178577839732 0
1062 88.39976930075244 129.2437910635863 0
1063 244.7091448354127 122.4765576552065 0
1064 87.95238629081007 82.91871595297798 0
1065 251.9369300106405 115.8063115713349 0
1066 19.67644716432019 137.8228597181263 0
1067 234.6710064390388 117.3955824859736 0
1068 40.58936082647844 160.0775708216027 0
1069 255.3476750223842 146.6972855199029 0
1070 101.2906687521403 81.88910790783224 0
1071 161.0502514899414 90.34132771915101 0
1072 156.8793968436767 86.14190167546072 0
1073 233.8363565701135 81.97340683711184 0
1074 23.52851593154814 123.5949001729298 0
1075 246.1902493039232 91.78418215130918 0
1076 245.1528124021641 179.8956869955577 0
1077 232.3949748965086 150.1756707437957 0
1078 163.4656991942923 123.5102795509574 0
1079 139.4426770663449 79.75562207902743 0
1080 114.0767117762799 81.49881522464382 0
1081 152.0926099318173 82.84653871993463 0
1082 242.0368767760532 149.5822808577113 0
1083 74.58212341644246 82.79134135814203 0
1084 214.4049708949541 80.81101694545478 0
1085 94.82656530010574 180.6020020656891 0
1086 267.2169034467493 134.462605247019 0
1087 38.67059885545915 142.606654675216 0
1088 29.68277086760944 135.0557999501514 0
1089 93.93806220039227 107.9297343433594 0
1090 213.3685907199974 178.5068161567452 0
1091 29.08506443550937 161.2461513817124 0
1092 222.1898607261764 111.4365478005079 0
1093 54.78201356838363 100.0165693922175 0
1094 95.82764611203696 156.3799858853404 0
1095 148.7968000958567 180.4559221361027 0
1096 179.8682914588519 181.2752573815637 0
1097 108.9332115649615 182.3041104754263 0
1098 132.7976940348457 179.7464669132012 0
1099 201.5957175577839 179.9789566487216 0
1100 154.0637776499771 182.0569125917736 0
1101 166.9334834396587 182.2289038522711 0
1102 190.5260391851656 182.8285780232474 0
1103 121.0389865138819 179.3919969222467 0
1104 93.80971893778336 142.1024313314771 0
1105 160.3218170672697 182.4660558384503 0
1106 262.7247279847809 153.2921647682262 0
1107 167.2567454626232 109.8898707973816 0
1108 263.3282599061561 112.1180064687281 0
1109 103.2693198512963 118.9413892761181 0
1110 165.0438637976637 155.0953887839395 0
1111 157.8885916282295 152.3113300130351 0
1112 96.34797782876821 121.0017580562789 0
1113 264.6975096567491 162.5552843517985 0
1114 212.3158765940881 108.9675621400387 0
1115 220.6394679001422 154.6957203718731 0
1116 186.2100764805032 150.0384338798151 0
1117 204.21469208888 152.5003192021656 0
1118 136.781426393123 152.9744208355537 0
1119 178.7134403907481 154.2680763462928 0
1120 144.9822130878731 155.9397419147353 0
1121 76.56403590788358 182.610055733756 0
1122 85.74760865825081 117.6524717519847 0
1123 280.269959410594 150.8112390345638 0
1124 148.8389780988987 109.1415465026644 0
1125 175.1853421997527 108.4592610717743 0
1126 180.9916640083842 112.5783514662971 0
1127 80.49588780256831 144.6697622667317 0
1128 143.3476681904825 109.5988349597972 0
1129 70.28786709190351 158.1781820105998 0
1130 208.2041524796159 152.4232140594887 0
1131 18.30762945874716 117.0829368519975 0
1132 47.30351724171126 150.5278004529122 0
1133 292.1245902314292 132.2136506858229 0
1134 54.83489232181574 178.4548469550686 0
1135 45.71755747439179 99.11338717060589 0
1136 180.3201710560048 85.51346969346383 0
1137 279.7091628593394 109.44100577359 0
1138 259.9608862368709 171.4471986907186 0
1139 114.3791760557074 116.0407157019836 0
1140 55.40387909491579 126.2699553079575 0
1141 264.3891361734919 101.0657151246787 0
1142 47.72699095673946 121.4041723995289 0
1143 209.5091250797532 114.216618142981 0
1144 279.7997581445532 144.0074795608616 0
1145 265.8165208708383 122.2549324348519 0
1146 84.08912481650904 97.46775911552339 0
1147 118.6688993980113 109.3632885001285 0
1148 190.3828067320144 113.8259838886875 0
1149 57.93879928070236 152.2789622265481 0
1150 279.7191346833947 120.6508090754361 0
1151 135.7925372124599 110.023313747476 0
1152 77.14968615225698 122.3286579360421 0
1153 15.36197856934304 150.7150540011734 0
1154 56.41559503595689 129.6644929992635 0
1155 64.59940787629424 101.8980271917478 0
1156 82.89311759614496 171.6313277833126 0
1157 124.4684768419163 158.812278563862 0
1158 191.0703757544721 160.0199082539776 0
1159 133.3102486279464 93.84867334488149 0
1160 130.6041362083717 155.8040418615539 0
1161 274.8463905717198 140.0272452647904 0
1162 198.6123120245539 159.4265908900368 0
1163 19.26594572450777 159.7827786983049 0
1164 121.4891273261016 92.84881745456875 0
1165 242.615606276052 105.7885961789008 0
1166 109.0210569533782 117.1621899613832 0
1167 274.2618556616332 125.2408679637706 0
1168 211.7232022850575 91.77004728998639 0
1169 61.54517150722501 91.11984612974354 0
1170 36.50815889817875 191.422393892553 0
1171 14.60719469519526 159.5499913712171 0
1172 7.357440820470385 162.2913988986156 0
1173 60.27680668823889 130.4628588101452 0
1174 6.481900885609117 132.7912997927613 0
1175 284.7048245050846 140.1669843710609 0
1176 203.3134559352986 111.6267709244928 0
1177 105.3742117367417 147.5243232229639 0
1178 43.20385827698097 175.24551303616 0
1179 293.8452283527103 124.4452178239095 0
1180 284.7955392797955 125.6637826685233 0
1181 15.18578082001289 111.4845188131793 0
1182 68.39497911565729 112.3096228958971 0
1183 53.07126600466798 78.52303170682409 0
1184 73.37700784343151 70.95323026022869 0
1185 63.72660422186847 168.9940628131044 0
1186 39.97881408327732 115.8577936640543 0
1187 254.552175806291 173.2867680234418 0
1188 186.1421484426168 90.79060439435634 0
1189 206.7414329315501 94.4744533556936 0
1190 30.4506609213975 117.7547786449647 0
1191 134.4924286966546 70.05512385518787 0
1192 46.82439775780331 107.4314651181644 0
1193 282.2075779485508 106.6313914663944 0
1194 126.756911316489 94.47123857191544 0
1195 227.5158775826234 127.7679607670548 0
1196 122.5635714541847 70.36448199312017 0
1197 254.7242829405157 90.23568090196862 0
1198 41.94187077747449 130.2578753303506 0
1199 281.3788947985204 158.0380971577111 0
1200 29.42685396912003 102.9776846648168 0
1201 219.6093689436603 139.8739791331992 0
1202 192.4411796210204 90.02636212038019 0
1203 263.3778122582049 95.59703165282336 0
1204 11.20309178554824 115.7551846948142 0
1205 272.6004106992823 156.4856141266183 0
1206 251.1013362820412 188.8254109997262 0
1207 293.8495685623856 113.9333761018736 0
1208 293.1658955326477 142.6738932711364 0
1209 67.14507225674635 132.1175218728072 0
1210 4.875355024524017 164.5364057824849 0
1211 78.51916386409785 99.411409509314 0
1212 192.4246070066344 131.4979959300523 0
1213 199.1105123860967 89.10769472246923 0
1214 60.71641797336105 142.4262932718034 0
1215 71.22353198611945 116.7887573688364 0
1216 75.86396798774597 143.2648432384495 0
1217 40.94055311265787 88.71456599635621 0
1218 293.2924220370844 110.9317621599768 0
1219 63.15549068668531 81.0950969724838 0
1220 260.9685541748087 87.73745090524346 0
1221 295.3827732321108 119.5895367534641 0
1222 204.4632261017202 70.52834242630587 0
1223 30.79116820797681 178.9994260228449 0
1224 75.39456414729325 161.6677720006837 0
1225 19.95314440793563 106.9064467532161 0
1226 126.0798163987568 119.6976703225929 0
1227 36.6376187452266 176.2159634173719 0
1228 39.70620512048378 82.24212298149777 0
1229 128.2481004989206 114.7401442138629 0
1230 136.1021042472455 101.1032765447369 0
1231 122.7813466409834 103.1830133662317 0
1232 12.37524425417143 172.4697498242542 0
1233 191.6169559754306 103.1956196129933 0
1234 129.407575779182 128.0424962873152 0
1235 288.5895598218324 171.2473392251622 0
1236 231.9381101490107 144.7456720859892 0
1237 184.9631614718118 129.0317753372193 0
1238 22.77419271502814 165.0447988737029 0
1239 197.0800425630729 132.6952608446611 0
1240 45.6960591123776 84.21554281511709 0
1241 147.8605101770494 141.6121589461771 0
1242 175.3231535411466 141.4138494119391 0
1243 26.93996448628883 99.02440480086602 0
1244 271.409097542638 111.4023706873616 0
1245 279.2270934684095 104.4500533291872 0
1246 74.39553722965017 104.6605096992745 0
1247 296.0992956838035 167.7666066465083 0
1248 205.5964476256925 123.7331273232672 0
1249 101.231586723646 169.0613387674522 0
1250 11.4202606238941 176.7772979933655 0
1251 265.6637010461406 84.25666457372513 0
1252 140.6277516921381 119.2478471385155 0
1253 34.83496577773897 187.5097744404262 0
1254 39.09824012955422 185.4197777835296 0
1255 24.6004726984634 105.5428111810768 0
1256 128.557425732566 70.22208952500677 0
1257 50.60207470714822 195.074901246898 0
1258 3.639365477653767 108.8043407112965 0
1259 250.9335915731612 135.2858342263805 0
1260 266.6644531610652 77.01298273069337 0
1261 270.7448674612267 88.2720454089957 0
1262 288.5976611027171 101.3979534410628 0
1263 3.954712337565779 124.6810582609536 0
1264 295.996955202396 163.7385838819479 0
1265 31.12104580603189 189.6005540811781 0
1266 67.90318611118485 87.3972977733433 0
1267 279.2312079839725 166.0368889060565 0
1268 286.225518666528 115.4936757270355 0
1269 20.68682056873948 172.3642843945758 0
1270 289.0555303188257 93.94404613005274 0
1271 273.3938230373949 169.8109490450695 0
1272 10.09243079928503 99.91752106208415 0
1273 35.38205591239999 76.55900187725466 0
1274 209.9807301745773 132.1201828248525 0
1275 115.006363018482 128.1739665737223 0
1276 179.3287070150776 130.9425871334285 0
1277 27.40513159208767 181.449725147163 0
1278 290.9514251766101 177.2085276241012 0
1279 24.27476867636212 95.57932369699545 0
1280 200.6204712740152 106.4577066757567 0
1281 288.0656009248621 166.30089872393 0
1282 8.747601594202344 96.31714715827123 0
1283 11.02122828115011 103.8477828540298 0
1284 168.6542645399736 136.2793412978674 0
1285 153.4797139586606 133.9352049596323 0
1286 199.537213633441 145.8620228725889 0
1287 158.7340525142498 144.2659244865335 0
1288 10.38173674181331 180.6465553194943 0
1289 294.5311208349273 187.0682294048532 0
1290 17.85010024797689 95.2526995386112 0
1291 223.6152963415728 93.17021546249494 0
1292 143.6812285037325 170.1529865928771 0
1293 11.31368600924901 107.9715225437271 0
1294 13.95570456009887 163.8007836697633 0
1295 272.2295669704802 82.36470130102919 0
1296 32.61144273223143 183.6596566914315 0
1297 268.5962811977016 70.79103738205821 0
1298 7.108866365208184 104.6791959233403 0
1299 187.2967066849682 143.267929959712 0
1300 206.0074607497489 165.5987986103397 0
1301 292.9783927774479 102.4877893919361 0
1302 111.7727442834593 137.4441061765225 0
1303 108.1086631645272 130.8207896952394 0
1304 21.33632950546551 187.6030792714868 0
1305 187.1962504215072 169.0753560105716 0
1306 4.559370491761246 82.94147147517552 0
1307 11.98151534091679 94.19425973474151 0
1308 131.2414381737795 169.4884966417771 0
1309 25.18014134135276 170.3886616033418 0
1310 290.4073822098415 97.89379801528163 0
1311 289.7848194933247 181.4412894716228 0
1312 63.49640418386593 194.1211415506013 0
1313 195.2806950832409 138.311758092837 0
1314 111.6330676700153 104.3392962121734 0
1315 116.7861007484691 169.6230233938863 0
1316 273.2754321599066 94.81651253919137 0
1317 3.817639312697538 173.6489593851813 0
1318 10.28017976743587 84.5246076061359 0
1319 274.5351814404943 71.28810656728975 0
1320 281.3139093826766 71.94780498172499 0
1321 79.27764436388743 106.3577173988768 0
1322 15.21724115507561 178.8580171041573 0
1323 289.2369810593972 106.4449626565563 0
1324 293.7360391797732 94.38576279066714 0
1325 3.62457372480011 181.4686938001985 0
1326 291.5896252670566 167.934111091958 0
1327 3.980226813195155 89.6683742480439 0
1328 9.586239360749984 183.1603605428431 0
1329 198.9744277431158 83.05428232666795 0
1330 271.0313934288029 100.2992524386994 0
1331 59.09015474560714 119.8140987753062 0
1332 9.773738509402978 90.65811974782817 0
1333 291.153446110194 83.61030296196587 0
1334 275.4209744443218 102.4719182187396 0
1335 205.1573867173423 100.3681063115543 0
1336 3.797725489983247 185.3318319494886 0
1337 22.86673740857817 183.6146214083931 0
1338 7.334676183967175 87.09721666221969 0
1339 263.3516723595844 178.5976999186642 0
1340 286.4976501778666 106.380735781741 0
1341 5.007938227585424 73.88242223756352 0
1342 290.4462222438059 88.6150723047632 0
1343 281.557938404637 93.41230647727549 0
1344 89.26779014622453 160.2714387670832 0
1345 31.97815447056906 195.1760759489263 0
1346 5.515943270556892 69.51921638036939 0
1347 99.81232488398051 106.4265711441157 0
1348 20.98886543149676 177.4584094254898 0
1349 178.9745014809501 97.67944651843239 0
1350 16.13605529145903 102.3204105216301 0
1351 15.61564435773705 91.55964141089713 0
1352 219.6910326448407 168.3207391809194 0
1353 262.036338900763 80.62962104877383 0
1354 34.43908824859415 81.56221014450902 0
1355 278.0478391007878 177.7896483435019 0
1356 33.14760086091629 87.46646941187075 0
1357 92.12589389596089 101.7717515549155 0
1358 282.2162343148859 83.27865485790494 0
1359 41.56220057399881 71.00825530010027 0
1360 13.72808898808271 182.8444026092311 0
1361 296.0707236041453 175.0295798134874 0
1362 3.270093861902201 101.089801939392 0
1363 284.1966775781975 179.6929701613352 0
1364 5.878801603733426 97.39926529548536 0
1365 3.109031615761886 93.88644530273834 0
1366 26.67640622705637 193.9251453293927 0
1367 280.3678420051065 171.1779054428741 0
1368 286.0770734986645 175.0048354720377 0
1369 222.2258252728505 133.2516985917572 0
1370 269.0560239838536 189.2389723023514 0
1371 34.69449392512333 71.07276566603609 0
1372 19.4212912449749 89.09281780179349 0
1373 29.10164692973371 72.47888506907493 0
1374 262.9730389029922 70.43081505611342 0
1375 3.324419338469422 155.7158310985368 0
1376 7.077052322314609 182.5517304772211 0
1377 295.4797538348649 89.82493236681509 0
1378 278.5312013616803 77.83959251072278 0
1379 11.22371621648371 70.22163263114646 0
1380 291.5941916564538 78.65028290636639 0
1381 276.4704876541693 183.6890547957303 0
1382 24.95968377934749 89.37815062814494 0
1383 274.6295120688867 194.7615751988979 0
1384 19.72130959766214 103.6932563004013 0
1385 296.5562451760305 103.5021762715666 0
1386 281.7523620272587 88.02771250627502 0
1387 74.21523346752217 129.792766332484 0
1388 7.481630074084398 186.204053050728 0
1389 129.800112098601 122.0241656337832 0
1390 20.31306743586753 98.58105524928479 0
1391 8.007759189719124 82.20261469351591 0
1392 8.238354509213464 170.9638224065697 0
1393 293.7641332575544 195.670304554221 0
1394 199.2886255380373 101.237470473614 0
1395 4.015052721983902 196.738822382838 0
1396 281.8449808271252 100.9730051543624 0
1397 6.97709261857203 93.03923544111849 0
1398 263.0122160691096 189.4057453030486 0
1399 3.027935577276863 97.36420214650909 0
1400 245.4917861118515 187.340390767073 0
1401 93.39548222981352 171.1985728924252 0
1402 252.3713167310418 151.2793114189068 0
1403 32.87099977196841 152.5563121433626 0
1404 27.11647947638705 140.1715002536737 0
1405 248.0215673437387 111.3353160546475 0
1406 34.46970419469533 146.49801123583 0
1407 102.2568374834937 87.58830095797862 0
1408 231.1353553373341 92.9573737129482 0
1409 236.6100276612224 125.0133114753803 0
1410 209.4861571997721 189.8853324694448 0
1411 95.6730264378598 88.2656401322927 0
1412 247.229694885464 128.8555722014187 0
1413 164.8976798917198 76.79130359526934 0
1414 285.3811494152772 132.84231244486 0
1415 98.59240453026443 174.5198758255967 0
1416 241.9807566736404 127.1879239997646 0
1417 233.1984132589904 76.45321076395501 0
1418 13.54291400337365 137.0582494378294 0
1419 248.0946942331064 168.8984647720885 0
1420 235.3508155981731 92.82351181457827 0
1421 244.7027386265182 81.17435710829909 0
1422 115.6082359373575 92.63049893068141 0
1423 176.6652809805097 160.3379985433544 0
1424 180.3056505807838 175.3407190872293 0
1425 255.1746056690087 139.9705558448518 0
1426 225.7632887983102 119.9601911584895 0
1427 259.0514409290973 108.1657210062194 0
1428 232.4934684003859 109.3730998916595 0
1429 241.7013879991293 98.35341015418106 0
1430 15.45032724099937 130.7664917281978 0
1431 242.3375721938789 155.9935205435146 0
1432 7.696886437437932 135.5351343244531 0
1433 142.2363781657789 74.74512612146607 0
1434 221.5756097684737 178.2631013211306 0
1435 252.8024837650607 107.8952085544516 0
1436 243.8618142073775 139.954453736447 0
1437 19.66802079825906 127.8994189686777 0
1438 246.1159704444208 175.3606282971256 0
1439 218.397246361938 89.65676976175693 0
1440 23.84373516457952 135.8603781054258 0
1441 17.30579918226329 124.7898664578178 0
1442 11.37163572697686 133.3380887218197 0
1443 227.4109387251205 106.1742038606981 0
1444 236.2308465435948 155.6129005838206 0
1445 108.6397326344475 87.23852217996675 0
1446 260.6314674480545 137.6575169462027 0
1447 233.0706448649276 191.1330789854596 0
1448 79.9235938898839 177.6661773302347 0
1449 256.9784303499058 154.8665623360832 0
1450 80.57681706056353 76.96790599303863 0
1451 249.0989962348815 124.2891316595548 0
1452 88.86759938976304 89.28567183542455 0
1453 138.3476073584453 173.3377951360293 0
1454 218.2991507517023 105.5666599090416 0
1455 143.9826287375841 85.19731521887789 0
1456 110.4082248537506 70.46049232325061 0
1457 3.971593683416328 136.6248106638822 0
1458 223.3514751639215 101.9356140260799 0
1459 143.8043916900076 177.5846764003526 0
1460 173.8682777634006 175.3224402583294 0
1461 207.95574899914 173.6703332293793 0
1462 218.0419563057461 122.4016088881525 0
1463 237.3106776016105 144.7108405435426 0
1464 239.9558175451865 86.88985574320937 0
1465 228.363125000584 88.03271531918473 0
1466 197.4545933998931 190.7350012021934 0
1467 135.6135438388074 188.6019964870687 0
1468 145.0917389783568 191.472296564286 0
1469 37.88205391832655 151.675828434314 0
1470 177.5034292916554 191.7338719918883 0
1471 119.2707312672119 175.3314654519177 0
1472 11.13988573156844 150.274244638382 0
1473 51.35571330738432 154.1259246020641 0
1474 221.7952461570913 84.20572226535262 0
1475 54.16312408101603 169.945211817404 0
1476 221.2058203981469 70.19882814094652 0
1477 100.9065226177952 181.7074642361006 0
1478 27.94602748785207 128.2668652999157 0
1479 109.1114572157318 189.5673953733661 0
1480 107.6666677028017 81.62957008246744 0
1481 168.4302304319752 162.9727518530529 0
1482 231.1945456268096 122.5598448244403 0
1483 151.0305267888365 159.7921136030354 0
1484 187.2012655767515 189.2044459827872 0
1485 80.93403250691004 90.82351187204316 0
1486 211.4342369145156 74.86008485346051 0
1487 38.38014877040489 134.6641923145295 0
1488 126.1434700699439 173.4062680040938 0
1489 74.92301710222766 174.8051238993203 0
1490 174.3834834460004 85.9483147044885 0
1491 6.34650883388232 149.6835226776832 0
1492 131.1263443301612 175.0988462383158 0
1493 288.9404842896742 137.3834449063875 0
1494 253.9400850985833 120.3911092151703 0
1495 262.478094556761 132.5294493370761 0
1496 258.6308735969932 162.9236604348434 0
1497 22.68165036447139 118.9620246044744 0
1498 48.18680933308221 158.4865302463913 0
1499 150.1767417322095 194.6838827352608 0
1500 170.4240191367001 194.7158457023625 0
1501 96.83172462855681 138.5082611956598 0
1502 255.5500260064357 167.0602362739118 0
1503 243.5616997067568 115.4549295525448 0
1504 34.52492197506917 138.8881477439768 0
1505 146.6140337565844 159.8749817077442 0
1506 179.5826719141604 80.02889790128737 0
1507 232.4563225069298 155.4547547240529 0
1508 273.9038981303417 132.805106229736 0
1509 139.602913256902 158.5952261782802 0
1510 34.72660359816802 131.1492701837345 0
1511 258.9270534560945 125.9535683728092 0
1512 120.4746042215285 81.65203699829604 0
1513 55.67745382599149 94.97610248595993 0
1514 43.58700397386885 155.1781669527962 0
1515 51.34975661150588 117.7139892637805 0
1516 287.9738461792704 128.9499295522608 0
1517 58.61722775613517 106.4668464961572 0
1518 61.07783910111382 159.9514057642695 0
1519 95.80504925902424 193.7462666935592 0
1520 215.0751529281135 94.01587139433694 0
1521 250.2290103593871 81.27586718510345 0
1522 163.1886691279012 160.8139175489786 0
1523 88.5666207382377 137.8403987804541 0
1524 30.93934136297216 122.8712690223182 0
1525 157.1435290456323 159.8598585712369 0
1526 19.43079160891303 150.6520191474583 0
1527 217.4256494002578 174.7504284623842 0
1528 276.3637492381318 150.6968501229592 0
1529 79.83577327651413 192.325132275398 0
1530 260.8843776249706 103.21530112631 0
1531 211.3234330193411 156.8486046782152 0
1532 59.1116496084375 147.234547186861 0
1533 168.1039854119068 115.9690482751942 0
1534 222.0692539490518 191.7331356802565 0
1535 81.19718393111646 149.128425491518 0
1536 105.7687517362879 105.2746202040637 0
1537 250.2792661159414 86.22861184280797 0
1538 161.3663817298285 176.6462979862282 0
1539 42.58992043106761 138.1799209744337 0
1540 174.0043374426841 115.3772624710168 0
1541 187.3295657422666 176.7903540510903 0
1542 238.2666393496148 112.1916514621572 0
1543 32.57191317669648 128.2586689449804 0
1544 279.6813714345974 125.8336114997346 0
1545 53.41547835879641 105.0583243697941 0
1546 267.7008900474755 157.3121758991051 0
1547 47.12942173917854 141.8860897463168 0
1548 8.569512533186783 129.3715619984794 0
1549 205.9706216772737 82.04581335782156 0
1550 155.0870784283983 113.4571849358738 0
1551 289.7841202039286 142.8731922509463 0
1552 200.6668421238607 173.8314758254913 0
1553 53.94620659771242 121.8344893232482 0
1554 50.14056089728091 128.1727176440356 0
1555 263.5600291729785 145.8720174010478 0
1556 151.311034285016 176.7934926987662 0
1557 275.2845649048815 118.7108450621896 0
1558 167.4212646539084 176.0031547926577 0
1559 279.7418207796922 139.3503368752176 0
1560 204.8424827137902 158.6809192975203 0
1561 84.55684705975662 124.8057587315768 0
1562 52.11370807186538 83.9783535274148 0
1563 52.62715818472094 146.2620443483029 0
1564 258.3612442788327 142.2942818889826 0
1565 40.9580762442897 123.0167858636055 0
1566 169.4570548919175 92.20616778386113 0
1567 50.78306853293539 94.07701895009397 0
1568 133.6833467163113 81.08168961896266 0
1569 94.65938513156746 82.38730615400451 0
1570 121.3829059323784 87.50969951110579 0
1571 47.55679659270974 114.4069606922404 0
1572 55.83101095471947 157.0769582590122 0
1573 161.0353219947922 117.0703104204431 0
1574 60.56383582952334 96.1026520224261 0
1575 54.01680091706972 132.5185236130609 0
1576 269.3204940013102 141.8749983036314 0
1577 269.1537767775912 123.7528372233899 0
1578 259.1624682798846 99.16915385291253 0
1579 154.8841269146937 145.9356834567963 0
1580 290.5148532067726 146.0033915514349 0
1581 111.357459576252 149.6521996750866 0
1582 27.98732161192083 120.2430090682662 0
1583 115.2734625182183 165.0722043941312 0
1584 44.97966284487069 125.6908526798968 0
1585 169.5680422497391 144.4357139694168 0
1586 162.1607165203644 146.6996805784922 0
1587 64.38179378493376 147.851415444331 0
1588 269.7658668784586 128.5935953781291 0
1589 247.6755795020192 183.9058430139239 0
1590 99.60758013698865 126.9683601016041 0
1591 103.1254966138226 139.5957240241507 0
1592 212.633582205543 87.84492975538076 0
1593 259.6967114041191 150.4734574842844 0
1594 260.1836716608149 119.4617470262949 0
1595 252.7666651887188 95.82128341881916 0
1596 88.90129824962202 167.2040145685758 0
1597 250.5826250876677 141.8445940100915 0
1598 264.0496132582935 127.2742831213125 0
1599 293.3763133622049 138.7401166732899 0
1600 271.3289097080063 137.2031521976431 0
1601 170.8389012816905 128.758365792001 0
1602 217.0801316451127 145.5534487325372 0
1603 73.75282574875504 88.74977208384763 0
1604 263.9258523885499 115.9842143170231 0
1605 98.12181350444558 70.61167132415278 0
1606 71.47687174992724 178.7284220305898 0
1607 42.94716265883933 146.603349725596 0
1608 152.5855119765006 127.5766301543319 0
1609 46.58394789680349 186.3750514870811 0
1610 56.5235399787811 89.95985227766356 0
1611 49.05206678270024 103.471892040855 0
1612 59.02210097153286 76.34792218332846 0
1613 37.08347274288296 120.5404169019433 0
1614 57.75864746562387 165.1038244586893 0
1615 282.4228407602226 136.2765540372187 0
1616 156.8997617018951 121.1767641711839 0
1617 174.6823284878092 91.23365563878411 0
1618 169.2130909005299 121.9776406020331 0
1619 228.976930131973 114.6294225177877 0
1620 133.8544091098412 161.4722369112367 0
1621 277.0864098067625 155.5785680569746 0
1622 214.9204635821059 116.0852239575235 0
1623 265.1426893048005 139.7227908646875 0
1624 222.514779716654 148.0178861156109 0
1625 136.5904107163498 87.32479300376424 0
1626 88.68409345198788 121.8150404612918 0
1627 15.82279022206661 121.6575388304514 0
1628 77.35201652319132 171.715768959879 0
1629 110.4200014899806 98.55647369315638 0
1630 280.8223293394805 154.8917460707597 0
1631 282.3692908129891 129.2147956328063 0
1632 160.9682303130882 132.5468206134393 0
1633 209.792004029604 148.6362485144485 0
1634 266.064746538324 151.9256332182091 0
1635 119.0070142583624 162.2330123557521 0
1636 4.889407472651066 141.8953778630935 0
1637 46.1828981305754 102.4386935749176 0
1638 71.30880887122569 165.707963299955 0
1639 136.7490601701372 74.9804357153411 0
1640 239.8897497355379 120.0776975878752 0
1641 68.3435838727948 76.5003579614725 0
1642 140.3752992900786 105.7104417018664 0
1643 122.5570756329313 167.3316138199203 0
1644 234.9630112233576 104.0021470691815 0
1645 290.0270848868594 125.1422871981164 0
1646 26.23008989551428 110.8924640895265 0
1647 250.7025668196528 76.01962025209105 0
1648 249.629900324556 102.8851533205815 0
1649 7.683459620763903 120.1833735761899 0
1650 173.5101466417928 80.70033863572122 0
1651 136.5544956908976 167.0011658898582 0
1652 227.5591734379139 149.5564168501202 0
1653 276.6786735138844 146.1444808008452 0
1654 216.4376898467305 133.4374167626777 0
1655 77.19740753808033 95.254569680129 0
1656 226.398297798323 181.6083219358443 0
1657 19.23094218067928 120.297877728024 0
1658 58.80018052606651 173.9581912352633 0
1659 156.4368958591772 165.8827475725589 0
1660 21.68100620907845 115.6333006240378 0
1661 276.8396822978929 129.0943880357451 0
1662 268.0145046431553 145.6234161361972 0
1663 166.1299315557826 166.4411086836365 0
1664 158.2074084419322 125.7183351188733 0
1665 11.47175913350321 119.3823553033519 0
1666 167.088231149831 97.92144729214613 0
1667 43.48535414461249 111.4634901676375 0
1668 257.3784727208027 112.4876195540453 0
1669 146.5495143421831 116.0485569108861 0
1670 216.626230459696 158.3122838066901 0
1671 53.97829149993248 151.1322249678601 0
1672 145.817385662229 123.5374642870034 0
1673 170.829199229799 157.7180862958621 0
1674 74.26438916260793 76.8172644478807 0
1675 262.2244457631505 158.2002050082814 0
1676 277.0665913351106 136.2274782675392 0
1677 262.9044767190595 166.0196849878005 0
1678 103.1976422660716 93.41018195856417 0
1679 50.99575494049302 109.9437532788011 0
1680 142.8594458544379 150.154133439798 0
1681 67.74003198634601 182.6619050520165 0
1682 178.1626460728473 115.5646127978341 0
1683 44.91613108838659 93.271683158068 0
1684 273.102650271483 144.2947586281989 0
1685 251.8602642327983 183.7286887380733 0
1686 131.0162485320719 75.49748519213544 0
1687 49.3934899813617 190.5134630013702 0
1688 68.68206672929119 98.1459568895571 0
1689 101.9929032122791 163.187128567466 0
1690 282.7992718090946 112.4646634664851 0
1691 3.058660897276636 146.3339367023765 0
1692 293.1217618435205 127.2751351680224 0
1693 81.0543888438701 83.21676843387408 0
1694 195.9106391908152 181.0728636132109 0
1695 233.3559557832656 130.6318535395629 0
1696 141.7387624071615 113.6337386305243 0
1697 277.3802282363464 122.4974603247429 0
1698 3.908934883929855 128.7451141192426 0
1699 253.0839152470558 169.8351671376315 0
1700 79.6214538685328 165.8600907555643 0
1701 65.28608930206532 97.21349353748879 0
1702 283.9771623026076 150.193291294802 0
1703 246.536971456175 160.0128951049432 0
1704 64.73993698135196 153.9133502828833 0
1705 175.2220045977745 132.2283318862719 0
1706 279.074581578094 159.7727205221696 0
1707 165.1393919931294 128.122977913868 0
1708 64.02242401967328 112.6992680349193 0
1709 103.4560451871723 152.3762293367759 0
1710 159.6094436287062 139.9663627171076 0
1711 262.4390219328071 107.3692800952902 0
1712 101.4501178957746 112.7465789190287 0
1713 176.9223684171175 125.9065924200908 0
1714 39.83775551094674 108.1617378446836 0
1715 109.4797842619436 92.9076816856541 0
1716 41.3595413083786 101.0300884927912 0
1717 213.0080126352627 137.1549633275466 0
1718 146.9336931430088 129.139963492339 0
1719 267.8407886249802 105.551022333037 0
1720 293.0523869469662 146.6043830710727 0
1721 8.085539704234934 124.2524915605383 0
1722 227.2792264191767 154.9496129223595 0
1723 124.9065515337643 75.84075427891899 0
1724 172.6497556204072 101.5465548680965 0
1725 191.7909721706015 77.94557403368924 0
1726 129.1464911285167 89.11230588842427 0
1727 66.6055118555924 92.56096225272815 0
1728 67.33996526039208 174.5864950239858 0
1729 185.446795671873 79.06821220782305 0
1730 271.71945088504 121.4517201564802 0
1731 46.97519147498696 178.7389844594483 0
1732 90.36636379131731 95.63313370658581 0
1733 251.1486589454958 91.00760508554716 0
1734 119.3169942506151 134.8946307969899 0
1735 38.09766971116869 127.3334843502782 0
1736 201.155434524402 140.1292601543818 0
1737 216.3594908166133 112.3426584116003 0
1738 64.13911607290726 107.127845750951 0
1739 259.9027626951394 176.2379222731878 0
1740 7.437103764085203 112.4555562046736 0
1741 160.7983638275256 82.00306052879645 0
1742 180.1539810308614 148.3098428953591 0
1743 62.50731055055603 86.0885061156047 0
1744 183.8296440684681 73.68439250938866 0
1745 140.9070766949729 124.8929376524504 0
1746 10.8395494323631 154.9660718131595 0
1747 47.88811983306517 71.39827615355219 0
1748 95.56968749511294 114.1051649088839 0
1749 83.83324553689185 141.8748719733127 0
1750 283.88953633543 119.2048562842769 0
1751 33.59107646228127 162.8902585093711 0
1752 86.1071307760427 103.837134782174 0
1753 46.26165171503838 133.4999973635528 0
1754 128.0753214765718 164.3913872819529 0
1755 83.04874291761476 112.5705987268412 0
1756 295.5230078814968 178.8092293917069 0
1757 59.6492979344314 101.1153118223169 0
1758 57.3550831831884 84.91723963955536 0
1759 175.2204665834339 136.2524299838078 0
1760 55.22458003639731 72.48365846383663 0
1761 204.2486842564368 128.4244617614213 0
1762 217.8453488298165 182.0577821440865 0
1763 281.9022218520173 122.7138137722079 0
1764 118.6584756270677 75.95661547325514 0
1765 66.57944035685718 162.9167518135265 0
1766 193.181471095607 168.0297572763855 0
1767 92.25751833282824 125.5305485660816 0
1768 287.0389056506903 122.2014100001793 0
1769 289.1624740541466 111.5212425694374 0
1770 104.3812696753806 99.34426709492378 0
1771 184.4196033623114 116.6991999094156 0
1772 230.1493137046703 137.9917674894593 0
1773 250.301441374225 121.1267465494436 0
1774 117.3274435490734 103.721143386851 0
1775 73.60602625632821 153.5080616907692 0
1776 154.7767225307725 103.4343513482324 0
1777 255.1404294453354 86.7710369220305 0
1778 135.6596651781233 126.1114828934247 0
1779 141.890380687944 135.9822833461658 0
1780 62.84931489435477 76.24146780575498 0
1781 33.23610008816875 118.6559077827204 0
1782 122.7059435654534 135.9557619337182 0
1783 209.0533356847222 100.3938157848952 0
1784 7.131377935566576 159.3211163739403 0
1785 58.18400904494442 80.00441383809162 0
1786 223.4940970320029 161.046921053842 0
1787 186.0944849555415 84.86028782108392 0
1788 73.68146916994698 100.744090304526 0
1789 252.3846244873278 130.1164655401602 0
1790 70.35634932457205 107.5658884248897 0
1791 90.33073968506369 115.4843228320122 0
1792 292.1433362579222 122.1045546390624 0
1793 25.98348556760418 117.0567304704731 0
1794 68.968433629926 168.7362771811969 0
1795 268.3134574868232 117.1408394831721 0
1796 128.0943678514578 137.2840791615763 0
1797 150.6063394667747 153.9896298504856 0
1798 55.68568851872986 140.0931134246796 0
1799 296.7032919433751 99.50348629780621 0
1800 197.9901780381588 70.95680422881756 0
1801 284.1302185309147 158.5993786854563 0
1802 64.88592681370841 118.4982742487139 0
1803 45.98122344925235 192.1808757934444 0
1804 59.36290786640574 182.5696668180613 0
1805 188.2811967349927 135.5689061114007 0
1806 3.702431017985464 112.6593766337947 0
1807 109.1170371425066 154.6018002001831 0
1808 182.2707180506941 123.7736905784147 0
1809 181.9319074686417 103.8047051856989 0
1810 99.59082977287388 145.1743084096983 0
1811 67.34475471141322 70.83413897713204 0
1812 47.05906645797131 77.57938435561532 0
1813 128.6709937922157 102.3191620702294 0
1814 139.4204375705228 182.8325103929577 0
1815 296.5458905048545 107.5791729381847 0
1816 69.53893191073401 151.668795817523 0
1817 296.4738637135442 147.4265718684416 0
1818 184.1282186652038 181.1695355955289 0
1819 283.0937691739512 146.0220156298213 0
1820 247.6531935128931 147.8173424847852 0
1821 50.08918438664712 99.07230114152594 0
1822 277.8191690055645 142.4425557432054 0
1823 15.10634933057835 155.0726118784912 0
1824 139.3606348026453 95.22961207420659 0
1825 211.6069505720713 125.879030065976 0
1826 159.8822272763095 98.7658736347767 0
1827 191.4835752445523 126.1546502011019 0
1828 69.22130715268602 101.7329993452436 0
1829 75.06247852223598 148.4863593037914 0
1830 44.07274244534563 118.6930203129763 0
1831 181.06571072403 168.7944741618923 0
1832 207.0106586110283 108.3727747180069 0
1833 29.43432983924901 114.8229065211308 0
1834 198.4589067836411 127.3952829798274 0
1835 284.3799417673452 154.4895699979703 0
1836 185.8362354342509 68.23911860934489 0
1837 297.0706723609132 95.6720328876162 0
1838 39.07652540904213 96.69604893942271 0
1839 34.22691159601116 99.87853909496315 0
1840 75.06664798290329 168.8597348789613 0
1841 161.6967615156314 171.2050929520294 0
1842 210.4962018883832 103.5644023989281 0
1843 286.420604605263 144.3533528804672 0
1844 291.9798011502296 115.9064331671507 0
1845 281.7586519445262 142.4441791398134 0
1846 279.6764050533978 116.6978990061491 0
1847 238.0859561805805 151.2901440066158 0
1848 68.9018197045209 141.804302395773 0
1849 228.9733705876502 97.8439517239165 0
1850 292.0758539871287 159.2033259484817 0
1851 25.22522598912468 189.6658237813213 0
1852 109.6110596255295 162.9299763771262 0
1853 279.9576078298884 146.6942666800179 0
1854 45.12673449387513 163.1381827325142 0
1855 262.2258471826998 98.49832252637383 0
1856 63.29648272131567 178.3358962130867 0
1857 107.3343071889605 111.3769768270251 0
1858 10.10125974881502 163.0240457801984 0
1859 192.3223366276255 84.00147316977083 0
1860 162.5676239233095 111.3718401354397 0
1861 14.87436654368815 115.0834033159579 0
1862 208.4100970363435 128.9885166144031 0
1863 64.43851248644494 144.0965098883189 0
1864 60.35260909261177 125.348121722255 0
1865 133.885293232254 118.6502248360807 0
1866 72.93799725377504 186.9452400463961 0
1867 186.7605293219115 164.0854811154458 0
1868 15.04221635210546 118.3611110654227 0
1869 267.9352366999696 111.519058830019 0
1870 114.3904354074718 157.9315699165024 0
1871 43.17053573489915 182.4287564284075 0
1872 222.5538704079019 124.6722494633495 0
1873 296.3121827145197 151.4531972253932 0
1874 186.1008795916511 96.6359135641902 0
1875 31.03883556464264 73.38766140599671 0
1876 96.45222101978943 167.9166793483863 0
1877 121.7355242539963 98.00490217123257 0
1878 296.6113497222341 111.5179723079121 0
1879 146.9761477018355 80.21684601789346 0
1880 79.84897738659559 127.522902491106 0
1881 245.4173180563502 134.2066580568356 0
1882 61.61391168683389 70.96207649207153 0
1883 206.0796527426753 88.11510818309743 0
1884 34.8988193387935 112.9122221967664 0
1885 181.8284410639276 69.11371195795417 0
1886 42.03860915083215 190.249556257975 0
1887 137.0251698025519 131.9166133353942 0
1888 159.2677096637631 108.0968668530643 0
1889 296.1579497103572 155.5175535969677 0
1890 41.64219294150259 195.5403830353147 0
1891 259.4372646813961 83.12499470465527 0
1892 251.2234140252275 179.0332526884066 0
1893 39.9593296995319 178.9266260552587 0
1894 29.41083724742226 69.56636613126609 0
1895 257.0506469892554 189.2283563178409 0
1896 17.46184114134708 185.2936016240129 0
1897 178.0869848507147 74.77358088133273 0
1898 277.7596427741416 107.1604710238437 0
1899 224.9540324749851 142.8726245077094 0
1900 204.0925659970369 134.2845491577367 0
1901 210.3522558814703 69.99215867290937 0
1902 113.1027883909829 110.3073973189716 0
1903 258.7210126263175 183.1491325905078 0
1904 72.91162685015539 195.0748000188919 0
1905 2.77380042619581 151.6592080164323 0
1906 294.9875689228549 182.8561709833942 0
1907 75.03986065864714 111.7506366917175 0
1908 50.58848287239337 174.5261163695861 0
1909 276.6601498755748 112.1666603620468 0
1910 17.36302031615362 173.966619778617 0
1911 216.3527894788307 125.4241424542814 0
1912 214.6693922156537 151.0709226620793 0
1913 68.87091633062485 196.5778104885851 0
1914 257.6265067509391 76.61934371109946 0
1915 32.92145694411338 174.1076513177715 0
1916 24.61789065369709 179.8026828832043 0
1917 3.827729213759155 120.5992441073909 0
1918 227.4429708752709 159.3353798360112 0
1919 55.48653671424637 187.9574932535019 0
1920 196.4524166429696 115.7472322134919 0
1921 144.5337919836371 119.7445260221346 0
1922 190.3220026018024 71.12426689615319 0
1923 17.51833911699311 114.7775646759704 0
1924 13.25323372225118 168.0467404680134 0
1925 66.13417841438643 124.6315125767452 0
1926 265.9519555596949 173.6307267077568 0
1927 56.28510250692265 194.4883065896562 0
1928 50.55887778340824 123.5703092943432 0
1929 24.22243854924123 160.1938624935142 0
1930 282.9024386927856 163.3807745112426 0
1931 237.8188066032055 138.6865588853671 0
1932 219.3066040477257 97.57289936897449 0
1933 7.135942380977911 178.9490625483466 0
1934 291.881854222897 73.90327186086176 0
1935 165.3058373917362 103.1019938940663 0
1936 3.730754129735682 132.6423822546319 0
1937 211.5195910132098 97.70418000788314 0
1938 17.47397671677489 168.7814283431799 0
1939 91.51570927187423 119.4373756017634 0
1940 10.5948124631982 159.2686547353871 0
1941 98.22384252854148 100.3175269742873 0
1942 68.54662674213846 190.6015639797389 0
1943 263.4503217061015 185.3116342419513 0
1944 37.12011284410163 195.5524911868669 0
1945 36.30750275266819 92.32951987676044 0
1946 185.8451243597019 108.5201701808188 0
1947 179.7741868980467 119.0935572932662 0
1948 47.6015278261645 88.73082475746277 0
1949 43.67201418787056 104.6723218357108 0
1950 81.57419860060669 120.1937366180029 0
1951 155.8097859141234 94.15485678513623 0
1952 291.9494797879121 163.379743939443 0
1953 7.481942630240321 116.3629446640786 0
1954 204.912573522784 147.0187531074254 0
1955 293.4562007320435 171.0750587725776 0
1956 61.00752967971102 189.4180427810836 0
1957 112.0545002075269 144.2550173996748 0
1958 132.5007812703217 134.2981386845938 0
1959 258.0925818750312 93.72768078768665 0
1960 31.9592265858518 107.4569459864147 0
1961 3.501700248495332 104.8566276689801 0
1962 24.02642422132411 193.0050370490434 0
1963 71.17967574952282 171.5477932750496 0
1964 29.23731645854333 80.82492866190796 0
1965 19.92944049211282 111.8853655019348 0
1966 31.26951120189509 167.6608268236274 0
1967 35.36491053839879 169.7053293605664 0
1968 3.70309375810968 159.8463523520567 0
1969 245.1095492786303 70.43975139897962 0
1970 3.743800862602945 116.6205708045994 0
1971 207.4459198525033 118.982695509393 0
1972 2.71205324475245 85.76775711631031 0
1973 129.0896872009145 109.1633653809822 0
1974 214.4768251038527 130.2794099476869 0
1975 168.9665985211678 81.15336795147782 0
1976 102.7032643211751 193.9347649643074 0
1977 88.70849536030036 193.37913002066 0
1978 239.2326762463405 70.50590904130452 0
1979 104.2576607150805 70.51689283627712 0
1980 113.1641780684542 186.7005965555605 0
1981 227.1633109803112 70.74115552266601 0
1982 174.5818889365979 146.6057686399126 0
1983 15.97703960199514 140.5925909690945 0
1984 88.90578335203432 187.3040521542669 0
1985 193.3710760914616 190.6929410421919 0
1986 165.675749741381 188.4042150709404 0
1987 158.5660477040061 188.4243515553276 0
1988 241.2799286321611 192.9850308621771 0
1989 192.3444782676817 96.05238536321868 0
1990 138.1649846945492 194.9719657967095 0
1991 215.4661008037612 195.1317158419085 0
1992 226.240021156824 77.97943218261837 0
1993 202.5404214792804 195.1973338190532 0
1994 233.7993690431141 194.7814402142674 0
1995 236.3536902375112 188.3684801787111 0
1996 141.2405340979569 190.1854876844713 0
1997 182.2784253805455 195.1158367847105 0
1998 157.4056446076206 69.85406570015746 0
1999 21.78486484975803 140.7708926074729 0
2000 227.710088112043 195.2588538990816 0
2001 203.0973945566862 190.276152706981 0
2002 181.7278180698506 190.6601990750796 0
2003 107.091602202649 143.8905215205684 0
2004 95.61868811381039 187.4766278667763 0
2005 125.1254851944408 144.2643461092383 0
2006 125.5692804680497 193.4562970202481 0
2007 31.16123873499562 156.2951426728178 0
2008 238.9870963973649 76.01417588155893 0
2009 117.5363872608571 192.0227075623196 0
2010 25.73142016865419 154.1260040489862 0
2011 216.9423493188346 189.41025653997 0
2012 103.4649846494938 186.9098349079986 0
2013 198.6535533401415 152.3727383181855 0
2014 144.8899185509341 101.9400731630977 0
2015 24.33043336090823 138.857273263311 0
2016 17.70675206706077 134.3822985389714 0
2017 173.5752813773892 181.7584183547837 0
2018 208.9256400604759 195.0282677733876 0
2019 196.2815654787233 195.1189067998117 0
2020 212.2791629226124 164.1327272327923 0
2021 149.1125955151381 147.9114625877199 0
2022 112.4005252394684 75.98800935891923 0
2023 174.6742514829231 95.11982307586762 0
2024 215.4748829293243 73.40754134551622 0
2025 147.4131842242699 135.2414979756187 0
2026 190.6601937365096 118.8453018356657 0
2027 30.35443612197376 149.9285717523414 0
2028 19.74152622038063 154.9410678193418 0
2029 82.61060620658203 185.6351331520023 0
2030 106.1275422822767 76.07889139696725 0
2031 214.3376764841735 170.0881076888285 0
2032 9.519883141576923 139.5395464833241 0
2033 151.6895568477757 69.56668637057328 0
2034 221.625825578652 195.3035198265362 0
2035 257.3239818429712 70.46663940360548 0
2036 292.3002919017596 173.5223585463563 0
2037 189.5361009351833 193.9894574480134 0
2038 138.1426071909365 135.7734638848143 0
2039 231.4967129439327 184.9862286958253 0
2040 227.2789756811183 189.8153358059782 0
2041 155.1235312266035 78.75530082095182 0
2042 132.1167328914838 194.2974199616382 0
2043 86.96443500919729 76.82616650986113 0
2044 249.585442950777 155.765313857396 0
2045 109.3605012451634 193.791172658931 0
2046 156.9054440783533 194.3303574860986 0
2047 163.8191206558588 194.3350082288782 0
2048 63.46812880705372 137.8696880238979 0
2049 146.1862155523302 69.76120062179564 0
2050 201.7821346030974 117.2962086342954 0
2051 84.9758534108652 162.617004256384 0
2052 152.147393389643 89.46114648869525 0
2053 244.7961063940637 75.88611116386799 0
2054 249.826637480463 174.4473636444487 0
2055 224.6228571696144 173.9967548389957 0
2056 143.951667636866 195.0959058768382 0
2057 194.5166035148891 120.4608608731217 0
2058 284.0258293438904 75.17888819897486 0
2059 27.19199397857119 146.4679051707167 0
2060 133.7615592476421 147.2171701510929 0
2061 19.00584696817286 147.7986383596798 0
2062 176.3420395945234 195.2099949021956 0
2063 180.1683864193325 91.09868784523658 0
2064 242.7291389962548 145.6387526828167 0
2065 150.3515837135104 98.02727050125984 0
2066 296.3732558394959 124.3292189016964 0
2067 39.34181059787061 172.2203118093073 0
2068 202.6344672678692 185.1934448244898 0
2069 116.4145391744275 70.44514892666055 0
2070 209.3251168997702 183.4718773219715 0
2071 101.6145450630618 132.6278293875585 0
2072 251.3321337242362 70.52328953645906 0
2073 157.2584226505733 74.47597837176778 0
2074 176.0564205827285 69.78915915601095 0
2075 130.7408967068628 141.9423607392696 0
2076 218.0710287340822 162.7461983928018 0
2077 149.680799335744 85.95877544823107 0
2078 7.7206452970234 145.4129623401354 0
2079 238.6415967448076 159.1886384876039 0
2080 198.4393566502866 76.99742179555611 0
2081 222.2595883641509 185.510884194774 0
2082 114.9261226631167 87.18292492159578 0
2083 206.0216966618159 179.1462945660275 0
2084 164.551672819679 94.84512997715768 0
2085 118.7329140238944 144.8158765865443 0
2086 205.2256919291354 76.14866312184876 0
2087 69.54596182424552 147.8576627612389 0
2088 11.96169499176341 144.5367196358004 0
2089 180.3767909457012 186.2455969185974 0
2090 229.6257497236342 82.64693865946445 0
2091 21.27618230885195 146.0284872448969 0
2092 268.4328914105536 162.7645436230996 0
2093 192.1320071622657 187.4251639102155 0
2094 94.24357337099971 133.403138125722 0
2095 254.1491030210202 159.321319790196 0
2096 7.36561951321877 108.4902130297235 0
2097 18.75049679662471 143.4673590947518 0
2098 180.9941623038422 142.2610060501342 0
2099 235.6271357527942 98.37412234177018 0
2100 34.7996977394965 178.9723406675922 0
2101 220.2617601333636 117.7314496246589 0
2102 75.81708529685209 118.402609689677 0
2103 35.85301963607222 157.9230087488369 0
2104 45.94630565161526 195.5307529569155 0
2105 230.4869568305391 102.8814314305682 0
2106 234.6692896442436 87.41070558698615 0
2107 89.01900121034744 155.6137184953158 0
2108 233.3326203388417 70.75626407577427 0
2109 170.9569153736522 96.69347233399105 0
2110 184.4694634366019 156.5117414424259 0
2111 152.7962334137292 72.98400884399219 0
2112 239.3419378239492 81.48591120016138 0
2113 198.0664640748715 112.2433253446779 0
2114 245.2329428498444 152.2253971683139 0
2115 255.554816055109 194.5668085674771 0
2116 296.4138294028056 115.2558154884045 0
2117 197.1389890002769 186.15221619071 0
2118 143.0414533617605 78.32521497474657 0
2119 192.4375743785489 151.5757952315212 0
2120 268.6756289764086 94.87574264062532 0
2121 22.22675418063939 131.6892930686294 0
2122 214.8170065243984 184.9044949853336 0
2123 172.8964316521613 152.0236337021828 0
2124 85.41112963418247 180.5518637564958 0
2125 267.728942381023 168.1459991272725 0
2126 296.4448798750759 132.1336652737955 0
2127 21.48236767067176 169.308673898555 0
2128 105.5455094566612 124.8170291939092 0
2129 125.1740664898671 133.132204045049 0
2130 164.8238240191112 141.784890967285 0
2131 127.4096187236797 149.8581541477669 0
2132 242.7010269928017 163.8786651210596 0
2133 146.5601141932355 92.11595610345707 0
2134 240.8060976540072 92.44205857441754 0
2135 104.0485399843494 177.9371562552283 0
2136 296.5888379333829 143.506087111118 0
2137 37.93010921787765 165.1000716281676 0
2138 58.46686714318942 135.2474171245256 0
2139 253.7032530887526 125.1765570986287 0
2140 28.49595936344197 192.0185407303187 0
2141 89.44731475413973 182.9210017597921 0
2142 133.602435997968 104.3227737955223 0
2143 113.8173937511515 178.2059292298223 0
2144 144.9438268293631 185.3351784477233 0
2145 124.4506675292974 112.9430104901285 0
2146 238.1096257037349 167.780368858441 0
2147 119.2790245684705 152.2288536106498 0
2148 229.9931062270151 177.0722645194811 0
2149 239.1586703327667 176.3018424447212 0
2150 206.4308143891287 141.8083663151836 0
2151 249.0333231889366 194.1433137993334 0
2152 185.4965695649426 184.6350279152069 0
2153 89.03501837187658 147.9374406264179 0
2154 240.4368031065558 184.2809547026378 0
2155 245.2823824230978 86.49331251233319 0
2156 173.6119698111061 188.6358309410589 0
2157 97.17961873920547 150.5218537996861 0
2158 256.0171245322379 136.2132270402128 0
2159 150.5042862592873 188.4564930331842 0
2160 140.3293978373425 69.94432710847875 0
2161 24.32221742492096 143.4318270529178 0
2162 256.9991562358816 105.1723917544991 0
2163 46.38999687849667 170.9719774575739 0
2164 296.056117969218 159.6691394797733 0
2165 148.7938111162011 75.20773937499776 0
2166 4.192346840471618 169.4581479080241 0
2167 71.17403979203485 136.9408820130228 0
2168 233.6838774966255 172.2398531739589 0
2169 123.4920346214702 124.9737509545005 0
2170 219.26376489627 75.33941132564232 0
2171 123.5887765558227 139.1616443069603 0
2172 24.15643454809427 196.3474495439379 0
2173 242.8886118748121 172.292512251299 0
2174 27.86100325987486 196.3529401420493 0
2175 194.4302445288321 174.894826011789 0
2176 117.8509063709754 182.5267498043404 0
2177 296.4757885641503 128.1838409608991 0
2178 3.643848159174512 177.5663084817661 0
2179 292.616093747293 150.5881582578843 0
2180 167.0071941069778 86.17645473226902 0
2181 215.7383083840944 69.77677369795613 0
2182 20.08565908907002 195.5688786061172 0
2183 7.632494019030078 175.0929189229656 0
2184 135.3663411805412 138.6172831665803 0
2185 155.5347062931382 176.7627357841819 0
2186 296.2660894962128 171.4870528290186 0
2187 28.99877495829175 172.1389109495234 0
2188 171.8740170339738 75.51913850321473 0
2189 182.4293652903369 162.5301321887937 0
2190 99.77895945330893 76.27862179023146 0
2191 121.0421835641796 130.2283504166066 0
2192 220.6728976041735 172.255853784723 0
2193 13.4672177888692 126.9765137474509 0
2194 296.6924443810042 139.6981111755663 0
2195 295.970021287464 69.13177014557886 0
2196 89.15595056066617 175.8463722111661 0
2197 148.9149078183125 172.3234700280966 0
2198 247.5180785082424 97.32327305064122 0
2199 141.7270478142678 130.4144445899513 0
2200 102.2395127947724 157.5468988887852 0
2201 20.32951272334134 191.4310780846321 0
2202 72.0717031182964 123.6393467939735 0
2203 169.890135642482 70.23138756620782 0
2204 167.2956898879867 149.5590443189736 0
2205 163.5734333102004 70.30503822047433 0
2206 118.4896156818745 122.2606315549829 0
2207 294.0205903003151 135.8551242439219 0
2208 16.45783214914108 146.7178393362285 0
2209 93.41762585676823 76.54713056005753 0
2210 211.6241859165651 143.4542127607897 0
2211 247.7098134968735 118.7923647570237 0
2212 30.81293650308875 142.9172945171537 0
2213 297.6457925913374 92.91398281612125 0
2214 115.551334898893 133.5560777191874 0
2215 114.820680698734 120.3130133306959 0
2216 91.81016675964433 70.76357838116832 0
2217 120.5648437032866 115.9472789931019 0
2218 19.81742527754965 122.8915042681699 0
2219 140.3813919547351 142.794230429937 0
2220 49.6024495764028 166.4313382199146 0
2221 143.3984702529661 164.3825923606574 0
2222 79.41312093859477 70.95252485253651 0
2223 125.3784857602845 179.7408945422071 0
2224 292.2503737490745 154.8868829507076 0
2225 122.8093602904421 185.2494970645039 0
2226 296.6437178166333 136.0006221062149 0
2227 133.0305833182233 172.9255443375735 0
2228 129.0774125868542 186.9595878999317 0
2229 235.3536910028309 180.6464655726902 0
2230 85.56868475761979 70.88598979620583 0
2231 298.4308616735846 76.26116123951343 0
2232 298.4353800082587 74.31824445047928 0
2233 2.001031992216737 148.8097976781178 0
$EndNodes
$Elements
2389
1 15 2 201 1 1
2 15 2 101 2 2
3 15 2 101 3 3
4 15 2 101 4 4
5 15 2 202 5 5
6 15 2 201 6 6
7 15 2 201 7 7
8 1 2 201 1 1 8
9 1 2 201 1 8 9
10 1 2 201 1 9 10
11 1 2 201 1 10 11
12 1 2 201 1 11 12
13 1 2 201 1 12 13
14 1 2 201 1 13 14
15 1 2 201 1 14 15
16 1 2 201 1 15 16
17 1 2 201 1 16 17
18 1 2 201 1 17 18
19 1 2 201 1 18 19
20 1 2 201 1 19 20
21 1 2 201 1 20 21
22 1 2 201 1 21 22
23 1 2 201 1 22 23
24 1 2 201 1 23 24
25 1 2 201 1 24 25
26 1 2 201 1 25 26
27 1 2 201 1 26 27
28 1 2 201 1 27 28
29 1 2 201 1 28 29
30 1 2 201 1 29 30
31 1 2 201 1 30 31
32 1 2 201 1 31 32
33 1 2 201 1 32 33
34 1 2 201 1 33 34
35 1 2 201 1 34 35
36 1 2 201 1 35 36
37 1 2 201 1 36 37
38 1 2 201 1 37 38
39 1 2 201 1 38 39
40 1 2 201 1 39 40
41 1 2 201 1 40 41
42 1 2 201 1 41 42
43 1 2 201 1 42 43
44 1 2 201 1 43 44
45 1 2 201 1 44 45
46 1 2 201 1 45 46
47 1 2 201 1 46 47
48 1 2 201 1 47 48
49 1 2 201 1 48 49
50 1 2 201 1 49 50
51 1 2 201 1 50 51
52 1 2 201 1 51 52
53 1 2 201 1 52 53
54 1 2 201 1 53 54
55 1 2 201 1 54 55
56 1 2 201 1 55 56
57 1 2 201 1 56 2
58 1 2 101 2 2 57
59 1 2 101 2 57 58
60 1 2 101 2 58 59
61 1 2 101 2 59 60
62 1 2 101 2 60 61
63 1 2 101 2 61 62
64 1 2 101 2 62 63
65 1 2 101 2 63 64
66 1 2 101 2 64 65
67 1 2 101 2 65 66
68 1 2 101 2 66 67
69 1 2 101 2 67 68
70 1 2 101 2 68 69
71 1 2 101 2 69 70
72 1 2 101 2 70 71
73 1 2 101 2 71 3
74 1 2 101 3 3 72
75 1 2 101 3 72 73
76 1 2 101 3 73 74
77 1 2 101 3 74 75
78 1 2 101 3 75 76
79 1 2 101 3 76 77
80 1 2 101 3 77 78
81 1 2 101 3 78 79
82 1 2 101 3 79 80
83 1 2 101 3 80 81
84 1 2 101 3 81 82
85 1 2 101 3 82 83
86 1 2 101 3 83 84
87 1 2 101 3 84 85
88 1 2 101 3 85 86
89 1 2 101 3 86 87
90 1 2 101 3 87 88
91 1 2 101 3 88 89
92 1 2 101 3 89 90
93 1 2 101 3 90 91
94 1 2 101 3 91 92
95 1 2 101 3 92 93
96 1 2 101 3 93 94
97 1 2 101 3 94 95
98 1 2 101 3 95 96
99 1 2 101 3 96 97
100 1 2 101 3 97 98
101 1 2 101 3 98 99
102 1 2 101 3 99 100
103 1 2 101 3 100 101
104 1 2 101 3 101 102
105 1 2 101 3 102 103
106 1 2 101 3 103 104
107 1 2 101 3 104 4
108 1 2 201 4 4 105
109 1 2 201 4 105 106
110 1 2 201 4 106 107
111 1 2 201 4 107 108
112 1 2 201 4 108 109
113 1 2 201 4 109 110
114 1 2 201 4 110 111
115 1 2 201 4 111 112
116 1 2 201 4 112 113
117 1 2 201 4 113 114
118 1 2 201 4 114 115
119 1 2 201 4 115 116
120 1 2 201 4 116 117
121 1 2 201 4 117 118
122 1 2 201 4 118 119
123 1 2 201 4 119 120
124 1 2 201 4 120 121
125 1 2 201 4 121 122
126 1 2 201 4 122 123
127 1 2 201 4 123 124
128 1 2 201 4 124 125
129 1 2 201 4 125 126
130 1 2 201 4 126 127
131 1 2 201 4 127 128
132 1 2 201 4 128 129
133 1 2 201 4 129 130
134 1 2 201 4 130 131
135 1 2 201 4 131 132
136 1 2 201 4 132 133
137 1 2 201 4 133 134
138 1 2 201 4 134 135
139 1 2 201 4 135 136
140 1 2 201 4 136 137
141 1 2 201 4 137 138
142 1 2 201 4 138 139
143 1 2 201 4 139 140
144 1 2 201 4 140 141
145 1 2 201 4 141 5
146 1 2 202 5 5 142
147 1 2 202 5 142 143
148 1 2 202 5 143 144
149 1 2 202 5 144 145
150 1 2 202 5 145 146
151 1 2 202 5 146 147
152 1 2 202 5 147 148
153 1 2 202 5 148 149
154 1 2 202 5 149 150
155 1 2 202 5 150 151
156 1 2 202 5 151 152
157 1 2 202 5 152 6
158 1 2 201 6 6 153
159 1 2 201 6 153 154
160 1 2 201 6 154 155
161 1 2 201 6 155 156
162 1 2 201 6 156 157
163 1 2 201 6 157 158
164 1 2 201 6 158 159
165 1 2 201 6 159 160
166 1 2 201 6 160 161
167 1 2 201 6 161 162
168 1 2 201 6 162 163
169 1 2 201 6 163 164
170 1 2 201 6 164 165
171 1 2 201 6 165 166
172 1 2 201 6 166 167
173 1 2 201 6 167 168
174 1 2 201 6 168 169
175 1 2 201 6 169 170
176 1 2 201 6 170 171
177 1 2 201 6 171 172
178 1 2 201 6 172 173
179 1 2 201 6 173 174
180 1 2 201 6 174 175
181 1 2 201 6 175 176
182 1 2 201 6 176 177
183 1 2 201 6 177 178
184 1 2 201 6 178 179
185 1 2 201 6 179 180
186 1 2 201 6 180 181
187 1 2 201 6 181 182
188 1 2 201 6 182 183
189 1 2 201 6 183 184
190 1 2 201 6 184 185
191 1 2 201 6 185 7
192 1 2 201 7 7 186
193 1 2 201 7 186 187
194 1 2 201 7 187 188
195 1 2 201 7 188 189
196 1 2 201 7 189 190
197 1 2 201 7 190 191
198 1 2 201 7 191 192
199 1 2 201 7 192 193
200 1 2 201 7 193 194
201 1 2 201 7 194 195
202 1 2 201 7 195 196
203 1 2 201 7 196 197
204 1 2 201 7 197 198
205 1 2 201 7 198 199
206 1 2 201 7 199 200
207 1 2 201 7 200 1
208 1 2 0 8 7 201
209 1 2 0 8 201 202
210 1 2 0 8 202 203
211 1 2 0 8 203 204
212 1 2 0 8 204 205
213 1 2 0 8 205 206
214 1 2 0 8 206 207
215 1 2 0 8 207 208
216 1 2 0 8 208 209
217 1 2 0 8 209 210
218 1 2 0 8 210 211
219 1 2 0 8 211 212
220 1 2 0 8 212 213
221 1 2 0 8 213 214
222 1 2 0 8 214 215
223 1 2 0 8 215 216
224 1 2 0 8 216 217
225 1 2 0 8 217 218
226 1 2 0 8 218 219
227 1 2 0 8 219 220
228 1 2 0 8 220 221
229 1 2 0 8 221 222
230 1 2 0 8 222 223
231 1 2 0 8 223 224
232 1 2 0 8 224 225
233 1 2 0 8 225 226
234 1 2 0 8 226 227
235 1 2 0 8 227 228
236 1 2 0 8 228 229
237 1 2 0 8 229 230
238 1 2 0 8 230 231
239 1 2 0 8 231 232
240 1 2 0 8 232 233
241 1 2 0 8 233 234
242 1 2 0 8 234 235
243 1 2 0 8 235 236
244 1 2 0 8 236 237
245 1 2 0 8 237 238
246 1 2 0 8 238 239
247 1 2 0 8 239 240
248 1 2 0 8 240 241
249 1 2 0 8 241 242
250 1 2 0 8 242 243
251 1 2 0 8 243 244
252 1 2 0 8 244 245
253 1 2 0 8 245 246
254 1 2 0 8 246 247
255 1 2 0 8 247 248
256 1 2 0 8 248 249
257 1 2 0 8 249 3
258 3 2 0 10 904 898 857 903
259 3 2 0 10 898 904 196 197
260 3 2 0 10 857 897 562 903
261 3 2 0 10 195 196 904 903
262 3 2 0 10 9 10 354 357
263 3 2 0 10 359 357 354 282
264 3 2 0 10 202 358 355 203
265 3 2 0 10 9 357 359 8
266 3 2 0 10 370 372 328 317
267 3 2 0 10 480 339 496 479
268 3 2 0 10 488 342 492 499
269 3 2 0 10 490 353 367 504
270 3 2 0 10 348 513 265 501
271 3 2 0 10 514 481 518 277
272 3 2 0 10 484 343 388 524
273 3 2 0 10 518 282 526 277
274 3 2 0 10 59 60 527 360
275 3 2 0 10 281 360 527 351
276 3 2 0 10 484 341 531 502
277 3 2 0 10 11 532 354 10
278 3 2 0 10 483 507 536 340
279 3 2 0 10 204 203 355 537
280 3 2 0 10 487 489 538 346
281 3 2 0 10 358 280 539 355
282 3 2 0 10 66 67 543 550
283 3 2 0 10 65 66 550 511
284 3 2 0 10 373 369 548 316
285 3 2 0 10 513 480 506 265
286 3 2 0 10 487 500 513 348
287 3 2 0 10 339 480 513 500
288 3 2 0 10 350 522 481 514
289 3 2 0 10 348 501 482 497
290 3 2 0 10 340 512 525 483
291 3 2 0 10 341 484 524 651
292 3 2 0 10 348 497 489 487
293 3 2 0 10 504 495 509 349
294 3 2 0 10 261 509 495 488
295 3 2 0 10 261 488 499 517
296 3 2 0 10 539 280 490 278
297 3 2 0 10 349 278 490 504
298 3 2 0 10 517 499 522 350
299 3 2 0 10 350 514 502 531
300 3 2 0 10 285 503 508 542
301 3 2 0 10 349 536 507 278
302 3 2 0 10 356 521 509 261
303 3 2 0 10 349 509 521 536
304 3 2 0 10 356 261 517 523
305 3 2 0 10 350 531 523 517
306 3 2 0 10 190 191 478 540
307 3 2 0 10 487 346 530 500
308 3 2 0 10 359 282 518 541
309 3 2 0 10 354 532 388 343
310 3 2 0 10 525 344 539 483
311 3 2 0 10 537 355 539 344
312 3 2 0 10 278 507 483 539
313 3 2 0 10 514 277 526 502
314 3 2 0 10 282 354 343 526
315 3 2 0 10 343 484 502 526
316 3 2 0 10 193 194 562 510
317 3 2 0 10 567 275 568 264
318 3 2 0 10 553 254 552 569
319 3 2 0 10 568 384 576 472
320 3 2 0 10 567 471 577 385
321 3 2 0 10 263 267 573 580
322 3 2 0 10 571 384 581 456
323 3 2 0 10 581 275 582 276
324 3 2 0 10 570 455 582 385
325 3 2 0 10 578 379 589 446
326 3 2 0 10 589 260 590 253
327 3 2 0 10 579 445 590 378
328 3 2 0 10 571 291 593 312
329 3 2 0 10 570 313 594 290
330 3 2 0 10 579 318 604 304
331 3 2 0 10 598 447 604 401
332 3 2 0 10 578 305 605 319
333 3 2 0 10 599 402 605 448
334 3 2 0 10 520 390 608 528
335 3 2 0 10 529 609 432 391
336 3 2 0 10 594 394 595 421
337 3 2 0 10 593 422 612 393
338 3 2 0 10 576 312 613 336
339 3 2 0 10 612 470 613 393
340 3 2 0 10 577 337 614 313
341 3 2 0 10 595 394 614 469
342 3 2 0 10 259 262 615 564
343 3 2 0 10 259 563 616 262
344 3 2 0 10 617 270 618 276
345 3 2 0 10 619 260 620 257
346 3 2 0 10 36 37 494 621
347 3 2 0 10 229 622 493 230
348 3 2 0 10 556 445 633 383
349 3 2 0 10 304 323 383 633
350 3 2 0 10 557 382 634 446
351 3 2 0 10 305 634 382 324
352 3 2 0 10 311 645 419 289
353 3 2 0 10 308 288 420 646
354 3 2 0 10 649 252 650 255
355 3 2 0 10 548 369 368 651
356 3 2 0 10 554 266 555 659
357 3 2 0 10 264 268 679 644
358 3 2 0 10 650 376 692 437
359 3 2 0 10 649 438 693 377
360 3 2 0 10 493 622 694 476
361 3 2 0 10 494 475 695 621
362 3 2 0 10 705 251 706 257
363 3 2 0 10 242 485 707 243
364 3 2 0 10 617 455 713 410
365 3 2 0 10 618 409 714 456
366 3 2 0 10 544 371 718 284
367 3 2 0 10 498 724 505 283
368 3 2 0 10 265 506 724 498
369 3 2 0 10 399 440 729 689
370 3 2 0 10 400 688 730 439
371 3 2 0 10 400 459 733 708
372 3 2 0 10 399 709 734 460
373 3 2 0 10 651 368 735 341
374 3 2 0 10 531 341 735 523
375 3 2 0 10 49 50 737 486
376 3 2 0 10 360 743 58 59
377 3 2 0 10 315 296 374 744
378 3 2 0 10 314 745 375 297
379 3 2 0 10 321 759 403 325
380 3 2 0 10 320 326 404 760
381 3 2 0 10 285 806 477 503
382 3 2 0 10 336 673 766 309
383 3 2 0 10 470 395 766 673
384 3 2 0 10 337 310 767 674
385 3 2 0 10 392 396 767 722
386 3 2 0 10 469 674 767 396
387 3 2 0 10 412 442 771 647
388 3 2 0 10 411 648 772 441
389 3 2 0 10 512 340 774 587
390 3 2 0 10 536 521 774 340
391 3 2 0 10 255 778 438 649
392 3 2 0 10 255 650 437 779
393 3 2 0 10 529 391 784 519
394 3 2 0 10 390 520 338 785
395 3 2 0 10 558 427 797 409
396 3 2 0 10 559 410 798 428
397 3 2 0 10 263 250 810 662
398 3 2 0 10 263 663 811 250
399 3 2 0 10 498 283 812 365
400 3 2 0 10 371 544 819 362
401 3 2 0 10 283 491 362 819
402 3 2 0 10 812 283 819 544
403 3 2 0 10 279 345 821 545
404 3 2 0 10 503 477 822 631
405 3 2 0 10 285 364 825 551
406 3 2 0 10 707 485 826 389
407 3 2 0 10 372 417 831 328
408 3 2 0 10 558 270 559 834
409 3 2 0 10 383 323 840 436
410 3 2 0 10 382 435 841 324
411 3 2 0 10 204 537 847 205
412 3 2 0 10 60 61 856 527
413 3 2 0 10 351 527 856 538
414 3 2 0 10 678 858 679 268
415 3 2 0 10 269 381 364 842
416 3 2 0 10 728 441 785 338
417 3 2 0 10 370 658 512 587
418 3 2 0 10 432 374 777 764
419 3 2 0 10 260 619 378 590
420 3 2 0 10 260 589 379 620
421 3 2 0 10 632 551 825 809
422 3 2 0 10 364 381 809 825
423 3 2 0 10 275 581 384 568
424 3 2 0 10 312 576 384 571
425 3 2 0 10 275 567 385 582
426 3 2 0 10 313 570 385 577
427 3 2 0 10 805 344 525 739
428 3 2 0 10 753 429 722 295
429 3 2 0 10 312 593 393 613
430 3 2 0 10 313 614 394 594
431 3 2 0 10 24 25 602 704
432 3 2 0 10 461 704 602 397
433 3 2 0 10 305 324 681 610
434 3 2 0 10 448 610 681 397
435 3 2 0 10 217 703 603 218
436 3 2 0 10 462 398 603 703
437 3 2 0 10 304 611 680 323
438 3 2 0 10 447 398 680 611
439 3 2 0 10 209 814 640 210
440 3 2 0 10 16 17 641 813
441 3 2 0 10 212 699 697 213
442 3 2 0 10 440 399 697 699
443 3 2 0 10 331 709 399 689
444 3 2 0 10 19 20 696 698
445 3 2 0 10 439 698 696 400
446 3 2 0 10 332 688 400 708
447 3 2 0 10 219 598 725 220
448 3 2 0 10 453 725 598 401
449 3 2 0 10 318 685 401 604
450 3 2 0 10 26 27 726 599
451 3 2 0 10 454 402 599 726
452 3 2 0 10 319 605 402 322
453 3 2 0 10 208 575 814 209
454 3 2 0 10 15 16 813 574
455 3 2 0 10 263 580 405 663
456 3 2 0 10 263 662 406 267
457 3 2 0 10 270 558 409 618
458 3 2 0 10 308 714 409 797
459 3 2 0 10 270 617 410 559
460 3 2 0 10 311 798 410 713
461 3 2 0 10 715 648 555 266
462 3 2 0 10 426 555 648 411
463 3 2 0 10 426 411 854 676
464 3 2 0 10 715 266 554 647
465 3 2 0 10 425 412 647 554
466 3 2 0 10 425 677 855 412
467 3 2 0 10 30 31 667 823
468 3 2 0 10 223 824 666 224
469 3 2 0 10 225 664 802 226
470 3 2 0 10 424 802 664 415
471 3 2 0 10 32 33 803 665
472 3 2 0 10 423 416 665 803
473 3 2 0 10 42 807 656 41
474 3 2 0 10 235 234 657 808
475 3 2 0 10 224 666 664 225
476 3 2 0 10 31 32 665 667
477 3 2 0 10 236 235 808 629
478 3 2 0 10 43 630 807 42
479 3 2 0 10 237 236 629 595
480 3 2 0 10 44 612 630 43
481 3 2 0 10 33 34 716 803
482 3 2 0 10 226 802 717 227
483 3 2 0 10 14 15 574 607
484 3 2 0 10 207 606 575 208
485 3 2 0 10 18 19 698 626
486 3 2 0 10 451 626 698 439
487 3 2 0 10 211 625 699 212
488 3 2 0 10 452 440 699 625
489 3 2 0 10 253 590 445 556
490 3 2 0 10 304 633 445 579
491 3 2 0 10 253 557 446 589
492 3 2 0 10 305 578 446 634
493 3 2 0 10 218 603 598 219
494 3 2 0 10 398 447 598 603
495 3 2 0 10 304 604 447 611
496 3 2 0 10 25 26 599 602
497 3 2 0 10 397 602 599 448
498 3 2 0 10 305 610 448 605
499 3 2 0 10 830 251 705 768
500 3 2 0 10 464 449 768 705
501 3 2 0 10 830 769 706 251
502 3 2 0 10 463 706 769 450
503 3 2 0 10 17 18 626 641
504 3 2 0 10 210 640 625 211
505 3 2 0 10 220 725 565 221
506 3 2 0 10 401 685 817 453
507 3 2 0 10 27 28 566 726
508 3 2 0 10 402 454 818 322
509 3 2 0 10 276 582 455 617
510 3 2 0 10 290 713 455 570
511 3 2 0 10 276 618 456 581
512 3 2 0 10 291 571 456 714
513 3 2 0 10 29 30 823 600
514 3 2 0 10 222 601 824 223
515 3 2 0 10 20 21 583 696
516 3 2 0 10 400 696 583 459
517 3 2 0 10 213 697 584 214
518 3 2 0 10 399 460 584 697
519 3 2 0 10 23 24 704 691
520 3 2 0 10 465 691 704 461
521 3 2 0 10 216 690 703 217
522 3 2 0 10 466 462 703 690
523 3 2 0 10 28 29 600 566
524 3 2 0 10 221 565 601 222
525 3 2 0 10 257 706 463 619
526 3 2 0 10 257 620 464 705
527 3 2 0 10 22 23 691 592
528 3 2 0 10 467 592 691 465
529 3 2 0 10 215 591 690 216
530 3 2 0 10 468 466 690 591
531 3 2 0 10 21 22 592 583
532 3 2 0 10 459 583 592 467
533 3 2 0 10 214 584 591 215
534 3 2 0 10 460 468 591 584
535 3 2 0 10 237 595 596 238
536 3 2 0 10 396 596 595 469
537 3 2 0 10 337 674 469 614
538 3 2 0 10 44 45 597 612
539 3 2 0 10 395 470 612 597
540 3 2 0 10 336 613 470 673
541 3 2 0 10 264 644 471 567
542 3 2 0 10 310 337 577 639
543 3 2 0 10 683 639 577 471
544 3 2 0 10 264 568 472 268
545 3 2 0 10 309 638 576 336
546 3 2 0 10 682 472 576 638
547 3 2 0 10 57 58 743 763
548 3 2 0 10 511 752 64 65
549 3 2 0 10 61 62 530 856
550 3 2 0 10 530 346 538 856
551 3 2 0 10 330 298 450 780
552 3 2 0 10 769 457 780 450
553 3 2 0 10 329 781 449 299
554 3 2 0 10 768 449 781 458
555 3 2 0 10 292 561 405 628
556 3 2 0 10 293 627 406 560
557 3 2 0 10 298 655 463 450
558 3 2 0 10 299 449 464 654
559 3 2 0 10 725 453 817 565
560 3 2 0 10 726 566 818 454
561 3 2 0 10 329 758 413 301
562 3 2 0 10 330 300 414 757
563 3 2 0 10 813 404 828 574
564 3 2 0 10 814 575 829 403
565 3 2 0 10 820 486 737 754
566 3 2 0 10 508 503 631 885
567 3 2 0 10 327 832 615 418
568 3 2 0 10 262 616 831 417
569 3 2 0 10 271 273 771 851
570 3 2 0 10 271 850 772 273
571 3 2 0 10 443 741 569 552
572 3 2 0 10 444 553 569 742
573 3 2 0 10 425 554 659 572
574 3 2 0 10 572 659 573 267
575 3 2 0 10 426 573 659 555
576 3 2 0 10 253 556 836 702
577 3 2 0 10 253 702 837 557
578 3 2 0 10 406 627 572 267
579 3 2 0 10 405 580 573 628
580 3 2 0 10 320 623 653 642
581 3 2 0 10 321 643 652 624
582 3 2 0 10 363 833 632 809
583 3 2 0 10 309 711 682 638
584 3 2 0 10 310 639 683 712
585 3 2 0 10 711 386 678 682
586 3 2 0 10 472 682 678 268
587 3 2 0 10 712 683 679 387
588 3 2 0 10 471 644 679 683
589 3 2 0 10 273 715 647 771
590 3 2 0 10 273 772 648 715
591 3 2 0 10 458 792 662 810
592 3 2 0 10 457 811 663 791
593 3 2 0 10 335 838 723 668
594 3 2 0 10 386 686 858 678
595 3 2 0 10 686 272 687 858
596 3 2 0 10 387 679 858 687
597 3 2 0 10 711 309 766 815
598 3 2 0 10 395 721 815 766
599 3 2 0 10 712 816 767 310
600 3 2 0 10 295 722 767 816
601 3 2 0 10 524 388 788 738
602 3 2 0 10 458 810 830 768
603 3 2 0 10 810 250 811 830
604 3 2 0 10 457 769 830 811
605 3 2 0 10 702 254 553 837
606 3 2 0 10 444 435 837 553
607 3 2 0 10 557 837 435 382
608 3 2 0 10 702 836 552 254
609 3 2 0 10 443 552 836 436
610 3 2 0 10 556 383 436 836
611 3 2 0 10 563 259 564 844
612 3 2 0 10 496 339 751 752
613 3 2 0 10 844 256 843 563
614 3 2 0 10 784 380 795 519
615 3 2 0 10 475 494 701 795
616 3 2 0 10 338 520 700 794
617 3 2 0 10 476 794 700 493
618 3 2 0 10 288 296 315 671
619 3 2 0 10 289 672 314 297
620 3 2 0 10 391 432 660 670
621 3 2 0 10 608 390 669 431
622 3 2 0 10 274 661 431 669
623 3 2 0 10 488 495 804 342
624 3 2 0 10 504 367 804 495
625 3 2 0 10 540 478 804 367
626 3 2 0 10 285 366 842 364
627 3 2 0 10 482 684 842 366
628 3 2 0 10 269 842 684 835
629 3 2 0 10 274 669 850 271
630 3 2 0 10 274 271 851 670
631 3 2 0 10 285 551 801 806
632 3 2 0 10 752 511 550 496
633 3 2 0 10 479 496 550 821
634 3 2 0 10 543 545 821 550
635 3 2 0 10 622 229 228 694
636 3 2 0 10 227 717 694 228
637 3 2 0 10 621 695 35 36
638 3 2 0 10 34 35 695 716
639 3 2 0 10 718 371 707 389
640 3 2 0 10 206 790 606 207
641 3 2 0 10 13 14 607 789
642 3 2 0 10 50 51 822 737
643 3 2 0 10 477 806 737 822
644 3 2 0 10 205 847 790 206
645 3 2 0 10 537 344 805 847
646 3 2 0 10 398 462 848 680
647 3 2 0 10 323 680 848 840
648 3 2 0 10 397 681 849 461
649 3 2 0 10 324 841 849 681
650 3 2 0 10 335 718 389 839
651 3 2 0 10 520 528 796 700
652 3 2 0 10 795 701 529 519
653 3 2 0 10 411 441 728 854
654 3 2 0 10 771 442 727 380
655 3 2 0 10 412 855 727 442
656 3 2 0 10 301 560 781 329
657 3 2 0 10 662 792 560 406
658 3 2 0 10 458 781 560 792
659 3 2 0 10 300 330 780 561
660 3 2 0 10 663 405 561 791
661 3 2 0 10 457 791 561 780
662 3 2 0 10 272 773 433 687
663 3 2 0 10 272 686 434 770
664 3 2 0 10 347 869 248 247
665 3 2 0 10 799 317 328 585
666 3 2 0 10 403 829 585 325
667 3 2 0 10 373 316 586 327
668 3 2 0 10 404 326 586 828
669 3 2 0 10 585 328 831 325
670 3 2 0 10 321 325 831 643
671 3 2 0 10 586 326 832 327
672 3 2 0 10 320 642 832 326
673 3 2 0 10 560 301 845 293
674 3 2 0 10 293 845 416 287
675 3 2 0 10 561 292 846 300
676 3 2 0 10 292 286 415 846
677 3 2 0 10 718 335 668 284
678 3 2 0 10 544 284 668 812
679 3 2 0 10 314 608 431 745
680 3 2 0 10 765 375 745 431
681 3 2 0 10 529 315 744 609
682 3 2 0 10 609 744 374 432
683 3 2 0 10 809 381 731 363
684 3 2 0 10 296 288 308 797
685 3 2 0 10 374 296 797 427
686 3 2 0 10 297 798 311 289
687 3 2 0 10 375 428 798 297
688 3 2 0 10 586 316 548 800
689 3 2 0 10 548 738 788 800
690 3 2 0 10 298 685 318 655
691 3 2 0 10 619 463 655 378
692 3 2 0 10 318 579 378 655
693 3 2 0 10 299 654 319 322
694 3 2 0 10 620 379 654 464
695 3 2 0 10 319 654 379 578
696 3 2 0 10 558 777 374 427
697 3 2 0 10 765 776 428 375
698 3 2 0 10 428 776 834 559
699 3 2 0 10 801 551 632 754
700 3 2 0 10 369 588 735 368
701 3 2 0 10 701 671 315 529
702 3 2 0 10 701 408 853 671
703 3 2 0 10 608 314 796 528
704 3 2 0 10 700 796 852 407
705 3 2 0 10 314 672 852 796
706 3 2 0 10 838 335 839 635
707 3 2 0 10 429 753 635 826
708 3 2 0 10 389 826 635 839
709 3 2 0 10 687 433 636 387
710 3 2 0 10 387 636 816 712
711 3 2 0 10 721 294 637 815
712 3 2 0 10 686 386 637 434
713 3 2 0 10 386 711 815 637
714 3 2 0 10 440 452 747 729
715 3 2 0 10 439 730 746 451
716 3 2 0 10 285 542 482 366
717 3 2 0 10 482 542 516 497
718 3 2 0 10 778 255 779 258
719 3 2 0 10 778 474 748 438
720 3 2 0 10 779 437 749 473
721 3 2 0 10 713 290 645 311
722 3 2 0 10 421 645 290 594
723 3 2 0 10 714 308 646 291
724 3 2 0 10 422 593 291 646
725 3 2 0 10 459 467 719 733
726 3 2 0 10 460 734 720 468
727 3 2 0 10 572 627 677 425
728 3 2 0 10 287 677 627 293
729 3 2 0 10 573 426 676 628
730 3 2 0 10 286 292 628 676
731 3 2 0 10 474 778 258 741
732 3 2 0 10 473 742 258 779
733 3 2 0 10 742 473 786 444
734 3 2 0 10 741 443 787 474
735 3 2 0 10 692 332 708 333
736 3 2 0 10 437 692 333 749
737 3 2 0 10 693 334 709 331
738 3 2 0 10 438 748 334 693
739 3 2 0 10 833 363 770 434
740 3 2 0 10 363 731 547 770
741 3 2 0 10 252 649 377 755
742 3 2 0 10 755 256 756 252
743 3 2 0 10 252 756 376 650
744 3 2 0 10 40 853 408 39
745 3 2 0 10 41 656 853 40
746 3 2 0 10 233 232 407 852
747 3 2 0 10 234 233 852 657
748 3 2 0 10 535 279 545 549
749 3 2 0 10 625 640 759 452
750 3 2 0 10 321 747 452 759
751 3 2 0 10 403 759 640 814
752 3 2 0 10 626 451 760 641
753 3 2 0 10 320 760 451 746
754 3 2 0 10 404 813 641 760
755 3 2 0 10 367 353 793 540
756 3 2 0 10 189 190 540 793
757 3 2 0 10 467 465 302 719
758 3 2 0 10 461 849 302 465
759 3 2 0 10 468 720 303 466
760 3 2 0 10 462 466 303 848
761 3 2 0 10 51 52 631 822
762 3 2 0 10 615 262 859 418
763 3 2 0 10 492 342 862 510
764 3 2 0 10 371 362 860 863
765 3 2 0 10 612 422 865 630
766 3 2 0 10 422 646 420 865
767 3 2 0 10 595 629 866 421
768 3 2 0 10 421 866 419 645
769 3 2 0 10 347 533 867 869
770 3 2 0 10 283 505 870 491
771 3 2 0 10 347 491 870 533
772 3 2 0 10 700 407 873 493
773 3 2 0 10 231 230 493 873
774 3 2 0 10 232 231 873 407
775 3 2 0 10 701 494 874 408
776 3 2 0 10 38 874 494 37
777 3 2 0 10 39 408 874 38
778 3 2 0 10 821 345 878 479
779 3 2 0 10 724 506 878 505
780 3 2 0 10 480 479 878 506
781 3 2 0 10 322 818 879 299
782 3 2 0 10 299 879 758 329
783 3 2 0 10 685 298 880 817
784 3 2 0 10 298 330 757 880
785 3 2 0 10 262 417 875 859
786 3 2 0 10 419 866 629 808
787 3 2 0 10 420 807 630 865
788 3 2 0 10 728 306 877 854
789 3 2 0 10 286 676 854 877
790 3 2 0 10 727 855 876 307
791 3 2 0 10 287 876 855 677
792 3 2 0 10 269 835 723 868
793 3 2 0 10 533 279 535 867
794 3 2 0 10 333 872 473 749
795 3 2 0 10 334 748 474 871
796 3 2 0 10 381 269 868 731
797 3 2 0 10 732 547 731 868
798 3 2 0 10 246 245 863 860
799 3 2 0 10 473 872 302 786
800 3 2 0 10 708 733 872 333
801 3 2 0 10 302 872 733 719
802 3 2 0 10 474 787 303 871
803 3 2 0 10 709 334 871 734
804 3 2 0 10 303 720 734 871
805 3 2 0 10 523 735 710 356
806 3 2 0 10 521 356 710 774
807 3 2 0 10 416 423 876 287
808 3 2 0 10 423 762 307 876
809 3 2 0 10 415 286 877 424
810 3 2 0 10 424 877 306 761
811 3 2 0 10 71 861 535 70
812 3 2 0 10 70 535 549 69
813 3 2 0 10 752 751 63 64
814 3 2 0 10 192 193 510 862
815 3 2 0 10 342 804 478 862
816 3 2 0 10 191 192 862 478
817 3 2 0 10 360 281 763 743
818 3 2 0 10 352 888 763 281
819 3 2 0 10 812 668 723 365
820 3 2 0 10 864 365 723 835
821 3 2 0 10 741 258 742 569
822 3 2 0 10 607 736 800 789
823 3 2 0 10 606 790 799 740
824 3 2 0 10 847 805 799 790
825 3 2 0 10 666 824 757 414
826 3 2 0 10 667 413 758 823
827 3 2 0 10 853 656 288 671
828 3 2 0 10 807 420 288 656
829 3 2 0 10 852 672 289 657
830 3 2 0 10 808 657 289 419
831 3 2 0 10 524 738 548 651
832 3 2 0 10 272 770 547 773
833 3 2 0 10 737 806 801 754
834 3 2 0 10 558 834 776 777
835 3 2 0 10 787 840 848 303
836 3 2 0 10 436 840 787 443
837 3 2 0 10 786 302 849 841
838 3 2 0 10 435 444 786 841
839 3 2 0 10 816 636 827 295
840 3 2 0 10 295 827 635 753
841 3 2 0 10 434 637 294 833
842 3 2 0 10 843 652 616 563
843 3 2 0 10 652 643 831 616
844 3 2 0 10 844 564 615 653
845 3 2 0 10 653 615 832 642
846 3 2 0 10 498 750 501 265
847 3 2 0 10 482 501 750 684
848 3 2 0 10 878 345 870 505
849 3 2 0 10 345 279 533 870
850 3 2 0 10 665 416 845 667
851 3 2 0 10 301 413 667 845
852 3 2 0 10 664 666 846 415
853 3 2 0 10 300 846 666 414
854 3 2 0 10 636 433 732 827
855 3 2 0 10 547 732 433 773
856 3 2 0 10 868 723 838 732
857 3 2 0 10 635 827 732 838
858 3 2 0 10 670 660 661 274
859 3 2 0 10 432 764 661 660
860 3 2 0 10 370 317 799 658
861 3 2 0 10 805 739 658 799
862 3 2 0 10 525 512 658 739
863 3 2 0 10 771 380 784 851
864 3 2 0 10 391 670 851 784
865 3 2 0 10 772 850 785 441
866 3 2 0 10 390 785 850 669
867 3 2 0 10 430 820 833 294
868 3 2 0 10 754 632 833 820
869 3 2 0 10 498 365 864 750
870 3 2 0 10 684 750 864 835
871 3 2 0 10 347 247 246 860
872 3 2 0 10 347 860 362 491
873 3 2 0 10 331 782 377 693
874 3 2 0 10 332 692 376 783
875 3 2 0 10 481 515 541 518
876 3 2 0 10 331 689 729 782
877 3 2 0 10 332 783 730 688
878 3 2 0 10 377 782 881 755
879 3 2 0 10 652 843 881 624
880 3 2 0 10 256 755 881 843
881 3 2 0 10 376 756 882 783
882 3 2 0 10 653 623 882 844
883 3 2 0 10 256 844 882 756
884 3 2 0 10 243 707 884 244
885 3 2 0 10 863 884 707 371
886 3 2 0 10 52 53 885 631
887 3 2 0 10 327 418 886 373
888 3 2 0 10 746 730 783 889
889 3 2 0 10 747 890 782 729
890 3 2 0 10 55 888 675 54
891 3 2 0 10 352 534 675 888
892 3 2 0 10 53 54 675 885
893 3 2 0 10 370 587 887 372
894 3 2 0 10 417 372 887 875
895 3 2 0 10 244 884 863 245
896 3 2 0 10 361 199 200 883
897 3 2 0 10 320 746 889 623
898 3 2 0 10 623 889 783 882
899 3 2 0 10 321 624 890 747
900 3 2 0 10 624 881 782 890
901 3 2 0 10 735 588 887 710
902 3 2 0 10 774 710 887 587
903 3 2 0 10 339 500 530 751
904 3 2 0 10 62 63 751 530
905 3 2 0 10 535 861 869 867
906 3 2 0 10 431 661 764 765
907 3 2 0 10 764 777 776 765
908 3 2 0 10 600 879 818 566
909 3 2 0 10 823 758 879 600
910 3 2 0 10 601 565 817 880
911 3 2 0 10 824 601 880 757
912 3 2 0 10 280 775 353 490
913 3 2 0 10 248 869 861 249
914 3 2 0 10 607 574 828 736
915 3 2 0 10 800 736 828 586
916 3 2 0 10 675 534 508 885
917 3 2 0 10 542 508 534 516
918 3 2 0 10 606 740 829 575
919 3 2 0 10 799 585 829 740
920 3 2 0 10 727 307 795 380
921 3 2 0 10 475 795 307 762
922 3 2 0 10 728 338 794 306
923 3 2 0 10 476 761 306 794
924 3 2 0 10 820 430 891 486
925 3 2 0 10 392 240 239 892
926 3 2 0 10 486 891 48 49
927 3 2 0 10 45 46 893 597
928 3 2 0 10 238 596 892 239
929 3 2 0 10 392 892 596 396
930 3 2 0 10 369 373 886 588
931 3 2 0 10 418 859 875 886
932 3 2 0 10 875 887 588 886
933 3 2 0 10 538 489 546 351
934 3 2 0 10 351 546 352 281
935 3 2 0 10 803 716 762 423
936 3 2 0 10 475 762 716 695
937 3 2 0 10 802 424 761 717
938 3 2 0 10 476 694 717 761
939 3 2 0 10 294 721 893 430
940 3 2 0 10 597 893 721 395
941 3 2 0 10 489 497 516 546
942 3 2 0 10 352 546 516 534
943 3 2 0 10 55 56 763 888
944 3 2 0 10 361 883 8 359
945 3 2 0 10 891 430 47 48
946 3 2 0 10 46 47 430 893
947 3 2 0 10 353 775 894 793
948 3 2 0 10 499 492 897 522
949 3 2 0 10 481 522 897 857
950 3 2 0 10 510 562 897 492
951 3 2 0 10 187 188 894 895
952 3 2 0 10 188 189 793 894
953 3 2 0 10 481 857 898 515
954 3 2 0 10 199 361 899 198
955 3 2 0 10 359 541 899 361
956 3 2 0 10 898 899 541 515
957 3 2 0 10 198 899 898 197
958 3 2 0 10 8 883 200 1
959 3 2 0 10 201 7 186 896
960 3 2 0 10 186 187 895 896
961 3 2 0 10 896 358 202 201
962 3 2 0 10 894 775 900 895
963 3 2 0 10 358 900 775 280
964 3 2 0 10 896 895 900 358
965 3 2 0 10 722 429 901 392
966 3 2 0 10 826 485 901 429
967 3 2 0 10 241 240 392 901
968 3 2 0 10 12 13 789 902
969 3 2 0 10 800 788 902 789
970 3 2 0 10 788 388 532 902
971 3 2 0 10 12 902 532 11
972 3 2 0 10 241 901 485 242
973 3 2 0 10 2 57 763 56
974 3 2 0 10 3 249 861 71
975 3 2 0 10 69 549 545 68
976 3 2 0 10 545 543 67 68
977 3 2 0 10 903 562 194 195
978 3 2 0 12 1905 2233 1691 1491
979 3 2 0 12 2231 1033 1051 2232
980 3 2 0 12 1051 72 73 2232
981 3 2 0 12 73 74 2231 2232
982 3 2 0 12 936 1025 941 1041
983 3 2 0 12 941 1025 944 1049
984 3 2 0 12 1033 75 76 1028
985 3 2 0 12 155 1044 1052 154
986 3 2 0 12 937 1016 1035 940
987 3 2 0 12 948 1040 150 151
988 3 2 0 12 149 150 1040 1035
989 3 2 0 12 946 940 1035 1040
990 3 2 0 12 204 1057 1042 203
991 3 2 0 12 249 1059 945 248
992 3 2 0 12 106 107 1047 1061
993 3 2 0 12 1040 1052 1044 946
994 3 2 0 12 1042 938 1041 941
995 3 2 0 12 936 1041 933 1053
996 3 2 0 12 938 1058 933 1041
997 3 2 0 12 110 1019 1037 109
998 3 2 0 12 1170 1004 1265 1253
999 3 2 0 12 1243 1279 928 1032
1000 3 2 0 12 1054 1020 1289 947
1001 3 2 0 12 991 1293 996 1181
1002 3 2 0 12 1272 1283 1298 1012
1003 3 2 0 12 1272 1282 1307 930
1004 3 2 0 12 1262 931 1270 1310
1005 3 2 0 12 1310 1270 1324 1021
1006 3 2 0 12 157 1325 1336 156
1007 3 2 0 12 987 1193 995 1340
1008 3 2 0 12 1048 1341 1049 944
1009 3 2 0 12 1220 1251 1261 929
1010 3 2 0 12 1290 1390 1350 930
1011 3 2 0 12 1290 930 1307 1351
1012 3 2 0 12 103 947 1289 102
1013 3 2 0 12 1273 1371 1359 997
1014 3 2 0 12 1053 1022 1372 936
1015 3 2 0 12 1061 1054 947 1393
1016 3 2 0 12 1358 1029 1378 1009
1017 3 2 0 12 942 1036 1381 939
1018 3 2 0 12 1053 1030 1382 1022
1019 3 2 0 12 109 1037 1383 108
1020 3 2 0 12 107 108 1383 1047
1021 3 2 0 12 152 6 153 1395
1022 3 2 0 12 151 152 1395 948
1023 3 2 0 12 1193 1245 1396 995
1024 3 2 0 12 1334 1017 1396 1245
1025 3 2 0 12 104 1393 947 103
1026 3 2 0 12 179 1365 1399 178
1027 3 2 0 12 934 1378 1029 1295
1028 3 2 0 12 1045 935 1386 1358
1029 3 2 0 12 1018 1029 1358 1386
1030 3 2 0 12 1009 943 1045 1358
1031 3 2 0 12 105 106 1061 1393
1032 3 2 0 12 154 1052 1395 153
1033 3 2 0 12 1040 948 1395 1052
1034 3 2 0 12 248 945 1320 247
1035 3 2 0 12 1294 1171 1163 992
1036 3 2 0 12 1296 998 1254 1253
1037 3 2 0 12 1010 1243 1200 1255
1038 3 2 0 12 982 1228 1240 1217
1039 3 2 0 12 1008 1277 1223 1296
1040 3 2 0 12 1010 1255 1225 1384
1041 3 2 0 12 997 1228 1354 1273
1042 3 2 0 12 1003 1281 1326 1235
1043 3 2 0 12 1290 1013 1279 1390
1044 3 2 0 12 1010 1390 1279 1243
1045 3 2 0 12 1031 1251 1353 1260
1046 3 2 0 12 1008 1296 1253 1265
1047 3 2 0 12 1021 1301 1262 1310
1048 3 2 0 12 1293 1283 1350 996
1049 3 2 0 12 930 1350 1283 1272
1050 3 2 0 12 1397 1282 1364 1024
1051 3 2 0 12 1012 1364 1282 1272
1052 3 2 0 12 1026 1351 1307 1332
1053 3 2 0 12 1225 996 1350 1384
1054 3 2 0 12 1010 1384 1350 1390
1055 3 2 0 12 1017 1334 1330 1316
1056 3 2 0 12 1024 1365 1327 1397
1057 3 2 0 12 1365 1024 1364 1399
1058 3 2 0 12 1235 1368 1367 1003
1059 3 2 0 12 1233 1394 1280 906
1060 3 2 0 12 1189 1335 1394 961
1061 3 2 0 12 956 1280 1394 1335
1062 3 2 0 12 1341 1346 1379 1049
1063 3 2 0 12 926 1267 1367 1271
1064 3 2 0 12 942 1047 1383 1036
1065 3 2 0 12 183 1048 1306 182
1066 3 2 0 12 1365 179 180 1327
1067 3 2 0 12 178 1399 1362 177
1068 3 2 0 12 1012 1362 1399 1364
1069 3 2 0 12 1318 1391 944 1025
1070 3 2 0 12 221 222 1191 1256
1071 3 2 0 12 246 1319 1297 245
1072 3 2 0 12 247 1320 1319 246
1073 3 2 0 12 934 1319 1320 1378
1074 3 2 0 12 1295 1031 1260 934
1075 3 2 0 12 1374 1297 1260 1007
1076 3 2 0 12 934 1260 1297 1319
1077 3 2 0 12 1029 1018 1261 1295
1078 3 2 0 12 1031 1295 1261 1251
1079 3 2 0 12 1018 1014 1316 1261
1080 3 2 0 12 935 1034 1343 1386
1081 3 2 0 12 1018 1386 1343 1014
1082 3 2 0 12 1047 942 1054 1061
1083 3 2 0 12 1020 1054 942 939
1084 3 2 0 12 156 1336 1044 155
1085 3 2 0 12 1396 931 1262 995
1086 3 2 0 12 1301 1011 1323 1262
1087 3 2 0 12 995 1262 1323 1340
1088 3 2 0 12 935 1342 1270 1034
1089 3 2 0 12 1033 1028 1333 1380
1090 3 2 0 12 1333 1045 943 1380
1091 3 2 0 12 944 1391 1306 1048
1092 3 2 0 12 935 1045 1333 1342
1093 3 2 0 12 1028 1377 1342 1333
1094 3 2 0 12 205 206 1371 1894
1095 3 2 0 12 1228 982 1356 1354
1096 3 2 0 12 1382 1030 1356 928
1097 3 2 0 12 928 1279 1013 1382
1098 3 2 0 12 1025 936 1026 1318
1099 3 2 0 12 1026 1332 1338 1318
1100 3 2 0 12 203 1042 1379 202
1101 3 2 0 12 941 1049 1379 1042
1102 3 2 0 12 1270 931 1343 1034
1103 3 2 0 12 1316 1014 1343 1017
1104 3 2 0 12 931 1396 1017 1343
1105 3 2 0 12 1382 1013 1372 1022
1106 3 2 0 12 936 1372 1351 1026
1107 3 2 0 12 1013 1290 1351 1372
1108 3 2 0 12 1023 1381 1036 1370
1109 3 2 0 12 1036 1383 1037 1370
1110 3 2 0 12 1019 1398 1370 1037
1111 3 2 0 12 245 1297 1374 244
1112 3 2 0 12 1048 183 184 1341
1113 3 2 0 12 185 1346 1341 184
1114 3 2 0 12 206 207 1359 1371
1115 3 2 0 12 1493 1414 1516 1133
1116 3 2 0 12 1504 1487 1539 1087
1117 3 2 0 12 1533 1107 1125 1540
1118 3 2 0 12 1405 1503 1542 1165
1119 3 2 0 12 1510 1088 1478 1543
1120 3 2 0 12 1331 1553 1515 907
1121 3 2 0 12 1105 1538 1558 1101
1122 3 2 0 12 964 1162 1560 1300
1123 3 2 0 12 1407 1411 1569 1070
1124 3 2 0 12 1498 1473 1572 923
1125 3 2 0 12 1478 1074 1582 1524
1126 3 2 0 12 1474 1439 1592 1084
1127 3 2 0 12 1564 1069 1597 1425
1128 3 2 0 12 1588 1508 1600 1086
1129 3 2 0 12 1448 1121 1606 1489
1130 3 2 0 12 1567 978 1610 1513
1131 3 2 0 12 1573 1533 1618 1078
1132 3 2 0 12 1542 1067 1619 1428
1133 3 2 0 12 1455 1625 1568 1079
1134 3 2 0 12 1615 960 1631 1414
1135 3 2 0 12 1593 1555 1634 1106
1136 3 2 0 12 1482 1067 1640 1409
1137 3 2 0 12 1421 2053 1647 1521
1138 3 2 0 12 1506 1136 1490 1650
1139 3 2 0 12 1485 1146 1211 1655
1140 3 2 0 12 1614 1185 1658 1475
1141 3 2 0 12 1576 1662 1555 1623
1142 3 2 0 12 970 1663 1481 967
1143 3 2 0 12 1632 1285 1608 1664
1144 3 2 0 12 1494 1065 1668 1594
1145 3 2 0 12 1634 1546 1675 1106
1146 3 2 0 12 1661 960 1676 1508
1147 3 2 0 12 1517 907 1679 1545
1148 3 2 0 12 1600 1161 1684 1576
1149 3 2 0 12 1528 990 1684 1653
1150 3 2 0 12 1400 1589 1685 1206
1151 3 2 0 12 987 1690 1137 1193
1152 3 2 0 12 1674 1450 1693 1083
1153 3 2 0 12 1416 1015 1695 1409
1154 3 2 0 12 1661 1167 1697 1544
1155 3 2 0 12 171 1263 1698 170
1156 3 2 0 12 1138 1187 1699 1502
1157 3 2 0 12 1419 951 1502 1699
1158 3 2 0 12 1572 1149 1704 1518
1159 3 2 0 12 1632 1707 1601 1284
1160 3 2 0 12 917 1285 1632 1710
1161 3 2 0 12 1668 1427 1711 1108
1162 3 2 0 12 1618 915 1713 1601
1163 3 2 0 12 1422 957 1629 1715
1164 3 2 0 12 1369 1201 1717 1654
1165 3 2 0 12 1334 925 1719 1330
1166 3 2 0 12 1050 1330 1719 1141
1167 3 2 0 12 1551 1208 1720 1580
1168 3 2 0 12 1665 985 1721 1649
1169 3 2 0 12 1568 980 1723 1686
1170 3 2 0 12 1603 959 1727 1266
1171 3 2 0 12 1588 1577 1730 1167
1172 3 2 0 12 1485 1452 1732 1146
1173 3 2 0 12 1487 1510 1735 1198
1174 3 2 0 12 1613 1565 1735 950
1175 3 2 0 12 1043 1313 1736 1286
1176 3 2 0 12 1092 1737 1114 1454
1177 3 2 0 12 989 1187 1138 1739
1178 3 2 0 12 1357 1752 1146 1732
1179 3 2 0 12 1738 1517 1757 1155
1180 3 2 0 12 1513 1574 1757 1093
1181 3 2 0 12 1562 1758 1610 978
1182 3 2 0 12 1631 1544 1763 1180
1183 3 2 0 12 1614 1518 1765 1185
1184 3 2 0 12 1224 1638 1765 1129
1185 3 2 0 12 1561 1626 1767 1062
1186 3 2 0 12 1516 1180 1768 1645
1187 3 2 0 12 1340 1323 1769 987
1188 3 2 0 12 1011 1218 1769 1323
1189 3 2 0 12 1369 1195 1695 1772
1190 3 2 0 12 1629 957 1774 1314
1191 3 2 0 12 905 1147 1774 1231
1192 3 2 0 12 1524 1781 1613 950
1193 3 2 0 12 1321 1246 1788 1211
1194 3 2 0 12 920 1236 1077 1652
1195 3 2 0 12 1660 924 1793 1497
1196 3 2 0 12 1594 1604 1795 1145
1197 3 2 0 12 1525 1483 1797 1111
1198 3 2 0 12 81 1385 1799 80
1199 3 2 0 12 1276 1237 1805 910
1200 3 2 0 12 175 1258 1806 174
1201 3 2 0 12 1674 1641 1811 1184
1202 3 2 0 12 1183 1562 1240 1812
1203 3 2 0 12 1301 1385 1815 1011
1204 3 2 0 12 1545 1611 1821 1093
1205 3 2 0 12 1676 1559 1822 1161
1206 3 2 0 12 1163 1171 1823 2028
1207 3 2 0 12 1701 1688 1828 1155
1208 3 2 0 12 914 1749 1127 1216
1209 3 2 0 12 1584 1565 1830 1142
1210 3 2 0 12 1515 1142 1830 1571
1211 3 2 0 12 1663 970 1841 976
1212 3 2 0 12 1659 976 1841 972
1213 3 2 0 12 1558 1538 1841 970
1214 3 2 0 12 1493 1551 1843 1175
1215 3 2 0 12 1702 1819 1843 981
1216 3 2 0 12 1615 1175 1845 1559
1217 3 2 0 12 1697 1557 1846 1150
1218 3 2 0 12 1200 1243 1032 1839
1219 3 2 0 12 1465 1408 1849 1291
1220 3 2 0 12 1141 1855 1203 1050
1221 3 2 0 12 1002 1210 1172 1858
1222 3 2 0 12 1181 1861 1204 991
1223 3 2 0 12 1761 1248 1825 1862
1224 3 2 0 12 1606 1121 1866 1681
1225 3 2 0 12 1482 1195 1872 1426
1226 3 2 0 12 916 1872 1195 1369
1227 3 2 0 12 1006 1875 1371 1273
1228 3 2 0 12 1596 975 1876 1401
1229 3 2 0 12 1415 1401 1876 1249
1230 3 2 0 12 1164 1877 957 1422
1231 3 2 0 12 1011 1815 1878 1218
1232 3 2 0 12 1789 1259 1881 1412
1233 3 2 0 12 1667 1186 1884 1714
1234 3 2 0 12 1613 1781 1884 1186
1235 3 2 0 12 1253 1254 1886 1170
1236 3 2 0 12 205 1894 1057 204
1237 3 2 0 12 1322 1056 1896 1360
1238 3 2 0 12 925 1334 1245 1898
1239 3 2 0 12 1717 908 1900 1274
1240 3 2 0 12 1739 1339 1903 989
1241 3 2 0 12 163 164 1905 1375
1242 3 2 0 12 102 1289 1906 101
1243 3 2 0 12 1790 1246 1321 1907
1244 3 2 0 12 1658 1134 1908 1475
1245 3 2 0 12 1056 1322 1910 1348
1246 3 2 0 12 1462 1911 1825 911
1247 3 2 0 12 1624 1115 1912 1602
1248 3 2 0 12 139 140 1312 1913
1249 3 2 0 12 1046 1916 1348 932
1250 3 2 0 12 1609 1005 1919 1687
1251 3 2 0 12 1669 912 1672 1921
1252 3 2 0 12 1232 1392 1002 1924
1253 3 2 0 12 1138 1926 1339 1739
1254 3 2 0 12 1091 927 1238 1929
1255 3 2 0 12 1881 1436 1931 1015
1256 3 2 0 12 1439 1291 1932 1520
1257 3 2 0 12 1849 1458 1932 1291
1258 3 2 0 12 1051 1033 1380 1934
1259 3 2 0 12 1823 1171 1940 1746
1260 3 2 0 12 1089 1357 1941 1347
1261 3 2 0 12 1398 1943 1023 1370
1262 3 2 0 12 1356 1945 1032 928
1263 3 2 0 12 1148 1946 1233 906
1264 3 2 0 12 978 1948 1240 1562
1265 3 2 0 12 1611 1192 1949 1637
1266 3 2 0 12 991 1204 1953 1740
1267 3 2 0 12 1777 1220 1959 1197
1268 3 2 0 12 929 1203 1959 1220
1269 3 2 0 12 1606 1728 1963 1489
1270 3 2 0 12 1356 1030 1964 1354
1271 3 2 0 12 1053 933 1964 1030
1272 3 2 0 12 1273 1354 1964 1006
1273 3 2 0 12 162 1968 1210 161
1274 3 2 0 12 1825 1248 1971 911
1275 3 2 0 12 1327 1972 1306 1338
1276 3 2 0 12 1369 1654 1974 916
1277 3 2 0 12 1862 1825 1974 1274
1278 3 2 0 12 1143 1622 911 1971
1279 3 2 0 12 956 1842 1114 1832
1280 3 2 0 12 959 1655 1211 1788
1281 3 2 0 12 138 139 1913 1904
1282 3 2 0 12 93 1873 1817 92
1283 3 2 0 12 1281 999 1952 1326
1284 3 2 0 12 1264 1247 1326 1952
1285 3 2 0 12 231 232 1922 1836
1286 3 2 0 12 977 1083 1603 1266
1287 3 2 0 12 994 1942 1312 1956
1288 3 2 0 12 1125 1724 1349 1809
1289 3 2 0 12 984 1914 1353 1891
1290 3 2 0 12 954 1941 1357 1732
1291 3 2 0 12 1023 1943 1903 1339
1292 3 2 0 12 1147 1902 1314 1774
1293 3 2 0 12 1335 1189 1937 1783
1294 3 2 0 12 1313 1239 1900 1736
1295 3 2 0 12 1327 180 181 1972
1296 3 2 0 12 182 1306 1972 181
1297 3 2 0 12 1361 99 100 1756
1298 3 2 0 12 945 1059 1934 1060
1299 3 2 0 12 943 1060 1934 1380
1300 3 2 0 12 982 1217 1945 1356
1301 3 2 0 12 1371 1875 1373 1894
1302 3 2 0 12 1675 1449 1593 1106
1303 3 2 0 12 1069 1593 1449 1402
1304 3 2 0 12 1607 1469 1406 1087
1305 3 2 0 12 1165 1648 1435 1405
1306 3 2 0 12 954 1411 1407 1678
1307 3 2 0 12 1070 1480 1445 1407
1308 3 2 0 12 1063 1416 1409 1640
1309 3 2 0 12 1195 1482 1409 1695
1310 3 2 0 12 1452 1064 1569 1411
1311 3 2 0 12 1015 1416 1412 1881
1312 3 2 0 12 1175 1615 1414 1493
1313 3 2 0 12 1180 1516 1414 1631
1314 3 2 0 12 1777 1537 1521 984
1315 3 2 0 12 1407 1445 1715 1678
1316 3 2 0 12 1522 1110 1673 1481
1317 3 2 0 12 967 1481 1673 1423
1318 3 2 0 12 967 1831 1424 1460
1319 3 2 0 12 1555 1564 1446 1623
1320 3 2 0 12 1911 1462 1872 916
1321 3 2 0 12 1067 1482 1426 1619
1322 3 2 0 12 1405 1435 1668 1065
1323 3 2 0 12 1165 1542 1428 1644
1324 3 2 0 12 1092 1443 1428 1619
1325 3 2 0 12 1432 1174 1548 1442
1326 3 2 0 12 1507 1077 1847 1444
1327 3 2 0 12 1090 1527 1434 1762
1328 3 2 0 12 1597 1436 1881 1259
1329 3 2 0 12 1291 1439 1474 1465
1330 3 2 0 12 1168 1592 1439 1520
1331 3 2 0 12 1868 1131 1657 1627
1332 3 2 0 12 1932 1458 1454 952
1333 3 2 0 12 1092 1454 1458 1443
1334 3 2 0 12 1086 1623 1446 1495
1335 3 2 0 12 1963 1840 1628 1489
1336 3 2 0 12 1156 1448 1489 1628
1337 3 2 0 12 1677 1496 1675 1113
1338 3 2 0 12 954 1732 1452 1411
1339 3 2 0 12 1603 1083 1693 1485
1340 3 2 0 12 1064 1452 1485 1693
1341 3 2 0 12 1098 1453 1459 1814
1342 3 2 0 12 1132 1514 1469 1607
1343 3 2 0 12 1315 1643 1488 1471
1344 3 2 0 12 983 1491 1472 1746
1345 3 2 0 12 1132 1473 1498 1514
1346 3 2 0 12 1149 1572 1473 1671
1347 3 2 0 12 950 1543 1478 1524
1348 3 2 0 12 976 1522 1481 1663
1349 3 2 0 12 1532 1587 1704 1149
1350 3 2 0 12 1120 1797 1483 1505
1351 3 2 0 12 1522 976 1659 1525
1352 3 2 0 12 969 1483 1525 1659
1353 3 2 0 12 959 1603 1485 1655
1354 3 2 0 12 1547 1539 1753 986
1355 3 2 0 12 1198 1753 1539 1487
1356 3 2 0 12 1088 1510 1487 1504
1357 3 2 0 12 1208 1551 1493 1599
1358 3 2 0 12 1594 1145 1598 1511
1359 3 2 0 12 921 1511 1598 1495
1360 3 2 0 12 1138 1502 1496 1677
1361 3 2 0 12 1131 1660 1497 1657
1362 3 2 0 12 1074 1497 1793 1582
1363 3 2 0 12 1104 1501 1591 1810
1364 3 2 0 12 1067 1542 1503 1640
1365 3 2 0 12 1725 1859 1787 1729
1366 3 2 0 12 1136 1506 1729 1787
1367 3 2 0 12 1161 1600 1508 1676
1368 3 2 0 12 1167 1661 1508 1588
1369 3 2 0 12 1402 1820 1597 1069
1370 3 2 0 12 950 1735 1510 1543
1371 3 2 0 12 1683 1567 1821 1135
1372 3 2 0 12 1093 1821 1567 1513
1373 3 2 0 12 1169 1574 1513 1610
1374 3 2 0 12 1554 1928 1553 1140
1375 3 2 0 12 1142 1515 1553 1928
1376 3 2 0 12 1667 1192 1679 1571
1377 3 2 0 12 907 1515 1571 1679
1378 3 2 0 12 1792 1179 1692 1645
1379 3 2 0 12 1133 1516 1645 1692
1380 3 2 0 12 1093 1757 1517 1545
1381 3 2 0 12 1790 1182 1708 1738
1382 3 2 0 12 907 1517 1738 1708
1383 3 2 0 12 923 1572 1518 1614
1384 3 2 0 12 1129 1765 1518 1704
1385 3 2 0 12 1823 1153 1526 2028
1386 3 2 0 12 984 1521 1647 1914
1387 3 2 0 12 1111 1110 1522 1525
1388 3 2 0 12 1190 1781 1524 1582
1389 3 2 0 12 1822 1144 1853 1653
1390 3 2 0 12 1123 1528 1653 1853
1391 3 2 0 12 990 1528 1621 1205
1392 3 2 0 12 1959 1203 1855 1578
1393 3 2 0 12 1141 1530 1578 1855
1394 3 2 0 12 1115 1670 1531 1912
1395 3 2 0 12 1214 1863 1587 1532
1396 3 2 0 12 1473 1132 1563 1671
1397 3 2 0 12 1149 1671 1563 1532
1398 3 2 0 12 915 1618 1533 1540
1399 3 2 0 12 1888 1860 1573 1550
1400 3 2 0 12 1107 1533 1573 1860
1401 3 2 0 12 1715 1629 1770 1678
1402 3 2 0 12 1314 1536 1770 1629
1403 3 2 0 12 1197 1733 1537 1777
1404 3 2 0 12 1563 1132 1607 1547
1405 3 2 0 12 1087 1539 1547 1607
1406 3 2 0 12 1528 1123 1630 1621
1407 3 2 0 12 1584 1554 1753 1198
1408 3 2 0 12 960 1661 1544 1631
1409 3 2 0 12 1150 1763 1544 1697
1410 3 2 0 12 1192 1611 1545 1679
1411 3 2 0 12 990 1205 1546 1634
1412 3 2 0 12 1532 1563 1798 1214
1413 3 2 0 12 986 1798 1563 1547
1414 3 2 0 12 1263 1721 1548 1698
1415 3 2 0 12 1084 1592 1883 1549
1416 3 2 0 12 912 1550 1573 1616
1417 3 2 0 12 981 1843 1551 1580
1418 3 2 0 12 1142 1928 1554 1584
1419 3 2 0 12 990 1634 1555 1662
1420 3 2 0 12 1069 1564 1555 1593
1421 3 2 0 12 1167 1730 1557 1697
1422 3 2 0 12 960 1615 1559 1676
1423 3 2 0 12 1144 1822 1559 1845
1424 3 2 0 12 1122 1626 1561 1950
1425 3 2 0 12 1183 1785 1758 1562
1426 3 2 0 12 1186 1830 1565 1613
1427 3 2 0 12 1198 1735 1565 1584
1428 3 2 0 12 1256 1191 1639 1686
1429 3 2 0 12 1079 1568 1686 1639
1430 3 2 0 12 1186 1667 1571 1830
1431 3 2 0 12 1155 1757 1574 1701
1432 3 2 0 12 990 1662 1576 1684
1433 3 2 0 12 1086 1600 1576 1623
1434 3 2 0 12 1557 1730 1795 988
1435 3 2 0 12 1145 1795 1730 1577
1436 3 2 0 12 1495 1598 1588 1086
1437 3 2 0 12 1145 1577 1588 1598
1438 3 2 0 12 1733 1197 1959 1595
1439 3 2 0 12 949 1595 1959 1578
1440 3 2 0 12 1108 1604 1594 1668
1441 3 2 0 12 1276 1705 1601 1713
1442 3 2 0 12 1078 1618 1601 1707
1443 3 2 0 12 1531 1130 1633 1912
1444 3 2 0 12 912 1608 1718 1672
1445 3 2 0 12 1573 1078 1664 1616
1446 3 2 0 12 912 1616 1664 1608
1447 3 2 0 12 1254 1871 1609 1886
1448 3 2 0 12 1785 1219 1743 1758
1449 3 2 0 12 1169 1610 1758 1743
1450 3 2 0 12 232 233 1800 1922
1451 3 2 0 12 1135 1821 1611 1637
1452 3 2 0 12 1530 1141 1719 1711
1453 3 2 0 12 1683 1135 1716 1838
1454 3 2 0 12 1115 1624 1652 1722
1455 3 2 0 12 1112 1767 1626 1939
1456 3 2 0 12 1861 1868 1665 1204
1457 3 2 0 12 985 1665 1868 1627
1458 3 2 0 12 1638 1224 1700 1840
1459 3 2 0 12 1156 1628 1840 1700
1460 3 2 0 12 1199 1630 1835 1801
1461 3 2 0 12 1078 1707 1632 1664
1462 3 2 0 12 1135 1637 1949 1716
1463 3 2 0 12 1185 1765 1638 1794
1464 3 2 0 12 977 1641 1674 1083
1465 3 2 0 12 979 1792 1645 1768
1466 3 2 0 12 1582 1793 1833 1190
1467 3 2 0 12 924 1646 1833 1793
1468 3 2 0 12 1204 1665 1649 1953
1469 3 2 0 12 1263 1917 1649 1721
1470 3 2 0 12 1161 1822 1653 1684
1471 3 2 0 12 1274 1974 1654 1717
1472 3 2 0 12 1185 1728 1856 1658
1473 3 2 0 12 1716 1949 1714 1001
1474 3 2 0 12 1192 1667 1714 1949
1475 3 2 0 12 1252 1696 1669 1921
1476 3 2 0 12 1252 1921 1672 1745
1477 3 2 0 12 1626 1122 1791 1939
1478 3 2 0 12 1536 1347 1941 1770
1479 3 2 0 12 954 1678 1770 1941
1480 3 2 0 12 994 1681 1866 1942
1481 3 2 0 12 1257 1687 1919 1927
1482 3 2 0 12 959 1788 1828 1688
1483 3 2 0 12 1574 1169 1727 1701
1484 3 2 0 12 959 1688 1701 1727
1485 3 2 0 12 1606 1681 1856 1728
1486 3 2 0 12 1463 1236 1772 1931
1487 3 2 0 12 1015 1931 1772 1695
1488 3 2 0 12 1845 1819 1853 1144
1489 3 2 0 12 1123 1853 1819 1702
1490 3 2 0 12 915 1947 1808 1713
1491 3 2 0 12 1638 1840 1963 1794
1492 3 2 0 12 1185 1794 1963 1728
1493 3 2 0 12 1005 1731 1908 1134
1494 3 2 0 12 1788 1246 1790 1828
1495 3 2 0 12 1155 1828 1790 1738
1496 3 2 0 12 1005 1134 1804 1919
1497 3 2 0 12 1472 1153 1823 1746
1498 3 2 0 12 174 1806 1970 173
1499 3 2 0 12 1274 1900 1761 1862
1500 3 2 0 12 1190 1833 1884 1781
1501 3 2 0 12 1175 1843 1819 1845
1502 3 2 0 12 916 1974 1825 1911
1503 3 2 0 12 1107 1860 1888 1935
1504 3 2 0 12 1131 1868 1861 1923
1505 3 2 0 12 1620 1754 1157 1160
1506 3 2 0 12 207 208 1747 1359
1507 3 2 0 12 208 209 1760 1747
1508 3 2 0 12 973 974 1786 1918
1509 3 2 0 12 1245 1193 1137 1898
1510 3 2 0 12 1096 1424 1541 1818
1511 3 2 0 12 1831 1305 1541 1424
1512 3 2 0 12 1300 1461 1552 964
1513 3 2 0 12 914 918 1523 1749
1514 3 2 0 12 1787 1859 1202 1188
1515 3 2 0 12 1062 918 1880 1561
1516 3 2 0 12 1950 1561 1880 1152
1517 3 2 0 12 1215 1802 1708 1182
1518 3 2 0 12 1331 907 1708 1802
1519 3 2 0 12 1802 1925 1864 1331
1520 3 2 0 12 1140 1864 1173 1154
1521 3 2 0 12 1209 1173 1864 1925
1522 3 2 0 12 1367 1267 1930 1003
1523 3 2 0 12 999 1281 1003 1930
1524 3 2 0 12 926 1706 1930 1267
1525 3 2 0 12 1308 1754 1620 1651
1526 3 2 0 12 168 1457 1636 167
1527 3 2 0 12 1242 919 1284 1759
1528 3 2 0 12 910 1759 1705 1276
1529 3 2 0 12 1601 1705 1759 1284
1530 3 2 0 12 94 1889 1873 93
1531 3 2 0 12 962 1194 1726 1159
1532 3 2 0 12 980 1568 1625 1726
1533 3 2 0 12 992 1938 1924 1294
1534 3 2 0 12 1194 962 1813 963
1535 3 2 0 12 1548 1174 1936 1698
1536 3 2 0 12 169 1936 1457 168
1537 3 2 0 12 1174 1432 1457 1936
1538 3 2 0 12 1710 1287 1579 917
1539 3 2 0 12 1111 1579 1287 1586
1540 3 2 0 12 1583 1315 968 1852
1541 3 2 0 12 1322 1250 1232 1910
1542 3 2 0 12 1924 1938 1910 1232
1543 3 2 0 12 932 1348 1910 1269
1544 3 2 0 12 1151 1696 1252 1865
1545 3 2 0 12 952 1454 1114 1842
1546 3 2 0 12 230 231 1836 1885
1547 3 2 0 12 1932 952 1937 1520
1548 3 2 0 12 1189 1168 1520 1937
1549 3 2 0 12 1488 1643 1754 1308
1550 3 2 0 12 1315 1583 1635 1643
1551 3 2 0 12 1157 1754 1643 1635
1552 3 2 0 12 1194 1164 1570 1726
1553 3 2 0 12 980 1726 1570 1512
1554 3 2 0 12 1244 988 1795 1869
1555 3 2 0 12 1108 1869 1795 1604
1556 3 2 0 12 1904 1529 137 138
1557 3 2 0 12 209 210 1882 1760
1558 3 2 0 12 1785 1183 1760 1612
1559 3 2 0 12 1268 1750 1846 1690
1560 3 2 0 12 998 1893 1871 1254
1561 3 2 0 12 1109 1712 1857 1166
1562 3 2 0 12 1902 1139 1166 1857
1563 3 2 0 12 1947 915 1540 1682
1564 3 2 0 12 1540 1125 1126 1682
1565 3 2 0 12 1160 1118 1509 1620
1566 3 2 0 12 1630 1123 1702 1835
1567 3 2 0 12 981 993 1835 1702
1568 3 2 0 12 1244 1869 1719 925
1569 3 2 0 12 1108 1711 1719 1869
1570 3 2 0 12 1696 1151 1642 1128
1571 3 2 0 12 984 1891 1220 1777
1572 3 2 0 12 1353 1251 1220 1891
1573 3 2 0 12 1230 962 1159 1824
1574 3 2 0 12 912 1669 1124 1550
1575 3 2 0 12 1696 1128 1124 1669
1576 3 2 0 12 1690 1846 1909 1137
1577 3 2 0 12 988 1909 1846 1557
1578 3 2 0 12 1122 1950 955 1755
1579 3 2 0 12 975 1689 1249 1876
1580 3 2 0 12 1809 1349 1874 958
1581 3 2 0 12 1690 987 1769 1268
1582 3 2 0 12 1231 1813 1973 905
1583 3 2 0 12 1865 1229 1973 1151
1584 3 2 0 12 1964 933 1058 1006
1585 3 2 0 12 1042 1057 1058 938
1586 3 2 0 12 1875 1006 1058 1373
1587 3 2 0 12 1057 1894 1373 1058
1588 3 2 0 12 988 1244 925 1909
1589 3 2 0 12 925 1898 1137 1909
1590 3 2 0 12 1210 1968 1784 1172
1591 3 2 0 12 162 163 1375 1968
1592 3 2 0 12 964 1766 1158 1162
1593 3 2 0 12 1158 1766 1305 1867
1594 3 2 0 12 1686 1723 1196 1256
1595 3 2 0 12 980 1512 1764 1723
1596 3 2 0 12 996 1225 1965 1181
1597 3 2 0 12 1861 1181 1965 1923
1598 3 2 0 12 1131 1923 1965 1660
1599 3 2 0 12 1827 1212 1805 1237
1600 3 2 0 12 1239 1313 1805 1212
1601 3 2 0 12 1043 1299 1805 1313
1602 3 2 0 12 1943 1398 1895 1903
1603 3 2 0 12 1206 1685 1903 1895
1604 3 2 0 12 1125 1107 1935 1724
1605 3 2 0 12 1774 957 1877 1231
1606 3 2 0 12 1813 1231 1877 963
1607 3 2 0 12 1194 963 1877 1164
1608 3 2 0 12 1918 1786 1115 1722
1609 3 2 0 12 956 1832 1176 1280
1610 3 2 0 12 1114 1143 1176 1832
1611 3 2 0 12 1903 1685 1892 989
1612 3 2 0 12 1076 1892 1685 1589
1613 3 2 0 12 1924 1002 1858 1294
1614 3 2 0 12 1294 1858 1940 1171
1615 3 2 0 12 1726 1625 1824 1159
1616 3 2 0 12 1117 1130 1531 1560
1617 3 2 0 12 1228 997 1812 1240
1618 3 2 0 12 1359 1747 1812 997
1619 3 2 0 12 1760 1183 1812 1747
1620 3 2 0 12 967 1460 1558 970
1621 3 2 0 12 1124 1776 1888 1550
1622 3 2 0 12 1117 1954 1633 1130
1623 3 2 0 12 1658 1856 1804 1134
1624 3 2 0 12 994 1804 1856 1681
1625 3 2 0 12 1835 993 1000 1801
1626 3 2 0 12 1706 1199 1801 1930
1627 3 2 0 12 1000 999 1930 1801
1628 3 2 0 12 920 1899 1772 1236
1629 3 2 0 12 968 1249 1689 1852
1630 3 2 0 12 1847 1077 1236 1463
1631 3 2 0 12 1713 1808 1237 1276
1632 3 2 0 12 1237 1808 1038 1827
1633 3 2 0 12 1778 1887 1958 1234
1634 3 2 0 12 1311 1906 1289 1020
1635 3 2 0 12 1001 1839 1838 1716
1636 3 2 0 12 1907 1321 1755 955
1637 3 2 0 12 1122 1755 953 1791
1638 3 2 0 12 1143 1114 1737 1622
1639 3 2 0 12 1306 1391 1318 1338
1640 3 2 0 12 937 940 946 1388
1641 3 2 0 12 1329 1549 1883 1213
1642 3 2 0 12 961 1213 1883 1189
1643 3 2 0 12 1592 1168 1189 1883
1644 3 2 0 12 1001 1714 1884 1960
1645 3 2 0 12 1240 1948 1683 1217
1646 3 2 0 12 978 1567 1683 1948
1647 3 2 0 12 1020 939 1363 1311
1648 3 2 0 12 1368 1278 1311 1363
1649 3 2 0 12 1367 1368 1363 1355
1650 3 2 0 12 1535 1829 1216 1127
1651 3 2 0 12 979 1844 1221 1792
1652 3 2 0 12 1268 979 1768 1750
1653 3 2 0 12 1846 1750 1763 1150
1654 3 2 0 12 1180 1763 1750 1768
1655 3 2 0 12 1177 1581 1807 1709
1656 3 2 0 12 1140 1553 1331 1864
1657 3 2 0 12 1751 1966 927 1091
1658 3 2 0 12 1652 1624 1899 920
1659 3 2 0 12 1772 1899 1201 1369
1660 3 2 0 12 1201 1899 1624 1602
1661 3 2 0 12 1827 1834 1239 1212
1662 3 2 0 12 1900 1239 1834 1761
1663 3 2 0 12 999 1000 1850 1952
1664 3 2 0 12 1609 1871 1731 1005
1665 3 2 0 12 1178 1731 1871 1893
1666 3 2 0 12 1154 1575 1554 1140
1667 3 2 0 12 986 1753 1554 1575
1668 3 2 0 12 1129 1775 966 1224
1669 3 2 0 12 966 1775 1829 1535
1670 3 2 0 12 211 212 1184 1811
1671 3 2 0 12 210 211 1811 1882
1672 3 2 0 12 1509 1118 1680 1120
1673 3 2 0 12 1660 1965 1646 924
1674 3 2 0 12 1225 1255 1646 1965
1675 3 2 0 12 1126 1771 1947 1682
1676 3 2 0 12 1968 1375 983 1784
1677 3 2 0 12 1858 1172 1784 1940
1678 3 2 0 12 983 1746 1940 1784
1679 3 2 0 12 922 1767 1112 1590
1680 3 2 0 12 1282 1397 1332 1307
1681 3 2 0 12 1327 1338 1332 1397
1682 3 2 0 12 1641 977 1219 1780
1683 3 2 0 12 1219 1785 1612 1780
1684 3 2 0 12 1771 1126 1946 1148
1685 3 2 0 12 1125 1809 1946 1126
1686 3 2 0 12 1233 1946 1809 958
1687 3 2 0 12 1023 1339 1926 1055
1688 3 2 0 12 202 1379 1346 201
1689 3 2 0 12 1089 1748 1791 953
1690 3 2 0 12 1112 1939 1791 1748
1691 3 2 0 12 1219 977 1266 1743
1692 3 2 0 12 1169 1743 1266 1727
1693 3 2 0 12 1202 1859 1329 1213
1694 3 2 0 12 1375 1905 1491 983
1695 3 2 0 12 946 1044 1336 1388
1696 3 2 0 12 937 1388 1376 1328
1697 3 2 0 12 1325 1376 1388 1336
1698 3 2 0 12 926 1205 1621 1706
1699 3 2 0 12 1199 1706 1621 1630
1700 3 2 0 12 1218 1207 1844 1769
1701 3 2 0 12 979 1268 1769 1844
1702 3 2 0 12 233 234 1222 1800
1703 3 2 0 12 235 1901 1222 234
1704 3 2 0 12 167 1636 1691 166
1705 3 2 0 12 1385 81 82 1815
1706 3 2 0 12 83 1878 1815 82
1707 3 2 0 12 1256 1196 220 221
1708 3 2 0 12 1248 1761 1834 1039
1709 3 2 0 12 1263 171 172 1917
1710 3 2 0 12 173 1970 1917 172
1711 3 2 0 12 241 1969 1978 240
1712 3 2 0 12 919 1242 1982 1585
1713 3 2 0 12 1213 961 1989 1202
1714 3 2 0 12 114 1994 1988 113
1715 3 2 0 12 1810 1591 2003 1177
1716 3 2 0 12 1957 2003 1591 1302
1717 3 2 0 12 1063 1451 1412 1416
1718 3 2 0 12 1977 1984 2004 1519
1719 3 2 0 12 1088 1404 2015 1440
1720 3 2 0 12 1460 2017 1101 1558
1721 3 2 0 12 1424 1096 2017 1460
1722 3 2 0 12 1531 2020 1300 1560
1723 3 2 0 12 917 1579 2021 1241
1724 3 2 0 12 1120 1680 2021 1797
1725 3 2 0 12 1111 1797 2021 1579
1726 3 2 0 12 1512 1080 2022 1764
1727 3 2 0 12 1038 1771 1148 2026
1728 3 2 0 12 1469 1403 2027 1406
1729 3 2 0 12 1866 1121 2029 1529
1730 3 2 0 12 1080 1480 2030 2022
1731 3 2 0 12 1979 1456 2022 2030
1732 3 2 0 12 225 226 1998 2033
1733 3 2 0 12 1368 1235 2036 1278
1734 3 2 0 12 1326 1955 2036 1235
1735 3 2 0 12 1085 2196 1401 1415
1736 3 2 0 12 1081 2041 1741 1072
1737 3 2 0 12 1693 1450 2043 1064
1738 3 2 0 12 2012 1479 2045 1976
1739 3 2 0 12 133 134 1976 2045
1740 3 2 0 12 127 1499 2046 126
1741 3 2 0 12 125 2047 1500 124
1742 3 2 0 12 1143 1971 2050 1176
1743 3 2 0 12 1248 1039 2050 1971
1744 3 2 0 12 1156 1700 2051 1596
1745 3 2 0 12 1224 966 2051 1700
1746 3 2 0 12 975 1596 2051 1344
1747 3 2 0 12 1071 1951 2052 1072
1748 3 2 0 12 1076 1438 2054 1892
1749 3 2 0 12 989 1892 2054 1187
1750 3 2 0 12 2050 1039 2057 1920
1751 3 2 0 12 1378 1320 2058 1009
1752 3 2 0 12 1060 2058 1320 945
1753 3 2 0 12 943 1009 2058 1060
1754 3 2 0 12 124 1500 2062 123
1755 3 2 0 12 1787 1188 2063 1136
1756 3 2 0 12 1847 1463 2064 1082
1757 3 2 0 12 1931 1436 2064 1463
1758 3 2 0 12 1124 2014 2065 1776
1759 3 2 0 12 1826 1776 2065 1951
1760 3 2 0 12 1893 1227 2067 1178
1761 3 2 0 12 1723 1764 2069 1196
1762 3 2 0 12 1647 2053 1969 2072
1763 3 2 0 12 229 230 1885 2074
1764 3 2 0 12 1115 1786 2076 1670
1765 3 2 0 12 974 1352 2076 1786
1766 3 2 0 12 1455 1879 1081 2077
1767 3 2 0 12 1859 1725 2080 1329
1768 3 2 0 12 1480 1080 2082 1445
1769 3 2 0 12 1164 1422 2082 1570
1770 3 2 0 12 1715 1445 2082 1422
1771 3 2 0 12 1512 1570 2082 1080
1772 3 2 0 12 1302 909 2085 1957
1773 3 2 0 12 1901 1486 2086 1222
1774 3 2 0 12 1084 1549 2086 1486
1775 3 2 0 12 1992 2090 1465 1474
1776 3 2 0 12 2037 1484 2093 1985
1777 3 2 0 12 1767 922 2094 1062
1778 3 2 0 12 1104 1523 2094 1501
1779 3 2 0 12 918 1062 2094 1523
1780 3 2 0 12 1502 951 2095 1496
1781 3 2 0 12 1675 1496 2095 1449
1782 3 2 0 12 1116 1742 2098 1299
1783 3 2 0 12 1165 1644 2099 1429
1784 3 2 0 12 1296 1223 2100 998
1785 3 2 0 12 1893 998 2100 1227
1786 3 2 0 12 911 1622 2101 1462
1787 3 2 0 12 1872 1462 2101 1426
1788 3 2 0 12 1737 1092 2101 1622
1789 3 2 0 12 1152 2102 955 1950
1790 3 2 0 12 143 1890 2104 142
1791 3 2 0 12 975 1344 2107 1094
1792 3 2 0 12 1935 1666 2109 1724
1793 3 2 0 12 906 1280 1176 2113
1794 3 2 0 12 1148 906 2113 1920
1795 3 2 0 12 1082 2114 1431 1847
1796 3 2 0 12 1221 1844 1207 2116
1797 3 2 0 12 1455 1079 2118 1879
1798 3 2 0 12 1203 929 2120 1050
1799 3 2 0 12 1316 2120 929 1261
1800 3 2 0 12 1330 1050 2120 1316
1801 3 2 0 12 1074 1478 2121 1437
1802 3 2 0 12 1088 1440 2121 1478
1803 3 2 0 12 1448 2124 2029 1121
1804 3 2 0 12 927 1309 2127 1238
1805 3 2 0 12 932 1269 2127 1309
1806 3 2 0 12 1166 913 2128 1109
1807 3 2 0 12 1112 1109 2128 1590
1808 3 2 0 12 1275 1303 2128 913
1809 3 2 0 12 951 1419 2132 1703
1810 3 2 0 12 1625 1455 2133 1824
1811 3 2 0 12 1415 1249 968 2135
1812 3 2 0 12 92 1817 2136 91
1813 3 2 0 12 986 1575 2138 1798
1814 3 2 0 12 1594 1511 2139 1494
1815 3 2 0 12 1773 1494 2139 1451
1816 3 2 0 12 1109 1112 1748 1712
1817 3 2 0 12 1004 1345 2140 1265
1818 3 2 0 12 2196 1085 2141 2124
1819 3 2 0 12 962 1230 2142 1813
1820 3 2 0 12 1459 1095 2144 1814
1821 3 2 0 12 1541 1102 2152 1818
1822 3 2 0 12 1127 1749 2153 1535
1823 3 2 0 12 1523 1104 2153 1749
1824 3 2 0 12 2134 1464 2155 1075
1825 3 2 0 12 1521 1537 2155 1421
1826 3 2 0 12 1733 1075 2155 1537
1827 3 2 0 12 1105 1987 2159 1100
1828 3 2 0 12 1648 949 2162 1435
1829 3 2 0 12 1711 1427 2162 1530
1830 3 2 0 12 1668 1435 2162 1427
1831 3 2 0 12 1578 1530 2162 949
1832 3 2 0 12 1952 1850 2164 1264
1833 3 2 0 12 1900 908 2150 1736
1834 3 2 0 12 1954 1286 1736 2150
1835 3 2 0 12 1740 2096 1293 991
1836 3 2 0 12 1283 1293 2096 1298
1837 3 2 0 12 1848 2167 914 1216
1838 3 2 0 12 1889 94 95 2164
1839 3 2 0 12 96 1264 2164 95
1840 3 2 0 12 1179 1792 1221 2066
1841 3 2 0 12 1317 159 160 2166
1842 3 2 0 12 1076 1589 1400 2154
1843 3 2 0 12 1066 1983 1418 2016
1844 3 2 0 12 1187 2054 1419 1699
1845 3 2 0 12 224 225 2033 2049
1846 3 2 0 12 1092 1619 1426 2101
1847 3 2 0 12 1079 1639 1433 2118
1848 3 2 0 12 973 1507 1444 2079
1849 3 2 0 12 115 2000 1994 114
1850 3 2 0 12 1511 921 1789 2139
1851 3 2 0 12 1412 1451 2139 1789
1852 3 2 0 12 1443 1458 1849 2105
1853 3 2 0 12 120 2019 1993 119
1854 3 2 0 12 2001 1993 2019 1466
1855 3 2 0 12 1694 1099 2068 2117
1856 3 2 0 12 2001 1466 2117 2068
1857 3 2 0 12 132 2009 2006 131
1858 3 2 0 12 130 2042 1990 129
1859 3 2 0 12 1996 1990 2042 1467
1860 3 2 0 12 1491 2078 2088 1472
1861 3 2 0 12 132 133 2045 2009
1862 3 2 0 12 1980 2009 2045 1479
1863 3 2 0 12 1097 1980 1479 2012
1864 3 2 0 12 122 1997 2037 121
1865 3 2 0 12 2002 1484 2037 1997
1866 3 2 0 12 1102 2093 1484 2152
1867 3 2 0 12 126 2046 2047 125
1868 3 2 0 12 1101 1986 1987 1105
1869 3 2 0 12 1597 1820 2064 1436
1870 3 2 0 12 117 1991 2034 116
1871 3 2 0 12 2011 1534 2034 1991
1872 3 2 0 12 2011 2081 2040 1534
1873 3 2 0 12 1810 2157 2153 1104
1874 3 2 0 12 1456 2069 1764 2022
1875 3 2 0 12 1597 1259 2158 1425
1876 3 2 0 12 921 2158 1259 1789
1877 3 2 0 12 1039 1834 1827 2057
1878 3 2 0 12 1271 2125 2092 926
1879 3 2 0 12 1176 2050 1920 2113
1880 3 2 0 12 2119 1043 1286 2013
1881 3 2 0 12 1117 2013 1286 1954
1882 3 2 0 12 85 1221 2116 84
1883 3 2 0 12 1229 2145 905 1973
1884 3 2 0 12 1298 2096 1258 1961
1885 3 2 0 12 1420 2106 1464 2134
1886 3 2 0 12 1848 1863 1214 2048
1887 3 2 0 12 1817 1720 1208 2136
1888 3 2 0 12 1413 1741 2041 2073
1889 3 2 0 12 2159 1987 2046 1499
1890 3 2 0 12 2156 1500 2047 1986
1891 3 2 0 12 1124 1128 1642 2014
1892 3 2 0 12 111 2115 1019 110
1893 3 2 0 12 1398 1019 2115 1895
1894 3 2 0 12 1756 1278 2036 1361
1895 3 2 0 12 142 2104 1257 5
1896 3 2 0 12 1687 1257 2104 1803
1897 3 2 0 12 1656 1434 2055 2148
1898 3 2 0 12 1177 2003 1957 1581
1899 3 2 0 12 1827 1038 2026 2057
1900 3 2 0 12 1148 1920 2057 2026
1901 3 2 0 12 1202 1989 1874 1188
1902 3 2 0 12 2137 1027 2067 1967
1903 3 2 0 12 1089 1347 1712 1748
1904 3 2 0 12 1529 2029 1984 1977
1905 3 2 0 12 1969 2053 2008 1978
1906 3 2 0 12 1066 1999 2097 1983
1907 3 2 0 12 131 2006 2042 130
1908 3 2 0 12 116 2034 2000 115
1909 3 2 0 12 1085 2004 1984 2141
1910 3 2 0 12 121 2037 2019 120
1911 3 2 0 12 1466 2019 2037 1985
1912 3 2 0 12 1102 1694 2117 2093
1913 3 2 0 12 1466 1985 2093 2117
1914 3 2 0 12 1447 1995 1988 1994
1915 3 2 0 12 1988 1995 2154 1400
1916 3 2 0 12 1410 2011 1991 2018
1917 3 2 0 12 1073 2090 1992 1417
1918 3 2 0 12 1066 1440 2015 1999
1919 3 2 0 12 1410 2001 2068 2070
1920 3 2 0 12 1096 1818 2152 2089
1921 3 2 0 12 1484 2002 2089 2152
1922 3 2 0 12 1957 2085 2147 1581
1923 3 2 0 12 2059 2027 2010 965
1924 3 2 0 12 1403 2007 2010 2027
1925 3 2 0 12 1073 1417 2008 2112
1926 3 2 0 12 1762 2081 2011 2122
1927 3 2 0 12 2121 2016 1430 1437
1928 3 2 0 12 1066 2016 2121 1440
1929 3 2 0 12 1847 1431 2079 1444
1930 3 2 0 12 1703 1431 2114 2044
1931 3 2 0 12 1564 1425 2158 1446
1932 3 2 0 12 113 1988 2151 112
1933 3 2 0 12 1206 2151 1988 1400
1934 3 2 0 12 1829 2087 1848 1216
1935 3 2 0 12 2064 1820 2114 1082
1936 3 2 0 12 2044 2114 1820 1402
1937 3 2 0 12 2041 1081 1879 2165
1938 3 2 0 12 1879 2118 1433 2165
1939 3 2 0 12 1762 2122 2070 1090
1940 3 2 0 12 2011 1410 2070 2122
1941 3 2 0 12 1490 1136 2063 1617
1942 3 2 0 12 1188 1874 1349 2063
1943 3 2 0 12 1617 2063 1349 2023
1944 3 2 0 12 1742 1116 2110 1119
1945 3 2 0 12 1117 1560 1162 2013
1946 3 2 0 12 1043 2119 1116 1299
1947 3 2 0 12 1116 2119 1158 2110
1948 3 2 0 12 1703 2044 2095 951
1949 3 2 0 12 1402 1449 2095 2044
1950 3 2 0 12 1796 2129 1234 1958
1951 3 2 0 12 101 1906 1756 100
1952 3 2 0 12 1311 1278 1756 1906
1953 3 2 0 12 219 220 1196 2069
1954 3 2 0 12 2049 2160 223 224
1955 3 2 0 12 222 223 2160 1191
1956 3 2 0 12 1639 1191 2160 1433
1957 3 2 0 12 2008 1417 2108 1978
1958 3 2 0 12 1992 1981 2108 1417
1959 3 2 0 12 123 2062 1997 122
1960 3 2 0 12 1470 2002 1997 2062
1961 3 2 0 12 1499 127 128 2056
1962 3 2 0 12 129 1990 2056 128
1963 3 2 0 12 1468 2056 1990 1996
1964 3 2 0 12 1991 117 118 2018
1965 3 2 0 12 119 1993 2018 118
1966 3 2 0 12 1410 2018 1993 2001
1967 3 2 0 12 1636 1457 1432 2032
1968 3 2 0 12 1442 1418 2032 1432
1969 3 2 0 12 1983 2088 2032 1418
1970 3 2 0 12 1233 1989 961 1394
1971 3 2 0 12 1874 1989 1233 958
1972 3 2 0 12 1241 2025 1285 917
1973 3 2 0 12 1608 1285 2025 1718
1974 3 2 0 12 1644 1428 1443 2105
1975 3 2 0 12 1910 1938 2127 1269
1976 3 2 0 12 1938 992 1238 2127
1977 3 2 0 12 1264 96 97 1247
1978 3 2 0 12 926 2092 1546 1205
1979 3 2 0 12 1546 2092 1113 1675
1980 3 2 0 12 1221 85 86 2066
1981 3 2 0 12 921 1495 1446 2158
1982 3 2 0 12 1848 2048 1209 2167
1983 3 2 0 12 1349 1724 2109 2023
1984 3 2 0 12 1617 2023 2109 1566
1985 3 2 0 12 170 1698 1936 169
1986 3 2 0 12 1177 1709 2157 1810
1987 3 2 0 12 1762 1434 1656 2081
1988 3 2 0 12 2039 2040 2081 1656
1989 3 2 0 12 1759 910 2098 1242
1990 3 2 0 12 1805 1299 2098 910
1991 3 2 0 12 1742 1982 1242 2098
1992 3 2 0 12 1529 1904 1942 1866
1993 3 2 0 12 1312 1942 1904 1913
1994 3 2 0 12 2084 1666 1935 1826
1995 3 2 0 12 1776 1826 1935 1888
1996 3 2 0 12 2099 1420 2134 1429
1997 3 2 0 12 1587 1863 1848 2087
1998 3 2 0 12 244 1374 2035 243
1999 3 2 0 12 1813 2142 1151 1973
2000 3 2 0 12 1151 2142 1230 1642
2001 3 2 0 12 1507 1722 1652 1077
2002 3 2 0 12 973 1918 1722 1507
2003 3 2 0 12 2112 1464 2106 1073
2004 3 2 0 12 1420 1408 1465 2106
2005 3 2 0 12 1073 2106 1465 2090
2006 3 2 0 12 2051 966 2107 1344
2007 3 2 0 12 966 1535 2153 2107
2008 3 2 0 12 1967 1966 1751 2137
2009 3 2 0 12 2103 1068 2137 1751
2010 3 2 0 12 1808 1947 1771 1038
2011 3 2 0 12 1464 2112 1421 2155
2012 3 2 0 12 1529 1977 136 137
2013 3 2 0 12 135 136 1977 1519
2014 3 2 0 12 1418 1442 1430 2016
2015 3 2 0 12 1986 1101 2017 2156
2016 3 2 0 12 2062 1500 2156 1470
2017 3 2 0 12 2002 1470 2156 2089
2018 3 2 0 12 2017 1096 2089 2156
2019 3 2 0 12 134 135 1519 1976
2020 3 2 0 12 1642 1230 1824 2014
2021 3 2 0 12 968 1315 1471 2143
2022 3 2 0 12 2056 1468 2159 1499
2023 3 2 0 12 1996 2144 2159 1468
2024 3 2 0 12 1100 2159 2144 1095
2025 3 2 0 12 1687 1803 1886 1609
2026 3 2 0 12 2104 1890 1886 1803
2027 3 2 0 12 1902 1857 1536 1314
2028 3 2 0 12 1536 1857 1712 1347
2029 3 2 0 12 1683 1838 1945 1217
2030 3 2 0 12 1032 1945 1838 1839
2031 3 2 0 12 1956 1919 1804 994
2032 3 2 0 12 1345 1944 144 145
2033 3 2 0 12 143 144 1944 1890
2034 3 2 0 12 1345 1004 1170 1944
2035 3 2 0 12 1886 1890 1944 1170
2036 3 2 0 12 1270 1342 1377 1324
2037 3 2 0 12 216 217 1979 1605
2038 3 2 0 12 80 1799 1837 79
2039 3 2 0 12 1385 1301 1021 1799
2040 3 2 0 12 1324 1837 1799 1021
2041 3 2 0 12 1226 1229 1865 1389
2042 3 2 0 12 1745 1778 1865 1252
2043 3 2 0 12 1265 2140 1851 1008
2044 3 2 0 12 1008 1851 1304 1337
2045 3 2 0 12 1962 1851 2140 1366
2046 3 2 0 12 1526 965 2010 2028
2047 3 2 0 12 1328 1376 1933 1288
2048 3 2 0 12 1852 971 1807 1870
2049 3 2 0 12 1635 1583 1852 1870
2050 3 2 0 12 1649 1917 1970 1953
2051 3 2 0 12 1865 1778 1234 1389
2052 3 2 0 12 1023 1055 1355 1381
2053 3 2 0 12 1363 939 1381 1355
2054 3 2 0 12 1271 1367 1355 1055
2055 3 2 0 12 1585 2130 1284 919
2056 3 2 0 12 1586 1287 1710 2130
2057 3 2 0 12 1284 2130 1710 1632
2058 3 2 0 12 1090 1461 2031 1527
2059 3 2 0 12 1461 1300 2020 2031
2060 3 2 0 12 1160 1157 2147 2131
2061 3 2 0 12 1807 1581 2147 1870
2062 3 2 0 12 1157 1635 1870 2147
2063 3 2 0 12 1223 1277 1916 1046
2064 3 2 0 12 1348 1916 1337 1056
2065 3 2 0 12 1008 1337 1916 1277
2066 3 2 0 12 2102 1215 1907 955
2067 3 2 0 12 1790 1907 1215 1182
2068 3 2 0 12 1842 1783 1937 952
2069 3 2 0 12 1335 1783 1842 956
2070 3 2 0 12 2065 2133 2052 1951
2071 3 2 0 12 1056 1337 1304 1896
2072 3 2 0 12 1360 1896 1016 937
2073 3 2 0 12 1760 1882 1780 1612
2074 3 2 0 12 1641 1780 1882 1811
2075 3 2 0 12 1001 1960 1200 1839
2076 3 2 0 12 992 1163 1929 1238
2077 3 2 0 12 965 1526 2061 2091
2078 3 2 0 12 1085 1477 2012 2004
2079 3 2 0 12 1519 2004 2012 1976
2080 3 2 0 12 2067 1227 1915 1967
2081 3 2 0 12 1223 1915 1227 2100
2082 3 2 0 12 1146 1752 1321 1211
2083 3 2 0 12 1755 1321 1752 953
2084 3 2 0 12 1089 953 1752 1357
2085 3 2 0 12 1303 2071 1590 2128
2086 3 2 0 12 240 1978 2108 239
2087 3 2 0 12 1969 241 242 2072
2088 3 2 0 12 243 2035 2072 242
2089 3 2 0 12 1476 237 238 1981
2090 3 2 0 12 239 2108 1981 238
2091 3 2 0 12 974 973 2146 2168
2092 3 2 0 12 1734 1782 2171 909
2093 3 2 0 12 2075 2005 2171 1796
2094 3 2 0 12 2129 1796 2171 1782
2095 3 2 0 12 2146 2132 1419 2173
2096 3 2 0 12 2140 1345 2174 1366
2097 3 2 0 12 145 146 2174 1345
2098 3 2 0 12 1305 1766 2175 1541
2099 3 2 0 12 1099 1694 2175 1552
2100 3 2 0 12 964 1552 2175 1766
2101 3 2 0 12 1102 1541 2175 1694
2102 3 2 0 12 1097 2143 2176 1980
2103 3 2 0 12 1133 1692 2177 2126
2104 3 2 0 12 159 1317 2178 158
2105 3 2 0 12 1072 1741 2180 1071
2106 3 2 0 12 1413 1975 2180 1741
2107 3 2 0 12 1486 1901 2181 2024
2108 3 2 0 12 236 2181 1901 235
2109 3 2 0 12 148 149 1035 2182
2110 3 2 0 12 1326 1247 2186 1955
2111 3 2 0 12 932 1309 2187 1046
2112 3 2 0 12 1967 1915 2187 1966
2113 3 2 0 12 1223 1046 2187 1915
2114 3 2 0 12 927 1966 2187 1309
2115 3 2 0 12 1506 1650 2188 1897
2116 3 2 0 12 967 1423 2189 1831
2117 3 2 0 12 1158 1867 2189 2110
2118 3 2 0 12 1305 1831 2189 1867
2119 3 2 0 12 1119 2110 2189 1423
2120 3 2 0 12 2031 1352 2192 1527
2121 3 2 0 12 2055 1434 1527 2192
2122 3 2 0 12 974 2055 2192 1352
2123 3 2 0 12 1627 1441 2193 985
2124 3 2 0 12 1442 1548 2193 1430
2125 3 2 0 12 1437 1430 2193 1441
2126 3 2 0 12 1721 985 2193 1548
2127 3 2 0 12 1934 1059 2195 1051
2128 3 2 0 12 1448 1156 2196 2124
2129 3 2 0 12 1401 2196 1156 1596
2130 3 2 0 12 1459 2197 1556 1095
2131 3 2 0 12 2134 1075 2198 1429
2132 3 2 0 12 1165 1429 2198 1648
2133 3 2 0 12 1672 1718 2199 1745
2134 3 2 0 12 2038 1887 2199 1779
2135 3 2 0 12 1778 1745 2199 1887
2136 3 2 0 12 2025 1779 2199 1718
2137 3 2 0 12 1852 1689 2200 971
2138 3 2 0 12 2157 1709 2200 1094
2139 3 2 0 12 975 1094 2200 1689
2140 3 2 0 12 1807 971 2200 1709
2141 3 2 0 12 1896 1304 2201 1016
2142 3 2 0 12 1802 1215 2202 1925
2143 3 2 0 12 1880 1387 2202 1152
2144 3 2 0 12 1111 1586 2204 1110
2145 3 2 0 12 2130 1585 2204 1586
2146 3 2 0 12 226 227 2205 1998
2147 3 2 0 12 1493 1133 2207 1599
2148 3 2 0 12 1912 1633 2210 1602
2149 3 2 0 12 1494 1773 2211 1065
2150 3 2 0 12 1451 1063 2211 1773
2151 3 2 0 12 1088 1504 2212 1404
2152 3 2 0 12 2027 2059 2212 1406
2153 3 2 0 12 1087 1406 2212 1504
2154 3 2 0 12 1209 1925 2202 1387
2155 3 2 0 12 1640 1503 2211 1063
2156 3 2 0 12 1065 2211 1503 1405
2157 3 2 0 12 1419 2054 1438 2173
2158 3 2 0 12 1673 1110 2204 2123
2159 3 2 0 12 1982 2123 2204 1585
2160 3 2 0 12 1152 2202 1215 2102
2161 3 2 0 12 2088 2208 1153 1472
2162 3 2 0 12 1526 1153 2208 2061
2163 3 2 0 12 2074 2203 228 229
2164 3 2 0 12 2144 1996 1467 1814
2165 3 2 0 12 1887 2038 2184 1958
2166 3 2 0 12 2030 2190 1605 1979
2167 3 2 0 12 1471 1103 2176 2143
2168 3 2 0 12 146 147 2172 2174
2169 3 2 0 12 1962 1366 2174 2172
2170 3 2 0 12 1998 2205 1413 2073
2171 3 2 0 12 237 1476 2181 236
2172 3 2 0 12 1538 2185 972 1841
2173 3 2 0 12 1992 2170 1476 1981
2174 3 2 0 12 2181 1476 2170 2024
2175 3 2 0 12 1650 1975 1413 2188
2176 3 2 0 12 1304 1851 1962 2201
2177 3 2 0 12 1016 2201 2182 1035
2178 3 2 0 12 147 148 2182 2172
2179 3 2 0 12 2201 1962 2172 2182
2180 3 2 0 12 1734 2191 2129 1782
2181 3 2 0 12 2069 1456 218 219
2182 3 2 0 12 1456 1979 217 218
2183 3 2 0 12 2079 2132 2146 973
2184 3 2 0 12 1431 1703 2132 2079
2185 3 2 0 12 1084 2170 1992 1474
2186 3 2 0 12 1486 2024 2170 1084
2187 3 2 0 12 1094 2107 2153 2157
2188 3 2 0 12 2129 2191 2169 1234
2189 3 2 0 12 1275 2206 2169 2191
2190 3 2 0 12 1538 1105 1100 2185
2191 3 2 0 12 1095 1556 2185 1100
2192 3 2 0 12 1051 2195 3 72
2193 3 2 0 12 1059 249 3 2195
2194 3 2 0 12 158 2178 1325 157
2195 3 2 0 12 1376 1325 2178 1933
2196 3 2 0 12 1775 1816 2087 1829
2197 3 2 0 12 2173 1438 1076 2149
2198 3 2 0 12 2161 1404 2212 2059
2199 3 2 0 12 965 2091 2161 2059
2200 3 2 0 12 1421 2112 2008 2053
2201 3 2 0 12 1677 1113 2092 2125
2202 3 2 0 12 1404 2161 1999 2015
2203 3 2 0 12 1999 2161 2091 2097
2204 3 2 0 12 1081 1072 2052 2077
2205 3 2 0 12 1455 2077 2052 2133
2206 3 2 0 12 2012 1477 2135 1097
2207 3 2 0 12 1085 1415 2135 1477
2208 3 2 0 12 968 2143 1097 2135
2209 3 2 0 12 1595 949 1648 2198
2210 3 2 0 12 1733 1595 2198 1075
2211 3 2 0 12 2085 2005 2131 2147
2212 3 2 0 12 2109 1666 2084 1566
2213 3 2 0 12 1826 1951 1071 2084
2214 3 2 0 12 1070 2190 2030 1480
2215 3 2 0 12 2033 1998 2073 2111
2216 3 2 0 12 2165 2111 2073 2041
2217 3 2 0 12 1824 2133 2065 2014
2218 3 2 0 12 1423 1673 2123 1119
2219 3 2 0 12 1982 1742 1119 2123
2220 3 2 0 12 1461 1090 2070 2083
2221 3 2 0 12 1461 2083 1099 1552
2222 3 2 0 12 1099 2083 2070 2068
2223 3 2 0 12 1895 2115 2151 1206
2224 3 2 0 12 112 2151 2115 111
2225 3 2 0 12 1163 2028 2010 1929
2226 3 2 0 12 1218 1878 2116 1207
2227 3 2 0 12 84 2116 1878 83
2228 3 2 0 12 1178 2067 1027 2163
2229 3 2 0 12 1531 1670 2076 2020
2230 3 2 0 12 1352 2031 2020 2076
2231 3 2 0 12 5 1257 1927 141
2232 3 2 0 12 140 141 1927 1312
2233 3 2 0 12 1919 1956 1312 1927
2234 3 2 0 12 1575 1154 1173 2138
2235 3 2 0 12 1209 2048 2138 1173
2236 3 2 0 12 1798 2138 2048 1214
2237 3 2 0 12 1232 1250 2183 1392
2238 3 2 0 12 2166 1392 2183 1317
2239 3 2 0 12 1933 2178 1317 2183
2240 3 2 0 12 1986 2047 2046 1987
2241 3 2 0 12 1933 2183 1250 1288
2242 3 2 0 12 1255 1200 1960 1646
2243 3 2 0 12 1646 1960 1884 1833
2244 3 2 0 12 1055 1926 2125 1271
2245 3 2 0 12 1138 1677 2125 1926
2246 3 2 0 12 1994 2000 2040 1447
2247 3 2 0 12 1995 1447 2040 2039
2248 3 2 0 12 1534 2040 2000 2034
2249 3 2 0 12 2141 1984 2029 2124
2250 3 2 0 12 2160 2049 2165 1433
2251 3 2 0 12 2033 2111 2165 2049
2252 3 2 0 12 1234 2169 1226 1389
2253 3 2 0 12 1491 1691 1636 2078
2254 3 2 0 12 1636 2032 2088 2078
2255 3 2 0 12 1258 175 176 1961
2256 3 2 0 12 177 1362 1961 176
2257 3 2 0 12 1420 2099 1849 1408
2258 3 2 0 12 1644 2105 1849 2099
2259 3 2 0 12 2096 1740 1806 1258
2260 3 2 0 12 1740 1953 1970 1806
2261 3 2 0 12 1247 97 98 2186
2262 3 2 0 12 1162 1158 2119 2013
2263 3 2 0 12 161 1210 2166 160
2264 3 2 0 12 1392 2166 1210 1002
2265 3 2 0 12 1590 2071 2094 922
2266 3 2 0 12 1302 1591 2071 1303
2267 3 2 0 12 1591 1501 2094 2071
2268 3 2 0 12 1329 2080 2086 1549
2269 3 2 0 12 1028 76 77 1377
2270 3 2 0 12 1260 1353 1914 1007
2271 3 2 0 12 2072 2035 1914 1647
2272 3 2 0 12 1007 1914 2035 1374
2273 3 2 0 12 2084 1071 2180 1566
2274 3 2 0 12 1617 1566 2180 1490
2275 3 2 0 12 1650 1490 2180 1975
2276 3 2 0 12 2086 2080 1800 1222
2277 3 2 0 12 1659 972 2197 969
2278 3 2 0 12 1453 1292 2197 1459
2279 3 2 0 12 2185 1556 2197 972
2280 3 2 0 12 87 88 2126 2177
2281 3 2 0 12 99 1361 2186 98
2282 3 2 0 12 2036 1955 2186 1361
2283 3 2 0 12 1837 1324 1377 2213
2284 3 2 0 12 909 1302 2214 1734
2285 3 2 0 12 1275 2214 1302 1303
2286 3 2 0 12 2191 1734 2214 1275
2287 3 2 0 12 1229 1226 2217 2145
2288 3 2 0 12 2169 2206 2217 1226
2289 3 2 0 12 1497 1074 2218 1657
2290 3 2 0 12 1627 1657 2218 1441
2291 3 2 0 12 1441 2218 1074 1437
2292 3 2 0 12 1118 2060 2219 1680
2293 3 2 0 12 923 1614 1475 2220
2294 3 2 0 12 1453 1651 2221 1292
2295 3 2 0 12 1620 1509 2221 1651
2296 3 2 0 12 212 213 2222 1184
2297 3 2 0 12 1674 1184 2222 1450
2298 3 2 0 12 1605 2216 215 216
2299 3 2 0 12 1498 923 2220 1854
2300 3 2 0 12 1027 1854 2220 2163
2301 3 2 0 12 1569 2209 2190 1070
2302 3 2 0 12 1377 77 78 2213
2303 3 2 0 12 79 1837 2213 78
2304 3 2 0 12 913 1166 1139 2215
2305 3 2 0 12 2197 1292 2221 969
2306 3 2 0 12 1120 1505 2221 1509
2307 3 2 0 12 1483 969 2221 1505
2308 3 2 0 12 1902 1147 2217 1139
2309 3 2 0 12 905 2145 2217 1147
2310 3 2 0 12 2215 1139 2217 2206
2311 3 2 0 12 2219 2060 2075 2184
2312 3 2 0 12 1958 2184 2075 1796
2313 3 2 0 12 2021 1680 2219 1241
2314 3 2 0 12 2025 1241 2219 1779
2315 3 2 0 12 2038 1779 2219 2184
2316 3 2 0 12 91 2136 2194 90
2317 3 2 0 12 1599 2194 2136 1208
2318 3 2 0 12 981 1580 1720 2179
2319 3 2 0 12 1817 1873 2179 1720
2320 3 2 0 12 227 228 2203 2205
2321 3 2 0 12 1717 2210 2150 908
2322 3 2 0 12 1602 2210 1717 1201
2323 3 2 0 12 1954 2150 2210 1633
2324 3 2 0 12 2206 1275 913 2215
2325 3 2 0 12 937 1328 1288 1360
2326 3 2 0 12 1250 1322 1360 1288
2327 3 2 0 12 1118 1160 2131 2060
2328 3 2 0 12 2005 2075 2060 2131
2329 3 2 0 12 87 2177 2066 86
2330 3 2 0 12 1692 1179 2066 2177
2331 3 2 0 12 1514 1498 1854 1068
2332 3 2 0 12 1068 1854 1027 2137
2333 3 2 0 12 1731 1178 2163 1908
2334 3 2 0 12 2220 1475 1908 2163
2335 3 2 0 12 2097 2208 2088 1983
2336 3 2 0 12 2091 2061 2208 2097
2337 3 2 0 12 918 914 1387 1880
2338 3 2 0 12 914 2167 1209 1387
2339 3 2 0 12 1775 1129 1704 1816
2340 3 2 0 12 1704 1587 2087 1816
2341 3 2 0 12 1729 1744 1922 1725
2342 3 2 0 12 1800 2080 1725 1922
2343 3 2 0 12 1885 1836 1922 1744
2344 3 2 0 12 1471 1488 2223 1103
2345 3 2 0 12 2164 1850 2224 1889
2346 3 2 0 12 981 2179 2224 993
2347 3 2 0 12 1873 1889 2224 2179
2348 3 2 0 12 1980 2176 2225 2009
2349 3 2 0 12 1133 2126 2226 2207
2350 3 2 0 12 89 2226 2126 88
2351 3 2 0 12 1488 1308 2227 1492
2352 3 2 0 12 1453 2227 1308 1651
2353 3 2 0 12 1098 1492 2227 1453
2354 3 2 0 12 1467 2228 1098 1814
2355 3 2 0 12 1995 2039 2229 2154
2356 3 2 0 12 1076 2154 2229 2149
2357 3 2 0 12 1656 2148 2229 2039
2358 3 2 0 12 1000 993 2224 1850
2359 3 2 0 12 90 2194 2226 89
2360 3 2 0 12 1599 2207 2226 2194
2361 3 2 0 12 2176 1103 2223 2225
2362 3 2 0 12 1098 2223 1488 1492
2363 3 2 0 12 1467 2042 2006 2228
2364 3 2 0 12 2006 2009 2225 2228
2365 3 2 0 12 974 2168 2148 2055
2366 3 2 0 12 2229 2148 2168 2149
2367 3 2 0 12 2173 2149 2168 2146
2368 3 2 0 12 2205 2203 2188 1413
2369 3 2 0 12 1897 2188 2203 2074
2370 3 2 0 12 2043 1450 2222 2230
2371 3 2 0 12 1098 2228 2225 2223
2372 3 2 0 12 1506 1897 1744 1729
2373 3 2 0 12 2074 1885 1744 1897
2374 3 2 0 12 1064 2043 2209 1569
2375 3 2 0 12 2190 2209 2216 1605
2376 3 2 0 12 2209 2043 2230 2216
2377 3 2 0 12 214 215 2216 2230
2378 3 2 0 12 213 214 2230 2222
2379 3 2 0 12 1298 1961 1362 1012
2380 3 2 0 12 1068 2103 1469 1514
2381 3 2 0 12 1469 2103 2007 1403
2382 3 2 0 12 1091 2007 2103 1751
2383 3 2 0 12 909 2171 2005 2085
2384 3 2 0 12 1929 2010 2007 1091
2385 3 2 0 12 4 105 1393 104
2386 3 2 0 12 7 201 1346 185
2387 3 2 0 12 2233 1905 164 165
2388 3 2 0 12 2233 165 166 1691
2389 3 2 0 12 2231 74 75 1033
$EndElements
