$MeshFormat
2.2 0 8
$EndMeshFormat
$Nodes
4225
1 0 0 0
2 7.62 0 0
3 15.24 0 0
4 15.24 1.587 0
5 15.24 7.62 0
6 15.24 13.716 0
7 15.24 15.24 0
8 7.62 15.24 0
9 0 15.24 0
10 0 13.487 0
11 0 7.62 0
12 0 2.4734 0
13 9.144 7.62 0
14 12.192 12.192 0
15 6.096 3.81 0
16 0.2381249999995048 0 0
17 7.381874999999482 0 0
18 6.905624999998295 0 0
19 6.429374999996997 0 0
20 5.953124999995636 0 0
21 5.476874999994404 0 0
22 5.000624999993217 0 0
23 4.524374999991778 0 0
24 4.048124999990461 0 0
25 3.571874999990581 0 0
26 3.095624999991951 0 0
27 2.619374999993345 0 0
28 2.143124999994758 0 0
29 1.666874999996168 0 0
30 1.190624999997573 0 0
31 0.7143749999986425 0 0
32 0.4762499999990097 0 0
33 7.143749999998964 0 0
34 6.667499999997625 0 0
35 6.191249999996368 0 0
36 5.714999999994904 0 0
37 5.238749999993904 0 0
38 4.76249999999253 0 0
39 4.286249999991026 0 0
40 3.809999999989896 0 0
41 3.333749999991266 0 0
42 2.857499999992637 0 0
43 2.381249999994052 0 0
44 1.904999999995465 0 0
45 1.428749999996871 0 0
46 0.9524999999982753 0 0
47 7.858125000000163 0 0
48 15.00187499999945 0 0
49 14.52562499999835 0 0
50 14.04937499999715 0 0
51 13.57312499999587 0 0
52 13.09687499999444 0 0
53 12.62062499999316 0 0
54 12.14437499999203 0 0
55 11.66812499999075 0 0
56 11.19187499999086 0 0
57 10.71562499999235 0 0
58 10.23937499999376 0 0
59 9.763124999995426 0 0
60 9.286874999997348 0 0
61 8.810624999998845 0 0
62 8.334374999999881 0 0
63 8.096250000000326 0 0
64 14.7637499999989 0 0
65 14.28749999999779 0 0
66 13.81124999999651 0 0
67 13.33499999999523 0 0
68 12.85874999999365 0 0
69 12.38249999999267 0 0
70 11.90624999999139 0 0
71 11.42999999999011 0 0
72 10.95374999999161 0 0
73 10.4774999999931 0 0
74 10.00124999999441 0 0
75 9.524999999996442 0 0
76 9.048749999998256 0 0
77 8.572499999999435 0 0
78 15.24 0.1983749999996678 0
79 15.24 0.3967499999990443 0
80 15.24 0.5951249999985451 0
81 15.24 0.7934999999979253 0
82 15.24 0.9918749999985048 0
83 15.24 1.190249999998974 0
84 15.24 1.388624999999487 0
85 15.24 0.0991874999998339 0
86 15.24 0.297562499999356 0
87 15.24 0.4959374999987947 0
88 15.24 0.6943124999982352 0
89 15.24 0.8926874999982151 0
90 15.24 1.091062499998739 0
91 15.24 1.28943749999923 0
92 15.24 1.487812499999744 0
93 15.24 2.341124999998494 0
94 15.24 3.095249999996294 0
95 15.24 3.849374999993923 0
96 15.24 4.603499999991804 0
97 15.24 5.357624999993897 0
98 15.24 6.111749999995989 0
99 15.24 6.865874999997994 0
100 15.24 1.964062499999247 0
101 15.24 2.718187499997394 0
102 15.24 3.472312499995109 0
103 15.24 4.226437499992864 0
104 15.24 4.980562499992851 0
105 15.24 5.734687499994942 0
106 15.24 6.488812499996992 0
107 15.24 7.242937499998997 0
108 15.24 8.381999999996825 0
109 15.24 9.143999999992451 0
110 15.24 9.905999999990856 0
111 15.24 10.66799999999185 0
112 15.24 11.42999999999548 0
113 15.24 12.19199999999748 0
114 15.24 12.95399999999874 0
115 15.24 8.000999999998413 0
116 15.24 8.762999999994637 0
117 15.24 9.524999999991653 0
118 15.24 10.28699999999135 0
119 15.24 11.04899999999367 0
120 15.24 11.81099999999648 0
121 15.24 12.57299999999811 0
122 15.24 13.33499999999937 0
123 15.24 13.90650000000158 0
124 15.24 14.097 0
125 15.24 14.2875 0
126 15.24 14.478 0
127 15.24 14.66850000000054 0
128 15.24 14.859 0
129 15.24 15.04949999999943 0
130 15.24 13.81125000000079 0
131 15.24 14.00175000000079 0
132 15.24 14.19225 0
133 15.24 14.38275 0
134 15.24 14.57325000000027 0
135 15.24 14.76375000000027 0
136 15.24 14.95424999999971 0
137 15.24 15.14474999999971 0
138 15.00187500000035 15.24 0
139 7.858125000000639 15.24 0
140 8.334375000001918 15.24 0
141 8.810625000003025 15.24 0
142 9.286875000003958 15.24 0
143 9.763125000005067 15.24 0
144 10.23937500000634 15.24 0
145 10.71562500000735 15.24 0
146 11.19187500000828 15.24 0
147 11.66812500000789 15.24 0
148 12.14437500000656 15.24 0
149 12.62062500000612 15.24 0
150 13.0968750000048 15.24 0
151 13.57312500000302 15.24 0
152 14.04937500000152 15.24 0
153 14.52562500000063 15.24 0
154 14.7637500000007 15.24 0
155 8.096250000001279 15.24 0
156 8.572500000002558 15.24 0
157 9.048750000003492 15.24 0
158 9.525000000004424 15.24 0
159 10.00125000000571 15.24 0
160 10.47750000000698 15.24 0
161 10.95375000000771 15.24 0
162 11.43000000000885 15.24 0
163 11.90625000000692 15.24 0
164 12.3825000000062 15.24 0
165 12.85875000000603 15.24 0
166 13.33500000000356 15.24 0
167 13.81125000000247 15.24 0
168 14.28750000000057 15.24 0
169 7.381875000000755 15.24 0
170 0.2381250000006658 15.24 0
171 0.7143750000019488 15.24 0
172 1.190625000003198 15.24 0
173 1.66687500000449 15.24 0
174 2.14312500000583 15.24 0
175 2.619375000007123 15.24 0
176 3.095625000008407 15.24 0
177 3.571875000009656 15.24 0
178 4.048125000009572 15.24 0
179 4.524375000008217 15.24 0
180 5.000625000006825 15.24 0
181 5.476875000005427 15.24 0
182 5.953125000004029 15.24 0
183 6.429375000002629 15.24 0
184 6.90562500000172 15.24 0
185 7.14375000000151 15.24 0
186 0.4762500000013316 15.24 0
187 0.9525000000025659 15.24 0
188 1.428750000003831 15.24 0
189 1.90500000000515 15.24 0
190 2.38125000000651 15.24 0
191 2.857500000007736 15.24 0
192 3.333750000009078 15.24 0
193 3.810000000010234 15.24 0
194 4.286250000008908 15.24 0
195 4.762500000007524 15.24 0
196 5.238750000006126 15.24 0
197 5.715000000004728 15.24 0
198 6.191250000003329 15.24 0
199 6.66750000000193 15.24 0
200 0 15.02087500000046 0
201 0 14.80175000000139 0
202 0 14.58262500000208 0
203 0 14.36350000000278 0
204 0 14.14437500000222 0
205 0 13.92525000000139 0
206 0 13.70612500000174 0
207 0 15.13043750000023 0
208 0 14.91131250000093 0
209 0 14.69218750000174 0
210 0 14.47306250000243 0
211 0 14.2539375000025 0
212 0 14.03481250000181 0
213 0 13.81568750000156 0
214 0 13.59656250000087 0
215 0 12.75362500000079 0
216 0 12.02025000000321 0
217 0 11.28687500000693 0
218 0 10.55350000000816 0
219 0 9.820125000007268 0
220 0 9.086750000004425 0
221 0 8.353375000003707 0
222 0 13.1203125000004 0
223 0 12.386937500002 0
224 0 11.65356250000507 0
225 0 10.92018750000755 0
226 0 10.18681250000772 0
227 0 9.453437500005848 0
228 0 8.720062500004065 0
229 0 7.986687500001853 0
230 0 6.97667500000153 0
231 0 6.333350000002644 0
232 0 5.690025000004853 0
233 0 5.046700000006851 0
234 0 4.403375000005421 0
235 0 3.760050000003339 0
236 0 3.116725000001623 0
237 0 7.298337500000764 0
238 0 6.655012500002087 0
239 0 6.011687500003749 0
240 0 5.368362500005852 0
241 0 4.725037500006136 0
242 0 4.081712500004381 0
243 0 3.438387500002481 0
244 0 2.795062500000811 0
245 0 2.164225000000373 0
246 0 1.855050000001532 0
247 0 1.545875000002383 0
248 0 1.236700000003235 0
249 0 0.927525000002467 0
250 0 0.6183500000016015 0
251 0 0.3091750000007513 0
252 0 2.318812500000187 0
253 0 2.009637500000952 0
254 0 1.700462500001958 0
255 0 1.391287500002809 0
256 0 1.082112500002851 0
257 0 0.7729375000020342 0
258 0 0.4637625000011764 0
259 0 0.1545875000003757 0
260 7.429499999999973 0.4762500000000661 0
261 7.239000000000314 0.9524999999992136 0
262 7.048500000001116 1.42874999999721 0
263 6.858000000002029 1.904999999994927 0
264 6.667500000001957 2.381249999995107 0
265 6.477000000001657 2.857499999995859 0
266 6.286500000000711 3.333749999998223 0
267 7.524749999999987 0.2381250000000331 0
268 7.334250000000144 0.7143749999996398 0
269 7.143750000000715 1.190624999998212 0
270 6.953250000001573 1.666874999996069 0
271 6.762750000001994 2.143124999995017 0
272 6.572250000001807 2.619374999995483 0
273 6.381750000001183 3.095624999997041 0
274 6.191250000000355 3.571874999999111 0
275 6.476999999999012 4.286249999998764 0
276 6.857999999997812 4.762499999997266 0
277 7.238999999996337 5.238749999995421 0
278 7.619999999994742 5.714999999993428 0
279 8.000999999994251 6.191249999992814 0
280 8.381999999995214 6.667499999994018 0
281 8.762999999997838 7.143749999997297 0
282 6.286499999999506 4.048124999999383 0
283 6.667499999998412 4.524374999998015 0
284 7.048499999997075 5.000624999996344 0
285 7.42949999999554 5.476874999994425 0
286 7.810499999994496 5.953124999993121 0
287 8.191499999994733 6.429374999993415 0
288 8.572499999996527 6.905624999995657 0
289 8.953499999998918 7.381874999998649 0
290 9.525000000000802 8.191500000001202 0
291 9.905999999999722 8.762999999999583 0
292 10.28699999999706 9.33449999999559 0
293 10.66799999999528 9.905999999992918 0
294 11.04899999999483 10.47749999999224 0
295 11.42999999999521 11.04899999999282 0
296 11.81099999999846 11.62049999999769 0
297 9.3345000000004 7.905750000000602 0
298 9.715500000000262 8.477250000000392 0
299 10.09649999999839 9.048749999997586 0
300 10.47749999999617 9.620249999994254 0
301 10.85849999999505 10.19174999999258 0
302 11.23949999999502 10.76324999999253 0
303 11.62049999999683 11.33474999999526 0
304 12.00149999999923 11.90624999999885 0
305 11.62049999999866 12.57300000000089 0
306 11.04899999999922 12.95400000000052 0
307 10.47750000000295 13.33499999999804 0
308 9.906000000005401 13.7159999999964 0
309 9.334500000004766 14.09699999999682 0
310 8.763000000005745 14.47799999999617 0
311 8.191500000006048 14.85899999999597 0
312 11.90624999999933 12.38250000000044 0
313 11.33474999999894 12.7635000000007 0
314 10.76325000000109 13.14449999999928 0
315 10.19175000000418 13.52549999999722 0
316 9.620250000005083 13.90649999999661 0
317 9.048750000005256 14.2874999999965 0
318 8.477250000005896 14.66849999999607 0
319 7.905750000003025 15.04949999999798 0
320 0.380999999999269 13.44653125000008 0
321 11.81099999999924 12.23246875000008 0
322 11.04899999999714 12.31340625000031 0
323 10.28699999999472 12.39434375000057 0
324 9.524999999992556 12.47528125000079 0
325 8.762999999990786 12.55621875000098 0
326 8.000999999989771 12.63715625000108 0
327 7.238999999988561 12.71809375000122 0
328 6.476999999986429 12.79903125000145 0
329 5.714999999986521 12.87996875000144 0
330 4.952999999988577 12.96090625000122 0
331 4.190999999990187 13.04184375000105 0
332 3.428999999992262 13.12278125000083 0
333 2.666999999994537 13.20371875000058 0
334 1.904999999996614 13.28465625000036 0
335 1.14299999999806 13.36559375000021 0
336 0.7619999999985381 13.40606250000016 0
337 11.42999999999848 12.27293750000016 0
338 10.6679999999958 12.35387500000045 0
339 9.905999999993648 12.43481250000068 0
340 9.143999999991461 12.51575000000091 0
341 8.381999999990111 12.59668750000105 0
342 7.619999999989432 12.67762500000112 0
343 6.85799999998769 12.75856250000131 0
344 6.095999999985167 12.83950000000158 0
345 5.333999999987874 12.92043750000129 0
346 4.571999999989279 13.00137500000114 0
347 3.809999999991096 13.08231250000095 0
348 3.047999999993427 13.1632500000007 0
349 2.285999999995646 13.24418750000046 0
350 1.523999999997581 13.32512500000026 0
351 12.28725000000079 12.23962500000039 0
352 15.14474999999909 13.66837499999954 0
353 14.95424999999723 13.57312499999862 0
354 14.7637499999949 13.47787499999746 0
355 14.57324999999208 13.38262499999604 0
356 14.38274999999054 13.28737499999527 0
357 14.19224999999063 13.19212499999531 0
358 14.00174999999207 13.09687499999604 0
359 13.81124999999459 13.0016249999973 0
360 13.6207499999973 12.90637499999865 0
361 13.43025000000003 12.81112500000001 0
362 13.23975000000183 12.71587500000091 0
363 13.04925000000365 12.62062500000182 0
364 12.85875000000448 12.52537500000224 0
365 12.66825000000373 12.43012500000187 0
366 12.47775000000251 12.33487500000125 0
367 12.38250000000157 12.28725000000078 0
368 15.04949999999817 13.62074999999908 0
369 14.85899999999629 13.52549999999815 0
370 14.66849999999351 13.43024999999676 0
371 14.47799999999064 13.33499999999532 0
372 14.28749999999045 13.23974999999522 0
373 14.09699999999081 13.1444999999954 0
374 13.90649999999333 13.04924999999667 0
375 13.71599999999584 12.95399999999792 0
376 13.52549999999876 12.85874999999938 0
377 13.33500000000129 12.76350000000064 0
378 13.14450000000236 12.66825000000118 0
379 12.95400000000493 12.57300000000246 0
380 12.76350000000402 12.47775000000201 0
381 12.57300000000344 12.38250000000172 0
382 0.2857499999994526 7.62 0
383 8.858249999999728 7.62 0
384 8.286749999998534 7.62 0
385 7.715249999996406 7.62 0
386 7.143749999994432 7.62 0
387 6.572249999992676 7.62 0
388 6.0007499999907 7.62 0
389 5.429249999989468 7.62 0
390 4.857749999988529 7.62 0
391 4.286249999988394 7.62 0
392 3.714749999990276 7.62 0
393 3.1432499999924 7.62 0
394 2.571749999994021 7.62 0
395 2.000249999995665 7.62 0
396 1.428749999997244 7.62 0
397 0.8572499999984536 7.62 0
398 0.5714999999989052 7.62 0
399 8.572499999999456 7.62 0
400 8.000999999997612 7.62 0
401 7.429499999995199 7.62 0
402 6.857999999993663 7.62 0
403 6.286499999991688 7.62 0
404 5.714999999989712 7.62 0
405 5.143499999989222 7.62 0
406 4.571999999987837 7.62 0
407 4.00049999998895 7.62 0
408 3.428999999991601 7.62 0
409 2.857499999993199 7.62 0
410 2.285999999994843 7.62 0
411 1.714499999996487 7.62 0
412 1.142999999998002 7.62 0
413 9.334499999999117 7.62 0
414 15.04949999999905 7.62 0
415 14.66849999999714 7.62 0
416 14.28749999999618 7.62 0
417 13.90649999999618 7.62 0
418 13.52549999999591 7.62 0
419 13.14449999999591 7.62 0
420 12.7634999999953 7.62 0
421 12.38249999999357 7.62 0
422 12.00149999999349 7.62 0
423 11.62049999999558 7.62 0
424 11.23949999999682 7.62 0
425 10.85849999999682 7.62 0
426 10.4774999999968 7.62 0
427 10.09649999999679 7.62 0
428 9.715499999997558 7.62 0
429 9.524999999998236 7.62 0
430 14.85899999999809 7.62 0
431 14.47799999999618 7.62 0
432 14.09699999999617 7.62 0
433 13.71599999999618 7.62 0
434 13.33499999999564 7.62 0
435 12.95399999999618 7.62 0
436 12.57299999999442 7.62 0
437 12.19199999999271 7.62 0
438 11.81099999999427 7.62 0
439 11.42999999999688 7.62 0
440 11.04899999999675 7.62 0
441 10.66799999999688 7.62 0
442 10.28699999999671 7.62 0
443 9.905999999996878 7.62 0
444 0.1904999999996661 2.515168749999927 0
445 5.905499999999504 3.768231249999892 0
446 5.52449999999845 3.684693749999661 0
447 5.143499999997343 3.601156249999418 0
448 4.76249999999628 3.517618749999184 0
449 4.381499999995565 3.434081249999028 0
450 4.000499999994997 3.350543749998904 0
451 3.619499999994133 3.267006249998714 0
452 3.238499999993104 3.183468749998488 0
453 2.857499999993033 3.099931249998472 0
454 2.476499999994082 3.016393749998702 0
455 2.095499999995204 2.932856249998948 0
456 1.714499999996253 2.849318749999179 0
457 1.333499999997267 2.7657812499994 0
458 0.9524999999982797 2.682243749999622 0
459 0.5714999999990622 2.598706249999794 0
460 0.3809999999993321 2.556937499999854 0
461 5.714999999999009 3.726462499999783 0
462 5.333999999997891 3.642924999999538 0
463 4.952999999996795 3.559387499999297 0
464 4.571999999995764 3.475849999999071 0
465 4.190999999995365 3.392312499998984 0
466 3.809999999994629 3.308774999998823 0
467 3.428999999993637 3.225237499998605 0
468 3.047999999992572 3.141699999998371 0
469 2.666999999993494 3.058162499998574 0
470 2.285999999994669 2.974624999998831 0
471 1.904999999995739 2.891087499999066 0
472 1.523999999996766 2.807549999999291 0
473 1.142999999997767 2.72401249999951 0
474 0.7619999999987924 2.640474999999735 0
475 6.381749999999491 3.740531250000124 0
476 14.95424999999905 1.656468750000232 0
477 14.38274999999766 1.795406250000571 0
478 13.81124999999581 1.93434375000102 0
479 13.23974999999294 2.073281250001717 0
480 12.66824999999252 2.212218750001819 0
481 12.09674999999293 2.351156250001719 0
482 11.52524999999092 2.490093750002209 0
483 10.95374999998805 2.629031250002906 0
484 10.38224999998711 2.767968750003135 0
485 9.81074999998819 2.906906250002872 0
486 9.239249999989717 3.045843750002501 0
487 8.66774999999226 3.184781250001882 0
488 8.096249999995392 3.32371875000112 0
489 7.524749999997844 3.462656250000524 0
490 6.95324999999885 3.60159375000028 0
491 6.667499999998983 3.671062500000248 0
492 14.66849999999809 1.725937500000464 0
493 14.09699999999722 1.864875000000677 0
494 13.5254999999944 2.003812500001363 0
495 12.95399999999148 2.142750000002071 0
496 12.38249999999355 2.281687500001567 0
497 11.8109999999923 2.420625000001871 0
498 11.23949999998953 2.559562500002546 0
499 10.66799999998657 2.698500000003266 0
500 10.09649999998765 2.837437500003003 0
501 9.524999999988728 2.976375000002741 0
502 8.953499999990704 3.11531250000226 0
503 8.381999999993814 3.254250000001504 0
504 7.81049999999697 3.393187500000737 0
505 7.238999999998718 3.532125000000312 0
506 0.9048749999984438 0.6601187500012368 0
507 0.8572499999987875 1.320237500002064 0
508 0.8096249999988703 1.980356250000624 0
509 1.809749999995869 0.7018875000008272 0
510 1.714499999996623 1.403775000000803 0
511 1.619249999996855 2.105662499999582 0
512 2.714624999993263 0.7436562500004138 0
513 2.571749999994414 1.487312499999534 0
514 2.428874999994782 2.230968749998528 0
515 3.619499999990722 0.7854250000000003 0
516 3.428999999992248 1.570849999998266 0
517 3.238499999992731 2.356274999997474 0
518 4.524374999993251 0.8271937499998147 0
519 4.286249999994848 1.654387499997453 0
520 4.04812499999514 2.481581249997102 0
521 5.429249999995355 0.8689624999995783 0
522 5.143499999996855 1.737924999996539 0
523 4.857749999996791 2.60688749999658 0
524 6.334124999997967 0.9107312499993965 0
525 6.000749999999534 1.821462499995734 0
526 5.667374999999274 2.732193749996222 0
527 0.9286874999983595 0.3300593750006184 0
528 0.4524374999992219 0.6392343750014191 0
529 0.4643437499991158 0.3196171875006848 0
530 0.8810624999986156 0.9901781250016501 0
531 0.4286249999993937 1.278468750002649 0
532 0.4405312499993078 0.9588515625020584 0
533 0.8334374999988289 1.650296875001344 0
534 0.4048124999994351 1.917703125001078 0
535 0.4167187499994144 1.598085937501864 0
536 0.7858124999988314 2.31041562500018 0
537 0.3929062499993836 2.237320312500269 0
538 1.857374999995667 0.3509437500004136 0
539 1.357312499997156 0.681003125001032 0
540 1.393031249997013 0.340501562500516 0
541 1.762124999996246 1.052831250000815 0
542 1.285874999997705 1.362006250001433 0
543 1.321593749997431 1.021504687501233 0
544 1.666874999996739 1.754718750000193 0
545 1.214437499997863 2.043009375000103 0
546 1.250156249997784 1.702507812500768 0
547 1.571624999996811 2.456606249999436 0
548 1.178718749997815 2.383510937499806 0
549 2.78606249999295 0.3718281250002069 0
550 2.262187499994566 0.7227718750006205 0
551 2.321718749994309 0.3613859375003102 0
552 2.643187499993839 1.115484374999974 0
553 2.143124999995519 1.445543750000169 0
554 2.202656249995043 1.084157812500395 0
555 2.500312499994598 1.859140624999031 0
556 2.024062499995819 2.168315624999055 0
557 2.083593749995668 1.806929687499612 0
558 2.357437499994726 2.602796874998679 0
559 1.964531249995779 2.52970156249906 0
560 3.714749999990309 0.3927125000000001 0
561 3.167062499991992 0.764540625000207 0
562 3.250406249991631 0.3822703125001035 0
563 3.524249999991485 1.178137499999133 0
564 3.000374999993331 1.5290812499989 0
565 3.083718749992662 1.146810937499554 0
566 3.33374999999249 1.96356249999787 0
567 2.833687499993757 2.293621874998001 0
568 2.917031249993544 1.911351562498451 0
569 3.143249999992651 2.748987499997923 0
570 2.750343749993625 2.675892187498287 0
571 4.64343749999289 0.4135968749999073 0
572 4.071937499991986 0.8063093749999075 0
573 4.179093749991506 0.4031546874999538 0
574 4.405312499994049 1.240790624998634 0
575 3.857624999993548 1.61261874999786 0
576 3.964781249992767 1.209464062498884 0
577 4.167187499994993 2.067984374997278 0
578 3.643312499993936 2.418928124997288 0
579 3.750468749993742 2.015773437497574 0
580 3.929062499994885 2.895178124997963 0
581 3.536156249993787 2.822082812497947 0
582 5.572124999995129 0.4344812499997892 0
583 4.976812499994303 0.8480781249996965 0
584 5.107781249994103 0.4240390624998482 0
585 5.286374999996105 1.303443749998059 0
586 4.714874999995852 1.696156249996996 0
587 4.845843749995079 1.272117187498346 0
588 5.000624999996823 2.17240624999656 0
589 4.452937499995965 2.544234374996841 0
590 4.583906249995909 2.120195312496919 0
591 4.714874999996278 3.041368749997826 0
592 4.321968749995667 2.968273437497913 0
593 6.500812499997796 0.4553656249996982 0
594 5.88168749999666 0.8898468749994875 0
595 6.036468749996514 0.4449234374997437 0
596 6.167437499998751 1.366096874997565 0
597 5.572124999998195 1.779693749996136 0
598 5.726906249997426 1.334770312497812 0
599 5.834062499999404 2.276828124995978 0
600 5.262562499998033 2.669540624996401 0
601 5.417343749998113 2.224617187496268 0
602 5.500687499998582 3.18755937499788 0
603 5.107781249997414 3.114464062497849 0
604 6.786562499999141 0.9316156249993051 0
605 6.965156249998961 0.4658078124998822 0
606 6.429375000000782 1.86323124999533 0
607 6.607968749999934 1.397423437497388 0
608 6.072187500000466 2.79484687499604 0
609 6.250781250000681 2.329039062495542 0
610 5.893593749999678 3.260654687498058 0
611 0.4702968749990628 0.1598085937503424 0
612 0.2321718749995579 0.3143960937507181 0
613 0.2351484374995314 0.157198046875359 0
614 0.9405937499983175 0.1650296875003092 0
615 0.6965156249987377 0.3248382812506516 0
616 0.70544531249869 0.1624191406253258 0
617 0.9167812499984016 0.4950890625009276 0
618 0.6786562499988329 0.6496765625013279 0
619 0.4583906249991688 0.479425781251052 0
620 0.6875859374987853 0.4872574218759898 0
621 0.226218749999611 0.6287921875015103 0
622 0.2291953124995844 0.4715941406261142 0
623 0.4464843749992649 0.7990429687517388 0
624 0.2202656249996539 0.9431882812522627 0
625 0.2232421874996324 0.7859902343768865 0
626 0.8929687499985297 0.8251484375014435 0
627 0.6607968749989617 0.9745148437518543 0
628 0.6697265624988974 0.8120957031265911 0
629 0.8691562499987016 1.155207812501857 0
630 0.6429374999990906 1.299353125002356 0
631 0.4345781249993508 1.118660156252354 0
632 0.6518671874990261 1.136933984377106 0
633 0.2143124999996968 1.257584375002942 0
634 0.2172890624996754 1.100386328127602 0
635 0.4226718749994041 1.438277343752257 0
636 0.2083593749997072 1.571980468752124 0
637 0.211335937499702 1.414782421877533 0
638 0.8453437499988081 1.485267187501704 0
639 0.6250781249991216 1.624191406251604 0
640 0.6340078124991061 1.46177226562698 0
641 0.8215312499988496 1.815326562500984 0
642 0.6072187499991527 1.949029687500851 0
643 0.4107656249994247 1.757894531251471 0
644 0.6161484374991372 1.786610546876228 0
645 0.2024062499997175 1.886376562501305 0
646 0.2053828124997124 1.729178515626714 0
647 0.3988593749994094 2.077511718750674 0
648 0.1964531249996918 2.200772656250321 0
649 0.1994296874997047 2.043574609375813 0
650 0.7977187499988508 2.145385937500402 0
651 0.5893593749991075 2.273867968750225 0
652 0.5982890624991302 2.111448828125538 0
653 0.7739062499988119 2.475445312499957 0
654 0.3869531249993579 2.397128906250062 0
655 0.5804296874990849 2.43628710937501 0
656 0.1934765624996789 2.357970703125124 0
657 1.410890624996942 0.170250781250258 0
658 1.160859374997686 0.3352804687505672 0
659 1.17574218749763 0.1676402343752836 0
660 1.881187499995566 0.1754718750002068 0
661 1.62520312499634 0.3457226562504648 0
662 1.646039062496254 0.1728613281252324 0
663 1.833562499995768 0.5264156250006205 0
664 1.583531249996513 0.6914453125009297 0
665 1.375171874997085 0.5107523437507739 0
666 1.604367187496426 0.5185839843756972 0
667 1.1310937499978 0.6705609375011343 0
668 1.145976562497743 0.5029207031258508 0
669 1.339453124997294 0.8512539062511325 0
670 1.101328124998023 1.005841406251442 0
671 1.116210937497912 0.838201171876288 0
672 1.785937499996058 0.8773593750008211 0
673 1.541859374996839 1.037167968751024 0
674 1.562695312496676 0.8643066406259768 0
675 1.738312499996435 1.228303125000809 0
676 1.500187499997164 1.382890625001118 0
677 1.303734374997568 1.191755468751333 0
678 1.521023437497001 1.210029296876071 0
679 1.071562499998246 1.341121875001749 0
680 1.086445312498135 1.173481640626595 0
681 1.268015624997745 1.5322570312511 0
682 1.041796874998306 1.676402343751056 0
683 1.056679687498277 1.508762109376402 0
684 1.690687499996681 1.579246875000498 0
685 1.458515624997262 1.72861328125048 0
686 1.479351562497213 1.555751953125799 0
687 1.643062499996797 1.930190624999888 0
688 1.416843749997359 2.074335937499843 0
689 1.232296874997824 1.872758593750436 0
690 1.43767968749731 1.901474609375161 0
691 1.012031249998367 2.011682812500363 0
692 1.026914062498336 1.84404257812571 0
693 1.196578124997839 2.213260156249954 0
694 0.9822656249983232 2.346963281249993 0
695 0.997148437498345 2.179323046875178 0
696 1.595437499996833 2.281134374999509 0
697 1.375171874997313 2.420058593749621 0
698 1.396007812497336 2.247197265624732 0
699 1.547812499996788 2.632078124999364 0
700 1.160859374997791 2.553761718749658 0
701 1.35433593749729 2.592919921874511 0
702 0.9673828124983015 2.514603515624808 0
703 2.351484374994181 0.1806929687501551 0
704 2.089546874994988 0.3561648437503619 0
705 2.116335937494873 0.178082421875181 0
706 2.821781249992793 0.1859140625001035 0
707 2.553890624993629 0.3666070312502585 0
708 2.586632812493487 0.1833035156251293 0
709 2.750343749993107 0.5577421875003104 0
710 2.488406249993915 0.7332140625005171 0
711 2.291953124994437 0.5420789062504653 0
712 2.521148437493772 0.5499105468753878 0
713 2.035968749995218 0.7123296875007239 0
714 2.062757812495103 0.5342472656255428 0
715 2.232421874994805 0.9034648437505077 0
716 1.982390624995645 1.068494531250605 0
717 2.009179687495431 0.8904121093756645 0
718 2.678906249993551 0.929570312500194 0
719 2.422921874994441 1.099821093750184 0
720 2.455664062494178 0.916517578125351 0
721 2.607468749994126 1.301398437499754 0
722 2.357437499994966 1.466428124999851 0
723 2.172890624995281 1.264850781250282 0
724 2.390179687494704 1.283124609375018 0
725 1.928812499996071 1.424659375000486 0
726 1.955601562495858 1.246576953125546 0
727 2.113359374995594 1.626236718749891 0
728 1.875234374996203 1.780824218749903 0
729 1.902023437496137 1.602741796875194 0
730 2.536031249994506 1.673226562499282 0
731 2.291953124995133 1.833035156249322 0
732 2.32469531249505 1.649731640624587 0
733 2.46459374999469 2.04505468749878 0
734 2.226468749995301 2.199642187498792 0
735 2.053828124995744 1.987622656249334 0
736 2.259210937495217 2.016338671874057 0
737 1.821656249996337 2.136989062499318 0
738 1.84844531249627 1.958906640624611 0
739 1.994296874995799 2.349008593749058 0
740 1.768078124996295 2.493153906249248 0
741 1.794867187496316 2.315071484374284 0
742 2.393156249994754 2.416882812498604 0
743 2.160984374995253 2.56624921874887 0
744 2.193726562495277 2.382945703123831 0
745 2.321718749994698 2.788710937498755 0
746 1.934765624995759 2.710394531249063 0
747 2.128242187495228 2.749552734373909 0
748 1.741289062496274 2.671236328124213 0
749 3.292078124991448 0.1911351562500518 0
750 3.01823437499229 0.3770492187501552 0
751 3.056929687492121 0.1885246093750776 0
752 3.762374999990103 0.19635625 0
753 3.48257812499097 0.3874914062500518 0
754 3.527226562490776 0.1937457031250259 0
755 3.667124999990516 0.5890687500000001 0
756 3.393281249991357 0.7749828125001037 0
757 3.208734374991812 0.5734054687501553 0
758 3.437929687491164 0.5812371093750777 0
759 2.940843749992627 0.7540984375003104 0
760 2.979539062492459 0.5655738281252328 0
761 3.125390624992327 0.9556757812498806 0
762 2.86345312499325 1.131147656249764 0
763 2.902148437492939 0.9426230468750373 0
764 3.571874999991104 0.9817812499995666 0
765 3.303984374992074 1.162474218749344 0
766 3.348632812491715 0.9687285156247236 0
767 3.476624999991866 1.374493749998699 0
768 3.21468749999279 1.549965624998583 0
769 3.042046874992996 1.337946093749227 0
770 3.259335937492432 1.356219921873963 0
771 2.786062499993872 1.508196874999217 0
772 2.824757812493561 1.319672265624491 0
773 2.958703124993438 1.720216406248675 0
774 2.708671874994071 1.885246093748741 0
775 2.747367187493972 1.696721484373979 0
776 3.381374999992369 1.767206249998068 0
777 3.125390624993017 1.937457031248161 0
778 3.170039062492903 1.743711328123372 0
779 3.286124999992611 2.159918749997672 0
780 3.036093749993244 2.324948437497738 0
781 2.87535937499365 2.102486718748226 0
782 3.08074218749313 2.131202734372949 0
783 2.631281249994269 2.262295312498265 0
784 2.669976562494171 2.073770703123503 0
785 2.792015624993691 2.484757031248144 0
786 2.553890624994176 2.639344531248483 0
787 2.592585937494222 2.450819921873374 0
788 3.190874999992691 2.552631249997699 0
789 2.946796874993138 2.712439843748105 0
790 2.991445312493191 2.518694140622921 0
791 3.095624999992611 2.945343749998147 0
792 2.708671874993559 2.86702734374843 0
793 2.902148437493086 2.906185546873289 0
794 2.515195312494129 2.827869140623593 0
795 4.232671874991266 0.2015773437499769 0
796 3.946921874990908 0.3979335937499769 0
797 3.997523437490684 0.1989667968749885 0
798 4.70296874999271 0.2067984374999537 0
799 4.411265624992199 0.4083757812499306 0
800 4.467820312491988 0.2041878906249653 0
801 4.583906249993071 0.620395312499861 0
802 4.298156249992618 0.8167515624998611 0
803 4.125515624991746 0.6047320312499307 0
804 4.354710937492408 0.6125636718748959 0
805 3.845718749991354 0.7958671874999539 0
806 3.896320312491131 0.5969003906249655 0
807 4.018359374992376 1.007886718749396 0
808 3.744515624992126 1.193800781249009 0
809 3.79511718749174 0.9948339843744811 0
810 4.46484374999365 1.033992187499224 0
811 4.185046874993408 1.225127343748759 0
812 4.241601562493013 1.02093945312431 0
813 4.345781249994449 1.447589062498043 0
814 4.071937499994197 1.633503124997656 0
815 3.911203124993158 1.411041406248372 0
816 4.128492187493803 1.429315234373208 0
817 3.643312499992898 1.591734374998063 0
818 3.693914062492512 1.392767578123536 0
819 3.804046874993645 1.814196093747717 0
820 3.542109374993116 1.989667968747722 0
821 3.592710937493007 1.790701171872893 0
822 4.22671874999492 1.861185937497366 0
823 3.958828124994367 2.041878906247426 0
824 4.015382812494282 1.837691015622541 0
825 4.107656249995067 2.27478281249719 0
826 3.845718749994538 2.450254687497195 0
827 3.696890624993839 2.217350781247431 0
828 3.902273437494452 2.246066796872311 0
829 3.440906249993334 2.387601562497381 0
830 3.491507812493225 2.188634765622552 0
831 3.589734374993862 2.620505468747617 0
832 3.339703124993219 2.785535156247935 0
833 3.390304687493277 2.586568359372658 0
834 3.988593749995013 2.688379687497533 0
835 3.732609374994336 2.858630468747955 0
836 3.789164062494437 2.654442578122575 0
837 3.869531249994757 3.101976562498393 0
838 3.482578124993712 3.023660156248276 0
839 3.676054687494235 3.062818359373335 0
840 3.289101562493162 2.984501953123212 0
841 5.173265624994004 0.2120195312499241 0
842 4.875609374993497 0.4188179687498778 0
843 4.938117187493357 0.2094089843749389 0
844 5.643562499995017 0.2172406249998946 0
845 5.339953124994616 0.4292601562498187 0
846 5.40841406249451 0.2146300781249094 0
847 5.500687499995243 0.6517218749996838 0
848 5.20303124999483 0.8585203124996375 0
849 5.042296874994203 0.6360585937497724 0
850 5.271492187494722 0.643890234374728 0
851 4.750593749993777 0.8376359374997555 0
852 4.813101562493637 0.6282269531248167 0
853 4.911328124994691 1.060097656249021 0
854 4.625578124994564 1.25645390624849 0
855 4.68808593749417 1.047044921874123 0
856 5.35781249999573 1.086203124998819 0
857 5.066109374995592 1.287780468748202 0
858 5.134570312495211 1.07315039062392 0
859 5.214937499996481 1.520684374997299 0
860 4.929187499996354 1.717040624996768 0
861 4.780359374995466 1.484136718747671 0
862 4.997648437495973 1.502410546872485 0
863 4.50056249999535 1.675271874997224 0
864 4.563070312494957 1.465862890622857 0
865 4.649390624995881 1.908175781246957 0
866 4.375546874995451 2.094089843747098 0
867 4.4380546874954 1.884680859372161 0
868 5.072062499996839 1.955165624996549 0
869 4.792265624996366 2.146300781246739 0
870 4.86072656249636 1.931670703121754 0
871 4.929187499996807 2.38964687499657 0
872 4.655343749996378 2.575560937496711 0
873 4.518421874995937 2.33221484374688 0
874 4.723804687496372 2.360930859371725 0
875 4.250531249995552 2.512907812496971 0
876 4.313039062495502 2.303498828122035 0
877 4.387453124995816 2.756253906247377 0
878 4.125515624995276 2.931725781247938 0
879 4.188023437495414 2.722316796872455 0
880 4.786312499996535 2.824128124997203 0
881 4.518421874995973 3.00482109374787 0
882 4.586882812496175 2.79019101562229 0
883 4.643437499996021 3.258609374998448 0
884 4.256484374995516 3.180292968748448 0
885 4.449960937495769 3.219451171873448 0
886 4.063007812495137 3.141134765623421 0
887 6.113859374996441 0.2224617187498719 0
888 5.804296874995822 0.4397023437497665 0
889 5.878710937495729 0.2198511718748832 0
890 6.584156249997711 0.2276828124998491 0
891 6.268640624997155 0.450144531249721 0
892 6.349007812497076 0.2250722656248605 0
893 6.417468749997882 0.6830484374995474 0
894 6.107906249997313 0.900289062499442 0
895 5.959078124996587 0.6673851562496156 0
896 6.188273437497234 0.6752167968745815 0
897 5.655468749996008 0.8794046874995329 0
898 5.729882812495915 0.6595535156246497 0
899 5.804296874997043 1.11230859374865 0
900 5.506640624996765 1.319107031247936 0
901 5.581054687496387 1.099255859373734 0
902 6.25078124999836 1.138414062498481 0
903 5.947171874998089 1.350433593747689 0
904 6.027539062497701 1.125361328123565 0
905 6.084093749999143 1.593779687496649 0
906 5.786437499998865 1.800578124995935 0
907 5.649515624997811 1.557232031246974 0
908 5.866804687498477 1.575505859371812 0
909 5.357812499997525 1.758809374996337 0
910 5.432226562497146 1.538958203122137 0
911 5.494734374998155 2.002155468746202 0
912 5.208984374997469 2.198511718746414 0
913 5.283398437497497 1.978660546871376 0
914 5.917406249999469 2.049145312495856 0
915 5.625703124998759 2.250722656246123 0
916 5.706070312498812 2.025650390621029 0
917 5.750718749999339 2.5045109374961 0
918 5.464968749998654 2.700867187496312 0
919 5.339953124998074 2.447078906246334 0
920 5.545335937498706 2.475794921871217 0
921 5.060156249997412 2.63821406249649 0
922 5.13457031249744 2.418362890621452 0
923 5.185171874997724 2.892002343747125 0
924 4.911328124996846 3.077916406247837 0
925 4.985742187497129 2.858065234372164 0
926 5.584031249998928 2.959876562497051 0
927 5.304234374997998 3.151011718747864 0
928 5.384601562498327 2.925939453122088 0
929 5.417343749998237 3.415242187498709 0
930 5.030390624997104 3.336925781248573 0
931 5.223867187497671 3.376083984373641 0
932 4.836914062496563 3.29776757812351 0
933 7.054453124998963 0.2329039062499411 0
934 6.732984374998379 0.4605867187497902 0
935 6.819304687498337 0.2302933593748951 0
936 7.197328124999467 0.4710289062499742 0
937 7.289601562499475 0.2355144531249871 0
938 7.012781249999728 0.9420578124992594 0
939 6.875859374999051 0.6987117187495936 0
940 7.105054687499598 0.7065433593746168 0
941 6.560343749998554 0.9211734374993508 0
942 6.646664062498466 0.6908800781245705 0
943 6.697265624999537 1.164519531248347 0
944 6.387703124999343 1.381760156247477 0
945 6.474023437498948 1.151466796873414 0
946 6.828234375000525 1.413086718747299 0
947 6.920507812500127 1.177572265623279 0
948 6.643687500001406 1.884115624995129 0
949 6.518671875000358 1.630327343746359 0
950 6.735960937500965 1.648601171871214 0
951 6.215062500000158 1.842346874995532 0
952 6.30138281249975 1.612053515621504 0
953 6.340078125000732 2.096135156245436 0
954 6.042421875000043 2.30293359374576 0
955 6.128742187500101 2.072640234370646 0
956 6.45914062500132 2.355144531245324 0
957 6.551414062501363 2.119630078120227 0
958 6.274593750001062 2.82617343749595 0
959 6.161484375000574 2.561942968745791 0
960 6.366867187501191 2.590658984370637 0
961 5.86978124999987 2.763520312496131 0
962 5.956101562499957 2.533226953120946 0
963 5.982890625000072 3.027750781247049 0
964 5.697140624999131 3.224107031247969 0
965 5.7834609374995 2.99381367187205 0
966 6.090046875000194 3.297202343748141 0
967 6.182320312500628 3.061687890622045 0
968 5.804296874999343 3.49355859374892 0
969 5.997773437499849 3.532716796874016 0
970 5.61082031249879 3.454400390623815 0
971 8.239124999999531 0.8830312499992703 0
972 9.239249999996021 0.8135624999995471 0
973 10.23937499999221 0.7440937499998354 0
974 11.23949999998938 0.6746249999999452 0
975 12.2396249999927 0.6051562499995756 0
976 13.23974999999437 0.5356874999996045 0
977 14.23987499999769 0.4662187499992347 0
978 7.905750000000852 1.766062499995457 0
979 8.95349999999665 1.627124999996428 0
980 10.00124999999218 1.488187499997421 0
981 11.04899999998935 1.349249999998058 0
982 12.09674999999325 1.210312499997736 0
983 13.14449999999386 1.071374999998211 0
984 14.19224999999776 0.9324374999978891 0
985 7.572375000000347 2.649093749996482 0
986 8.667749999995714 2.440687499997766 0
987 9.763124999990858 2.232281249999082 0
988 10.85849999998828 2.023874999999865 0
989 11.95387499999302 1.81546874999921 0
990 13.04924999999283 1.607062499999749 0
991 14.14462499999757 1.398656249999092 0
992 7.739062499999923 0.917765624999242 0
993 8.405812499999483 0.4415156249996352 0
994 7.917656250000031 0.4588828124998506 0
995 8.739187499997776 0.8482968749994087 0
996 9.382124999996233 0.4067812499997736 0
997 8.893968749998017 0.4241484374997043 0
998 9.739312499994114 0.7788281249996912 0
999 10.35843749999265 0.3720468749999177 0
1000 9.87028124999426 0.3894140624998456 0
1001 10.7394374999908 0.7093593749998903 0
1002 11.33474999998975 0.3373124999999726 0
1003 10.8465937499912 0.3546796874999452 0
1004 11.73956249999104 0.6398906249997605 0
1005 12.31106249999268 0.3025781249997878 0
1006 11.82290624999122 0.3199453124998802 0
1007 12.73968749999354 0.5704218749995901 0
1008 13.2873749999948 0.2678437499998023 0
1009 12.79921874999359 0.285210937499795 0
1010 13.73981249999603 0.5009531249994196 0
1011 14.26368749999774 0.2331093749996173 0
1012 13.77553124999627 0.2504765624997098 0
1013 14.73993749999884 0.4314843749991395 0
1014 14.75184374999886 0.2157421874996426 0
1015 7.381875000001441 1.835531249995192 0
1016 8.072437500000191 1.324546874997364 0
1017 7.560468750000654 1.376648437497287 0
1018 8.429624999998751 1.696593749995943 0
1019 9.096374999996336 1.220343749997988 0
1020 8.584406249998263 1.272445312497676 0
1021 9.477374999994417 1.557656249996925 0
1022 10.1203124999922 1.116140624998628 0
1023 9.608343749994267 1.168242187498308 0
1024 10.52512499999077 1.41871874999774 0
1025 11.14424999998937 1.011937499999002 0
1026 10.63228124999078 1.064039062498815 0
1027 11.5728749999913 1.279781249997897 0
1028 12.16818749999297 0.907734374998656 0
1029 11.65621874999117 0.9598359374988289 0
1030 12.62062499999356 1.140843749997974 0
1031 13.19212499999412 0.8035312499989078 0
1032 12.68015624999354 0.8556328124987818 0
1033 13.66837499999581 1.00190624999805 0
1034 14.21606249999772 0.6993281249985619 0
1035 13.70409374999592 0.7514296874987347 0
1036 14.71612499999888 0.8629687499979072 0
1037 14.72803124999886 0.6472265624985534 0
1038 7.024687500001002 2.75329687499617 0
1039 7.7390625000006 2.20757812499597 0
1040 7.203281250001279 2.294414062495538 0
1041 8.12006249999803 2.544890624997124 0
1042 8.810624999996183 2.033906249997097 0
1043 8.274843749998389 2.120742187496533 0
1044 9.215437499993286 2.336484374998424 0
1045 9.88218749999152 1.860234374998252 0
1046 9.346406249993851 1.947070312497674 0
1047 10.31081249998957 2.128078124999474 0
1048 10.95374999998882 1.686562499998962 0
1049 10.41796874999017 1.773398437498607 0
1050 11.40618749999065 1.919671874999537 0
1051 12.02531249999313 1.512890624998473 0
1052 11.48953124999098 1.599726562498718 0
1053 12.50156249999293 1.711265624999479 0
1054 13.09687499999335 1.33921874999898 0
1055 12.56109374999324 1.426054687498726 0
1056 13.5969374999952 1.50285937499942 0
1057 14.16843749999766 1.165546874998491 0
1058 13.63265624999551 1.252382812498735 0
1059 14.69231249999878 1.294453124999033 0
1060 14.70421874999883 1.078710937498498 0
1061 7.405687499999532 3.090609374998397 0
1062 6.846093749999934 3.212179687498356 0
1063 8.524874999994765 2.847468749999635 0
1064 7.965281249997501 2.96903906249893 0
1065 9.644062499989794 2.604328125000912 0
1066 9.084468749991995 2.725898437500342 0
1067 10.76324999998743 2.361187500001566 0
1068 10.20365624998861 2.482757812501238 0
1069 11.88243749999266 2.11804687500054 0
1070 11.32284374999009 2.239617187501042 0
1071 13.00162499999216 1.87490625000091 0
1072 12.44203124999324 1.996476562500523 0
1073 14.12081249999739 1.631765624999884 0
1074 13.56121874999479 1.753335937500391 0
1075 14.68040624999844 1.510195312499748 0
1076 7.673578125000002 0.4675664062499584 0
1077 8.006953125000178 0.2294414062499253 0
1078 7.765851562500084 0.2337832031249792 0
1079 7.489031250000119 0.9351328124992278 0
1080 7.828359374999977 0.6883242187495463 0
1081 7.581304687500061 0.701349609374593 0
1082 7.989093749999727 0.9003984374992562 0
1083 8.322468749999507 0.6622734374994528 0
1084 8.161734374999757 0.4501992187497429 0
1085 8.075414062499743 0.6752988281244995 0
1086 8.489156249999459 0.2207578124998176 0
1087 8.248054687499819 0.2250996093748715 0
1088 8.649890624998751 0.4328320312496697 0
1089 8.971359374998137 0.2120742187498522 0
1090 8.730257812498797 0.2164160156248349 0
1091 8.489156249998654 0.8656640624993395 0
1092 8.816578124997896 0.6362226562495565 0
1093 8.569523437498702 0.6492480468745047 0
1094 8.989218749996898 0.8309296874994778 0
1095 9.310687499996128 0.6101718749996603 0
1096 9.138046874997125 0.415464843749739 0
1097 9.063632812497012 0.6231972656246085 0
1098 9.453562499996338 0.2033906249998868 0
1099 9.212460937497237 0.2077324218748695 0
1100 9.626203124995246 0.3980976562498096 0
1101 9.935765624994335 0.1947070312499228 0
1102 9.694664062495336 0.1990488281249048 0
1103 9.489281249995067 0.7961953124996192 0
1104 9.804796874994187 0.5841210937497684 0
1105 9.557742187495158 0.5971464843747144 0
1106 9.989343749993161 0.7614609374997633 0
1107 10.29890624999243 0.5580703124998765 0
1108 10.11435937499346 0.3807304687498817 0
1109 10.05185156249331 0.5710957031248224 0
1110 10.41796874999288 0.1860234374999588 0
1111 10.17686718749361 0.1903652343749408 0
1112 10.60251562499193 0.3633632812499315 0
1113 10.9001718749914 0.1773398437499726 0
1114 10.65907031249214 0.1816816406249657 0
1115 10.4894062499915 0.7267265624998629 0
1116 10.793015624991 0.5320195312499177 0
1117 10.54596093749172 0.5450449218748972 0
1118 10.98946874999009 0.6919921874999178 0
1119 11.28712499998957 0.5059687499999589 0
1120 11.09067187499048 0.3459960937499589 0
1121 11.04007031249028 0.5189941406249383 0
1122 11.38237499998993 0.1686562499999863 0
1123 11.14127343749067 0.1729980468749794 0
1124 11.57882812499049 0.3286289062499264 0
1125 11.8645781249913 0.1599726562499401 0
1126 11.62347656249062 0.1643144531249632 0
1127 11.48953124999021 0.6572578124998528 0
1128 11.78123437499113 0.4799179687498203 0
1129 11.53417968749035 0.4929433593748896 0
1130 11.98959374999187 0.622523437499668 0
1131 12.27534374999269 0.4538671874996817 0
1132 12.06698437499195 0.311261718749834 0
1133 12.02828906249191 0.4668925781247511 0
1134 12.34678124999267 0.1512890624998939 0
1135 12.10567968749199 0.155630859374917 0
1136 12.55514062499314 0.2938945312497914 0
1137 12.82898437499362 0.1426054687498975 0
1138 12.58788281249315 0.1469472656248957 0
1139 12.48965624999312 0.5877890624995829 0
1140 12.76945312499356 0.4278164062496925 0
1141 12.52239843749313 0.4408417968746871 0
1142 12.98971874999396 0.5530546874995973 0
1143 13.26356249999459 0.4017656249997034 0
1144 13.04329687499419 0.2765273437497987 0
1145 13.01650781249407 0.414791015624698 0
1146 13.31118749999502 0.1339218749999012 0
1147 13.07008593749432 0.1382636718748993 0
1148 13.53145312499554 0.2591601562497561 0
1149 13.79339062499639 0.1252382812498549 0
1150 13.5522890624957 0.129580078124878 0
1151 13.4897812499952 0.5183203124995121 0
1152 13.75767187499615 0.3757148437495647 0
1153 13.51061718749537 0.3887402343746341 0
1154 13.98984374999686 0.4835859374993271 0
1155 14.25178124999772 0.349664062499426 0
1156 14.01960937499701 0.2417929687496636 0
1157 14.00472656249693 0.3626894531244954 0
1158 14.27559374999776 0.1165546874998087 0
1159 14.03449218749708 0.1208964843748318 0
1160 14.5077656249983 0.22442578124963 0
1161 14.75779687499888 0.1078710937498213 0
1162 14.51669531249832 0.112212890624815 0
1163 14.48990624999827 0.4488515624991871 0
1164 14.74589062499885 0.323613281249391 0
1165 14.49883593749828 0.3366386718744086 0
1166 14.98996874999942 0.4141171874990919 0
1167 14.99592187499943 0.2070585937496552 0
1168 14.99294531249943 0.3105878906243735 0
1169 14.99889843749944 0.1035292968748276 0
1170 7.304484375000885 1.402699218747249 0
1171 7.649765625000288 1.147207031248265 0
1172 7.396757812500502 1.168916015623238 0
1173 7.119937500001734 1.87026562499506 0
1174 7.471171875001048 1.606089843746239 0
1175 7.212210937501309 1.636482421871154 0
1176 7.643812500001147 1.800796874995325 0
1177 7.989093750000522 1.545304687496411 0
1178 7.816453125000423 1.350597656247325 0
1179 7.730132812500784 1.575697265621325 0
1180 8.155781249999862 1.103789062498317 0
1181 7.902773437500075 1.125498046873291 0
1182 8.328421874999227 1.29849609374752 0
1183 8.66179687499802 1.060371093748542 0
1184 8.40878906249894 1.08208007812343 0
1185 8.167687499999801 1.7313281249957 0
1186 8.507015624998507 1.484519531246809 0
1187 8.248054687499515 1.51491210937161 0
1188 8.691562499997701 1.661859374996185 0
1189 9.024937499996494 1.423734374997208 0
1190 8.840390624997299 1.246394531247832 0
1191 8.7659765624975 1.454126953122009 0
1192 9.167812499996177 1.016953124998768 0
1193 8.914804687497099 1.038662109373655 0
1194 9.352359374995302 1.194292968748148 0
1195 9.673828124994191 0.9735351562489996 0
1196 9.420820312495184 0.9952441406238837 0
1197 9.215437499995534 1.592390624996677 0
1198 9.542859374994343 1.362949218747616 0
1199 9.283898437495418 1.393341796872412 0
1200 9.739312499993298 1.522921874997173 0
1201 10.06078124999219 1.302164062498024 0
1202 9.864328124993234 1.142191406248468 0
1203 9.801820312493266 1.33255664062282 0
1204 10.17984374999221 0.9301171874992318 0
1205 9.926835937493198 0.9518261718741157 0
1206 10.37629687499149 1.090089843748721 0
1207 10.68585937499079 0.8866992187493527 0
1208 10.4328515624915 0.9084082031242923 0
1209 10.26318749999147 1.45345312499758 0
1210 10.57870312499077 1.241378906248277 0
1211 10.31974218749148 1.271771484373151 0
1212 10.78706249999006 1.383984374997899 0
1213 11.09662499998936 1.18059374999853 0
1214 10.88826562499008 1.037988281248909 0
1215 10.83766406249007 1.210986328123404 0
1216 11.19187499998938 0.8432812499994736 0
1217 10.93886718749008 0.8649902343744131 0
1218 11.40023437499027 0.9858867187489155 0
1219 11.69789062499111 0.7998632812492947 0
1220 11.44488281249024 0.8215722656243842 0
1221 11.31093749999032 1.314515624997978 0
1222 11.61454687499123 1.119808593748363 0
1223 11.3555859374903 1.150201171873446 0
1224 11.83481249999228 1.245046874997817 0
1225 12.13246874999311 1.059023437498196 0
1226 11.91220312499207 0.9337851562487425 0
1227 11.87350781249217 1.08941601562328 0
1228 12.20390624999283 0.7564453124991157 0
1229 11.95089843749197 0.7781542968742052 0
1230 12.42417187499326 0.8816835937487189 0
1231 12.70992187499354 0.7130273437491859 0
1232 12.45691406249319 0.7347363281241509 0
1233 12.35868749999341 1.175578124997855 0
1234 12.65039062499355 0.9982382812483779 0
1235 12.39142968749333 1.028630859373287 0
1236 12.88256249999371 1.106109374998093 0
1237 13.16831249999399 0.9374531249985594 0
1238 12.93614062499383 0.8295820312488448 0
1239 12.90935156249377 0.9678457031234686 0
1240 13.21593749999424 0.6696093749992562 0
1241 12.96292968749389 0.691318359374221 0
1242 13.44810937499502 0.7774804687488213 0
1243 13.72195312499597 0.6261914062490772 0
1244 13.46894531249511 0.6479003906241667 0
1245 13.40643749999484 1.03664062499813 0
1246 13.68623437499587 0.8766679687483924 0
1247 13.42727343749493 0.9070605468734759 0
1248 13.93031249999678 0.9671718749979695 0
1249 14.20415624999774 0.8158828124982255 0
1250 13.96007812499682 0.7253789062486483 0
1251 13.9451953124968 0.8462753906233089 0
1252 14.22796874999771 0.5827734374988983 0
1253 13.97496093749684 0.6044824218739877 0
1254 14.47204687499829 0.6732773437485576 0
1255 14.73398437499885 0.5393554687488464 0
1256 14.48097656249828 0.5610644531238724 0
1257 14.45418749999832 0.8977031249978982 0
1258 14.72207812499887 0.7550976562482303 0
1259 14.46311718749831 0.7854902343732279 0
1260 14.97806249999944 0.8282343749979162 0
1261 14.98401562499943 0.6211757812485492 0
1262 14.98103906249944 0.7247050781232328 0
1263 14.98699218749943 0.5176464843738206 0
1264 6.935390625001618 2.337832031245323 0
1265 7.292578125001359 2.064972656245365 0
1266 7.027664062501676 2.104048828120191 0
1267 6.750843750001329 2.805398437496014 0
1268 7.11398437500114 2.523855468745854 0
1269 6.843117187501473 2.571615234370668 0
1270 7.298531250000675 2.701195312496326 0
1271 7.655718750000474 2.428335937496226 0
1272 7.471171875000939 2.250996093745754 0
1273 7.384851562500806 2.47609570312104 0
1274 7.822406250000726 1.986820312495714 0
1275 7.557492187501042 2.025896484370539 0
1276 8.006953124999495 2.164160156246251 0
1277 8.35223437499857 1.908667968746238 0
1278 8.087320312499648 1.947744140620976 0
1279 7.846218749999188 2.596992187496803 0
1280 8.197453124998209 2.332816406246828 0
1281 7.926585937499342 2.380576171871527 0
1282 8.393906249996871 2.492789062497445 0
1283 8.739187499995948 2.237296874997432 0
1284 8.542734374997286 2.077324218746815 0
1285 8.468320312497077 2.28505664062213 0
1286 8.882062499996415 1.830515624996763 0
1287 8.617148437497493 1.8695917968715 0
1288 9.078515624995017 1.990488281247385 0
1289 9.411890624994134 1.7523632812473 0
1290 9.146976562495276 1.791439453122031 0
1291 8.9415937499945 2.388585937498095 0
1292 9.280921874993569 2.141777343748049 0
1293 9.010054687494758 2.18953710937274 0
1294 9.489281249992072 2.284382812498753 0
1295 9.822656249991189 2.046257812498667 0
1296 9.614296874992686 1.903652343747963 0
1297 9.551789062492379 2.094017578123358 0
1298 9.94171874999185 1.674210937497836 0
1299 9.676804687492993 1.713287109372568 0
1300 10.15007812499085 1.816816406248429 0
1301 10.47154687499047 1.596058593748174 0
1302 10.20663281249116 1.635134765623005 0
1303 10.03696874999021 2.180179687499278 0
1304 10.36439062498987 1.95073828124904 0
1305 10.09352343749053 1.998498046873853 0
1306 10.58465624998893 2.075976562499669 0
1307 10.90612499998855 1.855218749999414 0
1308 10.68585937498949 1.729980468748785 0
1309 10.63525781248921 1.902978515624227 0
1310 11.00137499998909 1.51790624999851 0
1311 10.73646093748978 1.556982421873342 0
1312 11.2216406249899 1.64314453124884 0
1313 11.53120312499114 1.439753906248308 0
1314 11.26628906249011 1.478830078123409 0
1315 11.13234374998947 1.971773437499701 0
1316 11.44785937499082 1.759699218749128 0
1317 11.17699218748968 1.807458984374271 0
1318 11.68003124999184 1.867570312499373 0
1319 11.98959374999308 1.664179687498842 0
1320 11.75742187499206 1.556308593748596 0
1321 11.71872656249195 1.711939453123985 0
1322 12.06103124999319 1.361601562498104 0
1323 11.79611718749217 1.400677734373206 0
1324 12.29320312499318 1.4694726562486 0
1325 12.5908593749934 1.28344921874835 0
1326 12.32594531249329 1.322525390623227 0
1327 12.22771874999298 1.763367187499345 0
1328 12.53132812499309 1.568660156249103 0
1329 12.26046093749308 1.616419921873972 0
1330 12.77540624999288 1.659164062499614 0
1331 13.07306249999309 1.473140624999365 0
1332 12.8289843749933 1.382636718748853 0
1333 12.80219531249309 1.520900390624234 0
1334 13.1206874999936 1.205296874998596 0
1335 12.8557734374935 1.244373046873473 0
1336 13.36476562499443 1.295800781248857 0
1337 13.65051562499566 1.127144531248393 0
1338 13.38560156249463 1.166220703123494 0
1339 13.32309374999402 1.554960937499585 0
1340 13.61479687499536 1.377621093749077 0
1341 13.34392968749422 1.425380859374221 0
1342 13.87078124999638 1.450757812499256 0
1343 14.15653124999762 1.282101562498792 0
1344 13.90054687499659 1.208964843748613 0
1345 13.88566406249649 1.329861328123934 0
1346 14.18034374999771 1.04899218749819 0
1347 13.91542968749668 1.088068359373291 0
1348 14.43632812499824 1.122128906248495 0
1349 14.71017187499886 0.9708398437482027 0
1350 14.44525781249828 1.009916015623196 0
1351 14.41846874999818 1.346554687499062 0
1352 14.6982656249988 1.186582031248765 0
1353 14.42739843749821 1.234341796873779 0
1354 14.96615624999939 1.242351562499004 0
1355 14.97210937499942 1.035292968748502 0
1356 14.9691328124994 1.138822265623752 0
1357 14.97508593749943 0.9317636718732087 0
1358 6.566296875000322 3.272964843748289 0
1359 6.935390625000467 2.982738281247263 0
1360 6.658570312500825 3.039181640622152 0
1361 6.756796874999458 3.441621093749302 0
1362 6.474023437499906 3.506748046874207 0
1363 7.322343749999125 3.311367187499354 0
1364 7.125890624999733 3.151394531248377 0
1365 7.039570312499292 3.376494140624328 0
1366 7.48903124999994 2.869851562497439 0
1367 7.212210937500204 2.926294921872351 0
1368 7.685484374998516 3.029824218748663 0
1369 8.042671874997765 2.756964843748027 0
1370 7.765851562498852 2.813408203122733 0
1371 7.887890624997235 3.181113281249834 0
1372 7.60511718749818 3.246240234374594 0
1373 8.453437499994291 3.050859375000569 0
1374 8.245078124996134 2.908253906249283 0
1375 8.170664062495762 3.115986328125202 0
1376 8.596312499995239 2.644078124998701 0
1377 8.319492187496502 2.700521484373364 0
1378 8.80467187499338 2.786683593749989 0
1379 9.14995312499264 2.531191406249383 0
1380 8.873132812493939 2.587634765624042 0
1381 9.01898437499135 2.920605468751301 0
1382 8.736210937492821 2.985732421875935 0
1383 9.584531249989261 2.790351562501827 0
1384 9.364265624990894 2.665113281250627 0
1385 9.301757812490305 2.855478515626563 0
1386 9.703593749990326 2.418304687499997 0
1387 9.426773437491484 2.47474804687469 0
1388 9.923859374989203 2.543542968751075 0
1389 10.25723437498909 2.305417968750356 0
1390 9.980414062489707 2.361861328125177 0
1391 10.15007812498813 2.660097656252121 0
1392 9.867304687488696 2.725224609376974 0
1393 10.715624999987 2.529843750002416 0
1394 10.48345312498802 2.421972656251402 0
1395 10.43285156248757 2.594970703127268 0
1396 10.81087499998786 2.192531250000716 0
1397 10.53405468748847 2.248974609375536 0
1398 11.04304687498876 2.300402343751304 0
1399 11.36451562499037 2.07964453125029 0
1400 11.08769531248911 2.136087890625503 0
1401 11.28117187498981 2.399589843751794 0
1402 10.99839843748841 2.464716796877105 0
1403 11.84671874999248 2.269335937501205 0
1404 11.60264062499138 2.178832031250791 0
1405 11.56394531249114 2.3344628906265 0
1406 11.91815624999284 1.966757812499875 0
1407 11.64133593749161 2.023201171875082 0
1408 12.16223437499295 2.057261718750532 0
1409 12.47179687499309 1.853871093750001 0
1410 12.19497656249296 1.910314453124938 0
1411 12.4122656249934 2.139082031251045 0
1412 12.12949218749294 2.204208984376125 0
1413 12.97781249999182 2.00882812500149 0
1414 12.7218281249927 1.935691406250717 0
1415 12.69503906249261 2.073955078126268 0
1416 13.0254374999925 1.74098437500033 0
1417 12.74861718749279 1.797427734375165 0
1418 13.28142187499348 1.81412109375065 0
1419 13.579078124995 1.628097656249905 0
1420 13.30225781249374 1.684541015625118 0
1421 13.54335937499459 1.878574218750877 0
1422 13.26058593749321 1.943701171876184 0
1423 14.1089062499973 1.74832031250028 0
1424 13.84101562499609 1.692550781250138 0
1425 13.82613281249595 1.813447265625579 0
1426 14.13271874999748 1.515210937499488 0
1427 13.85589843749624 1.571654296874697 0
1428 14.40060937499792 1.570980468749816 0
1429 14.68635937499861 1.402324218749391 0
1430 14.40953906249805 1.458767578124439 0
1431 14.67445312499827 1.618066406250106 0
1432 14.39167968749779 1.683193359375193 0
1433 14.96020312499922 1.449410156249618 0
1434 14.95722656249913 1.552939453124925 0
1435 14.96317968749931 1.345880859374311 0
1436 7.905749999996344 4.554093749997378 0
1437 8.572499999993198 5.57606249999338 0
1438 9.239249999993151 6.598031249994342 0
1439 8.953499999992939 4.345687499998151 0
1440 9.524999999991401 5.437124999993775 0
1441 10.09649999999252 6.528562499994886 0
1442 10.0012499999894 4.137281249998956 0
1443 10.47749999998952 5.29818749999419 0
1444 10.95374999999185 6.459093749995441 0
1445 11.04899999998701 3.928874999999229 0
1446 11.42999999998701 5.15924999999425 0
1447 11.81099999998878 6.389624999995819 0
1448 12.09674999999245 3.720468749998062 0
1449 12.38249999999227 5.020312499993349 0
1450 12.66824999999342 6.320156249995717 0
1451 13.14449999999211 3.512062499998091 0
1452 13.33499999999252 4.881374999993246 0
1453 13.52549999999381 6.250687499996014 0
1454 14.19224999999669 3.303656249996924 0
1455 14.28749999999604 4.742437499992346 0
1456 14.38274999999584 6.181218749995911 0
1457 7.572374999997531 4.043109374998845 0
1458 7.381874999997078 4.658296874997322 0
1459 7.024687499998084 4.16467968749885 0
1460 8.239124999994772 5.065078124995379 0
1461 8.096249999993971 5.645531249993404 0
1462 7.739062499995555 5.1519140624954 0
1463 8.905874999993173 6.087046874993861 0
1464 8.810624999994182 6.63276562499418 0
1465 8.453437499993711 6.139148437493337 0
1466 9.572624999995014 7.109015624997172 0
1467 9.167812499996325 7.126382812497234 0
1468 8.667749999993376 3.799968749999827 0
1469 8.42962499999464 4.449890624997765 0
1470 8.120062499995806 3.92153906249925 0
1471 9.23924999999217 4.891406249995963 0
1472 9.0487499999923 5.506593749993577 0
1473 8.739187499993468 4.97824218749567 0
1474 9.810749999991961 5.982843749994331 0
1475 9.667874999992836 6.563296874994615 0
1476 9.358312499992568 6.034945312494096 0
1477 10.3822499999947 7.074281249997443 0
1478 9.977437499994773 7.091648437497308 0
1479 9.763124999989064 3.556828125000848 0
1480 9.477374999991168 4.241484374998554 0
1481 9.215437499990939 3.678398437500407 0
1482 10.23937499998946 4.717734374996573 0
1483 10.00124999999046 5.367656249993982 0
1484 9.739312499990813 4.804570312496267 0
1485 10.71562499999068 5.878640624994816 0
1486 10.52512499999218 6.493828124995163 0
1487 10.26318749999132 5.930742187494573 0
1488 11.19187499999436 7.03954687499772 0
1489 10.78706249999447 7.056914062497581 0
1490 10.85849999998679 3.313687500001247 0
1491 10.5251249999882 4.033078124999093 0
1492 10.31081249998793 3.435257812501048 0
1493 11.23949999998701 4.544062499996739 0
1494 10.95374999998826 5.22871874999422 0
1495 10.73943749998823 4.630898437496656 0
1496 11.6204999999879 5.774437499995035 0
1497 11.38237499999032 6.42435937499563 0
1498 11.16806249998929 5.826539062494926 0
1499 12.00149999999075 7.004812499997909 0
1500 11.59668749999229 7.022179687497816 0
1501 11.95387499999238 3.070546874999967 0
1502 11.57287499998973 3.824671874998646 0
1503 11.40618749998963 3.192117187500596 0
1504 12.23962499999236 4.370390624995705 0
1505 11.90624999998964 5.089781249993799 0
1506 11.73956249998969 4.457226562496222 0
1507 12.52537499999285 5.670234374994533 0
1508 12.2396249999911 6.354890624995768 0
1509 12.07293749999037 5.722335937494785 0
1510 12.8111249999948 6.970078124997858 0
1511 12.40631249999276 6.987445312497883 0
1512 13.0492499999918 2.827406250000081 0
1513 12.62062499999228 3.616265624998077 0
1514 12.50156249999292 2.948976562499822 0
1515 13.23974999999231 4.196718749995668 0
1516 12.85874999999239 4.950843749993297 0
1517 12.73968749999234 4.283554687495688 0
1518 13.43024999999317 5.56603124999463 0
1519 13.09687499999362 6.285421874995866 0
1520 12.97781249999301 5.61813281249458 0
1521 13.620749999995 6.935343749998006 0
1522 13.21593749999463 6.95271093749793 0
1523 14.14462499999695 2.584265624998801 0
1524 13.6683749999944 3.407859374997507 0
1525 13.5969374999944 2.705835937499435 0
1526 14.23987499999636 4.023046874994635 0
1527 13.81124999999428 4.811906249992796 0
1528 13.73981249999434 4.109882812495153 0
1529 14.33512499999594 5.461828124994129 0
1530 13.95412499999483 6.215953124995963 0
1531 13.88268749999456 5.51392968749438 0
1532 14.43037499999601 6.900609374997956 0
1533 14.0255624999955 6.91797656249798 0
1534 14.71612499999834 3.199453124996609 0
1535 14.69231249999822 2.462695312498711 0
1536 14.76374999999802 4.672968749992075 0
1537 14.73993749999818 3.936210937494278 0
1538 14.81137499999792 6.14648437499595 0
1539 14.78756249999798 5.409726562494015 0
1540 14.83518749999801 6.883242187497975 0
1541 6.846093749998533 3.917871093749549 0
1542 6.750843749998548 4.225464843748807 0
1543 6.566296874999019 3.982998046874466 0
1544 7.405687499998125 3.787617187499579 0
1545 7.298531249997808 4.103894531248848 0
1546 7.125890624998329 3.852744140624564 0
1547 7.739062499996937 4.298601562498112 0
1548 7.643812499996711 4.60619531249735 0
1549 7.203281249997581 4.411488281248087 0
1550 7.47117187499726 4.355044921873099 0
1551 7.119937499997445 4.710398437497294 0
1552 6.935390624997996 4.467931640623051 0
1553 7.560468749996316 4.905105468746361 0
1554 7.489031249995946 5.19533203124541 0
1555 7.304484374996696 4.952865234371352 0
1556 8.072437499995559 4.809585937496379 0
1557 7.989093749995163 5.108496093745389 0
1558 7.816453124995937 4.85734570312137 0
1559 8.405812499993985 5.32057031249438 0
1560 8.334374999993585 5.610796874993392 0
1561 7.917656249994763 5.398722656244402 0
1562 8.161734374994374 5.359646484369391 0
1563 7.858124999994356 5.680265624993416 0
1564 7.673578124995152 5.437798828119413 0
1565 8.274843749993842 5.89233984374337 0
1566 8.22721874999398 6.165199218743076 0
1567 8.042671874994168 5.922732421868245 0
1568 8.739187499993186 5.831554687493621 0
1569 8.679656249993442 6.1130976562436 0
1570 8.507015624993514 5.861947265618496 0
1571 9.072562499993161 6.342539062494102 0
1572 9.024937499993666 6.615398437494261 0
1573 8.632031249993947 6.385957031243759 0
1574 8.852296874993554 6.36424804686893 0
1575 8.596312499994699 6.650132812494099 0
1576 8.41176562499434 6.407666015618587 0
1577 8.989218749995253 6.879574218745708 0
1578 8.965406249997081 7.135066406247265 0
1579 8.78085937499589 6.892599609370683 0
1580 9.405937499994082 6.853523437495757 0
1581 9.370218749995669 7.117699218747204 0
1582 9.197578124994667 6.866548828120732 0
1583 9.739312499995947 7.364507812498585 0
1584 9.34640624999728 7.373191406248617 0
1585 9.542859374996613 7.368849609373602 0
1586 9.149953124998099 7.377533203123633 0
1587 7.965281249996387 3.657363281249993 0
1588 7.846218749996668 3.982324218749048 0
1589 7.685484374997256 3.722490234374786 0
1590 8.524874999993596 3.527109375000666 0
1591 8.39390624999459 3.860753906249538 0
1592 8.245078124994992 3.592236328125329 0
1593 8.810624999993157 4.072828124998989 0
1594 8.69156249999379 4.397789062497958 0
1595 8.274843749995224 4.185714843748507 0
1596 8.54273437499419 4.129271484373748 0
1597 8.167687499995491 4.501992187497572 0
1598 8.00695312499608 4.24215820312331 0
1599 8.584406249994053 4.714066406246718 0
1600 8.489156249994121 5.021660156245525 0
1601 8.328421874994806 4.761826171871548 0
1602 9.096374999992555 4.618546874997057 0
1603 8.989218749992819 4.934824218745817 0
1604 8.840390624993304 4.666306640621888 0
1605 9.382124999991785 5.164265624994869 0
1606 9.28687499999185 5.471859374993676 0
1607 8.893968749992883 5.242417968744624 0
1608 9.138046874992334 5.203341796869746 0
1609 8.810624999992749 5.541328124993479 0
1610 8.649890624993436 5.281494140619502 0
1611 9.203531249992434 5.770769531243836 0
1612 9.132093749992871 6.060996093743979 0
1613 8.97135937499281 5.801162109368729 0
1614 9.667874999991682 5.709984374994053 0
1615 9.584531249992264 6.008894531244214 0
1616 9.435703124992056 5.740376953118944 0
1617 9.95362499999224 6.255703124994609 0
1618 9.882187499992678 6.54592968749475 0
1619 9.513093749992702 6.299121093744356 0
1620 9.733359374992471 6.277412109369482 0
1621 9.453562499992994 6.580664062494479 0
1622 9.292828124992932 6.320830078119229 0
1623 9.822656249993806 6.827472656245961 0
1624 9.775031249994893 7.100332031247239 0
1625 9.614296874993944 6.840498046870859 0
1626 10.23937499999361 6.801421874996165 0
1627 10.17984374999474 7.082964843747376 0
1628 10.03101562499371 6.814447265621063 0
1629 10.52512499999579 7.347140624998722 0
1630 10.13221874999574 7.355824218748654 0
1631 10.32867187499577 7.351482421873688 0
1632 9.935765624995844 7.36016601562362 0
1633 9.084468749990823 3.396855468751333 0
1634 8.941593749992158 3.739183593750117 0
1635 8.804671874992209 3.461982421876 0
1636 9.644062499988895 3.266601562501795 0
1637 9.48928124999 3.617613281250628 0
1638 9.364265624989859 3.331728515626564 0
1639 9.882187499989232 3.847054687499902 0
1640 9.739312499990284 4.189382812498755 0
1641 9.346406249991054 3.95994140624948 0
1642 9.614296874990142 3.903498046874692 0
1643 9.215437499992053 4.293585937498353 0
1644 9.078515624992107 4.016384765624235 0
1645 9.60834374999099 4.52302734374741 0
1646 9.489281249991493 4.847988281246115 0
1647 9.352359374991773 4.570787109372234 0
1648 10.12031249998943 4.427507812497765 0
1649 9.989343749990137 4.761152343746421 0
1650 9.864328124990209 4.475267578122588 0
1651 10.35843749998949 5.007960937495382 0
1652 10.23937499998999 5.332921874994086 0
1653 9.870281249990637 5.086113281245124 0
1654 10.11435937499006 5.047037109370253 0
1655 9.76312499999093 5.402390624993879 0
1656 9.626203124991211 5.125189453119996 0
1657 10.13221874999089 5.649199218744277 0
1658 10.03696874999164 5.956792968744452 0
1659 9.900046874991286 5.679591796869165 0
1660 10.5965624999901 5.588414062494502 0
1661 10.489406249991 5.904691406244695 0
1662 10.3643906249905 5.61880664061939 0
1663 10.83468749999127 6.168867187495128 0
1664 10.73943749999202 6.476460937495302 0
1665 10.39415624999175 6.212285156244868 0
1666 10.61442187499151 6.190576171869997 0
1667 10.31081249999235 6.511195312495024 0
1668 10.17389062499199 6.233994140619738 0
1669 10.65609374999333 6.775371093746372 0
1670 10.58465624999458 7.065597656247512 0
1671 10.44773437499347 6.788396484371268 0
1672 11.07281249999311 6.749320312496581 0
1673 10.98946874999442 7.048230468747651 0
1674 10.86445312499322 6.762345703121477 0
1675 11.31093749999562 7.32977343749886 0
1676 10.91803124999561 7.33845703124879 0
1677 11.11448437499562 7.334115234373826 0
1678 10.7215781249957 7.342798828123756 0
1679 10.20365624998779 3.136347656252025 0
1680 10.0369687499885 3.496042968750948 0
1681 9.923859374988343 3.20147460937691 0
1682 10.76324999998668 3.006093750002257 0
1683 10.58465624998736 3.374472656251148 0
1684 10.48345312498724 3.071220703127141 0
1685 10.9537499999869 3.621281250000238 0
1686 10.78706249998761 3.980976562499161 0
1687 10.41796874998807 3.73416796875007 0
1688 10.68585937498748 3.677724609375154 0
1689 10.2631874999888 4.085179687499025 0
1690 10.15007812498865 3.790611328124986 0
1691 10.63228124998821 4.331988281247874 0
1692 10.48940624998885 4.674316406246614 0
1693 10.37629687498882 4.37974804687282 0
1694 11.14424999998701 4.236468749997984 0
1695 10.98946874998762 4.587480468746698 0
1696 10.88826562498761 4.28422851562293 0
1697 11.33474999998701 4.851656249995495 0
1698 11.19187499998763 5.193984374994235 0
1699 10.84659374998824 4.929808593745438 0
1700 11.09067187498763 4.890732421870466 0
1701 10.71562499998889 5.263453124994205 0
1702 10.60251562498887 4.96888476562041 0
1703 11.06090624998878 5.527628906244573 0
1704 10.94184374998999 5.852589843744871 0
1705 10.82873437498944 5.558021484369538 0
1706 11.52524999998746 5.466843749994643 0
1707 11.3942812499886 5.800488281244981 0
1708 11.29307812498811 5.497236328119608 0
1709 11.71574999998834 6.082031249995428 0
1710 11.59668749998955 6.406992187495725 0
1711 11.2752187499898 6.125449218745278 0
1712 11.49548437498907 6.103740234370353 0
1713 11.16806249999108 6.441726562495536 0
1714 11.05495312499054 6.147158203120203 0
1715 11.48953124999131 6.723269531246723 0
1716 11.39428124999333 7.030863281247768 0
1717 11.28117187499221 6.736294921871652 0
1718 11.90624999998977 6.697218749996864 0
1719 11.79909374999152 7.013496093747863 0
1720 11.69789062499054 6.710244140621795 0
1721 12.09674999999173 7.312406249998954 0
1722 11.70384374999328 7.321089843748908 0
1723 11.90029687499251 7.316748046873932 0
1724 11.50739062499445 7.325431640623885 0
1725 11.32284374998958 2.875839843751571 0
1726 11.13234374998821 3.252902343750922 0
1727 11.04304687498813 2.940966796876914 0
1728 11.88243749999234 2.745585937500919 0
1729 11.680031249991 3.131332031250282 0
1730 11.60264062499096 2.810712890626245 0
1731 12.02531249999242 3.395507812499015 0
1732 11.83481249999109 3.772570312498354 0
1733 11.48953124998968 3.508394531249621 0
1734 11.75742187499105 3.451951171874318 0
1735 11.31093749998837 3.876773437498938 0
1736 11.22164062498829 3.56483789062493 0
1737 11.65621874998971 4.140949218747434 0
1738 11.48953124998835 4.500644531246481 0
1739 11.40023437498836 4.18870898437271 0
1740 12.16818749999241 4.045429687496884 0
1741 11.98959374999103 4.413808593745964 0
1742 11.91220312499106 4.093189453122159 0
1743 12.31106249999231 4.695351562494527 0
1744 12.14437499999096 5.055046874993574 0
1745 11.82290624998966 4.773503906245011 0
1746 12.06698437499099 4.734427734369769 0
1747 11.66812499998833 5.124515624994025 0
1748 11.57882812498834 4.812580078120252 0
1749 11.98959374999001 5.406058593744293 0
1750 11.84671874998914 5.748386718744911 0
1751 11.75742187498873 5.436451171869468 0
1752 12.45393749999256 5.34527343749394 0
1753 12.29915624999161 5.69628515624466 0
1754 12.22176562499128 5.375666015619116 0
1755 12.59681249999314 5.995195312495126 0
1756 12.45393749999226 6.337523437495743 0
1757 12.15628124999074 6.038613281245277 0
1758 12.37654687499194 6.016904296870202 0
1759 12.02531249998994 6.372257812495794 0
1760 11.93601562498954 6.060322265620352 0
1761 12.32296874999193 6.671167968746826 0
1762 12.20390624999176 6.996128906247896 0
1763 12.11460937499085 6.684193359371845 0
1764 12.73968749999411 6.645117187496788 0
1765 12.60871874999378 6.978761718747871 0
1766 12.53132812499302 6.658142578121806 0
1767 12.88256249999549 7.29503906249893 0
1768 12.48965624999359 7.303722656248942 0
1769 12.68610937499454 7.299380859373936 0
1770 12.29320312499266 7.308064453123948 0
1771 12.44203124999324 2.615332031250695 0
1772 12.22771874999265 3.009761718749894 0
1773 12.16223437499279 2.680458984375807 0
1774 13.00162499999164 2.485078125001076 0
1775 12.77540624999236 2.888191406249951 0
1776 12.72182812499244 2.550205078125885 0
1777 13.09687499999195 3.169734374999086 0
1778 12.8825624999922 3.564164062498084 0
1779 12.5610937499926 3.28262109374895 0
1780 12.82898437499228 3.226177734374018 0
1781 12.35868749999237 3.668367187498069 0
1782 12.29320312499251 3.339064453123982 0
1783 12.68015624999231 3.949910156246882 0
1784 12.48965624999235 4.326972656245697 0
1785 12.42417187499236 3.997669921871883 0
1786 13.19212499999221 3.85439062499688 0
1787 12.98971874999232 4.240136718745678 0
1788 12.93614062499226 3.902150390621881 0
1789 13.28737499999242 4.539046874994456 0
1790 13.09687499999246 4.916109374993271 0
1791 12.79921874999237 4.617199218744492 0
1792 13.04329687499239 4.578123046869474 0
1793 12.62062499999233 4.985578124993323 0
1794 12.55514062499234 4.656275390619509 0
1795 12.9182812499927 5.284488281243938 0
1796 12.75159374999293 5.644183593744557 0
1797 12.68610937499263 5.314880859368939 0
1798 13.38262499999285 5.223703124993937 0
1799 13.20403124999309 5.592082031244605 0
1800 13.15045312499277 5.254095703118938 0
1801 13.47787499999349 5.908359374995322 0
1802 13.31118749999371 6.26805468749594 0
1803 13.03734374999332 5.951777343745223 0
1804 13.2576093749934 5.930068359370272 0
1805 12.88256249999352 6.302789062495792 0
1806 12.81707812499323 5.973486328120174 0
1807 13.15640624999413 6.619066406246898 0
1808 13.01353124999472 6.961394531247894 0
1809 12.94804687499412 6.632091796871843 0
1810 13.57312499999441 6.59301562499701 0
1811 13.41834374999482 6.944027343747968 0
1812 13.36476562499427 6.606041015621954 0
1813 13.66837499999559 7.277671874999003 0
1814 13.27546874999513 7.286355468748965 0
1815 13.47192187499536 7.282013671873984 0
1816 13.07901562499531 7.290697265623948 0
1817 13.5612187499944 2.354824218750399 0
1818 13.3230937499931 2.766621093749758 0
1819 13.28142187499302 2.419951171875737 0
1820 14.12081249999709 2.224570312499739 0
1821 13.87078124999568 2.645050781249118 0
1822 13.84101562499574 2.289697265625069 0
1823 14.16843749999682 2.943960937497863 0
1824 13.93031249999554 3.355757812497216 0
1825 13.6326562499944 3.056847656248471 0
1826 13.90054687499561 3.000404296873167 0
1827 13.40643749999326 3.459960937497799 0
1828 13.36476562499318 3.113291015623779 0
1829 13.70409374999437 3.75887109374633 0
1830 13.48978124999333 4.15330078124541 0
1831 13.44810937499329 3.806630859371605 0
1832 14.21606249999653 3.663351562495779 0
1833 13.98984374999535 4.066464843744894 0
1834 13.96007812499545 3.711111328121055 0
1835 14.2636874999962 4.38274218749349 0
1836 14.04937499999516 4.777171874992571 0
1837 13.77553124999431 4.460894531243975 0
1838 14.01960937499526 4.421818359368732 0
1839 13.5731249999934 4.846640624993021 0
1840 13.53145312499336 4.499970703119216 0
1841 13.84696874999442 5.162917968743588 0
1842 13.65646874999387 5.539980468744504 0
1843 13.61479687499363 5.193310546868763 0
1844 14.31131249999599 5.102132812493238 0
1845 14.10890624999525 5.487878906244255 0
1846 14.07914062499521 5.132525390618413 0
1847 14.35893749999589 5.821523437495021 0
1848 14.16843749999534 6.198585937495936 0
1849 13.9184062499947 5.864941406245171 0
1850 14.13867187499529 5.843232421870096 0
1851 13.73981249999432 6.233320312495988 0
1852 13.69814062499409 5.886650390620247 0
1853 13.98984374999517 6.566964843746971 0
1854 13.82315624999525 6.926660156247993 0
1855 13.78148437499478 6.579990234371991 0
1856 14.40656249999593 6.540914062496933 0
1857 14.22796874999576 6.909292968747968 0
1858 14.19820312499555 6.553939453121952 0
1859 14.4541874999961 7.260304687498978 0
1860 14.06128124999584 7.268988281248991 0
1861 14.25773437499597 7.264646484373984 0
1862 13.86482812499571 7.273330078123997 0
1863 14.68040624999816 2.094316406249587 0
1864 14.41846874999759 2.523480468748756 0
1865 14.40060937499762 2.159443359374663 0
1866 14.96615624999911 2.401910156248603 0
1867 14.96020312499908 2.029189453124417 0
1868 14.97806249999917 3.147351562496452 0
1869 14.70421874999828 2.83107421874766 0
1870 14.97210937499914 2.774630859372527 0
1871 14.45418749999752 3.251554687496767 0
1872 14.43632812499755 2.887517578122762 0
1873 14.72803124999826 3.567832031245444 0
1874 14.48990624999727 3.979628906244456 0
1875 14.47204687499739 3.615591796870612 0
1876 14.98996874999909 3.892792968744101 0
1877 14.98401562499913 3.520072265620276 0
1878 15.00187499999901 4.63823437499194 0
1879 14.7518437499981 4.304589843743177 0
1880 14.99592187499905 4.265513671868019 0
1881 14.52562499999703 4.707703124992211 0
1882 14.50776562499715 4.343666015618333 0
1883 14.775656249998 5.041347656243045 0
1884 14.56134374999696 5.435777343744072 0
1885 14.543484374997 5.071740234368141 0
1886 15.01378124999899 5.383675781243956 0
1887 15.007828124999 5.010955078117948 0
1888 15.02568749999896 6.12911718749597 0
1889 14.79946874999795 5.778105468744982 0
1890 15.01973437499898 5.756396484369962 0
1891 14.59706249999688 6.16385156249593 0
1892 14.57920312499692 5.799814453120001 0
1893 14.82328124999797 6.514863281246962 0
1894 14.63278124999701 6.891925781247965 0
1895 14.61492187499695 6.527888671871947 0
1896 15.037593749999 6.874558593747985 0
1897 15.03164062499898 6.501837890621977 0
1898 14.84709374999805 7.251621093748987 0
1899 15.04354687499903 7.247279296873993 0
1900 14.65064062499707 7.255962890623983 0
1901 10.57274999999827 8.810624999999122 0
1902 11.23949999999603 10.00124999999365 0
1903 11.90624999999761 11.19187499999469 0
1904 11.23949999999868 8.858249999998414 0
1905 11.81099999999736 10.09649999999388 0
1906 12.38249999999932 11.33474999999583 0
1907 11.90624999999781 8.905874999997069 0
1908 12.38249999999613 10.19174999999284 0
1909 12.85874999999719 11.47762499999505 0
1910 12.57299999999336 8.953499999995497 0
1911 12.95399999999192 10.28699999999134 0
1912 13.33499999999266 11.62049999999359 0
1913 13.23974999999473 9.001124999993975 0
1914 13.52549999999173 10.38224999998995 0
1915 13.81124999999036 11.76337499999229 0
1916 13.90649999999473 9.048749999993063 0
1917 14.09699999999223 10.47749999998977 0
1918 14.28749999999083 11.9062499999928 0
1919 14.57324999999618 9.096374999992879 0
1920 14.66849999999565 10.57274999999105 0
1921 14.76374999999566 12.04912499999551 0
1922 10.23937499999758 8.215312499999561 0
1923 10.239374999999 8.786812499999353 0
1924 9.882187499999086 8.203406250000379 0
1925 10.90612499999715 9.405937499996384 0
1926 10.95374999999565 9.953624999993281 0
1927 10.5965624999971 9.370218749995987 0
1928 11.57287499999682 10.59656249999417 0
1929 11.66812499999641 11.12043749999375 0
1930 11.31093749999582 10.5370312499932 0
1931 12.23962500000052 11.7871874999982 0
1932 12.02531249999942 11.70384374999791 0
1933 10.95374999999778 8.239124999999207 0
1934 10.90612499999848 8.834437499998767 0
1935 10.5965624999976 8.227218749999386 0
1936 11.52524999999802 9.477374999996147 0
1937 11.52524999999669 10.04887499999376 0
1938 11.21568749999759 9.441656249996267 0
1939 12.09674999999834 10.71562499999486 0
1940 12.14437499999847 11.26331249999526 0
1941 11.83481249999758 10.65609374999451 0
1942 12.66825000000213 11.95387499999915 0
1943 12.45393750000125 11.87053124999864 0
1944 11.66812499999734 8.262937499998534 0
1945 11.57287499999824 8.88206249999774 0
1946 11.3109374999975 8.251031249998871 0
1947 12.14437499999697 9.548812499994952 0
1948 12.09674999999675 10.14412499999336 0
1949 11.8348124999975 9.513093749995552 0
1950 12.62062499999666 10.83468749999394 0
1951 12.62062499999826 11.40618749999544 0
1952 12.3586874999975 10.7751562499944 0
1953 13.09687499999924 12.12056249999784 0
1954 12.8825625000003 12.0372187499983 0
1955 12.38249999999303 8.286749999997749 0
1956 12.23962499999558 8.929687499996284 0
1957 12.02531249999492 8.274843749998142 0
1958 12.76349999999264 9.620249999993419 0
1959 12.66824999999403 10.23937499999209 0
1960 12.4539374999948 9.584531249994186 0
1961 13.14449999999229 10.95374999999247 0
1962 13.09687499999493 11.54906249999432 0
1963 12.88256249999448 10.8942187499932 0
1964 13.52549999999425 12.28724999999576 0
1965 13.31118749999684 12.20390624999685 0
1966 13.09687499999546 8.310562499996987 0
1967 12.90637499999404 8.977312499994735 0
1968 12.73968749999423 8.298656249997364 0
1969 13.38262499999323 9.691687499991964 0
1970 13.23974999999182 10.33462499999065 0
1971 13.07306249999293 9.655968749992693 0
1972 13.66837499999104 11.07281249999112 0
1973 13.57312499999151 11.69193749999294 0
1974 13.40643749999166 11.01328124999179 0
1975 13.95412499999058 12.45393749999385 0
1976 13.73981249999242 12.3705937499948 0
1977 13.81124999999546 8.334374999996532 0
1978 13.57312499999473 9.02493749999352 0
1979 13.45406249999518 8.322468749996759 0
1980 14.00174999999348 9.763124999991419 0
1981 13.81124999999198 10.42987499998986 0
1982 13.69218749999335 9.727406249991692 0
1983 14.19224999999153 11.19187499999129 0
1984 14.04937499999059 11.83481249999255 0
1985 13.93031249999128 11.1323437499912 0
1986 14.38274999999073 12.62062499999406 0
1987 14.16843749999052 12.53728124999389 0
1988 14.52562499999618 8.35818749999644 0
1989 14.23987499999545 9.072562499992971 0
1990 14.16843749999581 8.346281249996485 0
1991 14.62087499999591 9.834562499991964 0
1992 14.38274999999394 10.52512499999041 0
1993 14.31131249999469 9.798843749991692 0
1994 14.71612499999566 11.31093749999328 0
1995 14.52562499999324 11.97768749999416 0
1996 14.45418749999359 11.25140624999229 0
1997 14.81137499999598 12.78731249999683 0
1998 14.59706249999339 12.70396874999546 0
1999 14.90662499999809 9.120187499992664 0
2000 14.88281249999809 8.370093749996631 0
2001 14.95424999999782 10.62037499999145 0
2002 14.93043749999796 9.870281249991413 0
2003 15.00187499999783 12.1205624999965 0
2004 14.97806249999783 11.37046874999438 0
2005 15.02568749999801 12.8706562499978 0
2006 9.70359374999866 7.911703125000189 0
2007 9.703593749999943 8.197453125000791 0
2008 9.51904687499953 7.908726562500395 0
2009 10.07268749999723 7.91765624999978 0
2010 10.06078124999833 8.20935937499997 0
2011 9.888140624997945 7.914679687499985 0
2012 10.40606249999793 8.512968749999342 0
2013 10.40606249999864 8.798718749999239 0
2014 10.06078124999904 8.495109374999867 0
2015 10.23342187499848 8.504039062499604 0
2016 10.07268749999936 8.774906249999468 0
2017 9.888140624999652 8.48617968750013 0
2018 10.41796874999805 9.078515624997671 0
2019 10.44178124999708 9.352359374995789 0
2020 10.25723437499822 9.063632812497627 0
2021 10.73943749999771 9.108281249997752 0
2022 10.75134374999713 9.388078124996184 0
2023 10.57870312499788 9.093398437497712 0
2024 11.07281249999659 9.703593749995017 0
2025 11.09662499999584 9.977437499993465 0
2026 10.77515624999638 9.661921874994633 0
2027 10.92398437499648 9.682757812494824 0
2028 10.81087499999546 9.9298124999931 0
2029 10.62632812499627 9.641085937494445 0
2030 11.13234374999573 10.24532812499324 0
2031 11.17996874999533 10.50726562499272 0
2032 10.99542187499539 10.21853906249291 0
2033 11.40618749999642 10.29890624999391 0
2034 11.44190624999632 10.56679687499369 0
2035 11.26926562499608 10.27211718749357 0
2036 11.73956249999722 10.89421874999443 0
2037 11.78718749999701 11.15615624999422 0
2038 11.48953124999612 10.82873437499348 0
2039 11.61454687499666 10.86147656249395 0
2040 11.54906249999581 11.08471874999329 0
2041 11.36451562499557 10.795992187493 0
2042 11.84671874999792 11.41214062499583 0
2043 11.91815624999894 11.6621718749978 0
2044 11.73360937499738 11.37344531249554 0
2045 12.07293749999907 11.48953124999645 0
2046 12.13246874999997 11.74551562499806 0
2047 11.95982812499849 11.45083593749614 0
2048 12.40631250000198 12.08484374999996 0
2049 12.2039062500005 11.99554687499935 0
2050 12.30510937500124 12.04019531249965 0
2051 12.10270312499986 11.9508984374991 0
2052 10.44178124999715 7.923609374999693 0
2053 10.41796874999759 8.221265624999473 0
2054 10.25723437499719 7.920632812499736 0
2055 10.81087499999733 7.929562499999603 0
2056 10.77515624999769 8.233171874999297 0
2057 10.62632812499724 7.926585937499649 0
2058 11.09662499999823 8.54868749999881 0
2059 11.07281249999858 8.84634374999859 0
2060 10.75134374999804 8.530828124999076 0
2061 10.92398437499814 8.539757812498944 0
2062 10.73943749999838 8.822531249998946 0
2063 10.57870312499798 8.521898437499209 0
2064 11.06090624999804 9.138046874997517 0
2065 11.06090624999737 9.423796874996326 0
2066 10.90017187499787 9.123164062497637 0
2067 11.38237499999835 9.167812499997281 0
2068 11.37046874999781 9.459515624996207 0
2069 11.22164062499819 9.152929687497398 0
2070 11.66812499999769 9.786937499995013 0
2071 11.66812499999703 10.07268749999382 0
2072 11.37046874999714 9.745265624995014 0
2073 11.51929687499742 9.766101562495013 0
2074 11.38237499999636 10.02506249999371 0
2075 11.22164062499686 9.724429687495015 0
2076 11.68003124999714 10.35248437499413 0
2077 11.7038437499972 10.62632812499434 0
2078 11.54310937499678 10.32569531249402 0
2079 11.95387499999785 10.40606249999437 0
2080 11.96578124999796 10.68585937499469 0
2081 11.81695312499749 10.37927343749425 0
2082 12.23962499999883 11.02518749999535 0
2083 12.2634374999989 11.29903124999555 0
2084 11.98959374999803 10.95970312499489 0
2085 12.11460937499843 10.99244531249511 0
2086 12.02531249999804 11.22759374999498 0
2087 11.86457812499762 10.92696093749466 0
2088 12.29915624999986 11.56692187499695 0
2089 12.34678125000089 11.82885937499842 0
2090 12.18604687499946 11.5282265624967 0
2091 12.52537500000073 11.64431249999749 0
2092 12.56109375000169 11.9122031249989 0
2093 12.41226562500029 11.60561718749722 0
2094 12.81112500000353 12.26343750000081 0
2095 12.60871875000264 12.17414062500033 0
2096 12.70992187500308 12.21878906250057 0
2097 12.50751562500231 12.12949218750014 0
2098 11.17996874999713 7.935515624999436 0
2099 11.13234374999764 8.24507812499904 0
2100 10.99542187499723 7.932539062499519 0
2101 11.54906249999711 7.941468749999267 0
2102 11.48953124999742 8.256984374998702 0
2103 11.36451562499712 7.938492187499351 0
2104 11.78718749999758 8.584406249997802 0
2105 11.73956249999803 8.893968749997406 0
2106 11.44190624999787 8.566546874998306 0
2107 11.61454687499772 8.575476562498054 0
2108 11.40618749999846 8.870156249998077 0
2109 11.26926562499805 8.557617187498558 0
2110 11.70384374999787 9.197578124996646 0
2111 11.68003124999776 9.495234374995849 0
2112 11.54310937499811 9.182695312496964 0
2113 12.02531249999739 9.22734374999601 0
2114 11.98959374999724 9.530953124995252 0
2115 11.86457812499763 9.212460937496328 0
2116 12.26343749999655 9.870281249993896 0
2117 12.23962499999644 10.1679374999931 0
2118 11.96578124999713 9.828609374994457 0
2119 12.11460937499684 9.849445312494176 0
2120 11.95387499999706 10.12031249999362 0
2121 11.81695312499741 9.807773437494735 0
2122 12.22771874999712 10.45964062499388 0
2123 12.22771874999792 10.74539062499463 0
2124 12.09079687499749 10.43285156249413 0
2125 12.5015624999964 10.51321874999339 0
2126 12.48965624999708 10.80492187499417 0
2127 12.36464062499676 10.48642968749364 0
2128 12.73968749999693 11.1561562499945 0
2129 12.73968749999773 11.44190624999525 0
2130 12.48965624999788 11.09067187499492 0
2131 12.6146718749974 11.12341406249471 0
2132 12.50156249999879 11.37046874999563 0
2133 12.36464062499835 11.05792968749513 0
2134 12.75159374999928 11.72170312499687 0
2135 12.77540625000122 11.99554687499872 0
2136 12.638484375 11.68300781249718 0
2137 12.97781249999822 11.79909374999645 0
2138 12.98971874999977 12.07889062499807 0
2139 12.86470312499875 11.76039843749666 0
2140 13.21593750000027 12.44203124999924 0
2141 13.01353125000133 12.35273437499974 0
2142 13.1147343750008 12.39738281249949 0
2143 12.91232812500243 12.30808593750027 0
2144 11.9181562499946 7.947421874999071 0
2145 11.84671874999613 8.268890624998338 0
2146 11.73360937499585 7.94444531249917 0
2147 12.28724999999287 7.953374999998875 0
2148 12.20390624999397 8.280796874997947 0
2149 12.10270312499373 7.950398437498972 0
2150 12.4777499999932 8.620124999996623 0
2151 12.40631249999447 8.94159374999589 0
2152 12.13246874999525 8.602265624997212 0
2153 12.30510937499422 8.611195312496918 0
2154 12.07293749999669 8.917781249996676 0
2155 11.95982812499641 8.593335937497507 0
2156 12.34678124999519 9.257109374995235 0
2157 12.29915624999589 9.566671874994569 0
2158 12.18604687499629 9.242226562495622 0
2159 12.668249999993 9.286874999994458 0
2160 12.60871874999372 9.602390624993802 0
2161 12.5075156249941 9.271992187494845 0
2162 12.85874999999228 9.953624999992378 0
2163 12.81112499999298 10.26318749999172 0
2164 12.56109374999442 9.911953124993138 0
2165 12.70992187499335 9.932789062492759 0
2166 12.52537499999508 10.21556249999247 0
2167 12.41226562499548 9.891117187493517 0
2168 12.77540624999426 10.56679687499265 0
2169 12.75159374999557 10.86445312499357 0
2170 12.63848437499533 10.54000781249302 0
2171 13.04924999999211 10.6203749999919 0
2172 13.01353124999339 10.92398437499283 0
2173 12.91232812499318 10.59358593749228 0
2174 13.23974999999247 11.28712499999303 0
2175 13.21593749999379 11.58478124999396 0
2176 12.9897187499947 11.22164062499376 0
2177 13.11473437499359 11.2543828124934 0
2178 12.97781249999606 11.51334374999469 0
2179 12.86470312499582 11.18889843749413 0
2180 13.20403124999589 11.87648437499558 0
2181 13.20403124999804 12.16223437499735 0
2182 13.09092187499705 11.83778906249601 0
2183 13.43024999999345 11.95387499999468 0
2184 13.41834374999555 12.24557812499631 0
2185 13.31714062499467 11.91517968749513 0
2186 13.62074999999505 12.62062499999684 0
2187 13.4183437499978 12.53132812499812 0
2188 13.51954687499642 12.57597656249748 0
2189 13.31714062499903 12.48667968749868 0
2190 12.65634374999432 7.959328124998683 0
2191 12.56109374999363 8.292703124997557 0
2192 12.4717968749936 7.956351562498779 0
2193 13.02543749999582 7.965281249998494 0
2194 12.91828124999485 8.304609374997176 0
2195 12.84089062499507 7.962304687498587 0
2196 13.1683124999951 8.65584374999548 0
2197 13.07306249999439 8.989218749994354 0
2198 12.82303124999413 8.63798437499605 0
2199 12.99567187499461 8.646914062495764 0
2200 12.7396874999937 8.965406249995116 0
2201 12.65039062499367 8.629054687496335 0
2202 12.98971874999349 9.316640624993713 0
2203 12.91828124999278 9.638109374993057 0
2204 12.82898437499324 9.301757812494087 0
2205 13.31118749999398 9.34640624999297 0
2206 13.22784374999308 9.67382812499233 0
2207 13.15045312499373 9.331523437493342 0
2208 13.45406249999248 10.03696874999096 0
2209 13.38262499999178 10.3584374999903 0
2210 13.15640624999238 9.995296874991672 0
2211 13.30523437499243 10.01613281249132 0
2212 13.09687499999187 10.310812499991 0
2213 13.00757812499233 9.974460937492026 0
2214 13.32309374999174 10.67395312499122 0
2215 13.27546874999197 10.98351562499213 0
2216 13.18617187499192 10.64716406249156 0
2217 13.59693749999138 10.72753124999053 0
2218 13.53740624999135 11.04304687499145 0
2219 13.46001562499156 10.70074218749088 0
2220 13.7398124999907 11.41809374999171 0
2221 13.69218749999094 11.72765624999262 0
2222 13.48978124999158 11.35260937499237 0
2223 13.61479687499114 11.38535156249204 0
2224 13.45406249999208 11.65621874999327 0
2225 13.36476562499203 11.3198671874927 0
2226 13.65646874999197 12.03126562499387 0
2227 13.63265624999334 12.32892187499528 0
2228 13.54335937499271 11.99257031249427 0
2229 13.88268749999047 12.10865624999307 0
2230 13.8469687499915 12.41226562499433 0
2231 13.76957812499122 12.06996093749347 0
2232 14.0255624999907 12.79921874999463 0
2233 13.82315624999287 12.70992187499574 0
2234 13.92435937499178 12.75457031249518 0
2235 13.72195312499396 12.66527343749629 0
2236 13.39453124999541 7.97123437499838 0
2237 13.27546874999532 8.316515624996873 0
2238 13.20998437499561 7.968257812498437 0
2239 13.76362499999582 7.977187499998266 0
2240 13.63265624999532 8.328421874996646 0
2241 13.57907812499562 7.974210937498323 0
2242 13.8588749999951 8.691562499994799 0
2243 13.73981249999473 9.036843749993292 0
2244 13.51359374999496 8.673703124995139 0
2245 13.68623437499503 8.682632812494969 0
2246 13.40643749999473 9.013031249993748 0
2247 13.34095312499503 8.66477343749531 0
2248 13.63265624999404 9.376171874992606 0
2249 13.53740624999329 9.709546874991828 0
2250 13.47192187499401 9.361289062492787 0
2251 13.95412499999411 9.405937499992241 0
2252 13.84696874999342 9.745265624991555 0
2253 13.79339062499407 9.391054687492424 0
2254 14.04937499999286 10.1203124999906 0
2255 13.95412499999211 10.45368749998982 0
2256 13.75171874999267 10.07864062499078 0
2257 13.90054687499276 10.09947656249069 0
2258 13.66837499999186 10.4060624999899 0
2259 13.60289062499257 10.05780468749087 0
2260 13.87078124999163 10.78110937499053 0
2261 13.79934374999116 11.10257812499116 0
2262 13.73385937499151 10.75432031249053 0
2263 14.14462499999188 10.83468749999053 0
2264 14.06128124999141 11.16210937499125 0
2265 14.00770312499176 10.80789843749053 0
2266 14.23987499999118 11.54906249999205 0
2267 14.16843749999071 11.87053124999268 0
2268 13.98984374999094 11.48357812499188 0
2269 14.11485937499106 11.51632031249196 0
2270 13.93031249999048 11.79909374999242 0
2271 13.86482812499082 11.45083593749179 0
2272 14.10890624999055 12.18604687499322 0
2273 14.06128124999055 12.49560937499387 0
2274 13.99579687499051 12.14735156249314 0
2275 14.33512499999078 12.26343749999343 0
2276 14.27559374999063 12.57895312499398 0
2277 14.22201562499067 12.22474218749333 0
2278 14.43037499999069 12.97781249999469 0
2279 14.22796874999049 12.88851562499456 0
2280 14.32917187499059 12.93316406249462 0
2281 14.12676562499059 12.84386718749459 0
2282 14.13271874999599 7.983140624998242 0
2283 13.98984374999564 8.340328124996509 0
2284 13.94817187499591 7.980164062498254 0
2285 14.50181249999618 7.98909374999822 0
2286 14.347031249996 8.352234374996463 0
2287 14.31726562499609 7.986117187498232 0
2288 14.54943749999618 8.727281249994659 0
2289 14.40656249999582 9.084468749992926 0
2290 14.20415624999563 8.709421874994728 0
2291 14.37679687499591 8.718351562494695 0
2292 14.07318749999509 9.060656249993016 0
2293 14.03151562499536 8.700492187494763 0
2294 14.27559374999507 9.435703124992331 0
2295 14.15653124999409 9.780984374991554 0
2296 14.11485937499459 9.420820312492285 0
2297 14.59706249999605 9.465468749992422 0
2298 14.4660937499953 9.816703124991829 0
2299 14.43632812499556 9.450585937492377 0
2300 14.64468749999578 10.20365624999151 0
2301 14.5256249999948 10.54893749999073 0
2302 14.34703124999432 10.16198437499105 0
2303 14.49585937499505 10.18282031249128 0
2304 14.23987499999308 10.50131249999009 0
2305 14.19820312499359 10.14114843749082 0
2306 14.41846874999377 10.88826562499135 0
2307 14.32321874999256 11.22164062499179 0
2308 14.28154687499282 10.86147656249094 0
2309 14.69231249999566 10.94184374999217 0
2310 14.58515624999463 11.28117187499279 0
2311 14.55539062499471 10.91505468749176 0
2312 14.73993749999566 11.6800312499944 0
2313 14.64468749999445 12.01340624999483 0
2314 14.48990624999342 11.61454687499322 0
2315 14.61492187499454 11.64728906249381 0
2316 14.40656249999204 11.94196874999348 0
2317 14.3648906249923 11.58180468749264 0
2318 14.56134374999332 12.34082812499481 0
2319 14.48990624999206 12.66229687499476 0
2320 14.44823437499205 12.30213281249412 0
2321 14.78756249999582 12.41821874999617 0
2322 14.70421874999468 12.74564062499615 0
2323 14.67445312499457 12.37952343749549 0
2324 14.83518749999614 13.15640624999749 0
2325 14.63278124999345 13.06710937499611 0
2326 14.73398437499479 13.1117578124968 0
2327 14.53157812499207 13.0224609374954 0
2328 14.87090624999809 7.995046874998316 0
2329 14.70421874999714 8.364140624996535 0
2330 14.68635937499714 7.992070312498267 0
2331 15.06140624999905 8.376046874996728 0
2332 15.05545312499905 7.998023437498364 0
2333 15.07331249999904 9.132093749992556 0
2334 14.89471874999809 8.745140624994647 0
2335 15.06735937499905 8.754070312494644 0
2336 14.73993749999714 9.108281249992771 0
2337 14.72207812499714 8.736210937494654 0
2338 14.91853124999803 9.495234374992037 0
2339 14.77565624999694 9.852421874991688 0
2340 14.75779687499704 9.480351562492231 0
2341 15.08521874999898 9.888140624991134 0
2342 15.07926562499901 9.510117187491845 0
2343 15.09712499999891 10.64418749999165 0
2344 14.94234374999789 10.24532812499143 0
2345 15.09117187499895 10.26616406249139 0
2346 14.81137499999674 10.59656249999125 0
2347 14.79351562499684 10.22449218749147 0
2348 14.96615624999783 10.99542187499291 0
2349 14.84709374999675 11.34070312499383 0
2350 14.82923437499674 10.96863281249254 0
2351 15.10903124999891 11.40023437499493 0
2352 15.10307812499891 11.02221093749329 0
2353 15.12093749999892 12.15628124999699 0
2354 14.98996874999783 11.74551562499544 0
2355 15.11498437499892 11.77825781249596 0
2356 14.88281249999675 12.084843749996 0
2357 14.86495312499675 11.71277343749492 0
2358 15.01378124999792 12.49560937499715 0
2359 14.918531249997 12.82898437499732 0
2360 14.90067187499687 12.45691406249666 0
2361 15.13284374999901 12.91232812499827 0
2362 15.12689062499896 12.53430468749763 0
2363 15.03759374999809 13.24570312499844 0
2364 15.13879687499905 13.29035156249891 0
2365 14.93639062499711 13.20105468749797 0
2366 11.57287500000253 13.09687500000175 0
2367 10.57275000000772 13.81124999999771 0
2368 9.572625000007804 14.52562499999708 0
2369 12.09675000000422 13.23975000000224 0
2370 11.23950000000873 13.90649999999854 0
2371 10.38225000000886 14.57324999999775 0
2372 12.62062500000222 13.38262500000081 0
2373 11.90625000000751 14.00174999999807 0
2374 11.19187500000915 14.62087499999777 0
2375 13.1444999999987 13.5254999999987 0
2376 12.57300000000504 14.09699999999716 0
2377 12.00150000000847 14.66849999999757 0
2378 13.66837499999437 13.66837499999675 0
2379 13.23975000000053 14.19224999999635 0
2380 12.81112500000451 14.71612499999742 0
2381 14.19224999999367 13.81124999999662 0
2382 13.90649999999845 14.28749999999676 0
2383 13.62075000000177 14.76374999999787 0
2384 14.71612499999726 13.95412499999867 0
2385 14.5732499999991 14.38274999999862 0
2386 14.43037500000021 14.81137499999906 0
2387 12.07293750000298 12.73968750000173 0
2388 11.31093750000087 13.02543750000114 0
2389 11.84671875000075 12.65634375000128 0
2390 11.07281250000512 13.45406249999973 0
2391 10.23937500000656 13.76362499999706 0
2392 10.77515625000404 13.39453124999888 0
2393 10.07268750000776 14.1684374999974 0
2394 9.167812500006775 14.50181249999663 0
2395 9.703593750006268 14.13271874999711 0
2396 9.07256250000518 14.88281249999854 0
2397 8.632031250005614 14.87090624999725 0
2398 12.52537500000457 12.90637500000235 0
2399 11.83481250000337 13.16831250000199 0
2400 12.2991562500037 12.823031250002 0
2401 11.66812500000647 13.57312500000039 0
2402 10.90612500000822 13.85887499999812 0
2403 11.37046875000579 13.51359375000005 0
2404 10.81087500000879 14.23987499999814 0
2405 9.977437500008332 14.54943749999741 0
2406 10.44178125000827 14.20415624999777 0
2407 9.953625000006641 14.90662499999887 0
2408 9.513093750005913 14.89471874999871 0
2409 12.97781250000175 13.07306250000072 0
2410 12.35868750000322 13.31118750000152 0
2411 12.75159375000279 12.98971875000135 0
2412 12.26343750000487 13.69218749999944 0
2413 11.57287500000812 13.9541249999983 0
2414 11.96578125000568 13.63265624999992 0
2415 11.54906250000833 14.31131249999792 0
2416 10.787062500009 14.59706249999776 0
2417 11.17996875000856 14.27559374999803 0
2418 10.83468750000807 14.93043749999888 0
2419 10.39415625000735 14.91853124999888 0
2420 13.43024999999727 13.23974999999831 0
2421 12.88256250000046 13.45406249999975 0
2422 13.20403124999961 13.15640624999957 0
2423 12.85875000000187 13.81124999999793 0
2424 12.23962500000628 14.04937499999762 0
2425 12.56109375000337 13.75171874999868 0
2426 12.28725000000676 14.38274999999736 0
2427 11.59668750000881 14.64468749999767 0
2428 11.91815625000754 14.34703124999764 0
2429 11.71575000000866 14.95424999999878 0
2430 11.27521875000826 14.94234374999883 0
2431 13.88268749999259 13.40643749999608 0
2432 13.40643749999653 13.59693749999772 0
2433 13.65646874999493 13.32309374999719 0
2434 13.45406249999745 13.93031249999655 0
2435 12.90637500000279 14.14462499999676 0
2436 13.15640624999965 13.87078124999723 0
2437 13.02543750000252 14.45418749999688 0
2438 12.40631250000649 14.69231249999749 0
2439 12.65634375000463 14.41846874999712 0
2440 12.59681250000536 14.97806249999871 0
2441 12.1562812500067 14.96615624999874 0
2442 14.33512499999215 13.57312499999597 0
2443 13.93031249999402 13.73981249999668 0
2444 14.10890624999224 13.48978124999596 0
2445 14.04937499999606 14.04937499999669 0
2446 13.57312499999949 14.23987499999656 0
2447 13.75171874999675 13.98984374999661 0
2448 13.76362500000011 14.52562499999732 0
2449 13.21593750000314 14.73993749999764 0
2450 13.39453125000132 14.4899062499971 0
2451 13.47787500000266 15.00187499999894 0
2452 13.03734375000459 14.98996874999883 0
2453 14.78756249999677 13.73981249999841 0
2454 14.45418749999547 13.88268749999764 0
2455 14.56134374999449 13.65646874999719 0
2456 14.64468749999818 14.16843749999865 0
2457 14.23987499999878 14.33512499999769 0
2458 14.34703124999712 14.10890624999767 0
2459 14.50181249999966 14.59706249999884 0
2460 14.02556250000099 14.78756249999847 0
2461 14.13271874999989 14.56134374999808 0
2462 14.35893750000039 15.02568749999953 0
2463 13.91840625000173 15.01378124999923 0
2464 14.97806249999863 14.02556249999934 0
2465 15.0137812499984 13.82315625 0
2466 14.90662499999955 14.43037499999931 0
2467 14.9423437499991 14.22796874999933 0
2468 14.83518750000011 14.83518749999953 0
2469 14.87090624999984 14.63278124999969 0
2470 14.79946875000041 15.03759374999948 0
2471 12.11460937500116 12.47179687500103 0
2472 11.73360937499971 12.61467187500109 0
2473 12.01042968750025 12.42714843750074 0
2474 12.32296875000321 12.56109375000172 0
2475 11.95982812500187 12.69801562500151 0
2476 12.21878906250219 12.51644531250138 0
2477 11.82290625000276 12.91828125000174 0
2478 11.4419062500017 13.06115625000145 0
2479 11.57882812500081 12.84089062500121 0
2480 11.70086718750178 12.87958593750148 0
2481 11.17996875000005 12.98971875000083 0
2482 11.45678906249987 12.80219531250096 0
2483 11.04304687500246 13.20998437500001 0
2484 10.6263281250035 13.36476562499846 0
2485 10.90314843750177 13.17724218749964 0
2486 11.32284375000383 13.27546875000074 0
2487 10.92398437500458 13.4242968749993 0
2488 11.18294531250314 13.24272656250037 0
2489 10.82278125000642 13.63265624999872 0
2490 10.40606250000714 13.78743749999739 0
2491 10.5072656250053 13.57907812499797 0
2492 10.66502343750586 13.60586718749834 0
2493 10.07268750000598 13.73981249999673 0
2494 10.34950781250474 13.55228906249759 0
2495 9.971484375006416 13.94817187499709 0
2496 9.519046875005518 14.11485937499696 0
2497 9.795867187505749 13.92733593749685 0
2498 10.32271875000774 13.98984374999755 0
2499 9.888140625007015 14.15057812499726 0
2500 10.14710156250708 13.96900781249732 0
2501 9.822656250007782 14.34703124999724 0
2502 9.37021875000729 14.51371874999686 0
2503 9.435703125006523 14.31726562499687 0
2504 9.629179687507152 14.33214843749706 0
2505 8.965406250006261 14.4899062499964 0
2506 9.24222656250589 14.30238281249668 0
2507 8.899921875006195 14.68635937499694 0
2508 8.411765625005831 14.86495312499661 0
2509 8.688585937506046 14.67742968749651 0
2510 9.322593750006492 14.70421874999781 0
2511 8.852296875005397 14.8768593749979 0
2512 9.111257812506343 14.69528906249737 0
2513 8.82253125000387 15.06140624999927 0
2514 8.364140625003447 15.05545312499863 0
2515 8.593335937503657 15.05842968749895 0
2516 8.134945312503234 15.05247656249831 0
2517 12.53132812500386 12.650390625002 0
2518 12.18604687500334 12.78135937500187 0
2519 12.42714843750354 12.60574218750187 0
2520 12.73968750000475 12.73968750000241 0
2521 12.41226562500414 12.86470312500218 0
2522 12.6355078125043 12.6950390625022 0
2523 12.3110625000044 13.0730625000023 0
2524 11.9657812500038 13.20403125000212 0
2525 12.06698437500354 12.995671875002 0
2526 12.18902343750397 13.03436718750215 0
2527 11.70384375000295 13.13259375000187 0
2528 11.94494531250314 12.95697656250187 0
2529 11.60264062500458 13.34095312500102 0
2530 11.22164062500546 13.48382812499989 0
2531 11.4627421875042 13.30821093750088 0
2532 11.88243750000535 13.40643750000132 0
2533 11.51929687500613 13.54335937500022 0
2534 11.74253906250496 13.37369531250117 0
2535 11.4538125000076 13.73981249999947 0
2536 11.07281250000848 13.88268749999833 0
2537 11.138296875007 13.68623437499909 0
2538 11.2960546875073 13.71302343749928 0
2539 10.73943750000797 13.83506249999791 0
2540 10.98053906250671 13.6594453124989 0
2541 10.67395312500825 14.03151562499794 0
2542 10.25723437500801 14.18629687499758 0
2543 10.49833593750799 14.01067968749775 0
2544 11.02518750000876 14.07318749999834 0
2545 10.62632812500853 14.22201562499796 0
2546 10.8495703125085 14.05235156249814 0
2547 10.59656250000883 14.40656249999794 0
2548 10.1798437500086 14.56134374999758 0
2549 10.2096093750083 14.37679687499759 0
2550 10.40308593750856 14.39167968749777 0
2551 9.775031250008068 14.53753124999724 0
2552 10.01613281250804 14.36191406249741 0
2553 9.745265625007122 14.72207812499806 0
2554 9.292828125005546 14.88876562499863 0
2555 9.533929687506806 14.71314843749794 0
2556 10.16793750000775 14.73993749999831 0
2557 9.733359375006277 14.90067187499879 0
2558 9.956601562507437 14.73100781249818 0
2559 9.739312500005532 15.07331249999944 0
2560 9.280921875004703 15.06735937499936 0
2561 9.510117187505118 15.0703359374994 0
2562 9.051726562504285 15.06438281249931 0
2563 12.94804687500258 12.82898437500127 0
2564 12.63848437500368 12.94804687500185 0
2565 12.84386718750366 12.78433593750184 0
2566 13.15640625000152 12.91828125000068 0
2567 12.86470312500227 13.03139062500103 0
2568 13.05222656250205 12.87363281250097 0
2569 12.79921875000199 13.22784375000077 0
2570 12.48965625000272 13.34690625000117 0
2571 12.55514062500301 13.15045312500143 0
2572 12.6771796875025 13.1891484375011 0
2573 12.22771875000372 13.27546875000188 0
2574 12.4331015625037 13.11175781250187 0
2575 12.16223437500445 13.47192187500072 0
2576 11.81695312500608 13.60289062500016 0
2577 12.0223359375049 13.43917968750102 0
2578 12.44203125000355 13.53740625000012 0
2579 12.11460937500528 13.66242187499968 0
2580 12.302132812504 13.50466406250042 0
2581 12.08484375000619 13.84696874999876 0
2582 11.73956250000781 13.97793749999818 0
2583 11.7693281250069 13.79339062499911 0
2584 11.92708593750655 13.82017968749893 0
2585 11.40618750000843 13.93031249999842 0
2586 11.61157031250725 13.76660156249929 0
2587 11.37642187500834 14.11485937499817 0
2588 10.99542187500868 14.25773437499809 0
2589 11.20080468750855 14.09402343749825 0
2590 11.72765625000792 14.156531249998 0
2591 11.36451562500844 14.29345312499797 0
2592 11.55203906250813 14.13569531249808 0
2593 11.37046875000874 14.46609374999785 0
2594 10.98946875000907 14.60896874999776 0
2595 10.98351562500878 14.4363281249979 0
2596 11.17699218750876 14.45121093749787 0
2597 10.58465625000893 14.58515624999776 0
2598 10.7900390625088 14.42144531249792 0
2599 10.59060937500817 14.75779687499832 0
2600 10.173890625007 14.91257812499888 0
2601 10.37927343750796 14.74886718749831 0
2602 11.01328125000861 14.77565624999832 0
2603 10.61442187500771 14.92448437499888 0
2604 10.80194531250839 14.76672656249832 0
2605 10.65609375000753 15.08521874999944 0
2606 10.19770312500653 15.07926562499944 0
2607 10.42689843750703 15.08224218749944 0
2608 9.968507812506031 15.07628906249944 0
2609 13.36476562499919 13.00757812499948 0
2610 13.09092187500068 13.11473437500015 0
2611 13.26058593750035 12.96292968750008 0
2612 13.57312499999656 13.09687499999811 0
2613 13.31714062499844 13.19807812499894 0
2614 13.46894531249787 13.0522265624988 0
2615 13.28737499999799 13.38262499999851 0
2616 13.01353124999958 13.48978124999923 0
2617 13.04329687500004 13.30523437499966 0
2618 13.16533593749901 13.34392968749908 0
2619 12.75159375000134 13.41834375000028 0
2620 12.92125781250101 13.26653906250021 0
2621 12.72182812500192 13.60289062499922 0
2622 12.41226562500412 13.72195312499906 0
2623 12.58192968750273 13.57014843749967 0
2624 13.00162500000029 13.66837499999832 0
2625 12.70992187500262 13.78148437499831 0
2626 12.8617265625011 13.63563281249876 0
2627 12.71587500000345 13.95412499999755 0
2628 12.40631250000566 14.07318749999739 0
2629 12.40035937500483 13.90054687499815 0
2630 12.55811718750414 13.92733593749785 0
2631 12.07293750000689 14.02556249999785 0
2632 12.24260156250551 13.87375781249845 0
2633 12.07889062500691 14.19820312499763 0
2634 11.73360937500793 14.32917187499778 0
2635 11.90327343750742 14.17736718749781 0
2636 12.4301250000059 14.23987499999726 0
2637 12.10270312500715 14.3648906249975 0
2638 12.25450781250641 14.21903906249744 0
2639 12.14437500000761 14.52562499999747 0
2640 11.79909375000864 14.65659374999762 0
2641 11.75742187500818 14.49585937499765 0
2642 11.9508984375079 14.51074218749756 0
2643 11.39428125000898 14.63278124999772 0
2644 11.56394531250846 14.48097656249775 0
2645 11.43595312500854 14.79351562499825 0
2646 11.05495312500817 14.93639062499885 0
2647 11.22461718750857 14.78458593749829 0
2648 11.85862500000857 14.81137499999818 0
2649 11.49548437500846 14.94829687499881 0
2650 11.64728906250855 14.80244531249821 0
2651 11.57287500000875 15.09712499999939 0
2652 11.11448437500799 15.09117187499941 0
2653 11.34367968750837 15.0941484374994 0
2654 10.88528906250776 15.08819531249943 0
2655 13.78148437499413 13.18617187499693 0
2656 13.5433593749961 13.28142187499775 0
2657 13.67730468749534 13.14152343749752 0
2658 13.9898437499917 13.27546874999574 0
2659 13.76957812499376 13.36476562499664 0
2660 13.88566406249291 13.23082031249634 0
2661 13.77553124999348 13.53740624999642 0
2662 13.53740624999545 13.63265624999724 0
2663 13.53145312499573 13.46001562499746 0
2664 13.65349218749461 13.49871093749694 0
2665 13.27546874999761 13.56121874999821 0
2666 13.40941406249686 13.42132031249798 0
2667 13.28142187499809 13.73385937499748 0
2668 13.00757812500076 13.84101562499758 0
2669 13.14152343749919 13.7011171874979 0
2670 13.56121874999591 13.79934374999665 0
2671 13.30523437499855 13.90054687499689 0
2672 13.421320312497 13.76660156249706 0
2673 13.34690624999899 14.06128124999645 0
2674 13.07306250000166 14.16843749999655 0
2675 13.03139062500122 14.00770312499699 0
2676 13.18914843750011 14.03449218749672 0
2677 12.73968750000391 14.12081249999696 0
2678 12.87363281250234 13.98091406249727 0
2679 12.78135937500371 14.28154687499694 0
2680 12.47179687500569 14.40060937499724 0
2681 12.6057421875048 14.2607109374971 0
2682 13.13259375000153 14.32321874999662 0
2683 12.84089062500357 14.436328124997 0
2684 12.95697656250262 14.30238281249678 0
2685 12.91828125000352 14.58515624999715 0
2686 12.6087187500055 14.70421874999746 0
2687 12.53132812500556 14.55539062499731 0
2688 12.72480468750454 14.57027343749723 0
2689 12.20390625000748 14.68040624999753 0
2690 12.33785156250659 14.54050781249739 0
2691 12.2812968750066 14.82923437499812 0
2692 11.93601562500768 14.96020312499876 0
2693 12.06996093750758 14.82030468749814 0
2694 12.70396875000494 14.84709374999807 0
2695 12.37654687500603 14.97210937499873 0
2696 12.49263281250576 14.83816406249809 0
2697 12.48965625000578 15.10903124999935 0
2698 12.03126562500681 15.10307812499937 0
2699 12.2604609375063 15.10605468749936 0
2700 11.80207031250778 15.10010156249938 0
2701 14.19820312499135 13.36476562499559 0
2702 13.99579687499242 13.44810937499602 0
2703 14.09402343749152 13.32011718749567 0
2704 14.4065624999914 13.45406249999565 0
2705 14.2220156249922 13.53145312499597 0
2706 14.30238281249137 13.40941406249562 0
2707 14.26368749999291 13.6921874999963 0
2708 14.06128124999385 13.77553124999665 0
2709 14.01960937499313 13.61479687499632 0
2710 14.14164843749302 13.65349218749631 0
2711 13.7993437499942 13.70409374999672 0
2712 13.8975703124933 13.57610156249637 0
2713 13.84101562499539 13.86482812499665 0
2714 13.6028906249971 13.96007812499658 0
2715 13.70111718749565 13.83208593749665 0
2716 14.12081249999487 13.93031249999666 0
2717 13.90054687499641 14.01960937499665 0
2718 13.98091406249512 13.89757031249665 0
2719 13.97793749999726 14.16843749999672 0
2720 13.73981249999897 14.26368749999666 0
2721 13.66242187499812 14.11485937499658 0
2722 13.82017968749769 14.14164843749665 0
2723 13.40643750000001 14.21606249999645 0
2724 13.50466406249856 14.08807031249652 0
2725 13.4838281250004 14.36489062499683 0
2726 13.20998437500192 14.47204687499699 0
2727 13.30821093750097 14.34405468749672 0
2728 13.83506249999928 14.40656249999704 0
2729 13.57907812500072 14.50776562499721 0
2730 13.65944531249984 14.38572656249693 0
2731 13.69218750000094 14.6446874999976 0
2732 13.41834375000246 14.75184374999775 0
2733 13.30523437500223 14.61492187499737 0
2734 13.49871093750159 14.62980468749748 0
2735 13.01353125000383 14.72803124999753 0
2736 13.11175781250287 14.60003906249726 0
2737 13.12664062500387 14.86495312499823 0
2738 12.81707812500498 14.98401562499877 0
2739 12.9153046875044 14.85602343749815 0
2740 13.54931250000222 14.88281249999841 0
2741 13.25760937500363 14.99592187499889 0
2742 13.33797656250304 14.87388281249832 0
2743 13.40643750000311 15.12093749999947 0
2744 12.94804687500531 15.11498437499942 0
2745 13.17724218750421 15.11796093749944 0
2746 12.71885156250555 15.11200781249939 0
2747 14.614921874994 13.54335937499698 0
2748 14.44823437499332 13.61479687499658 0
2749 14.5107421874927 13.49871093749631 0
2750 14.82328124999653 13.63265624999828 0
2751 14.67445312499563 13.6981406249978 0
2752 14.71910156249527 13.58800781249763 0
2753 14.75184374999702 13.84696874999854 0
2754 14.58515624999637 13.91840624999816 0
2755 14.50776562499498 13.76957812499742 0
2756 14.629804687496 13.80827343749798 0
2757 14.32321874999457 13.84696874999713 0
2758 14.38572656249395 13.73088281249686 0
2759 14.4006093749963 13.99579687499766 0
2760 14.19820312499659 14.07914062499718 0
2761 14.26071093749558 13.96305468749716 0
2762 14.68040624999772 14.06128124999866 0
2763 14.49585937499765 14.13867187499816 0
2764 14.54050781249701 14.02853906249816 0
2765 14.60896874999864 14.27559374999864 0
2766 14.40656249999894 14.35893749999816 0
2767 14.29345312499795 14.22201562499768 0
2768 14.4512109374983 14.24880468749816 0
2769 14.07318749999861 14.31131249999723 0
2770 14.1356953124976 14.1952265624972 0
2771 14.18629687499934 14.44823437499789 0
2772 13.948171875 14.5434843749977 0
2773 14.01067968749931 14.42739843749746 0
2774 14.53753124999938 14.48990624999873 0
2775 14.31726562499978 14.57920312499846 0
2776 14.36191406249936 14.46907031249831 0
2777 14.46609374999994 14.70421874999895 0
2778 14.2279687500006 14.79946874999877 0
2779 14.07914062500044 14.67445312499828 0
2780 14.27261718750019 14.68933593749861 0
2781 13.82315625000138 14.77565624999817 0
2782 13.88566406250069 14.65957031249794 0
2783 13.97198437500136 14.90067187499885 0
2784 13.6981406250022 15.00782812499909 0
2785 13.76064843750179 14.89174218749863 0
2786 14.3946562500003 14.91853124999929 0
2787 14.13867187500106 15.01973437499938 0
2788 14.18332031250083 14.90960156249907 0
2789 14.32321875000048 15.13284374999977 0
2790 13.8648281250021 15.12689062499961 0
2791 14.09402343750129 15.12986718749969 0
2792 13.63563281250261 15.12391406249954 0
2793 15.03164062499829 13.72195312499954 0
2794 14.90067187499759 13.78148437499921 0
2795 14.92746093749741 13.67730468749891 0
2796 15.1268906249992 13.86482812500079 0
2797 15.13582031249914 13.76660156250016 0
2798 15.10903124999932 14.06128124999967 0
2799 14.99592187499852 13.92435937499967 0
2800 15.11796093749926 13.96305468750023 0
2801 14.84709374999795 13.98984374999901 0
2802 14.87388281249777 13.88566406249911 0
2803 14.96020312499887 14.12676562499934 0
2804 14.79351562499864 14.19820312499899 0
2805 14.82030468749829 14.094023437499 0
2806 15.09117187499955 14.25773437499966 0
2807 15.10010156249943 14.15950781249967 0
2808 15.07331249999978 14.45418749999966 0
2809 14.92448437499933 14.32917187499932 0
2810 15.08224218749966 14.35596093749966 0
2811 14.73993749999933 14.40656249999897 0
2812 14.76672656249898 14.30238281249898 0
2813 14.8887656249997 14.5315781249995 0
2814 14.68635937499975 14.61492187499927 0
2815 14.71314843749954 14.51074218749912 0
2816 15.05545312499992 14.65064062500012 0
2817 15.06438281249985 14.55241406249989 0
2818 15.03759375000006 14.84709374999977 0
2819 14.85304687499998 14.73398437499961 0
2820 15.04652343749999 14.74886718749994 0
2821 14.63278125000016 14.82328124999929 0
2822 14.65957031249996 14.71910156249928 0
2823 14.81732812500026 14.9363906249995 0
2824 14.5792031250004 15.0316406249995 0
2825 14.60599218750028 14.9274609374994 0
2826 15.01973437500021 15.04354687499946 0
2827 15.02866406250013 14.94532031249961 0
2828 14.78160937500056 15.13879687499974 0
2829 15.01080468750028 15.14177343749973 0
2830 14.55241406250052 15.13582031249975 0
2831 9.667874999996649 13.07540625000097 0
2832 8.286749999994189 13.19681250000142 0
2833 6.905624999993465 13.31821875000169 0
2834 5.524499999991042 13.43962500000214 0
2835 4.143374999993599 13.56103125000192 0
2836 2.762249999996162 13.6824375000017 0
2837 1.381124999998729 13.80384375000148 0
2838 8.667750000003592 13.79693749999742 0
2839 7.429500000002144 13.87787499999845 0
2840 6.191250000001853 13.95881249999935 0
2841 4.953000000000401 14.03975000000037 0
2842 3.714750000000533 14.12068750000096 0
2843 2.476500000000639 14.20162500000153 0
2844 1.238250000000749 14.28256250000211 0
2845 7.667625000005425 14.51846874999693 0
2846 6.572250000005719 14.5589374999977 0
2847 5.476875000006591 14.59940624999841 0
2848 4.38150000000684 14.63987499999917 0
2849 3.286125000005276 14.68034374999972 0
2850 2.190750000003656 14.72081250000026 0
2851 1.095375000002038 14.7612812500008 0
2852 10.35843749999793 13.01470312500075 0
2853 10.16793749999623 12.71464062500071 0
2854 10.89421874999774 12.64382031250077 0
2855 8.977312499995419 13.13610937500119 0
2856 8.715374999992825 12.85628125000116 0
2857 9.441656249994535 12.78546093750093 0
2858 7.596187499993826 13.25751562500155 0
2859 7.262812499991448 12.99792187500141 0
2860 7.989093749991972 12.92710156250131 0
2861 6.215062499992254 13.37892187500192 0
2862 5.810249999988104 13.13956250000186 0
2863 6.536531249989971 13.06874218750161 0
2864 4.83393749999232 13.50032812500203 0
2865 4.357687499991439 13.28120312500153 0
2866 5.083968749990097 13.21038281250166 0
2867 3.45281249999488 13.62173437500181 0
2868 2.905124999994794 13.4228437500012 0
2869 3.631406249992988 13.35202343750138 0
2870 2.071687499997446 13.74314062500159 0
2871 1.452562499998155 13.56448437500087 0
2872 2.178843749996546 13.49366406250102 0
2873 0.6905624999993647 13.86454687500143 0
2874 0.7262812499989514 13.63530468750132 0
2875 9.286875000004496 13.75646874999691 0
2876 9.167812500000121 13.43617187499919 0
2877 9.822656250001536 13.38558593749862 0
2878 8.048625000002868 13.83740624999793 0
2879 7.858124999998166 13.53734374999993 0
2880 8.512968749999143 13.48675781249956 0
2881 6.810375000001999 13.9183437499989 0
2882 6.548437499997659 13.63851562500052 0
2883 7.203281249997914 13.58792968750023 0
2884 5.572125000001127 13.99928124999986 0
2885 5.238749999995721 13.73968750000125 0
2886 5.893593749996692 13.68910156250089 0
2887 4.333875000000466 14.08021875000066 0
2888 3.929062499997066 13.84085937500144 0
2889 4.583906249996392 13.79027343750134 0
2890 3.095625000000585 14.16115625000124 0
2891 2.6193749999984 13.94203125000161 0
2892 3.274218749997732 13.89144531250152 0
2893 1.857375000000694 14.24209375000182 0
2894 1.309687499999739 14.04320312500179 0
2895 1.96453124999907 13.9926171875017 0
2896 0.6191250000003743 14.32303125000244 0
2897 0.6548437499998695 14.093789062502 0
2898 8.215312500005584 14.49823437499655 0
2899 8.167687500004508 14.15770312499718 0
2900 8.751093750004635 14.127351562497 0
2901 7.119937500005572 14.53870312499732 0
2902 7.000875000003932 14.21840624999808 0
2903 7.584281250004223 14.18805468749763 0
2904 6.024562500006155 14.57917187499806 0
2905 5.834062500004222 14.27910937499888 0
2906 6.417468750004078 14.24875781249848 0
2907 4.929187500006716 14.61964062499879 0
2908 4.66725000000362 14.33981249999977 0
2909 5.250656250003921 14.30946093749933 0
2910 3.833812500006058 14.66010937499945 0
2911 3.500437500002904 14.40051562500034 0
2912 4.083843750003262 14.37016406250005 0
2913 2.738437500004466 14.70057812499999 0
2914 2.333625000002147 14.46121875000089 0
2915 2.917031250002526 14.43086718750062 0
2916 1.643062500002847 14.74104687500053 0
2917 1.166812500001393 14.52192187500145 0
2918 1.75021875000177 14.49157031250117 0
2919 0.5476875000010189 14.78151562500109 0
2920 0.5834062500006966 14.55227343750177 0
2921 7.167562500003678 14.87923437499847 0
2922 7.679531250005136 14.86911718749722 0
2923 6.143625000005224 14.89946874999885 0
2924 6.655593750004454 14.88935156249867 0
2925 5.119687500007057 14.9197031249992 0
2926 5.63165625000614 14.90958593749903 0
2927 4.095750000008537 14.93993749999959 0
2928 4.607718750007812 14.92982031249939 0
2929 3.071812500006506 14.96017187499986 0
2930 3.583781250007569 14.95005468749972 0
2931 2.047875000004403 14.98040625000013 0
2932 2.559843750005488 14.97028906249999 0
2933 1.023937500002302 15.0006406250004 0
2934 1.535906250003339 14.99052343750027 0
2935 0.5119687500011753 15.01075781250043 0
2936 11.2573593749982 12.60841015625083 0
2937 11.16210937499811 12.45837890625047 0
2938 11.53417968749872 12.42043945312546 0
2939 10.70371874999858 12.98435156250064 0
2940 10.62632812499784 12.82926171875076 0
2941 10.98053906249839 12.79638085937573 0
2942 10.01315624999729 13.04505468750086 0
2943 9.917906249996438 12.89502343750084 0
2944 10.53107812499698 12.67923046875074 0
2945 10.27211718749714 12.8621425781258 0
2946 10.41796874999601 12.53425781250058 0
2947 10.79003906249706 12.49631835937552 0
2948 9.804796874995382 12.75005078125082 0
2949 9.673828124994092 12.61013671875081 0
2950 10.04589843749505 12.57219726562569 0
2951 9.322593749996035 13.10575781250108 0
2952 9.209484374994977 12.96078515625106 0
2953 9.563695312495709 12.92790429687595 0
2954 8.632031249994803 13.16646093750131 0
2955 8.501062499993507 13.02654687500129 0
2956 9.078515624993681 12.82087109375105 0
2957 8.855273437494242 12.99366601562618 0
2958 8.929687499992143 12.68601562500104 0
2959 9.301757812493118 12.64807617187592 0
2960 8.352234374992399 12.89169140625124 0
2961 8.185546874991042 12.76189453125118 0
2962 8.557617187491593 12.72395507812611 0
2963 7.941468749994008 13.22716406250149 0
2964 7.792640624992899 13.09230859375143 0
2965 8.146851562493204 13.05942773437636 0
2966 7.250906249993646 13.28786718750162 0
2967 7.084218749992457 13.15807031250155 0
2968 7.62595312499171 12.96251171875136 0
2969 7.438429687492677 13.12518945312649 0
2970 7.44140624999044 12.83777343750127 0
2971 7.813476562490741 12.79983398437622 0
2972 6.899671874990709 13.03333203125151 0
2973 6.69726562498883 12.91365234375146 0
2974 7.069335937489635 12.87571289062636 0
2975 6.56034374999286 13.34857031250181 0
2976 6.375796874991113 13.22383203125176 0
2977 6.730007812491785 13.19095117187666 0
2978 5.869781249991648 13.40927343750203 0
2979 5.667374999989573 13.289593750002 0
2980 6.173390624989038 13.10415234375174 0
2981 6.021585937490343 13.25671289062688 0
2982 5.953124999986635 12.98953125000172 0
2983 6.325195312487733 12.95159179687659 0
2984 5.4471093749891 13.17497265625176 0
2985 5.208984374988986 13.06541015625147 0
2986 5.581054687487811 13.0274707031266 0
2987 5.179218749991681 13.46997656250209 0
2988 4.958953124991209 13.35535546875185 0
2989 5.31316406249039 13.32247460937692 0
2990 4.488656249992959 13.53067968750198 0
2991 4.250531249992519 13.42111718750173 0
2992 4.720828124990768 13.24579296875159 0
2993 4.604742187491864 13.38823632812679 0
2994 4.464843749990359 13.14128906250134 0
2995 4.836914062489672 13.10334960937641 0
2996 3.994546874992214 13.31661328125146 0
2997 3.720703124992042 13.21716796875117 0
2998 4.092773437491201 13.17922851562625 0
2999 3.798093749994239 13.59138281250186 0
3000 3.542109374993934 13.48687890625159 0
3001 3.896320312493226 13.45399804687666 0
3002 3.107531249995521 13.65208593750176 0
3003 2.833687499995478 13.55264062500145 0
3004 3.268265624993891 13.38743359375129 0
3005 3.187898437494706 13.51975976562652 0
3006 2.976562499994111 13.29304687500095 0
3007 3.348632812493076 13.25510742187606 0
3008 2.54198437499567 13.45825390625111 0
3009 2.232421874996096 13.36892578125074 0
3010 2.604492187495103 13.33098632812585 0
3011 2.416968749996804 13.71278906250165 0
3012 2.125265624996996 13.61840234375131 0
3013 2.479476562496237 13.58552148437638 0
3014 1.726406249998087 13.77349218750154 0
3015 1.416843749998442 13.68416406250118 0
3016 1.81570312499735 13.52907421875095 0
3017 1.771054687497719 13.65128320312624 0
3018 1.488281249997868 13.44480468750056 0
3019 1.860351562496982 13.40686523437565 0
3020 1.089421874998553 13.5998945312511 0
3021 0.7441406249987448 13.52068359375074 0
3022 1.116210937498306 13.48274414062565 0
3023 1.035843749999047 13.83419531250146 0
3024 0.708421874999158 13.74992578125137 0
3025 1.0626328124988 13.71704492187627 0
3026 0.3452812499996824 13.89489843750141 0
3027 0.3631406249994757 13.67071484375153 0
3028 0.354210937499579 13.78280664062647 0
3029 0.3720703124993724 13.55862304687581 0
3030 10.15007812500224 13.36029296874833 0
3031 10.09054687499973 13.20014453124968 0
3032 10.42689843750041 13.17232226562448 0
3033 9.596437500004949 13.73623437499666 0
3034 9.554765625003016 13.57102734374777 0
3035 9.873257812503596 13.54826367187249 0
3036 8.977312500004043 13.77670312499717 0
3037 8.917781250001855 13.6165546874983 0
3038 9.495234375000829 13.4108789062489 0
3039 9.236273437502437 13.59379101562304 0
3040 9.417843749998385 13.25578906250008 0
3041 9.754195312499059 13.22796679687488 0
3042 8.840390624999632 13.46146484374938 0
3043 8.74514062499728 13.31143359375038 0
3044 9.081492187497833 13.28361132812523 0
3045 8.358187500003229 13.81717187499767 0
3046 8.280796875001006 13.66208203124874 0
3047 8.59928906250143 13.63931835937353 0
3048 7.739062500002506 13.85764062499819 0
3049 7.643812500000156 13.70760937499919 0
3050 8.185546874998654 13.51205078124974 0
3051 7.962304687500581 13.68484570312397 0
3052 8.072437499996177 13.36707812500067 0
3053 8.40878906249673 13.33925585937553 0
3054 7.53070312499804 13.56263671875008 0
3055 7.39973437499587 13.42272265625089 0
3056 7.736085937496023 13.39490039062578 0
3057 7.119937500002072 13.89810937499868 0
3058 7.006828124999957 13.75313671874957 0
3059 7.325320312500056 13.73037304687438 0
3060 6.500812500001926 13.93857812499913 0
3061 6.369843749999756 13.79866406249994 0
3062 6.875859374997787 13.61322265625038 0
3063 6.688335937499856 13.77590039062475 0
3064 6.727031249995562 13.47836718750111 0
3065 7.063382812495716 13.450544921876 0
3066 6.221015624997175 13.66380859375071 0
3067 6.054328124994473 13.53401171875141 0
3068 6.390679687495018 13.50618945312626 0
3069 5.88168750000149 13.97904687499961 0
3070 5.73285937499891 13.84419140625037 0
3071 6.051351562499333 13.82142773437515 0
3072 5.262562500000763 14.01951562500011 0
3073 5.095874999998062 13.88971875000081 0
3074 5.566171874996207 13.71439453125107 0
3075 5.414367187498486 13.86695507812559 0
3076 5.381624999993381 13.5896562500017 0
3077 5.717976562493927 13.56183398437655 0
3078 4.911328124996057 13.76498046875129 0
3079 4.708921874994356 13.64530078125168 0
3080 5.045273437493869 13.61747851562669 0
3081 4.643437500000434 14.05998437500051 0
3082 4.458890624998429 13.935246093751 0
3083 4.777382812498246 13.91248242187591 0
3084 4.0243125000005 14.10045312500081 0
3085 3.8219062499988 13.9807734375012 0
3086 4.256484374996729 13.81556640625139 0
3087 4.140398437498615 13.9580097656261 0
3088 4.036218749995332 13.70094531250168 0
3089 4.372570312494844 13.67312304687668 0
3090 3.601640624997399 13.86615234375148 0
3091 3.363515624996306 13.75658984375167 0
3092 3.699867187495819 13.72876757812667 0
3093 3.405187500000559 14.1409218750011 0
3094 3.184921874999159 14.02630078125138 0
3095 3.503414062498979 14.00353710937629 0
3096 2.786062500000612 14.18139062500138 0
3097 2.54793749999952 14.07182812500157 0
3098 2.946796874998066 13.91673828125157 0
3099 2.866429687499339 14.04906445312648 0
3100 2.690812499997281 13.81223437500166 0
3101 3.027164062496794 13.78441210937666 0
3102 2.291953124998735 13.96732421875166 0
3103 2.018109374998258 13.86787890625165 0
3104 2.35446093749777 13.84005664062665 0
3105 2.166937500000667 14.22185937500167 0
3106 1.910953124999882 14.11735546875176 0
3107 2.229445312499701 14.09459179687667 0
3108 1.547812500000722 14.26232812500196 0
3109 1.273968750000244 14.16288281250195 0
3110 1.637109374999405 14.01791015625175 0
3111 1.592460937500063 14.14011914062685 0
3112 1.345406249999234 13.92352343750164 0
3113 1.681757812498746 13.89570117187664 0
3114 0.9822656249998043 14.0684960937519 0
3115 0.6727031249996172 13.97916796875171 0
3116 1.009054687499426 13.95134570312668 0
3117 0.9286875000005617 14.30279687500228 0
3118 0.6369843750001218 14.20841015625222 0
3119 0.955476562500183 14.18564648437708 0
3120 0.3095625000001872 14.34326562500261 0
3121 0.3274218749999348 14.11908203125211 0
3122 0.3184921875000609 14.23117382812736 0
3123 0.3363515624998086 14.00699023437676 0
3124 9.042796875004701 14.11217578124691 0
3125 9.018984375004566 13.94191015624696 0
3126 9.319617187504825 13.92420507812178 0
3127 8.489156250005664 14.48811718749636 0
3128 8.48320312500511 14.31279296874677 0
3129 8.765976562505184 14.30014648437163 0
3130 7.941468750005505 14.50835156249674 0
3131 7.917656250004967 14.33808593749706 0
3132 8.459390625004572 14.14252734374709 0
3133 8.200429687505039 14.32543945312192 0
3134 8.417718750004049 13.9773203124973 0
3135 8.718351562504308 13.95961523437213 0
3136 7.875984375004366 14.17287890624741 0
3137 7.816453125003546 14.01273046874778 0
3138 8.117085937503799 13.99502539062254 0
3139 7.393781250005499 14.52858593749713 0
3140 7.352109375004898 14.36337890624748 0
3141 7.634882812504933 14.35073242187227 0
3142 6.846093750005646 14.54882031249751 0
3143 6.786562500004825 14.38867187499789 0
3144 7.292578125004077 14.20323046874785 0
3145 7.069335937504862 14.37602539062268 0
3146 7.215187500003038 14.04814062499827 0
3147 7.515820312503292 14.03043554687302 0
3148 6.709171875004005 14.23358203124828 0
3149 6.613921875003038 14.08355078124869 0
3150 6.914554687503038 14.06584570312348 0
3151 6.298406250005938 14.56905468749788 0
3152 6.221015625005117 14.41396484374827 0
3153 6.503789062504971 14.40131835937308 0
3154 5.750718750006373 14.58928906249824 0
3155 5.655468750005406 14.43925781249865 0
3156 6.12576562500415 14.26393359374868 0
3157 5.938242187505262 14.42661132812346 0
3158 6.012656250003038 14.11896093749911 0
3159 6.313289062503039 14.1012558593739 0
3160 5.542359375004072 14.29428515624911 0
3161 5.411390625002523 14.1543710937496 0
3162 5.71202343750278 14.13666601562436 0
3163 5.203031250006653 14.6095234374986 0
3164 5.089921875005318 14.46455078124906 0
3165 5.372695312505362 14.45190429687385 0
3166 4.655343750006778 14.62975781249898 0
3167 4.524375000005231 14.48984374999947 0
3168 4.95895312500377 14.32463671874955 0
3169 4.807148437505274 14.47719726562427 0
3170 4.81012500000201 14.18978125000007 0
3171 5.110757812502267 14.17207617187483 0
3172 4.375546875003441 14.35498828124991 0
3173 4.208859375001865 14.22519140625036 0
3174 4.509492187501937 14.20748632812521 0
3175 4.107656250006449 14.64999218749931 0
3176 3.95882812500466 14.51513671874975 0
3177 4.241601562504945 14.50249023437461 0
3178 3.559968750005667 14.67022656249959 0
3179 3.39328125000409 14.54042968750003 0
3180 3.792140625003083 14.3853398437502 0
3181 3.676054687504375 14.52778320312489 0
3182 3.607593750001719 14.26060156250065 0
3183 3.908226562501792 14.2428964843755 0
3184 3.208734375002715 14.41569140625048 0
3185 3.006328125001556 14.29601171875093 0
3186 3.306960937501637 14.27830664062579 0
3187 3.012281250004871 14.69046093749985 0
3188 2.827734375003496 14.56572265625031 0
3189 3.110507812503793 14.55307617187517 0
3190 2.464593750004061 14.71069531250013 0
3191 2.262187500002901 14.59101562500058 0
3192 2.625328125002336 14.44604296875076 0
3193 2.544960937503199 14.57836914062544 0
3194 2.405062500001393 14.33142187500121 0
3195 2.705695312501474 14.31371679687607 0
3196 2.041921875001958 14.47639453125103 0
3197 1.803796875001232 14.36683203125149 0
3198 2.104429687501313 14.34912695312635 0
3199 1.916906250003251 14.7309296875004 0
3200 1.696640625002309 14.61630859375085 0
3201 1.979414062502605 14.60366210937571 0
3202 1.369218750002442 14.75116406250067 0
3203 1.131093750001715 14.64160156250113 0
3204 1.458515625001581 14.50674609375131 0
3205 1.413867187502012 14.62895507812599 0
3206 1.202531250001071 14.40224218750178 0
3207 1.503164062501151 14.38453710937664 0
3208 0.8751093750010448 14.53709765625161 0
3209 0.6012656250005355 14.43765234375211 0
3210 0.9018984375008032 14.41994726562694 0
3211 0.8215312500015284 14.77139843750095 0
3212 0.5655468750008577 14.66689453125143 0
3213 0.8483203125012866 14.65424804687628 0
3214 0.2738437500005094 14.79163281250124 0
3215 0.2917031250003483 14.56744921875193 0
3216 0.2827734375004288 14.67954101562658 0
3217 0.3006328125002677 14.45535742187727 0
3218 7.935515625005592 14.8640585937466 0
3219 7.94742187500536 14.68367578124689 0
3220 8.212335937505628 14.67608789062148 0
3221 7.411640625003322 15.05455859374861 0
3222 7.658695312503173 15.0520292968733 0
3223 6.917531250002805 15.05961718749924 0
3224 7.423546875004407 14.87417578124785 0
3225 7.164585937503063 15.05708789062392 0
3226 7.417593750004551 14.6988515624977 0
3227 7.682507812504956 14.69126367187229 0
3228 6.911578125004066 14.88429296874857 0
3229 6.887765625005013 14.714027343748 0
3230 7.152679687504782 14.70643945312285 0
3231 6.423421875003891 15.06467578124934 0
3232 6.670476562503348 15.06214648437429 0
3233 5.929312500004976 15.06973437499942 0
3234 6.39960937500484 14.89441015624876 0
3235 6.176367187504434 15.06720507812438 0
3236 6.357937500005471 14.72920312499828 0
3237 6.622851562505242 14.72161523437314 0
3238 5.887640625005682 14.90452734374894 0
3239 5.828109375006148 14.74437890624855 0
3240 6.09302343750581 14.73679101562341 0
3241 5.435203125006133 15.07479296874952 0
3242 5.682257812505554 15.07226367187447 0
3243 4.941093750007291 15.0798515624996 0
3244 5.375671875006598 14.91464453124912 0
3245 5.188148437506712 15.07732226562456 0
3246 5.298281250006824 14.75955468749881 0
3247 5.563195312506486 14.75196679687368 0
3248 4.863703125007435 14.9247617187493 0
3249 4.768453125007264 14.77473046874909 0
3250 5.033367187507044 14.76714257812395 0
3251 4.44698437500836 15.0849101562497 0
3252 4.694039062507826 15.08238085937465 0
3253 3.952875000009386 15.0899687499998 0
3254 4.351734375008174 14.93487890624949 0
3255 4.199929687508873 15.08743945312475 0
3256 4.238625000007689 14.78990624999938 0
3257 4.503539062507477 14.78231835937424 0
3258 3.839765625008053 14.94499609374966 0
3259 3.708796875006813 14.80508203124959 0
3260 3.973710937507251 14.79749414062448 0
3261 3.458765625008323 15.09502734374986 0
3262 3.705820312508855 15.09249804687483 0
3263 2.964656250007121 15.10008593749993 0
3264 3.327796875007038 14.95511328124979 0
3265 3.211710937507722 15.09755664062489 0
3266 3.178968750005891 14.82025781249979 0
3267 3.443882812506352 14.81266992187469 0
3268 2.815828125005997 14.96523046874993 0
3269 2.649140625004977 14.83543359374999 0
3270 2.914054687505434 14.82784570312489 0
3271 2.470546875005999 15.10514453124999 0
3272 2.71760156250656 15.10261523437496 0
3273 1.976437500004777 15.11020312500007 0
3274 2.303859375004945 14.97534765625006 0
3275 2.223492187505388 15.10767382812503 0
3276 2.11931250000403 14.8506093750002 0
3277 2.384226562504503 14.84302148437509 0
3278 1.791890625003871 14.9854648437502 0
3279 1.589484375003093 14.8657851562504 0
3280 1.854398437503561 14.8581972656253 0
3281 1.482328125003585 15.11526171875014 0
3282 1.729382812504181 15.1127324218751 0
3283 0.988218750002434 15.1203203125002 0
3284 1.279921875002821 14.99558203125034 0
3285 1.235273437503009 15.11779101562517 0
3286 1.05965625000217 14.8809609375006 0
3287 1.324570312502632 14.8733730468755 0
3288 0.7679531250017386 15.00569921875042 0
3289 0.529828125001097 14.89613671875076 0
3290 0.7947421875016336 14.88854882812568 0
3291 0.4941093750012534 15.12537890625022 0
3292 0.7411640625018438 15.12284960937521 0
3293 0.2559843750005876 15.01581640625044 0
3294 0.2470546875006267 15.12790820312522 0
3295 0.2649140625005485 14.90372460937584 0
3296 1.428749999997088 11.89884375000211 0
3297 1.333499999997202 10.47256250000638 0
3298 1.238249999997862 9.046281250003885 0
3299 2.857499999992584 11.77743750000114 0
3300 2.666999999992955 10.3916250000047 0
3301 2.476499999994419 9.005812500003389 0
3302 4.286249999988064 11.65603125000017 0
3303 4.000499999988669 10.31068750000301 0
3304 3.714749999990916 8.965343750002894 0
3305 5.71499999998344 11.53462499999919 0
3306 5.333999999984142 10.22975000000133 0
3307 4.95299999998703 8.924875000002396 0
3308 7.143749999986508 11.41321874999756 0
3309 6.667499999986622 10.1488124999992 0
3310 6.191249999989468 8.88440625000168 0
3311 8.57249999998842 11.29181249999609 0
3312 8.000999999989022 10.06787499999718 0
3313 7.429499999992903 8.843937500001021 0
3314 10.00124999999207 11.17040624999445 0
3315 9.334499999992577 9.986937499995047 0
3316 8.667749999996916 8.803468750000297 0
3317 1.476374999997335 12.61198437500118 0
3318 0.7143749999985439 11.95954687500266 0
3319 0.7381874999985409 12.682804687501 0
3320 1.381124999997145 11.18570312500424 0
3321 0.6667499999986007 10.51303125000727 0
3322 0.6905624999985723 11.23628906250558 0
3323 1.285874999997532 9.759421875005133 0
3324 0.619124999998931 9.066515625004154 0
3325 0.6429374999987658 9.789773437506199 0
3326 1.190624999997932 8.333140625001942 0
3327 0.5953124999989181 8.343257812502824 0
3328 2.952749999993005 12.47034375000092 0
3329 2.143124999994836 11.83814062500162 0
3330 2.214562499995241 12.54116406250104 0
3331 2.762249999992769 11.08453125000292 0
3332 2.000249999995078 10.43209375000554 0
3333 2.071687499994956 11.13511718750358 0
3334 2.571749999993687 9.698718750004042 0
3335 1.857374999996141 9.026046875003637 0
3336 1.928812499995609 9.729070312504588 0
3337 2.381249999994632 8.312906250001694 0
3338 1.785937499996313 8.323023437501817 0
3339 4.429124999988671 12.32870312500065 0
3340 3.571874999990324 11.71673437500065 0
3341 3.690937499990711 12.3995234375008 0
3342 4.143374999988366 10.98335937500159 0
3343 3.333749999990812 10.35115625000385 0
3344 3.452812499990567 11.03394531250225 0
3345 3.857624999989793 9.638015625002954 0
3346 3.095624999992667 8.985578125003141 0
3347 3.214687499991739 9.668367187503499 0
3348 3.571874999991258 8.292671875001448 0
3349 2.976562499992934 8.302789062501571 0
3350 5.905499999984303 12.18706250000038 0
3351 5.000624999985751 11.59532812499968 0
3352 5.167312499986814 12.25788281250048 0
3353 5.524499999983791 10.88218750000026 0
3354 4.667249999986406 10.27021875000217 0
3355 4.833937499986079 10.93277343750092 0
3356 5.143499999985586 9.577312500001861 0
3357 4.333874999988973 8.945109375002645 0
3358 4.500562499987689 9.607664062502407 0
3359 4.762499999987433 8.272437500001198 0
3360 4.167187499988961 8.282554687501321 0
3361 7.38187499998797 12.04542187499934 0
3362 6.429374999984974 11.47392187499838 0
3363 6.643687499986331 12.11624218749984 0
3364 6.905624999986565 10.78101562499838 0
3365 6.000749999985382 10.18928125000026 0
3366 6.215062499985179 10.83160156249932 0
3367 6.429374999988045 9.516609375000439 0
3368 5.572124999988249 8.904640625002038 0
3369 5.786437499986816 9.546960937501153 0
3370 5.953124999989591 8.25220312500084 0
3371 5.357812499988737 8.262320312501018 0
3372 8.85824999998994 11.9037812499985 0
3373 7.858124999987464 11.35251562499682 0
3374 8.120062499988789 11.97460156249894 0
3375 8.286749999988722 10.67984374999664 0
3376 7.334249999987822 10.10834374999819 0
3377 7.596187499987646 10.73042968749751 0
3378 7.715249999990963 9.455906249999103 0
3379 6.810374999991186 8.86417187500135 0
3380 7.072312499989504 9.486257812499771 0
3381 7.143749999993283 8.23196875000051 0
3382 6.548437499991437 8.242085937500674 0
3383 10.33462499999394 11.76214062499745 0
3384 9.286874999990243 11.23110937499527 0
3385 9.596437499991946 11.83296093749797 0
3386 9.667874999992321 10.57867187499475 0
3387 8.6677499999908 10.02740624999612 0
3388 8.977312499990521 10.6292578124957 0
3389 9.001124999994747 9.395203124997671 0
3390 8.04862499999491 8.823703125000659 0
3391 8.358187499992855 9.425554687498387 0
3392 8.334374999997264 8.211734375000148 0
3393 7.739062499995056 8.22185156250033 0
3394 10.71562499999364 11.10970312499363 0
3395 11.07281249999649 11.69132031249754 0
3396 10.00124999999393 9.946468749993983 0
3397 10.35843749999358 10.5280859374935 0
3398 9.286874999998318 8.783234374999939 0
3399 9.644062499995904 9.36485156249663 0
3400 8.929687499999361 8.201617187500677 0
3401 0.7500937499985395 13.04443359375058 0
3402 0.3690937499992705 12.7182148437509 0
3403 0.3750468749992698 13.08237304687549 0
3404 1.500187499997458 12.96855468750072 0
3405 1.107281249997938 12.64739453125109 0
3406 1.125140624997999 13.00649414062565 0
3407 1.452562499997212 12.25541406250165 0
3408 1.071562499997816 11.92919531250239 0
3409 0.7262812499985425 12.32117578125183 0
3410 1.089421874997877 12.28829492187674 0
3411 0.357187499999272 11.98989843750294 0
3412 0.3631406249992712 12.35405664062692 0
3413 0.7024687499985581 11.59791796875412 0
3414 0.3452812499992862 11.26158203125626 0
3415 0.3512343749992791 11.6257402343796 0
3416 1.404937499997117 11.54227343750318 0
3417 1.035843749997859 11.21099609375491 0
3418 1.053703124997837 11.57009570312865 0
3419 1.357312499997174 10.82913281250531 0
3420 1.000124999997901 10.49279687500683 0
3421 0.6786562499985865 10.87466015625643 0
3422 1.01798437499788 10.85189648438087 0
3423 0.3333749999993004 10.53326562500772 0
3424 0.3393281249992933 10.89742382813198 0
3425 0.6548437499986832 10.15140234375673 0
3426 0.3214687499993829 9.804949218756732 0
3427 0.3274218749993416 10.16910742188222 0
3428 1.309687499997367 10.11599218750576 0
3429 0.964406249998149 9.774597656255665 0
3430 0.9822656249980252 10.13369726563125 0
3431 1.262062499997697 9.402851562504509 0
3432 0.9286874999983965 9.056398437504019 0
3433 0.6310312499988484 9.428144531255176 0
3434 0.9465468749982727 9.415498046879844 0
3435 0.3095624999994655 9.07663281250429 0
3436 0.3155156249994242 9.440791015630511 0
3437 0.6072187499989246 8.704886718753489 0
3438 0.2976562499994591 8.348316406253264 0
3439 0.3036093749994623 8.712474609378777 0
3440 1.214437499997897 8.689710937502913 0
3441 0.892968749998425 8.338199218752383 0
3442 0.9108281249984108 8.697298828128201 0
3443 1.166812499997967 7.976570312500972 0
3444 0.5834062499989117 7.981628906251412 0
3445 0.8751093749984393 7.979099609376192 0
3446 0.2917031249994558 7.984158203126633 0
3447 2.250281249995444 12.89267578125075 0
3448 1.845468749996288 12.57657421875111 0
3449 1.875234374996451 12.93061523437573 0
3450 3.000374999993216 12.81679687500081 0
3451 2.583656249994123 12.50575390625098 0
3452 2.62532812499433 12.85473632812578 0
3453 2.905124999992795 12.12389062500103 0
3454 2.50031249999371 11.80778906250138 0
3455 2.178843749995039 12.18965234375133 0
3456 2.541984374993917 12.15677148437618 0
3457 1.785937499995962 11.86849218750187 0
3458 1.815703124996125 12.22253320312649 0
3459 2.107406249994896 11.4866289062526 0
3460 1.72640624999605 11.16041015625391 0
3461 1.756171874996006 11.51445117187789 0
3462 2.809874999992677 11.43098437500203 0
3463 2.416968749993862 11.10982421875325 0
3464 2.458640624993786 11.45880664062732 0
3465 2.714624999992862 10.73807812500381 0
3466 2.333624999994016 10.41185937500512 0
3467 2.035968749995017 10.78360546875456 0
3468 2.375296874993939 10.76084179687919 0
3469 1.66687499999614 10.45232812500596 0
3470 1.696640624996095 10.80636914062994 0
3471 1.964531249995344 10.08058203125506 0
3472 1.607343749996571 9.74424609375486 0
3473 1.637109374996355 10.09828710938041 0
3474 2.619374999993321 10.04517187500437 0
3475 2.250281249994648 9.713894531254315 0
3476 2.291953124994333 10.06287695312972 0
3477 2.524124999994053 9.352265625003716 0
3478 2.16693749999528 9.015929687503512 0
3479 1.893093749995875 9.377558593754113 0
3480 2.208609374994964 9.364912109378913 0
3481 1.547812499997002 9.036164062503762 0
3482 1.577578124996786 9.390205078129311 0
3483 1.821656249996227 8.674535156252727 0
3484 1.488281249997122 8.32808203125188 0
3485 1.518046874997062 8.68212304687782 0
3486 2.428874999994525 8.659359375002541 0
3487 2.083593749995472 8.317964843751756 0
3488 2.125265624995376 8.666947265627634 0
3489 2.333624999994737 7.966453125000847 0
3490 1.7502187499964 7.971511718750909 0
3491 2.041921874995569 7.968982421875879 0
3492 1.458515624997184 7.97404101562594 0
3493 3.750468749990904 12.74091796875088 0
3494 3.321843749991858 12.43493359375086 0
3495 3.37542187499206 12.77885742187584 0
3496 4.500562499988975 12.6650390625009 0
3497 4.060031249989692 12.36411328125073 0
3498 4.125515624989939 12.70297851562589 0
3499 4.357687499988368 11.99236718750041 0
3500 3.929062499989194 11.68638281250041 0
3501 3.631406249990517 12.05812890625073 0
3502 3.994546874989443 12.02524804687557 0
3503 3.214687499991454 11.7470859375009 0
3504 3.268265624991656 12.09100976562588 0
3505 3.512343749990445 11.37533984375145 0
3506 3.107531249991668 11.05923828125259 0
3507 3.161109374991561 11.40316210937674 0
3508 4.214812499988215 11.31969531250088 0
3509 3.798093749989466 11.00865234375192 0
3510 3.86357812498933 11.34751757812617 0
3511 4.071937499988517 10.6470234375023 0
3512 3.667124999989741 10.33092187500343 0
3513 3.39328124999069 10.69255078125305 0
3514 3.732609374989603 10.66978710937768 0
3515 3.000374999991883 10.37139062500427 0
3516 3.053953124991776 10.71531445312843 0
3517 3.274218749991276 10.00976171875367 0
3518 2.893218749992713 9.68354296875377 0
3519 2.946796874992298 10.02746679687902 0
3520 3.929062499989231 9.974351562502982 0
3521 3.536156249990766 9.653191406253226 0
3522 3.601640624990253 9.992056640628327 0
3523 3.786187499990355 9.301679687502924 0
3524 3.405187499991792 8.975460937503017 0
3525 3.155156249992203 9.32697265625332 0
3526 3.470671874991279 9.314326171878122 0
3527 2.786062499993543 8.995695312503266 0
3528 2.839640624993128 9.339619140628518 0
3529 3.036093749992801 8.644183593752356 0
3530 2.678906249993783 8.307847656251632 0
3531 2.732484374993663 8.651771484377449 0
3532 3.643312499991087 8.62900781250217 0
3533 3.274218749992096 8.29773046875151 0
3534 3.339703124991944 8.636595703127263 0
3535 3.500437499991429 7.956335937500723 0
3536 2.917031249993067 7.961394531250786 0
3537 3.208734374992249 7.958865234375756 0
3538 2.625328124993902 7.963923828125816 0
3539 5.250656249987344 12.58916015625088 0
3540 4.798218749987742 12.29329296875057 0
3541 4.87560937498816 12.62709960937589 0
3542 6.000749999984735 12.51328125000098 0
3543 5.536406249985559 12.22247265625043 0
3544 5.62570312498604 12.55122070312593 0
3545 5.810249999983872 11.86084374999978 0
3546 5.357812499984595 11.56497656249944 0
3547 5.083968749986283 11.92660546875008 0
3548 5.447109374985077 11.89372460937493 0
3549 4.643437499986908 11.62567968749993 0
3550 4.720828124987325 11.95948632812524 0
3551 4.917281249985916 11.2640507812503 0
3552 4.488656249987223 10.95806640625126 0
3553 4.566046874987064 11.29187304687559 0
3554 5.619749999983616 11.20840624999973 0
3555 5.179218749984935 10.90748046875059 0
3556 5.268515624984765 11.23622851562501 0
3557 5.429249999983966 10.55596875000079 0
3558 5.000624999985273 10.24998437500175 0
3559 4.750593749986242 10.60149609375155 0
3560 5.089921874985104 10.57873242187617 0
3561 4.333874999987538 10.29045312500259 0
3562 4.41126562498738 10.62425976562692 0
3563 4.583906249987047 9.938941406252289 0
3564 4.179093749988741 9.622839843752679 0
3565 4.25648437498814 9.956646484377636 0
3566 5.238749999984864 9.903531250001596 0
3567 4.822031249986638 9.592488281252134 0
3568 4.911328124985955 9.921236328126943 0
3569 5.048249999986308 9.251093750002129 0
3570 4.643437499988002 8.93499218750252 0
3571 4.417218749988331 9.276386718752526 0
3572 4.73273437498732 9.263740234377327 0
3573 4.024312499989945 8.955226562502769 0
3574 4.101703124989343 9.289033203127724 0
3575 4.250531249988967 8.613832031251983 0
3576 3.869531249990109 8.287613281251385 0
3577 3.946921874990027 8.621419921877077 0
3578 4.857749999987232 8.598656250001797 0
3579 4.464843749988197 8.27749609375126 0
3580 4.554140624988099 8.606244140626888 0
3581 4.667249999987636 7.946218750000599 0
3582 4.083843749988955 7.951277343750661 0
3583 4.375546874988295 7.948748046875631 0
3584 3.792140624990192 7.953806640625693 0
3585 6.750843749987011 12.43740234375057 0
3586 6.274593749985318 12.15165234375011 0
3587 6.375796874985873 12.47534179687578 0
3588 7.500937499988701 12.36152343750023 0
3589 7.012781249987151 12.08083203124959 0
3590 7.125890624987856 12.3994628906254 0
3591 7.262812499987239 11.72932031249845 0
3592 6.786562499985742 11.44357031249797 0
3593 6.536531249985653 11.79508203124911 0
3594 6.899671874986446 11.76220117187378 0
3595 6.072187499984207 11.50427343749879 0
3596 6.173390624984762 11.82796289062445 0
3597 6.322218749985076 11.15276171874885 0
3598 5.869781249984485 10.85689453124979 0
3599 5.970984374984346 11.18058398437429 0
3600 7.024687499986537 11.09711718749797 0
3601 6.560343749985872 10.80630859374885 0
3602 6.673453124985807 11.12493945312341 0
3603 6.786562499986593 10.46491406249879 0
3604 6.334124999986003 10.16904687499973 0
3605 6.10790624998528 10.51044140624979 0
3606 6.447234374985937 10.48767773437429 0
3607 5.667374999984762 10.20951562500079 0
3608 5.768578124984623 10.53320507812529 0
3609 5.893593749986099 9.868121093750705 0
3610 5.464968749986201 9.562136718751507 0
3611 5.566171874985482 9.88582617187615 0
3612 6.548437499987333 9.832710937499819 0
3613 6.107906249987431 9.531785156250795 0
3614 6.221015624986716 9.850416015625262 0
3615 6.310312499988757 9.200507812501058 0
3616 5.881687499988859 8.89452343750186 0
3617 5.679281249987533 9.225800781251596 0
3618 5.994796874988145 9.213154296876327 0
3619 5.26256249998764 8.914757812502216 0
3620 5.36376562498692 9.238447265626862 0
3621 5.464968749988493 8.583480468751528 0
3622 5.060156249988085 8.267378906251107 0
3623 5.161359374987862 8.591068359376662 0
3624 6.07218749998953 8.568304687501261 0
3625 5.655468749989164 8.257261718750929 0
3626 5.768578124989011 8.575892578126394 0
3627 5.834062499989652 7.93610156250042 0
3628 5.25065624998898 7.941160156250509 0
3629 5.542359374989315 7.938630859375465 0
3630 4.958953124988307 7.943689453125554 0
3631 8.251031249989449 12.28564453125 0
3632 7.750968749988379 12.01001171874914 0
3633 7.875984374989075 12.32358398437511 0
3634 9.001124999990701 12.2097656249997 0
3635 8.489156249989364 11.93919140624872 0
3636 8.626078124990075 12.24770507812485 0
3637 8.71537499998918 11.5977968749973 0
3638 8.215312499987942 11.32216406249646 0
3639 7.989093749988126 11.66355859374788 0
3640 8.352234374988653 11.63067773437259 0
3641 7.500937499986986 11.38286718749719 0
3642 7.625953124987682 11.69643945312317 0
3643 7.727156249987555 11.04147265624717 0
3644 7.250906249987105 10.75572265624795 0
3645 7.375921874987045 11.06929492187257 0
3646 8.429624999988571 10.98582812499637 0
3647 7.941468749988184 10.70513671874708 0
3648 8.078390624988064 11.01365039062177 0
3649 8.143874999988871 10.37385937499691 0
3650 7.667624999988422 10.08810937499769 0
3651 7.465218749987734 10.41938671874785 0
3652 7.804546874988303 10.39662304687238 0
3653 7.000874999987222 10.1285781249987 0
3654 7.125890624987163 10.44215039062332 0
3655 7.203281249988663 9.79730078124898 0
3656 6.750843749988775 9.501433593750104 0
3657 6.875859374987998 9.815005859374399 0
3658 7.858124999989992 9.761890624998141 0
3659 7.393781249990234 9.471082031249438 0
3660 7.530703124989327 9.779595703123562 0
3661 7.572374999991933 9.149921875000061 0
3662 7.119937499992044 8.854054687501186 0
3663 6.941343749990345 9.17521484375056 0
3664 7.256859374991139 9.16256835937531 0
3665 6.500812499990327 8.874289062501514 0
3666 6.625828124989551 9.187861328125809 0
3667 6.679406249991311 8.553128906251011 0
3668 6.250781249990514 8.247144531250758 0
3669 6.375796874990421 8.560716796876136 0
3670 7.286624999993093 8.537953125000765 0
3671 6.84609374999236 8.237027343750592 0
3672 6.983015624992202 8.54554101562589 0
3673 7.000874999993473 7.925984375000255 0
3674 6.417468749991563 7.931042968750337 0
3675 6.709171874992518 7.928513671875296 0
3676 6.125765624990607 7.933572265625379 0
3677 9.751218749992798 12.13388671874933 0
3678 9.227343749990943 11.86837109374824 0
3679 9.37617187499175 12.17182617187452 0
3680 10.50131249999487 12.05800781249895 0
3681 9.965531249992942 11.79755078124771 0
3682 10.12626562499384 12.09594726562414 0
3683 10.16793749999301 11.46627343749595 0
3684 9.644062499991156 11.20075781249486 0
3685 9.441656249991095 11.53203515624662 0
3686 9.80479687499205 11.49915429687129 0
3687 8.929687499989331 11.26146093749568 0
3688 9.078515624990137 11.56491601562196 0
3689 9.132093749990382 10.93018359374549 0
3690 8.632031249989622 10.65455078124617 0
3691 8.780859374989475 10.95800585937093 0
3692 9.834562499992195 10.8745390624946 0
3693 9.322593749991421 10.60396484374522 0
3694 9.483328124991289 10.90236132812004 0
3695 9.501187499992449 10.2828046874949 0
3696 9.001124999991689 10.00717187499559 0
3697 8.822531249990661 10.32833203124591 0
3698 9.161859374991554 10.30556835937041 0
3699 8.334374999989912 10.04764062499665 0
3700 8.483203124989766 10.35109570312141 0
3701 8.512968749991828 9.726480468747255 0
3702 8.036718749991909 9.440730468748745 0
3703 8.18554687499091 9.744185546872696 0
3704 9.167812499993662 9.691070312496359 0
3705 8.679656249993801 9.410378906248029 0
3706 8.840390624992745 9.708775390621806 0
3707 8.834437499995833 9.099335937498985 0
3708 8.358187499995914 8.813585937500477 0
3709 8.203406249993883 9.124628906249523 0
3710 8.518921874994856 9.111982421874252 0
3711 7.739062499993906 8.833820312500841 0
3712 7.887890624992908 9.137275390624792 0
3713 7.893843749994983 8.522777343750494 0
3714 7.44140624999417 8.226910156250419 0
3715 7.590234374994038 8.53036523437563 0
3716 8.50106249999709 8.507601562500224 0
3717 8.03671874999616 8.216792968750239 0
3718 8.197453124996038 8.515189453125359 0
3719 8.167687499997438 7.915867187500075 0
3720 7.584281249995128 7.920925781250165 0
3721 7.875984374996284 7.91839648437512 0
3722 7.292578124994301 7.92345507812521 0
3723 11.25140624999748 11.98212890624885 0
3724 10.70371874999522 11.72673046874749 0
3725 10.87635937499618 12.0200683593739 0
3726 11.44190624999748 11.65591015624761 0
3727 11.62645312499836 11.94418945312385 0
3728 11.07281249999443 11.07935156249322 0
3729 10.89421874999507 11.40051171874558 0
3730 11.25735937499595 11.36763085937042 0
3731 10.35843749999286 11.14005468749404 0
3732 10.53107812499404 11.43339257812077 0
3733 10.53703124999361 10.81889453124357 0
3734 10.01315624999295 10.55337890624413 0
3735 10.1857968749929 10.84671679686908 0
3736 10.70371874999421 10.50279296874287 0
3737 10.88826562499432 10.79107226561805 0
3738 10.33462499999461 9.926234374993451 0
3739 10.17984374999375 10.23727734374374 0
3740 10.51917187499441 10.21451367186816 0
3741 9.667874999993254 9.966703124994515 0
3742 9.840515624993103 10.26004101561932 0
3743 9.822656249994918 9.655660156245308 0
3744 9.322593749995326 9.380027343747152 0
3745 9.49523437499429 9.673365234370833 0
3746 9.965531249996481 9.349675781246109 0
3747 10.15007812499554 9.637955078119781 0
3748 9.59643749999902 8.773117187499761 0
3749 9.465468749997111 9.074042968748284 0
3750 9.78098437499775 9.061396484372935 0
3751 8.977312499997616 8.793351562500117 0
3752 9.149953124996472 9.086689453123634 0
3753 9.108281249998839 8.492425781250308 0
3754 8.632031249998313 8.206675781250413 0
3755 8.804671874997965 8.500013671875266 0
3756 9.227343750000081 8.19655859375094 0
3757 9.41189062499955 8.48483789062535 0
3758 8.751093749999409 7.910808593750339 0
3759 9.042796874999905 7.90827929687547 0
3760 8.459390624998424 7.913337890625207 0
3761 1.047749999997601 6.375118750001498 0
3762 2.095499999994127 6.41688750000031 0
3763 3.143249999990573 6.458656249999116 0
3764 4.190999999986627 6.500424999997923 0
3765 5.238749999987951 6.542193749996958 0
3766 6.286499999990598 6.583962499995941 0
3767 7.334249999993494 6.62573124999498 0
3768 0.9524999999977399 5.130237500005041 0
3769 1.90499999999449 5.213775000003142 0
3770 2.857499999991163 5.297312500001233 0
3771 3.809999999987576 5.380849999999326 0
3772 4.762499999988885 5.464387499997873 0
3773 5.71499999999077 5.54792499999632 0
3774 6.667499999993151 5.631462499994874 0
3775 0.8572499999983213 3.885356250002382 0
3776 1.714499999995738 4.010662500001288 0
3777 2.571749999993081 4.135968750000185 0
3778 3.428999999990294 4.261274999999082 0
3779 4.286249999992032 4.38658124999866 0
3780 5.143499999993598 4.511887499998088 0
3781 6.000749999995906 4.637193749997677 0
3782 0.5238749999988006 6.354234375002071 0
3783 1.095374999997802 6.997559375000749 0
3784 0.5476874999988529 6.98711718750114 0
3785 1.571624999995864 6.396003125000904 0
3786 2.190749999994485 7.018443750000155 0
3787 1.643062499996176 7.008001562500452 0
3788 2.61937499999235 6.437771874999713 0
3789 3.286124999991087 7.039328124999559 0
3790 2.738437499992775 7.028885937499856 0
3791 3.6671249999886 6.47954062499852 0
3792 4.381499999987232 7.060212499998961 0
3793 3.833812499988775 7.04977031249926 0
3794 4.714874999987289 6.521309374997441 0
3795 5.476874999988832 7.08109687499848 0
3796 4.929187499988256 7.07065468749872 0
3797 5.762624999989274 6.56307812499645 0
3798 6.57224999999213 7.101981249997971 0
3799 6.024562499990481 7.091539062498224 0
3800 6.810374999992046 6.604846874995461 0
3801 7.667624999995553 7.12286562499749 0
3802 7.119937499993622 7.112423437497731 0
3803 7.858124999994354 6.646615624994499 0
3804 8.215312499997021 7.133307812497395 0
3805 0.47624999999887 5.088468750005946 0
3806 1.000124999997671 5.75267812500327 0
3807 0.5000624999988352 5.721351562504063 0
3808 1.428749999996115 5.172006250004092 0
3809 2.000249999994309 5.815331250001726 0
3810 1.50018749999599 5.7840046875025 0
3811 2.381249999992827 5.255543750002188 0
3812 3.000374999990868 5.877984375000175 0
3813 2.500312499992588 5.846657812500951 0
3814 3.33374999998937 5.339081250000279 0
3815 4.000499999987102 5.940637499998624 0
3816 3.500437499988985 5.909310937499399 0
3817 4.286249999988231 5.422618749998599 0
3818 5.000624999988418 6.003290624997415 0
3819 4.50056249998776 5.97196406249802 0
3820 5.238749999989827 5.506156249997096 0
3821 6.000749999990684 6.06594374999613 0
3822 5.50068749998955 6.034617187496773 0
3823 6.19124999999196 5.589693749995597 0
3824 7.000874999993322 6.128596874994927 0
3825 6.500812499992003 6.097270312495528 0
3826 7.143749999993947 5.673231249994151 0
3827 7.500937499993787 6.159923437493871 0
3828 0.4286249999991607 3.822703125002861 0
3829 0.9048749999980306 4.507796875003711 0
3830 0.4524374999990153 4.455585937504567 0
3831 1.28587499999703 3.948009375001835 0
3832 1.809749999995114 4.612218750002215 0
3833 1.357312499996572 4.560007812502963 0
3834 2.14312499999441 4.073315625000737 0
3835 2.714624999992122 4.716640625000709 0
3836 2.262187499993619 4.664429687501464 0
3837 3.000374999991688 4.198621874999633 0
3838 3.619499999988935 4.821062499999204 0
3839 3.167062499990529 4.768851562499958 0
3840 3.857624999991163 4.32392812499887 0
3841 4.524374999990458 4.925484374998266 0
3842 4.071937499989698 4.873273437498734 0
3843 4.714874999992815 4.449234374998374 0
3844 5.429249999992184 5.029906249997204 0
3845 4.976812499991321 4.977695312497735 0
3846 5.572124999994752 4.574540624997883 0
3847 6.334124999994529 5.134328124996276 0
3848 5.881687499993356 5.082117187496739 0
3849 6.42937499999686 4.699846874997471 0
3850 6.786562499995434 5.186539062495848 0
3851 0.8096249999985569 3.262915625001059 0
3852 0.4048124999992464 3.189820312501333 0
3853 1.619249999996252 3.409106250000289 0
3854 1.214437499997398 3.336010937500673 0
3855 2.428874999993875 3.555296874999508 0
3856 2.024062499995075 3.482201562499902 0
3857 3.238499999991433 3.701487499998727 0
3858 2.833687499992591 3.628392187499103 0
3859 4.04812499999333 3.847678124998741 0
3860 3.643312499992401 3.774582812498739 0
3861 4.857749999994681 3.99386874999858 0
3862 4.452937499994091 3.920773437498681 0
3863 5.667374999996898 4.140059374998607 0
3864 5.262562499995774 4.06696406249859 0
3865 6.072187499997988 4.213154687498692 0
3866 0.2738437499994265 6.981896093751335 0
3867 0.559593749998879 7.30355859375057 0
3868 0.2797968749994395 7.300948046875668 0
3869 0.2619374999994003 6.343792187502357 0
3870 0.5357812499988268 6.670675781251606 0
3871 0.2678906249994134 6.662844140626847 0
3872 0.7858124999982008 6.364676562501785 0
3873 1.071562499997702 6.686339062501124 0
3874 0.8215312499983274 6.992338281250945 0
3875 0.8036718749982642 6.678507421876365 0
3876 1.119187499997902 7.308779687500374 0
3877 0.8393906249983905 7.306169140625473 0
3878 1.369218749996989 7.002780468750601 0
3879 1.678781249996332 7.314000781250226 0
3880 1.398984374997117 7.3113902343753 0
3881 1.309687499996733 6.385560937501201 0
3882 1.60734374999602 6.702002343750678 0
3883 1.339453124996861 6.6941707031259 0
3884 1.833562499994995 6.406445312500606 0
3885 2.143124999994306 6.717665625000232 0
3886 1.91690624999533 7.013222656250303 0
3887 1.875234374995163 6.709833984375456 0
3888 2.238374999994664 7.319221875000078 0
3889 1.958578124995498 7.316611328125152 0
3890 2.46459374999363 7.023664843750005 0
3891 2.797968749992987 7.324442968749928 0
3892 2.518171874993826 7.321832421875003 0
3893 2.357437499993238 6.427329687500011 0
3894 2.678906249992562 6.733328906249785 0
3895 2.411015624993434 6.725497265625009 0
3896 2.881312499991461 6.448214062499415 0
3897 3.21468749999083 6.748992187499338 0
3898 3.012281249991931 7.034107031249707 0
3899 2.946796874991696 6.741160546874562 0
3900 3.357562499991344 7.32966406249978 0
3901 3.077765624992165 7.327053515624854 0
3902 3.559968749989931 7.04454921874941 0
3903 3.917156249988862 7.33488515624963 0
3904 3.637359374990103 7.332274609374705 0
3905 3.405187499989586 6.469098437498818 0
3906 3.750468749988688 6.76465546874889 0
3907 3.482578124989758 6.756823828124114 0
3908 3.929062499987614 6.489982812498221 0
3909 4.28624999998693 6.780318749998442 0
3910 4.107656249988004 7.05499140624911 0
3911 4.018359374987808 6.772487109373666 0
3912 4.476749999987534 7.340106249999481 0
3913 4.196953124988199 7.337495703124556 0
3914 4.655343749987744 7.065433593748841 0
3915 5.036343749988739 7.345327343749361 0
3916 4.756546874988137 7.342716796874421 0
3917 4.452937499986959 6.510867187497683 0
3918 4.822031249987773 6.79598203124808 0
3919 4.554140624987351 6.788150390623262 0
3920 4.97681249998762 6.531751562497199 0
3921 5.357812499988391 6.811645312497719 0
3922 5.203031249988544 7.0758757812486 0
3923 5.089921874988082 6.803813671872899 0
3924 5.595937499989272 7.35054843749924 0
3925 5.316140624989005 7.347937890624301 0
3926 5.750718749989657 7.086317968748352 0
3927 6.155531249991085 7.355769531249113 0
3928 5.875734374990178 7.353158984374177 0
3929 5.500687499988613 6.552635937496704 0
3930 5.893593749989877 6.827308593747337 0
3931 5.625703124989134 6.819476953122527 0
3932 6.024562499989936 6.573520312496195 0
3933 6.429374999991364 6.842971874996956 0
3934 6.298406249991306 7.096760156248098 0
3935 6.161484374990621 6.835140234372146 0
3936 6.715124999992897 7.360990624998985 0
3937 6.43532812499199 7.358380078124049 0
3938 6.846093749992877 7.107202343747851 0
3939 7.274718749994411 7.366211718748866 0
3940 6.994921874993654 7.363601171873926 0
3941 6.548437499991322 6.594404687495701 0
3942 6.965156249992834 6.858635156246596 0
3943 6.697265624992099 6.850803515621776 0
3944 7.07231249999277 6.61528906249522 0
3945 7.500937499994524 6.874298437496235 0
3946 7.393781249994587 7.117644531247611 0
3947 7.233046874993679 6.866466796871416 0
3948 7.834312499996583 7.371432812498745 0
3949 7.554515624995496 7.368822265623805 0
3950 7.941468749996287 7.128086718747443 0
3951 8.393906249998238 7.376653906248698 0
3952 8.11410937499741 7.374043359373721 0
3953 7.596187499993924 6.63617343749474 0
3954 8.036718749995687 6.889961718745948 0
3955 7.768828124995105 6.882130078121091 0
3956 8.120062499994784 6.657057812494259 0
3957 8.489156249997429 7.138528906247347 0
3958 8.304609374996106 6.897793359370803 0
3959 8.673703124998578 7.379264453123674 0
3960 0.2500312499994176 5.705688281254458 0
3961 0.5119687499988179 6.037792968753067 0
3962 0.255984374999409 6.024740234378408 0
3963 0.238124999999435 5.067584375006399 0
3964 0.4881562499988527 5.404910156255005 0
3965 0.2440781249994263 5.386636328130429 0
3966 0.714374999998305 5.109353125005494 0
3967 0.9763124999977054 5.441457812504156 0
3968 0.7500937499982531 5.737014843753666 0
3969 0.732234374998279 5.42318398437958 0
3970 1.023937499997636 6.063898437502385 0
3971 0.767953124998227 6.050845703127726 0
3972 1.25015624999683 5.768341406252885 0
3973 1.535906249995927 6.090003906251702 0
3974 1.279921874996781 6.076951171877044 0
3975 1.190624999996928 5.151121875004566 0
3976 1.464468749996053 5.478005468753295 0
3977 1.220390624996879 5.459731640628726 0
3978 1.666874999995303 5.192890625003617 0
3979 1.952624999994399 5.514553125002434 0
3980 1.750218749995149 5.799667968752113 0
3981 1.708546874995226 5.496279296877865 0
3982 2.047874999994218 6.116109375001018 0
3983 1.791890624995073 6.10305664062636 0
3984 2.250281249993448 5.830994531251339 0
3985 2.559843749992469 6.142214843750333 0
3986 2.303859374993343 6.129162109375676 0
3987 2.143124999993659 5.234659375002665 0
3988 2.440781249992708 5.55110078125157 0
3989 2.196703124993554 5.532826953127001 0
3990 2.619374999991995 5.27642812500171 0
3991 2.928937499991016 5.587648437500704 0
3992 2.750343749991728 5.862321093750563 0
3993 2.684859374991861 5.569374609376137 0
3994 3.07181249999072 6.168320312499645 0
3995 2.815828124991595 6.155267578124989 0
3996 3.250406249989926 5.893647656249787 0
3997 3.583781249988792 6.19442578124896 0
3998 3.327796874989756 6.181373046874302 0
3999 3.095624999990267 5.318196875000757 0
4000 3.417093749989178 5.624196093749839 0
4001 3.173015624990097 5.605922265625272 0
4002 3.571874999988473 5.359965624999802 0
4003 3.905249999987339 5.660743749998975 0
4004 3.750468749988043 5.924974218749011 0
4005 3.661171874988258 5.642469921874406 0
4006 4.095749999986865 6.220531249998274 0
4007 3.839765624987829 6.207478515623617 0
4008 4.25053124998743 5.956300781248322 0
4009 4.607718749987525 6.24663671874773 0
4010 4.351734374987195 6.233583984373002 0
4011 4.048124999987904 5.401734374998963 0
4012 4.393406249987995 5.69729140624831 0
4013 4.149328124987667 5.679017578123642 0
4014 4.524374999988558 5.443503124998236 0
4015 4.881562499988651 5.733839062497644 0
4016 4.750593749988089 5.987627343747718 0
4017 4.637484374988324 5.715565234372977 0
4018 5.119687499988185 6.272742187497187 0
4019 4.863703124987855 6.259689453122459 0
4020 5.250656249988984 6.018953906247094 0
4021 5.631656249989412 6.298847656246611 0
4022 5.375671874988798 6.285794921871899 0
4023 5.000624999989356 5.485271874997484 0
4024 5.369718749989689 5.770386718746934 0
4025 5.12564062498917 5.752112890622289 0
4026 5.476874999990299 5.527040624996708 0
4027 5.857874999990727 5.806934374996224 0
4028 5.750718749990117 6.050280468746451 0
4029 5.613796874990208 5.788660546871579 0
4030 6.143624999990641 6.324953124996036 0
4031 5.887640624990027 6.311900390621323 0
4032 6.250781249991343 6.081607031245829 0
4033 6.655593749992025 6.351058593745495 0
4034 6.399609374991333 6.338005859370766 0
4035 5.953124999991365 5.568809374995958 0
4036 6.346031249991982 5.843482031245562 0
4037 6.101953124991354 5.825208203120893 0
4038 6.429374999992556 5.610578124995236 0
4039 6.834187499993236 5.880029687494901 0
4040 6.750843749992663 6.112933593745227 0
4041 6.590109374992609 5.861755859370232 0
4042 7.167562499993409 6.377164062494954 0
4043 6.911578124992717 6.364111328120225 0
4044 7.250906249993555 6.1442601562444 0
4045 7.679531249994071 6.403269531244185 0
4046 7.42354687499374 6.390216796869569 0
4047 6.905624999993549 5.652346874994512 0
4048 7.322343749993867 5.916577343744011 0
4049 7.078265624993552 5.898303515619457 0
4050 7.381874999994345 5.69411562499379 0
4051 7.750968749994019 6.175586718743343 0
4052 7.566421874994182 5.934851171868566 0
4053 7.935515624994402 6.416322265618801 0
4054 0.2262187499995076 4.429480468754994 0
4055 0.4643437499989427 4.772027343755257 0
4056 0.2321718749994713 4.748532421880697 0
4057 0.2143124999995804 3.7913765625031 0
4058 0.440531249999088 4.139144531253715 0
4059 0.220265624999544 4.110428515629048 0
4060 0.642937499998741 3.854029687502622 0
4061 0.881062499998176 4.196576562503047 0
4062 0.6786562499985229 4.481691406254139 0
4063 0.6607968749986319 4.16786054687838 0
4064 0.9286874999978853 4.819017187504376 0
4065 0.6965156249984139 4.795522265629817 0
4066 1.131093749997301 4.533902343753337 0
4067 1.393031249996344 4.866007031253528 0
4068 1.160859374997114 4.842512109378951 0
4069 1.071562499997676 3.916682812502109 0
4070 1.321593749996801 4.254008593752399 0
4071 1.101328124997488 4.225292578127723 0
4072 1.500187499996384 3.979335937501562 0
4073 1.762124999995426 4.311440625001752 0
4074 1.583531249995843 4.586113281252589 0
4075 1.541859374996114 4.282724609377075 0
4076 1.857374999994802 4.912996875002679 0
4077 1.625203124995573 4.889501953128104 0
4078 2.035968749994367 4.63832421875184 0
4079 2.321718749993223 4.959986718751826 0
4080 2.089546874994013 4.936491796877252 0
4081 1.928812499995074 4.041989062501013 0
4082 2.202656249994015 4.368872656251101 0
4083 1.98239062499472 4.340156640626426 0
4084 2.357437499993746 4.104642187500462 0
4085 2.643187499992601 4.426304687500447 0
4086 2.48840624999287 4.690535156251086 0
4087 2.422921874993308 4.397588671875774 0
4088 2.786062499991643 5.006976562500971 0
4089 2.553890624992433 4.983481640626398 0
4090 2.940843749991326 4.742746093750334 0
4091 3.25040624998995 5.053966406250119 0
4092 3.018234374990796 5.030471484375545 0
4093 2.786062499992385 4.167295312499909 0
4094 3.083718749991109 4.483736718749796 0
4095 2.863453124991855 4.455020703125121 0
4096 3.214687499990991 4.229948437499358 0
4097 3.524249999989614 4.541168749999143 0
4098 3.393281249989732 4.794957031249581 0
4099 3.303984374990362 4.512452734374469 0
4100 3.714749999988256 5.100956249999265 0
4101 3.482578124989103 5.077461328124691 0
4102 3.845718749989317 4.84716796874897 0
4103 4.179093749988964 5.147946093748667 0
4104 3.94692187498861 5.124451171873965 0
4105 3.643312499990729 4.292601562498977 0
4106 3.964781249990431 4.598600781248802 0
4107 3.744515624990022 4.569884765623972 0
4108 4.071937499991598 4.355254687498765 0
4109 4.405312499991245 4.656032812498463 0
4110 4.298156249990078 4.899378906248501 0
4111 4.185046874990838 4.627316796873632 0
4112 4.643437499989672 5.19493593749807 0
4113 4.411265624989317 5.171441015623368 0
4114 4.750593749990889 4.951589843748001 0
4115 5.107781249990574 5.241925781247415 0
4116 4.875609374990123 5.218430859372742 0
4117 4.500562499992423 4.417907812498517 0
4118 4.845843749992068 4.713464843748055 0
4119 4.625578124991657 4.684748828123259 0
4120 4.929187499993207 4.480560937498231 0
4121 5.286374999992891 4.770896874997646 0
4122 5.203031249991753 5.003800781247469 0
4123 5.06610937499248 4.742180859372851 0
4124 5.572124999991477 5.288915624996761 0
4125 5.339953124991025 5.265420703122088 0
4126 5.65546874999277 5.056011718746971 0
4127 6.036468749992658 5.335905468746168 0
4128 5.804296874992067 5.312410546871464 0
4129 5.357812499994175 4.543214062497985 0
4130 5.726906249994054 4.828328906247311 0
4131 5.506640624993473 4.799612890622479 0
4132 5.78643749999533 4.60586718749778 0
4133 6.167437499995218 4.885760937496977 0
4134 6.107906249993943 5.108222656246507 0
4135 5.947171874994636 4.857044921872144 0
4136 6.50081249999384 5.382895312495576 0
4137 6.268640624993249 5.359400390620872 0
4138 6.560343749994981 5.160433593746062 0
4139 6.96515624999469 5.429885156245 0
4140 6.732984374994265 5.406390234370288 0
4141 6.215062499996384 4.668520312497574 0
4142 6.607968749996147 4.94319296874666 0
4143 6.387703124995682 4.914476953121818 0
4144 6.643687499997336 4.731173437497368 0
4145 7.012781249995886 5.212644531245635 0
4146 6.828234374996611 4.971908984371502 0
4147 7.197328124995115 5.453380078119712 0
4148 0.2024062499996232 3.153272656251478 0
4149 0.4167187499992036 3.506261718752097 0
4150 0.2083593749996018 3.472324609377289 0
4151 0.3929062499992893 2.873378906250593 0
4152 0.1964531249996446 2.834220703125702 0
4153 0.7858124999986746 2.951695312500397 0
4154 0.6072187499989017 3.226367968751196 0
4155 0.5893593749989819 2.912537109375495 0
4156 0.8334374999984391 3.574135937501721 0
4157 0.6250781249988213 3.540198828126909 0
4158 1.012031249997977 3.299463281250866 0
4159 1.250156249997214 3.642010156251254 0
4160 1.041796874997827 3.608073046876487 0
4161 1.178718749997582 3.030011718750092 0
4162 0.9822656249981285 2.990853515625244 0
4163 1.571624999996509 3.10832812499979 0
4164 1.416843749996825 3.372558593750481 0
4165 1.375171874997046 3.06916992187494 0
4166 1.666874999995995 3.709884375000788 0
4167 1.458515624996605 3.675947265626021 0
4168 1.821656249995663 3.445653906250096 0
4169 2.083593749994742 3.77775859375032 0
4170 1.875234374995369 3.743821484375554 0
4171 1.964531249995407 3.186644531249484 0
4172 1.768078124995958 3.147486328124637 0
4173 2.357437499994272 3.264960937499169 0
4174 2.226468749994475 3.518749218749705 0
4175 2.16098437499484 3.225802734374327 0
4176 2.500312499993478 3.845632812499846 0
4177 2.29195312499411 3.811695703125083 0
4178 2.631281249993233 3.591844531249306 0
4179 2.91703124999214 3.913507031249368 0
4180 2.708671874992809 3.879569921874607 0
4181 2.750343749993043 3.343277343748839 0
4182 2.553890624993657 3.304119140624004 0
4183 3.143249999992003 3.421593749998549 0
4184 3.036093749992012 3.664939843748915 0
4185 2.946796874992523 3.382435546873694 0
4186 3.333749999990864 3.981381249998905 0
4187 3.125390624991502 3.947444140624136 0
4188 3.440906249991917 3.738035156248733 0
4189 3.750468749991782 4.049255468748805 0
4190 3.542109374991323 4.015318359373854 0
4191 3.536156249993019 3.499910156248672 0
4192 3.339703124992511 3.46075195312361 0
4193 3.92906249999398 3.578226562498782 0
4194 3.845718749992866 3.81113046874874 0
4195 3.732609374993499 3.539068359373727 0
4196 4.167187499992681 4.1171296874987 0
4197 3.958828124992232 4.083192578123752 0
4198 4.250531249993711 3.884225781248711 0
4199 4.583906249993452 4.185003906248528 0
4200 4.375546874993067 4.151066796873614 0
4201 4.321968749994728 3.656542968748832 0
4202 4.125515624994353 3.617384765623807 0
4203 4.714874999995223 3.734859374998826 0
4204 4.655343749994386 3.957321093748631 0
4205 4.518421874994975 3.695701171873829 0
4206 5.000624999994139 4.252878124998334 0
4207 4.792265624993796 4.218941015623431 0
4208 5.060156249995227 4.030416406248585 0
4209 5.417343749995263 4.320752343748236 0
4210 5.208984374994701 4.286815234373285 0
4211 5.107781249996284 3.813175781248944 0
4212 4.911328124995753 3.774017578123885 0
4213 5.500687499997395 3.891492187499073 0
4214 5.464968749996336 4.103511718748599 0
4215 5.30423437499684 3.852333984374008 0
4216 5.834062499996403 4.388626562498143 0
4217 5.625703124995833 4.354689453123189 0
4218 5.869781249997443 4.17660703124865 0
4219 6.250781249997424 4.456500781248082 0
4220 6.042421874996913 4.422563671873112 0
4221 5.893593749998498 3.969808593749238 0
4222 5.697140624997946 3.930650390624155 0
4223 6.2745937499985 4.249702343748728 0
4224 6.090046874999002 4.00896679687431 0
4225 6.459140624997918 4.490437890623048 0
$EndNodes
$Elements
4623
1 15 2 101 1 1
2 15 2 101 2 2
3 15 2 101 3 3
4 15 2 101 4 4
5 15 2 101 5 5
6 15 2 101 6 6
7 15 2 101 7 7
8 15 2 102 8 8
9 15 2 101 9 9
10 15 2 101 10 10
11 15 2 101 11 11
12 15 2 101 12 12
13 15 2 101 14 13
14 15 2 101 15 14
15 15 2 101 16 15
16 1 2 101 1 1 16
17 1 2 101 1 16 32
18 1 2 101 1 32 31
19 1 2 101 1 31 46
20 1 2 101 1 46 30
21 1 2 101 1 30 45
22 1 2 101 1 45 29
23 1 2 101 1 29 44
24 1 2 101 1 44 28
25 1 2 101 1 28 43
26 1 2 101 1 43 27
27 1 2 101 1 27 42
28 1 2 101 1 42 26
29 1 2 101 1 26 41
30 1 2 101 1 41 25
31 1 2 101 1 25 40
32 1 2 101 1 40 24
33 1 2 101 1 24 39
34 1 2 101 1 39 23
35 1 2 101 1 23 38
36 1 2 101 1 38 22
37 1 2 101 1 22 37
38 1 2 101 1 37 21
39 1 2 101 1 21 36
40 1 2 101 1 36 20
41 1 2 101 1 20 35
42 1 2 101 1 35 19
43 1 2 101 1 19 34
44 1 2 101 1 34 18
45 1 2 101 1 18 33
46 1 2 101 1 33 17
47 1 2 101 1 17 2
48 1 2 101 2 2 47
49 1 2 101 2 47 63
50 1 2 101 2 63 62
51 1 2 101 2 62 77
52 1 2 101 2 77 61
53 1 2 101 2 61 76
54 1 2 101 2 76 60
55 1 2 101 2 60 75
56 1 2 101 2 75 59
57 1 2 101 2 59 74
58 1 2 101 2 74 58
59 1 2 101 2 58 73
60 1 2 101 2 73 57
61 1 2 101 2 57 72
62 1 2 101 2 72 56
63 1 2 101 2 56 71
64 1 2 101 2 71 55
65 1 2 101 2 55 70
66 1 2 101 2 70 54
67 1 2 101 2 54 69
68 1 2 101 2 69 53
69 1 2 101 2 53 68
70 1 2 101 2 68 52
71 1 2 101 2 52 67
72 1 2 101 2 67 51
73 1 2 101 2 51 66
74 1 2 101 2 66 50
75 1 2 101 2 50 65
76 1 2 101 2 65 49
77 1 2 101 2 49 64
78 1 2 101 2 64 48
79 1 2 101 2 48 3
80 1 2 101 3 3 85
81 1 2 101 3 85 78
82 1 2 101 3 78 86
83 1 2 101 3 86 79
84 1 2 101 3 79 87
85 1 2 101 3 87 80
86 1 2 101 3 80 88
87 1 2 101 3 88 81
88 1 2 101 3 81 89
89 1 2 101 3 89 82
90 1 2 101 3 82 90
91 1 2 101 3 90 83
92 1 2 101 3 83 91
93 1 2 101 3 91 84
94 1 2 101 3 84 92
95 1 2 101 3 92 4
96 1 2 101 4 4 100
97 1 2 101 4 100 93
98 1 2 101 4 93 101
99 1 2 101 4 101 94
100 1 2 101 4 94 102
101 1 2 101 4 102 95
102 1 2 101 4 95 103
103 1 2 101 4 103 96
104 1 2 101 4 96 104
105 1 2 101 4 104 97
106 1 2 101 4 97 105
107 1 2 101 4 105 98
108 1 2 101 4 98 106
109 1 2 101 4 106 99
110 1 2 101 4 99 107
111 1 2 101 4 107 5
112 1 2 101 5 5 115
113 1 2 101 5 115 108
114 1 2 101 5 108 116
115 1 2 101 5 116 109
116 1 2 101 5 109 117
117 1 2 101 5 117 110
118 1 2 101 5 110 118
119 1 2 101 5 118 111
120 1 2 101 5 111 119
121 1 2 101 5 119 112
122 1 2 101 5 112 120
123 1 2 101 5 120 113
124 1 2 101 5 113 121
125 1 2 101 5 121 114
126 1 2 101 5 114 122
127 1 2 101 5 122 6
128 1 2 101 6 6 130
129 1 2 101 6 130 123
130 1 2 101 6 123 131
131 1 2 101 6 131 124
132 1 2 101 6 124 132
133 1 2 101 6 132 125
134 1 2 101 6 125 133
135 1 2 101 6 133 126
136 1 2 101 6 126 134
137 1 2 101 6 134 127
138 1 2 101 6 127 135
139 1 2 101 6 135 128
140 1 2 101 6 128 136
141 1 2 101 6 136 129
142 1 2 101 6 129 137
143 1 2 101 6 137 7
144 1 2 102 7 7 138
145 1 2 102 7 138 154
146 1 2 102 7 154 153
147 1 2 102 7 153 168
148 1 2 102 7 168 152
149 1 2 102 7 152 167
150 1 2 102 7 167 151
151 1 2 102 7 151 166
152 1 2 102 7 166 150
153 1 2 102 7 150 165
154 1 2 102 7 165 149
155 1 2 102 7 149 164
156 1 2 102 7 164 148
157 1 2 102 7 148 163
158 1 2 102 7 163 147
159 1 2 102 7 147 162
160 1 2 102 7 162 146
161 1 2 102 7 146 161
162 1 2 102 7 161 145
163 1 2 102 7 145 160
164 1 2 102 7 160 144
165 1 2 102 7 144 159
166 1 2 102 7 159 143
167 1 2 102 7 143 158
168 1 2 102 7 158 142
169 1 2 102 7 142 157
170 1 2 102 7 157 141
171 1 2 102 7 141 156
172 1 2 102 7 156 140
173 1 2 102 7 140 155
174 1 2 102 7 155 139
175 1 2 102 7 139 8
176 1 2 102 8 8 169
177 1 2 102 8 169 185
178 1 2 102 8 185 184
179 1 2 102 8 184 199
180 1 2 102 8 199 183
181 1 2 102 8 183 198
182 1 2 102 8 198 182
183 1 2 102 8 182 197
184 1 2 102 8 197 181
185 1 2 102 8 181 196
186 1 2 102 8 196 180
187 1 2 102 8 180 195
188 1 2 102 8 195 179
189 1 2 102 8 179 194
190 1 2 102 8 194 178
191 1 2 102 8 178 193
192 1 2 102 8 193 177
193 1 2 102 8 177 192
194 1 2 102 8 192 176
195 1 2 102 8 176 191
196 1 2 102 8 191 175
197 1 2 102 8 175 190
198 1 2 102 8 190 174
199 1 2 102 8 174 189
200 1 2 102 8 189 173
201 1 2 102 8 173 188
202 1 2 102 8 188 172
203 1 2 102 8 172 187
204 1 2 102 8 187 171
205 1 2 102 8 171 186
206 1 2 102 8 186 170
207 1 2 102 8 170 9
208 1 2 101 9 9 207
209 1 2 101 9 207 200
210 1 2 101 9 200 208
211 1 2 101 9 208 201
212 1 2 101 9 201 209
213 1 2 101 9 209 202
214 1 2 101 9 202 210
215 1 2 101 9 210 203
216 1 2 101 9 203 211
217 1 2 101 9 211 204
218 1 2 101 9 204 212
219 1 2 101 9 212 205
220 1 2 101 9 205 213
221 1 2 101 9 213 206
222 1 2 101 9 206 214
223 1 2 101 9 214 10
224 1 2 101 10 10 222
225 1 2 101 10 222 215
226 1 2 101 10 215 223
227 1 2 101 10 223 216
228 1 2 101 10 216 224
229 1 2 101 10 224 217
230 1 2 101 10 217 225
231 1 2 101 10 225 218
232 1 2 101 10 218 226
233 1 2 101 10 226 219
234 1 2 101 10 219 227
235 1 2 101 10 227 220
236 1 2 101 10 220 228
237 1 2 101 10 228 221
238 1 2 101 10 221 229
239 1 2 101 10 229 11
240 1 2 101 11 11 237
241 1 2 101 11 237 230
242 1 2 101 11 230 238
243 1 2 101 11 238 231
244 1 2 101 11 231 239
245 1 2 101 11 239 232
246 1 2 101 11 232 240
247 1 2 101 11 240 233
248 1 2 101 11 233 241
249 1 2 101 11 241 234
250 1 2 101 11 234 242
251 1 2 101 11 242 235
252 1 2 101 11 235 243
253 1 2 101 11 243 236
254 1 2 101 11 236 244
255 1 2 101 11 244 12
256 1 2 101 12 12 252
257 1 2 101 12 252 245
258 1 2 101 12 245 253
259 1 2 101 12 253 246
260 1 2 101 12 246 254
261 1 2 101 12 254 247
262 1 2 101 12 247 255
263 1 2 101 12 255 248
264 1 2 101 12 248 256
265 1 2 101 12 256 249
266 1 2 101 12 249 257
267 1 2 101 12 257 250
268 1 2 101 12 250 258
269 1 2 101 12 258 251
270 1 2 101 12 251 259
271 1 2 101 12 259 1
272 1 2 0 13 2 267
273 1 2 0 13 267 260
274 1 2 0 13 260 268
275 1 2 0 13 268 261
276 1 2 0 13 261 269
277 1 2 0 13 269 262
278 1 2 0 13 262 270
279 1 2 0 13 270 263
280 1 2 0 13 263 271
281 1 2 0 13 271 264
282 1 2 0 13 264 272
283 1 2 0 13 272 265
284 1 2 0 13 265 273
285 1 2 0 13 273 266
286 1 2 0 13 266 274
287 1 2 0 13 274 15
288 1 2 0 14 15 282
289 1 2 0 14 282 275
290 1 2 0 14 275 283
291 1 2 0 14 283 276
292 1 2 0 14 276 284
293 1 2 0 14 284 277
294 1 2 0 14 277 285
295 1 2 0 14 285 278
296 1 2 0 14 278 286
297 1 2 0 14 286 279
298 1 2 0 14 279 287
299 1 2 0 14 287 280
300 1 2 0 14 280 288
301 1 2 0 14 288 281
302 1 2 0 14 281 289
303 1 2 0 14 289 13
304 1 2 0 15 13 297
305 1 2 0 15 297 290
306 1 2 0 15 290 298
307 1 2 0 15 298 291
308 1 2 0 15 291 299
309 1 2 0 15 299 292
310 1 2 0 15 292 300
311 1 2 0 15 300 293
312 1 2 0 15 293 301
313 1 2 0 15 301 294
314 1 2 0 15 294 302
315 1 2 0 15 302 295
316 1 2 0 15 295 303
317 1 2 0 15 303 296
318 1 2 0 15 296 304
319 1 2 0 15 304 14
320 1 2 0 16 14 312
321 1 2 0 16 312 305
322 1 2 0 16 305 313
323 1 2 0 16 313 306
324 1 2 0 16 306 314
325 1 2 0 16 314 307
326 1 2 0 16 307 315
327 1 2 0 16 315 308
328 1 2 0 16 308 316
329 1 2 0 16 316 309
330 1 2 0 16 309 317
331 1 2 0 16 317 310
332 1 2 0 16 310 318
333 1 2 0 16 318 311
334 1 2 0 16 311 319
335 1 2 0 16 319 8
336 1 2 0 17 10 320
337 1 2 0 17 320 336
338 1 2 0 17 336 335
339 1 2 0 17 335 350
340 1 2 0 17 350 334
341 1 2 0 17 334 349
342 1 2 0 17 349 333
343 1 2 0 17 333 348
344 1 2 0 17 348 332
345 1 2 0 17 332 347
346 1 2 0 17 347 331
347 1 2 0 17 331 346
348 1 2 0 17 346 330
349 1 2 0 17 330 345
350 1 2 0 17 345 329
351 1 2 0 17 329 344
352 1 2 0 17 344 328
353 1 2 0 17 328 343
354 1 2 0 17 343 327
355 1 2 0 17 327 342
356 1 2 0 17 342 326
357 1 2 0 17 326 341
358 1 2 0 17 341 325
359 1 2 0 17 325 340
360 1 2 0 17 340 324
361 1 2 0 17 324 339
362 1 2 0 17 339 323
363 1 2 0 17 323 338
364 1 2 0 17 338 322
365 1 2 0 17 322 337
366 1 2 0 17 337 321
367 1 2 0 17 321 14
368 1 2 0 18 14 351
369 1 2 0 18 351 367
370 1 2 0 18 367 366
371 1 2 0 18 366 381
372 1 2 0 18 381 365
373 1 2 0 18 365 380
374 1 2 0 18 380 364
375 1 2 0 18 364 379
376 1 2 0 18 379 363
377 1 2 0 18 363 378
378 1 2 0 18 378 362
379 1 2 0 18 362 377
380 1 2 0 18 377 361
381 1 2 0 18 361 376
382 1 2 0 18 376 360
383 1 2 0 18 360 375
384 1 2 0 18 375 359
385 1 2 0 18 359 374
386 1 2 0 18 374 358
387 1 2 0 18 358 373
388 1 2 0 18 373 357
389 1 2 0 18 357 372
390 1 2 0 18 372 356
391 1 2 0 18 356 371
392 1 2 0 18 371 355
393 1 2 0 18 355 370
394 1 2 0 18 370 354
395 1 2 0 18 354 369
396 1 2 0 18 369 353
397 1 2 0 18 353 368
398 1 2 0 18 368 352
399 1 2 0 18 352 6
400 1 2 0 19 11 382
401 1 2 0 19 382 398
402 1 2 0 19 398 397
403 1 2 0 19 397 412
404 1 2 0 19 412 396
405 1 2 0 19 396 411
406 1 2 0 19 411 395
407 1 2 0 19 395 410
408 1 2 0 19 410 394
409 1 2 0 19 394 409
410 1 2 0 19 409 393
411 1 2 0 19 393 408
412 1 2 0 19 408 392
413 1 2 0 19 392 407
414 1 2 0 19 407 391
415 1 2 0 19 391 406
416 1 2 0 19 406 390
417 1 2 0 19 390 405
418 1 2 0 19 405 389
419 1 2 0 19 389 404
420 1 2 0 19 404 388
421 1 2 0 19 388 403
422 1 2 0 19 403 387
423 1 2 0 19 387 402
424 1 2 0 19 402 386
425 1 2 0 19 386 401
426 1 2 0 19 401 385
427 1 2 0 19 385 400
428 1 2 0 19 400 384
429 1 2 0 19 384 399
430 1 2 0 19 399 383
431 1 2 0 19 383 13
432 1 2 0 20 13 413
433 1 2 0 20 413 429
434 1 2 0 20 429 428
435 1 2 0 20 428 443
436 1 2 0 20 443 427
437 1 2 0 20 427 442
438 1 2 0 20 442 426
439 1 2 0 20 426 441
440 1 2 0 20 441 425
441 1 2 0 20 425 440
442 1 2 0 20 440 424
443 1 2 0 20 424 439
444 1 2 0 20 439 423
445 1 2 0 20 423 438
446 1 2 0 20 438 422
447 1 2 0 20 422 437
448 1 2 0 20 437 421
449 1 2 0 20 421 436
450 1 2 0 20 436 420
451 1 2 0 20 420 435
452 1 2 0 20 435 419
453 1 2 0 20 419 434
454 1 2 0 20 434 418
455 1 2 0 20 418 433
456 1 2 0 20 433 417
457 1 2 0 20 417 432
458 1 2 0 20 432 416
459 1 2 0 20 416 431
460 1 2 0 20 431 415
461 1 2 0 20 415 430
462 1 2 0 20 430 414
463 1 2 0 20 414 5
464 1 2 0 21 12 444
465 1 2 0 21 444 460
466 1 2 0 21 460 459
467 1 2 0 21 459 474
468 1 2 0 21 474 458
469 1 2 0 21 458 473
470 1 2 0 21 473 457
471 1 2 0 21 457 472
472 1 2 0 21 472 456
473 1 2 0 21 456 471
474 1 2 0 21 471 455
475 1 2 0 21 455 470
476 1 2 0 21 470 454
477 1 2 0 21 454 469
478 1 2 0 21 469 453
479 1 2 0 21 453 468
480 1 2 0 21 468 452
481 1 2 0 21 452 467
482 1 2 0 21 467 451
483 1 2 0 21 451 466
484 1 2 0 21 466 450
485 1 2 0 21 450 465
486 1 2 0 21 465 449
487 1 2 0 21 449 464
488 1 2 0 21 464 448
489 1 2 0 21 448 463
490 1 2 0 21 463 447
491 1 2 0 21 447 462
492 1 2 0 21 462 446
493 1 2 0 21 446 461
494 1 2 0 21 461 445
495 1 2 0 21 445 15
496 1 2 0 22 15 475
497 1 2 0 22 475 491
498 1 2 0 22 491 490
499 1 2 0 22 490 505
500 1 2 0 22 505 489
501 1 2 0 22 489 504
502 1 2 0 22 504 488
503 1 2 0 22 488 503
504 1 2 0 22 503 487
505 1 2 0 22 487 502
506 1 2 0 22 502 486
507 1 2 0 22 486 501
508 1 2 0 22 501 485
509 1 2 0 22 485 500
510 1 2 0 22 500 484
511 1 2 0 22 484 499
512 1 2 0 22 499 483
513 1 2 0 22 483 498
514 1 2 0 22 498 482
515 1 2 0 22 482 497
516 1 2 0 22 497 481
517 1 2 0 22 481 496
518 1 2 0 22 496 480
519 1 2 0 22 480 495
520 1 2 0 22 495 479
521 1 2 0 22 479 494
522 1 2 0 22 494 478
523 1 2 0 22 478 493
524 1 2 0 22 493 477
525 1 2 0 22 477 492
526 1 2 0 22 492 476
527 1 2 0 22 476 4
528 3 2 0 24 1 16 613 259
529 3 2 0 24 16 32 611 613
530 3 2 0 24 613 611 529 612
531 3 2 0 24 259 613 612 251
532 3 2 0 24 32 31 616 611
533 3 2 0 24 31 46 614 616
534 3 2 0 24 616 614 527 615
535 3 2 0 24 611 616 615 529
536 3 2 0 24 529 615 620 619
537 3 2 0 24 615 527 617 620
538 3 2 0 24 620 617 506 618
539 3 2 0 24 619 620 618 528
540 3 2 0 24 251 612 622 258
541 3 2 0 24 612 529 619 622
542 3 2 0 24 622 619 528 621
543 3 2 0 24 258 622 621 250
544 3 2 0 24 250 621 625 257
545 3 2 0 24 621 528 623 625
546 3 2 0 24 625 623 532 624
547 3 2 0 24 257 625 624 249
548 3 2 0 24 528 618 628 623
549 3 2 0 24 618 506 626 628
550 3 2 0 24 628 626 530 627
551 3 2 0 24 623 628 627 532
552 3 2 0 24 532 627 632 631
553 3 2 0 24 627 530 629 632
554 3 2 0 24 632 629 507 630
555 3 2 0 24 631 632 630 531
556 3 2 0 24 249 624 634 256
557 3 2 0 24 624 532 631 634
558 3 2 0 24 634 631 531 633
559 3 2 0 24 256 634 633 248
560 3 2 0 24 248 633 637 255
561 3 2 0 24 633 531 635 637
562 3 2 0 24 637 635 535 636
563 3 2 0 24 255 637 636 247
564 3 2 0 24 531 630 640 635
565 3 2 0 24 630 507 638 640
566 3 2 0 24 640 638 533 639
567 3 2 0 24 635 640 639 535
568 3 2 0 24 535 639 644 643
569 3 2 0 24 639 533 641 644
570 3 2 0 24 644 641 508 642
571 3 2 0 24 643 644 642 534
572 3 2 0 24 247 636 646 254
573 3 2 0 24 636 535 643 646
574 3 2 0 24 646 643 534 645
575 3 2 0 24 254 646 645 246
576 3 2 0 24 246 645 649 253
577 3 2 0 24 645 534 647 649
578 3 2 0 24 649 647 537 648
579 3 2 0 24 253 649 648 245
580 3 2 0 24 534 642 652 647
581 3 2 0 24 642 508 650 652
582 3 2 0 24 652 650 536 651
583 3 2 0 24 647 652 651 537
584 3 2 0 24 537 651 655 654
585 3 2 0 24 651 536 653 655
586 3 2 0 24 655 653 474 459
587 3 2 0 24 654 655 459 460
588 3 2 0 24 245 648 656 252
589 3 2 0 24 648 537 654 656
590 3 2 0 24 656 654 460 444
591 3 2 0 24 252 656 444 12
592 3 2 0 24 46 30 659 614
593 3 2 0 24 30 45 657 659
594 3 2 0 24 659 657 540 658
595 3 2 0 24 614 659 658 527
596 3 2 0 24 45 29 662 657
597 3 2 0 24 29 44 660 662
598 3 2 0 24 662 660 538 661
599 3 2 0 24 657 662 661 540
600 3 2 0 24 540 661 666 665
601 3 2 0 24 661 538 663 666
602 3 2 0 24 666 663 509 664
603 3 2 0 24 665 666 664 539
604 3 2 0 24 527 658 668 617
605 3 2 0 24 658 540 665 668
606 3 2 0 24 668 665 539 667
607 3 2 0 24 617 668 667 506
608 3 2 0 24 506 667 671 626
609 3 2 0 24 667 539 669 671
610 3 2 0 24 671 669 543 670
611 3 2 0 24 626 671 670 530
612 3 2 0 24 539 664 674 669
613 3 2 0 24 664 509 672 674
614 3 2 0 24 674 672 541 673
615 3 2 0 24 669 674 673 543
616 3 2 0 24 543 673 678 677
617 3 2 0 24 673 541 675 678
618 3 2 0 24 678 675 510 676
619 3 2 0 24 677 678 676 542
620 3 2 0 24 530 670 680 629
621 3 2 0 24 670 543 677 680
622 3 2 0 24 680 677 542 679
623 3 2 0 24 629 680 679 507
624 3 2 0 24 507 679 683 638
625 3 2 0 24 679 542 681 683
626 3 2 0 24 683 681 546 682
627 3 2 0 24 638 683 682 533
628 3 2 0 24 542 676 686 681
629 3 2 0 24 676 510 684 686
630 3 2 0 24 686 684 544 685
631 3 2 0 24 681 686 685 546
632 3 2 0 24 546 685 690 689
633 3 2 0 24 685 544 687 690
634 3 2 0 24 690 687 511 688
635 3 2 0 24 689 690 688 545
636 3 2 0 24 533 682 692 641
637 3 2 0 24 682 546 689 692
638 3 2 0 24 692 689 545 691
639 3 2 0 24 641 692 691 508
640 3 2 0 24 508 691 695 650
641 3 2 0 24 691 545 693 695
642 3 2 0 24 695 693 548 694
643 3 2 0 24 650 695 694 536
644 3 2 0 24 545 688 698 693
645 3 2 0 24 688 511 696 698
646 3 2 0 24 698 696 547 697
647 3 2 0 24 693 698 697 548
648 3 2 0 24 548 697 701 700
649 3 2 0 24 697 547 699 701
650 3 2 0 24 701 699 472 457
651 3 2 0 24 700 701 457 473
652 3 2 0 24 536 694 702 653
653 3 2 0 24 694 548 700 702
654 3 2 0 24 702 700 473 458
655 3 2 0 24 653 702 458 474
656 3 2 0 24 44 28 705 660
657 3 2 0 24 28 43 703 705
658 3 2 0 24 705 703 551 704
659 3 2 0 24 660 705 704 538
660 3 2 0 24 43 27 708 703
661 3 2 0 24 27 42 706 708
662 3 2 0 24 708 706 549 707
663 3 2 0 24 703 708 707 551
664 3 2 0 24 551 707 712 711
665 3 2 0 24 707 549 709 712
666 3 2 0 24 712 709 512 710
667 3 2 0 24 711 712 710 550
668 3 2 0 24 538 704 714 663
669 3 2 0 24 704 551 711 714
670 3 2 0 24 714 711 550 713
671 3 2 0 24 663 714 713 509
672 3 2 0 24 509 713 717 672
673 3 2 0 24 713 550 715 717
674 3 2 0 24 717 715 554 716
675 3 2 0 24 672 717 716 541
676 3 2 0 24 550 710 720 715
677 3 2 0 24 710 512 718 720
678 3 2 0 24 720 718 552 719
679 3 2 0 24 715 720 719 554
680 3 2 0 24 554 719 724 723
681 3 2 0 24 719 552 721 724
682 3 2 0 24 724 721 513 722
683 3 2 0 24 723 724 722 553
684 3 2 0 24 541 716 726 675
685 3 2 0 24 716 554 723 726
686 3 2 0 24 726 723 553 725
687 3 2 0 24 675 726 725 510
688 3 2 0 24 510 725 729 684
689 3 2 0 24 725 553 727 729
690 3 2 0 24 729 727 557 728
691 3 2 0 24 684 729 728 544
692 3 2 0 24 553 722 732 727
693 3 2 0 24 722 513 730 732
694 3 2 0 24 732 730 555 731
695 3 2 0 24 727 732 731 557
696 3 2 0 24 557 731 736 735
697 3 2 0 24 731 555 733 736
698 3 2 0 24 736 733 514 734
699 3 2 0 24 735 736 734 556
700 3 2 0 24 544 728 738 687
701 3 2 0 24 728 557 735 738
702 3 2 0 24 738 735 556 737
703 3 2 0 24 687 738 737 511
704 3 2 0 24 511 737 741 696
705 3 2 0 24 737 556 739 741
706 3 2 0 24 741 739 559 740
707 3 2 0 24 696 741 740 547
708 3 2 0 24 556 734 744 739
709 3 2 0 24 734 514 742 744
710 3 2 0 24 744 742 558 743
711 3 2 0 24 739 744 743 559
712 3 2 0 24 559 743 747 746
713 3 2 0 24 743 558 745 747
714 3 2 0 24 747 745 470 455
715 3 2 0 24 746 747 455 471
716 3 2 0 24 547 740 748 699
717 3 2 0 24 740 559 746 748
718 3 2 0 24 748 746 471 456
719 3 2 0 24 699 748 456 472
720 3 2 0 24 42 26 751 706
721 3 2 0 24 26 41 749 751
722 3 2 0 24 751 749 562 750
723 3 2 0 24 706 751 750 549
724 3 2 0 24 41 25 754 749
725 3 2 0 24 25 40 752 754
726 3 2 0 24 754 752 560 753
727 3 2 0 24 749 754 753 562
728 3 2 0 24 562 753 758 757
729 3 2 0 24 753 560 755 758
730 3 2 0 24 758 755 515 756
731 3 2 0 24 757 758 756 561
732 3 2 0 24 549 750 760 709
733 3 2 0 24 750 562 757 760
734 3 2 0 24 760 757 561 759
735 3 2 0 24 709 760 759 512
736 3 2 0 24 512 759 763 718
737 3 2 0 24 759 561 761 763
738 3 2 0 24 763 761 565 762
739 3 2 0 24 718 763 762 552
740 3 2 0 24 561 756 766 761
741 3 2 0 24 756 515 764 766
742 3 2 0 24 766 764 563 765
743 3 2 0 24 761 766 765 565
744 3 2 0 24 565 765 770 769
745 3 2 0 24 765 563 767 770
746 3 2 0 24 770 767 516 768
747 3 2 0 24 769 770 768 564
748 3 2 0 24 552 762 772 721
749 3 2 0 24 762 565 769 772
750 3 2 0 24 772 769 564 771
751 3 2 0 24 721 772 771 513
752 3 2 0 24 513 771 775 730
753 3 2 0 24 771 564 773 775
754 3 2 0 24 775 773 568 774
755 3 2 0 24 730 775 774 555
756 3 2 0 24 564 768 778 773
757 3 2 0 24 768 516 776 778
758 3 2 0 24 778 776 566 777
759 3 2 0 24 773 778 777 568
760 3 2 0 24 568 777 782 781
761 3 2 0 24 777 566 779 782
762 3 2 0 24 782 779 517 780
763 3 2 0 24 781 782 780 567
764 3 2 0 24 555 774 784 733
765 3 2 0 24 774 568 781 784
766 3 2 0 24 784 781 567 783
767 3 2 0 24 733 784 783 514
768 3 2 0 24 514 783 787 742
769 3 2 0 24 783 567 785 787
770 3 2 0 24 787 785 570 786
771 3 2 0 24 742 787 786 558
772 3 2 0 24 567 780 790 785
773 3 2 0 24 780 517 788 790
774 3 2 0 24 790 788 569 789
775 3 2 0 24 785 790 789 570
776 3 2 0 24 570 789 793 792
777 3 2 0 24 789 569 791 793
778 3 2 0 24 793 791 468 453
779 3 2 0 24 792 793 453 469
780 3 2 0 24 558 786 794 745
781 3 2 0 24 786 570 792 794
782 3 2 0 24 794 792 469 454
783 3 2 0 24 745 794 454 470
784 3 2 0 24 40 24 797 752
785 3 2 0 24 24 39 795 797
786 3 2 0 24 797 795 573 796
787 3 2 0 24 752 797 796 560
788 3 2 0 24 39 23 800 795
789 3 2 0 24 23 38 798 800
790 3 2 0 24 800 798 571 799
791 3 2 0 24 795 800 799 573
792 3 2 0 24 573 799 804 803
793 3 2 0 24 799 571 801 804
794 3 2 0 24 804 801 518 802
795 3 2 0 24 803 804 802 572
796 3 2 0 24 560 796 806 755
797 3 2 0 24 796 573 803 806
798 3 2 0 24 806 803 572 805
799 3 2 0 24 755 806 805 515
800 3 2 0 24 515 805 809 764
801 3 2 0 24 805 572 807 809
802 3 2 0 24 809 807 576 808
803 3 2 0 24 764 809 808 563
804 3 2 0 24 572 802 812 807
805 3 2 0 24 802 518 810 812
806 3 2 0 24 812 810 574 811
807 3 2 0 24 807 812 811 576
808 3 2 0 24 576 811 816 815
809 3 2 0 24 811 574 813 816
810 3 2 0 24 816 813 519 814
811 3 2 0 24 815 816 814 575
812 3 2 0 24 563 808 818 767
813 3 2 0 24 808 576 815 818
814 3 2 0 24 818 815 575 817
815 3 2 0 24 767 818 817 516
816 3 2 0 24 516 817 821 776
817 3 2 0 24 817 575 819 821
818 3 2 0 24 821 819 579 820
819 3 2 0 24 776 821 820 566
820 3 2 0 24 575 814 824 819
821 3 2 0 24 814 519 822 824
822 3 2 0 24 824 822 577 823
823 3 2 0 24 819 824 823 579
824 3 2 0 24 579 823 828 827
825 3 2 0 24 823 577 825 828
826 3 2 0 24 828 825 520 826
827 3 2 0 24 827 828 826 578
828 3 2 0 24 566 820 830 779
829 3 2 0 24 820 579 827 830
830 3 2 0 24 830 827 578 829
831 3 2 0 24 779 830 829 517
832 3 2 0 24 517 829 833 788
833 3 2 0 24 829 578 831 833
834 3 2 0 24 833 831 581 832
835 3 2 0 24 788 833 832 569
836 3 2 0 24 578 826 836 831
837 3 2 0 24 826 520 834 836
838 3 2 0 24 836 834 580 835
839 3 2 0 24 831 836 835 581
840 3 2 0 24 581 835 839 838
841 3 2 0 24 835 580 837 839
842 3 2 0 24 839 837 466 451
843 3 2 0 24 838 839 451 467
844 3 2 0 24 569 832 840 791
845 3 2 0 24 832 581 838 840
846 3 2 0 24 840 838 467 452
847 3 2 0 24 791 840 452 468
848 3 2 0 24 38 22 843 798
849 3 2 0 24 22 37 841 843
850 3 2 0 24 843 841 584 842
851 3 2 0 24 798 843 842 571
852 3 2 0 24 37 21 846 841
853 3 2 0 24 21 36 844 846
854 3 2 0 24 846 844 582 845
855 3 2 0 24 841 846 845 584
856 3 2 0 24 584 845 850 849
857 3 2 0 24 845 582 847 850
858 3 2 0 24 850 847 521 848
859 3 2 0 24 849 850 848 583
860 3 2 0 24 571 842 852 801
861 3 2 0 24 842 584 849 852
862 3 2 0 24 852 849 583 851
863 3 2 0 24 801 852 851 518
864 3 2 0 24 518 851 855 810
865 3 2 0 24 851 583 853 855
866 3 2 0 24 855 853 587 854
867 3 2 0 24 810 855 854 574
868 3 2 0 24 583 848 858 853
869 3 2 0 24 848 521 856 858
870 3 2 0 24 858 856 585 857
871 3 2 0 24 853 858 857 587
872 3 2 0 24 587 857 862 861
873 3 2 0 24 857 585 859 862
874 3 2 0 24 862 859 522 860
875 3 2 0 24 861 862 860 586
876 3 2 0 24 574 854 864 813
877 3 2 0 24 854 587 861 864
878 3 2 0 24 864 861 586 863
879 3 2 0 24 813 864 863 519
880 3 2 0 24 519 863 867 822
881 3 2 0 24 863 586 865 867
882 3 2 0 24 867 865 590 866
883 3 2 0 24 822 867 866 577
884 3 2 0 24 586 860 870 865
885 3 2 0 24 860 522 868 870
886 3 2 0 24 870 868 588 869
887 3 2 0 24 865 870 869 590
888 3 2 0 24 590 869 874 873
889 3 2 0 24 869 588 871 874
890 3 2 0 24 874 871 523 872
891 3 2 0 24 873 874 872 589
892 3 2 0 24 577 866 876 825
893 3 2 0 24 866 590 873 876
894 3 2 0 24 876 873 589 875
895 3 2 0 24 825 876 875 520
896 3 2 0 24 520 875 879 834
897 3 2 0 24 875 589 877 879
898 3 2 0 24 879 877 592 878
899 3 2 0 24 834 879 878 580
900 3 2 0 24 589 872 882 877
901 3 2 0 24 872 523 880 882
902 3 2 0 24 882 880 591 881
903 3 2 0 24 877 882 881 592
904 3 2 0 24 592 881 885 884
905 3 2 0 24 881 591 883 885
906 3 2 0 24 885 883 464 449
907 3 2 0 24 884 885 449 465
908 3 2 0 24 580 878 886 837
909 3 2 0 24 878 592 884 886
910 3 2 0 24 886 884 465 450
911 3 2 0 24 837 886 450 466
912 3 2 0 24 36 20 889 844
913 3 2 0 24 20 35 887 889
914 3 2 0 24 889 887 595 888
915 3 2 0 24 844 889 888 582
916 3 2 0 24 35 19 892 887
917 3 2 0 24 19 34 890 892
918 3 2 0 24 892 890 593 891
919 3 2 0 24 887 892 891 595
920 3 2 0 24 595 891 896 895
921 3 2 0 24 891 593 893 896
922 3 2 0 24 896 893 524 894
923 3 2 0 24 895 896 894 594
924 3 2 0 24 582 888 898 847
925 3 2 0 24 888 595 895 898
926 3 2 0 24 898 895 594 897
927 3 2 0 24 847 898 897 521
928 3 2 0 24 521 897 901 856
929 3 2 0 24 897 594 899 901
930 3 2 0 24 901 899 598 900
931 3 2 0 24 856 901 900 585
932 3 2 0 24 594 894 904 899
933 3 2 0 24 894 524 902 904
934 3 2 0 24 904 902 596 903
935 3 2 0 24 899 904 903 598
936 3 2 0 24 598 903 908 907
937 3 2 0 24 903 596 905 908
938 3 2 0 24 908 905 525 906
939 3 2 0 24 907 908 906 597
940 3 2 0 24 585 900 910 859
941 3 2 0 24 900 598 907 910
942 3 2 0 24 910 907 597 909
943 3 2 0 24 859 910 909 522
944 3 2 0 24 522 909 913 868
945 3 2 0 24 909 597 911 913
946 3 2 0 24 913 911 601 912
947 3 2 0 24 868 913 912 588
948 3 2 0 24 597 906 916 911
949 3 2 0 24 906 525 914 916
950 3 2 0 24 916 914 599 915
951 3 2 0 24 911 916 915 601
952 3 2 0 24 601 915 920 919
953 3 2 0 24 915 599 917 920
954 3 2 0 24 920 917 526 918
955 3 2 0 24 919 920 918 600
956 3 2 0 24 588 912 922 871
957 3 2 0 24 912 601 919 922
958 3 2 0 24 922 919 600 921
959 3 2 0 24 871 922 921 523
960 3 2 0 24 523 921 925 880
961 3 2 0 24 921 600 923 925
962 3 2 0 24 925 923 603 924
963 3 2 0 24 880 925 924 591
964 3 2 0 24 600 918 928 923
965 3 2 0 24 918 526 926 928
966 3 2 0 24 928 926 602 927
967 3 2 0 24 923 928 927 603
968 3 2 0 24 603 927 931 930
969 3 2 0 24 927 602 929 931
970 3 2 0 24 931 929 462 447
971 3 2 0 24 930 931 447 463
972 3 2 0 24 591 924 932 883
973 3 2 0 24 924 603 930 932
974 3 2 0 24 932 930 463 448
975 3 2 0 24 883 932 448 464
976 3 2 0 24 34 18 935 890
977 3 2 0 24 18 33 933 935
978 3 2 0 24 935 933 605 934
979 3 2 0 24 890 935 934 593
980 3 2 0 24 33 17 937 933
981 3 2 0 24 17 2 267 937
982 3 2 0 24 937 267 260 936
983 3 2 0 24 933 937 936 605
984 3 2 0 24 605 936 940 939
985 3 2 0 24 936 260 268 940
986 3 2 0 24 940 268 261 938
987 3 2 0 24 939 940 938 604
988 3 2 0 24 593 934 942 893
989 3 2 0 24 934 605 939 942
990 3 2 0 24 942 939 604 941
991 3 2 0 24 893 942 941 524
992 3 2 0 24 524 941 945 902
993 3 2 0 24 941 604 943 945
994 3 2 0 24 945 943 607 944
995 3 2 0 24 902 945 944 596
996 3 2 0 24 604 938 947 943
997 3 2 0 24 938 261 269 947
998 3 2 0 24 947 269 262 946
999 3 2 0 24 943 947 946 607
1000 3 2 0 24 607 946 950 949
1001 3 2 0 24 946 262 270 950
1002 3 2 0 24 950 270 263 948
1003 3 2 0 24 949 950 948 606
1004 3 2 0 24 596 944 952 905
1005 3 2 0 24 944 607 949 952
1006 3 2 0 24 952 949 606 951
1007 3 2 0 24 905 952 951 525
1008 3 2 0 24 525 951 955 914
1009 3 2 0 24 951 606 953 955
1010 3 2 0 24 955 953 609 954
1011 3 2 0 24 914 955 954 599
1012 3 2 0 24 606 948 957 953
1013 3 2 0 24 948 263 271 957
1014 3 2 0 24 957 271 264 956
1015 3 2 0 24 953 957 956 609
1016 3 2 0 24 609 956 960 959
1017 3 2 0 24 956 264 272 960
1018 3 2 0 24 960 272 265 958
1019 3 2 0 24 959 960 958 608
1020 3 2 0 24 599 954 962 917
1021 3 2 0 24 954 609 959 962
1022 3 2 0 24 962 959 608 961
1023 3 2 0 24 917 962 961 526
1024 3 2 0 24 526 961 965 926
1025 3 2 0 24 961 608 963 965
1026 3 2 0 24 965 963 610 964
1027 3 2 0 24 926 965 964 602
1028 3 2 0 24 608 958 967 963
1029 3 2 0 24 958 265 273 967
1030 3 2 0 24 967 273 266 966
1031 3 2 0 24 963 967 966 610
1032 3 2 0 24 610 966 969 968
1033 3 2 0 24 966 266 274 969
1034 3 2 0 24 969 274 15 445
1035 3 2 0 24 968 969 445 461
1036 3 2 0 24 602 964 970 929
1037 3 2 0 24 964 610 968 970
1038 3 2 0 24 970 968 461 446
1039 3 2 0 24 929 970 446 462
1040 3 2 0 26 2 267 1078 47
1041 3 2 0 26 267 260 1076 1078
1042 3 2 0 26 1078 1076 994 1077
1043 3 2 0 26 47 1078 1077 63
1044 3 2 0 26 260 268 1081 1076
1045 3 2 0 26 268 261 1079 1081
1046 3 2 0 26 1081 1079 992 1080
1047 3 2 0 26 1076 1081 1080 994
1048 3 2 0 26 994 1080 1085 1084
1049 3 2 0 26 1080 992 1082 1085
1050 3 2 0 26 1085 1082 971 1083
1051 3 2 0 26 1084 1085 1083 993
1052 3 2 0 26 63 1077 1087 62
1053 3 2 0 26 1077 994 1084 1087
1054 3 2 0 26 1087 1084 993 1086
1055 3 2 0 26 62 1087 1086 77
1056 3 2 0 26 77 1086 1090 61
1057 3 2 0 26 1086 993 1088 1090
1058 3 2 0 26 1090 1088 997 1089
1059 3 2 0 26 61 1090 1089 76
1060 3 2 0 26 993 1083 1093 1088
1061 3 2 0 26 1083 971 1091 1093
1062 3 2 0 26 1093 1091 995 1092
1063 3 2 0 26 1088 1093 1092 997
1064 3 2 0 26 997 1092 1097 1096
1065 3 2 0 26 1092 995 1094 1097
1066 3 2 0 26 1097 1094 972 1095
1067 3 2 0 26 1096 1097 1095 996
1068 3 2 0 26 76 1089 1099 60
1069 3 2 0 26 1089 997 1096 1099
1070 3 2 0 26 1099 1096 996 1098
1071 3 2 0 26 60 1099 1098 75
1072 3 2 0 26 75 1098 1102 59
1073 3 2 0 26 1098 996 1100 1102
1074 3 2 0 26 1102 1100 1000 1101
1075 3 2 0 26 59 1102 1101 74
1076 3 2 0 26 996 1095 1105 1100
1077 3 2 0 26 1095 972 1103 1105
1078 3 2 0 26 1105 1103 998 1104
1079 3 2 0 26 1100 1105 1104 1000
1080 3 2 0 26 1000 1104 1109 1108
1081 3 2 0 26 1104 998 1106 1109
1082 3 2 0 26 1109 1106 973 1107
1083 3 2 0 26 1108 1109 1107 999
1084 3 2 0 26 74 1101 1111 58
1085 3 2 0 26 1101 1000 1108 1111
1086 3 2 0 26 1111 1108 999 1110
1087 3 2 0 26 58 1111 1110 73
1088 3 2 0 26 73 1110 1114 57
1089 3 2 0 26 1110 999 1112 1114
1090 3 2 0 26 1114 1112 1003 1113
1091 3 2 0 26 57 1114 1113 72
1092 3 2 0 26 999 1107 1117 1112
1093 3 2 0 26 1107 973 1115 1117
1094 3 2 0 26 1117 1115 1001 1116
1095 3 2 0 26 1112 1117 1116 1003
1096 3 2 0 26 1003 1116 1121 1120
1097 3 2 0 26 1116 1001 1118 1121
1098 3 2 0 26 1121 1118 974 1119
1099 3 2 0 26 1120 1121 1119 1002
1100 3 2 0 26 72 1113 1123 56
1101 3 2 0 26 1113 1003 1120 1123
1102 3 2 0 26 1123 1120 1002 1122
1103 3 2 0 26 56 1123 1122 71
1104 3 2 0 26 71 1122 1126 55
1105 3 2 0 26 1122 1002 1124 1126
1106 3 2 0 26 1126 1124 1006 1125
1107 3 2 0 26 55 1126 1125 70
1108 3 2 0 26 1002 1119 1129 1124
1109 3 2 0 26 1119 974 1127 1129
1110 3 2 0 26 1129 1127 1004 1128
1111 3 2 0 26 1124 1129 1128 1006
1112 3 2 0 26 1006 1128 1133 1132
1113 3 2 0 26 1128 1004 1130 1133
1114 3 2 0 26 1133 1130 975 1131
1115 3 2 0 26 1132 1133 1131 1005
1116 3 2 0 26 70 1125 1135 54
1117 3 2 0 26 1125 1006 1132 1135
1118 3 2 0 26 1135 1132 1005 1134
1119 3 2 0 26 54 1135 1134 69
1120 3 2 0 26 69 1134 1138 53
1121 3 2 0 26 1134 1005 1136 1138
1122 3 2 0 26 1138 1136 1009 1137
1123 3 2 0 26 53 1138 1137 68
1124 3 2 0 26 1005 1131 1141 1136
1125 3 2 0 26 1131 975 1139 1141
1126 3 2 0 26 1141 1139 1007 1140
1127 3 2 0 26 1136 1141 1140 1009
1128 3 2 0 26 1009 1140 1145 1144
1129 3 2 0 26 1140 1007 1142 1145
1130 3 2 0 26 1145 1142 976 1143
1131 3 2 0 26 1144 1145 1143 1008
1132 3 2 0 26 68 1137 1147 52
1133 3 2 0 26 1137 1009 1144 1147
1134 3 2 0 26 1147 1144 1008 1146
1135 3 2 0 26 52 1147 1146 67
1136 3 2 0 26 67 1146 1150 51
1137 3 2 0 26 1146 1008 1148 1150
1138 3 2 0 26 1150 1148 1012 1149
1139 3 2 0 26 51 1150 1149 66
1140 3 2 0 26 1008 1143 1153 1148
1141 3 2 0 26 1143 976 1151 1153
1142 3 2 0 26 1153 1151 1010 1152
1143 3 2 0 26 1148 1153 1152 1012
1144 3 2 0 26 1012 1152 1157 1156
1145 3 2 0 26 1152 1010 1154 1157
1146 3 2 0 26 1157 1154 977 1155
1147 3 2 0 26 1156 1157 1155 1011
1148 3 2 0 26 66 1149 1159 50
1149 3 2 0 26 1149 1012 1156 1159
1150 3 2 0 26 1159 1156 1011 1158
1151 3 2 0 26 50 1159 1158 65
1152 3 2 0 26 65 1158 1162 49
1153 3 2 0 26 1158 1011 1160 1162
1154 3 2 0 26 1162 1160 1014 1161
1155 3 2 0 26 49 1162 1161 64
1156 3 2 0 26 1011 1155 1165 1160
1157 3 2 0 26 1155 977 1163 1165
1158 3 2 0 26 1165 1163 1013 1164
1159 3 2 0 26 1160 1165 1164 1014
1160 3 2 0 26 1014 1164 1168 1167
1161 3 2 0 26 1164 1013 1166 1168
1162 3 2 0 26 1168 1166 79 86
1163 3 2 0 26 1167 1168 86 78
1164 3 2 0 26 64 1161 1169 48
1165 3 2 0 26 1161 1014 1167 1169
1166 3 2 0 26 1169 1167 78 85
1167 3 2 0 26 48 1169 85 3
1168 3 2 0 26 261 269 1172 1079
1169 3 2 0 26 269 262 1170 1172
1170 3 2 0 26 1172 1170 1017 1171
1171 3 2 0 26 1079 1172 1171 992
1172 3 2 0 26 262 270 1175 1170
1173 3 2 0 26 270 263 1173 1175
1174 3 2 0 26 1175 1173 1015 1174
1175 3 2 0 26 1170 1175 1174 1017
1176 3 2 0 26 1017 1174 1179 1178
1177 3 2 0 26 1174 1015 1176 1179
1178 3 2 0 26 1179 1176 978 1177
1179 3 2 0 26 1178 1179 1177 1016
1180 3 2 0 26 992 1171 1181 1082
1181 3 2 0 26 1171 1017 1178 1181
1182 3 2 0 26 1181 1178 1016 1180
1183 3 2 0 26 1082 1181 1180 971
1184 3 2 0 26 971 1180 1184 1091
1185 3 2 0 26 1180 1016 1182 1184
1186 3 2 0 26 1184 1182 1020 1183
1187 3 2 0 26 1091 1184 1183 995
1188 3 2 0 26 1016 1177 1187 1182
1189 3 2 0 26 1177 978 1185 1187
1190 3 2 0 26 1187 1185 1018 1186
1191 3 2 0 26 1182 1187 1186 1020
1192 3 2 0 26 1020 1186 1191 1190
1193 3 2 0 26 1186 1018 1188 1191
1194 3 2 0 26 1191 1188 979 1189
1195 3 2 0 26 1190 1191 1189 1019
1196 3 2 0 26 995 1183 1193 1094
1197 3 2 0 26 1183 1020 1190 1193
1198 3 2 0 26 1193 1190 1019 1192
1199 3 2 0 26 1094 1193 1192 972
1200 3 2 0 26 972 1192 1196 1103
1201 3 2 0 26 1192 1019 1194 1196
1202 3 2 0 26 1196 1194 1023 1195
1203 3 2 0 26 1103 1196 1195 998
1204 3 2 0 26 1019 1189 1199 1194
1205 3 2 0 26 1189 979 1197 1199
1206 3 2 0 26 1199 1197 1021 1198
1207 3 2 0 26 1194 1199 1198 1023
1208 3 2 0 26 1023 1198 1203 1202
1209 3 2 0 26 1198 1021 1200 1203
1210 3 2 0 26 1203 1200 980 1201
1211 3 2 0 26 1202 1203 1201 1022
1212 3 2 0 26 998 1195 1205 1106
1213 3 2 0 26 1195 1023 1202 1205
1214 3 2 0 26 1205 1202 1022 1204
1215 3 2 0 26 1106 1205 1204 973
1216 3 2 0 26 973 1204 1208 1115
1217 3 2 0 26 1204 1022 1206 1208
1218 3 2 0 26 1208 1206 1026 1207
1219 3 2 0 26 1115 1208 1207 1001
1220 3 2 0 26 1022 1201 1211 1206
1221 3 2 0 26 1201 980 1209 1211
1222 3 2 0 26 1211 1209 1024 1210
1223 3 2 0 26 1206 1211 1210 1026
1224 3 2 0 26 1026 1210 1215 1214
1225 3 2 0 26 1210 1024 1212 1215
1226 3 2 0 26 1215 1212 981 1213
1227 3 2 0 26 1214 1215 1213 1025
1228 3 2 0 26 1001 1207 1217 1118
1229 3 2 0 26 1207 1026 1214 1217
1230 3 2 0 26 1217 1214 1025 1216
1231 3 2 0 26 1118 1217 1216 974
1232 3 2 0 26 974 1216 1220 1127
1233 3 2 0 26 1216 1025 1218 1220
1234 3 2 0 26 1220 1218 1029 1219
1235 3 2 0 26 1127 1220 1219 1004
1236 3 2 0 26 1025 1213 1223 1218
1237 3 2 0 26 1213 981 1221 1223
1238 3 2 0 26 1223 1221 1027 1222
1239 3 2 0 26 1218 1223 1222 1029
1240 3 2 0 26 1029 1222 1227 1226
1241 3 2 0 26 1222 1027 1224 1227
1242 3 2 0 26 1227 1224 982 1225
1243 3 2 0 26 1226 1227 1225 1028
1244 3 2 0 26 1004 1219 1229 1130
1245 3 2 0 26 1219 1029 1226 1229
1246 3 2 0 26 1229 1226 1028 1228
1247 3 2 0 26 1130 1229 1228 975
1248 3 2 0 26 975 1228 1232 1139
1249 3 2 0 26 1228 1028 1230 1232
1250 3 2 0 26 1232 1230 1032 1231
1251 3 2 0 26 1139 1232 1231 1007
1252 3 2 0 26 1028 1225 1235 1230
1253 3 2 0 26 1225 982 1233 1235
1254 3 2 0 26 1235 1233 1030 1234
1255 3 2 0 26 1230 1235 1234 1032
1256 3 2 0 26 1032 1234 1239 1238
1257 3 2 0 26 1234 1030 1236 1239
1258 3 2 0 26 1239 1236 983 1237
1259 3 2 0 26 1238 1239 1237 1031
1260 3 2 0 26 1007 1231 1241 1142
1261 3 2 0 26 1231 1032 1238 1241
1262 3 2 0 26 1241 1238 1031 1240
1263 3 2 0 26 1142 1241 1240 976
1264 3 2 0 26 976 1240 1244 1151
1265 3 2 0 26 1240 1031 1242 1244
1266 3 2 0 26 1244 1242 1035 1243
1267 3 2 0 26 1151 1244 1243 1010
1268 3 2 0 26 1031 1237 1247 1242
1269 3 2 0 26 1237 983 1245 1247
1270 3 2 0 26 1247 1245 1033 1246
1271 3 2 0 26 1242 1247 1246 1035
1272 3 2 0 26 1035 1246 1251 1250
1273 3 2 0 26 1246 1033 1248 1251
1274 3 2 0 26 1251 1248 984 1249
1275 3 2 0 26 1250 1251 1249 1034
1276 3 2 0 26 1010 1243 1253 1154
1277 3 2 0 26 1243 1035 1250 1253
1278 3 2 0 26 1253 1250 1034 1252
1279 3 2 0 26 1154 1253 1252 977
1280 3 2 0 26 977 1252 1256 1163
1281 3 2 0 26 1252 1034 1254 1256
1282 3 2 0 26 1256 1254 1037 1255
1283 3 2 0 26 1163 1256 1255 1013
1284 3 2 0 26 1034 1249 1259 1254
1285 3 2 0 26 1249 984 1257 1259
1286 3 2 0 26 1259 1257 1036 1258
1287 3 2 0 26 1254 1259 1258 1037
1288 3 2 0 26 1037 1258 1262 1261
1289 3 2 0 26 1258 1036 1260 1262
1290 3 2 0 26 1262 1260 81 88
1291 3 2 0 26 1261 1262 88 80
1292 3 2 0 26 1013 1255 1263 1166
1293 3 2 0 26 1255 1037 1261 1263
1294 3 2 0 26 1263 1261 80 87
1295 3 2 0 26 1166 1263 87 79
1296 3 2 0 26 263 271 1266 1173
1297 3 2 0 26 271 264 1264 1266
1298 3 2 0 26 1266 1264 1040 1265
1299 3 2 0 26 1173 1266 1265 1015
1300 3 2 0 26 264 272 1269 1264
1301 3 2 0 26 272 265 1267 1269
1302 3 2 0 26 1269 1267 1038 1268
1303 3 2 0 26 1264 1269 1268 1040
1304 3 2 0 26 1040 1268 1273 1272
1305 3 2 0 26 1268 1038 1270 1273
1306 3 2 0 26 1273 1270 985 1271
1307 3 2 0 26 1272 1273 1271 1039
1308 3 2 0 26 1015 1265 1275 1176
1309 3 2 0 26 1265 1040 1272 1275
1310 3 2 0 26 1275 1272 1039 1274
1311 3 2 0 26 1176 1275 1274 978
1312 3 2 0 26 978 1274 1278 1185
1313 3 2 0 26 1274 1039 1276 1278
1314 3 2 0 26 1278 1276 1043 1277
1315 3 2 0 26 1185 1278 1277 1018
1316 3 2 0 26 1039 1271 1281 1276
1317 3 2 0 26 1271 985 1279 1281
1318 3 2 0 26 1281 1279 1041 1280
1319 3 2 0 26 1276 1281 1280 1043
1320 3 2 0 26 1043 1280 1285 1284
1321 3 2 0 26 1280 1041 1282 1285
1322 3 2 0 26 1285 1282 986 1283
1323 3 2 0 26 1284 1285 1283 1042
1324 3 2 0 26 1018 1277 1287 1188
1325 3 2 0 26 1277 1043 1284 1287
1326 3 2 0 26 1287 1284 1042 1286
1327 3 2 0 26 1188 1287 1286 979
1328 3 2 0 26 979 1286 1290 1197
1329 3 2 0 26 1286 1042 1288 1290
1330 3 2 0 26 1290 1288 1046 1289
1331 3 2 0 26 1197 1290 1289 1021
1332 3 2 0 26 1042 1283 1293 1288
1333 3 2 0 26 1283 986 1291 1293
1334 3 2 0 26 1293 1291 1044 1292
1335 3 2 0 26 1288 1293 1292 1046
1336 3 2 0 26 1046 1292 1297 1296
1337 3 2 0 26 1292 1044 1294 1297
1338 3 2 0 26 1297 1294 987 1295
1339 3 2 0 26 1296 1297 1295 1045
1340 3 2 0 26 1021 1289 1299 1200
1341 3 2 0 26 1289 1046 1296 1299
1342 3 2 0 26 1299 1296 1045 1298
1343 3 2 0 26 1200 1299 1298 980
1344 3 2 0 26 980 1298 1302 1209
1345 3 2 0 26 1298 1045 1300 1302
1346 3 2 0 26 1302 1300 1049 1301
1347 3 2 0 26 1209 1302 1301 1024
1348 3 2 0 26 1045 1295 1305 1300
1349 3 2 0 26 1295 987 1303 1305
1350 3 2 0 26 1305 1303 1047 1304
1351 3 2 0 26 1300 1305 1304 1049
1352 3 2 0 26 1049 1304 1309 1308
1353 3 2 0 26 1304 1047 1306 1309
1354 3 2 0 26 1309 1306 988 1307
1355 3 2 0 26 1308 1309 1307 1048
1356 3 2 0 26 1024 1301 1311 1212
1357 3 2 0 26 1301 1049 1308 1311
1358 3 2 0 26 1311 1308 1048 1310
1359 3 2 0 26 1212 1311 1310 981
1360 3 2 0 26 981 1310 1314 1221
1361 3 2 0 26 1310 1048 1312 1314
1362 3 2 0 26 1314 1312 1052 1313
1363 3 2 0 26 1221 1314 1313 1027
1364 3 2 0 26 1048 1307 1317 1312
1365 3 2 0 26 1307 988 1315 1317
1366 3 2 0 26 1317 1315 1050 1316
1367 3 2 0 26 1312 1317 1316 1052
1368 3 2 0 26 1052 1316 1321 1320
1369 3 2 0 26 1316 1050 1318 1321
1370 3 2 0 26 1321 1318 989 1319
1371 3 2 0 26 1320 1321 1319 1051
1372 3 2 0 26 1027 1313 1323 1224
1373 3 2 0 26 1313 1052 1320 1323
1374 3 2 0 26 1323 1320 1051 1322
1375 3 2 0 26 1224 1323 1322 982
1376 3 2 0 26 982 1322 1326 1233
1377 3 2 0 26 1322 1051 1324 1326
1378 3 2 0 26 1326 1324 1055 1325
1379 3 2 0 26 1233 1326 1325 1030
1380 3 2 0 26 1051 1319 1329 1324
1381 3 2 0 26 1319 989 1327 1329
1382 3 2 0 26 1329 1327 1053 1328
1383 3 2 0 26 1324 1329 1328 1055
1384 3 2 0 26 1055 1328 1333 1332
1385 3 2 0 26 1328 1053 1330 1333
1386 3 2 0 26 1333 1330 990 1331
1387 3 2 0 26 1332 1333 1331 1054
1388 3 2 0 26 1030 1325 1335 1236
1389 3 2 0 26 1325 1055 1332 1335
1390 3 2 0 26 1335 1332 1054 1334
1391 3 2 0 26 1236 1335 1334 983
1392 3 2 0 26 983 1334 1338 1245
1393 3 2 0 26 1334 1054 1336 1338
1394 3 2 0 26 1338 1336 1058 1337
1395 3 2 0 26 1245 1338 1337 1033
1396 3 2 0 26 1054 1331 1341 1336
1397 3 2 0 26 1331 990 1339 1341
1398 3 2 0 26 1341 1339 1056 1340
1399 3 2 0 26 1336 1341 1340 1058
1400 3 2 0 26 1058 1340 1345 1344
1401 3 2 0 26 1340 1056 1342 1345
1402 3 2 0 26 1345 1342 991 1343
1403 3 2 0 26 1344 1345 1343 1057
1404 3 2 0 26 1033 1337 1347 1248
1405 3 2 0 26 1337 1058 1344 1347
1406 3 2 0 26 1347 1344 1057 1346
1407 3 2 0 26 1248 1347 1346 984
1408 3 2 0 26 984 1346 1350 1257
1409 3 2 0 26 1346 1057 1348 1350
1410 3 2 0 26 1350 1348 1060 1349
1411 3 2 0 26 1257 1350 1349 1036
1412 3 2 0 26 1057 1343 1353 1348
1413 3 2 0 26 1343 991 1351 1353
1414 3 2 0 26 1353 1351 1059 1352
1415 3 2 0 26 1348 1353 1352 1060
1416 3 2 0 26 1060 1352 1356 1355
1417 3 2 0 26 1352 1059 1354 1356
1418 3 2 0 26 1356 1354 83 90
1419 3 2 0 26 1355 1356 90 82
1420 3 2 0 26 1036 1349 1357 1260
1421 3 2 0 26 1349 1060 1355 1357
1422 3 2 0 26 1357 1355 82 89
1423 3 2 0 26 1260 1357 89 81
1424 3 2 0 26 265 273 1360 1267
1425 3 2 0 26 273 266 1358 1360
1426 3 2 0 26 1360 1358 1062 1359
1427 3 2 0 26 1267 1360 1359 1038
1428 3 2 0 26 266 274 1362 1358
1429 3 2 0 26 274 15 475 1362
1430 3 2 0 26 1362 475 491 1361
1431 3 2 0 26 1358 1362 1361 1062
1432 3 2 0 26 1062 1361 1365 1364
1433 3 2 0 26 1361 491 490 1365
1434 3 2 0 26 1365 490 505 1363
1435 3 2 0 26 1364 1365 1363 1061
1436 3 2 0 26 1038 1359 1367 1270
1437 3 2 0 26 1359 1062 1364 1367
1438 3 2 0 26 1367 1364 1061 1366
1439 3 2 0 26 1270 1367 1366 985
1440 3 2 0 26 985 1366 1370 1279
1441 3 2 0 26 1366 1061 1368 1370
1442 3 2 0 26 1370 1368 1064 1369
1443 3 2 0 26 1279 1370 1369 1041
1444 3 2 0 26 1061 1363 1372 1368
1445 3 2 0 26 1363 505 489 1372
1446 3 2 0 26 1372 489 504 1371
1447 3 2 0 26 1368 1372 1371 1064
1448 3 2 0 26 1064 1371 1375 1374
1449 3 2 0 26 1371 504 488 1375
1450 3 2 0 26 1375 488 503 1373
1451 3 2 0 26 1374 1375 1373 1063
1452 3 2 0 26 1041 1369 1377 1282
1453 3 2 0 26 1369 1064 1374 1377
1454 3 2 0 26 1377 1374 1063 1376
1455 3 2 0 26 1282 1377 1376 986
1456 3 2 0 26 986 1376 1380 1291
1457 3 2 0 26 1376 1063 1378 1380
1458 3 2 0 26 1380 1378 1066 1379
1459 3 2 0 26 1291 1380 1379 1044
1460 3 2 0 26 1063 1373 1382 1378
1461 3 2 0 26 1373 503 487 1382
1462 3 2 0 26 1382 487 502 1381
1463 3 2 0 26 1378 1382 1381 1066
1464 3 2 0 26 1066 1381 1385 1384
1465 3 2 0 26 1381 502 486 1385
1466 3 2 0 26 1385 486 501 1383
1467 3 2 0 26 1384 1385 1383 1065
1468 3 2 0 26 1044 1379 1387 1294
1469 3 2 0 26 1379 1066 1384 1387
1470 3 2 0 26 1387 1384 1065 1386
1471 3 2 0 26 1294 1387 1386 987
1472 3 2 0 26 987 1386 1390 1303
1473 3 2 0 26 1386 1065 1388 1390
1474 3 2 0 26 1390 1388 1068 1389
1475 3 2 0 26 1303 1390 1389 1047
1476 3 2 0 26 1065 1383 1392 1388
1477 3 2 0 26 1383 501 485 1392
1478 3 2 0 26 1392 485 500 1391
1479 3 2 0 26 1388 1392 1391 1068
1480 3 2 0 26 1068 1391 1395 1394
1481 3 2 0 26 1391 500 484 1395
1482 3 2 0 26 1395 484 499 1393
1483 3 2 0 26 1394 1395 1393 1067
1484 3 2 0 26 1047 1389 1397 1306
1485 3 2 0 26 1389 1068 1394 1397
1486 3 2 0 26 1397 1394 1067 1396
1487 3 2 0 26 1306 1397 1396 988
1488 3 2 0 26 988 1396 1400 1315
1489 3 2 0 26 1396 1067 1398 1400
1490 3 2 0 26 1400 1398 1070 1399
1491 3 2 0 26 1315 1400 1399 1050
1492 3 2 0 26 1067 1393 1402 1398
1493 3 2 0 26 1393 499 483 1402
1494 3 2 0 26 1402 483 498 1401
1495 3 2 0 26 1398 1402 1401 1070
1496 3 2 0 26 1070 1401 1405 1404
1497 3 2 0 26 1401 498 482 1405
1498 3 2 0 26 1405 482 497 1403
1499 3 2 0 26 1404 1405 1403 1069
1500 3 2 0 26 1050 1399 1407 1318
1501 3 2 0 26 1399 1070 1404 1407
1502 3 2 0 26 1407 1404 1069 1406
1503 3 2 0 26 1318 1407 1406 989
1504 3 2 0 26 989 1406 1410 1327
1505 3 2 0 26 1406 1069 1408 1410
1506 3 2 0 26 1410 1408 1072 1409
1507 3 2 0 26 1327 1410 1409 1053
1508 3 2 0 26 1069 1403 1412 1408
1509 3 2 0 26 1403 497 481 1412
1510 3 2 0 26 1412 481 496 1411
1511 3 2 0 26 1408 1412 1411 1072
1512 3 2 0 26 1072 1411 1415 1414
1513 3 2 0 26 1411 496 480 1415
1514 3 2 0 26 1415 480 495 1413
1515 3 2 0 26 1414 1415 1413 1071
1516 3 2 0 26 1053 1409 1417 1330
1517 3 2 0 26 1409 1072 1414 1417
1518 3 2 0 26 1417 1414 1071 1416
1519 3 2 0 26 1330 1417 1416 990
1520 3 2 0 26 990 1416 1420 1339
1521 3 2 0 26 1416 1071 1418 1420
1522 3 2 0 26 1420 1418 1074 1419
1523 3 2 0 26 1339 1420 1419 1056
1524 3 2 0 26 1071 1413 1422 1418
1525 3 2 0 26 1413 495 479 1422
1526 3 2 0 26 1422 479 494 1421
1527 3 2 0 26 1418 1422 1421 1074
1528 3 2 0 26 1074 1421 1425 1424
1529 3 2 0 26 1421 494 478 1425
1530 3 2 0 26 1425 478 493 1423
1531 3 2 0 26 1424 1425 1423 1073
1532 3 2 0 26 1056 1419 1427 1342
1533 3 2 0 26 1419 1074 1424 1427
1534 3 2 0 26 1427 1424 1073 1426
1535 3 2 0 26 1342 1427 1426 991
1536 3 2 0 26 991 1426 1430 1351
1537 3 2 0 26 1426 1073 1428 1430
1538 3 2 0 26 1430 1428 1075 1429
1539 3 2 0 26 1351 1430 1429 1059
1540 3 2 0 26 1073 1423 1432 1428
1541 3 2 0 26 1423 493 477 1432
1542 3 2 0 26 1432 477 492 1431
1543 3 2 0 26 1428 1432 1431 1075
1544 3 2 0 26 1075 1431 1434 1433
1545 3 2 0 26 1431 492 476 1434
1546 3 2 0 26 1434 476 4 92
1547 3 2 0 26 1433 1434 92 84
1548 3 2 0 26 1059 1429 1435 1354
1549 3 2 0 26 1429 1075 1433 1435
1550 3 2 0 26 1435 1433 84 91
1551 3 2 0 26 1354 1435 91 83
1552 3 2 0 28 15 475 1543 282
1553 3 2 0 28 475 491 1541 1543
1554 3 2 0 28 1543 1541 1459 1542
1555 3 2 0 28 282 1543 1542 275
1556 3 2 0 28 491 490 1546 1541
1557 3 2 0 28 490 505 1544 1546
1558 3 2 0 28 1546 1544 1457 1545
1559 3 2 0 28 1541 1546 1545 1459
1560 3 2 0 28 1459 1545 1550 1549
1561 3 2 0 28 1545 1457 1547 1550
1562 3 2 0 28 1550 1547 1436 1548
1563 3 2 0 28 1549 1550 1548 1458
1564 3 2 0 28 275 1542 1552 283
1565 3 2 0 28 1542 1459 1549 1552
1566 3 2 0 28 1552 1549 1458 1551
1567 3 2 0 28 283 1552 1551 276
1568 3 2 0 28 276 1551 1555 284
1569 3 2 0 28 1551 1458 1553 1555
1570 3 2 0 28 1555 1553 1462 1554
1571 3 2 0 28 284 1555 1554 277
1572 3 2 0 28 1458 1548 1558 1553
1573 3 2 0 28 1548 1436 1556 1558
1574 3 2 0 28 1558 1556 1460 1557
1575 3 2 0 28 1553 1558 1557 1462
1576 3 2 0 28 1462 1557 1562 1561
1577 3 2 0 28 1557 1460 1559 1562
1578 3 2 0 28 1562 1559 1437 1560
1579 3 2 0 28 1561 1562 1560 1461
1580 3 2 0 28 277 1554 1564 285
1581 3 2 0 28 1554 1462 1561 1564
1582 3 2 0 28 1564 1561 1461 1563
1583 3 2 0 28 285 1564 1563 278
1584 3 2 0 28 278 1563 1567 286
1585 3 2 0 28 1563 1461 1565 1567
1586 3 2 0 28 1567 1565 1465 1566
1587 3 2 0 28 286 1567 1566 279
1588 3 2 0 28 1461 1560 1570 1565
1589 3 2 0 28 1560 1437 1568 1570
1590 3 2 0 28 1570 1568 1463 1569
1591 3 2 0 28 1565 1570 1569 1465
1592 3 2 0 28 1465 1569 1574 1573
1593 3 2 0 28 1569 1463 1571 1574
1594 3 2 0 28 1574 1571 1438 1572
1595 3 2 0 28 1573 1574 1572 1464
1596 3 2 0 28 279 1566 1576 287
1597 3 2 0 28 1566 1465 1573 1576
1598 3 2 0 28 1576 1573 1464 1575
1599 3 2 0 28 287 1576 1575 280
1600 3 2 0 28 280 1575 1579 288
1601 3 2 0 28 1575 1464 1577 1579
1602 3 2 0 28 1579 1577 1467 1578
1603 3 2 0 28 288 1579 1578 281
1604 3 2 0 28 1464 1572 1582 1577
1605 3 2 0 28 1572 1438 1580 1582
1606 3 2 0 28 1582 1580 1466 1581
1607 3 2 0 28 1577 1582 1581 1467
1608 3 2 0 28 1467 1581 1585 1584
1609 3 2 0 28 1581 1466 1583 1585
1610 3 2 0 28 1585 1583 443 428
1611 3 2 0 28 1584 1585 428 429
1612 3 2 0 28 281 1578 1586 289
1613 3 2 0 28 1578 1467 1584 1586
1614 3 2 0 28 1586 1584 429 413
1615 3 2 0 28 289 1586 413 13
1616 3 2 0 28 505 489 1589 1544
1617 3 2 0 28 489 504 1587 1589
1618 3 2 0 28 1589 1587 1470 1588
1619 3 2 0 28 1544 1589 1588 1457
1620 3 2 0 28 504 488 1592 1587
1621 3 2 0 28 488 503 1590 1592
1622 3 2 0 28 1592 1590 1468 1591
1623 3 2 0 28 1587 1592 1591 1470
1624 3 2 0 28 1470 1591 1596 1595
1625 3 2 0 28 1591 1468 1593 1596
1626 3 2 0 28 1596 1593 1439 1594
1627 3 2 0 28 1595 1596 1594 1469
1628 3 2 0 28 1457 1588 1598 1547
1629 3 2 0 28 1588 1470 1595 1598
1630 3 2 0 28 1598 1595 1469 1597
1631 3 2 0 28 1547 1598 1597 1436
1632 3 2 0 28 1436 1597 1601 1556
1633 3 2 0 28 1597 1469 1599 1601
1634 3 2 0 28 1601 1599 1473 1600
1635 3 2 0 28 1556 1601 1600 1460
1636 3 2 0 28 1469 1594 1604 1599
1637 3 2 0 28 1594 1439 1602 1604
1638 3 2 0 28 1604 1602 1471 1603
1639 3 2 0 28 1599 1604 1603 1473
1640 3 2 0 28 1473 1603 1608 1607
1641 3 2 0 28 1603 1471 1605 1608
1642 3 2 0 28 1608 1605 1440 1606
1643 3 2 0 28 1607 1608 1606 1472
1644 3 2 0 28 1460 1600 1610 1559
1645 3 2 0 28 1600 1473 1607 1610
1646 3 2 0 28 1610 1607 1472 1609
1647 3 2 0 28 1559 1610 1609 1437
1648 3 2 0 28 1437 1609 1613 1568
1649 3 2 0 28 1609 1472 1611 1613
1650 3 2 0 28 1613 1611 1476 1612
1651 3 2 0 28 1568 1613 1612 1463
1652 3 2 0 28 1472 1606 1616 1611
1653 3 2 0 28 1606 1440 1614 1616
1654 3 2 0 28 1616 1614 1474 1615
1655 3 2 0 28 1611 1616 1615 1476
1656 3 2 0 28 1476 1615 1620 1619
1657 3 2 0 28 1615 1474 1617 1620
1658 3 2 0 28 1620 1617 1441 1618
1659 3 2 0 28 1619 1620 1618 1475
1660 3 2 0 28 1463 1612 1622 1571
1661 3 2 0 28 1612 1476 1619 1622
1662 3 2 0 28 1622 1619 1475 1621
1663 3 2 0 28 1571 1622 1621 1438
1664 3 2 0 28 1438 1621 1625 1580
1665 3 2 0 28 1621 1475 1623 1625
1666 3 2 0 28 1625 1623 1478 1624
1667 3 2 0 28 1580 1625 1624 1466
1668 3 2 0 28 1475 1618 1628 1623
1669 3 2 0 28 1618 1441 1626 1628
1670 3 2 0 28 1628 1626 1477 1627
1671 3 2 0 28 1623 1628 1627 1478
1672 3 2 0 28 1478 1627 1631 1630
1673 3 2 0 28 1627 1477 1629 1631
1674 3 2 0 28 1631 1629 441 426
1675 3 2 0 28 1630 1631 426 442
1676 3 2 0 28 1466 1624 1632 1583
1677 3 2 0 28 1624 1478 1630 1632
1678 3 2 0 28 1632 1630 442 427
1679 3 2 0 28 1583 1632 427 443
1680 3 2 0 28 503 487 1635 1590
1681 3 2 0 28 487 502 1633 1635
1682 3 2 0 28 1635 1633 1481 1634
1683 3 2 0 28 1590 1635 1634 1468
1684 3 2 0 28 502 486 1638 1633
1685 3 2 0 28 486 501 1636 1638
1686 3 2 0 28 1638 1636 1479 1637
1687 3 2 0 28 1633 1638 1637 1481
1688 3 2 0 28 1481 1637 1642 1641
1689 3 2 0 28 1637 1479 1639 1642
1690 3 2 0 28 1642 1639 1442 1640
1691 3 2 0 28 1641 1642 1640 1480
1692 3 2 0 28 1468 1634 1644 1593
1693 3 2 0 28 1634 1481 1641 1644
1694 3 2 0 28 1644 1641 1480 1643
1695 3 2 0 28 1593 1644 1643 1439
1696 3 2 0 28 1439 1643 1647 1602
1697 3 2 0 28 1643 1480 1645 1647
1698 3 2 0 28 1647 1645 1484 1646
1699 3 2 0 28 1602 1647 1646 1471
1700 3 2 0 28 1480 1640 1650 1645
1701 3 2 0 28 1640 1442 1648 1650
1702 3 2 0 28 1650 1648 1482 1649
1703 3 2 0 28 1645 1650 1649 1484
1704 3 2 0 28 1484 1649 1654 1653
1705 3 2 0 28 1649 1482 1651 1654
1706 3 2 0 28 1654 1651 1443 1652
1707 3 2 0 28 1653 1654 1652 1483
1708 3 2 0 28 1471 1646 1656 1605
1709 3 2 0 28 1646 1484 1653 1656
1710 3 2 0 28 1656 1653 1483 1655
1711 3 2 0 28 1605 1656 1655 1440
1712 3 2 0 28 1440 1655 1659 1614
1713 3 2 0 28 1655 1483 1657 1659
1714 3 2 0 28 1659 1657 1487 1658
1715 3 2 0 28 1614 1659 1658 1474
1716 3 2 0 28 1483 1652 1662 1657
1717 3 2 0 28 1652 1443 1660 1662
1718 3 2 0 28 1662 1660 1485 1661
1719 3 2 0 28 1657 1662 1661 1487
1720 3 2 0 28 1487 1661 1666 1665
1721 3 2 0 28 1661 1485 1663 1666
1722 3 2 0 28 1666 1663 1444 1664
1723 3 2 0 28 1665 1666 1664 1486
1724 3 2 0 28 1474 1658 1668 1617
1725 3 2 0 28 1658 1487 1665 1668
1726 3 2 0 28 1668 1665 1486 1667
1727 3 2 0 28 1617 1668 1667 1441
1728 3 2 0 28 1441 1667 1671 1626
1729 3 2 0 28 1667 1486 1669 1671
1730 3 2 0 28 1671 1669 1489 1670
1731 3 2 0 28 1626 1671 1670 1477
1732 3 2 0 28 1486 1664 1674 1669
1733 3 2 0 28 1664 1444 1672 1674
1734 3 2 0 28 1674 1672 1488 1673
1735 3 2 0 28 1669 1674 1673 1489
1736 3 2 0 28 1489 1673 1677 1676
1737 3 2 0 28 1673 1488 1675 1677
1738 3 2 0 28 1677 1675 439 424
1739 3 2 0 28 1676 1677 424 440
1740 3 2 0 28 1477 1670 1678 1629
1741 3 2 0 28 1670 1489 1676 1678
1742 3 2 0 28 1678 1676 440 425
1743 3 2 0 28 1629 1678 425 441
1744 3 2 0 28 501 485 1681 1636
1745 3 2 0 28 485 500 1679 1681
1746 3 2 0 28 1681 1679 1492 1680
1747 3 2 0 28 1636 1681 1680 1479
1748 3 2 0 28 500 484 1684 1679
1749 3 2 0 28 484 499 1682 1684
1750 3 2 0 28 1684 1682 1490 1683
1751 3 2 0 28 1679 1684 1683 1492
1752 3 2 0 28 1492 1683 1688 1687
1753 3 2 0 28 1683 1490 1685 1688
1754 3 2 0 28 1688 1685 1445 1686
1755 3 2 0 28 1687 1688 1686 1491
1756 3 2 0 28 1479 1680 1690 1639
1757 3 2 0 28 1680 1492 1687 1690
1758 3 2 0 28 1690 1687 1491 1689
1759 3 2 0 28 1639 1690 1689 1442
1760 3 2 0 28 1442 1689 1693 1648
1761 3 2 0 28 1689 1491 1691 1693
1762 3 2 0 28 1693 1691 1495 1692
1763 3 2 0 28 1648 1693 1692 1482
1764 3 2 0 28 1491 1686 1696 1691
1765 3 2 0 28 1686 1445 1694 1696
1766 3 2 0 28 1696 1694 1493 1695
1767 3 2 0 28 1691 1696 1695 1495
1768 3 2 0 28 1495 1695 1700 1699
1769 3 2 0 28 1695 1493 1697 1700
1770 3 2 0 28 1700 1697 1446 1698
1771 3 2 0 28 1699 1700 1698 1494
1772 3 2 0 28 1482 1692 1702 1651
1773 3 2 0 28 1692 1495 1699 1702
1774 3 2 0 28 1702 1699 1494 1701
1775 3 2 0 28 1651 1702 1701 1443
1776 3 2 0 28 1443 1701 1705 1660
1777 3 2 0 28 1701 1494 1703 1705
1778 3 2 0 28 1705 1703 1498 1704
1779 3 2 0 28 1660 1705 1704 1485
1780 3 2 0 28 1494 1698 1708 1703
1781 3 2 0 28 1698 1446 1706 1708
1782 3 2 0 28 1708 1706 1496 1707
1783 3 2 0 28 1703 1708 1707 1498
1784 3 2 0 28 1498 1707 1712 1711
1785 3 2 0 28 1707 1496 1709 1712
1786 3 2 0 28 1712 1709 1447 1710
1787 3 2 0 28 1711 1712 1710 1497
1788 3 2 0 28 1485 1704 1714 1663
1789 3 2 0 28 1704 1498 1711 1714
1790 3 2 0 28 1714 1711 1497 1713
1791 3 2 0 28 1663 1714 1713 1444
1792 3 2 0 28 1444 1713 1717 1672
1793 3 2 0 28 1713 1497 1715 1717
1794 3 2 0 28 1717 1715 1500 1716
1795 3 2 0 28 1672 1717 1716 1488
1796 3 2 0 28 1497 1710 1720 1715
1797 3 2 0 28 1710 1447 1718 1720
1798 3 2 0 28 1720 1718 1499 1719
1799 3 2 0 28 1715 1720 1719 1500
1800 3 2 0 28 1500 1719 1723 1722
1801 3 2 0 28 1719 1499 1721 1723
1802 3 2 0 28 1723 1721 437 422
1803 3 2 0 28 1722 1723 422 438
1804 3 2 0 28 1488 1716 1724 1675
1805 3 2 0 28 1716 1500 1722 1724
1806 3 2 0 28 1724 1722 438 423
1807 3 2 0 28 1675 1724 423 439
1808 3 2 0 28 499 483 1727 1682
1809 3 2 0 28 483 498 1725 1727
1810 3 2 0 28 1727 1725 1503 1726
1811 3 2 0 28 1682 1727 1726 1490
1812 3 2 0 28 498 482 1730 1725
1813 3 2 0 28 482 497 1728 1730
1814 3 2 0 28 1730 1728 1501 1729
1815 3 2 0 28 1725 1730 1729 1503
1816 3 2 0 28 1503 1729 1734 1733
1817 3 2 0 28 1729 1501 1731 1734
1818 3 2 0 28 1734 1731 1448 1732
1819 3 2 0 28 1733 1734 1732 1502
1820 3 2 0 28 1490 1726 1736 1685
1821 3 2 0 28 1726 1503 1733 1736
1822 3 2 0 28 1736 1733 1502 1735
1823 3 2 0 28 1685 1736 1735 1445
1824 3 2 0 28 1445 1735 1739 1694
1825 3 2 0 28 1735 1502 1737 1739
1826 3 2 0 28 1739 1737 1506 1738
1827 3 2 0 28 1694 1739 1738 1493
1828 3 2 0 28 1502 1732 1742 1737
1829 3 2 0 28 1732 1448 1740 1742
1830 3 2 0 28 1742 1740 1504 1741
1831 3 2 0 28 1737 1742 1741 1506
1832 3 2 0 28 1506 1741 1746 1745
1833 3 2 0 28 1741 1504 1743 1746
1834 3 2 0 28 1746 1743 1449 1744
1835 3 2 0 28 1745 1746 1744 1505
1836 3 2 0 28 1493 1738 1748 1697
1837 3 2 0 28 1738 1506 1745 1748
1838 3 2 0 28 1748 1745 1505 1747
1839 3 2 0 28 1697 1748 1747 1446
1840 3 2 0 28 1446 1747 1751 1706
1841 3 2 0 28 1747 1505 1749 1751
1842 3 2 0 28 1751 1749 1509 1750
1843 3 2 0 28 1706 1751 1750 1496
1844 3 2 0 28 1505 1744 1754 1749
1845 3 2 0 28 1744 1449 1752 1754
1846 3 2 0 28 1754 1752 1507 1753
1847 3 2 0 28 1749 1754 1753 1509
1848 3 2 0 28 1509 1753 1758 1757
1849 3 2 0 28 1753 1507 1755 1758
1850 3 2 0 28 1758 1755 1450 1756
1851 3 2 0 28 1757 1758 1756 1508
1852 3 2 0 28 1496 1750 1760 1709
1853 3 2 0 28 1750 1509 1757 1760
1854 3 2 0 28 1760 1757 1508 1759
1855 3 2 0 28 1709 1760 1759 1447
1856 3 2 0 28 1447 1759 1763 1718
1857 3 2 0 28 1759 1508 1761 1763
1858 3 2 0 28 1763 1761 1511 1762
1859 3 2 0 28 1718 1763 1762 1499
1860 3 2 0 28 1508 1756 1766 1761
1861 3 2 0 28 1756 1450 1764 1766
1862 3 2 0 28 1766 1764 1510 1765
1863 3 2 0 28 1761 1766 1765 1511
1864 3 2 0 28 1511 1765 1769 1768
1865 3 2 0 28 1765 1510 1767 1769
1866 3 2 0 28 1769 1767 435 420
1867 3 2 0 28 1768 1769 420 436
1868 3 2 0 28 1499 1762 1770 1721
1869 3 2 0 28 1762 1511 1768 1770
1870 3 2 0 28 1770 1768 436 421
1871 3 2 0 28 1721 1770 421 437
1872 3 2 0 28 497 481 1773 1728
1873 3 2 0 28 481 496 1771 1773
1874 3 2 0 28 1773 1771 1514 1772
1875 3 2 0 28 1728 1773 1772 1501
1876 3 2 0 28 496 480 1776 1771
1877 3 2 0 28 480 495 1774 1776
1878 3 2 0 28 1776 1774 1512 1775
1879 3 2 0 28 1771 1776 1775 1514
1880 3 2 0 28 1514 1775 1780 1779
1881 3 2 0 28 1775 1512 1777 1780
1882 3 2 0 28 1780 1777 1451 1778
1883 3 2 0 28 1779 1780 1778 1513
1884 3 2 0 28 1501 1772 1782 1731
1885 3 2 0 28 1772 1514 1779 1782
1886 3 2 0 28 1782 1779 1513 1781
1887 3 2 0 28 1731 1782 1781 1448
1888 3 2 0 28 1448 1781 1785 1740
1889 3 2 0 28 1781 1513 1783 1785
1890 3 2 0 28 1785 1783 1517 1784
1891 3 2 0 28 1740 1785 1784 1504
1892 3 2 0 28 1513 1778 1788 1783
1893 3 2 0 28 1778 1451 1786 1788
1894 3 2 0 28 1788 1786 1515 1787
1895 3 2 0 28 1783 1788 1787 1517
1896 3 2 0 28 1517 1787 1792 1791
1897 3 2 0 28 1787 1515 1789 1792
1898 3 2 0 28 1792 1789 1452 1790
1899 3 2 0 28 1791 1792 1790 1516
1900 3 2 0 28 1504 1784 1794 1743
1901 3 2 0 28 1784 1517 1791 1794
1902 3 2 0 28 1794 1791 1516 1793
1903 3 2 0 28 1743 1794 1793 1449
1904 3 2 0 28 1449 1793 1797 1752
1905 3 2 0 28 1793 1516 1795 1797
1906 3 2 0 28 1797 1795 1520 1796
1907 3 2 0 28 1752 1797 1796 1507
1908 3 2 0 28 1516 1790 1800 1795
1909 3 2 0 28 1790 1452 1798 1800
1910 3 2 0 28 1800 1798 1518 1799
1911 3 2 0 28 1795 1800 1799 1520
1912 3 2 0 28 1520 1799 1804 1803
1913 3 2 0 28 1799 1518 1801 1804
1914 3 2 0 28 1804 1801 1453 1802
1915 3 2 0 28 1803 1804 1802 1519
1916 3 2 0 28 1507 1796 1806 1755
1917 3 2 0 28 1796 1520 1803 1806
1918 3 2 0 28 1806 1803 1519 1805
1919 3 2 0 28 1755 1806 1805 1450
1920 3 2 0 28 1450 1805 1809 1764
1921 3 2 0 28 1805 1519 1807 1809
1922 3 2 0 28 1809 1807 1522 1808
1923 3 2 0 28 1764 1809 1808 1510
1924 3 2 0 28 1519 1802 1812 1807
1925 3 2 0 28 1802 1453 1810 1812
1926 3 2 0 28 1812 1810 1521 1811
1927 3 2 0 28 1807 1812 1811 1522
1928 3 2 0 28 1522 1811 1815 1814
1929 3 2 0 28 1811 1521 1813 1815
1930 3 2 0 28 1815 1813 433 418
1931 3 2 0 28 1814 1815 418 434
1932 3 2 0 28 1510 1808 1816 1767
1933 3 2 0 28 1808 1522 1814 1816
1934 3 2 0 28 1816 1814 434 419
1935 3 2 0 28 1767 1816 419 435
1936 3 2 0 28 495 479 1819 1774
1937 3 2 0 28 479 494 1817 1819
1938 3 2 0 28 1819 1817 1525 1818
1939 3 2 0 28 1774 1819 1818 1512
1940 3 2 0 28 494 478 1822 1817
1941 3 2 0 28 478 493 1820 1822
1942 3 2 0 28 1822 1820 1523 1821
1943 3 2 0 28 1817 1822 1821 1525
1944 3 2 0 28 1525 1821 1826 1825
1945 3 2 0 28 1821 1523 1823 1826
1946 3 2 0 28 1826 1823 1454 1824
1947 3 2 0 28 1825 1826 1824 1524
1948 3 2 0 28 1512 1818 1828 1777
1949 3 2 0 28 1818 1525 1825 1828
1950 3 2 0 28 1828 1825 1524 1827
1951 3 2 0 28 1777 1828 1827 1451
1952 3 2 0 28 1451 1827 1831 1786
1953 3 2 0 28 1827 1524 1829 1831
1954 3 2 0 28 1831 1829 1528 1830
1955 3 2 0 28 1786 1831 1830 1515
1956 3 2 0 28 1524 1824 1834 1829
1957 3 2 0 28 1824 1454 1832 1834
1958 3 2 0 28 1834 1832 1526 1833
1959 3 2 0 28 1829 1834 1833 1528
1960 3 2 0 28 1528 1833 1838 1837
1961 3 2 0 28 1833 1526 1835 1838
1962 3 2 0 28 1838 1835 1455 1836
1963 3 2 0 28 1837 1838 1836 1527
1964 3 2 0 28 1515 1830 1840 1789
1965 3 2 0 28 1830 1528 1837 1840
1966 3 2 0 28 1840 1837 1527 1839
1967 3 2 0 28 1789 1840 1839 1452
1968 3 2 0 28 1452 1839 1843 1798
1969 3 2 0 28 1839 1527 1841 1843
1970 3 2 0 28 1843 1841 1531 1842
1971 3 2 0 28 1798 1843 1842 1518
1972 3 2 0 28 1527 1836 1846 1841
1973 3 2 0 28 1836 1455 1844 1846
1974 3 2 0 28 1846 1844 1529 1845
1975 3 2 0 28 1841 1846 1845 1531
1976 3 2 0 28 1531 1845 1850 1849
1977 3 2 0 28 1845 1529 1847 1850
1978 3 2 0 28 1850 1847 1456 1848
1979 3 2 0 28 1849 1850 1848 1530
1980 3 2 0 28 1518 1842 1852 1801
1981 3 2 0 28 1842 1531 1849 1852
1982 3 2 0 28 1852 1849 1530 1851
1983 3 2 0 28 1801 1852 1851 1453
1984 3 2 0 28 1453 1851 1855 1810
1985 3 2 0 28 1851 1530 1853 1855
1986 3 2 0 28 1855 1853 1533 1854
1987 3 2 0 28 1810 1855 1854 1521
1988 3 2 0 28 1530 1848 1858 1853
1989 3 2 0 28 1848 1456 1856 1858
1990 3 2 0 28 1858 1856 1532 1857
1991 3 2 0 28 1853 1858 1857 1533
1992 3 2 0 28 1533 1857 1861 1860
1993 3 2 0 28 1857 1532 1859 1861
1994 3 2 0 28 1861 1859 431 416
1995 3 2 0 28 1860 1861 416 432
1996 3 2 0 28 1521 1854 1862 1813
1997 3 2 0 28 1854 1533 1860 1862
1998 3 2 0 28 1862 1860 432 417
1999 3 2 0 28 1813 1862 417 433
2000 3 2 0 28 493 477 1865 1820
2001 3 2 0 28 477 492 1863 1865
2002 3 2 0 28 1865 1863 1535 1864
2003 3 2 0 28 1820 1865 1864 1523
2004 3 2 0 28 492 476 1867 1863
2005 3 2 0 28 476 4 100 1867
2006 3 2 0 28 1867 100 93 1866
2007 3 2 0 28 1863 1867 1866 1535
2008 3 2 0 28 1535 1866 1870 1869
2009 3 2 0 28 1866 93 101 1870
2010 3 2 0 28 1870 101 94 1868
2011 3 2 0 28 1869 1870 1868 1534
2012 3 2 0 28 1523 1864 1872 1823
2013 3 2 0 28 1864 1535 1869 1872
2014 3 2 0 28 1872 1869 1534 1871
2015 3 2 0 28 1823 1872 1871 1454
2016 3 2 0 28 1454 1871 1875 1832
2017 3 2 0 28 1871 1534 1873 1875
2018 3 2 0 28 1875 1873 1537 1874
2019 3 2 0 28 1832 1875 1874 1526
2020 3 2 0 28 1534 1868 1877 1873
2021 3 2 0 28 1868 94 102 1877
2022 3 2 0 28 1877 102 95 1876
2023 3 2 0 28 1873 1877 1876 1537
2024 3 2 0 28 1537 1876 1880 1879
2025 3 2 0 28 1876 95 103 1880
2026 3 2 0 28 1880 103 96 1878
2027 3 2 0 28 1879 1880 1878 1536
2028 3 2 0 28 1526 1874 1882 1835
2029 3 2 0 28 1874 1537 1879 1882
2030 3 2 0 28 1882 1879 1536 1881
2031 3 2 0 28 1835 1882 1881 1455
2032 3 2 0 28 1455 1881 1885 1844
2033 3 2 0 28 1881 1536 1883 1885
2034 3 2 0 28 1885 1883 1539 1884
2035 3 2 0 28 1844 1885 1884 1529
2036 3 2 0 28 1536 1878 1887 1883
2037 3 2 0 28 1878 96 104 1887
2038 3 2 0 28 1887 104 97 1886
2039 3 2 0 28 1883 1887 1886 1539
2040 3 2 0 28 1539 1886 1890 1889
2041 3 2 0 28 1886 97 105 1890
2042 3 2 0 28 1890 105 98 1888
2043 3 2 0 28 1889 1890 1888 1538
2044 3 2 0 28 1529 1884 1892 1847
2045 3 2 0 28 1884 1539 1889 1892
2046 3 2 0 28 1892 1889 1538 1891
2047 3 2 0 28 1847 1892 1891 1456
2048 3 2 0 28 1456 1891 1895 1856
2049 3 2 0 28 1891 1538 1893 1895
2050 3 2 0 28 1895 1893 1540 1894
2051 3 2 0 28 1856 1895 1894 1532
2052 3 2 0 28 1538 1888 1897 1893
2053 3 2 0 28 1888 98 106 1897
2054 3 2 0 28 1897 106 99 1896
2055 3 2 0 28 1893 1897 1896 1540
2056 3 2 0 28 1540 1896 1899 1898
2057 3 2 0 28 1896 99 107 1899
2058 3 2 0 28 1899 107 5 414
2059 3 2 0 28 1898 1899 414 430
2060 3 2 0 28 1532 1894 1900 1859
2061 3 2 0 28 1894 1540 1898 1900
2062 3 2 0 28 1900 1898 430 415
2063 3 2 0 28 1859 1900 415 431
2064 3 2 0 30 13 413 2008 297
2065 3 2 0 30 413 429 2006 2008
2066 3 2 0 30 2008 2006 1924 2007
2067 3 2 0 30 297 2008 2007 290
2068 3 2 0 30 429 428 2011 2006
2069 3 2 0 30 428 443 2009 2011
2070 3 2 0 30 2011 2009 1922 2010
2071 3 2 0 30 2006 2011 2010 1924
2072 3 2 0 30 1924 2010 2015 2014
2073 3 2 0 30 2010 1922 2012 2015
2074 3 2 0 30 2015 2012 1901 2013
2075 3 2 0 30 2014 2015 2013 1923
2076 3 2 0 30 290 2007 2017 298
2077 3 2 0 30 2007 1924 2014 2017
2078 3 2 0 30 2017 2014 1923 2016
2079 3 2 0 30 298 2017 2016 291
2080 3 2 0 30 291 2016 2020 299
2081 3 2 0 30 2016 1923 2018 2020
2082 3 2 0 30 2020 2018 1927 2019
2083 3 2 0 30 299 2020 2019 292
2084 3 2 0 30 1923 2013 2023 2018
2085 3 2 0 30 2013 1901 2021 2023
2086 3 2 0 30 2023 2021 1925 2022
2087 3 2 0 30 2018 2023 2022 1927
2088 3 2 0 30 1927 2022 2027 2026
2089 3 2 0 30 2022 1925 2024 2027
2090 3 2 0 30 2027 2024 1902 2025
2091 3 2 0 30 2026 2027 2025 1926
2092 3 2 0 30 292 2019 2029 300
2093 3 2 0 30 2019 1927 2026 2029
2094 3 2 0 30 2029 2026 1926 2028
2095 3 2 0 30 300 2029 2028 293
2096 3 2 0 30 293 2028 2032 301
2097 3 2 0 30 2028 1926 2030 2032
2098 3 2 0 30 2032 2030 1930 2031
2099 3 2 0 30 301 2032 2031 294
2100 3 2 0 30 1926 2025 2035 2030
2101 3 2 0 30 2025 1902 2033 2035
2102 3 2 0 30 2035 2033 1928 2034
2103 3 2 0 30 2030 2035 2034 1930
2104 3 2 0 30 1930 2034 2039 2038
2105 3 2 0 30 2034 1928 2036 2039
2106 3 2 0 30 2039 2036 1903 2037
2107 3 2 0 30 2038 2039 2037 1929
2108 3 2 0 30 294 2031 2041 302
2109 3 2 0 30 2031 1930 2038 2041
2110 3 2 0 30 2041 2038 1929 2040
2111 3 2 0 30 302 2041 2040 295
2112 3 2 0 30 295 2040 2044 303
2113 3 2 0 30 2040 1929 2042 2044
2114 3 2 0 30 2044 2042 1932 2043
2115 3 2 0 30 303 2044 2043 296
2116 3 2 0 30 1929 2037 2047 2042
2117 3 2 0 30 2037 1903 2045 2047
2118 3 2 0 30 2047 2045 1931 2046
2119 3 2 0 30 2042 2047 2046 1932
2120 3 2 0 30 1932 2046 2050 2049
2121 3 2 0 30 2046 1931 2048 2050
2122 3 2 0 30 2050 2048 381 366
2123 3 2 0 30 2049 2050 366 367
2124 3 2 0 30 296 2043 2051 304
2125 3 2 0 30 2043 1932 2049 2051
2126 3 2 0 30 2051 2049 367 351
2127 3 2 0 30 304 2051 351 14
2128 3 2 0 30 443 427 2054 2009
2129 3 2 0 30 427 442 2052 2054
2130 3 2 0 30 2054 2052 1935 2053
2131 3 2 0 30 2009 2054 2053 1922
2132 3 2 0 30 442 426 2057 2052
2133 3 2 0 30 426 441 2055 2057
2134 3 2 0 30 2057 2055 1933 2056
2135 3 2 0 30 2052 2057 2056 1935
2136 3 2 0 30 1935 2056 2061 2060
2137 3 2 0 30 2056 1933 2058 2061
2138 3 2 0 30 2061 2058 1904 2059
2139 3 2 0 30 2060 2061 2059 1934
2140 3 2 0 30 1922 2053 2063 2012
2141 3 2 0 30 2053 1935 2060 2063
2142 3 2 0 30 2063 2060 1934 2062
2143 3 2 0 30 2012 2063 2062 1901
2144 3 2 0 30 1901 2062 2066 2021
2145 3 2 0 30 2062 1934 2064 2066
2146 3 2 0 30 2066 2064 1938 2065
2147 3 2 0 30 2021 2066 2065 1925
2148 3 2 0 30 1934 2059 2069 2064
2149 3 2 0 30 2059 1904 2067 2069
2150 3 2 0 30 2069 2067 1936 2068
2151 3 2 0 30 2064 2069 2068 1938
2152 3 2 0 30 1938 2068 2073 2072
2153 3 2 0 30 2068 1936 2070 2073
2154 3 2 0 30 2073 2070 1905 2071
2155 3 2 0 30 2072 2073 2071 1937
2156 3 2 0 30 1925 2065 2075 2024
2157 3 2 0 30 2065 1938 2072 2075
2158 3 2 0 30 2075 2072 1937 2074
2159 3 2 0 30 2024 2075 2074 1902
2160 3 2 0 30 1902 2074 2078 2033
2161 3 2 0 30 2074 1937 2076 2078
2162 3 2 0 30 2078 2076 1941 2077
2163 3 2 0 30 2033 2078 2077 1928
2164 3 2 0 30 1937 2071 2081 2076
2165 3 2 0 30 2071 1905 2079 2081
2166 3 2 0 30 2081 2079 1939 2080
2167 3 2 0 30 2076 2081 2080 1941
2168 3 2 0 30 1941 2080 2085 2084
2169 3 2 0 30 2080 1939 2082 2085
2170 3 2 0 30 2085 2082 1906 2083
2171 3 2 0 30 2084 2085 2083 1940
2172 3 2 0 30 1928 2077 2087 2036
2173 3 2 0 30 2077 1941 2084 2087
2174 3 2 0 30 2087 2084 1940 2086
2175 3 2 0 30 2036 2087 2086 1903
2176 3 2 0 30 1903 2086 2090 2045
2177 3 2 0 30 2086 1940 2088 2090
2178 3 2 0 30 2090 2088 1943 2089
2179 3 2 0 30 2045 2090 2089 1931
2180 3 2 0 30 1940 2083 2093 2088
2181 3 2 0 30 2083 1906 2091 2093
2182 3 2 0 30 2093 2091 1942 2092
2183 3 2 0 30 2088 2093 2092 1943
2184 3 2 0 30 1943 2092 2096 2095
2185 3 2 0 30 2092 1942 2094 2096
2186 3 2 0 30 2096 2094 379 364
2187 3 2 0 30 2095 2096 364 380
2188 3 2 0 30 1931 2089 2097 2048
2189 3 2 0 30 2089 1943 2095 2097
2190 3 2 0 30 2097 2095 380 365
2191 3 2 0 30 2048 2097 365 381
2192 3 2 0 30 441 425 2100 2055
2193 3 2 0 30 425 440 2098 2100
2194 3 2 0 30 2100 2098 1946 2099
2195 3 2 0 30 2055 2100 2099 1933
2196 3 2 0 30 440 424 2103 2098
2197 3 2 0 30 424 439 2101 2103
2198 3 2 0 30 2103 2101 1944 2102
2199 3 2 0 30 2098 2103 2102 1946
2200 3 2 0 30 1946 2102 2107 2106
2201 3 2 0 30 2102 1944 2104 2107
2202 3 2 0 30 2107 2104 1907 2105
2203 3 2 0 30 2106 2107 2105 1945
2204 3 2 0 30 1933 2099 2109 2058
2205 3 2 0 30 2099 1946 2106 2109
2206 3 2 0 30 2109 2106 1945 2108
2207 3 2 0 30 2058 2109 2108 1904
2208 3 2 0 30 1904 2108 2112 2067
2209 3 2 0 30 2108 1945 2110 2112
2210 3 2 0 30 2112 2110 1949 2111
2211 3 2 0 30 2067 2112 2111 1936
2212 3 2 0 30 1945 2105 2115 2110
2213 3 2 0 30 2105 1907 2113 2115
2214 3 2 0 30 2115 2113 1947 2114
2215 3 2 0 30 2110 2115 2114 1949
2216 3 2 0 30 1949 2114 2119 2118
2217 3 2 0 30 2114 1947 2116 2119
2218 3 2 0 30 2119 2116 1908 2117
2219 3 2 0 30 2118 2119 2117 1948
2220 3 2 0 30 1936 2111 2121 2070
2221 3 2 0 30 2111 1949 2118 2121
2222 3 2 0 30 2121 2118 1948 2120
2223 3 2 0 30 2070 2121 2120 1905
2224 3 2 0 30 1905 2120 2124 2079
2225 3 2 0 30 2120 1948 2122 2124
2226 3 2 0 30 2124 2122 1952 2123
2227 3 2 0 30 2079 2124 2123 1939
2228 3 2 0 30 1948 2117 2127 2122
2229 3 2 0 30 2117 1908 2125 2127
2230 3 2 0 30 2127 2125 1950 2126
2231 3 2 0 30 2122 2127 2126 1952
2232 3 2 0 30 1952 2126 2131 2130
2233 3 2 0 30 2126 1950 2128 2131
2234 3 2 0 30 2131 2128 1909 2129
2235 3 2 0 30 2130 2131 2129 1951
2236 3 2 0 30 1939 2123 2133 2082
2237 3 2 0 30 2123 1952 2130 2133
2238 3 2 0 30 2133 2130 1951 2132
2239 3 2 0 30 2082 2133 2132 1906
2240 3 2 0 30 1906 2132 2136 2091
2241 3 2 0 30 2132 1951 2134 2136
2242 3 2 0 30 2136 2134 1954 2135
2243 3 2 0 30 2091 2136 2135 1942
2244 3 2 0 30 1951 2129 2139 2134
2245 3 2 0 30 2129 1909 2137 2139
2246 3 2 0 30 2139 2137 1953 2138
2247 3 2 0 30 2134 2139 2138 1954
2248 3 2 0 30 1954 2138 2142 2141
2249 3 2 0 30 2138 1953 2140 2142
2250 3 2 0 30 2142 2140 377 362
2251 3 2 0 30 2141 2142 362 378
2252 3 2 0 30 1942 2135 2143 2094
2253 3 2 0 30 2135 1954 2141 2143
2254 3 2 0 30 2143 2141 378 363
2255 3 2 0 30 2094 2143 363 379
2256 3 2 0 30 439 423 2146 2101
2257 3 2 0 30 423 438 2144 2146
2258 3 2 0 30 2146 2144 1957 2145
2259 3 2 0 30 2101 2146 2145 1944
2260 3 2 0 30 438 422 2149 2144
2261 3 2 0 30 422 437 2147 2149
2262 3 2 0 30 2149 2147 1955 2148
2263 3 2 0 30 2144 2149 2148 1957
2264 3 2 0 30 1957 2148 2153 2152
2265 3 2 0 30 2148 1955 2150 2153
2266 3 2 0 30 2153 2150 1910 2151
2267 3 2 0 30 2152 2153 2151 1956
2268 3 2 0 30 1944 2145 2155 2104
2269 3 2 0 30 2145 1957 2152 2155
2270 3 2 0 30 2155 2152 1956 2154
2271 3 2 0 30 2104 2155 2154 1907
2272 3 2 0 30 1907 2154 2158 2113
2273 3 2 0 30 2154 1956 2156 2158
2274 3 2 0 30 2158 2156 1960 2157
2275 3 2 0 30 2113 2158 2157 1947
2276 3 2 0 30 1956 2151 2161 2156
2277 3 2 0 30 2151 1910 2159 2161
2278 3 2 0 30 2161 2159 1958 2160
2279 3 2 0 30 2156 2161 2160 1960
2280 3 2 0 30 1960 2160 2165 2164
2281 3 2 0 30 2160 1958 2162 2165
2282 3 2 0 30 2165 2162 1911 2163
2283 3 2 0 30 2164 2165 2163 1959
2284 3 2 0 30 1947 2157 2167 2116
2285 3 2 0 30 2157 1960 2164 2167
2286 3 2 0 30 2167 2164 1959 2166
2287 3 2 0 30 2116 2167 2166 1908
2288 3 2 0 30 1908 2166 2170 2125
2289 3 2 0 30 2166 1959 2168 2170
2290 3 2 0 30 2170 2168 1963 2169
2291 3 2 0 30 2125 2170 2169 1950
2292 3 2 0 30 1959 2163 2173 2168
2293 3 2 0 30 2163 1911 2171 2173
2294 3 2 0 30 2173 2171 1961 2172
2295 3 2 0 30 2168 2173 2172 1963
2296 3 2 0 30 1963 2172 2177 2176
2297 3 2 0 30 2172 1961 2174 2177
2298 3 2 0 30 2177 2174 1912 2175
2299 3 2 0 30 2176 2177 2175 1962
2300 3 2 0 30 1950 2169 2179 2128
2301 3 2 0 30 2169 1963 2176 2179
2302 3 2 0 30 2179 2176 1962 2178
2303 3 2 0 30 2128 2179 2178 1909
2304 3 2 0 30 1909 2178 2182 2137
2305 3 2 0 30 2178 1962 2180 2182
2306 3 2 0 30 2182 2180 1965 2181
2307 3 2 0 30 2137 2182 2181 1953
2308 3 2 0 30 1962 2175 2185 2180
2309 3 2 0 30 2175 1912 2183 2185
2310 3 2 0 30 2185 2183 1964 2184
2311 3 2 0 30 2180 2185 2184 1965
2312 3 2 0 30 1965 2184 2188 2187
2313 3 2 0 30 2184 1964 2186 2188
2314 3 2 0 30 2188 2186 375 360
2315 3 2 0 30 2187 2188 360 376
2316 3 2 0 30 1953 2181 2189 2140
2317 3 2 0 30 2181 1965 2187 2189
2318 3 2 0 30 2189 2187 376 361
2319 3 2 0 30 2140 2189 361 377
2320 3 2 0 30 437 421 2192 2147
2321 3 2 0 30 421 436 2190 2192
2322 3 2 0 30 2192 2190 1968 2191
2323 3 2 0 30 2147 2192 2191 1955
2324 3 2 0 30 436 420 2195 2190
2325 3 2 0 30 420 435 2193 2195
2326 3 2 0 30 2195 2193 1966 2194
2327 3 2 0 30 2190 2195 2194 1968
2328 3 2 0 30 1968 2194 2199 2198
2329 3 2 0 30 2194 1966 2196 2199
2330 3 2 0 30 2199 2196 1913 2197
2331 3 2 0 30 2198 2199 2197 1967
2332 3 2 0 30 1955 2191 2201 2150
2333 3 2 0 30 2191 1968 2198 2201
2334 3 2 0 30 2201 2198 1967 2200
2335 3 2 0 30 2150 2201 2200 1910
2336 3 2 0 30 1910 2200 2204 2159
2337 3 2 0 30 2200 1967 2202 2204
2338 3 2 0 30 2204 2202 1971 2203
2339 3 2 0 30 2159 2204 2203 1958
2340 3 2 0 30 1967 2197 2207 2202
2341 3 2 0 30 2197 1913 2205 2207
2342 3 2 0 30 2207 2205 1969 2206
2343 3 2 0 30 2202 2207 2206 1971
2344 3 2 0 30 1971 2206 2211 2210
2345 3 2 0 30 2206 1969 2208 2211
2346 3 2 0 30 2211 2208 1914 2209
2347 3 2 0 30 2210 2211 2209 1970
2348 3 2 0 30 1958 2203 2213 2162
2349 3 2 0 30 2203 1971 2210 2213
2350 3 2 0 30 2213 2210 1970 2212
2351 3 2 0 30 2162 2213 2212 1911
2352 3 2 0 30 1911 2212 2216 2171
2353 3 2 0 30 2212 1970 2214 2216
2354 3 2 0 30 2216 2214 1974 2215
2355 3 2 0 30 2171 2216 2215 1961
2356 3 2 0 30 1970 2209 2219 2214
2357 3 2 0 30 2209 1914 2217 2219
2358 3 2 0 30 2219 2217 1972 2218
2359 3 2 0 30 2214 2219 2218 1974
2360 3 2 0 30 1974 2218 2223 2222
2361 3 2 0 30 2218 1972 2220 2223
2362 3 2 0 30 2223 2220 1915 2221
2363 3 2 0 30 2222 2223 2221 1973
2364 3 2 0 30 1961 2215 2225 2174
2365 3 2 0 30 2215 1974 2222 2225
2366 3 2 0 30 2225 2222 1973 2224
2367 3 2 0 30 2174 2225 2224 1912
2368 3 2 0 30 1912 2224 2228 2183
2369 3 2 0 30 2224 1973 2226 2228
2370 3 2 0 30 2228 2226 1976 2227
2371 3 2 0 30 2183 2228 2227 1964
2372 3 2 0 30 1973 2221 2231 2226
2373 3 2 0 30 2221 1915 2229 2231
2374 3 2 0 30 2231 2229 1975 2230
2375 3 2 0 30 2226 2231 2230 1976
2376 3 2 0 30 1976 2230 2234 2233
2377 3 2 0 30 2230 1975 2232 2234
2378 3 2 0 30 2234 2232 373 358
2379 3 2 0 30 2233 2234 358 374
2380 3 2 0 30 1964 2227 2235 2186
2381 3 2 0 30 2227 1976 2233 2235
2382 3 2 0 30 2235 2233 374 359
2383 3 2 0 30 2186 2235 359 375
2384 3 2 0 30 435 419 2238 2193
2385 3 2 0 30 419 434 2236 2238
2386 3 2 0 30 2238 2236 1979 2237
2387 3 2 0 30 2193 2238 2237 1966
2388 3 2 0 30 434 418 2241 2236
2389 3 2 0 30 418 433 2239 2241
2390 3 2 0 30 2241 2239 1977 2240
2391 3 2 0 30 2236 2241 2240 1979
2392 3 2 0 30 1979 2240 2245 2244
2393 3 2 0 30 2240 1977 2242 2245
2394 3 2 0 30 2245 2242 1916 2243
2395 3 2 0 30 2244 2245 2243 1978
2396 3 2 0 30 1966 2237 2247 2196
2397 3 2 0 30 2237 1979 2244 2247
2398 3 2 0 30 2247 2244 1978 2246
2399 3 2 0 30 2196 2247 2246 1913
2400 3 2 0 30 1913 2246 2250 2205
2401 3 2 0 30 2246 1978 2248 2250
2402 3 2 0 30 2250 2248 1982 2249
2403 3 2 0 30 2205 2250 2249 1969
2404 3 2 0 30 1978 2243 2253 2248
2405 3 2 0 30 2243 1916 2251 2253
2406 3 2 0 30 2253 2251 1980 2252
2407 3 2 0 30 2248 2253 2252 1982
2408 3 2 0 30 1982 2252 2257 2256
2409 3 2 0 30 2252 1980 2254 2257
2410 3 2 0 30 2257 2254 1917 2255
2411 3 2 0 30 2256 2257 2255 1981
2412 3 2 0 30 1969 2249 2259 2208
2413 3 2 0 30 2249 1982 2256 2259
2414 3 2 0 30 2259 2256 1981 2258
2415 3 2 0 30 2208 2259 2258 1914
2416 3 2 0 30 1914 2258 2262 2217
2417 3 2 0 30 2258 1981 2260 2262
2418 3 2 0 30 2262 2260 1985 2261
2419 3 2 0 30 2217 2262 2261 1972
2420 3 2 0 30 1981 2255 2265 2260
2421 3 2 0 30 2255 1917 2263 2265
2422 3 2 0 30 2265 2263 1983 2264
2423 3 2 0 30 2260 2265 2264 1985
2424 3 2 0 30 1985 2264 2269 2268
2425 3 2 0 30 2264 1983 2266 2269
2426 3 2 0 30 2269 2266 1918 2267
2427 3 2 0 30 2268 2269 2267 1984
2428 3 2 0 30 1972 2261 2271 2220
2429 3 2 0 30 2261 1985 2268 2271
2430 3 2 0 30 2271 2268 1984 2270
2431 3 2 0 30 2220 2271 2270 1915
2432 3 2 0 30 1915 2270 2274 2229
2433 3 2 0 30 2270 1984 2272 2274
2434 3 2 0 30 2274 2272 1987 2273
2435 3 2 0 30 2229 2274 2273 1975
2436 3 2 0 30 1984 2267 2277 2272
2437 3 2 0 30 2267 1918 2275 2277
2438 3 2 0 30 2277 2275 1986 2276
2439 3 2 0 30 2272 2277 2276 1987
2440 3 2 0 30 1987 2276 2280 2279
2441 3 2 0 30 2276 1986 2278 2280
2442 3 2 0 30 2280 2278 371 356
2443 3 2 0 30 2279 2280 356 372
2444 3 2 0 30 1975 2273 2281 2232
2445 3 2 0 30 2273 1987 2279 2281
2446 3 2 0 30 2281 2279 372 357
2447 3 2 0 30 2232 2281 357 373
2448 3 2 0 30 433 417 2284 2239
2449 3 2 0 30 417 432 2282 2284
2450 3 2 0 30 2284 2282 1990 2283
2451 3 2 0 30 2239 2284 2283 1977
2452 3 2 0 30 432 416 2287 2282
2453 3 2 0 30 416 431 2285 2287
2454 3 2 0 30 2287 2285 1988 2286
2455 3 2 0 30 2282 2287 2286 1990
2456 3 2 0 30 1990 2286 2291 2290
2457 3 2 0 30 2286 1988 2288 2291
2458 3 2 0 30 2291 2288 1919 2289
2459 3 2 0 30 2290 2291 2289 1989
2460 3 2 0 30 1977 2283 2293 2242
2461 3 2 0 30 2283 1990 2290 2293
2462 3 2 0 30 2293 2290 1989 2292
2463 3 2 0 30 2242 2293 2292 1916
2464 3 2 0 30 1916 2292 2296 2251
2465 3 2 0 30 2292 1989 2294 2296
2466 3 2 0 30 2296 2294 1993 2295
2467 3 2 0 30 2251 2296 2295 1980
2468 3 2 0 30 1989 2289 2299 2294
2469 3 2 0 30 2289 1919 2297 2299
2470 3 2 0 30 2299 2297 1991 2298
2471 3 2 0 30 2294 2299 2298 1993
2472 3 2 0 30 1993 2298 2303 2302
2473 3 2 0 30 2298 1991 2300 2303
2474 3 2 0 30 2303 2300 1920 2301
2475 3 2 0 30 2302 2303 2301 1992
2476 3 2 0 30 1980 2295 2305 2254
2477 3 2 0 30 2295 1993 2302 2305
2478 3 2 0 30 2305 2302 1992 2304
2479 3 2 0 30 2254 2305 2304 1917
2480 3 2 0 30 1917 2304 2308 2263
2481 3 2 0 30 2304 1992 2306 2308
2482 3 2 0 30 2308 2306 1996 2307
2483 3 2 0 30 2263 2308 2307 1983
2484 3 2 0 30 1992 2301 2311 2306
2485 3 2 0 30 2301 1920 2309 2311
2486 3 2 0 30 2311 2309 1994 2310
2487 3 2 0 30 2306 2311 2310 1996
2488 3 2 0 30 1996 2310 2315 2314
2489 3 2 0 30 2310 1994 2312 2315
2490 3 2 0 30 2315 2312 1921 2313
2491 3 2 0 30 2314 2315 2313 1995
2492 3 2 0 30 1983 2307 2317 2266
2493 3 2 0 30 2307 1996 2314 2317
2494 3 2 0 30 2317 2314 1995 2316
2495 3 2 0 30 2266 2317 2316 1918
2496 3 2 0 30 1918 2316 2320 2275
2497 3 2 0 30 2316 1995 2318 2320
2498 3 2 0 30 2320 2318 1998 2319
2499 3 2 0 30 2275 2320 2319 1986
2500 3 2 0 30 1995 2313 2323 2318
2501 3 2 0 30 2313 1921 2321 2323
2502 3 2 0 30 2323 2321 1997 2322
2503 3 2 0 30 2318 2323 2322 1998
2504 3 2 0 30 1998 2322 2326 2325
2505 3 2 0 30 2322 1997 2324 2326
2506 3 2 0 30 2326 2324 369 354
2507 3 2 0 30 2325 2326 354 370
2508 3 2 0 30 1986 2319 2327 2278
2509 3 2 0 30 2319 1998 2325 2327
2510 3 2 0 30 2327 2325 370 355
2511 3 2 0 30 2278 2327 355 371
2512 3 2 0 30 431 415 2330 2285
2513 3 2 0 30 415 430 2328 2330
2514 3 2 0 30 2330 2328 2000 2329
2515 3 2 0 30 2285 2330 2329 1988
2516 3 2 0 30 430 414 2332 2328
2517 3 2 0 30 414 5 115 2332
2518 3 2 0 30 2332 115 108 2331
2519 3 2 0 30 2328 2332 2331 2000
2520 3 2 0 30 2000 2331 2335 2334
2521 3 2 0 30 2331 108 116 2335
2522 3 2 0 30 2335 116 109 2333
2523 3 2 0 30 2334 2335 2333 1999
2524 3 2 0 30 1988 2329 2337 2288
2525 3 2 0 30 2329 2000 2334 2337
2526 3 2 0 30 2337 2334 1999 2336
2527 3 2 0 30 2288 2337 2336 1919
2528 3 2 0 30 1919 2336 2340 2297
2529 3 2 0 30 2336 1999 2338 2340
2530 3 2 0 30 2340 2338 2002 2339
2531 3 2 0 30 2297 2340 2339 1991
2532 3 2 0 30 1999 2333 2342 2338
2533 3 2 0 30 2333 109 117 2342
2534 3 2 0 30 2342 117 110 2341
2535 3 2 0 30 2338 2342 2341 2002
2536 3 2 0 30 2002 2341 2345 2344
2537 3 2 0 30 2341 110 118 2345
2538 3 2 0 30 2345 118 111 2343
2539 3 2 0 30 2344 2345 2343 2001
2540 3 2 0 30 1991 2339 2347 2300
2541 3 2 0 30 2339 2002 2344 2347
2542 3 2 0 30 2347 2344 2001 2346
2543 3 2 0 30 2300 2347 2346 1920
2544 3 2 0 30 1920 2346 2350 2309
2545 3 2 0 30 2346 2001 2348 2350
2546 3 2 0 30 2350 2348 2004 2349
2547 3 2 0 30 2309 2350 2349 1994
2548 3 2 0 30 2001 2343 2352 2348
2549 3 2 0 30 2343 111 119 2352
2550 3 2 0 30 2352 119 112 2351
2551 3 2 0 30 2348 2352 2351 2004
2552 3 2 0 30 2004 2351 2355 2354
2553 3 2 0 30 2351 112 120 2355
2554 3 2 0 30 2355 120 113 2353
2555 3 2 0 30 2354 2355 2353 2003
2556 3 2 0 30 1994 2349 2357 2312
2557 3 2 0 30 2349 2004 2354 2357
2558 3 2 0 30 2357 2354 2003 2356
2559 3 2 0 30 2312 2357 2356 1921
2560 3 2 0 30 1921 2356 2360 2321
2561 3 2 0 30 2356 2003 2358 2360
2562 3 2 0 30 2360 2358 2005 2359
2563 3 2 0 30 2321 2360 2359 1997
2564 3 2 0 30 2003 2353 2362 2358
2565 3 2 0 30 2353 113 121 2362
2566 3 2 0 30 2362 121 114 2361
2567 3 2 0 30 2358 2362 2361 2005
2568 3 2 0 30 2005 2361 2364 2363
2569 3 2 0 30 2361 114 122 2364
2570 3 2 0 30 2364 122 6 352
2571 3 2 0 30 2363 2364 352 368
2572 3 2 0 30 1997 2359 2365 2324
2573 3 2 0 30 2359 2005 2363 2365
2574 3 2 0 30 2365 2363 368 353
2575 3 2 0 30 2324 2365 353 369
2576 3 2 0 32 14 351 2473 312
2577 3 2 0 32 351 367 2471 2473
2578 3 2 0 32 2473 2471 2389 2472
2579 3 2 0 32 312 2473 2472 305
2580 3 2 0 32 367 366 2476 2471
2581 3 2 0 32 366 381 2474 2476
2582 3 2 0 32 2476 2474 2387 2475
2583 3 2 0 32 2471 2476 2475 2389
2584 3 2 0 32 2389 2475 2480 2479
2585 3 2 0 32 2475 2387 2477 2480
2586 3 2 0 32 2480 2477 2366 2478
2587 3 2 0 32 2479 2480 2478 2388
2588 3 2 0 32 305 2472 2482 313
2589 3 2 0 32 2472 2389 2479 2482
2590 3 2 0 32 2482 2479 2388 2481
2591 3 2 0 32 313 2482 2481 306
2592 3 2 0 32 306 2481 2485 314
2593 3 2 0 32 2481 2388 2483 2485
2594 3 2 0 32 2485 2483 2392 2484
2595 3 2 0 32 314 2485 2484 307
2596 3 2 0 32 2388 2478 2488 2483
2597 3 2 0 32 2478 2366 2486 2488
2598 3 2 0 32 2488 2486 2390 2487
2599 3 2 0 32 2483 2488 2487 2392
2600 3 2 0 32 2392 2487 2492 2491
2601 3 2 0 32 2487 2390 2489 2492
2602 3 2 0 32 2492 2489 2367 2490
2603 3 2 0 32 2491 2492 2490 2391
2604 3 2 0 32 307 2484 2494 315
2605 3 2 0 32 2484 2392 2491 2494
2606 3 2 0 32 2494 2491 2391 2493
2607 3 2 0 32 315 2494 2493 308
2608 3 2 0 32 308 2493 2497 316
2609 3 2 0 32 2493 2391 2495 2497
2610 3 2 0 32 2497 2495 2395 2496
2611 3 2 0 32 316 2497 2496 309
2612 3 2 0 32 2391 2490 2500 2495
2613 3 2 0 32 2490 2367 2498 2500
2614 3 2 0 32 2500 2498 2393 2499
2615 3 2 0 32 2495 2500 2499 2395
2616 3 2 0 32 2395 2499 2504 2503
2617 3 2 0 32 2499 2393 2501 2504
2618 3 2 0 32 2504 2501 2368 2502
2619 3 2 0 32 2503 2504 2502 2394
2620 3 2 0 32 309 2496 2506 317
2621 3 2 0 32 2496 2395 2503 2506
2622 3 2 0 32 2506 2503 2394 2505
2623 3 2 0 32 317 2506 2505 310
2624 3 2 0 32 310 2505 2509 318
2625 3 2 0 32 2505 2394 2507 2509
2626 3 2 0 32 2509 2507 2397 2508
2627 3 2 0 32 318 2509 2508 311
2628 3 2 0 32 2394 2502 2512 2507
2629 3 2 0 32 2502 2368 2510 2512
2630 3 2 0 32 2512 2510 2396 2511
2631 3 2 0 32 2507 2512 2511 2397
2632 3 2 0 32 2397 2511 2515 2514
2633 3 2 0 32 2511 2396 2513 2515
2634 3 2 0 32 2515 2513 156 140
2635 3 2 0 32 2514 2515 140 155
2636 3 2 0 32 311 2508 2516 319
2637 3 2 0 32 2508 2397 2514 2516
2638 3 2 0 32 2516 2514 155 139
2639 3 2 0 32 319 2516 139 8
2640 3 2 0 32 381 365 2519 2474
2641 3 2 0 32 365 380 2517 2519
2642 3 2 0 32 2519 2517 2400 2518
2643 3 2 0 32 2474 2519 2518 2387
2644 3 2 0 32 380 364 2522 2517
2645 3 2 0 32 364 379 2520 2522
2646 3 2 0 32 2522 2520 2398 2521
2647 3 2 0 32 2517 2522 2521 2400
2648 3 2 0 32 2400 2521 2526 2525
2649 3 2 0 32 2521 2398 2523 2526
2650 3 2 0 32 2526 2523 2369 2524
2651 3 2 0 32 2525 2526 2524 2399
2652 3 2 0 32 2387 2518 2528 2477
2653 3 2 0 32 2518 2400 2525 2528
2654 3 2 0 32 2528 2525 2399 2527
2655 3 2 0 32 2477 2528 2527 2366
2656 3 2 0 32 2366 2527 2531 2486
2657 3 2 0 32 2527 2399 2529 2531
2658 3 2 0 32 2531 2529 2403 2530
2659 3 2 0 32 2486 2531 2530 2390
2660 3 2 0 32 2399 2524 2534 2529
2661 3 2 0 32 2524 2369 2532 2534
2662 3 2 0 32 2534 2532 2401 2533
2663 3 2 0 32 2529 2534 2533 2403
2664 3 2 0 32 2403 2533 2538 2537
2665 3 2 0 32 2533 2401 2535 2538
2666 3 2 0 32 2538 2535 2370 2536
2667 3 2 0 32 2537 2538 2536 2402
2668 3 2 0 32 2390 2530 2540 2489
2669 3 2 0 32 2530 2403 2537 2540
2670 3 2 0 32 2540 2537 2402 2539
2671 3 2 0 32 2489 2540 2539 2367
2672 3 2 0 32 2367 2539 2543 2498
2673 3 2 0 32 2539 2402 2541 2543
2674 3 2 0 32 2543 2541 2406 2542
2675 3 2 0 32 2498 2543 2542 2393
2676 3 2 0 32 2402 2536 2546 2541
2677 3 2 0 32 2536 2370 2544 2546
2678 3 2 0 32 2546 2544 2404 2545
2679 3 2 0 32 2541 2546 2545 2406
2680 3 2 0 32 2406 2545 2550 2549
2681 3 2 0 32 2545 2404 2547 2550
2682 3 2 0 32 2550 2547 2371 2548
2683 3 2 0 32 2549 2550 2548 2405
2684 3 2 0 32 2393 2542 2552 2501
2685 3 2 0 32 2542 2406 2549 2552
2686 3 2 0 32 2552 2549 2405 2551
2687 3 2 0 32 2501 2552 2551 2368
2688 3 2 0 32 2368 2551 2555 2510
2689 3 2 0 32 2551 2405 2553 2555
2690 3 2 0 32 2555 2553 2408 2554
2691 3 2 0 32 2510 2555 2554 2396
2692 3 2 0 32 2405 2548 2558 2553
2693 3 2 0 32 2548 2371 2556 2558
2694 3 2 0 32 2558 2556 2407 2557
2695 3 2 0 32 2553 2558 2557 2408
2696 3 2 0 32 2408 2557 2561 2560
2697 3 2 0 32 2557 2407 2559 2561
2698 3 2 0 32 2561 2559 158 142
2699 3 2 0 32 2560 2561 142 157
2700 3 2 0 32 2396 2554 2562 2513
2701 3 2 0 32 2554 2408 2560 2562
2702 3 2 0 32 2562 2560 157 141
2703 3 2 0 32 2513 2562 141 156
2704 3 2 0 32 379 363 2565 2520
2705 3 2 0 32 363 378 2563 2565
2706 3 2 0 32 2565 2563 2411 2564
2707 3 2 0 32 2520 2565 2564 2398
2708 3 2 0 32 378 362 2568 2563
2709 3 2 0 32 362 377 2566 2568
2710 3 2 0 32 2568 2566 2409 2567
2711 3 2 0 32 2563 2568 2567 2411
2712 3 2 0 32 2411 2567 2572 2571
2713 3 2 0 32 2567 2409 2569 2572
2714 3 2 0 32 2572 2569 2372 2570
2715 3 2 0 32 2571 2572 2570 2410
2716 3 2 0 32 2398 2564 2574 2523
2717 3 2 0 32 2564 2411 2571 2574
2718 3 2 0 32 2574 2571 2410 2573
2719 3 2 0 32 2523 2574 2573 2369
2720 3 2 0 32 2369 2573 2577 2532
2721 3 2 0 32 2573 2410 2575 2577
2722 3 2 0 32 2577 2575 2414 2576
2723 3 2 0 32 2532 2577 2576 2401
2724 3 2 0 32 2410 2570 2580 2575
2725 3 2 0 32 2570 2372 2578 2580
2726 3 2 0 32 2580 2578 2412 2579
2727 3 2 0 32 2575 2580 2579 2414
2728 3 2 0 32 2414 2579 2584 2583
2729 3 2 0 32 2579 2412 2581 2584
2730 3 2 0 32 2584 2581 2373 2582
2731 3 2 0 32 2583 2584 2582 2413
2732 3 2 0 32 2401 2576 2586 2535
2733 3 2 0 32 2576 2414 2583 2586
2734 3 2 0 32 2586 2583 2413 2585
2735 3 2 0 32 2535 2586 2585 2370
2736 3 2 0 32 2370 2585 2589 2544
2737 3 2 0 32 2585 2413 2587 2589
2738 3 2 0 32 2589 2587 2417 2588
2739 3 2 0 32 2544 2589 2588 2404
2740 3 2 0 32 2413 2582 2592 2587
2741 3 2 0 32 2582 2373 2590 2592
2742 3 2 0 32 2592 2590 2415 2591
2743 3 2 0 32 2587 2592 2591 2417
2744 3 2 0 32 2417 2591 2596 2595
2745 3 2 0 32 2591 2415 2593 2596
2746 3 2 0 32 2596 2593 2374 2594
2747 3 2 0 32 2595 2596 2594 2416
2748 3 2 0 32 2404 2588 2598 2547
2749 3 2 0 32 2588 2417 2595 2598
2750 3 2 0 32 2598 2595 2416 2597
2751 3 2 0 32 2547 2598 2597 2371
2752 3 2 0 32 2371 2597 2601 2556
2753 3 2 0 32 2597 2416 2599 2601
2754 3 2 0 32 2601 2599 2419 2600
2755 3 2 0 32 2556 2601 2600 2407
2756 3 2 0 32 2416 2594 2604 2599
2757 3 2 0 32 2594 2374 2602 2604
2758 3 2 0 32 2604 2602 2418 2603
2759 3 2 0 32 2599 2604 2603 2419
2760 3 2 0 32 2419 2603 2607 2606
2761 3 2 0 32 2603 2418 2605 2607
2762 3 2 0 32 2607 2605 160 144
2763 3 2 0 32 2606 2607 144 159
2764 3 2 0 32 2407 2600 2608 2559
2765 3 2 0 32 2600 2419 2606 2608
2766 3 2 0 32 2608 2606 159 143
2767 3 2 0 32 2559 2608 143 158
2768 3 2 0 32 377 361 2611 2566
2769 3 2 0 32 361 376 2609 2611
2770 3 2 0 32 2611 2609 2422 2610
2771 3 2 0 32 2566 2611 2610 2409
2772 3 2 0 32 376 360 2614 2609
2773 3 2 0 32 360 375 2612 2614
2774 3 2 0 32 2614 2612 2420 2613
2775 3 2 0 32 2609 2614 2613 2422
2776 3 2 0 32 2422 2613 2618 2617
2777 3 2 0 32 2613 2420 2615 2618
2778 3 2 0 32 2618 2615 2375 2616
2779 3 2 0 32 2617 2618 2616 2421
2780 3 2 0 32 2409 2610 2620 2569
2781 3 2 0 32 2610 2422 2617 2620
2782 3 2 0 32 2620 2617 2421 2619
2783 3 2 0 32 2569 2620 2619 2372
2784 3 2 0 32 2372 2619 2623 2578
2785 3 2 0 32 2619 2421 2621 2623
2786 3 2 0 32 2623 2621 2425 2622
2787 3 2 0 32 2578 2623 2622 2412
2788 3 2 0 32 2421 2616 2626 2621
2789 3 2 0 32 2616 2375 2624 2626
2790 3 2 0 32 2626 2624 2423 2625
2791 3 2 0 32 2621 2626 2625 2425
2792 3 2 0 32 2425 2625 2630 2629
2793 3 2 0 32 2625 2423 2627 2630
2794 3 2 0 32 2630 2627 2376 2628
2795 3 2 0 32 2629 2630 2628 2424
2796 3 2 0 32 2412 2622 2632 2581
2797 3 2 0 32 2622 2425 2629 2632
2798 3 2 0 32 2632 2629 2424 2631
2799 3 2 0 32 2581 2632 2631 2373
2800 3 2 0 32 2373 2631 2635 2590
2801 3 2 0 32 2631 2424 2633 2635
2802 3 2 0 32 2635 2633 2428 2634
2803 3 2 0 32 2590 2635 2634 2415
2804 3 2 0 32 2424 2628 2638 2633
2805 3 2 0 32 2628 2376 2636 2638
2806 3 2 0 32 2638 2636 2426 2637
2807 3 2 0 32 2633 2638 2637 2428
2808 3 2 0 32 2428 2637 2642 2641
2809 3 2 0 32 2637 2426 2639 2642
2810 3 2 0 32 2642 2639 2377 2640
2811 3 2 0 32 2641 2642 2640 2427
2812 3 2 0 32 2415 2634 2644 2593
2813 3 2 0 32 2634 2428 2641 2644
2814 3 2 0 32 2644 2641 2427 2643
2815 3 2 0 32 2593 2644 2643 2374
2816 3 2 0 32 2374 2643 2647 2602
2817 3 2 0 32 2643 2427 2645 2647
2818 3 2 0 32 2647 2645 2430 2646
2819 3 2 0 32 2602 2647 2646 2418
2820 3 2 0 32 2427 2640 2650 2645
2821 3 2 0 32 2640 2377 2648 2650
2822 3 2 0 32 2650 2648 2429 2649
2823 3 2 0 32 2645 2650 2649 2430
2824 3 2 0 32 2430 2649 2653 2652
2825 3 2 0 32 2649 2429 2651 2653
2826 3 2 0 32 2653 2651 162 146
2827 3 2 0 32 2652 2653 146 161
2828 3 2 0 32 2418 2646 2654 2605
2829 3 2 0 32 2646 2430 2652 2654
2830 3 2 0 32 2654 2652 161 145
2831 3 2 0 32 2605 2654 145 160
2832 3 2 0 32 375 359 2657 2612
2833 3 2 0 32 359 374 2655 2657
2834 3 2 0 32 2657 2655 2433 2656
2835 3 2 0 32 2612 2657 2656 2420
2836 3 2 0 32 374 358 2660 2655
2837 3 2 0 32 358 373 2658 2660
2838 3 2 0 32 2660 2658 2431 2659
2839 3 2 0 32 2655 2660 2659 2433
2840 3 2 0 32 2433 2659 2664 2663
2841 3 2 0 32 2659 2431 2661 2664
2842 3 2 0 32 2664 2661 2378 2662
2843 3 2 0 32 2663 2664 2662 2432
2844 3 2 0 32 2420 2656 2666 2615
2845 3 2 0 32 2656 2433 2663 2666
2846 3 2 0 32 2666 2663 2432 2665
2847 3 2 0 32 2615 2666 2665 2375
2848 3 2 0 32 2375 2665 2669 2624
2849 3 2 0 32 2665 2432 2667 2669
2850 3 2 0 32 2669 2667 2436 2668
2851 3 2 0 32 2624 2669 2668 2423
2852 3 2 0 32 2432 2662 2672 2667
2853 3 2 0 32 2662 2378 2670 2672
2854 3 2 0 32 2672 2670 2434 2671
2855 3 2 0 32 2667 2672 2671 2436
2856 3 2 0 32 2436 2671 2676 2675
2857 3 2 0 32 2671 2434 2673 2676
2858 3 2 0 32 2676 2673 2379 2674
2859 3 2 0 32 2675 2676 2674 2435
2860 3 2 0 32 2423 2668 2678 2627
2861 3 2 0 32 2668 2436 2675 2678
2862 3 2 0 32 2678 2675 2435 2677
2863 3 2 0 32 2627 2678 2677 2376
2864 3 2 0 32 2376 2677 2681 2636
2865 3 2 0 32 2677 2435 2679 2681
2866 3 2 0 32 2681 2679 2439 2680
2867 3 2 0 32 2636 2681 2680 2426
2868 3 2 0 32 2435 2674 2684 2679
2869 3 2 0 32 2674 2379 2682 2684
2870 3 2 0 32 2684 2682 2437 2683
2871 3 2 0 32 2679 2684 2683 2439
2872 3 2 0 32 2439 2683 2688 2687
2873 3 2 0 32 2683 2437 2685 2688
2874 3 2 0 32 2688 2685 2380 2686
2875 3 2 0 32 2687 2688 2686 2438
2876 3 2 0 32 2426 2680 2690 2639
2877 3 2 0 32 2680 2439 2687 2690
2878 3 2 0 32 2690 2687 2438 2689
2879 3 2 0 32 2639 2690 2689 2377
2880 3 2 0 32 2377 2689 2693 2648
2881 3 2 0 32 2689 2438 2691 2693
2882 3 2 0 32 2693 2691 2441 2692
2883 3 2 0 32 2648 2693 2692 2429
2884 3 2 0 32 2438 2686 2696 2691
2885 3 2 0 32 2686 2380 2694 2696
2886 3 2 0 32 2696 2694 2440 2695
2887 3 2 0 32 2691 2696 2695 2441
2888 3 2 0 32 2441 2695 2699 2698
2889 3 2 0 32 2695 2440 2697 2699
2890 3 2 0 32 2699 2697 164 148
2891 3 2 0 32 2698 2699 148 163
2892 3 2 0 32 2429 2692 2700 2651
2893 3 2 0 32 2692 2441 2698 2700
2894 3 2 0 32 2700 2698 163 147
2895 3 2 0 32 2651 2700 147 162
2896 3 2 0 32 373 357 2703 2658
2897 3 2 0 32 357 372 2701 2703
2898 3 2 0 32 2703 2701 2444 2702
2899 3 2 0 32 2658 2703 2702 2431
2900 3 2 0 32 372 356 2706 2701
2901 3 2 0 32 356 371 2704 2706
2902 3 2 0 32 2706 2704 2442 2705
2903 3 2 0 32 2701 2706 2705 2444
2904 3 2 0 32 2444 2705 2710 2709
2905 3 2 0 32 2705 2442 2707 2710
2906 3 2 0 32 2710 2707 2381 2708
2907 3 2 0 32 2709 2710 2708 2443
2908 3 2 0 32 2431 2702 2712 2661
2909 3 2 0 32 2702 2444 2709 2712
2910 3 2 0 32 2712 2709 2443 2711
2911 3 2 0 32 2661 2712 2711 2378
2912 3 2 0 32 2378 2711 2715 2670
2913 3 2 0 32 2711 2443 2713 2715
2914 3 2 0 32 2715 2713 2447 2714
2915 3 2 0 32 2670 2715 2714 2434
2916 3 2 0 32 2443 2708 2718 2713
2917 3 2 0 32 2708 2381 2716 2718
2918 3 2 0 32 2718 2716 2445 2717
2919 3 2 0 32 2713 2718 2717 2447
2920 3 2 0 32 2447 2717 2722 2721
2921 3 2 0 32 2717 2445 2719 2722
2922 3 2 0 32 2722 2719 2382 2720
2923 3 2 0 32 2721 2722 2720 2446
2924 3 2 0 32 2434 2714 2724 2673
2925 3 2 0 32 2714 2447 2721 2724
2926 3 2 0 32 2724 2721 2446 2723
2927 3 2 0 32 2673 2724 2723 2379
2928 3 2 0 32 2379 2723 2727 2682
2929 3 2 0 32 2723 2446 2725 2727
2930 3 2 0 32 2727 2725 2450 2726
2931 3 2 0 32 2682 2727 2726 2437
2932 3 2 0 32 2446 2720 2730 2725
2933 3 2 0 32 2720 2382 2728 2730
2934 3 2 0 32 2730 2728 2448 2729
2935 3 2 0 32 2725 2730 2729 2450
2936 3 2 0 32 2450 2729 2734 2733
2937 3 2 0 32 2729 2448 2731 2734
2938 3 2 0 32 2734 2731 2383 2732
2939 3 2 0 32 2733 2734 2732 2449
2940 3 2 0 32 2437 2726 2736 2685
2941 3 2 0 32 2726 2450 2733 2736
2942 3 2 0 32 2736 2733 2449 2735
2943 3 2 0 32 2685 2736 2735 2380
2944 3 2 0 32 2380 2735 2739 2694
2945 3 2 0 32 2735 2449 2737 2739
2946 3 2 0 32 2739 2737 2452 2738
2947 3 2 0 32 2694 2739 2738 2440
2948 3 2 0 32 2449 2732 2742 2737
2949 3 2 0 32 2732 2383 2740 2742
2950 3 2 0 32 2742 2740 2451 2741
2951 3 2 0 32 2737 2742 2741 2452
2952 3 2 0 32 2452 2741 2745 2744
2953 3 2 0 32 2741 2451 2743 2745
2954 3 2 0 32 2745 2743 166 150
2955 3 2 0 32 2744 2745 150 165
2956 3 2 0 32 2440 2738 2746 2697
2957 3 2 0 32 2738 2452 2744 2746
2958 3 2 0 32 2746 2744 165 149
2959 3 2 0 32 2697 2746 149 164
2960 3 2 0 32 371 355 2749 2704
2961 3 2 0 32 355 370 2747 2749
2962 3 2 0 32 2749 2747 2455 2748
2963 3 2 0 32 2704 2749 2748 2442
2964 3 2 0 32 370 354 2752 2747
2965 3 2 0 32 354 369 2750 2752
2966 3 2 0 32 2752 2750 2453 2751
2967 3 2 0 32 2747 2752 2751 2455
2968 3 2 0 32 2455 2751 2756 2755
2969 3 2 0 32 2751 2453 2753 2756
2970 3 2 0 32 2756 2753 2384 2754
2971 3 2 0 32 2755 2756 2754 2454
2972 3 2 0 32 2442 2748 2758 2707
2973 3 2 0 32 2748 2455 2755 2758
2974 3 2 0 32 2758 2755 2454 2757
2975 3 2 0 32 2707 2758 2757 2381
2976 3 2 0 32 2381 2757 2761 2716
2977 3 2 0 32 2757 2454 2759 2761
2978 3 2 0 32 2761 2759 2458 2760
2979 3 2 0 32 2716 2761 2760 2445
2980 3 2 0 32 2454 2754 2764 2759
2981 3 2 0 32 2754 2384 2762 2764
2982 3 2 0 32 2764 2762 2456 2763
2983 3 2 0 32 2759 2764 2763 2458
2984 3 2 0 32 2458 2763 2768 2767
2985 3 2 0 32 2763 2456 2765 2768
2986 3 2 0 32 2768 2765 2385 2766
2987 3 2 0 32 2767 2768 2766 2457
2988 3 2 0 32 2445 2760 2770 2719
2989 3 2 0 32 2760 2458 2767 2770
2990 3 2 0 32 2770 2767 2457 2769
2991 3 2 0 32 2719 2770 2769 2382
2992 3 2 0 32 2382 2769 2773 2728
2993 3 2 0 32 2769 2457 2771 2773
2994 3 2 0 32 2773 2771 2461 2772
2995 3 2 0 32 2728 2773 2772 2448
2996 3 2 0 32 2457 2766 2776 2771
2997 3 2 0 32 2766 2385 2774 2776
2998 3 2 0 32 2776 2774 2459 2775
2999 3 2 0 32 2771 2776 2775 2461
3000 3 2 0 32 2461 2775 2780 2779
3001 3 2 0 32 2775 2459 2777 2780
3002 3 2 0 32 2780 2777 2386 2778
3003 3 2 0 32 2779 2780 2778 2460
3004 3 2 0 32 2448 2772 2782 2731
3005 3 2 0 32 2772 2461 2779 2782
3006 3 2 0 32 2782 2779 2460 2781
3007 3 2 0 32 2731 2782 2781 2383
3008 3 2 0 32 2383 2781 2785 2740
3009 3 2 0 32 2781 2460 2783 2785
3010 3 2 0 32 2785 2783 2463 2784
3011 3 2 0 32 2740 2785 2784 2451
3012 3 2 0 32 2460 2778 2788 2783
3013 3 2 0 32 2778 2386 2786 2788
3014 3 2 0 32 2788 2786 2462 2787
3015 3 2 0 32 2783 2788 2787 2463
3016 3 2 0 32 2463 2787 2791 2790
3017 3 2 0 32 2787 2462 2789 2791
3018 3 2 0 32 2791 2789 168 152
3019 3 2 0 32 2790 2791 152 167
3020 3 2 0 32 2451 2784 2792 2743
3021 3 2 0 32 2784 2463 2790 2792
3022 3 2 0 32 2792 2790 167 151
3023 3 2 0 32 2743 2792 151 166
3024 3 2 0 32 369 353 2795 2750
3025 3 2 0 32 353 368 2793 2795
3026 3 2 0 32 2795 2793 2465 2794
3027 3 2 0 32 2750 2795 2794 2453
3028 3 2 0 32 368 352 2797 2793
3029 3 2 0 32 352 6 130 2797
3030 3 2 0 32 2797 130 123 2796
3031 3 2 0 32 2793 2797 2796 2465
3032 3 2 0 32 2465 2796 2800 2799
3033 3 2 0 32 2796 123 131 2800
3034 3 2 0 32 2800 131 124 2798
3035 3 2 0 32 2799 2800 2798 2464
3036 3 2 0 32 2453 2794 2802 2753
3037 3 2 0 32 2794 2465 2799 2802
3038 3 2 0 32 2802 2799 2464 2801
3039 3 2 0 32 2753 2802 2801 2384
3040 3 2 0 32 2384 2801 2805 2762
3041 3 2 0 32 2801 2464 2803 2805
3042 3 2 0 32 2805 2803 2467 2804
3043 3 2 0 32 2762 2805 2804 2456
3044 3 2 0 32 2464 2798 2807 2803
3045 3 2 0 32 2798 124 132 2807
3046 3 2 0 32 2807 132 125 2806
3047 3 2 0 32 2803 2807 2806 2467
3048 3 2 0 32 2467 2806 2810 2809
3049 3 2 0 32 2806 125 133 2810
3050 3 2 0 32 2810 133 126 2808
3051 3 2 0 32 2809 2810 2808 2466
3052 3 2 0 32 2456 2804 2812 2765
3053 3 2 0 32 2804 2467 2809 2812
3054 3 2 0 32 2812 2809 2466 2811
3055 3 2 0 32 2765 2812 2811 2385
3056 3 2 0 32 2385 2811 2815 2774
3057 3 2 0 32 2811 2466 2813 2815
3058 3 2 0 32 2815 2813 2469 2814
3059 3 2 0 32 2774 2815 2814 2459
3060 3 2 0 32 2466 2808 2817 2813
3061 3 2 0 32 2808 126 134 2817
3062 3 2 0 32 2817 134 127 2816
3063 3 2 0 32 2813 2817 2816 2469
3064 3 2 0 32 2469 2816 2820 2819
3065 3 2 0 32 2816 127 135 2820
3066 3 2 0 32 2820 135 128 2818
3067 3 2 0 32 2819 2820 2818 2468
3068 3 2 0 32 2459 2814 2822 2777
3069 3 2 0 32 2814 2469 2819 2822
3070 3 2 0 32 2822 2819 2468 2821
3071 3 2 0 32 2777 2822 2821 2386
3072 3 2 0 32 2386 2821 2825 2786
3073 3 2 0 32 2821 2468 2823 2825
3074 3 2 0 32 2825 2823 2470 2824
3075 3 2 0 32 2786 2825 2824 2462
3076 3 2 0 32 2468 2818 2827 2823
3077 3 2 0 32 2818 128 136 2827
3078 3 2 0 32 2827 136 129 2826
3079 3 2 0 32 2823 2827 2826 2470
3080 3 2 0 32 2470 2826 2829 2828
3081 3 2 0 32 2826 129 137 2829
3082 3 2 0 32 2829 137 7 138
3083 3 2 0 32 2828 2829 138 154
3084 3 2 0 32 2462 2824 2830 2789
3085 3 2 0 32 2824 2470 2828 2830
3086 3 2 0 32 2830 2828 154 153
3087 3 2 0 32 2789 2830 153 168
3088 3 2 0 34 14 312 2938 321
3089 3 2 0 34 312 305 2936 2938
3090 3 2 0 34 2938 2936 2854 2937
3091 3 2 0 34 321 2938 2937 337
3092 3 2 0 34 305 313 2941 2936
3093 3 2 0 34 313 306 2939 2941
3094 3 2 0 34 2941 2939 2852 2940
3095 3 2 0 34 2936 2941 2940 2854
3096 3 2 0 34 2854 2940 2945 2944
3097 3 2 0 34 2940 2852 2942 2945
3098 3 2 0 34 2945 2942 2831 2943
3099 3 2 0 34 2944 2945 2943 2853
3100 3 2 0 34 337 2937 2947 322
3101 3 2 0 34 2937 2854 2944 2947
3102 3 2 0 34 2947 2944 2853 2946
3103 3 2 0 34 322 2947 2946 338
3104 3 2 0 34 338 2946 2950 323
3105 3 2 0 34 2946 2853 2948 2950
3106 3 2 0 34 2950 2948 2857 2949
3107 3 2 0 34 323 2950 2949 339
3108 3 2 0 34 2853 2943 2953 2948
3109 3 2 0 34 2943 2831 2951 2953
3110 3 2 0 34 2953 2951 2855 2952
3111 3 2 0 34 2948 2953 2952 2857
3112 3 2 0 34 2857 2952 2957 2956
3113 3 2 0 34 2952 2855 2954 2957
3114 3 2 0 34 2957 2954 2832 2955
3115 3 2 0 34 2956 2957 2955 2856
3116 3 2 0 34 339 2949 2959 324
3117 3 2 0 34 2949 2857 2956 2959
3118 3 2 0 34 2959 2956 2856 2958
3119 3 2 0 34 324 2959 2958 340
3120 3 2 0 34 340 2958 2962 325
3121 3 2 0 34 2958 2856 2960 2962
3122 3 2 0 34 2962 2960 2860 2961
3123 3 2 0 34 325 2962 2961 341
3124 3 2 0 34 2856 2955 2965 2960
3125 3 2 0 34 2955 2832 2963 2965
3126 3 2 0 34 2965 2963 2858 2964
3127 3 2 0 34 2960 2965 2964 2860
3128 3 2 0 34 2860 2964 2969 2968
3129 3 2 0 34 2964 2858 2966 2969
3130 3 2 0 34 2969 2966 2833 2967
3131 3 2 0 34 2968 2969 2967 2859
3132 3 2 0 34 341 2961 2971 326
3133 3 2 0 34 2961 2860 2968 2971
3134 3 2 0 34 2971 2968 2859 2970
3135 3 2 0 34 326 2971 2970 342
3136 3 2 0 34 342 2970 2974 327
3137 3 2 0 34 2970 2859 2972 2974
3138 3 2 0 34 2974 2972 2863 2973
3139 3 2 0 34 327 2974 2973 343
3140 3 2 0 34 2859 2967 2977 2972
3141 3 2 0 34 2967 2833 2975 2977
3142 3 2 0 34 2977 2975 2861 2976
3143 3 2 0 34 2972 2977 2976 2863
3144 3 2 0 34 2863 2976 2981 2980
3145 3 2 0 34 2976 2861 2978 2981
3146 3 2 0 34 2981 2978 2834 2979
3147 3 2 0 34 2980 2981 2979 2862
3148 3 2 0 34 343 2973 2983 328
3149 3 2 0 34 2973 2863 2980 2983
3150 3 2 0 34 2983 2980 2862 2982
3151 3 2 0 34 328 2983 2982 344
3152 3 2 0 34 344 2982 2986 329
3153 3 2 0 34 2982 2862 2984 2986
3154 3 2 0 34 2986 2984 2866 2985
3155 3 2 0 34 329 2986 2985 345
3156 3 2 0 34 2862 2979 2989 2984
3157 3 2 0 34 2979 2834 2987 2989
3158 3 2 0 34 2989 2987 2864 2988
3159 3 2 0 34 2984 2989 2988 2866
3160 3 2 0 34 2866 2988 2993 2992
3161 3 2 0 34 2988 2864 2990 2993
3162 3 2 0 34 2993 2990 2835 2991
3163 3 2 0 34 2992 2993 2991 2865
3164 3 2 0 34 345 2985 2995 330
3165 3 2 0 34 2985 2866 2992 2995
3166 3 2 0 34 2995 2992 2865 2994
3167 3 2 0 34 330 2995 2994 346
3168 3 2 0 34 346 2994 2998 331
3169 3 2 0 34 2994 2865 2996 2998
3170 3 2 0 34 2998 2996 2869 2997
3171 3 2 0 34 331 2998 2997 347
3172 3 2 0 34 2865 2991 3001 2996
3173 3 2 0 34 2991 2835 2999 3001
3174 3 2 0 34 3001 2999 2867 3000
3175 3 2 0 34 2996 3001 3000 2869
3176 3 2 0 34 2869 3000 3005 3004
3177 3 2 0 34 3000 2867 3002 3005
3178 3 2 0 34 3005 3002 2836 3003
3179 3 2 0 34 3004 3005 3003 2868
3180 3 2 0 34 347 2997 3007 332
3181 3 2 0 34 2997 2869 3004 3007
3182 3 2 0 34 3007 3004 2868 3006
3183 3 2 0 34 332 3007 3006 348
3184 3 2 0 34 348 3006 3010 333
3185 3 2 0 34 3006 2868 3008 3010
3186 3 2 0 34 3010 3008 2872 3009
3187 3 2 0 34 333 3010 3009 349
3188 3 2 0 34 2868 3003 3013 3008
3189 3 2 0 34 3003 2836 3011 3013
3190 3 2 0 34 3013 3011 2870 3012
3191 3 2 0 34 3008 3013 3012 2872
3192 3 2 0 34 2872 3012 3017 3016
3193 3 2 0 34 3012 2870 3014 3017
3194 3 2 0 34 3017 3014 2837 3015
3195 3 2 0 34 3016 3017 3015 2871
3196 3 2 0 34 349 3009 3019 334
3197 3 2 0 34 3009 2872 3016 3019
3198 3 2 0 34 3019 3016 2871 3018
3199 3 2 0 34 334 3019 3018 350
3200 3 2 0 34 350 3018 3022 335
3201 3 2 0 34 3018 2871 3020 3022
3202 3 2 0 34 3022 3020 2874 3021
3203 3 2 0 34 335 3022 3021 336
3204 3 2 0 34 2871 3015 3025 3020
3205 3 2 0 34 3015 2837 3023 3025
3206 3 2 0 34 3025 3023 2873 3024
3207 3 2 0 34 3020 3025 3024 2874
3208 3 2 0 34 2874 3024 3028 3027
3209 3 2 0 34 3024 2873 3026 3028
3210 3 2 0 34 3028 3026 205 213
3211 3 2 0 34 3027 3028 213 206
3212 3 2 0 34 336 3021 3029 320
3213 3 2 0 34 3021 2874 3027 3029
3214 3 2 0 34 3029 3027 206 214
3215 3 2 0 34 320 3029 214 10
3216 3 2 0 34 306 314 3032 2939
3217 3 2 0 34 314 307 3030 3032
3218 3 2 0 34 3032 3030 2877 3031
3219 3 2 0 34 2939 3032 3031 2852
3220 3 2 0 34 307 315 3035 3030
3221 3 2 0 34 315 308 3033 3035
3222 3 2 0 34 3035 3033 2875 3034
3223 3 2 0 34 3030 3035 3034 2877
3224 3 2 0 34 2877 3034 3039 3038
3225 3 2 0 34 3034 2875 3036 3039
3226 3 2 0 34 3039 3036 2838 3037
3227 3 2 0 34 3038 3039 3037 2876
3228 3 2 0 34 2852 3031 3041 2942
3229 3 2 0 34 3031 2877 3038 3041
3230 3 2 0 34 3041 3038 2876 3040
3231 3 2 0 34 2942 3041 3040 2831
3232 3 2 0 34 2831 3040 3044 2951
3233 3 2 0 34 3040 2876 3042 3044
3234 3 2 0 34 3044 3042 2880 3043
3235 3 2 0 34 2951 3044 3043 2855
3236 3 2 0 34 2876 3037 3047 3042
3237 3 2 0 34 3037 2838 3045 3047
3238 3 2 0 34 3047 3045 2878 3046
3239 3 2 0 34 3042 3047 3046 2880
3240 3 2 0 34 2880 3046 3051 3050
3241 3 2 0 34 3046 2878 3048 3051
3242 3 2 0 34 3051 3048 2839 3049
3243 3 2 0 34 3050 3051 3049 2879
3244 3 2 0 34 2855 3043 3053 2954
3245 3 2 0 34 3043 2880 3050 3053
3246 3 2 0 34 3053 3050 2879 3052
3247 3 2 0 34 2954 3053 3052 2832
3248 3 2 0 34 2832 3052 3056 2963
3249 3 2 0 34 3052 2879 3054 3056
3250 3 2 0 34 3056 3054 2883 3055
3251 3 2 0 34 2963 3056 3055 2858
3252 3 2 0 34 2879 3049 3059 3054
3253 3 2 0 34 3049 2839 3057 3059
3254 3 2 0 34 3059 3057 2881 3058
3255 3 2 0 34 3054 3059 3058 2883
3256 3 2 0 34 2883 3058 3063 3062
3257 3 2 0 34 3058 2881 3060 3063
3258 3 2 0 34 3063 3060 2840 3061
3259 3 2 0 34 3062 3063 3061 2882
3260 3 2 0 34 2858 3055 3065 2966
3261 3 2 0 34 3055 2883 3062 3065
3262 3 2 0 34 3065 3062 2882 3064
3263 3 2 0 34 2966 3065 3064 2833
3264 3 2 0 34 2833 3064 3068 2975
3265 3 2 0 34 3064 2882 3066 3068
3266 3 2 0 34 3068 3066 2886 3067
3267 3 2 0 34 2975 3068 3067 2861
3268 3 2 0 34 2882 3061 3071 3066
3269 3 2 0 34 3061 2840 3069 3071
3270 3 2 0 34 3071 3069 2884 3070
3271 3 2 0 34 3066 3071 3070 2886
3272 3 2 0 34 2886 3070 3075 3074
3273 3 2 0 34 3070 2884 3072 3075
3274 3 2 0 34 3075 3072 2841 3073
3275 3 2 0 34 3074 3075 3073 2885
3276 3 2 0 34 2861 3067 3077 2978
3277 3 2 0 34 3067 2886 3074 3077
3278 3 2 0 34 3077 3074 2885 3076
3279 3 2 0 34 2978 3077 3076 2834
3280 3 2 0 34 2834 3076 3080 2987
3281 3 2 0 34 3076 2885 3078 3080
3282 3 2 0 34 3080 3078 2889 3079
3283 3 2 0 34 2987 3080 3079 2864
3284 3 2 0 34 2885 3073 3083 3078
3285 3 2 0 34 3073 2841 3081 3083
3286 3 2 0 34 3083 3081 2887 3082
3287 3 2 0 34 3078 3083 3082 2889
3288 3 2 0 34 2889 3082 3087 3086
3289 3 2 0 34 3082 2887 3084 3087
3290 3 2 0 34 3087 3084 2842 3085
3291 3 2 0 34 3086 3087 3085 2888
3292 3 2 0 34 2864 3079 3089 2990
3293 3 2 0 34 3079 2889 3086 3089
3294 3 2 0 34 3089 3086 2888 3088
3295 3 2 0 34 2990 3089 3088 2835
3296 3 2 0 34 2835 3088 3092 2999
3297 3 2 0 34 3088 2888 3090 3092
3298 3 2 0 34 3092 3090 2892 3091
3299 3 2 0 34 2999 3092 3091 2867
3300 3 2 0 34 2888 3085 3095 3090
3301 3 2 0 34 3085 2842 3093 3095
3302 3 2 0 34 3095 3093 2890 3094
3303 3 2 0 34 3090 3095 3094 2892
3304 3 2 0 34 2892 3094 3099 3098
3305 3 2 0 34 3094 2890 3096 3099
3306 3 2 0 34 3099 3096 2843 3097
3307 3 2 0 34 3098 3099 3097 2891
3308 3 2 0 34 2867 3091 3101 3002
3309 3 2 0 34 3091 2892 3098 3101
3310 3 2 0 34 3101 3098 2891 3100
3311 3 2 0 34 3002 3101 3100 2836
3312 3 2 0 34 2836 3100 3104 3011
3313 3 2 0 34 3100 2891 3102 3104
3314 3 2 0 34 3104 3102 2895 3103
3315 3 2 0 34 3011 3104 3103 2870
3316 3 2 0 34 2891 3097 3107 3102
3317 3 2 0 34 3097 2843 3105 3107
3318 3 2 0 34 3107 3105 2893 3106
3319 3 2 0 34 3102 3107 3106 2895
3320 3 2 0 34 2895 3106 3111 3110
3321 3 2 0 34 3106 2893 3108 3111
3322 3 2 0 34 3111 3108 2844 3109
3323 3 2 0 34 3110 3111 3109 2894
3324 3 2 0 34 2870 3103 3113 3014
3325 3 2 0 34 3103 2895 3110 3113
3326 3 2 0 34 3113 3110 2894 3112
3327 3 2 0 34 3014 3113 3112 2837
3328 3 2 0 34 2837 3112 3116 3023
3329 3 2 0 34 3112 2894 3114 3116
3330 3 2 0 34 3116 3114 2897 3115
3331 3 2 0 34 3023 3116 3115 2873
3332 3 2 0 34 2894 3109 3119 3114
3333 3 2 0 34 3109 2844 3117 3119
3334 3 2 0 34 3119 3117 2896 3118
3335 3 2 0 34 3114 3119 3118 2897
3336 3 2 0 34 2897 3118 3122 3121
3337 3 2 0 34 3118 2896 3120 3122
3338 3 2 0 34 3122 3120 203 211
3339 3 2 0 34 3121 3122 211 204
3340 3 2 0 34 2873 3115 3123 3026
3341 3 2 0 34 3115 2897 3121 3123
3342 3 2 0 34 3123 3121 204 212
3343 3 2 0 34 3026 3123 212 205
3344 3 2 0 34 308 316 3126 3033
3345 3 2 0 34 316 309 3124 3126
3346 3 2 0 34 3126 3124 2900 3125
3347 3 2 0 34 3033 3126 3125 2875
3348 3 2 0 34 309 317 3129 3124
3349 3 2 0 34 317 310 3127 3129
3350 3 2 0 34 3129 3127 2898 3128
3351 3 2 0 34 3124 3129 3128 2900
3352 3 2 0 34 2900 3128 3133 3132
3353 3 2 0 34 3128 2898 3130 3133
3354 3 2 0 34 3133 3130 2845 3131
3355 3 2 0 34 3132 3133 3131 2899
3356 3 2 0 34 2875 3125 3135 3036
3357 3 2 0 34 3125 2900 3132 3135
3358 3 2 0 34 3135 3132 2899 3134
3359 3 2 0 34 3036 3135 3134 2838
3360 3 2 0 34 2838 3134 3138 3045
3361 3 2 0 34 3134 2899 3136 3138
3362 3 2 0 34 3138 3136 2903 3137
3363 3 2 0 34 3045 3138 3137 2878
3364 3 2 0 34 2899 3131 3141 3136
3365 3 2 0 34 3131 2845 3139 3141
3366 3 2 0 34 3141 3139 2901 3140
3367 3 2 0 34 3136 3141 3140 2903
3368 3 2 0 34 2903 3140 3145 3144
3369 3 2 0 34 3140 2901 3142 3145
3370 3 2 0 34 3145 3142 2846 3143
3371 3 2 0 34 3144 3145 3143 2902
3372 3 2 0 34 2878 3137 3147 3048
3373 3 2 0 34 3137 2903 3144 3147
3374 3 2 0 34 3147 3144 2902 3146
3375 3 2 0 34 3048 3147 3146 2839
3376 3 2 0 34 2839 3146 3150 3057
3377 3 2 0 34 3146 2902 3148 3150
3378 3 2 0 34 3150 3148 2906 3149
3379 3 2 0 34 3057 3150 3149 2881
3380 3 2 0 34 2902 3143 3153 3148
3381 3 2 0 34 3143 2846 3151 3153
3382 3 2 0 34 3153 3151 2904 3152
3383 3 2 0 34 3148 3153 3152 2906
3384 3 2 0 34 2906 3152 3157 3156
3385 3 2 0 34 3152 2904 3154 3157
3386 3 2 0 34 3157 3154 2847 3155
3387 3 2 0 34 3156 3157 3155 2905
3388 3 2 0 34 2881 3149 3159 3060
3389 3 2 0 34 3149 2906 3156 3159
3390 3 2 0 34 3159 3156 2905 3158
3391 3 2 0 34 3060 3159 3158 2840
3392 3 2 0 34 2840 3158 3162 3069
3393 3 2 0 34 3158 2905 3160 3162
3394 3 2 0 34 3162 3160 2909 3161
3395 3 2 0 34 3069 3162 3161 2884
3396 3 2 0 34 2905 3155 3165 3160
3397 3 2 0 34 3155 2847 3163 3165
3398 3 2 0 34 3165 3163 2907 3164
3399 3 2 0 34 3160 3165 3164 2909
3400 3 2 0 34 2909 3164 3169 3168
3401 3 2 0 34 3164 2907 3166 3169
3402 3 2 0 34 3169 3166 2848 3167
3403 3 2 0 34 3168 3169 3167 2908
3404 3 2 0 34 2884 3161 3171 3072
3405 3 2 0 34 3161 2909 3168 3171
3406 3 2 0 34 3171 3168 2908 3170
3407 3 2 0 34 3072 3171 3170 2841
3408 3 2 0 34 2841 3170 3174 3081
3409 3 2 0 34 3170 2908 3172 3174
3410 3 2 0 34 3174 3172 2912 3173
3411 3 2 0 34 3081 3174 3173 2887
3412 3 2 0 34 2908 3167 3177 3172
3413 3 2 0 34 3167 2848 3175 3177
3414 3 2 0 34 3177 3175 2910 3176
3415 3 2 0 34 3172 3177 3176 2912
3416 3 2 0 34 2912 3176 3181 3180
3417 3 2 0 34 3176 2910 3178 3181
3418 3 2 0 34 3181 3178 2849 3179
3419 3 2 0 34 3180 3181 3179 2911
3420 3 2 0 34 2887 3173 3183 3084
3421 3 2 0 34 3173 2912 3180 3183
3422 3 2 0 34 3183 3180 2911 3182
3423 3 2 0 34 3084 3183 3182 2842
3424 3 2 0 34 2842 3182 3186 3093
3425 3 2 0 34 3182 2911 3184 3186
3426 3 2 0 34 3186 3184 2915 3185
3427 3 2 0 34 3093 3186 3185 2890
3428 3 2 0 34 2911 3179 3189 3184
3429 3 2 0 34 3179 2849 3187 3189
3430 3 2 0 34 3189 3187 2913 3188
3431 3 2 0 34 3184 3189 3188 2915
3432 3 2 0 34 2915 3188 3193 3192
3433 3 2 0 34 3188 2913 3190 3193
3434 3 2 0 34 3193 3190 2850 3191
3435 3 2 0 34 3192 3193 3191 2914
3436 3 2 0 34 2890 3185 3195 3096
3437 3 2 0 34 3185 2915 3192 3195
3438 3 2 0 34 3195 3192 2914 3194
3439 3 2 0 34 3096 3195 3194 2843
3440 3 2 0 34 2843 3194 3198 3105
3441 3 2 0 34 3194 2914 3196 3198
3442 3 2 0 34 3198 3196 2918 3197
3443 3 2 0 34 3105 3198 3197 2893
3444 3 2 0 34 2914 3191 3201 3196
3445 3 2 0 34 3191 2850 3199 3201
3446 3 2 0 34 3201 3199 2916 3200
3447 3 2 0 34 3196 3201 3200 2918
3448 3 2 0 34 2918 3200 3205 3204
3449 3 2 0 34 3200 2916 3202 3205
3450 3 2 0 34 3205 3202 2851 3203
3451 3 2 0 34 3204 3205 3203 2917
3452 3 2 0 34 2893 3197 3207 3108
3453 3 2 0 34 3197 2918 3204 3207
3454 3 2 0 34 3207 3204 2917 3206
3455 3 2 0 34 3108 3207 3206 2844
3456 3 2 0 34 2844 3206 3210 3117
3457 3 2 0 34 3206 2917 3208 3210
3458 3 2 0 34 3210 3208 2920 3209
3459 3 2 0 34 3117 3210 3209 2896
3460 3 2 0 34 2917 3203 3213 3208
3461 3 2 0 34 3203 2851 3211 3213
3462 3 2 0 34 3213 3211 2919 3212
3463 3 2 0 34 3208 3213 3212 2920
3464 3 2 0 34 2920 3212 3216 3215
3465 3 2 0 34 3212 2919 3214 3216
3466 3 2 0 34 3216 3214 201 209
3467 3 2 0 34 3215 3216 209 202
3468 3 2 0 34 2896 3209 3217 3120
3469 3 2 0 34 3209 2920 3215 3217
3470 3 2 0 34 3217 3215 202 210
3471 3 2 0 34 3120 3217 210 203
3472 3 2 0 34 310 318 3220 3127
3473 3 2 0 34 318 311 3218 3220
3474 3 2 0 34 3220 3218 2922 3219
3475 3 2 0 34 3127 3220 3219 2898
3476 3 2 0 34 311 319 3222 3218
3477 3 2 0 34 319 8 169 3222
3478 3 2 0 34 3222 169 185 3221
3479 3 2 0 34 3218 3222 3221 2922
3480 3 2 0 34 2922 3221 3225 3224
3481 3 2 0 34 3221 185 184 3225
3482 3 2 0 34 3225 184 199 3223
3483 3 2 0 34 3224 3225 3223 2921
3484 3 2 0 34 2898 3219 3227 3130
3485 3 2 0 34 3219 2922 3224 3227
3486 3 2 0 34 3227 3224 2921 3226
3487 3 2 0 34 3130 3227 3226 2845
3488 3 2 0 34 2845 3226 3230 3139
3489 3 2 0 34 3226 2921 3228 3230
3490 3 2 0 34 3230 3228 2924 3229
3491 3 2 0 34 3139 3230 3229 2901
3492 3 2 0 34 2921 3223 3232 3228
3493 3 2 0 34 3223 199 183 3232
3494 3 2 0 34 3232 183 198 3231
3495 3 2 0 34 3228 3232 3231 2924
3496 3 2 0 34 2924 3231 3235 3234
3497 3 2 0 34 3231 198 182 3235
3498 3 2 0 34 3235 182 197 3233
3499 3 2 0 34 3234 3235 3233 2923
3500 3 2 0 34 2901 3229 3237 3142
3501 3 2 0 34 3229 2924 3234 3237
3502 3 2 0 34 3237 3234 2923 3236
3503 3 2 0 34 3142 3237 3236 2846
3504 3 2 0 34 2846 3236 3240 3151
3505 3 2 0 34 3236 2923 3238 3240
3506 3 2 0 34 3240 3238 2926 3239
3507 3 2 0 34 3151 3240 3239 2904
3508 3 2 0 34 2923 3233 3242 3238
3509 3 2 0 34 3233 197 181 3242
3510 3 2 0 34 3242 181 196 3241
3511 3 2 0 34 3238 3242 3241 2926
3512 3 2 0 34 2926 3241 3245 3244
3513 3 2 0 34 3241 196 180 3245
3514 3 2 0 34 3245 180 195 3243
3515 3 2 0 34 3244 3245 3243 2925
3516 3 2 0 34 2904 3239 3247 3154
3517 3 2 0 34 3239 2926 3244 3247
3518 3 2 0 34 3247 3244 2925 3246
3519 3 2 0 34 3154 3247 3246 2847
3520 3 2 0 34 2847 3246 3250 3163
3521 3 2 0 34 3246 2925 3248 3250
3522 3 2 0 34 3250 3248 2928 3249
3523 3 2 0 34 3163 3250 3249 2907
3524 3 2 0 34 2925 3243 3252 3248
3525 3 2 0 34 3243 195 179 3252
3526 3 2 0 34 3252 179 194 3251
3527 3 2 0 34 3248 3252 3251 2928
3528 3 2 0 34 2928 3251 3255 3254
3529 3 2 0 34 3251 194 178 3255
3530 3 2 0 34 3255 178 193 3253
3531 3 2 0 34 3254 3255 3253 2927
3532 3 2 0 34 2907 3249 3257 3166
3533 3 2 0 34 3249 2928 3254 3257
3534 3 2 0 34 3257 3254 2927 3256
3535 3 2 0 34 3166 3257 3256 2848
3536 3 2 0 34 2848 3256 3260 3175
3537 3 2 0 34 3256 2927 3258 3260
3538 3 2 0 34 3260 3258 2930 3259
3539 3 2 0 34 3175 3260 3259 2910
3540 3 2 0 34 2927 3253 3262 3258
3541 3 2 0 34 3253 193 177 3262
3542 3 2 0 34 3262 177 192 3261
3543 3 2 0 34 3258 3262 3261 2930
3544 3 2 0 34 2930 3261 3265 3264
3545 3 2 0 34 3261 192 176 3265
3546 3 2 0 34 3265 176 191 3263
3547 3 2 0 34 3264 3265 3263 2929
3548 3 2 0 34 2910 3259 3267 3178
3549 3 2 0 34 3259 2930 3264 3267
3550 3 2 0 34 3267 3264 2929 3266
3551 3 2 0 34 3178 3267 3266 2849
3552 3 2 0 34 2849 3266 3270 3187
3553 3 2 0 34 3266 2929 3268 3270
3554 3 2 0 34 3270 3268 2932 3269
3555 3 2 0 34 3187 3270 3269 2913
3556 3 2 0 34 2929 3263 3272 3268
3557 3 2 0 34 3263 191 175 3272
3558 3 2 0 34 3272 175 190 3271
3559 3 2 0 34 3268 3272 3271 2932
3560 3 2 0 34 2932 3271 3275 3274
3561 3 2 0 34 3271 190 174 3275
3562 3 2 0 34 3275 174 189 3273
3563 3 2 0 34 3274 3275 3273 2931
3564 3 2 0 34 2913 3269 3277 3190
3565 3 2 0 34 3269 2932 3274 3277
3566 3 2 0 34 3277 3274 2931 3276
3567 3 2 0 34 3190 3277 3276 2850
3568 3 2 0 34 2850 3276 3280 3199
3569 3 2 0 34 3276 2931 3278 3280
3570 3 2 0 34 3280 3278 2934 3279
3571 3 2 0 34 3199 3280 3279 2916
3572 3 2 0 34 2931 3273 3282 3278
3573 3 2 0 34 3273 189 173 3282
3574 3 2 0 34 3282 173 188 3281
3575 3 2 0 34 3278 3282 3281 2934
3576 3 2 0 34 2934 3281 3285 3284
3577 3 2 0 34 3281 188 172 3285
3578 3 2 0 34 3285 172 187 3283
3579 3 2 0 34 3284 3285 3283 2933
3580 3 2 0 34 2916 3279 3287 3202
3581 3 2 0 34 3279 2934 3284 3287
3582 3 2 0 34 3287 3284 2933 3286
3583 3 2 0 34 3202 3287 3286 2851
3584 3 2 0 34 2851 3286 3290 3211
3585 3 2 0 34 3286 2933 3288 3290
3586 3 2 0 34 3290 3288 2935 3289
3587 3 2 0 34 3211 3290 3289 2919
3588 3 2 0 34 2933 3283 3292 3288
3589 3 2 0 34 3283 187 171 3292
3590 3 2 0 34 3292 171 186 3291
3591 3 2 0 34 3288 3292 3291 2935
3592 3 2 0 34 2935 3291 3294 3293
3593 3 2 0 34 3291 186 170 3294
3594 3 2 0 34 3294 170 9 207
3595 3 2 0 34 3293 3294 207 200
3596 3 2 0 34 2919 3289 3295 3214
3597 3 2 0 34 3289 2935 3293 3295
3598 3 2 0 34 3295 3293 200 208
3599 3 2 0 34 3214 3295 208 201
3600 3 2 0 36 10 320 3403 222
3601 3 2 0 36 320 336 3401 3403
3602 3 2 0 36 3403 3401 3319 3402
3603 3 2 0 36 222 3403 3402 215
3604 3 2 0 36 336 335 3406 3401
3605 3 2 0 36 335 350 3404 3406
3606 3 2 0 36 3406 3404 3317 3405
3607 3 2 0 36 3401 3406 3405 3319
3608 3 2 0 36 3319 3405 3410 3409
3609 3 2 0 36 3405 3317 3407 3410
3610 3 2 0 36 3410 3407 3296 3408
3611 3 2 0 36 3409 3410 3408 3318
3612 3 2 0 36 215 3402 3412 223
3613 3 2 0 36 3402 3319 3409 3412
3614 3 2 0 36 3412 3409 3318 3411
3615 3 2 0 36 223 3412 3411 216
3616 3 2 0 36 216 3411 3415 224
3617 3 2 0 36 3411 3318 3413 3415
3618 3 2 0 36 3415 3413 3322 3414
3619 3 2 0 36 224 3415 3414 217
3620 3 2 0 36 3318 3408 3418 3413
3621 3 2 0 36 3408 3296 3416 3418
3622 3 2 0 36 3418 3416 3320 3417
3623 3 2 0 36 3413 3418 3417 3322
3624 3 2 0 36 3322 3417 3422 3421
3625 3 2 0 36 3417 3320 3419 3422
3626 3 2 0 36 3422 3419 3297 3420
3627 3 2 0 36 3421 3422 3420 3321
3628 3 2 0 36 217 3414 3424 225
3629 3 2 0 36 3414 3322 3421 3424
3630 3 2 0 36 3424 3421 3321 3423
3631 3 2 0 36 225 3424 3423 218
3632 3 2 0 36 218 3423 3427 226
3633 3 2 0 36 3423 3321 3425 3427
3634 3 2 0 36 3427 3425 3325 3426
3635 3 2 0 36 226 3427 3426 219
3636 3 2 0 36 3321 3420 3430 3425
3637 3 2 0 36 3420 3297 3428 3430
3638 3 2 0 36 3430 3428 3323 3429
3639 3 2 0 36 3425 3430 3429 3325
3640 3 2 0 36 3325 3429 3434 3433
3641 3 2 0 36 3429 3323 3431 3434
3642 3 2 0 36 3434 3431 3298 3432
3643 3 2 0 36 3433 3434 3432 3324
3644 3 2 0 36 219 3426 3436 227
3645 3 2 0 36 3426 3325 3433 3436
3646 3 2 0 36 3436 3433 3324 3435
3647 3 2 0 36 227 3436 3435 220
3648 3 2 0 36 220 3435 3439 228
3649 3 2 0 36 3435 3324 3437 3439
3650 3 2 0 36 3439 3437 3327 3438
3651 3 2 0 36 228 3439 3438 221
3652 3 2 0 36 3324 3432 3442 3437
3653 3 2 0 36 3432 3298 3440 3442
3654 3 2 0 36 3442 3440 3326 3441
3655 3 2 0 36 3437 3442 3441 3327
3656 3 2 0 36 3327 3441 3445 3444
3657 3 2 0 36 3441 3326 3443 3445
3658 3 2 0 36 3445 3443 412 397
3659 3 2 0 36 3444 3445 397 398
3660 3 2 0 36 221 3438 3446 229
3661 3 2 0 36 3438 3327 3444 3446
3662 3 2 0 36 3446 3444 398 382
3663 3 2 0 36 229 3446 382 11
3664 3 2 0 36 350 334 3449 3404
3665 3 2 0 36 334 349 3447 3449
3666 3 2 0 36 3449 3447 3330 3448
3667 3 2 0 36 3404 3449 3448 3317
3668 3 2 0 36 349 333 3452 3447
3669 3 2 0 36 333 348 3450 3452
3670 3 2 0 36 3452 3450 3328 3451
3671 3 2 0 36 3447 3452 3451 3330
3672 3 2 0 36 3330 3451 3456 3455
3673 3 2 0 36 3451 3328 3453 3456
3674 3 2 0 36 3456 3453 3299 3454
3675 3 2 0 36 3455 3456 3454 3329
3676 3 2 0 36 3317 3448 3458 3407
3677 3 2 0 36 3448 3330 3455 3458
3678 3 2 0 36 3458 3455 3329 3457
3679 3 2 0 36 3407 3458 3457 3296
3680 3 2 0 36 3296 3457 3461 3416
3681 3 2 0 36 3457 3329 3459 3461
3682 3 2 0 36 3461 3459 3333 3460
3683 3 2 0 36 3416 3461 3460 3320
3684 3 2 0 36 3329 3454 3464 3459
3685 3 2 0 36 3454 3299 3462 3464
3686 3 2 0 36 3464 3462 3331 3463
3687 3 2 0 36 3459 3464 3463 3333
3688 3 2 0 36 3333 3463 3468 3467
3689 3 2 0 36 3463 3331 3465 3468
3690 3 2 0 36 3468 3465 3300 3466
3691 3 2 0 36 3467 3468 3466 3332
3692 3 2 0 36 3320 3460 3470 3419
3693 3 2 0 36 3460 3333 3467 3470
3694 3 2 0 36 3470 3467 3332 3469
3695 3 2 0 36 3419 3470 3469 3297
3696 3 2 0 36 3297 3469 3473 3428
3697 3 2 0 36 3469 3332 3471 3473
3698 3 2 0 36 3473 3471 3336 3472
3699 3 2 0 36 3428 3473 3472 3323
3700 3 2 0 36 3332 3466 3476 3471
3701 3 2 0 36 3466 3300 3474 3476
3702 3 2 0 36 3476 3474 3334 3475
3703 3 2 0 36 3471 3476 3475 3336
3704 3 2 0 36 3336 3475 3480 3479
3705 3 2 0 36 3475 3334 3477 3480
3706 3 2 0 36 3480 3477 3301 3478
3707 3 2 0 36 3479 3480 3478 3335
3708 3 2 0 36 3323 3472 3482 3431
3709 3 2 0 36 3472 3336 3479 3482
3710 3 2 0 36 3482 3479 3335 3481
3711 3 2 0 36 3431 3482 3481 3298
3712 3 2 0 36 3298 3481 3485 3440
3713 3 2 0 36 3481 3335 3483 3485
3714 3 2 0 36 3485 3483 3338 3484
3715 3 2 0 36 3440 3485 3484 3326
3716 3 2 0 36 3335 3478 3488 3483
3717 3 2 0 36 3478 3301 3486 3488
3718 3 2 0 36 3488 3486 3337 3487
3719 3 2 0 36 3483 3488 3487 3338
3720 3 2 0 36 3338 3487 3491 3490
3721 3 2 0 36 3487 3337 3489 3491
3722 3 2 0 36 3491 3489 410 395
3723 3 2 0 36 3490 3491 395 411
3724 3 2 0 36 3326 3484 3492 3443
3725 3 2 0 36 3484 3338 3490 3492
3726 3 2 0 36 3492 3490 411 396
3727 3 2 0 36 3443 3492 396 412
3728 3 2 0 36 348 332 3495 3450
3729 3 2 0 36 332 347 3493 3495
3730 3 2 0 36 3495 3493 3341 3494
3731 3 2 0 36 3450 3495 3494 3328
3732 3 2 0 36 347 331 3498 3493
3733 3 2 0 36 331 346 3496 3498
3734 3 2 0 36 3498 3496 3339 3497
3735 3 2 0 36 3493 3498 3497 3341
3736 3 2 0 36 3341 3497 3502 3501
3737 3 2 0 36 3497 3339 3499 3502
3738 3 2 0 36 3502 3499 3302 3500
3739 3 2 0 36 3501 3502 3500 3340
3740 3 2 0 36 3328 3494 3504 3453
3741 3 2 0 36 3494 3341 3501 3504
3742 3 2 0 36 3504 3501 3340 3503
3743 3 2 0 36 3453 3504 3503 3299
3744 3 2 0 36 3299 3503 3507 3462
3745 3 2 0 36 3503 3340 3505 3507
3746 3 2 0 36 3507 3505 3344 3506
3747 3 2 0 36 3462 3507 3506 3331
3748 3 2 0 36 3340 3500 3510 3505
3749 3 2 0 36 3500 3302 3508 3510
3750 3 2 0 36 3510 3508 3342 3509
3751 3 2 0 36 3505 3510 3509 3344
3752 3 2 0 36 3344 3509 3514 3513
3753 3 2 0 36 3509 3342 3511 3514
3754 3 2 0 36 3514 3511 3303 3512
3755 3 2 0 36 3513 3514 3512 3343
3756 3 2 0 36 3331 3506 3516 3465
3757 3 2 0 36 3506 3344 3513 3516
3758 3 2 0 36 3516 3513 3343 3515
3759 3 2 0 36 3465 3516 3515 3300
3760 3 2 0 36 3300 3515 3519 3474
3761 3 2 0 36 3515 3343 3517 3519
3762 3 2 0 36 3519 3517 3347 3518
3763 3 2 0 36 3474 3519 3518 3334
3764 3 2 0 36 3343 3512 3522 3517
3765 3 2 0 36 3512 3303 3520 3522
3766 3 2 0 36 3522 3520 3345 3521
3767 3 2 0 36 3517 3522 3521 3347
3768 3 2 0 36 3347 3521 3526 3525
3769 3 2 0 36 3521 3345 3523 3526
3770 3 2 0 36 3526 3523 3304 3524
3771 3 2 0 36 3525 3526 3524 3346
3772 3 2 0 36 3334 3518 3528 3477
3773 3 2 0 36 3518 3347 3525 3528
3774 3 2 0 36 3528 3525 3346 3527
3775 3 2 0 36 3477 3528 3527 3301
3776 3 2 0 36 3301 3527 3531 3486
3777 3 2 0 36 3527 3346 3529 3531
3778 3 2 0 36 3531 3529 3349 3530
3779 3 2 0 36 3486 3531 3530 3337
3780 3 2 0 36 3346 3524 3534 3529
3781 3 2 0 36 3524 3304 3532 3534
3782 3 2 0 36 3534 3532 3348 3533
3783 3 2 0 36 3529 3534 3533 3349
3784 3 2 0 36 3349 3533 3537 3536
3785 3 2 0 36 3533 3348 3535 3537
3786 3 2 0 36 3537 3535 408 393
3787 3 2 0 36 3536 3537 393 409
3788 3 2 0 36 3337 3530 3538 3489
3789 3 2 0 36 3530 3349 3536 3538
3790 3 2 0 36 3538 3536 409 394
3791 3 2 0 36 3489 3538 394 410
3792 3 2 0 36 346 330 3541 3496
3793 3 2 0 36 330 345 3539 3541
3794 3 2 0 36 3541 3539 3352 3540
3795 3 2 0 36 3496 3541 3540 3339
3796 3 2 0 36 345 329 3544 3539
3797 3 2 0 36 329 344 3542 3544
3798 3 2 0 36 3544 3542 3350 3543
3799 3 2 0 36 3539 3544 3543 3352
3800 3 2 0 36 3352 3543 3548 3547
3801 3 2 0 36 3543 3350 3545 3548
3802 3 2 0 36 3548 3545 3305 3546
3803 3 2 0 36 3547 3548 3546 3351
3804 3 2 0 36 3339 3540 3550 3499
3805 3 2 0 36 3540 3352 3547 3550
3806 3 2 0 36 3550 3547 3351 3549
3807 3 2 0 36 3499 3550 3549 3302
3808 3 2 0 36 3302 3549 3553 3508
3809 3 2 0 36 3549 3351 3551 3553
3810 3 2 0 36 3553 3551 3355 3552
3811 3 2 0 36 3508 3553 3552 3342
3812 3 2 0 36 3351 3546 3556 3551
3813 3 2 0 36 3546 3305 3554 3556
3814 3 2 0 36 3556 3554 3353 3555
3815 3 2 0 36 3551 3556 3555 3355
3816 3 2 0 36 3355 3555 3560 3559
3817 3 2 0 36 3555 3353 3557 3560
3818 3 2 0 36 3560 3557 3306 3558
3819 3 2 0 36 3559 3560 3558 3354
3820 3 2 0 36 3342 3552 3562 3511
3821 3 2 0 36 3552 3355 3559 3562
3822 3 2 0 36 3562 3559 3354 3561
3823 3 2 0 36 3511 3562 3561 3303
3824 3 2 0 36 3303 3561 3565 3520
3825 3 2 0 36 3561 3354 3563 3565
3826 3 2 0 36 3565 3563 3358 3564
3827 3 2 0 36 3520 3565 3564 3345
3828 3 2 0 36 3354 3558 3568 3563
3829 3 2 0 36 3558 3306 3566 3568
3830 3 2 0 36 3568 3566 3356 3567
3831 3 2 0 36 3563 3568 3567 3358
3832 3 2 0 36 3358 3567 3572 3571
3833 3 2 0 36 3567 3356 3569 3572
3834 3 2 0 36 3572 3569 3307 3570
3835 3 2 0 36 3571 3572 3570 3357
3836 3 2 0 36 3345 3564 3574 3523
3837 3 2 0 36 3564 3358 3571 3574
3838 3 2 0 36 3574 3571 3357 3573
3839 3 2 0 36 3523 3574 3573 3304
3840 3 2 0 36 3304 3573 3577 3532
3841 3 2 0 36 3573 3357 3575 3577
3842 3 2 0 36 3577 3575 3360 3576
3843 3 2 0 36 3532 3577 3576 3348
3844 3 2 0 36 3357 3570 3580 3575
3845 3 2 0 36 3570 3307 3578 3580
3846 3 2 0 36 3580 3578 3359 3579
3847 3 2 0 36 3575 3580 3579 3360
3848 3 2 0 36 3360 3579 3583 3582
3849 3 2 0 36 3579 3359 3581 3583
3850 3 2 0 36 3583 3581 406 391
3851 3 2 0 36 3582 3583 391 407
3852 3 2 0 36 3348 3576 3584 3535
3853 3 2 0 36 3576 3360 3582 3584
3854 3 2 0 36 3584 3582 407 392
3855 3 2 0 36 3535 3584 392 408
3856 3 2 0 36 344 328 3587 3542
3857 3 2 0 36 328 343 3585 3587
3858 3 2 0 36 3587 3585 3363 3586
3859 3 2 0 36 3542 3587 3586 3350
3860 3 2 0 36 343 327 3590 3585
3861 3 2 0 36 327 342 3588 3590
3862 3 2 0 36 3590 3588 3361 3589
3863 3 2 0 36 3585 3590 3589 3363
3864 3 2 0 36 3363 3589 3594 3593
3865 3 2 0 36 3589 3361 3591 3594
3866 3 2 0 36 3594 3591 3308 3592
3867 3 2 0 36 3593 3594 3592 3362
3868 3 2 0 36 3350 3586 3596 3545
3869 3 2 0 36 3586 3363 3593 3596
3870 3 2 0 36 3596 3593 3362 3595
3871 3 2 0 36 3545 3596 3595 3305
3872 3 2 0 36 3305 3595 3599 3554
3873 3 2 0 36 3595 3362 3597 3599
3874 3 2 0 36 3599 3597 3366 3598
3875 3 2 0 36 3554 3599 3598 3353
3876 3 2 0 36 3362 3592 3602 3597
3877 3 2 0 36 3592 3308 3600 3602
3878 3 2 0 36 3602 3600 3364 3601
3879 3 2 0 36 3597 3602 3601 3366
3880 3 2 0 36 3366 3601 3606 3605
3881 3 2 0 36 3601 3364 3603 3606
3882 3 2 0 36 3606 3603 3309 3604
3883 3 2 0 36 3605 3606 3604 3365
3884 3 2 0 36 3353 3598 3608 3557
3885 3 2 0 36 3598 3366 3605 3608
3886 3 2 0 36 3608 3605 3365 3607
3887 3 2 0 36 3557 3608 3607 3306
3888 3 2 0 36 3306 3607 3611 3566
3889 3 2 0 36 3607 3365 3609 3611
3890 3 2 0 36 3611 3609 3369 3610
3891 3 2 0 36 3566 3611 3610 3356
3892 3 2 0 36 3365 3604 3614 3609
3893 3 2 0 36 3604 3309 3612 3614
3894 3 2 0 36 3614 3612 3367 3613
3895 3 2 0 36 3609 3614 3613 3369
3896 3 2 0 36 3369 3613 3618 3617
3897 3 2 0 36 3613 3367 3615 3618
3898 3 2 0 36 3618 3615 3310 3616
3899 3 2 0 36 3617 3618 3616 3368
3900 3 2 0 36 3356 3610 3620 3569
3901 3 2 0 36 3610 3369 3617 3620
3902 3 2 0 36 3620 3617 3368 3619
3903 3 2 0 36 3569 3620 3619 3307
3904 3 2 0 36 3307 3619 3623 3578
3905 3 2 0 36 3619 3368 3621 3623
3906 3 2 0 36 3623 3621 3371 3622
3907 3 2 0 36 3578 3623 3622 3359
3908 3 2 0 36 3368 3616 3626 3621
3909 3 2 0 36 3616 3310 3624 3626
3910 3 2 0 36 3626 3624 3370 3625
3911 3 2 0 36 3621 3626 3625 3371
3912 3 2 0 36 3371 3625 3629 3628
3913 3 2 0 36 3625 3370 3627 3629
3914 3 2 0 36 3629 3627 404 389
3915 3 2 0 36 3628 3629 389 405
3916 3 2 0 36 3359 3622 3630 3581
3917 3 2 0 36 3622 3371 3628 3630
3918 3 2 0 36 3630 3628 405 390
3919 3 2 0 36 3581 3630 390 406
3920 3 2 0 36 342 326 3633 3588
3921 3 2 0 36 326 341 3631 3633
3922 3 2 0 36 3633 3631 3374 3632
3923 3 2 0 36 3588 3633 3632 3361
3924 3 2 0 36 341 325 3636 3631
3925 3 2 0 36 325 340 3634 3636
3926 3 2 0 36 3636 3634 3372 3635
3927 3 2 0 36 3631 3636 3635 3374
3928 3 2 0 36 3374 3635 3640 3639
3929 3 2 0 36 3635 3372 3637 3640
3930 3 2 0 36 3640 3637 3311 3638
3931 3 2 0 36 3639 3640 3638 3373
3932 3 2 0 36 3361 3632 3642 3591
3933 3 2 0 36 3632 3374 3639 3642
3934 3 2 0 36 3642 3639 3373 3641
3935 3 2 0 36 3591 3642 3641 3308
3936 3 2 0 36 3308 3641 3645 3600
3937 3 2 0 36 3641 3373 3643 3645
3938 3 2 0 36 3645 3643 3377 3644
3939 3 2 0 36 3600 3645 3644 3364
3940 3 2 0 36 3373 3638 3648 3643
3941 3 2 0 36 3638 3311 3646 3648
3942 3 2 0 36 3648 3646 3375 3647
3943 3 2 0 36 3643 3648 3647 3377
3944 3 2 0 36 3377 3647 3652 3651
3945 3 2 0 36 3647 3375 3649 3652
3946 3 2 0 36 3652 3649 3312 3650
3947 3 2 0 36 3651 3652 3650 3376
3948 3 2 0 36 3364 3644 3654 3603
3949 3 2 0 36 3644 3377 3651 3654
3950 3 2 0 36 3654 3651 3376 3653
3951 3 2 0 36 3603 3654 3653 3309
3952 3 2 0 36 3309 3653 3657 3612
3953 3 2 0 36 3653 3376 3655 3657
3954 3 2 0 36 3657 3655 3380 3656
3955 3 2 0 36 3612 3657 3656 3367
3956 3 2 0 36 3376 3650 3660 3655
3957 3 2 0 36 3650 3312 3658 3660
3958 3 2 0 36 3660 3658 3378 3659
3959 3 2 0 36 3655 3660 3659 3380
3960 3 2 0 36 3380 3659 3664 3663
3961 3 2 0 36 3659 3378 3661 3664
3962 3 2 0 36 3664 3661 3313 3662
3963 3 2 0 36 3663 3664 3662 3379
3964 3 2 0 36 3367 3656 3666 3615
3965 3 2 0 36 3656 3380 3663 3666
3966 3 2 0 36 3666 3663 3379 3665
3967 3 2 0 36 3615 3666 3665 3310
3968 3 2 0 36 3310 3665 3669 3624
3969 3 2 0 36 3665 3379 3667 3669
3970 3 2 0 36 3669 3667 3382 3668
3971 3 2 0 36 3624 3669 3668 3370
3972 3 2 0 36 3379 3662 3672 3667
3973 3 2 0 36 3662 3313 3670 3672
3974 3 2 0 36 3672 3670 3381 3671
3975 3 2 0 36 3667 3672 3671 3382
3976 3 2 0 36 3382 3671 3675 3674
3977 3 2 0 36 3671 3381 3673 3675
3978 3 2 0 36 3675 3673 402 387
3979 3 2 0 36 3674 3675 387 403
3980 3 2 0 36 3370 3668 3676 3627
3981 3 2 0 36 3668 3382 3674 3676
3982 3 2 0 36 3676 3674 403 388
3983 3 2 0 36 3627 3676 388 404
3984 3 2 0 36 340 324 3679 3634
3985 3 2 0 36 324 339 3677 3679
3986 3 2 0 36 3679 3677 3385 3678
3987 3 2 0 36 3634 3679 3678 3372
3988 3 2 0 36 339 323 3682 3677
3989 3 2 0 36 323 338 3680 3682
3990 3 2 0 36 3682 3680 3383 3681
3991 3 2 0 36 3677 3682 3681 3385
3992 3 2 0 36 3385 3681 3686 3685
3993 3 2 0 36 3681 3383 3683 3686
3994 3 2 0 36 3686 3683 3314 3684
3995 3 2 0 36 3685 3686 3684 3384
3996 3 2 0 36 3372 3678 3688 3637
3997 3 2 0 36 3678 3385 3685 3688
3998 3 2 0 36 3688 3685 3384 3687
3999 3 2 0 36 3637 3688 3687 3311
4000 3 2 0 36 3311 3687 3691 3646
4001 3 2 0 36 3687 3384 3689 3691
4002 3 2 0 36 3691 3689 3388 3690
4003 3 2 0 36 3646 3691 3690 3375
4004 3 2 0 36 3384 3684 3694 3689
4005 3 2 0 36 3684 3314 3692 3694
4006 3 2 0 36 3694 3692 3386 3693
4007 3 2 0 36 3689 3694 3693 3388
4008 3 2 0 36 3388 3693 3698 3697
4009 3 2 0 36 3693 3386 3695 3698
4010 3 2 0 36 3698 3695 3315 3696
4011 3 2 0 36 3697 3698 3696 3387
4012 3 2 0 36 3375 3690 3700 3649
4013 3 2 0 36 3690 3388 3697 3700
4014 3 2 0 36 3700 3697 3387 3699
4015 3 2 0 36 3649 3700 3699 3312
4016 3 2 0 36 3312 3699 3703 3658
4017 3 2 0 36 3699 3387 3701 3703
4018 3 2 0 36 3703 3701 3391 3702
4019 3 2 0 36 3658 3703 3702 3378
4020 3 2 0 36 3387 3696 3706 3701
4021 3 2 0 36 3696 3315 3704 3706
4022 3 2 0 36 3706 3704 3389 3705
4023 3 2 0 36 3701 3706 3705 3391
4024 3 2 0 36 3391 3705 3710 3709
4025 3 2 0 36 3705 3389 3707 3710
4026 3 2 0 36 3710 3707 3316 3708
4027 3 2 0 36 3709 3710 3708 3390
4028 3 2 0 36 3378 3702 3712 3661
4029 3 2 0 36 3702 3391 3709 3712
4030 3 2 0 36 3712 3709 3390 3711
4031 3 2 0 36 3661 3712 3711 3313
4032 3 2 0 36 3313 3711 3715 3670
4033 3 2 0 36 3711 3390 3713 3715
4034 3 2 0 36 3715 3713 3393 3714
4035 3 2 0 36 3670 3715 3714 3381
4036 3 2 0 36 3390 3708 3718 3713
4037 3 2 0 36 3708 3316 3716 3718
4038 3 2 0 36 3718 3716 3392 3717
4039 3 2 0 36 3713 3718 3717 3393
4040 3 2 0 36 3393 3717 3721 3720
4041 3 2 0 36 3717 3392 3719 3721
4042 3 2 0 36 3721 3719 400 385
4043 3 2 0 36 3720 3721 385 401
4044 3 2 0 36 3381 3714 3722 3673
4045 3 2 0 36 3714 3393 3720 3722
4046 3 2 0 36 3722 3720 401 386
4047 3 2 0 36 3673 3722 386 402
4048 3 2 0 36 338 322 3725 3680
4049 3 2 0 36 322 337 3723 3725
4050 3 2 0 36 3725 3723 3395 3724
4051 3 2 0 36 3680 3725 3724 3383
4052 3 2 0 36 337 321 3727 3723
4053 3 2 0 36 321 14 304 3727
4054 3 2 0 36 3727 304 296 3726
4055 3 2 0 36 3723 3727 3726 3395
4056 3 2 0 36 3395 3726 3730 3729
4057 3 2 0 36 3726 296 303 3730
4058 3 2 0 36 3730 303 295 3728
4059 3 2 0 36 3729 3730 3728 3394
4060 3 2 0 36 3383 3724 3732 3683
4061 3 2 0 36 3724 3395 3729 3732
4062 3 2 0 36 3732 3729 3394 3731
4063 3 2 0 36 3683 3732 3731 3314
4064 3 2 0 36 3314 3731 3735 3692
4065 3 2 0 36 3731 3394 3733 3735
4066 3 2 0 36 3735 3733 3397 3734
4067 3 2 0 36 3692 3735 3734 3386
4068 3 2 0 36 3394 3728 3737 3733
4069 3 2 0 36 3728 295 302 3737
4070 3 2 0 36 3737 302 294 3736
4071 3 2 0 36 3733 3737 3736 3397
4072 3 2 0 36 3397 3736 3740 3739
4073 3 2 0 36 3736 294 301 3740
4074 3 2 0 36 3740 301 293 3738
4075 3 2 0 36 3739 3740 3738 3396
4076 3 2 0 36 3386 3734 3742 3695
4077 3 2 0 36 3734 3397 3739 3742
4078 3 2 0 36 3742 3739 3396 3741
4079 3 2 0 36 3695 3742 3741 3315
4080 3 2 0 36 3315 3741 3745 3704
4081 3 2 0 36 3741 3396 3743 3745
4082 3 2 0 36 3745 3743 3399 3744
4083 3 2 0 36 3704 3745 3744 3389
4084 3 2 0 36 3396 3738 3747 3743
4085 3 2 0 36 3738 293 300 3747
4086 3 2 0 36 3747 300 292 3746
4087 3 2 0 36 3743 3747 3746 3399
4088 3 2 0 36 3399 3746 3750 3749
4089 3 2 0 36 3746 292 299 3750
4090 3 2 0 36 3750 299 291 3748
4091 3 2 0 36 3749 3750 3748 3398
4092 3 2 0 36 3389 3744 3752 3707
4093 3 2 0 36 3744 3399 3749 3752
4094 3 2 0 36 3752 3749 3398 3751
4095 3 2 0 36 3707 3752 3751 3316
4096 3 2 0 36 3316 3751 3755 3716
4097 3 2 0 36 3751 3398 3753 3755
4098 3 2 0 36 3755 3753 3400 3754
4099 3 2 0 36 3716 3755 3754 3392
4100 3 2 0 36 3398 3748 3757 3753
4101 3 2 0 36 3748 291 298 3757
4102 3 2 0 36 3757 298 290 3756
4103 3 2 0 36 3753 3757 3756 3400
4104 3 2 0 36 3400 3756 3759 3758
4105 3 2 0 36 3756 290 297 3759
4106 3 2 0 36 3759 297 13 383
4107 3 2 0 36 3758 3759 383 399
4108 3 2 0 36 3392 3754 3760 3719
4109 3 2 0 36 3754 3400 3758 3760
4110 3 2 0 36 3760 3758 399 384
4111 3 2 0 36 3719 3760 384 400
4112 3 2 0 38 11 237 3868 382
4113 3 2 0 38 237 230 3866 3868
4114 3 2 0 38 3868 3866 3784 3867
4115 3 2 0 38 382 3868 3867 398
4116 3 2 0 38 230 238 3871 3866
4117 3 2 0 38 238 231 3869 3871
4118 3 2 0 38 3871 3869 3782 3870
4119 3 2 0 38 3866 3871 3870 3784
4120 3 2 0 38 3784 3870 3875 3874
4121 3 2 0 38 3870 3782 3872 3875
4122 3 2 0 38 3875 3872 3761 3873
4123 3 2 0 38 3874 3875 3873 3783
4124 3 2 0 38 398 3867 3877 397
4125 3 2 0 38 3867 3784 3874 3877
4126 3 2 0 38 3877 3874 3783 3876
4127 3 2 0 38 397 3877 3876 412
4128 3 2 0 38 412 3876 3880 396
4129 3 2 0 38 3876 3783 3878 3880
4130 3 2 0 38 3880 3878 3787 3879
4131 3 2 0 38 396 3880 3879 411
4132 3 2 0 38 3783 3873 3883 3878
4133 3 2 0 38 3873 3761 3881 3883
4134 3 2 0 38 3883 3881 3785 3882
4135 3 2 0 38 3878 3883 3882 3787
4136 3 2 0 38 3787 3882 3887 3886
4137 3 2 0 38 3882 3785 3884 3887
4138 3 2 0 38 3887 3884 3762 3885
4139 3 2 0 38 3886 3887 3885 3786
4140 3 2 0 38 411 3879 3889 395
4141 3 2 0 38 3879 3787 3886 3889
4142 3 2 0 38 3889 3886 3786 3888
4143 3 2 0 38 395 3889 3888 410
4144 3 2 0 38 410 3888 3892 394
4145 3 2 0 38 3888 3786 3890 3892
4146 3 2 0 38 3892 3890 3790 3891
4147 3 2 0 38 394 3892 3891 409
4148 3 2 0 38 3786 3885 3895 3890
4149 3 2 0 38 3885 3762 3893 3895
4150 3 2 0 38 3895 3893 3788 3894
4151 3 2 0 38 3890 3895 3894 3790
4152 3 2 0 38 3790 3894 3899 3898
4153 3 2 0 38 3894 3788 3896 3899
4154 3 2 0 38 3899 3896 3763 3897
4155 3 2 0 38 3898 3899 3897 3789
4156 3 2 0 38 409 3891 3901 393
4157 3 2 0 38 3891 3790 3898 3901
4158 3 2 0 38 3901 3898 3789 3900
4159 3 2 0 38 393 3901 3900 408
4160 3 2 0 38 408 3900 3904 392
4161 3 2 0 38 3900 3789 3902 3904
4162 3 2 0 38 3904 3902 3793 3903
4163 3 2 0 38 392 3904 3903 407
4164 3 2 0 38 3789 3897 3907 3902
4165 3 2 0 38 3897 3763 3905 3907
4166 3 2 0 38 3907 3905 3791 3906
4167 3 2 0 38 3902 3907 3906 3793
4168 3 2 0 38 3793 3906 3911 3910
4169 3 2 0 38 3906 3791 3908 3911
4170 3 2 0 38 3911 3908 3764 3909
4171 3 2 0 38 3910 3911 3909 3792
4172 3 2 0 38 407 3903 3913 391
4173 3 2 0 38 3903 3793 3910 3913
4174 3 2 0 38 3913 3910 3792 3912
4175 3 2 0 38 391 3913 3912 406
4176 3 2 0 38 406 3912 3916 390
4177 3 2 0 38 3912 3792 3914 3916
4178 3 2 0 38 3916 3914 3796 3915
4179 3 2 0 38 390 3916 3915 405
4180 3 2 0 38 3792 3909 3919 3914
4181 3 2 0 38 3909 3764 3917 3919
4182 3 2 0 38 3919 3917 3794 3918
4183 3 2 0 38 3914 3919 3918 3796
4184 3 2 0 38 3796 3918 3923 3922
4185 3 2 0 38 3918 3794 3920 3923
4186 3 2 0 38 3923 3920 3765 3921
4187 3 2 0 38 3922 3923 3921 3795
4188 3 2 0 38 405 3915 3925 389
4189 3 2 0 38 3915 3796 3922 3925
4190 3 2 0 38 3925 3922 3795 3924
4191 3 2 0 38 389 3925 3924 404
4192 3 2 0 38 404 3924 3928 388
4193 3 2 0 38 3924 3795 3926 3928
4194 3 2 0 38 3928 3926 3799 3927
4195 3 2 0 38 388 3928 3927 403
4196 3 2 0 38 3795 3921 3931 3926
4197 3 2 0 38 3921 3765 3929 3931
4198 3 2 0 38 3931 3929 3797 3930
4199 3 2 0 38 3926 3931 3930 3799
4200 3 2 0 38 3799 3930 3935 3934
4201 3 2 0 38 3930 3797 3932 3935
4202 3 2 0 38 3935 3932 3766 3933
4203 3 2 0 38 3934 3935 3933 3798
4204 3 2 0 38 403 3927 3937 387
4205 3 2 0 38 3927 3799 3934 3937
4206 3 2 0 38 3937 3934 3798 3936
4207 3 2 0 38 387 3937 3936 402
4208 3 2 0 38 402 3936 3940 386
4209 3 2 0 38 3936 3798 3938 3940
4210 3 2 0 38 3940 3938 3802 3939
4211 3 2 0 38 386 3940 3939 401
4212 3 2 0 38 3798 3933 3943 3938
4213 3 2 0 38 3933 3766 3941 3943
4214 3 2 0 38 3943 3941 3800 3942
4215 3 2 0 38 3938 3943 3942 3802
4216 3 2 0 38 3802 3942 3947 3946
4217 3 2 0 38 3942 3800 3944 3947
4218 3 2 0 38 3947 3944 3767 3945
4219 3 2 0 38 3946 3947 3945 3801
4220 3 2 0 38 401 3939 3949 385
4221 3 2 0 38 3939 3802 3946 3949
4222 3 2 0 38 3949 3946 3801 3948
4223 3 2 0 38 385 3949 3948 400
4224 3 2 0 38 400 3948 3952 384
4225 3 2 0 38 3948 3801 3950 3952
4226 3 2 0 38 3952 3950 3804 3951
4227 3 2 0 38 384 3952 3951 399
4228 3 2 0 38 3801 3945 3955 3950
4229 3 2 0 38 3945 3767 3953 3955
4230 3 2 0 38 3955 3953 3803 3954
4231 3 2 0 38 3950 3955 3954 3804
4232 3 2 0 38 3804 3954 3958 3957
4233 3 2 0 38 3954 3803 3956 3958
4234 3 2 0 38 3958 3956 280 288
4235 3 2 0 38 3957 3958 288 281
4236 3 2 0 38 399 3951 3959 383
4237 3 2 0 38 3951 3804 3957 3959
4238 3 2 0 38 3959 3957 281 289
4239 3 2 0 38 383 3959 289 13
4240 3 2 0 38 231 239 3962 3869
4241 3 2 0 38 239 232 3960 3962
4242 3 2 0 38 3962 3960 3807 3961
4243 3 2 0 38 3869 3962 3961 3782
4244 3 2 0 38 232 240 3965 3960
4245 3 2 0 38 240 233 3963 3965
4246 3 2 0 38 3965 3963 3805 3964
4247 3 2 0 38 3960 3965 3964 3807
4248 3 2 0 38 3807 3964 3969 3968
4249 3 2 0 38 3964 3805 3966 3969
4250 3 2 0 38 3969 3966 3768 3967
4251 3 2 0 38 3968 3969 3967 3806
4252 3 2 0 38 3782 3961 3971 3872
4253 3 2 0 38 3961 3807 3968 3971
4254 3 2 0 38 3971 3968 3806 3970
4255 3 2 0 38 3872 3971 3970 3761
4256 3 2 0 38 3761 3970 3974 3881
4257 3 2 0 38 3970 3806 3972 3974
4258 3 2 0 38 3974 3972 3810 3973
4259 3 2 0 38 3881 3974 3973 3785
4260 3 2 0 38 3806 3967 3977 3972
4261 3 2 0 38 3967 3768 3975 3977
4262 3 2 0 38 3977 3975 3808 3976
4263 3 2 0 38 3972 3977 3976 3810
4264 3 2 0 38 3810 3976 3981 3980
4265 3 2 0 38 3976 3808 3978 3981
4266 3 2 0 38 3981 3978 3769 3979
4267 3 2 0 38 3980 3981 3979 3809
4268 3 2 0 38 3785 3973 3983 3884
4269 3 2 0 38 3973 3810 3980 3983
4270 3 2 0 38 3983 3980 3809 3982
4271 3 2 0 38 3884 3983 3982 3762
4272 3 2 0 38 3762 3982 3986 3893
4273 3 2 0 38 3982 3809 3984 3986
4274 3 2 0 38 3986 3984 3813 3985
4275 3 2 0 38 3893 3986 3985 3788
4276 3 2 0 38 3809 3979 3989 3984
4277 3 2 0 38 3979 3769 3987 3989
4278 3 2 0 38 3989 3987 3811 3988
4279 3 2 0 38 3984 3989 3988 3813
4280 3 2 0 38 3813 3988 3993 3992
4281 3 2 0 38 3988 3811 3990 3993
4282 3 2 0 38 3993 3990 3770 3991
4283 3 2 0 38 3992 3993 3991 3812
4284 3 2 0 38 3788 3985 3995 3896
4285 3 2 0 38 3985 3813 3992 3995
4286 3 2 0 38 3995 3992 3812 3994
4287 3 2 0 38 3896 3995 3994 3763
4288 3 2 0 38 3763 3994 3998 3905
4289 3 2 0 38 3994 3812 3996 3998
4290 3 2 0 38 3998 3996 3816 3997
4291 3 2 0 38 3905 3998 3997 3791
4292 3 2 0 38 3812 3991 4001 3996
4293 3 2 0 38 3991 3770 3999 4001
4294 3 2 0 38 4001 3999 3814 4000
4295 3 2 0 38 3996 4001 4000 3816
4296 3 2 0 38 3816 4000 4005 4004
4297 3 2 0 38 4000 3814 4002 4005
4298 3 2 0 38 4005 4002 3771 4003
4299 3 2 0 38 4004 4005 4003 3815
4300 3 2 0 38 3791 3997 4007 3908
4301 3 2 0 38 3997 3816 4004 4007
4302 3 2 0 38 4007 4004 3815 4006
4303 3 2 0 38 3908 4007 4006 3764
4304 3 2 0 38 3764 4006 4010 3917
4305 3 2 0 38 4006 3815 4008 4010
4306 3 2 0 38 4010 4008 3819 4009
4307 3 2 0 38 3917 4010 4009 3794
4308 3 2 0 38 3815 4003 4013 4008
4309 3 2 0 38 4003 3771 4011 4013
4310 3 2 0 38 4013 4011 3817 4012
4311 3 2 0 38 4008 4013 4012 3819
4312 3 2 0 38 3819 4012 4017 4016
4313 3 2 0 38 4012 3817 4014 4017
4314 3 2 0 38 4017 4014 3772 4015
4315 3 2 0 38 4016 4017 4015 3818
4316 3 2 0 38 3794 4009 4019 3920
4317 3 2 0 38 4009 3819 4016 4019
4318 3 2 0 38 4019 4016 3818 4018
4319 3 2 0 38 3920 4019 4018 3765
4320 3 2 0 38 3765 4018 4022 3929
4321 3 2 0 38 4018 3818 4020 4022
4322 3 2 0 38 4022 4020 3822 4021
4323 3 2 0 38 3929 4022 4021 3797
4324 3 2 0 38 3818 4015 4025 4020
4325 3 2 0 38 4015 3772 4023 4025
4326 3 2 0 38 4025 4023 3820 4024
4327 3 2 0 38 4020 4025 4024 3822
4328 3 2 0 38 3822 4024 4029 4028
4329 3 2 0 38 4024 3820 4026 4029
4330 3 2 0 38 4029 4026 3773 4027
4331 3 2 0 38 4028 4029 4027 3821
4332 3 2 0 38 3797 4021 4031 3932
4333 3 2 0 38 4021 3822 4028 4031
4334 3 2 0 38 4031 4028 3821 4030
4335 3 2 0 38 3932 4031 4030 3766
4336 3 2 0 38 3766 4030 4034 3941
4337 3 2 0 38 4030 3821 4032 4034
4338 3 2 0 38 4034 4032 3825 4033
4339 3 2 0 38 3941 4034 4033 3800
4340 3 2 0 38 3821 4027 4037 4032
4341 3 2 0 38 4027 3773 4035 4037
4342 3 2 0 38 4037 4035 3823 4036
4343 3 2 0 38 4032 4037 4036 3825
4344 3 2 0 38 3825 4036 4041 4040
4345 3 2 0 38 4036 3823 4038 4041
4346 3 2 0 38 4041 4038 3774 4039
4347 3 2 0 38 4040 4041 4039 3824
4348 3 2 0 38 3800 4033 4043 3944
4349 3 2 0 38 4033 3825 4040 4043
4350 3 2 0 38 4043 4040 3824 4042
4351 3 2 0 38 3944 4043 4042 3767
4352 3 2 0 38 3767 4042 4046 3953
4353 3 2 0 38 4042 3824 4044 4046
4354 3 2 0 38 4046 4044 3827 4045
4355 3 2 0 38 3953 4046 4045 3803
4356 3 2 0 38 3824 4039 4049 4044
4357 3 2 0 38 4039 3774 4047 4049
4358 3 2 0 38 4049 4047 3826 4048
4359 3 2 0 38 4044 4049 4048 3827
4360 3 2 0 38 3827 4048 4052 4051
4361 3 2 0 38 4048 3826 4050 4052
4362 3 2 0 38 4052 4050 278 286
4363 3 2 0 38 4051 4052 286 279
4364 3 2 0 38 3803 4045 4053 3956
4365 3 2 0 38 4045 3827 4051 4053
4366 3 2 0 38 4053 4051 279 287
4367 3 2 0 38 3956 4053 287 280
4368 3 2 0 38 233 241 4056 3963
4369 3 2 0 38 241 234 4054 4056
4370 3 2 0 38 4056 4054 3830 4055
4371 3 2 0 38 3963 4056 4055 3805
4372 3 2 0 38 234 242 4059 4054
4373 3 2 0 38 242 235 4057 4059
4374 3 2 0 38 4059 4057 3828 4058
4375 3 2 0 38 4054 4059 4058 3830
4376 3 2 0 38 3830 4058 4063 4062
4377 3 2 0 38 4058 3828 4060 4063
4378 3 2 0 38 4063 4060 3775 4061
4379 3 2 0 38 4062 4063 4061 3829
4380 3 2 0 38 3805 4055 4065 3966
4381 3 2 0 38 4055 3830 4062 4065
4382 3 2 0 38 4065 4062 3829 4064
4383 3 2 0 38 3966 4065 4064 3768
4384 3 2 0 38 3768 4064 4068 3975
4385 3 2 0 38 4064 3829 4066 4068
4386 3 2 0 38 4068 4066 3833 4067
4387 3 2 0 38 3975 4068 4067 3808
4388 3 2 0 38 3829 4061 4071 4066
4389 3 2 0 38 4061 3775 4069 4071
4390 3 2 0 38 4071 4069 3831 4070
4391 3 2 0 38 4066 4071 4070 3833
4392 3 2 0 38 3833 4070 4075 4074
4393 3 2 0 38 4070 3831 4072 4075
4394 3 2 0 38 4075 4072 3776 4073
4395 3 2 0 38 4074 4075 4073 3832
4396 3 2 0 38 3808 4067 4077 3978
4397 3 2 0 38 4067 3833 4074 4077
4398 3 2 0 38 4077 4074 3832 4076
4399 3 2 0 38 3978 4077 4076 3769
4400 3 2 0 38 3769 4076 4080 3987
4401 3 2 0 38 4076 3832 4078 4080
4402 3 2 0 38 4080 4078 3836 4079
4403 3 2 0 38 3987 4080 4079 3811
4404 3 2 0 38 3832 4073 4083 4078
4405 3 2 0 38 4073 3776 4081 4083
4406 3 2 0 38 4083 4081 3834 4082
4407 3 2 0 38 4078 4083 4082 3836
4408 3 2 0 38 3836 4082 4087 4086
4409 3 2 0 38 4082 3834 4084 4087
4410 3 2 0 38 4087 4084 3777 4085
4411 3 2 0 38 4086 4087 4085 3835
4412 3 2 0 38 3811 4079 4089 3990
4413 3 2 0 38 4079 3836 4086 4089
4414 3 2 0 38 4089 4086 3835 4088
4415 3 2 0 38 3990 4089 4088 3770
4416 3 2 0 38 3770 4088 4092 3999
4417 3 2 0 38 4088 3835 4090 4092
4418 3 2 0 38 4092 4090 3839 4091
4419 3 2 0 38 3999 4092 4091 3814
4420 3 2 0 38 3835 4085 4095 4090
4421 3 2 0 38 4085 3777 4093 4095
4422 3 2 0 38 4095 4093 3837 4094
4423 3 2 0 38 4090 4095 4094 3839
4424 3 2 0 38 3839 4094 4099 4098
4425 3 2 0 38 4094 3837 4096 4099
4426 3 2 0 38 4099 4096 3778 4097
4427 3 2 0 38 4098 4099 4097 3838
4428 3 2 0 38 3814 4091 4101 4002
4429 3 2 0 38 4091 3839 4098 4101
4430 3 2 0 38 4101 4098 3838 4100
4431 3 2 0 38 4002 4101 4100 3771
4432 3 2 0 38 3771 4100 4104 4011
4433 3 2 0 38 4100 3838 4102 4104
4434 3 2 0 38 4104 4102 3842 4103
4435 3 2 0 38 4011 4104 4103 3817
4436 3 2 0 38 3838 4097 4107 4102
4437 3 2 0 38 4097 3778 4105 4107
4438 3 2 0 38 4107 4105 3840 4106
4439 3 2 0 38 4102 4107 4106 3842
4440 3 2 0 38 3842 4106 4111 4110
4441 3 2 0 38 4106 3840 4108 4111
4442 3 2 0 38 4111 4108 3779 4109
4443 3 2 0 38 4110 4111 4109 3841
4444 3 2 0 38 3817 4103 4113 4014
4445 3 2 0 38 4103 3842 4110 4113
4446 3 2 0 38 4113 4110 3841 4112
4447 3 2 0 38 4014 4113 4112 3772
4448 3 2 0 38 3772 4112 4116 4023
4449 3 2 0 38 4112 3841 4114 4116
4450 3 2 0 38 4116 4114 3845 4115
4451 3 2 0 38 4023 4116 4115 3820
4452 3 2 0 38 3841 4109 4119 4114
4453 3 2 0 38 4109 3779 4117 4119
4454 3 2 0 38 4119 4117 3843 4118
4455 3 2 0 38 4114 4119 4118 3845
4456 3 2 0 38 3845 4118 4123 4122
4457 3 2 0 38 4118 3843 4120 4123
4458 3 2 0 38 4123 4120 3780 4121
4459 3 2 0 38 4122 4123 4121 3844
4460 3 2 0 38 3820 4115 4125 4026
4461 3 2 0 38 4115 3845 4122 4125
4462 3 2 0 38 4125 4122 3844 4124
4463 3 2 0 38 4026 4125 4124 3773
4464 3 2 0 38 3773 4124 4128 4035
4465 3 2 0 38 4124 3844 4126 4128
4466 3 2 0 38 4128 4126 3848 4127
4467 3 2 0 38 4035 4128 4127 3823
4468 3 2 0 38 3844 4121 4131 4126
4469 3 2 0 38 4121 3780 4129 4131
4470 3 2 0 38 4131 4129 3846 4130
4471 3 2 0 38 4126 4131 4130 3848
4472 3 2 0 38 3848 4130 4135 4134
4473 3 2 0 38 4130 3846 4132 4135
4474 3 2 0 38 4135 4132 3781 4133
4475 3 2 0 38 4134 4135 4133 3847
4476 3 2 0 38 3823 4127 4137 4038
4477 3 2 0 38 4127 3848 4134 4137
4478 3 2 0 38 4137 4134 3847 4136
4479 3 2 0 38 4038 4137 4136 3774
4480 3 2 0 38 3774 4136 4140 4047
4481 3 2 0 38 4136 3847 4138 4140
4482 3 2 0 38 4140 4138 3850 4139
4483 3 2 0 38 4047 4140 4139 3826
4484 3 2 0 38 3847 4133 4143 4138
4485 3 2 0 38 4133 3781 4141 4143
4486 3 2 0 38 4143 4141 3849 4142
4487 3 2 0 38 4138 4143 4142 3850
4488 3 2 0 38 3850 4142 4146 4145
4489 3 2 0 38 4142 3849 4144 4146
4490 3 2 0 38 4146 4144 276 284
4491 3 2 0 38 4145 4146 284 277
4492 3 2 0 38 3826 4139 4147 4050
4493 3 2 0 38 4139 3850 4145 4147
4494 3 2 0 38 4147 4145 277 285
4495 3 2 0 38 4050 4147 285 278
4496 3 2 0 38 235 243 4150 4057
4497 3 2 0 38 243 236 4148 4150
4498 3 2 0 38 4150 4148 3852 4149
4499 3 2 0 38 4057 4150 4149 3828
4500 3 2 0 38 236 244 4152 4148
4501 3 2 0 38 244 12 444 4152
4502 3 2 0 38 4152 444 460 4151
4503 3 2 0 38 4148 4152 4151 3852
4504 3 2 0 38 3852 4151 4155 4154
4505 3 2 0 38 4151 460 459 4155
4506 3 2 0 38 4155 459 474 4153
4507 3 2 0 38 4154 4155 4153 3851
4508 3 2 0 38 3828 4149 4157 4060
4509 3 2 0 38 4149 3852 4154 4157
4510 3 2 0 38 4157 4154 3851 4156
4511 3 2 0 38 4060 4157 4156 3775
4512 3 2 0 38 3775 4156 4160 4069
4513 3 2 0 38 4156 3851 4158 4160
4514 3 2 0 38 4160 4158 3854 4159
4515 3 2 0 38 4069 4160 4159 3831
4516 3 2 0 38 3851 4153 4162 4158
4517 3 2 0 38 4153 474 458 4162
4518 3 2 0 38 4162 458 473 4161
4519 3 2 0 38 4158 4162 4161 3854
4520 3 2 0 38 3854 4161 4165 4164
4521 3 2 0 38 4161 473 457 4165
4522 3 2 0 38 4165 457 472 4163
4523 3 2 0 38 4164 4165 4163 3853
4524 3 2 0 38 3831 4159 4167 4072
4525 3 2 0 38 4159 3854 4164 4167
4526 3 2 0 38 4167 4164 3853 4166
4527 3 2 0 38 4072 4167 4166 3776
4528 3 2 0 38 3776 4166 4170 4081
4529 3 2 0 38 4166 3853 4168 4170
4530 3 2 0 38 4170 4168 3856 4169
4531 3 2 0 38 4081 4170 4169 3834
4532 3 2 0 38 3853 4163 4172 4168
4533 3 2 0 38 4163 472 456 4172
4534 3 2 0 38 4172 456 471 4171
4535 3 2 0 38 4168 4172 4171 3856
4536 3 2 0 38 3856 4171 4175 4174
4537 3 2 0 38 4171 471 455 4175
4538 3 2 0 38 4175 455 470 4173
4539 3 2 0 38 4174 4175 4173 3855
4540 3 2 0 38 3834 4169 4177 4084
4541 3 2 0 38 4169 3856 4174 4177
4542 3 2 0 38 4177 4174 3855 4176
4543 3 2 0 38 4084 4177 4176 3777
4544 3 2 0 38 3777 4176 4180 4093
4545 3 2 0 38 4176 3855 4178 4180
4546 3 2 0 38 4180 4178 3858 4179
4547 3 2 0 38 4093 4180 4179 3837
4548 3 2 0 38 3855 4173 4182 4178
4549 3 2 0 38 4173 470 454 4182
4550 3 2 0 38 4182 454 469 4181
4551 3 2 0 38 4178 4182 4181 3858
4552 3 2 0 38 3858 4181 4185 4184
4553 3 2 0 38 4181 469 453 4185
4554 3 2 0 38 4185 453 468 4183
4555 3 2 0 38 4184 4185 4183 3857
4556 3 2 0 38 3837 4179 4187 4096
4557 3 2 0 38 4179 3858 4184 4187
4558 3 2 0 38 4187 4184 3857 4186
4559 3 2 0 38 4096 4187 4186 3778
4560 3 2 0 38 3778 4186 4190 4105
4561 3 2 0 38 4186 3857 4188 4190
4562 3 2 0 38 4190 4188 3860 4189
4563 3 2 0 38 4105 4190 4189 3840
4564 3 2 0 38 3857 4183 4192 4188
4565 3 2 0 38 4183 468 452 4192
4566 3 2 0 38 4192 452 467 4191
4567 3 2 0 38 4188 4192 4191 3860
4568 3 2 0 38 3860 4191 4195 4194
4569 3 2 0 38 4191 467 451 4195
4570 3 2 0 38 4195 451 466 4193
4571 3 2 0 38 4194 4195 4193 3859
4572 3 2 0 38 3840 4189 4197 4108
4573 3 2 0 38 4189 3860 4194 4197
4574 3 2 0 38 4197 4194 3859 4196
4575 3 2 0 38 4108 4197 4196 3779
4576 3 2 0 38 3779 4196 4200 4117
4577 3 2 0 38 4196 3859 4198 4200
4578 3 2 0 38 4200 4198 3862 4199
4579 3 2 0 38 4117 4200 4199 3843
4580 3 2 0 38 3859 4193 4202 4198
4581 3 2 0 38 4193 466 450 4202
4582 3 2 0 38 4202 450 465 4201
4583 3 2 0 38 4198 4202 4201 3862
4584 3 2 0 38 3862 4201 4205 4204
4585 3 2 0 38 4201 465 449 4205
4586 3 2 0 38 4205 449 464 4203
4587 3 2 0 38 4204 4205 4203 3861
4588 3 2 0 38 3843 4199 4207 4120
4589 3 2 0 38 4199 3862 4204 4207
4590 3 2 0 38 4207 4204 3861 4206
4591 3 2 0 38 4120 4207 4206 3780
4592 3 2 0 38 3780 4206 4210 4129
4593 3 2 0 38 4206 3861 4208 4210
4594 3 2 0 38 4210 4208 3864 4209
4595 3 2 0 38 4129 4210 4209 3846
4596 3 2 0 38 3861 4203 4212 4208
4597 3 2 0 38 4203 464 448 4212
4598 3 2 0 38 4212 448 463 4211
4599 3 2 0 38 4208 4212 4211 3864
4600 3 2 0 38 3864 4211 4215 4214
4601 3 2 0 38 4211 463 447 4215
4602 3 2 0 38 4215 447 462 4213
4603 3 2 0 38 4214 4215 4213 3863
4604 3 2 0 38 3846 4209 4217 4132
4605 3 2 0 38 4209 3864 4214 4217
4606 3 2 0 38 4217 4214 3863 4216
4607 3 2 0 38 4132 4217 4216 3781
4608 3 2 0 38 3781 4216 4220 4141
4609 3 2 0 38 4216 3863 4218 4220
4610 3 2 0 38 4220 4218 3865 4219
4611 3 2 0 38 4141 4220 4219 3849
4612 3 2 0 38 3863 4213 4222 4218
4613 3 2 0 38 4213 462 446 4222
4614 3 2 0 38 4222 446 461 4221
4615 3 2 0 38 4218 4222 4221 3865
4616 3 2 0 38 3865 4221 4224 4223
4617 3 2 0 38 4221 461 445 4224
4618 3 2 0 38 4224 445 15 282
4619 3 2 0 38 4223 4224 282 275
4620 3 2 0 38 3849 4219 4225 4144
4621 3 2 0 38 4219 3865 4223 4225
4622 3 2 0 38 4225 4223 275 283
4623 3 2 0 38 4144 4225 283 276
$EndElements
