$MeshFormat
2.2 0 8
$EndMeshFormat
$Nodes
2501
1	0	0	0
2	50	0	0
3	300	0	0
4	300	65	0
5	300	200	0
6	50	200	0
7	0	200	0
8	0	65	0
9	50	65	0
10	4.99999999998078	0	0
11	9.99999999995704	0	0
12	14.9999999999311	0	0
13	19.9999999999200	0	0
14	24.9999999999118	0	0
15	29.9999999999037	0	0
16	34.9999999999180	0	0
17	39.9999999999453	0	0
18	44.9999999999727	0	0
19	55.0000000000000	0	0
20	60.0000000000000	0	0
21	65.0000000000000	0	0
22	69.9999999999999	0	0
23	74.9999999999999	0	0
24	79.9999999999999	0	0
25	84.9999999999999	0	0
26	89.9999999999999	0	0
27	94.9999999999999	0	0
28	99.9999999999999	0	0
29	105.000000000000	0	0
30	110.000000000000	0	0
31	115.000000000000	0	0
32	120.000000000000	0	0
33	125.000000000000	0	0
34	130.000000000000	0	0
35	135.000000000000	0	0
36	140.000000000000	0	0
37	145.000000000000	0	0
38	150.000000000000	0	0
39	155.000000000000	0	0
40	160.000000000000	0	0
41	165.000000000000	0	0
42	170.000000000000	0	0
43	175.000000000000	0	0
44	180.000000000000	0	0
45	185.000000000000	0	0
46	190.000000000000	0	0
47	195.000000000000	0	0
48	200.000000000000	0	0
49	205.000000000000	0	0
50	210.000000000000	0	0
51	215.000000000000	0	0
52	220.000000000000	0	0
53	225.000000000000	0	0
54	230.000000000000	0	0
55	235.000000000000	0	0
56	240.000000000000	0	0
57	245.000000000000	0	0
58	250.000000000000	0	0
59	255	0	0
60	260.000000000000	0	0
61	265.000000000000	0	0
62	270	0	0
63	275	0	0
64	280	0	0
65	285	0	0
66	290	0	0
67	295	0	0
68	300	5.00000000000104	0
69	300	10.0000000000038	0
70	300	15.0000000000027	0
71	300	20.0000000000016	0
72	300	25.0000000000005	0
73	300	29.9999999999993	0
74	300	34.9999999999982	0
75	300	39.9999999999971	0
76	300	44.9999999999960	0
77	300	49.9999999999950	0
78	300	54.9999999999939	0
79	300	59.9999999999928	0
80	300	70	0
81	300	75	0
82	300	80	0
83	300	85	0
84	300	90	0
85	300	95	0
86	300	100	0
87	300	105	0
88	300	110	0
89	300	115	0
90	300	120	0
91	300	125	0
92	300	130	0
93	300	135	0
94	300	140	0
95	300	145	0
96	300	150	0
97	300	155	0
98	300	160	0
99	300	165	0
100	300	170	0
101	300	175	0
102	300	180	0
103	300	185	0
104	300	190	0
105	300	195	0
106	295.000000000008	200	0
107	290.000000000016	200	0
108	285.000000000024	200	0
109	280.000000000032	200	0
110	275.000000000040	200	0
111	270.000000000048	200	0
112	265.000000000056	200	0
113	260.000000000063	200	0
114	255.000000000071	200	0
115	250.000000000079	200	0
116	245.000000000087	200	0
117	240.000000000095	200	0
118	235.000000000103	200	0
119	230.000000000111	200	0
120	225.000000000119	200	0
121	220.000000000127	200	0
122	215.000000000135	200	0
123	210.000000000143	200	0
124	205.000000000151	200	0
125	200.000000000159	200	0
126	195.000000000167	200	0
127	190.000000000175	200	0
128	185.000000000183	200	0
129	180.000000000190	200	0
130	175.000000000198	200	0
131	170.000000000206	200	0
132	165.000000000214	200	0
133	160.000000000222	200	0
134	155.000000000230	200	0
135	150.000000000238	200	0
136	145.000000000246	200	0
137	140.000000000254	200	0
138	135.000000000262	200	0
139	130.000000000270	200	0
140	125.000000000266	200	0
141	120.000000000245	200	0
142	115.000000000225	200	0
143	110.000000000204	200	0
144	105.000000000184	200	0
145	100.000000000163	200	0
146	95.0000000001427	200	0
147	90.0000000001222	200	0
148	85.0000000001017	200	0
149	80.0000000000812	200	0
150	75.0000000000608	200	0
151	70.0000000000403	200	0
152	65.0000000000207	200	0
153	60.0000000000125	200	0
154	55.0000000000063	200	0
155	45.0000000000269	200	0
156	40.0000000000538	200	0
157	35.0000000000807	200	0
158	30.0000000000946	200	0
159	25.0000000000859	200	0
160	20.0000000000774	200	0
161	15.0000000000658	200	0
162	10.0000000000395	200	0
163	5.00000000001846	200	0
164	0	195.000000000024	0
165	0	190.000000000049	0
166	0	185.000000000073	0
167	0	180.000000000098	0
168	0	175.000000000122	0
169	0	170.000000000147	0
170	0	165.000000000171	0
171	0	160.000000000196	0
172	0	155.000000000220	0
173	0	150.000000000245	0
174	0	145.000000000269	0
175	0	140.000000000294	0
176	0	135.000000000318	0
177	0	130.000000000342	0
178	0	125.000000000338	0
179	0	120.000000000310	0
180	0	115.000000000282	0
181	0	110.000000000253	0
182	0	105.000000000225	0
183	0	100.000000000197	0
184	0	95.0000000001689	0
185	0	90.0000000001408	0
186	0	85.0000000001126	0
187	0	80.0000000000845	0
188	0	75.0000000000563	0
189	0	70.0000000000281	0
190	0	60.0000000000057	0
191	0	55.0000000000197	0
192	0	50.0000000000337	0
193	0	45.0000000000477	0
194	0	40.0000000000616	0
195	0	35.0000000000756	0
196	0	30.0000000000773	0
197	0	25.0000000000640	0
198	0	20.0000000000507	0
199	0	15.0000000000374	0
200	0	10.0000000000241	0
201	0.128359414438183	4.11145537063577	0
202	51.1018252707866	193.985262152797	0
203	49.8952924900106	190.259071354290	0
204	50.9395773960870	184.368031760959	0
205	49.6153447261411	180.608433317940	0
206	49.3618014607901	174.591622915210	0
207	48.9556893873023	170.650871521114	0
208	50.6609777969723	165.828393958454	0
209	49.6363304154125	160.624063140516	0
210	49.3790349534457	154.556470957124	0
211	50.8170543991563	150.764077529660	0
212	49.5144342544527	144.821577471717	0
213	49.4446895445916	140.025806172644	0
214	50.6447055670350	134.108134812687	0
215	51.0951141083353	131.062974899927	0
216	50.5394524806676	124.900509973038	0
217	49.1575560533619	119.409628273120	0
218	50.3786567493787	115.738862395376	0
219	49.6065679855064	108.898578413280	0
220	49.4825570394430	104.139443719430	0
221	50.4447472137421	100.341817249755	0
222	49.8125496262429	95.1224568055281	0
223	50.9525691531901	90.9357049587858	0
224	49.8716874868712	84.2662758802762	0
225	50.6068050532951	79.0794207172055	0
226	48.7749405092682	75.5457903411484	0
227	51.0444232265420	69.4584268009703	0
228	48.8242132686170	60.4784636340695	0
229	50.6991638185003	54.2327673100175	0
230	49.1872019846053	50.2610678949089	0
231	50.4734885840146	45.3344269732335	0
232	49.2132000695374	40.0510616161986	0
233	49.3470234189964	34.5184788811891	0
234	49.2049459480514	29.6018083899441	0
235	50.0881601482721	23.9103260451991	0
236	49.6239687365505	20.4237028641584	0
237	49.1720465462669	15.4822707908060	0
238	50.2731411826335	9.73716056059247	0
239	50.1274415738116	5.03297029025461	0
240	45.0000000000269	65	0
241	40.0000000000538	65	0
242	35.0000000000807	65	0
243	30.0000000000946	65	0
244	25.0000000000859	65	0
245	20.0000000000774	65	0
246	15.0000000000658	65	0
247	10.0000000000395	65	0
248	5.00000000001846	65	0
249	295.000000000008	65	0
250	290.000000000016	65	0
251	285.000000000024	65	0
252	280.000000000032	65	0
253	275.000000000040	65	0
254	270.000000000048	65	0
255	265.000000000056	65	0
256	260.000000000063	65	0
257	255.000000000071	65	0
258	250.000000000079	65	0
259	245.000000000087	65	0
260	240.000000000095	65	0
261	235.000000000103	65	0
262	230.000000000111	65	0
263	225.000000000119	65	0
264	220.000000000127	65	0
265	215.000000000135	65	0
266	210.000000000143	65	0
267	205.000000000151	65	0
268	200.000000000159	65	0
269	195.000000000167	65	0
270	190.000000000175	65	0
271	185.000000000183	65	0
272	180.000000000190	65	0
273	175.000000000198	65	0
274	170.000000000206	65	0
275	165.000000000214	65	0
276	160.000000000222	65	0
277	155.000000000230	65	0
278	150.000000000238	65	0
279	145.000000000246	65	0
280	140.000000000254	65	0
281	135.000000000262	65	0
282	130.000000000270	65	0
283	125.000000000266	65	0
284	120.000000000245	65	0
285	115.000000000225	65	0
286	110.000000000204	65	0
287	105.000000000184	65	0
288	100.000000000163	65	0
289	95.0000000001427	65	0
290	90.0000000001222	65	0
291	85.0000000001017	65	0
292	80.0000000000812	65	0
293	75.0000000000608	65	0
294	70.0000000000403	65	0
295	65.0000000000207	65	0
296	60.0000000000125	65	0
297	55.0000000000063	65	0
298	55.4636078115089	6.19065967346298	0
299	56.1397434208555	9.80939558496067	0
300	55.8683951765287	14.7374694664704	0
301	53.9277533636932	20.1765314925861	0
302	55.1809302279256	23.9635774749998	0
303	54.4469114858806	29.4017232649771	0
304	54.9843040621555	33.7805534351233	0
305	54.7248556848803	40.4612560321806	0
306	56.0456224607627	45.4993699539095	0
307	55.4108116634780	49.5326571230538	0
308	54.8023881853759	55.3691657269159	0
309	56.1151983049824	60.1859350682253	0
310	60.7808897661308	5.99210121742251	0
311	60.8302278758259	8.80781450138104	0
312	58.7892827773005	14.8408441852798	0
313	60.0306364012678	21.1674327733389	0
314	58.8395773778652	25.6226262864564	0
315	59.9022417115867	30.0467919767613	0
316	59.7034958081451	34.8304973630915	0
317	60.3184579226390	41.0545105857963	0
318	59.9016896407609	44.5431896894219	0
319	59.3260930741158	49.5747842796728	0
320	59.4846675756355	54.7779066387779	0
321	60.9546764985743	58.7676519291946	0
322	64.2912152075140	4.30233853815867	0
323	65.0601697086277	9.21621857253983	0
324	66.0099803291949	14.2407218130977	0
325	65.8905315297781	19.4491452022393	0
326	66.1062302341904	25.5627886152414	0
327	64.1396026500313	29.5273930652134	0
328	64.7270768377846	34.2701563068261	0
329	66.2465407258845	39.2358978939846	0
330	64.2046998425177	45.3072324190312	0
331	64.8177017986326	49.6503571097324	0
332	64.4001021516884	55.5475276187098	0
333	64.5644278111427	59.7631348386678	0
334	69.0111220625022	6.07688036980895	0
335	68.9692642575097	11.2031439856875	0
336	69.1683126720946	14.0773917777009	0
337	68.8790490266591	19.8518807889180	0
338	70.9479666659610	25.5615976637927	0
339	69.5720584383764	29.8232597290029	0
340	70.3916033922108	34.0764462447557	0
341	70.1257727593663	40.5962807386231	0
342	71.0267845507911	45.8896452720796	0
343	69.7974876862506	50.8925864444736	0
344	69.8358295966082	55.2429500165040	0
345	70.6286390774864	60.8202018875732	0
346	74.8440413823980	4.61794408306223	0
347	75.4783030025620	10.4764373691143	0
348	74.3995246132581	13.9906625841435	0
349	73.9488578550395	19.5876806097848	0
350	74.4674345955245	25.6588546661954	0
351	76.1450424700126	29.4359525170296	0
352	75.8846239660255	35.3301123080308	0
353	73.8156671384467	41.2317837009773	0
354	74.8719085963042	45.1759809401720	0
355	74.0549324068374	48.8073301159139	0
356	74.3205568700350	55.5183574415736	0
357	75.7746218599242	59.2163322480737	0
358	79.6394836766802	4.03886053480227	0
359	80.9295137426834	8.84646886291082	0
360	79.2036085885721	15.2259225054133	0
361	80.2194011279282	21.1457520228295	0
362	78.9119184148735	24.0474256914934	0
363	80.4652440292548	29.4071704169021	0
364	80.6975861104639	34.9698654608090	0
365	81.2314884392769	39.3627800493131	0
366	79.5890737230001	44.2752280567005	0
367	79.3237212587257	49.9783197473523	0
368	80.6486408310934	53.8749737905401	0
369	80.9161150254612	60.6186606352111	0
370	85.6174188013153	5.05023963865809	0
371	85.0067423090216	9.76670174656254	0
372	85.1929092572666	15.2080686565905	0
373	84.4801466461703	20.9120832735836	0
374	85.0344497266280	23.8277662841406	0
375	83.8594968474665	30.7312402460633	0
376	84.7330342893325	34.4097596759048	0
377	85.9100161667975	40.1500522138503	0
378	85.7901343090223	45.7198491745532	0
379	85.3805263807432	49.1359873795510	0
380	84.3610090708948	55.7808465355697	0
381	86.2390668105009	60.4560184015634	0
382	89.9867631144608	4.95699264976827	0
383	90.3471431406845	8.84308905011259	0
384	90.8428067205960	15.9422320647235	0
385	89.3304372493036	20.0307058390426	0
386	90.8474661514705	24.3440138937428	0
387	89.0740942237954	28.8322605768567	0
388	90.4503591533627	36.1269835063930	0
389	91.1812018492295	39.0153497988444	0
390	89.7116294337646	44.3272728649816	0
391	88.7775581148930	49.7037613246524	0
392	90.2588413409790	55.8919385129600	0
393	90.3924862977491	59.1518872447473	0
394	93.7558340817863	5.05909092227971	0
395	95.2198030496573	10.5907320055390	0
396	94.1559614382865	15.8773742418473	0
397	94.0335087829367	19.5429461154068	0
398	94.0457702602884	25.1243607963199	0
399	95.7067998243684	29.1512558008554	0
400	95.7369814785238	34.5680683763186	0
401	93.8833617615518	40.2852642081338	0
402	93.8557303432699	46.0690163488555	0
403	94.2011895056000	50.3170265044996	0
404	94.9454204905664	56.2470583861033	0
405	94.9594098917866	58.9852690121861	0
406	100.727072302206	3.84577357124104	0
407	99.6991130574815	8.80784556213811	0
408	99.6255990959621	14.3288814383643	0
409	100.542196329058	19.2856095351567	0
410	99.1761160023976	24.6329245137921	0
411	99.1874028851536	30.0393835010375	0
412	99.4108980751169	36.0680882026624	0
413	101.218057073060	39.1975854295023	0
414	98.9727177620890	45.9550522762692	0
415	100.895266405575	50.4202098811776	0
416	99.7170257290197	56.0363198967593	0
417	99.4205313434456	60.1784648672205	0
418	105.716528765021	6.15832600225576	0
419	104.268766941654	9.68951701435872	0
420	106.222434412382	15.0492351868792	0
421	104.848934064979	19.2293409273437	0
422	104.273908999680	25.5829936800066	0
423	106.043453769946	29.8077605134426	0
424	104.021988311626	35.0145679297849	0
425	104.975312483713	39.9518249443615	0
426	103.884469363524	45.6562922107678	0
427	104.643616441071	50.1394365652838	0
428	104.315300813621	54.7157175571800	0
429	105.711018317429	60.6567273144165	0
430	109.722244383183	4.24154731789916	0
431	109.175062259588	9.36084380480792	0
432	110.578166178900	15.5736009526474	0
433	108.840229561505	19.6077756301142	0
434	110.045542389733	24.9275456306364	0
435	109.677514387789	29.7832110902303	0
436	110.629601121625	35.0864886691416	0
437	109.430326431133	41.0911440553024	0
438	109.007081639663	46.1670579219085	0
439	109.689099317974	50.3759520478152	0
440	110.510040633267	55.7169253681798	0
441	110.232694514297	58.8727745904434	0
442	116.010085038438	5.44577554825355	0
443	113.967523343729	9.26707351523587	0
444	114.903707686813	14.7149839985834	0
445	114.686361267641	20.8817768432198	0
446	114.996948303525	24.4651864593475	0
447	116.133558118123	30.0720031694013	0
448	115.009312034875	34.6969642889299	0
449	115.496384376381	41.1226956240579	0
450	115.794402683754	44.6395467322738	0
451	114.513747257554	49.3011340117671	0
452	115.479565417036	54.4411781651448	0
453	115.037959073747	60.5224494593106	0
454	119.952889412736	4.86778339135637	0
455	120.488207969059	10.5788271317734	0
456	119.992535488763	13.9611811792349	0
457	120.363455528288	20.8536294916097	0
458	120.849492711748	24.4639618504178	0
459	120.378412021655	28.7663370855049	0
460	119.918626301738	35.6424847200926	0
461	119.399865887129	39.5683340695499	0
462	120.725657831384	43.7555948093643	0
463	119.098762572770	49.1551565947249	0
464	120.657827812334	55.9647665352121	0
465	120.665271741720	60.4149374701772	0
466	123.961403038571	4.29018909357944	0
467	124.249949210106	10.2578660358524	0
468	124.515871492650	15.5996986673577	0
469	125.100403812198	21.1384552505434	0
470	126.025130941314	24.6039113907748	0
471	124.664616236821	30.7436756301872	0
472	125.820510695352	34.2305589091226	0
473	124.416966490250	40.2179890164294	0
474	126.153277455170	45.9883551848334	0
475	125.986387287862	51.0654580563007	0
476	126.042649577049	55.2717622122577	0
477	125.609379330538	60.2818754676825	0
478	130.812746956666	5.78069761594206	0
479	129.892957569198	11.1216987497126	0
480	130.369205079029	15.7284354283784	0
481	129.629023090028	20.9625983328885	0
482	128.844174245069	24.6195136819397	0
483	129.859624016284	31.0066401342241	0
484	129.941756055776	35.4643839749087	0
485	130.798401906952	40.8822157652156	0
486	129.883937603310	45.4048586511697	0
487	129.337669458540	50.3588280420550	0
488	129.934851260755	54.7983562303344	0
489	130.897622676040	60.3300585879580	0
490	135.333600083723	4.00364270435040	0
491	135.989646537046	9.13055363969719	0
492	135.598336103952	14.7722838288631	0
493	134.683715456637	19.2841106477347	0
494	135.361818433557	25.5538556051305	0
495	133.926250588004	29.2885634623366	0
496	135.785225688725	33.8330506749983	0
497	133.903110205807	39.5779036006434	0
498	135.788529084755	44.4871052354192	0
499	136.146333178803	49.2561127906511	0
500	135.214089337254	54.3354628433367	0
501	134.247223848874	59.9793601382138	0
502	140.132873542743	5.41225879634810	0
503	139.592292006908	9.37253639652387	0
504	139.133532477533	14.1022994004212	0
505	139.194141531919	20.1092644862634	0
506	141.069954172830	24.0008999573558	0
507	140.654693575517	29.3595025396224	0
508	140.640057159762	33.9288634187201	0
509	139.988743922343	40.2868793110331	0
510	139.143466089384	43.9474013999311	0
511	140.327380976251	50.0583310730080	0
512	140.680249499933	54.9871741281531	0
513	140.534846277948	59.1223620900196	0
514	146.057559052107	4.52255141732948	0
515	145.340018301125	9.20072536291639	0
516	144.916576549678	16.0999145131485	0
517	144.140132085126	20.8324461396630	0
518	144.831672871906	25.3509793840458	0
519	145.758102809684	30.4546933812081	0
520	145.956891796125	35.3467320417395	0
521	146.022849204714	38.9852115850614	0
522	145.962908638006	44.0866617866507	0
523	145.422881926551	49.5494518381915	0
524	145.532174212189	54.3185330827607	0
525	145.618611509410	60.9198272174133	0
526	149.386515735059	4.29656075021796	0
527	149.979204946952	9.32860324254997	0
528	151.135036319545	15.1663746443169	0
529	149.726813025890	20.4368434429960	0
530	149.499754374382	23.7954367432515	0
531	150.731269909632	31.1372407039452	0
532	149.225327541712	35.7969072453278	0
533	149.197131855945	39.1171044777300	0
534	149.251547243449	44.1814299178068	0
535	150.258186032145	49.8388014665666	0
536	149.134835392203	53.9375049235874	0
537	150.861393995673	60.9979952753129	0
538	155.179416180083	4.31832093241319	0
539	155.614065247835	10.4453806797276	0
540	155.302686357960	15.8243835249655	0
541	155.804214768557	20.6885326309175	0
542	155.262662298418	25.8115011321211	0
543	155.536381108901	30.4335745981525	0
544	156.150640089777	35.2872700372452	0
545	155.597332124624	40.4311490070444	0
546	154.719288565503	44.5495895362624	0
547	153.969008106593	49.8415808066913	0
548	155.459121916129	54.6019991667555	0
549	154.179704335042	59.0014131033949	0
550	160.225995197810	4.04445777151809	0
551	159.577519373125	10.1692773096544	0
552	159.829034647413	15.0046077723522	0
553	160.022732157563	19.7626048305397	0
554	159.784529337181	23.9078395603621	0
555	159.496540876050	28.9409117058937	0
556	159.359614132966	34.0789920969284	0
557	159.450224085571	40.8176609372140	0
558	160.800147187984	43.9316050995205	0
559	161.054101422889	49.2468140571111	0
560	160.684699561872	54.8761558150366	0
561	161.120653755338	61.2211752321236	0
562	164.156076908235	5.41733630619259	0
563	166.061398894512	9.87889676020448	0
564	164.792973760763	13.9082572614810	0
565	164.572451833969	20.3260798639411	0
566	165.177089961958	24.2135267559988	0
567	163.802158837539	28.9026201973559	0
568	164.847364453675	35.6743254700936	0
569	164.666971337114	39.2792354988564	0
570	166.029415499176	45.4441708427615	0
571	164.434093653197	50.6838496969986	0
572	164.684413807373	55.6469872533102	0
573	166.029462114667	61.0281769059660	0
574	168.930447802634	6.00424952691301	0
575	169.011560526858	10.2149316649064	0
576	170.411629982854	14.8699663249728	0
577	170.400150491475	20.8508162834420	0
578	170.817751101194	26.0761768354773	0
579	169.135046247653	31.0309660197778	0
580	170.537831682894	34.7278468203233	0
581	169.032021814560	40.8467988392234	0
582	170.929741148019	44.7574862515371	0
583	170.153317896426	48.7959658307174	0
584	170.399500354388	54.7902770786433	0
585	169.841268078037	60.1827895039756	0
586	175.045592950652	4.22440196852936	0
587	175.424355829278	10.6339422187190	0
588	174.658329464501	14.7885371069034	0
589	175.503951438338	19.9687522492302	0
590	174.304264683823	25.3079511966452	0
591	176.039728520618	30.7688959267692	0
592	175.634521055299	34.1377315825004	0
593	173.807268134689	41.2429572386588	0
594	174.695773479928	44.7263032799382	0
595	175.609138498145	50.1089339029072	0
596	175.046532009383	55.1930630235303	0
597	175.130891220251	59.7651252062399	0
598	179.447438850677	4.41826541175501	0
599	180.349322059285	10.3175665134654	0
600	180.463823139547	15.5355634256858	0
601	180.289636575765	19.5404292397402	0
602	179.839120155375	24.0939862930473	0
603	180.797389487018	29.4984000501535	0
604	180.197273875412	34.6943564464324	0
605	179.646715678312	40.5097999560642	0
606	179.192729297919	44.0003200693771	0
607	180.857798179789	49.7597683575364	0
608	181.191038085018	55.5326192581054	0
609	180.472084772747	60.4907597000496	0
610	185.042716315611	3.82047635683342	0
611	186.183813384956	8.93222046282924	0
612	183.986551555967	15.2230701213860	0
613	184.299156416523	19.4334386408063	0
614	183.965292582195	24.0293214967405	0
615	183.944748749590	29.1766620944374	0
616	185.157756009418	35.3198024300559	0
617	183.980852899031	39.4138992859683	0
618	184.615659608720	44.2116460688991	0
619	185.104831076696	49.7261561954440	0
620	184.586536564588	55.6249968668567	0
621	185.301723756487	61.0693801145664	0
622	189.874513614123	6.08633121545667	0
623	190.544850641352	9.89742534903281	0
624	190.241027564875	14.5474370729652	0
625	190.385667915422	19.0267356647129	0
626	191.136135407276	23.8759844363197	0
627	189.610067224670	30.9476723739891	0
628	191.115574979849	35.1104327355840	0
629	190.622612118343	40.2424165988549	0
630	191.039992990149	46.1352476094468	0
631	189.300541592552	49.6607028370944	0
632	190.333037568181	54.0023313326911	0
633	190.918378338891	60.7471255014749	0
634	196.091879587694	4.30846047142443	0
635	194.764392732405	8.87218269087637	0
636	193.890298039584	15.7310610035908	0
637	195.743251875665	20.5210602917363	0
638	196.056849431564	25.2158926667224	0
639	195.102253364996	29.7974359168085	0
640	195.848637283789	35.5915482213656	0
641	194.482120815901	40.6964226553006	0
642	196.153202847475	44.1968784813021	0
643	194.535003566480	50.0627443684582	0
644	194.131259025374	54.1742259929636	0
645	194.229085447033	58.7727353554507	0
646	199.067749619774	6.09360674534714	0
647	201.001426222163	9.13216641722558	0
648	199.175556363158	16.1879794642079	0
649	199.668091090711	19.9972708789122	0
650	200.620888231283	26.1047090355538	0
651	199.509594277207	30.7016170070315	0
652	199.904095212451	35.4271668022708	0
653	198.887408052659	39.5354263088286	0
654	199.156440940947	44.6295929916357	0
655	200.421113286060	49.5876594946159	0
656	199.591636606972	54.7688890285573	0
657	200.858194929327	59.1658690742306	0
658	205.555406390341	4.19653045411902	0
659	206.174910670348	9.66436467424257	0
660	205.141494665594	14.9558599893795	0
661	204.770178970457	20.3050783639371	0
662	204.715887520527	25.9207278408446	0
663	204.243311399883	29.2415843049489	0
664	204.849398660808	35.8708332110377	0
665	204.471029574377	40.4067235232514	0
666	205.685766923610	45.3288403859555	0
667	204.735479134920	49.8060216233147	0
668	206.237297261684	56.1474316520010	0
669	204.963001928527	60.0413616780801	0
670	209.931543931330	5.71371314451466	0
671	209.299514488022	9.15159630107471	0
672	210.156807868093	15.9617675702469	0
673	209.948412803241	20.7933568545341	0
674	210.450533515236	24.7129040070358	0
675	210.008740362782	30.8385402841366	0
676	210.326051120354	35.8904801079848	0
677	211.200471579071	39.3176234292356	0
678	210.697352051851	45.3139842930753	0
679	208.934669786503	51.2016055634626	0
680	210.536874817374	54.7476115354129	0
681	208.808590544392	60.4226045269866	0
682	214.333069073403	5.69255776331586	0
683	215.552767372976	10.1795554965077	0
684	215.926567859645	14.9130600030186	0
685	214.354552625855	20.8789250116271	0
686	214.081290903477	24.6400809982211	0
687	215.768112258496	29.8492668321594	0
688	215.442696843053	34.8944244884162	0
689	215.664276102562	40.0582066028804	0
690	214.520883261031	45.2510833965693	0
691	215.072819553263	50.7615780035736	0
692	215.183154572905	53.8171534384896	0
693	215.746947115333	59.7604962562806	0
694	220.891148926073	4.53519181919152	0
695	220.518439692848	10.2273061447291	0
696	218.903358345322	14.5405160804053	0
697	219.455856972442	19.4838935591275	0
698	219.595933117101	24.6173340278896	0
699	219.277866951540	30.4523404183300	0
700	220.658171666398	35.3342521704549	0
701	220.566643570936	39.0795510088809	0
702	219.853286464292	45.5463603634322	0
703	219.055205567502	50.1697508807296	0
704	220.500350934505	56.2197761901938	0
705	221.185886569169	60.7670366425931	0
706	224.556437016369	5.78962509004175	0
707	225.730258033697	9.80597106448662	0
708	223.969066296217	16.0616924798503	0
709	225.377925450223	19.4120122518133	0
710	226.024753372840	26.1114087457717	0
711	223.932465929094	31.1447659956002	0
712	224.763459956935	34.4895399126285	0
713	225.863671252892	41.1577319195423	0
714	224.931254838756	46.0033751968142	0
715	226.064914967975	49.2604531846166	0
716	225.478145993234	55.6512886506299	0
717	224.242305436977	59.8163193179046	0
718	230.103962961428	4.46914798207012	0
719	229.235193507778	8.76143147282662	0
720	229.411683554089	15.0619689799802	0
721	231.157167881357	20.9303339765077	0
722	229.386392680244	24.3042147110101	0
723	228.903786172252	29.7322311948144	0
724	229.568361454367	35.3072121801210	0
725	230.538871519256	38.8945281716668	0
726	228.874015411763	44.2263893243188	0
727	230.099571982946	49.1713868349047	0
728	230.215014803502	54.8863942300292	0
729	229.032393807120	59.0074350537650	0
730	236.120039442102	5.32091308121672	0
731	235.510921861601	11.1068008782930	0
732	234.864280203132	15.9465758705527	0
733	235.391330509186	19.7861267827528	0
734	234.717192699822	26.2145047310854	0
735	234.163181066923	29.2495508972229	0
736	235.134141426164	34.0798953644811	0
737	235.957497526797	40.2034385547112	0
738	234.713023768318	43.9135954320855	0
739	235.658261138403	51.1399788625232	0
740	234.329314150000	55.0778695787908	0
741	235.882118250926	59.9961150843538	0
742	239.940918659632	4.85840113876594	0
743	240.363129764016	11.0285413249495	0
744	239.363299392567	14.0520399393863	0
745	240.515789656850	20.2083600742103	0
746	240.298387332185	24.4880563609786	0
747	241.100961228974	30.6622645884033	0
748	239.175670022467	33.7503544663514	0
749	240.417413049836	41.1998127320666	0
750	240.153667423385	44.9202620138839	0
751	240.207259046774	48.9722928425534	0
752	238.953686881899	55.6378698181518	0
753	239.412278727313	60.1228492870991	0
754	245.267530389141	5.96438962385947	0
755	244.781614813162	9.41744282872786	0
756	245.117448779907	16.0485584625949	0
757	245.663819986676	19.4194966028492	0
758	244.283288011809	26.2000669353858	0
759	245.276803113542	28.9598832501495	0
760	245.132645451664	33.9933466146924	0
761	245.368410027552	40.3879561776429	0
762	244.840401017861	45.9318478537822	0
763	245.698439344095	49.3302409424171	0
764	244.036007208366	55.1469845552217	0
765	244.558831692330	61.2386185298479	0
766	251.168256770195	4.36462584268993	0
767	250.905371831373	9.45056186084604	0
768	250.927815704292	14.4616285257784	0
769	249.430444481088	18.8647663943736	0
770	250.092709745738	25.7101855383188	0
771	250.056777593604	29.0159694844702	0
772	249.296665361734	35.8412266836452	0
773	249.671546234385	40.6820500510656	0
774	250.375661554856	45.3685116867663	0
775	249.446644616166	50.6722930796876	0
776	250.669883814012	54.0262879757820	0
777	249.110084119968	59.3839265190524	0
778	255.192358087365	4.41011125156115	0
779	256.098963017495	10.1013476534986	0
780	253.938105446311	14.6960008870054	0
781	255.126449629578	18.9723604715217	0
782	255.909130560118	25.5048013227651	0
783	254.387723487957	29.6837101852837	0
784	254.452511308480	35.2712496533699	0
785	255.444809234882	39.5657234250658	0
786	254.161035394373	45.1053360788083	0
787	254.583783281689	50.6717912104637	0
788	254.337526245212	54.7833588378756	0
789	255.689143732311	59.4300841814031	0
790	259.830127191206	4.28322825799648	0
791	259.701530273391	9.91589243211788	0
792	260.358072334637	15.2937919186950	0
793	260.536542150691	20.0260859652457	0
794	261.043802586752	24.4502625191962	0
795	259.521933196676	29.6664492859824	0
796	259.686907907416	35.8057597260311	0
797	260.998080758125	41.1384547399230	0
798	260.532270748643	43.9991748384028	0
799	261.111608542672	49.8279239453269	0
800	259.639375248635	56.0361355761271	0
801	260.246905169534	60.8918322444897	0
802	264.942872723575	5.66911028864100	0
803	263.805053018374	8.87585367492670	0
804	264.250696947975	16.0371918879923	0
805	264.464917797485	19.5256833860673	0
806	264.237690610918	24.2164992585393	0
807	265.104682009485	30.3882303620763	0
808	264.921519162886	35.7596686333999	0
809	264.617246657242	40.5271675480145	0
810	264.263616794024	45.9088566309047	0
811	264.690792719120	49.2024028231651	0
812	263.890043738020	53.8763696972680	0
813	263.752709566223	60.5643631598719	0
814	269.270715518028	5.69867641245836	0
815	270.437492473551	9.41784940718488	0
816	269.829704920226	15.2287858893260	0
817	271.205915958654	19.2039277482252	0
818	271.237304763334	25.3973039135611	0
819	268.938534709753	29.8228177090851	0
820	269.986084923339	36.1814063312623	0
821	271.203640563669	39.8049215019954	0
822	270.176740771151	44.3116783414353	0
823	269.629218496604	50.7697358812469	0
824	269.636800079206	55.2817476244929	0
825	269.835579044569	58.7856474722347	0
826	274.741962582625	5.64088196783368	0
827	275.628455104520	9.36481521442231	0
828	274.446473120096	15.2160723757288	0
829	275.852388538892	19.7531259106266	0
830	275.695965318358	24.1406827503582	0
831	275.168072632175	30.4962218730699	0
832	275.943921036751	35.8157574679431	0
833	274.046071308789	39.0150048799215	0
834	275.892413855746	44.3393901985466	0
835	276.036169931170	50.3920918705757	0
836	274.332453907038	55.5179548867701	0
837	276.137237111091	59.4830475537312	0
838	278.901610732813	4.42624290773866	0
839	280.171668710274	9.57320182008195	0
840	279.826827264340	14.9343510623483	0
841	280.364719533672	19.4177574885928	0
842	280.742312879935	25.2137815995571	0
843	280.824264373381	30.9905012011227	0
844	280.751329300253	35.9779904899809	0
845	278.874097687280	39.4861998553349	0
846	279.291770341653	44.3216037239462	0
847	279.168084962749	50.9810567926213	0
848	279.581608894084	55.1277677335911	0
849	280.491015111472	59.6895512146579	0
850	284.816231732427	4.67920806507039	0
851	285.254172595075	11.0127395169117	0
852	286.147188616755	14.2366782155946	0
853	284.861357582188	19.4547719879527	0
854	284.393089033903	25.3743117948599	0
855	284.773721634198	30.0448176012469	0
856	285.825462479456	35.9248164068847	0
857	285.032415715708	39.9878539255504	0
858	286.067407373004	45.3328896008656	0
859	285.388803861828	49.8495945451294	0
860	284.175422806795	55.8179075656300	0
861	284.801122159882	59.6151284673152	0
862	289.028466798915	4.82701269028959	0
863	288.937625669907	8.97177495040048	0
864	289.901207226336	15.2612914044978	0
865	288.913392254053	19.5057719775485	0
866	290.304524797027	24.9285872083952	0
867	288.752842498134	29.6043100350658	0
868	289.502531856110	35.4040644859574	0
869	288.851487431036	38.8445205866479	0
870	289.626136610665	45.9370701804848	0
871	289.214430103865	50.2230398803089	0
872	289.444037392076	55.8417155620135	0
873	289.107208513976	60.4675209249289	0
874	294.404338133689	4.26640566110233	0
875	294.659105526045	8.87216956301453	0
876	295.047119224183	14.7798984130798	0
877	294.714831487064	19.6210430495454	0
878	294.822359332138	23.7578110809180	0
879	294.662004610875	29.1428340869270	0
880	294.782033370270	35.6518618710243	0
881	295.771817035067	39.4395965458389	0
882	294.124652930315	45.4866115393719	0
883	295.504065123372	49.2072173389203	0
884	295.682048727191	54.7972477236859	0
885	296.077656932314	60.9769664440621	0
886	296.052149646230	69.6178552208464	0
887	295.400506562969	76.2190744030275	0
888	295.469174958645	79.9386638638773	0
889	294.270265624510	84.9166177781263	0
890	294.786420841896	90.8464977844307	0
891	294.010939923265	95.5557977552092	0
892	295.716651463321	101.066920145912	0
893	294.958732718126	105.089611716014	0
894	294.837289733498	110.676121279099	0
895	295.210371817335	115.686715655969	0
896	295.235019653787	120.640620915946	0
897	293.984618410657	125.286785066582	0
898	296.220308206174	130.839708070909	0
899	295.365040996047	134.440931345152	0
900	294.655978305597	139.919320738915	0
901	295.630452108252	144.605766253981	0
902	293.787428454335	150.026169443677	0
903	293.876694692175	156.010818508922	0
904	294.404521317702	160.111849064279	0
905	296.229701546842	164.712309486245	0
906	295.560773637029	171.183543610076	0
907	293.755417486905	173.766052109384	0
908	294.880227059370	179.355256736698	0
909	294.662275210470	184.151509984474	0
910	295.106120583486	190.043372770805	0
911	293.860976208877	195.727191174502	0
912	291.130947313678	69.5851082304442	0
913	290.365416769317	74.4658025233607	0
914	289.749219296996	79.3573544645262	0
915	289.982140014766	86.1483581197303	0
916	290.211167580969	90.9948412942276	0
917	290.547942593445	96.1558483451505	0
918	290.466767121804	100.628991632327	0
919	290.745122877632	104.914074475606	0
920	289.495925297930	108.751416402333	0
921	290.713658809155	114.535907158604	0
922	289.493342244217	119.126628821320	0
923	291.096678933477	126.210838569685	0
924	289.051814952140	130.970031131168	0
925	290.895336706306	135.878485921689	0
926	290.534948648524	140.867603935243	0
927	290.688065881959	144.492548000602	0
928	288.966066933273	151.023939879711	0
929	289.710081673282	154.498111471729	0
930	289.954672936547	160.625467517877	0
931	289.225033161764	165.185792900760	0
932	289.700084055022	170.448376266171	0
933	290.018303088829	174.302878698019	0
934	289.782726210706	179.719145205838	0
935	290.856263896106	185.972666288447	0
936	289.335221934209	188.925301821391	0
937	290.131037508439	194.538056635634	0
938	285.144559007492	68.9557765478788	0
939	286.148170948411	75.0594467402329	0
940	284.224736895310	79.7684319538716	0
941	284.087840896855	84.3963907911038	0
942	285.778570168166	88.7708946805285	0
943	284.539589378984	94.9100075647125	0
944	284.259909281670	99.1154025509924	0
945	285.989254598267	104.311297686633	0
946	286.124561461204	108.839645457361	0
947	285.058157995146	116.106348092242	0
948	285.022603321950	119.584805259911	0
949	285.991193430430	125.901757856006	0
950	284.878650122866	128.750781877582	0
951	284.713785359888	134.408680315738	0
952	285.144526031471	138.839952478598	0
953	284.295505849234	145.719959494480	0
954	283.798622158473	150.101414915314	0
955	284.676403385094	154.671152692061	0
956	283.893171970709	158.866105206052	0
957	285.732935584855	165.024458003932	0
958	285.762109750020	171.002499831189	0
959	285.123174585787	175.182856560308	0
960	284.971684122136	178.758273801693	0
961	285.461876569420	183.846646486904	0
962	286.158057942133	189.488728912106	0
963	285.446062721177	196.019346299401	0
964	280.359152721699	69.2175163576567	0
965	279.807938587902	74.7197320573954	0
966	280.414186924305	79.9116741428139	0
967	281.052578730402	85.4857247617702	0
968	280.199562973460	89.3674623809421	0
969	279.106304104916	95.8389285715401	0
970	279.303535635282	99.7518373685271	0
971	280.267688248212	105.195009101279	0
972	279.077922161897	109.135140829423	0
973	280.598737914135	114.804238625653	0
974	280.024545715642	120.176542786818	0
975	279.682059109591	125.014461254802	0
976	278.882457037694	130.870915621733	0
977	281.160336351895	135.679495531703	0
978	278.860469545037	141.035871541161	0
979	281.099228257443	145.035744540696	0
980	279.158227972078	149.995410924755	0
981	281.244112590491	154.660618920711	0
982	279.001984565836	160.437565628272	0
983	280.810862214120	164.462441560775	0
984	280.465497913905	169.674223170428	0
985	281.148133186514	174.983448931062	0
986	279.962381474848	180.321705526972	0
987	280.719940118403	184.968162378588	0
988	280.637560805122	190.022580760079	0
989	280.557066034169	195.532491109933	0
990	274.411559385948	70.0344275016728	0
991	275.471002347214	76.0587254791612	0
992	276.080808216679	79.0977460461828	0
993	273.975621379228	85.9963286833285	0
994	275.180690839829	91.0049134998338	0
995	275.197494727875	95.3120330469488	0
996	275.813212347526	100.986140347094	0
997	274.583013989120	105.534981101703	0
998	273.765806319417	111.177676459964	0
999	275.428078523280	114.700276106545	0
1000	274.348769936570	120.737816740305	0
1001	275.917063327634	124.647472534405	0
1002	275.877461479855	130.774567734776	0
1003	276.196234092196	135.719475085947	0
1004	275.810654368901	138.813051570621	0
1005	273.873278570839	144.319574248682	0
1006	275.977267129537	151.174470346802	0
1007	274.612529807341	155.409675923610	0
1008	273.974190467975	159.320972426018	0
1009	276.066746724472	164.069015797122	0
1010	275.887588316192	170.584508284546	0
1011	275.812659989308	175.377728084380	0
1012	274.413263546572	179.601167572276	0
1013	275.663490818306	184.251959821584	0
1014	274.198720505450	190.102588282139	0
1015	275.101359972665	195.125127949833	0
1016	270.852070176749	69.5542020740798	0
1017	269.215063917827	73.8904043761659	0
1018	271.212930233811	80.3381252154865	0
1019	270.840757806050	85.4786183843079	0
1020	270.109213934186	89.1718895707800	0
1021	270.766752206142	95.0866893453616	0
1022	269.681455247077	101.196508040578	0
1023	269.813091186227	104.548687991508	0
1024	270.536953629294	108.991950962845	0
1025	269.142795836463	114.353962524032	0
1026	270.097325320879	119.800913166543	0
1027	270.153141261222	124.375905859420	0
1028	270.042862827032	129.339072265966	0
1029	271.179738060365	135.744255250874	0
1030	269.305713628751	140.819791380343	0
1031	269.263197865032	145.246967171700	0
1032	269.230561852852	149.127291124275	0
1033	269.657851931850	155.023892301587	0
1034	269.967321429334	159.197722398570	0
1035	270.244608677382	165.018838249494	0
1036	271.005234515903	170.595348390351	0
1037	268.965491630350	174.555388127335	0
1038	270.782149163601	180.827565320246	0
1039	269.903376006547	185.382881041153	0
1040	268.989237962525	190.444477132247	0
1041	269.087980889216	196.199112529982	0
1042	264.282759286773	68.8406731565446	0
1043	264.368373050682	74.5742216926717	0
1044	264.364205717708	79.0916474995754	0
1045	264.951437140910	84.6082917744092	0
1046	263.843134410660	88.8505920574047	0
1047	265.557747896036	94.3816401131098	0
1048	265.914921045062	100.214171138890	0
1049	264.199801301626	105.285899229650	0
1050	266.191804423029	111.094088698807	0
1051	264.581400861592	115.194059585339	0
1052	263.808455519250	119.470007702490	0
1053	265.086516316609	123.751899793568	0
1054	264.574568291239	130.598262816458	0
1055	264.378989207654	134.102359110860	0
1056	263.927459343308	140.909718127612	0
1057	263.964026748931	143.985289402748	0
1058	265.034883876323	150.154665652134	0
1059	265.227075728318	153.832576475592	0
1060	265.631557438729	160.550058028513	0
1061	265.026302746502	164.503465772352	0
1062	265.140465297252	171.172825686564	0
1063	264.453807273360	175.857491150511	0
1064	265.701799995204	178.953064852705	0
1065	264.858592405073	185.211612539619	0
1066	265.892647956455	189.690868473229	0
1067	265.458656010877	194.274188824356	0
1068	260.080860431586	69.9159942713761	0
1069	258.811413536264	74.4805918517803	0
1070	260.528075635721	80.2248125759172	0
1071	261.126123434592	84.9599664824823	0
1072	259.353073592697	91.0025907735828	0
1073	259.028701860032	94.4066091950137	0
1074	258.844100611082	100.464866506771	0
1075	259.072065428394	106.128106668143	0
1076	261.169793154799	109.521357120181	0
1077	260.041543714036	114.529989954568	0
1078	260.231156539209	120.436664741449	0
1079	260.588208068769	126.107052995351	0
1080	260.078363750093	129.044579802636	0
1081	261.120411991187	135.949383403811	0
1082	259.703075453661	140.511268413360	0
1083	260.163334884144	146.076549096900	0
1084	259.012624873065	149.784003230144	0
1085	260.325871904630	154.048310709560	0
1086	259.672443602652	159.131215232186	0
1087	260.525174835552	165.038866736501	0
1088	260.544026104218	170.456695074083	0
1089	258.896892750233	174.659285206210	0
1090	260.983082685572	180.906310520203	0
1091	261.078804736005	184.630054712159	0
1092	260.888799852249	189.118727872277	0
1093	259.215949989104	196.050277645917	0
1094	254.532661936411	71.1794768108593	0
1095	254.808606440640	74.1441392827987	0
1096	254.756688122074	81.2196709667801	0
1097	254.000347118520	84.0103152263299	0
1098	254.441106192850	90.3836937307915	0
1099	254.691738180180	95.0808629966899	0
1100	256.234001878752	98.7736381282888	0
1101	254.818082083903	105.951446810666	0
1102	254.423361224195	109.069075795963	0
1103	253.856823922355	114.581897241202	0
1104	253.782221812664	119.525734240075	0
1105	253.788526739110	124.081304201277	0
1106	253.999699393309	131.057587389060	0
1107	255.340943074014	134.550510478843	0
1108	253.870019287786	140.669777079474	0
1109	256.024903800973	143.907816884911	0
1110	254.738119666109	149.051560453240	0
1111	254.491734017730	154.207914693371	0
1112	255.002655796200	161.117821731539	0
1113	254.845984506582	164.234926997543	0
1114	253.897497759426	170.239530677779	0
1115	255.980213258593	175.838137626170	0
1116	256.227805170156	180.219774425560	0
1117	254.099551608855	184.686799639124	0
1118	255.509141441593	191.068894858456	0
1119	255.459203953285	195.916001233351	0
1120	251.079289825402	70.7299854222267	0
1121	249.460003313042	74.9018235679436	0
1122	249.879111964410	81.1159336620636	0
1123	250.941428723737	84.9998088334732	0
1124	249.244571813432	88.7997504358442	0
1125	250.180939091376	94.5029263736108	0
1126	249.752597513797	101.070667295626	0
1127	249.780174309656	104.345649406707	0
1128	249.222208312919	109.397362855844	0
1129	250.494541592790	115.253849134561	0
1130	250.508398378913	119.590476217114	0
1131	250.978087814531	124.935163261840	0
1132	249.154737177107	130.075911165171	0
1133	249.414308791849	134.110246979996	0
1134	249.799137952308	140.680146762915	0
1135	251.129103069692	145.472218088439	0
1136	250.546167460109	150.936639544900	0
1137	249.072993931469	155.800297587874	0
1138	251.036416361175	159.826902684060	0
1139	249.212966519449	164.094028138778	0
1140	249.479305004175	170.320833303823	0
1141	250.318845853562	175.998056495708	0
1142	248.910974219476	180.681331977651	0
1143	250.848948248818	185.990294071730	0
1144	250.970379451080	191.183383658173	0
1145	251.118405813538	194.325543508828	0
1146	244.634766907563	71.1821826404396	0
1147	244.840890401295	74.1280303618561	0
1148	245.689282205099	81.0352071563829	0
1149	245.609810576555	84.5101334844006	0
1150	245.657794374006	90.9687178438819	0
1151	245.126871881799	93.9691634960240	0
1152	245.708632113073	100.812858416515	0
1153	245.854998280988	104.534179254433	0
1154	245.047000132499	110.322478758458	0
1155	244.942744357074	114.918588015109	0
1156	244.849724848900	120.996928537428	0
1157	245.535460754789	125.891646139133	0
1158	245.631316405322	128.845388509768	0
1159	245.768406603398	135.684810693702	0
1160	246.074788336900	139.931864491081	0
1161	244.904510263135	144.150271103039	0
1162	246.189494784136	150.583200914735	0
1163	245.178057073446	153.870202850847	0
1164	244.628291735980	161.160431240156	0
1165	244.079441667616	165.233926123611	0
1166	245.055043014560	170.238672848474	0
1167	243.947018086202	173.914715537184	0
1168	245.190546034628	179.751110032971	0
1169	246.188276615404	185.712603072220	0
1170	246.117866106344	190.885203617121	0
1171	244.003691329077	194.616295129832	0
1172	239.806513750327	70.7261310596390	0
1173	240.411128869485	75.9861154316873	0
1174	240.773066946038	80.9166119628375	0
1175	240.903991617325	85.4760646750378	0
1176	240.667167838566	89.7162088091735	0
1177	240.856052168005	94.3325359531556	0
1178	240.640522282049	100.661314836489	0
1179	240.167736828254	104.386645032591	0
1180	240.250436382550	108.752541834407	0
1181	239.056648800751	114.547847649585	0
1182	239.586017377821	120.968684923460	0
1183	241.178073720192	126.066799400448	0
1184	240.028481595598	129.903412272295	0
1185	239.551043266173	135.263928106683	0
1186	240.132411072598	139.564651127385	0
1187	239.610646432376	145.314403556300	0
1188	240.363734055258	150.208894813069	0
1189	240.218354731651	153.781122302185	0
1190	239.773289650755	158.795025271775	0
1191	239.406401700258	165.181029077225	0
1192	239.094610357423	169.236816238368	0
1193	240.533802029446	174.821324990745	0
1194	239.883748452970	180.826067201306	0
1195	240.864122219105	185.853874876044	0
1196	238.847328697706	189.937931445280	0
1197	239.500107672592	194.460101905702	0
1198	233.951015575603	69.9202039968706	0
1199	234.254663898786	73.8483770597870	0
1200	234.041271312562	78.7978692641265	0
1201	234.262876125023	84.7764311719111	0
1202	236.098567772885	90.7737957557551	0
1203	234.423366547158	94.4579433341688	0
1204	234.134416320761	99.8775194560979	0
1205	235.389371904653	104.451733287486	0
1206	234.788787741779	111.202075688048	0
1207	235.262040746548	114.506690427738	0
1208	234.103181836365	120.787910820122	0
1209	235.745036558316	123.953902710696	0
1210	235.689616045227	130.987648571813	0
1211	234.163895295854	134.376536874058	0
1212	234.361049894247	139.383931486058	0
1213	235.788709283805	145.462033052084	0
1214	235.961452804454	150.172472496357	0
1215	234.767572035019	154.284404764729	0
1216	235.208280691232	161.050252110337	0
1217	234.538797393991	164.140924946446	0
1218	235.576126068547	169.618025315012	0
1219	235.064145241126	175.848026490793	0
1220	235.489005699230	179.571032786933	0
1221	234.892835566214	184.946150703889	0
1222	234.703810341397	190.315938718417	0
1223	235.951994736808	194.683520937767	0
1224	230.386120335923	70.6139599963803	0
1225	229.987703870825	76.0157403937002	0
1226	230.836640715141	81.2042959832267	0
1227	230.654746804092	85.9102666742950	0
1228	231.218448214072	91.0124779361384	0
1229	230.282547859004	93.9126154791616	0
1230	229.098445610632	100.816900132654	0
1231	230.384133686242	104.249624013066	0
1232	230.571854116900	111.044209714710	0
1233	229.895723311957	114.863137164539	0
1234	229.389077000654	120.185861642012	0
1235	230.943162316129	124.156268694882	0
1236	230.478119506560	129.706095056776	0
1237	229.469245912610	135.446531296438	0
1238	230.489100980304	141.036531645762	0
1239	230.174784791850	144.175034144134	0
1240	231.010308715415	151.022627003450	0
1241	228.952803005663	155.316292111363	0
1242	229.130571138591	159.772056839924	0
1243	230.636114790642	164.133571411197	0
1244	230.351575057148	171.099153412954	0
1245	231.183003995509	175.563450436605	0
1246	230.589067199528	180.558267660504	0
1247	228.888369206455	185.856265204197	0
1248	230.232523805962	190.502634836873	0
1249	230.921486611289	193.914698782083	0
1250	224.771302968619	69.3771462555366	0
1251	226.058259387442	73.8382007569301	0
1252	225.405725207773	78.9591578857521	0
1253	225.191551015556	85.7549488125667	0
1254	225.841265413266	88.8977445575049	0
1255	223.941580371421	95.3406697210461	0
1256	224.173706481563	100.628820769520	0
1257	224.233783343606	105.579269984546	0
1258	224.987947651081	108.923074061979	0
1259	224.511757300360	116.056577462766	0
1260	224.702469254571	118.859586401648	0
1261	225.297404856565	124.964333992932	0
1262	224.103511676888	130.989646717989	0
1263	224.447206666606	135.280913048749	0
1264	224.474132992758	139.637901677440	0
1265	224.822531822796	144.840989911142	0
1266	226.027879042141	150.872949057050	0
1267	225.221702193139	153.953014802697	0
1268	225.299806404127	159.148027915887	0
1269	225.242231527350	165.975781245767	0
1270	223.787477983709	170.411853834042	0
1271	224.323402563439	174.341547271861	0
1272	223.790129971877	180.747345045009	0
1273	223.973578706897	185.589193782384	0
1274	225.487122119941	190.080228930251	0
1275	225.150346311977	193.980516750699	0
1276	220.160832552713	68.9693549816336	0
1277	218.761109790940	75.0159696993543	0
1278	220.352251300157	79.0274231856941	0
1279	220.318524155104	85.8840277627989	0
1280	220.203101264295	90.5773209265558	0
1281	220.643113345364	96.1368157571430	0
1282	219.083027992504	100.096640963958	0
1283	219.892699177829	105.979595866348	0
1284	218.896541861917	110.933476772584	0
1285	220.635251577711	115.161577522188	0
1286	220.641891264821	119.866860144962	0
1287	219.455978185116	124.716063249799	0
1288	220.193704168721	131.191027943976	0
1289	220.401747212643	134.994402068980	0
1290	219.069474108848	139.971286745188	0
1291	220.690957753177	145.872079051649	0
1292	218.771881511424	150.322640106845	0
1293	220.789097087420	156.217474633760	0
1294	220.239791861902	159.097753755786	0
1295	221.207830970101	163.767951628294	0
1296	219.286606632180	170.357684842631	0
1297	219.848796585885	174.235315463302	0
1298	219.907170963997	179.722714979380	0
1299	219.708822333898	186.054641168812	0
1300	219.725404243860	189.468429508661	0
1301	219.406354650414	195.673564532911	0
1302	214.871339823158	69.6841248855248	0
1303	214.785428483971	74.0350257541731	0
1304	215.259711237019	79.1847876038222	0
1305	214.921643967844	84.4684203915888	0
1306	213.847902406921	89.4595519336443	0
1307	214.133163416399	96.1010799436444	0
1308	214.941022761855	100.020591775123	0
1309	215.648786521658	106.207872870084	0
1310	213.801011340861	109.336214464187	0
1311	215.738369344111	116.083378911665	0
1312	214.415140743811	119.438168991541	0
1313	214.866144310161	125.539708191872	0
1314	214.221778379415	130.454360563197	0
1315	214.075326304301	134.108603243143	0
1316	215.073068288431	140.357448367089	0
1317	215.849650585278	144.206756689386	0
1318	215.862073966509	149.666354008035	0
1319	213.883215894553	154.413052563937	0
1320	214.929158305726	159.358125814896	0
1321	216.041870549302	166.241616753086	0
1322	214.447444003410	171.044226676520	0
1323	215.757396176549	175.667970063688	0
1324	213.969914852778	180.368930274276	0
1325	214.575178023128	186.229397607794	0
1326	214.364000218385	188.986827154438	0
1327	214.436873129227	194.161666574204	0
1328	210.010396716478	70.6996640266934	0
1329	209.736969551797	74.6688091769225	0
1330	209.015783693652	78.9288451654460	0
1331	211.017864872820	84.7404411722606	0
1332	209.783463913198	88.8546552049630	0
1333	211.081924759754	95.8808114715095	0
1334	209.677531428288	99.5099913664689	0
1335	209.617843156278	105.236993079503	0
1336	210.287754688273	109.474480520544	0
1337	209.383440609031	114.523594327618	0
1338	209.802296641263	120.161152116272	0
1339	209.609628322565	124.302288419681	0
1340	209.958423868348	130.420199308472	0
1341	210.125635826992	135.262808958679	0
1342	209.526008083776	140.732726820540	0
1343	211.227477966514	143.867890028125	0
1344	210.135667837351	149.053057581189	0
1345	210.290191556223	155.248097911010	0
1346	208.799921121281	160.165235281193	0
1347	211.033213696512	164.646170892024	0
1348	210.299116740691	170.663494665032	0
1349	209.816210480955	175.211011907976	0
1350	208.972751454949	179.289025334472	0
1351	209.463582575703	186.238924887064	0
1352	209.362283184317	189.560677071596	0
1353	209.236600030232	195.300123803016	0
1354	204.087897415658	70.5861740672442	0
1355	205.361931225884	75.3424712932693	0
1356	204.198092371313	80.3841055132072	0
1357	204.112010397923	85.2236569425156	0
1358	204.949276773946	89.5629415472027	0
1359	203.900069866335	93.8775294399551	0
1360	205.644439455635	100.934605360047	0
1361	204.935284249295	105.440668184301	0
1362	205.476071075168	111.124267793892	0
1363	204.480394716846	114.080412358535	0
1364	204.043563563288	119.148596743112	0
1365	205.544627658936	124.661535527773	0
1366	205.612335516792	131.232747140336	0
1367	204.553605504335	134.230438644701	0
1368	205.891249226839	139.799959468331	0
1369	204.845611170572	145.686217938324	0
1370	205.939882318839	149.818950006093	0
1371	205.706543716784	155.427460970136	0
1372	205.257933433769	161.197259152108	0
1373	204.729352028515	164.027021525365	0
1374	205.368889976580	170.878027291336	0
1375	206.202964451351	173.840654598943	0
1376	204.821508806901	179.583869945597	0
1377	205.942273842103	185.481498865242	0
1378	204.004086065717	188.984852745404	0
1379	205.317561544645	195.957147576696	0
1380	199.506506630749	69.9273779274408	0
1381	199.978657997774	75.5566419252246	0
1382	200.604836016196	80.4550388896954	0
1383	200.598365942233	83.8282218916605	0
1384	199.530786382659	88.7664621009571	0
1385	200.555927683141	94.5228920072003	0
1386	199.765567270439	101.113540857805	0
1387	200.076650550469	106.100682956624	0
1388	199.186001286832	110.356312370422	0
1389	200.489659918666	115.133432324587	0
1390	199.585625184581	120.409212284981	0
1391	200.789587391278	126.038874701809	0
1392	199.569914241903	128.914594046310	0
1393	199.634687683828	134.746115401288	0
1394	199.752784241956	139.161735667534	0
1395	201.211278133229	145.281489324926	0
1396	199.255071792231	151.007501365791	0
1397	198.999784983604	155.472567553801	0
1398	200.489966468244	159.875941149820	0
1399	198.851868916788	164.548840438369	0
1400	200.206190718772	169.635249753089	0
1401	199.264713970000	174.230999845707	0
1402	200.065551535723	179.205584654438	0
1403	200.635394115828	184.275281789237	0
1404	199.729038323786	189.722732881168	0
1405	200.561796786028	196.142812356299	0
1406	194.431384414252	69.3325949973865	0
1407	194.105043818067	74.9886081584858	0
1408	194.236235168437	79.1400862090304	0
1409	194.461115259750	84.7986634186841	0
1410	194.041825958399	90.8895172653690	0
1411	193.902660121226	93.7610313536083	0
1412	195.550173058959	98.9945976325239	0
1413	196.237716307887	106.082782734454	0
1414	194.430080197067	109.478360381138	0
1415	196.041944717647	116.190009326604	0
1416	193.873278865077	119.920926407818	0
1417	195.680006181953	126.051200292893	0
1418	195.676064856062	130.953544085487	0
1419	195.314081898763	134.801204077793	0
1420	195.375568356556	140.656333033189	0
1421	195.586609927282	144.807448379922	0
1422	194.295570324419	149.244115786000	0
1423	194.202393029019	155.968337997889	0
1424	194.841308928963	159.637387786658	0
1425	193.981269673968	166.019843852404	0
1426	195.664408990559	169.969346584877	0
1427	194.855834045076	173.809807353240	0
1428	194.070279029323	179.669105123177	0
1429	194.456456272641	185.397230749875	0
1430	195.184215995357	189.709161325971	0
1431	196.156431876234	194.234550294488	0
1432	190.459447227731	70.0273398164271	0
1433	190.026295967642	75.9117583799953	0
1434	190.586280617775	79.8773457963092	0
1435	190.218939133893	84.7012753088710	0
1436	188.784153775501	90.4058302869004	0
1437	189.754836018204	94.9652753821377	0
1438	190.030635316131	100.153422888763	0
1439	188.831060444460	103.916405711406	0
1440	189.969681579990	111.103970522093	0
1441	191.077793014562	115.050005434705	0
1442	189.311268514148	120.664338477550	0
1443	190.605160655896	124.126574305248	0
1444	190.154088575740	130.598121217761	0
1445	189.020994210438	134.332256321074	0
1446	190.398525351677	139.963807431151	0
1447	190.438700332105	144.193306023809	0
1448	189.323911682117	150.685089534413	0
1449	190.210821773357	154.385914625370	0
1450	191.186927940424	159.755264140980	0
1451	189.295929877069	164.279028503236	0
1452	190.596578933832	169.370847315182	0
1453	191.112375767367	173.816735721588	0
1454	188.860665384569	178.855092369649	0
1455	189.710780949118	183.997701784910	0
1456	190.612024324893	189.766270182151	0
1457	191.098821084421	194.009241308321	0
1458	184.163346288056	69.9612820669459	0
1459	184.626083933585	74.6651789758305	0
1460	185.217366786403	79.3726150777500	0
1461	184.517988946392	84.3610835932710	0
1462	185.917355224868	90.8561642217622	0
1463	185.139907494062	93.7817061131690	0
1464	186.205702674971	101.228806010234	0
1465	184.330066095003	103.997067814647	0
1466	185.885765130816	111.203523261883	0
1467	184.786756289746	115.161098951454	0
1468	184.645654590960	121.097533697016	0
1469	185.178226780751	124.132329061429	0
1470	184.657215402074	130.059637794240	0
1471	185.405950939957	135.193451536491	0
1472	184.553294381155	138.775501509958	0
1473	184.089241214417	145.353645274552	0
1474	185.956786177229	151.001824603200	0
1475	184.021117122005	155.157831048003	0
1476	185.724269256276	160.102941127437	0
1477	185.229508514820	165.959727424443	0
1478	186.037616467736	170.590972840616	0
1479	185.820984430280	174.015790760928	0
1480	183.751897120800	181.071658379453	0
1481	185.399478000552	183.994760452535	0
1482	184.261975427834	191.072280626987	0
1483	185.952401065622	194.930380385490	0
1484	179.509581556305	69.3135624952102	0
1485	178.994212581818	76.2188792065097	0
1486	178.971606446617	79.2444150103845	0
1487	179.649990365755	84.3269376294262	0
1488	179.047467971587	90.5106805505349	0
1489	180.055974519307	95.1241995319250	0
1490	180.243731011632	100.060843256747	0
1491	180.210697430730	105.411996706658	0
1492	179.354099842520	109.423203205759	0
1493	180.350007051153	114.959021820074	0
1494	178.780653538403	119.903985926000	0
1495	180.976850704575	124.325461188166	0
1496	180.147339596907	130.374573279983	0
1497	179.773307328919	134.560926608165	0
1498	180.501830839606	140.514326908642	0
1499	179.910750497797	144.806579195901	0
1500	179.870000218697	151.137824710260	0
1501	180.955565008453	154.788670967804	0
1502	181.193142233432	160.658229448514	0
1503	180.229775337786	165.318269312782	0
1504	180.299023627590	170.987793072938	0
1505	180.471347096896	175.863771789918	0
1506	178.753935842943	179.392217968953	0
1507	178.847354183217	185.134877904993	0
1508	180.688963909461	191.241973317175	0
1509	181.051696563251	195.689512491777	0
1510	175.369286081489	68.9704781524552	0
1511	175.323959027214	75.1201370952872	0
1512	175.182570632332	81.0462242338502	0
1513	175.301144232037	84.7906117585973	0
1514	173.948731069350	88.7884952452182	0
1515	174.210285567398	96.0571850704702	0
1516	174.634452403602	99.9268360677213	0
1517	174.047780643570	106.133706813530	0
1518	175.910592274822	109.138168542472	0
1519	174.770974280457	113.987511789690	0
1520	175.820918158475	119.276890726025	0
1521	174.677721185155	124.778156091786	0
1522	175.911647089543	128.940175727544	0
1523	174.457240111049	134.049332121514	0
1524	174.671153294902	139.194549349887	0
1525	175.949693718832	146.210233826577	0
1526	174.811941646085	150.306829252089	0
1527	173.921025738211	154.598414973640	0
1528	176.095129660700	160.866336875980	0
1529	174.214815579145	165.928614720878	0
1530	176.207400042121	170.881463866215	0
1531	174.149258368600	174.433669084158	0
1532	175.909488522059	180.245630472337	0
1533	175.354705532184	184.983324126314	0
1534	174.515502039857	190.620111107728	0
1535	173.810518160234	194.307121653677	0
1536	171.120024096916	70.8221973885257	0
1537	170.172335561165	74.9437913215956	0
1538	169.394311506803	80.8518046586509	0
1539	169.166598854137	83.7709888111658	0
1540	169.850861551648	89.0508518390485	0
1541	169.200827495432	94.9218122176501	0
1542	168.929037859226	98.8975234149178	0
1543	169.694430208722	105.109044069917	0
1544	169.873528495484	109.468358778960	0
1545	169.596814041977	115.106602120832	0
1546	169.801817904098	120.740019243677	0
1547	169.158737225788	124.972985006390	0
1548	169.135981648704	129.554386018657	0
1549	171.027200520809	134.666910874566	0
1550	169.291622867582	140.079048034786	0
1551	171.007264657596	144.802536703815	0
1552	171.020235752981	148.987183006392	0
1553	169.939177849184	154.612393040993	0
1554	169.772743994971	158.974183304741	0
1555	171.200656296954	165.839745240487	0
1556	170.545636371581	170.348938480225	0
1557	169.347366359185	174.987559764856	0
1558	169.255638755651	181.239139998213	0
1559	170.481599229736	185.963365731081	0
1560	168.980292880184	189.178076408684	0
1561	170.965661926314	193.945480307707	0
1562	164.686548188814	70.3342132798079	0
1563	165.384110398317	74.3101678291113	0
1564	164.889386094621	81.0506762902329	0
1565	164.681421366587	85.1434382769503	0
1566	165.102945937528	90.8641895601064	0
1567	165.262986708039	95.0038127915345	0
1568	164.144540981917	100.739675799255	0
1569	165.783276169891	104.150925648774	0
1570	164.429275658293	110.380728795724	0
1571	164.333655263027	113.923140742316	0
1572	165.661336767183	120.377909103651	0
1573	164.960537985510	125.034296819514	0
1574	163.896272964892	129.577510657694	0
1575	164.168860238927	134.860378243111	0
1576	166.236026316382	139.786973408020	0
1577	165.726997531200	143.986168151634	0
1578	164.982753063607	149.584018384498	0
1579	165.600102207986	153.987505551938	0
1580	164.111021616053	158.902471014696	0
1581	163.852590513844	165.968571427087	0
1582	164.127401026722	168.767787813131	0
1583	165.635153494612	175.304230902376	0
1584	164.431230352161	180.018576268175	0
1585	164.142985460528	185.296799287087	0
1586	164.429652445949	190.991395871094	0
1587	164.014349317432	195.855595768750	0
1588	159.013033948264	69.0900916192688	0
1589	160.051404382083	74.8681281877049	0
1590	159.267616183352	79.6037863803751	0
1591	159.036933283466	86.2408165465250	0
1592	160.674953654143	91.2106492681287	0
1593	160.965171506293	94.8040737642584	0
1594	159.081023600661	100.895303533959	0
1595	160.622150321584	106.092059055985	0
1596	159.880475149275	109.879147666696	0
1597	160.574969725259	114.105302433369	0
1598	160.629094258539	120.661600892835	0
1599	160.614282072622	125.619574230765	0
1600	160.678173745057	130.831613240377	0
1601	160.627940580022	135.588190655794	0
1602	160.579577105701	139.247594669201	0
1603	159.725290570131	145.556754001822	0
1604	161.241116352427	150.159136747512	0
1605	158.828670636879	154.702653796680	0
1606	160.692182546892	161.043190414917	0
1607	160.998240873765	164.326016136583	0
1608	159.349746414402	171.082214929283	0
1609	158.819959940403	175.219148317407	0
1610	161.121365886138	180.011479718214	0
1611	159.874442054092	184.756410512225	0
1612	159.012094317562	190.419596185311	0
1613	159.589650227953	194.365184784867	0
1614	155.653288102182	69.6178298641432	0
1615	154.703731132986	75.2818297321233	0
1616	155.228723363829	80.6827195947664	0
1617	155.013121565222	84.8289486845060	0
1618	155.729306680814	89.6882138679381	0
1619	155.486784205754	94.3185569473012	0
1620	155.603723851421	99.4281975627942	0
1621	156.151467951982	105.199291701761	0
1622	155.197812460810	110.835962005815	0
1623	156.161090825615	114.914806489368	0
1624	156.244766895417	119.617579872065	0
1625	154.425291221248	125.603784763582	0
1626	155.194301524330	130.056727578375	0
1627	153.983827798151	134.942736979987	0
1628	154.005699788854	139.967176698577	0
1629	155.640111780811	144.247127718977	0
1630	154.178895827791	150.709601390768	0
1631	154.213360149061	154.164704848361	0
1632	154.200135164480	160.736390608678	0
1633	155.179712897331	165.012233796865	0
1634	155.119903122564	170.417747757354	0
1635	154.840946257600	174.819682617493	0
1636	156.069979446002	179.001412982569	0
1637	154.467654561560	184.696646679754	0
1638	154.977062387526	188.991105816308	0
1639	154.558503051190	196.029271732283	0
1640	149.897007672958	71.1374325760748	0
1641	148.787345061328	74.1693090408119	0
1642	150.798914788164	79.6537191473041	0
1643	151.116329431703	85.2033773257696	0
1644	149.307448434969	89.3216847648951	0
1645	149.914328258354	95.7617853951351	0
1646	148.904238564785	99.7164491209599	0
1647	150.734345116915	105.998519755329	0
1648	149.958686640747	109.112679762923	0
1649	150.986992153642	115.353236172453	0
1650	150.753904496326	120.103515575827	0
1651	149.110029180688	125.612960620654	0
1652	149.575903081671	130.845356140856	0
1653	148.928110525492	136.127187190243	0
1654	148.946602105980	139.364294617208	0
1655	150.886349881596	145.590977975868	0
1656	149.537616073017	149.406473366242	0
1657	149.223962949096	154.192752190657	0
1658	150.364328175508	159.882489493262	0
1659	150.520096395332	165.588963679529	0
1660	149.830618894131	170.950045077270	0
1661	150.939839532329	173.944030166644	0
1662	150.989609198137	180.188896549345	0
1663	149.128298558670	184.546035320213	0
1664	149.576248856740	190.734065565640	0
1665	150.031210721900	194.672399403694	0
1666	145.984472079571	68.8258899949434	0
1667	143.756386190638	76.1607039686463	0
1668	146.121734938649	81.0219342126671	0
1669	144.542837508174	86.1041167743975	0
1670	144.620696265454	90.7184610867260	0
1671	145.161030217843	95.7257814768088	0
1672	144.612405306642	99.7427819436997	0
1673	145.047743092780	104.313794280200	0
1674	144.589292702158	109.093670232496	0
1675	144.168006501579	114.515130088521	0
1676	144.875032130221	120.659877673318	0
1677	144.369307284899	123.885152649358	0
1678	145.731935069876	129.060567466723	0
1679	146.145328291413	134.315046306797	0
1680	144.939986359745	138.829575571397	0
1681	144.183067276595	144.867607343769	0
1682	145.488863838654	150.113119836240	0
1683	144.532016963398	154.359579075164	0
1684	144.595258157827	159.930913072257	0
1685	144.200385362311	165.117925532930	0
1686	146.144067667573	170.635311768004	0
1687	144.323483078064	175.551843877461	0
1688	145.613865990424	180.341856087649	0
1689	145.936792148449	184.862878618433	0
1690	143.995855451665	190.120643356119	0
1691	143.859769116385	194.274422232246	0
1692	141.048975270816	68.9207354388220	0
1693	141.053497411243	74.0737066308084	0
1694	140.989224637135	79.5972755299281	0
1695	138.994200507979	84.8788489283088	0
1696	140.975629471181	89.5351366034901	0
1697	139.240271278354	93.9953295320430	0
1698	140.379263264780	100.627357329873	0
1699	139.297032535213	104.624077737804	0
1700	138.960755217902	111.172111700443	0
1701	139.903377616738	116.102690097428	0
1702	138.913680582701	120.946026331538	0
1703	139.187495988113	124.192473432106	0
1704	139.124684928979	129.465339716561	0
1705	139.200002877744	135.054133119418	0
1706	140.786951765294	141.155791804215	0
1707	140.621946528339	145.667651040111	0
1708	141.108998520824	150.069860326571	0
1709	140.449986256116	155.389451094936	0
1710	138.977040046922	159.704761784667	0
1711	139.009578589792	165.168366981517	0
1712	140.671383752935	170.953527063562	0
1713	138.753972057926	175.002981714092	0
1714	140.831434648964	179.915829244129	0
1715	139.597737272717	184.914473195568	0
1716	140.933740725601	190.720447424656	0
1717	138.781107561311	194.909804851545	0
1718	134.358818127579	69.7831007511673	0
1719	135.705605383500	75.8568311752054	0
1720	134.270885047179	79.7127760594729	0
1721	135.495949328821	85.9504312317524	0
1722	133.969154265914	90.6093517241227	0
1723	135.816538300399	95.6261935275661	0
1724	134.829774455000	100.068975932136	0
1725	134.521444867275	104.972531565210	0
1726	135.844345869635	109.106756655862	0
1727	134.891338965733	116.163621498876	0
1728	133.953734505605	120.966644274453	0
1729	134.018976240436	125.090838709118	0
1730	136.205282718874	131.062388286974	0
1731	135.286491877847	135.585472080501	0
1732	134.451818431362	139.808090228173	0
1733	133.891630765561	143.792059636747	0
1734	134.733241623707	149.616688506801	0
1735	134.186936588438	154.188974569915	0
1736	134.726288964712	159.612955686067	0
1737	134.734614001030	165.467778971102	0
1738	134.219397105884	169.598107774352	0
1739	134.643195415082	174.194441553148	0
1740	134.495171598396	180.161803357759	0
1741	133.999985592591	185.664502603105	0
1742	135.148439411806	190.092143254974	0
1743	134.194758469601	193.901799772928	0
1744	129.087358205163	71.1272097164074	0
1745	129.258449788630	73.8974377508372	0
1746	128.778582493614	79.9548744547289	0
1747	130.886518589035	85.6648498792754	0
1748	130.270959245732	89.2832758752717	0
1749	128.834495163384	94.8396947144569	0
1750	128.954093602184	101.071704716265	0
1751	130.811353802356	103.854182658543	0
1752	130.487218993846	109.740669615297	0
1753	128.982753562798	114.417126149967	0
1754	129.140983894192	120.688248287593	0
1755	130.773986009636	126.190824016223	0
1756	130.694837117353	130.969208270888	0
1757	129.248095327722	134.023772561671	0
1758	130.578158056510	140.123624095591	0
1759	130.840336671932	145.402146097680	0
1760	131.119858920898	149.171375247647	0
1761	129.313722777953	154.816033924379	0
1762	130.273041023143	159.302541995925	0
1763	128.845717925618	165.360621063202	0
1764	130.080850977513	169.008121760843	0
1765	129.964964622585	175.600724301196	0
1766	129.957867939448	179.033521043247	0
1767	128.764737170969	184.009945413411	0
1768	128.925036007815	191.018843207177	0
1769	130.170769393439	195.050806495123	0
1770	126.167441310452	70.1624653491245	0
1771	125.670567454298	74.9413685967373	0
1772	126.190136943275	80.6007867360042	0
1773	124.340809341478	84.8771303509599	0
1774	124.614169470107	90.8935231209087	0
1775	125.888203616087	94.6622391225676	0
1776	123.923131786500	98.8858887844390	0
1777	125.137954789091	106.085284108863	0
1778	125.429863600070	110.016378231037	0
1779	124.986850688204	116.088287810743	0
1780	125.385007932287	119.622019944432	0
1781	124.260348107869	125.434751533177	0
1782	124.211083305715	128.777520985523	0
1783	125.898332409429	135.444302248747	0
1784	123.807600164675	141.012828842082	0
1785	124.325008315082	144.373702737313	0
1786	125.695578168417	149.688928963136	0
1787	124.872859587673	154.589721965367	0
1788	125.054453639438	158.898464207588	0
1789	125.643084041668	164.117193108190	0
1790	125.369558755557	169.450875822176	0
1791	125.626514804206	174.083202306483	0
1792	125.419613110560	181.014812788680	0
1793	124.791874569521	184.061177872699	0
1794	124.043060368486	190.635200607340	0
1795	124.536309214352	193.917799564305	0
1796	119.070126678391	68.9418422346153	0
1797	120.509555317488	74.4702511649201	0
1798	120.460690317107	79.3109473043024	0
1799	118.850163436224	84.7305862597265	0
1800	120.933714134716	90.0942574699115	0
1801	120.376014312045	94.9783713974276	0
1802	121.190199636924	99.4139061094573	0
1803	119.288426622401	106.098466187379	0
1804	119.312422041012	109.814999157903	0
1805	120.299869738654	114.711410434525	0
1806	119.744601670039	120.591327786310	0
1807	120.094152486130	124.646299462218	0
1808	119.712846423577	129.672403525269	0
1809	119.399721324058	135.141901911484	0
1810	120.449035780504	141.114906727782	0
1811	120.554445903477	145.397909791198	0
1812	119.444844874716	150.340226255635	0
1813	118.799183258096	155.434324378782	0
1814	120.457199582748	159.926099623796	0
1815	119.824911618914	165.004219036455	0
1816	119.605395136961	169.533807015534	0
1817	119.010068381461	174.066200374895	0
1818	119.320298152465	179.693224680703	0
1819	119.009194812826	184.906707084243	0
1820	120.063126234167	191.104268840182	0
1821	118.764836023698	194.062927464186	0
1822	114.276758038931	69.1387556871518	0
1823	114.613714814411	74.0175729330902	0
1824	113.837736174886	80.7835950907364	0
1825	116.148350808213	85.1113988878772	0
1826	115.465516605284	89.7788791161982	0
1827	115.321461288647	94.6094514959890	0
1828	115.073895169490	100.620057257899	0
1829	114.798831195893	104.346725162995	0
1830	115.427466061901	108.834353000173	0
1831	114.458311926108	114.066464091622	0
1832	113.889309343120	120.796131483595	0
1833	114.073629029824	124.087553811739	0
1834	115.396614217440	130.528994697516	0
1835	114.620291816699	135.389538039963	0
1836	115.636463077002	139.598983662187	0
1837	114.486737698571	145.677976323555	0
1838	114.274789666707	150.555519123093	0
1839	114.488156033521	153.953662078255	0
1840	115.102643899170	160.748725530438	0
1841	114.962723953495	163.882974055983	0
1842	113.894990650176	169.788473263479	0
1843	114.963553710528	175.837703224099	0
1844	114.643427259334	181.190577162584	0
1845	114.062958111418	185.413399820353	0
1846	115.568311269033	189.958248349241	0
1847	114.204550346571	195.612586698255	0
1848	110.143173576992	69.5202706247892	0
1849	109.287318438787	75.6137378893951	0
1850	110.787884969267	79.4990307600256	0
1851	110.977711809302	84.6229451779973	0
1852	110.187037036764	89.4427115980335	0
1853	109.840203551631	94.3723526039549	0
1854	110.354583880985	100.692667321195	0
1855	109.655359384868	104.324879097696	0
1856	111.079394330862	110.359738252132	0
1857	109.364296395206	115.956757967840	0
1858	111.138393380144	120.657457684455	0
1859	109.854627486508	125.929653378134	0
1860	110.029362737578	129.796465413245	0
1861	110.641335334034	134.413212598640	0
1862	109.228693604918	138.818800196113	0
1863	110.964017364859	145.967489154486	0
1864	109.764525971653	150.993477847220	0
1865	108.902004634039	155.840653562331	0
1866	110.236237118960	159.895439755884	0
1867	109.502937400673	166.089951254579	0
1868	110.279340655228	168.792862127888	0
1869	110.512165265826	173.900070383757	0
1870	111.070306568711	180.002180218060	0
1871	108.891330193621	185.990426559593	0
1872	110.424074912013	189.139196516386	0
1873	109.902713496698	194.321316005901	0
1874	106.157179431314	71.1495325409308	0
1875	103.967841291308	74.4290364455557	0
1876	105.762316056285	80.3411746411548	0
1877	104.294587687191	85.3447064040913	0
1878	104.382255826924	89.9591925070363	0
1879	104.062140444868	95.2760125685893	0
1880	104.741491381324	101.106892143299	0
1881	105.763549735923	105.391059390292	0
1882	103.811932275489	108.957824221502	0
1883	105.764658302301	114.922159953803	0
1884	104.731824857883	119.436756575956	0
1885	106.167658420893	125.183661827547	0
1886	106.113736079441	129.730052982976	0
1887	106.191559892153	135.274609776499	0
1888	104.233849032259	139.309923833115	0
1889	105.552425790250	146.209979214058	0
1890	104.411094267958	149.445953288856	0
1891	105.165688143337	156.013605360649	0
1892	104.186028206410	161.170268451785	0
1893	104.879737380279	165.143372908489	0
1894	104.996905895113	171.060691047588	0
1895	104.776878790016	174.086593065030	0
1896	105.834198914738	179.190776648904	0
1897	105.217525711566	185.701105622160	0
1898	104.882351434627	188.843868314279	0
1899	104.385504904807	193.831717979461	0
1900	99.8200501573290	68.9186353881101	0
1901	98.8631179465066	75.2331315538020	0
1902	99.2738436530419	80.5882198481805	0
1903	99.3401465650234	85.1313697908454	0
1904	98.8298386211110	89.9155439360354	0
1905	99.4371986506680	94.6090831325128	0
1906	99.9295029340513	99.9963439670380	0
1907	99.1686790981104	104.459418560833	0
1908	101.173879978286	110.189062255018	0
1909	99.5438482718378	114.136841790093	0
1910	99.8428585684190	120.778396019620	0
1911	100.556171028787	126.032209694151	0
1912	100.402932101192	128.962217108894	0
1913	99.4306412699938	134.928299068686	0
1914	100.028275520049	140.544265194152	0
1915	101.200695565449	146.098190605905	0
1916	99.2117103020990	149.157225067530	0
1917	99.1011458648108	154.094073360874	0
1918	100.999233669342	159.787941393374	0
1919	99.2676871103682	163.788232220567	0
1920	98.9347703745558	169.565002918848	0
1921	100.715687020492	174.594175119026	0
1922	100.937683544863	180.995199236868	0
1923	100.099063800702	184.438939643639	0
1924	100.120016017700	189.557434473650	0
1925	100.505864276992	195.215649620780	0
1926	95.9069197990168	69.9005450184978	0
1927	95.9228582173696	75.0346797963585	0
1928	94.3674182853447	79.6506893815264	0
1929	94.3134511366714	83.8142480473029	0
1930	94.0476281250103	91.0178603572207	0
1931	94.1498219684972	94.0238206062381	0
1932	96.0072923309587	99.2733413555229	0
1933	94.2561376622182	104.678890408271	0
1934	95.4260740867111	110.482714334760	0
1935	95.8232098375845	114.912521311071	0
1936	94.4813052021355	119.331135345055	0
1937	95.9620111448518	124.196115158201	0
1938	95.3018206058214	129.553240146167	0
1939	94.9468346137864	134.415045895212	0
1940	95.3177684100130	140.261576307571	0
1941	94.9911024522797	145.960056785963	0
1942	95.6960139203028	149.101363387878	0
1943	96.1629206076435	155.088889215063	0
1944	95.7867663901301	161.173666710330	0
1945	94.8386515119938	163.800438120693	0
1946	94.4683382355750	170.484230687620	0
1947	95.7397644128807	175.189624480613	0
1948	93.8532646839094	179.077651246517	0
1949	94.1928517369713	186.092657233685	0
1950	94.7166084317266	189.211351850544	0
1951	95.8194804740959	195.651626003032	0
1952	90.5936137138878	70.7385748124391	0
1953	90.3254451000344	74.0110472646463	0
1954	89.1016167014039	80.6612061456772	0
1955	91.0712260931203	84.8925030233705	0
1956	90.0493012398359	89.0308140197513	0
1957	90.3595816013423	94.1010883015022	0
1958	91.1318057428650	99.7464581383931	0
1959	90.8002784336802	103.782320371154	0
1960	89.4372000753719	108.915262438307	0
1961	89.1132395591493	116.248701671846	0
1962	90.8337405994015	119.513228581352	0
1963	90.1763896105417	124.747029673989	0
1964	89.7964112408428	129.499573950049	0
1965	90.9305621058443	134.084333288732	0
1966	88.7877347352451	139.883987922061	0
1967	90.8141165710540	146.224365709378	0
1968	89.2651532868743	150.190444109608	0
1969	89.1167355305040	155.796576452176	0
1970	89.7811516016988	159.454755450500	0
1971	90.8536074815563	164.077544168464	0
1972	90.7987729260234	170.113476539057	0
1973	91.2328308054159	173.892739189704	0
1974	90.4325319659244	178.832643180269	0
1975	88.9847109750484	184.456036889763	0
1976	89.1551691286556	190.306224118432	0
1977	90.9704299237251	195.449413001273	0
1978	83.9556170542729	70.3252800651441	0
1979	84.0066351816516	75.9380791403785	0
1980	84.8989878772150	79.3654285096981	0
1981	84.4007542431038	84.2564109535389	0
1982	84.2511770762198	89.9051416595522	0
1983	84.3637270005362	95.6133821989729	0
1984	85.4577684176054	99.1644845600483	0
1985	85.3730657004794	105.488574470888	0
1986	84.7161091875075	110.129370945932	0
1987	86.2010965646944	114.372153535383	0
1988	84.2584768202276	119.480161543774	0
1989	85.3573923548883	125.808071475168	0
1990	84.9188800951655	129.734842172590	0
1991	84.8483358724152	134.528546055474	0
1992	84.5594380363443	140.042544897416	0
1993	85.4658941788297	145.226069517188	0
1994	84.3864502391709	149.232110197583	0
1995	84.0704288970096	155.507376253841	0
1996	84.1659810853516	161.099614763896	0
1997	83.7958794370737	165.940515815115	0
1998	84.0683976706457	170.888355405179	0
1999	84.2904948131639	174.224471469301	0
2000	85.3489035997591	179.291748509514	0
2001	84.8475403307589	183.980986219795	0
2002	84.4027196735789	189.742635485346	0
2003	85.9014873692110	195.654300295111	0
2004	78.9237082674939	70.8169272010523	0
2005	80.0824467705772	76.0877412546340	0
2006	80.9888963623990	79.9751105078718	0
2007	80.1375094032693	83.9802752598198	0
2008	80.9293306706487	89.4581811128384	0
2009	79.9380700906825	93.8138411490242	0
2010	80.5457086797267	98.8833236796329	0
2011	80.1135813454604	104.667595229110	0
2012	79.3651004562575	108.781023202560	0
2013	80.7131930422304	114.038091821890	0
2014	79.9623863884409	120.107267428194	0
2015	80.0291580185419	125.556379454739	0
2016	81.0913835579070	130.324802132682	0
2017	79.6941456158825	134.277003581491	0
2018	79.1388082601516	140.025474615801	0
2019	79.6006819451606	146.125131729930	0
2020	78.8225259649832	150.836006332348	0
2021	80.5106354553295	154.921912355120	0
2022	80.5770486819451	160.439441905903	0
2023	78.9697983348182	164.832166484114	0
2024	78.7791145808991	169.926505368585	0
2025	80.5072772930177	176.002137871774	0
2026	80.0019278422983	180.462731480870	0
2027	79.3509307091015	185.022145377158	0
2028	80.0593139494005	188.836588561611	0
2029	79.7964748027899	194.610165534955	0
2030	74.4584110535632	69.6975357827675	0
2031	75.3658670792658	74.4566607182136	0
2032	73.8595393176530	79.7727806166935	0
2033	74.6146193903867	84.2744700852863	0
2034	76.2000029435095	89.0567458207494	0
2035	73.9577264740043	94.6837868247011	0
2036	74.6791606946550	101.021291911425	0
2037	75.9248197232301	105.713734729282	0
2038	74.9470664648900	109.757952371463	0
2039	73.9799423994855	114.383686149523	0
2040	76.2056672262157	118.827936439307	0
2041	74.6198450908527	125.934808577868	0
2042	74.7418563816151	130.350156881053	0
2043	75.3098795488981	136.098822117186	0
2044	75.0454848128062	140.678252726938	0
2045	74.7389460697083	145.487606081754	0
2046	76.1742822178760	148.991621957628	0
2047	74.4043891726593	155.603042311820	0
2048	74.2184079805968	159.001732654174	0
2049	74.0492503367371	164.502016522542	0
2050	75.3195324328839	168.924147885190	0
2051	76.1581314640718	174.554152613259	0
2052	75.1395908172750	180.781461641156	0
2053	74.5204299778737	185.695530762310	0
2054	75.9870969324755	190.576961770425	0
2055	74.5402587420763	195.363802120369	0
2056	69.9577498271219	71.0049512779238	0
2057	68.9727524989200	74.0760394698737	0
2058	70.8839817718953	79.7150680837391	0
2059	70.2315637005327	85.5279809635108	0
2060	70.5494343673329	89.7207829631753	0
2061	69.3735084194970	95.5311280891209	0
2062	70.1252904627872	99.1118328456808	0
2063	69.6303954074984	106.155634799107	0
2064	71.1274117738450	111.146717518357	0
2065	69.0075530760368	115.341579034153	0
2066	69.0496809758206	119.588651823434	0
2067	70.0167991433372	124.470875491605	0
2068	69.6771020834152	130.403199095768	0
2069	69.0030488201573	136.079314129288	0
2070	69.3174024315911	139.613363446338	0
2071	70.1962726619471	144.803884924232	0
2072	70.0039590247264	150.108637001181	0
2073	69.4690798803591	155.466756250677	0
2074	70.0799811875606	159.478030273283	0
2075	70.8474467582120	164.599894606916	0
2076	69.6233634359506	169.427594231103	0
2077	70.3897567067652	175.691375261412	0
2078	70.6279620310063	179.450393879472	0
2079	69.6183632671690	185.716660834288	0
2080	71.2252540926586	190.653172509928	0
2081	70.2592865581274	193.973289423385	0
2082	63.7603657009444	69.1177708496641	0
2083	66.2294348135884	74.4279662223573	0
2084	65.4422389116017	80.8549695021778	0
2085	65.4387944430254	84.3152921584964	0
2086	63.8083588404843	88.8483199634852	0
2087	65.8017745079847	95.6011965502496	0
2088	64.5060183039147	99.3016831717593	0
2089	64.1253194272024	105.931721907433	0
2090	64.4496118919957	111.249131208251	0
2091	64.5829473619935	114.818060828165	0
2092	64.5068357758785	119.362712107842	0
2093	65.0452844457293	123.922121118184	0
2094	65.7218096534326	129.829886762365	0
2095	64.5937629355135	134.558600028003	0
2096	65.2287689751442	139.538150204931	0
2097	65.1632812628343	145.236346599832	0
2098	64.3060836191527	150.360495902101	0
2099	65.6942975035539	153.837087064118	0
2100	64.7622071260762	160.469341062752	0
2101	64.1868645204837	164.771454413821	0
2102	64.5137784313435	170.306026032716	0
2103	65.7598598943332	174.467036800378	0
2104	66.0353142658054	179.642331024207	0
2105	65.9032288863083	185.341576461159	0
2106	66.0659151148075	189.996053665202	0
2107	65.7587154328097	195.158705645553	0
2108	59.7869828363969	70.5808817615066	0
2109	59.5242434610883	74.6258303591426	0
2110	59.6078712838457	80.4550693259217	0
2111	59.9763322063828	86.1849993072141	0
2112	60.8621397552980	89.5271789953007	0
2113	59.0070377115340	93.8555416802793	0
2114	60.1581390795173	99.8132423265944	0
2115	59.3831942669841	104.588905999617	0
2116	59.0543528224301	109.949521183231	0
2117	59.0142349460167	115.872814972414	0
2118	60.4884817654748	119.202991681123	0
2119	60.9459322974307	124.390003077249	0
2120	61.2051897964701	128.781383029636	0
2121	61.0965455888612	135.370589683828	0
2122	59.9999180535275	140.445541415018	0
2123	60.1891459632924	144.549565543641	0
2124	60.0167267655415	151.071027540623	0
2125	61.1219860804643	154.775189296227	0
2126	58.8457194953814	159.406581760135	0
2127	59.1966077185126	165.218221955760	0
2128	60.3843196491406	169.206659792095	0
2129	59.2239462405835	175.818225589815	0
2130	58.9709396444749	180.445413515963	0
2131	59.8656606586321	184.719444776987	0
2132	59.5113715465049	189.875453934412	0
2133	59.9410853539392	193.828021900593	0
2134	54.6233431408589	69.8778690137159	0
2135	54.6801212945867	75.8785133926371	0
2136	55.9658809081152	79.5325009170041	0
2137	54.7248487089850	86.0204775664310	0
2138	54.2293267581029	89.7077052645725	0
2139	54.0868841541219	94.7886140654820	0
2140	54.8984762797339	100.425500990877	0
2141	54.7071645684786	104.471199167028	0
2142	55.8282661478178	111.085403993536	0
2143	54.5044921183460	114.606663259967	0
2144	55.8590325947626	118.769987192321	0
2145	56.1128331479719	123.899310851727	0
2146	53.7599240666040	129.078974192201	0
2147	55.3360283437410	135.393945287085	0
2148	56.0370306932874	139.218816645713	0
2149	53.7666693876381	146.158479319335	0
2150	54.0682922795088	148.959210467556	0
2151	55.5562671528060	154.346562646773	0
2152	55.7619677588403	159.032549560242	0
2153	55.8139712959788	166.193139495978	0
2154	54.5706215185017	169.446212794024	0
2155	54.5621997088437	175.942467495489	0
2156	54.1343735900044	180.689837849573	0
2157	54.4637584484958	183.955031018138	0
2158	54.7738951882092	190.037013681080	0
2159	56.1079196069675	195.245427964482	0
2160	45.0920522606849	195.032416460022	0
2161	44.5713675998195	191.049372386819	0
2162	46.1396998881323	183.823767422017	0
2163	45.8081848026764	179.045463810531	0
2164	46.1350449736200	174.117455562231	0
2165	44.7866222200574	170.384621503330	0
2166	44.0820686957453	165.301962049633	0
2167	44.9844572916715	158.995674915438	0
2168	44.6235361304082	155.129046583481	0
2169	43.8807878890082	149.528087157748	0
2170	45.6558944629675	144.369493287124	0
2171	44.9779217919144	140.938310385669	0
2172	44.1701721883280	134.283778283683	0
2173	44.5780675660555	128.923021092826	0
2174	45.7575819036803	125.405638518867	0
2175	44.1677839670967	120.672842230756	0
2176	45.2097724735652	114.606519052533	0
2177	43.8450329314554	109.533872116734	0
2178	44.7399462774664	104.828197717042	0
2179	44.6295706952498	101.137756258707	0
2180	43.9654267668490	96.0646302032449	0
2181	43.9869844478686	89.0550950179945	0
2182	45.0375618557751	84.5913448548116	0
2183	44.5239127692125	79.8423920557890	0
2184	45.3335753922977	75.5060934237646	0
2185	44.1891649374722	68.9122232944285	0
2186	39.6928567467735	193.849450025612	0
2187	40.8131788705305	188.951115665413	0
2188	40.0580812455739	184.200023894788	0
2189	39.3800096853523	180.724446234720	0
2190	39.2988793811343	173.949992212886	0
2191	40.9334793414077	169.669398055172	0
2192	39.0914098951807	164.468979194553	0
2193	38.7924211969768	159.460388404115	0
2194	40.4907819153988	154.411511015882	0
2195	40.0947809346774	151.075927602994	0
2196	39.2589330757977	145.501223575788	0
2197	38.8160824334123	139.472868348515	0
2198	41.0065660240506	134.053227860493	0
2199	41.1007572614934	129.380950636382	0
2200	41.2152769311250	125.416047415501	0
2201	39.0095349292986	120.095963408571	0
2202	40.1588405511054	115.703380252004	0
2203	39.8483273994509	109.637371430796	0
2204	40.0945640626328	104.342013650931	0
2205	40.6420269456263	100.342181895754	0
2206	39.7531808567328	94.8007801971303	0
2207	39.5160871591752	90.9662363796908	0
2208	40.1209408591581	85.0155984459434	0
2209	39.7865286893608	80.1005847358729	0
2210	40.0720550588909	74.1702255042621	0
2211	39.4787650750057	70.7820417941470	0
2212	34.9684578135491	196.015041145948	0
2213	35.9442692061070	190.867745625475	0
2214	34.3404686364049	185.763448323189	0
2215	35.5429741867217	179.062209644616	0
2216	34.5261438711590	174.755087889977	0
2217	35.5225846236630	170.619034377056	0
2218	33.9022785781658	165.698204362897	0
2219	36.1458195324987	158.865387082605	0
2220	34.9406759508626	155.916866376616	0
2221	34.3127130520269	149.109658570427	0
2222	34.9943111061347	144.642144930472	0
2223	34.7583867870542	140.802687683732	0
2224	35.6429028985140	134.165397412590	0
2225	35.2154493586609	130.771864133850	0
2226	34.8150869065396	125.338571802828	0
2227	36.1456248190186	119.096560844443	0
2228	33.8533997788450	115.161039367491	0
2229	34.2806584411598	110.238260461133	0
2230	34.8613382070529	106.176947264124	0
2231	35.5038450019579	99.8341794244393	0
2232	34.8548247609871	95.3828051712497	0
2233	35.1027548149323	89.3085363994144	0
2234	34.9317909551279	85.2667577669883	0
2235	35.8223399485016	79.1779164101755	0
2236	35.9615533448569	76.1423031114663	0
2237	33.8235079768670	71.1715743620115	0
2238	29.4677190440070	194.233532478074	0
2239	28.9444172823543	189.092316008858	0
2240	31.2208465427070	184.992467341573	0
2241	29.6040037727484	179.881454991342	0
2242	29.1337586294775	173.867743250606	0
2243	30.5217725758598	169.783483190973	0
2244	29.4501680634295	166.111455776737	0
2245	30.2356112191538	159.577498731303	0
2246	29.3503684183358	155.156117908185	0
2247	31.0926047195148	150.990902537684	0
2248	29.1228056932329	145.004935746113	0
2249	29.9913506495374	139.731542150890	0
2250	30.6522433880989	135.184127864498	0
2251	31.1275785859836	129.049330768585	0
2252	29.3531255518357	123.870562995446	0
2253	30.4684765266721	119.963613816626	0
2254	28.7908437196323	115.297110861970	0
2255	31.0362521692372	110.901981648782	0
2256	31.0106664093476	105.244921194151	0
2257	29.5678535076415	100.067964474390	0
2258	30.9309975136459	95.5789675785502	0
2259	30.2145493430764	88.9223530290379	0
2260	30.4128145057238	83.8053441984429	0
2261	30.4611470867003	79.1972717157685	0
2262	30.4691888777412	74.9563440574456	0
2263	29.9667326788025	69.0240168477318	0
2264	24.4070565273792	195.391180376073	0
2265	24.2543651458017	190.971181746241	0
2266	24.9612985848906	184.221312328123	0
2267	26.2293928779970	178.981105614688	0
2268	24.8826007424914	174.829937227916	0
2269	26.0635788721294	169.297853211642	0
2270	24.8978206996699	165.520776962043	0
2271	24.5550941139311	159.487916242445	0
2272	25.8225377162719	155.567684015467	0
2273	25.2333272879667	149.391083105264	0
2274	24.0368843320072	146.014752892172	0
2275	23.9568321263014	139.099749989946	0
2276	24.7686072440359	135.472630316046	0
2277	24.3869904153462	128.953932503717	0
2278	25.6271339912488	126.225512275667	0
2279	26.2127075119547	120.099920696047	0
2280	24.4232130398972	113.894838912288	0
2281	24.7728595689180	110.639070210361	0
2282	24.2997222821629	103.834376874781	0
2283	25.7237483030263	101.087867252569	0
2284	25.0805841301125	96.0190131387475	0
2285	24.5250955801825	89.6353659108848	0
2286	25.4036587545839	84.4824280752351	0
2287	24.0190800062567	81.0431771158461	0
2288	24.2407858735103	73.9626642338765	0
2289	24.1217074344259	70.7926474159379	0
2290	19.4039470804309	194.784637581614	0
2291	20.8268677503409	189.361625413050	0
2292	19.0448352534697	183.948175516044	0
2293	19.3868371249435	178.998681291222	0
2294	20.6182069515728	173.989932686659	0
2295	21.2439566291342	169.713304810980	0
2296	19.1157430153276	163.839783420121	0
2297	20.4062126031114	159.305224326031	0
2298	19.0666666849290	155.888863752700	0
2299	19.3570571396326	151.210643914246	0
2300	21.0991750111281	144.815031250313	0
2301	19.0981790486697	141.196778801719	0
2302	18.9776967691080	135.268625902892	0
2303	18.9901182359064	130.450185826184	0
2304	20.7422659066044	125.948187398485	0
2305	19.0973498005252	119.050577355087	0
2306	19.0066071522794	114.368430355636	0
2307	19.9432479123623	110.891359229332	0
2308	18.9543247333657	104.578818942506	0
2309	20.2314705363219	100.579235369783	0
2310	19.1188313288740	95.8611799394791	0
2311	21.0166389680145	89.4703329724643	0
2312	19.6232418997804	84.3985396636009	0
2313	19.4950091724567	79.6857022189613	0
2314	19.8849141270422	75.8469585728667	0
2315	20.4648480708102	68.7745826255666	0
2316	13.8394050607440	195.029702674074	0
2317	15.4302555884337	190.649380412360	0
2318	15.5808139767900	184.708244042508	0
2319	14.0348636079554	179.421876400676	0
2320	14.7963110623758	176.008527073699	0
2321	15.4523013167796	171.141360515196	0
2322	14.8736920752027	165.787947341085	0
2323	14.6381892880249	159.804541473540	0
2324	15.2215220519907	155.047155794338	0
2325	14.8756234010454	150.969001483865	0
2326	15.5068950870473	144.186686552485	0
2327	13.7543756498734	140.540053394458	0
2328	15.0806400636888	134.662991937084	0
2329	15.1012724329540	130.672503803043	0
2330	15.6066689939342	125.335216913992	0
2331	15.9734542416508	120.820618395684	0
2332	14.3786506583456	115.740505378191	0
2333	15.6685914833094	109.870155205634	0
2334	14.0691008500719	105.045279261409	0
2335	13.8452167178167	98.9169917088130	0
2336	14.7617937515787	93.9289131656483	0
2337	14.1837670977097	89.8320418250086	0
2338	15.7852692640728	84.0709035079647	0
2339	14.9772394088480	80.4430456535843	0
2340	14.7598574617284	73.9578006529542	0
2341	16.0628570447147	70.4887838486442	0
2342	10.7027711304226	194.343995528733	0
2343	10.3895430002940	190.318086777749	0
2344	10.9880119016112	185.258291029129	0
2345	10.3541555529948	179.699891484234	0
2346	9.77053348028830	176.106278441136	0
2347	9.44630744045532	168.759371808599	0
2348	8.77340369408832	165.569473834391	0
2349	9.27775530071067	160.102809306282	0
2350	9.88935585245344	154.297041335205	0
2351	10.7378046613316	149.229758294464	0
2352	9.01564116818142	144.967886649746	0
2353	10.4426659078206	140.510681975229	0
2354	9.16824763293849	133.934719351954	0
2355	9.92596402830596	131.192165923611	0
2356	8.88547013792642	124.840873784584	0
2357	10.3446284839700	120.335887864752	0
2358	9.34755363851328	114.619692423230	0
2359	9.28212460453500	108.770424840734	0
2360	10.0778556665276	105.928450265320	0
2361	8.89103948466704	98.7800347302966	0
2362	9.91857420933307	94.2321760588132	0
2363	8.85094690092156	90.1475838993875	0
2364	10.9484065538557	84.5102386567418	0
2365	11.1228809962893	79.4246362491530	0
2366	8.84844614305160	74.5874214104083	0
2367	10.9174353167475	70.8470862366788	0
2368	5.32179407727695	194.650685600261	0
2369	5.69297801225073	188.834145177684	0
2370	4.92216646099399	184.106379857032	0
2371	6.17604496092597	179.504967055305	0
2372	5.60197716598898	174.673696596358	0
2373	5.36382692773002	169.267227935211	0
2374	6.16580230454511	166.091957973971	0
2375	5.13838663515837	161.156910819641	0
2376	5.45944409699432	155.946551423177	0
2377	6.14680975624190	150.409879460545	0
2378	4.54726983684967	143.800893799047	0
2379	5.66853310544964	139.446040790345	0
2380	5.34208469440433	133.852995486464	0
2381	3.80435371144411	131.249850344827	0
2382	3.97868965822150	125.592133023299	0
2383	5.69742008900950	119.785483594148	0
2384	3.82191832919221	114.784996827167	0
2385	4.03914996920922	110.876920458848	0
2386	3.92165341133059	104.276203067191	0
2387	4.68141439885959	99.2805202482723	0
2388	4.05489353854536	95.9603069849692	0
2389	3.85490765991347	89.1915130841771	0
2390	5.22626087348930	84.4468380674170	0
2391	6.20260553018298	79.6790473537205	0
2392	6.06947442005313	74.1576577673084	0
2393	4.40006349476683	69.1592529302417	0
2394	4.32625471308608	5.12639053738656	0
2395	6.08554386531579	8.75087097854708	0
2396	6.03362248494415	14.1670431536274	0
2397	6.24493605119646	20.1493857216431	0
2398	5.41376052338659	25.5133562323478	0
2399	5.14057323216183	29.9324192178549	0
2400	5.87594689300560	33.9739882323124	0
2401	5.57027439231639	39.6534424236980	0
2402	4.35522625443038	45.3171828198674	0
2403	5.56233350398481	50.9353946622195	0
2404	4.34940125058130	55.1643802517649	0
2405	4.24947149884615	60.0362586887526	0
2406	9.91009267318480	4.75199695140632	0
2407	9.90004085921566	10.3516328632082	0
2408	9.90627784617270	15.6956175907415	0
2409	9.90322579545756	19.1493237213078	0
2410	10.4276572253580	25.0824619949502	0
2411	9.32566706697226	29.4221494630664	0
2412	9.98615989453927	35.6689680916688	0
2413	10.9268277592989	40.9381936152260	0
2414	9.85254170733122	45.1497999182216	0
2415	10.1461481535559	49.4669992774258	0
2416	8.80973210106404	54.7045718017746	0
2417	10.1626764017640	59.8971609065347	0
2418	14.5509283725776	4.15169067053121	0
2419	14.9497587168982	10.2939940999594	0
2420	16.1454508850757	14.7907565333761	0
2421	13.9643097850473	20.7676897658861	0
2422	16.0937927983487	25.2537482443146	0
2423	15.7069065508040	30.3707758024047	0
2424	14.7529461518156	36.0457963259821	0
2425	13.8695679272167	40.5378599955036	0
2426	14.1868362260391	45.5686854141625	0
2427	16.0418393559854	49.3919573507095	0
2428	15.3301190072345	54.1265872741692	0
2429	14.6863265353502	58.7577267065601	0
2430	19.5466280443394	5.21140596419828	0
2431	18.7722412479965	10.1208096473828	0
2432	20.7835902261677	14.6810532620936	0
2433	20.0235719809225	21.1407771812970	0
2434	20.4067682226201	25.3058809509471	0
2435	21.2097582080208	30.4957232450559	0
2436	21.0536791802732	34.9172703387662	0
2437	19.2613362598171	41.2411685209251	0
2438	19.5900135947500	44.9293179931100	0
2439	19.5714402473985	51.2221489497448	0
2440	20.6345016040824	56.1031398657544	0
2441	19.2417857983177	59.0921640848263	0
2442	24.5241410510844	4.55528189629280	0
2443	24.1190054403748	10.6818885925087	0
2444	25.3761696688828	13.7638164016441	0
2445	24.2962679884131	21.0951135726371	0
2446	24.3494793797142	24.9015907187459	0
2447	24.1534403501626	29.9189621187030	0
2448	26.1968046647948	34.7840653700198	0
2449	25.5314536213214	38.7848424377757	0
2450	24.7235753592509	44.2719027411890	0
2451	23.9487515853401	50.2092299035078	0
2452	24.0904272941956	55.1412805256364	0
2453	25.5633112871309	59.7271090927167	0
2454	28.8961315962750	5.95120070072127	0
2455	30.2427036884026	10.1815049590708	0
2456	31.1672202684485	16.0789473437679	0
2457	30.8903689552523	20.2379295482952	0
2458	29.9993806225515	25.0988696018879	0
2459	29.2089694629665	29.5489899344612	0
2460	29.8946994469460	36.2351009026450	0
2461	28.8617214713742	40.9531818715077	0
2462	30.1320160218752	44.9933029573775	0
2463	31.0538947763120	50.0032540844294	0
2464	30.1507544735191	55.2636876746273	0
2465	30.0005085035001	60.6870871266233	0
2466	35.5212249832702	5.97780498768238	0
2467	36.0945292846717	10.6562788988410	0
2468	34.0651659131679	15.4766758081616	0
2469	36.1706296765003	21.0678417917555	0
2470	34.9809045013745	24.3215206634473	0
2471	34.2305908234410	29.8595472253863	0
2472	35.2374444509575	35.2352586928905	0
2473	35.6816524341062	40.6162684237667	0
2474	35.1277315588855	45.5467636409371	0
2475	34.1759176294528	50.3899185159266	0
2476	35.7447224724911	55.2195082161409	0
2477	33.9415300299672	61.0890641789587	0
2478	40.9277728340059	5.34694406198213	0
2479	40.0899430643028	9.30918624065166	0
2480	38.9072888029632	14.1733500289180	0
2481	39.2880524494942	19.7273469530574	0
2482	40.4056988763016	24.8975285479716	0
2483	39.3081867470813	30.8636074870067	0
2484	40.3706830388299	35.0832081983871	0
2485	39.0409003196687	38.9281977486993	0
2486	39.0280394677650	44.6340452441364	0
2487	40.9360554380486	51.0699048256806	0
2488	39.5472973741148	54.7856199307052	0
2489	41.2046802431654	59.6723845708254	0
2490	46.1876830404579	5.87724019564028	0
2491	44.7537374696296	10.7440059060598	0
2492	46.1582675331918	14.6255889706133	0
2493	44.0295312884345	20.6909975417011	0
2494	44.5507243789966	23.8711754206019	0
2495	46.2425888623974	30.2256767253373	0
2496	45.4049002281896	34.1455941860615	0
2497	44.7743263886706	41.0940556001347	0
2498	44.2781712573765	44.2712687411743	0
2499	46.1334880154159	49.7700681110300	0
2500	45.0582448807631	55.1516971616241	0
2501	46.0945793501991	59.7816375465550	0
$EndNodes
$Elements
5109
1 15 2 201 1 1
2 15 2 201 2 2
3 15 2 101 3 3
4 15 2 101 4 4
5 15 2 101 5 5
6 15 2 202 6 6
7 15 2 201 7 7
8 15 2 201 8 8
9 15 2 0 9 9
10 1 2 201 1 1 10
11 1 2 201 1 10 11
12 1 2 201 1 11 12
13 1 2 201 1 12 13
14 1 2 201 1 13 14
15 1 2 201 1 14 15
16 1 2 201 1 15 16
17 1 2 201 1 16 17
18 1 2 201 1 17 18
19 1 2 201 1 18 2
20 1 2 201 2 2 19
21 1 2 201 2 19 20
22 1 2 201 2 20 21
23 1 2 201 2 21 22
24 1 2 201 2 22 23
25 1 2 201 2 23 24
26 1 2 201 2 24 25
27 1 2 201 2 25 26
28 1 2 201 2 26 27
29 1 2 201 2 27 28
30 1 2 201 2 28 29
31 1 2 201 2 29 30
32 1 2 201 2 30 31
33 1 2 201 2 31 32
34 1 2 201 2 32 33
35 1 2 201 2 33 34
36 1 2 201 2 34 35
37 1 2 201 2 35 36
38 1 2 201 2 36 37
39 1 2 201 2 37 38
40 1 2 201 2 38 39
41 1 2 201 2 39 40
42 1 2 201 2 40 41
43 1 2 201 2 41 42
44 1 2 201 2 42 43
45 1 2 201 2 43 44
46 1 2 201 2 44 45
47 1 2 201 2 45 46
48 1 2 201 2 46 47
49 1 2 201 2 47 48
50 1 2 201 2 48 49
51 1 2 201 2 49 50
52 1 2 201 2 50 51
53 1 2 201 2 51 52
54 1 2 201 2 52 53
55 1 2 201 2 53 54
56 1 2 201 2 54 55
57 1 2 201 2 55 56
58 1 2 201 2 56 57
59 1 2 201 2 57 58
60 1 2 201 2 58 59
61 1 2 201 2 59 60
62 1 2 201 2 60 61
63 1 2 201 2 61 62
64 1 2 201 2 62 63
65 1 2 201 2 63 64
66 1 2 201 2 64 65
67 1 2 201 2 65 66
68 1 2 201 2 66 67
69 1 2 201 2 67 3
70 1 2 101 3 3 68
71 1 2 101 3 68 69
72 1 2 101 3 69 70
73 1 2 101 3 70 71
74 1 2 101 3 71 72
75 1 2 101 3 72 73
76 1 2 101 3 73 74
77 1 2 101 3 74 75
78 1 2 101 3 75 76
79 1 2 101 3 76 77
80 1 2 101 3 77 78
81 1 2 101 3 78 79
82 1 2 101 3 79 4
83 1 2 101 4 4 80
84 1 2 101 4 80 81
85 1 2 101 4 81 82
86 1 2 101 4 82 83
87 1 2 101 4 83 84
88 1 2 101 4 84 85
89 1 2 101 4 85 86
90 1 2 101 4 86 87
91 1 2 101 4 87 88
92 1 2 101 4 88 89
93 1 2 101 4 89 90
94 1 2 101 4 90 91
95 1 2 101 4 91 92
96 1 2 101 4 92 93
97 1 2 101 4 93 94
98 1 2 101 4 94 95
99 1 2 101 4 95 96
100 1 2 101 4 96 97
101 1 2 101 4 97 98
102 1 2 101 4 98 99
103 1 2 101 4 99 100
104 1 2 101 4 100 101
105 1 2 101 4 101 102
106 1 2 101 4 102 103
107 1 2 101 4 103 104
108 1 2 101 4 104 105
109 1 2 101 4 105 5
110 1 2 201 5 5 106
111 1 2 201 5 106 107
112 1 2 201 5 107 108
113 1 2 201 5 108 109
114 1 2 201 5 109 110
115 1 2 201 5 110 111
116 1 2 201 5 111 112
117 1 2 201 5 112 113
118 1 2 201 5 113 114
119 1 2 201 5 114 115
120 1 2 201 5 115 116
121 1 2 201 5 116 117
122 1 2 201 5 117 118
123 1 2 201 5 118 119
124 1 2 201 5 119 120
125 1 2 201 5 120 121
126 1 2 201 5 121 122
127 1 2 201 5 122 123
128 1 2 201 5 123 124
129 1 2 201 5 124 125
130 1 2 201 5 125 126
131 1 2 201 5 126 127
132 1 2 201 5 127 128
133 1 2 201 5 128 129
134 1 2 201 5 129 130
135 1 2 201 5 130 131
136 1 2 201 5 131 132
137 1 2 201 5 132 133
138 1 2 201 5 133 134
139 1 2 201 5 134 135
140 1 2 201 5 135 136
141 1 2 201 5 136 137
142 1 2 201 5 137 138
143 1 2 201 5 138 139
144 1 2 201 5 139 140
145 1 2 201 5 140 141
146 1 2 201 5 141 142
147 1 2 201 5 142 143
148 1 2 201 5 143 144
149 1 2 201 5 144 145
150 1 2 201 5 145 146
151 1 2 201 5 146 147
152 1 2 201 5 147 148
153 1 2 201 5 148 149
154 1 2 201 5 149 150
155 1 2 201 5 150 151
156 1 2 201 5 151 152
157 1 2 201 5 152 153
158 1 2 201 5 153 154
159 1 2 201 5 154 6
160 1 2 202 6 6 155
161 1 2 202 6 155 156
162 1 2 202 6 156 157
163 1 2 202 6 157 158
164 1 2 202 6 158 159
165 1 2 202 6 159 160
166 1 2 202 6 160 161
167 1 2 202 6 161 162
168 1 2 202 6 162 163
169 1 2 202 6 163 7
170 1 2 201 7 7 164
171 1 2 201 7 164 165
172 1 2 201 7 165 166
173 1 2 201 7 166 167
174 1 2 201 7 167 168
175 1 2 201 7 168 169
176 1 2 201 7 169 170
177 1 2 201 7 170 171
178 1 2 201 7 171 172
179 1 2 201 7 172 173
180 1 2 201 7 173 174
181 1 2 201 7 174 175
182 1 2 201 7 175 176
183 1 2 201 7 176 177
184 1 2 201 7 177 178
185 1 2 201 7 178 179
186 1 2 201 7 179 180
187 1 2 201 7 180 181
188 1 2 201 7 181 182
189 1 2 201 7 182 183
190 1 2 201 7 183 184
191 1 2 201 7 184 185
192 1 2 201 7 185 186
193 1 2 201 7 186 187
194 1 2 201 7 187 188
195 1 2 201 7 188 189
196 1 2 201 7 189 8
197 1 2 201 8 8 190
198 1 2 201 8 190 191
199 1 2 201 8 191 192
200 1 2 201 8 192 193
201 1 2 201 8 193 194
202 1 2 201 8 194 195
203 1 2 201 8 195 196
204 1 2 201 8 196 197
205 1 2 201 8 197 198
206 1 2 201 8 198 199
207 1 2 201 8 199 200
208 1 2 201 8 200 201
209 1 2 201 8 201 1
210 1 2 0 9 6 202
211 1 2 0 9 202 203
212 1 2 0 9 203 204
213 1 2 0 9 204 205
214 1 2 0 9 205 206
215 1 2 0 9 206 207
216 1 2 0 9 207 208
217 1 2 0 9 208 209
218 1 2 0 9 209 210
219 1 2 0 9 210 211
220 1 2 0 9 211 212
221 1 2 0 9 212 213
222 1 2 0 9 213 214
223 1 2 0 9 214 215
224 1 2 0 9 215 216
225 1 2 0 9 216 217
226 1 2 0 9 217 218
227 1 2 0 9 218 219
228 1 2 0 9 219 220
229 1 2 0 9 220 221
230 1 2 0 9 221 222
231 1 2 0 9 222 223
232 1 2 0 9 223 224
233 1 2 0 9 224 225
234 1 2 0 9 225 226
235 1 2 0 9 226 227
236 1 2 0 9 227 9
237 1 2 0 10 9 228
238 1 2 0 10 228 229
239 1 2 0 10 229 230
240 1 2 0 10 230 231
241 1 2 0 10 231 232
242 1 2 0 10 232 233
243 1 2 0 10 233 234
244 1 2 0 10 234 235
245 1 2 0 10 235 236
246 1 2 0 10 236 237
247 1 2 0 10 237 238
248 1 2 0 10 238 239
249 1 2 0 10 239 2
250 1 2 0 11 9 240
251 1 2 0 11 240 241
252 1 2 0 11 241 242
253 1 2 0 11 242 243
254 1 2 0 11 243 244
255 1 2 0 11 244 245
256 1 2 0 11 245 246
257 1 2 0 11 246 247
258 1 2 0 11 247 248
259 1 2 0 11 248 8
260 1 2 0 12 4 249
261 1 2 0 12 249 250
262 1 2 0 12 250 251
263 1 2 0 12 251 252
264 1 2 0 12 252 253
265 1 2 0 12 253 254
266 1 2 0 12 254 255
267 1 2 0 12 255 256
268 1 2 0 12 256 257
269 1 2 0 12 257 258
270 1 2 0 12 258 259
271 1 2 0 12 259 260
272 1 2 0 12 260 261
273 1 2 0 12 261 262
274 1 2 0 12 262 263
275 1 2 0 12 263 264
276 1 2 0 12 264 265
277 1 2 0 12 265 266
278 1 2 0 12 266 267
279 1 2 0 12 267 268
280 1 2 0 12 268 269
281 1 2 0 12 269 270
282 1 2 0 12 270 271
283 1 2 0 12 271 272
284 1 2 0 12 272 273
285 1 2 0 12 273 274
286 1 2 0 12 274 275
287 1 2 0 12 275 276
288 1 2 0 12 276 277
289 1 2 0 12 277 278
290 1 2 0 12 278 279
291 1 2 0 12 279 280
292 1 2 0 12 280 281
293 1 2 0 12 281 282
294 1 2 0 12 282 283
295 1 2 0 12 283 284
296 1 2 0 12 284 285
297 1 2 0 12 285 286
298 1 2 0 12 286 287
299 1 2 0 12 287 288
300 1 2 0 12 288 289
301 1 2 0 12 289 290
302 1 2 0 12 290 291
303 1 2 0 12 291 292
304 1 2 0 12 292 293
305 1 2 0 12 293 294
306 1 2 0 12 294 295
307 1 2 0 12 295 296
308 1 2 0 12 296 297
309 1 2 0 12 297 9
310 2 2 0 14 2 19 239
311 2 2 0 14 239 19 298
312 2 2 0 14 239 298 238
313 2 2 0 14 238 298 299
314 2 2 0 14 238 299 237
315 2 2 0 14 237 299 300
316 2 2 0 14 237 300 236
317 2 2 0 14 236 300 301
318 2 2 0 14 236 301 235
319 2 2 0 14 235 301 302
320 2 2 0 14 235 302 234
321 2 2 0 14 234 302 303
322 2 2 0 14 234 303 233
323 2 2 0 14 233 303 304
324 2 2 0 14 233 304 232
325 2 2 0 14 232 304 305
326 2 2 0 14 232 305 231
327 2 2 0 14 231 305 306
328 2 2 0 14 231 306 230
329 2 2 0 14 230 306 307
330 2 2 0 14 230 307 229
331 2 2 0 14 229 307 308
332 2 2 0 14 229 308 228
333 2 2 0 14 228 308 309
334 2 2 0 14 228 309 9
335 2 2 0 14 9 309 297
336 2 2 0 14 19 20 298
337 2 2 0 14 298 20 310
338 2 2 0 14 298 310 299
339 2 2 0 14 299 310 311
340 2 2 0 14 299 311 300
341 2 2 0 14 300 311 312
342 2 2 0 14 300 312 301
343 2 2 0 14 301 312 313
344 2 2 0 14 301 313 302
345 2 2 0 14 302 313 314
346 2 2 0 14 302 314 303
347 2 2 0 14 303 314 315
348 2 2 0 14 303 315 304
349 2 2 0 14 304 315 316
350 2 2 0 14 304 316 305
351 2 2 0 14 305 316 317
352 2 2 0 14 305 317 306
353 2 2 0 14 306 317 318
354 2 2 0 14 306 318 307
355 2 2 0 14 307 318 319
356 2 2 0 14 307 319 308
357 2 2 0 14 308 319 320
358 2 2 0 14 308 320 309
359 2 2 0 14 309 320 321
360 2 2 0 14 309 321 297
361 2 2 0 14 297 321 296
362 2 2 0 14 20 21 310
363 2 2 0 14 310 21 322
364 2 2 0 14 310 322 311
365 2 2 0 14 311 322 323
366 2 2 0 14 311 323 312
367 2 2 0 14 312 323 324
368 2 2 0 14 312 324 313
369 2 2 0 14 313 324 325
370 2 2 0 14 313 325 314
371 2 2 0 14 314 325 326
372 2 2 0 14 314 326 315
373 2 2 0 14 315 326 327
374 2 2 0 14 315 327 316
375 2 2 0 14 316 327 328
376 2 2 0 14 316 328 317
377 2 2 0 14 317 328 329
378 2 2 0 14 317 329 318
379 2 2 0 14 318 329 330
380 2 2 0 14 318 330 319
381 2 2 0 14 319 330 331
382 2 2 0 14 319 331 320
383 2 2 0 14 320 331 332
384 2 2 0 14 320 332 321
385 2 2 0 14 321 332 333
386 2 2 0 14 321 333 296
387 2 2 0 14 296 333 295
388 2 2 0 14 21 22 322
389 2 2 0 14 322 22 334
390 2 2 0 14 322 334 323
391 2 2 0 14 323 334 335
392 2 2 0 14 323 335 324
393 2 2 0 14 324 335 336
394 2 2 0 14 324 336 325
395 2 2 0 14 325 336 337
396 2 2 0 14 325 337 326
397 2 2 0 14 326 337 338
398 2 2 0 14 326 338 327
399 2 2 0 14 327 338 339
400 2 2 0 14 327 339 328
401 2 2 0 14 328 339 340
402 2 2 0 14 328 340 329
403 2 2 0 14 329 340 341
404 2 2 0 14 329 341 330
405 2 2 0 14 330 341 342
406 2 2 0 14 330 342 331
407 2 2 0 14 331 342 343
408 2 2 0 14 331 343 332
409 2 2 0 14 332 343 344
410 2 2 0 14 332 344 333
411 2 2 0 14 333 344 345
412 2 2 0 14 333 345 295
413 2 2 0 14 295 345 294
414 2 2 0 14 22 23 334
415 2 2 0 14 334 23 346
416 2 2 0 14 334 346 335
417 2 2 0 14 335 346 347
418 2 2 0 14 335 347 336
419 2 2 0 14 336 347 348
420 2 2 0 14 336 348 337
421 2 2 0 14 337 348 349
422 2 2 0 14 337 349 338
423 2 2 0 14 338 349 350
424 2 2 0 14 338 350 339
425 2 2 0 14 339 350 351
426 2 2 0 14 339 351 340
427 2 2 0 14 340 351 352
428 2 2 0 14 340 352 341
429 2 2 0 14 341 352 353
430 2 2 0 14 341 353 342
431 2 2 0 14 342 353 354
432 2 2 0 14 342 354 343
433 2 2 0 14 343 354 355
434 2 2 0 14 343 355 344
435 2 2 0 14 344 355 356
436 2 2 0 14 344 356 345
437 2 2 0 14 345 356 357
438 2 2 0 14 345 357 294
439 2 2 0 14 294 357 293
440 2 2 0 14 23 24 346
441 2 2 0 14 346 24 358
442 2 2 0 14 346 358 347
443 2 2 0 14 347 358 359
444 2 2 0 14 347 359 348
445 2 2 0 14 348 359 360
446 2 2 0 14 348 360 349
447 2 2 0 14 349 360 361
448 2 2 0 14 349 361 350
449 2 2 0 14 350 361 362
450 2 2 0 14 350 362 351
451 2 2 0 14 351 362 363
452 2 2 0 14 351 363 352
453 2 2 0 14 352 363 364
454 2 2 0 14 352 364 353
455 2 2 0 14 353 364 365
456 2 2 0 14 353 365 354
457 2 2 0 14 354 365 366
458 2 2 0 14 354 366 355
459 2 2 0 14 355 366 367
460 2 2 0 14 355 367 356
461 2 2 0 14 356 367 368
462 2 2 0 14 356 368 357
463 2 2 0 14 357 368 369
464 2 2 0 14 357 369 293
465 2 2 0 14 293 369 292
466 2 2 0 14 24 25 358
467 2 2 0 14 358 25 370
468 2 2 0 14 358 370 359
469 2 2 0 14 359 370 371
470 2 2 0 14 359 371 360
471 2 2 0 14 360 371 372
472 2 2 0 14 360 372 361
473 2 2 0 14 361 372 373
474 2 2 0 14 361 373 362
475 2 2 0 14 362 373 374
476 2 2 0 14 362 374 363
477 2 2 0 14 363 374 375
478 2 2 0 14 363 375 364
479 2 2 0 14 364 375 376
480 2 2 0 14 364 376 365
481 2 2 0 14 365 376 377
482 2 2 0 14 365 377 366
483 2 2 0 14 366 377 378
484 2 2 0 14 366 378 367
485 2 2 0 14 367 378 379
486 2 2 0 14 367 379 368
487 2 2 0 14 368 379 380
488 2 2 0 14 368 380 369
489 2 2 0 14 369 380 381
490 2 2 0 14 369 381 292
491 2 2 0 14 292 381 291
492 2 2 0 14 25 26 370
493 2 2 0 14 370 26 382
494 2 2 0 14 370 382 371
495 2 2 0 14 371 382 383
496 2 2 0 14 371 383 372
497 2 2 0 14 372 383 384
498 2 2 0 14 372 384 373
499 2 2 0 14 373 384 385
500 2 2 0 14 373 385 374
501 2 2 0 14 374 385 386
502 2 2 0 14 374 386 375
503 2 2 0 14 375 386 387
504 2 2 0 14 375 387 376
505 2 2 0 14 376 387 388
506 2 2 0 14 376 388 377
507 2 2 0 14 377 388 389
508 2 2 0 14 377 389 378
509 2 2 0 14 378 389 390
510 2 2 0 14 378 390 379
511 2 2 0 14 379 390 391
512 2 2 0 14 379 391 380
513 2 2 0 14 380 391 392
514 2 2 0 14 380 392 381
515 2 2 0 14 381 392 393
516 2 2 0 14 381 393 291
517 2 2 0 14 291 393 290
518 2 2 0 14 26 27 382
519 2 2 0 14 382 27 394
520 2 2 0 14 382 394 383
521 2 2 0 14 383 394 395
522 2 2 0 14 383 395 384
523 2 2 0 14 384 395 396
524 2 2 0 14 384 396 385
525 2 2 0 14 385 396 397
526 2 2 0 14 385 397 386
527 2 2 0 14 386 397 398
528 2 2 0 14 386 398 387
529 2 2 0 14 387 398 399
530 2 2 0 14 387 399 388
531 2 2 0 14 388 399 400
532 2 2 0 14 388 400 389
533 2 2 0 14 389 400 401
534 2 2 0 14 389 401 390
535 2 2 0 14 390 401 402
536 2 2 0 14 390 402 391
537 2 2 0 14 391 402 403
538 2 2 0 14 391 403 392
539 2 2 0 14 392 403 404
540 2 2 0 14 392 404 393
541 2 2 0 14 393 404 405
542 2 2 0 14 393 405 290
543 2 2 0 14 290 405 289
544 2 2 0 14 27 28 394
545 2 2 0 14 394 28 406
546 2 2 0 14 394 406 395
547 2 2 0 14 395 406 407
548 2 2 0 14 395 407 396
549 2 2 0 14 396 407 408
550 2 2 0 14 396 408 397
551 2 2 0 14 397 408 409
552 2 2 0 14 397 409 398
553 2 2 0 14 398 409 410
554 2 2 0 14 398 410 399
555 2 2 0 14 399 410 411
556 2 2 0 14 399 411 400
557 2 2 0 14 400 411 412
558 2 2 0 14 400 412 401
559 2 2 0 14 401 412 413
560 2 2 0 14 401 413 402
561 2 2 0 14 402 413 414
562 2 2 0 14 402 414 403
563 2 2 0 14 403 414 415
564 2 2 0 14 403 415 404
565 2 2 0 14 404 415 416
566 2 2 0 14 404 416 405
567 2 2 0 14 405 416 417
568 2 2 0 14 405 417 289
569 2 2 0 14 289 417 288
570 2 2 0 14 28 29 406
571 2 2 0 14 406 29 418
572 2 2 0 14 406 418 407
573 2 2 0 14 407 418 419
574 2 2 0 14 407 419 408
575 2 2 0 14 408 419 420
576 2 2 0 14 408 420 409
577 2 2 0 14 409 420 421
578 2 2 0 14 409 421 410
579 2 2 0 14 410 421 422
580 2 2 0 14 410 422 411
581 2 2 0 14 411 422 423
582 2 2 0 14 411 423 412
583 2 2 0 14 412 423 424
584 2 2 0 14 412 424 413
585 2 2 0 14 413 424 425
586 2 2 0 14 413 425 414
587 2 2 0 14 414 425 426
588 2 2 0 14 414 426 415
589 2 2 0 14 415 426 427
590 2 2 0 14 415 427 416
591 2 2 0 14 416 427 428
592 2 2 0 14 416 428 417
593 2 2 0 14 417 428 429
594 2 2 0 14 417 429 288
595 2 2 0 14 288 429 287
596 2 2 0 14 29 30 418
597 2 2 0 14 418 30 430
598 2 2 0 14 418 430 419
599 2 2 0 14 419 430 431
600 2 2 0 14 419 431 420
601 2 2 0 14 420 431 432
602 2 2 0 14 420 432 421
603 2 2 0 14 421 432 433
604 2 2 0 14 421 433 422
605 2 2 0 14 422 433 434
606 2 2 0 14 422 434 423
607 2 2 0 14 423 434 435
608 2 2 0 14 423 435 424
609 2 2 0 14 424 435 436
610 2 2 0 14 424 436 425
611 2 2 0 14 425 436 437
612 2 2 0 14 425 437 426
613 2 2 0 14 426 437 438
614 2 2 0 14 426 438 427
615 2 2 0 14 427 438 439
616 2 2 0 14 427 439 428
617 2 2 0 14 428 439 440
618 2 2 0 14 428 440 429
619 2 2 0 14 429 440 441
620 2 2 0 14 429 441 287
621 2 2 0 14 287 441 286
622 2 2 0 14 30 31 430
623 2 2 0 14 430 31 442
624 2 2 0 14 430 442 431
625 2 2 0 14 431 442 443
626 2 2 0 14 431 443 432
627 2 2 0 14 432 443 444
628 2 2 0 14 432 444 433
629 2 2 0 14 433 444 445
630 2 2 0 14 433 445 434
631 2 2 0 14 434 445 446
632 2 2 0 14 434 446 435
633 2 2 0 14 435 446 447
634 2 2 0 14 435 447 436
635 2 2 0 14 436 447 448
636 2 2 0 14 436 448 437
637 2 2 0 14 437 448 449
638 2 2 0 14 437 449 438
639 2 2 0 14 438 449 450
640 2 2 0 14 438 450 439
641 2 2 0 14 439 450 451
642 2 2 0 14 439 451 440
643 2 2 0 14 440 451 452
644 2 2 0 14 440 452 441
645 2 2 0 14 441 452 453
646 2 2 0 14 441 453 286
647 2 2 0 14 286 453 285
648 2 2 0 14 31 32 442
649 2 2 0 14 442 32 454
650 2 2 0 14 442 454 443
651 2 2 0 14 443 454 455
652 2 2 0 14 443 455 444
653 2 2 0 14 444 455 456
654 2 2 0 14 444 456 445
655 2 2 0 14 445 456 457
656 2 2 0 14 445 457 446
657 2 2 0 14 446 457 458
658 2 2 0 14 446 458 447
659 2 2 0 14 447 458 459
660 2 2 0 14 447 459 448
661 2 2 0 14 448 459 460
662 2 2 0 14 448 460 449
663 2 2 0 14 449 460 461
664 2 2 0 14 449 461 450
665 2 2 0 14 450 461 462
666 2 2 0 14 450 462 451
667 2 2 0 14 451 462 463
668 2 2 0 14 451 463 452
669 2 2 0 14 452 463 464
670 2 2 0 14 452 464 453
671 2 2 0 14 453 464 465
672 2 2 0 14 453 465 285
673 2 2 0 14 285 465 284
674 2 2 0 14 32 33 454
675 2 2 0 14 454 33 466
676 2 2 0 14 454 466 455
677 2 2 0 14 455 466 467
678 2 2 0 14 455 467 456
679 2 2 0 14 456 467 468
680 2 2 0 14 456 468 457
681 2 2 0 14 457 468 469
682 2 2 0 14 457 469 458
683 2 2 0 14 458 469 470
684 2 2 0 14 458 470 459
685 2 2 0 14 459 470 471
686 2 2 0 14 459 471 460
687 2 2 0 14 460 471 472
688 2 2 0 14 460 472 461
689 2 2 0 14 461 472 473
690 2 2 0 14 461 473 462
691 2 2 0 14 462 473 474
692 2 2 0 14 462 474 463
693 2 2 0 14 463 474 475
694 2 2 0 14 463 475 464
695 2 2 0 14 464 475 476
696 2 2 0 14 464 476 465
697 2 2 0 14 465 476 477
698 2 2 0 14 465 477 284
699 2 2 0 14 284 477 283
700 2 2 0 14 33 34 466
701 2 2 0 14 466 34 478
702 2 2 0 14 466 478 467
703 2 2 0 14 467 478 479
704 2 2 0 14 467 479 468
705 2 2 0 14 468 479 480
706 2 2 0 14 468 480 469
707 2 2 0 14 469 480 481
708 2 2 0 14 469 481 470
709 2 2 0 14 470 481 482
710 2 2 0 14 470 482 471
711 2 2 0 14 471 482 483
712 2 2 0 14 471 483 472
713 2 2 0 14 472 483 484
714 2 2 0 14 472 484 473
715 2 2 0 14 473 484 485
716 2 2 0 14 473 485 474
717 2 2 0 14 474 485 486
718 2 2 0 14 474 486 475
719 2 2 0 14 475 486 487
720 2 2 0 14 475 487 476
721 2 2 0 14 476 487 488
722 2 2 0 14 476 488 477
723 2 2 0 14 477 488 489
724 2 2 0 14 477 489 283
725 2 2 0 14 283 489 282
726 2 2 0 14 34 35 478
727 2 2 0 14 478 35 490
728 2 2 0 14 478 490 479
729 2 2 0 14 479 490 491
730 2 2 0 14 479 491 480
731 2 2 0 14 480 491 492
732 2 2 0 14 480 492 481
733 2 2 0 14 481 492 493
734 2 2 0 14 481 493 482
735 2 2 0 14 482 493 494
736 2 2 0 14 482 494 483
737 2 2 0 14 483 494 495
738 2 2 0 14 483 495 484
739 2 2 0 14 484 495 496
740 2 2 0 14 484 496 485
741 2 2 0 14 485 496 497
742 2 2 0 14 485 497 486
743 2 2 0 14 486 497 498
744 2 2 0 14 486 498 487
745 2 2 0 14 487 498 499
746 2 2 0 14 487 499 488
747 2 2 0 14 488 499 500
748 2 2 0 14 488 500 489
749 2 2 0 14 489 500 501
750 2 2 0 14 489 501 282
751 2 2 0 14 282 501 281
752 2 2 0 14 35 36 490
753 2 2 0 14 490 36 502
754 2 2 0 14 490 502 491
755 2 2 0 14 491 502 503
756 2 2 0 14 491 503 492
757 2 2 0 14 492 503 504
758 2 2 0 14 492 504 493
759 2 2 0 14 493 504 505
760 2 2 0 14 493 505 494
761 2 2 0 14 494 505 506
762 2 2 0 14 494 506 495
763 2 2 0 14 495 506 507
764 2 2 0 14 495 507 496
765 2 2 0 14 496 507 508
766 2 2 0 14 496 508 497
767 2 2 0 14 497 508 509
768 2 2 0 14 497 509 498
769 2 2 0 14 498 509 510
770 2 2 0 14 498 510 499
771 2 2 0 14 499 510 511
772 2 2 0 14 499 511 500
773 2 2 0 14 500 511 512
774 2 2 0 14 500 512 501
775 2 2 0 14 501 512 513
776 2 2 0 14 501 513 281
777 2 2 0 14 281 513 280
778 2 2 0 14 36 37 502
779 2 2 0 14 502 37 514
780 2 2 0 14 502 514 503
781 2 2 0 14 503 514 515
782 2 2 0 14 503 515 504
783 2 2 0 14 504 515 516
784 2 2 0 14 504 516 505
785 2 2 0 14 505 516 517
786 2 2 0 14 505 517 506
787 2 2 0 14 506 517 518
788 2 2 0 14 506 518 507
789 2 2 0 14 507 518 519
790 2 2 0 14 507 519 508
791 2 2 0 14 508 519 520
792 2 2 0 14 508 520 509
793 2 2 0 14 509 520 521
794 2 2 0 14 509 521 510
795 2 2 0 14 510 521 522
796 2 2 0 14 510 522 511
797 2 2 0 14 511 522 523
798 2 2 0 14 511 523 512
799 2 2 0 14 512 523 524
800 2 2 0 14 512 524 513
801 2 2 0 14 513 524 525
802 2 2 0 14 513 525 280
803 2 2 0 14 280 525 279
804 2 2 0 14 37 38 514
805 2 2 0 14 514 38 526
806 2 2 0 14 514 526 515
807 2 2 0 14 515 526 527
808 2 2 0 14 515 527 516
809 2 2 0 14 516 527 528
810 2 2 0 14 516 528 517
811 2 2 0 14 517 528 529
812 2 2 0 14 517 529 518
813 2 2 0 14 518 529 530
814 2 2 0 14 518 530 519
815 2 2 0 14 519 530 531
816 2 2 0 14 519 531 520
817 2 2 0 14 520 531 532
818 2 2 0 14 520 532 521
819 2 2 0 14 521 532 533
820 2 2 0 14 521 533 522
821 2 2 0 14 522 533 534
822 2 2 0 14 522 534 523
823 2 2 0 14 523 534 535
824 2 2 0 14 523 535 524
825 2 2 0 14 524 535 536
826 2 2 0 14 524 536 525
827 2 2 0 14 525 536 537
828 2 2 0 14 525 537 279
829 2 2 0 14 279 537 278
830 2 2 0 14 38 39 526
831 2 2 0 14 526 39 538
832 2 2 0 14 526 538 527
833 2 2 0 14 527 538 539
834 2 2 0 14 527 539 528
835 2 2 0 14 528 539 540
836 2 2 0 14 528 540 529
837 2 2 0 14 529 540 541
838 2 2 0 14 529 541 530
839 2 2 0 14 530 541 542
840 2 2 0 14 530 542 531
841 2 2 0 14 531 542 543
842 2 2 0 14 531 543 532
843 2 2 0 14 532 543 544
844 2 2 0 14 532 544 533
845 2 2 0 14 533 544 545
846 2 2 0 14 533 545 534
847 2 2 0 14 534 545 546
848 2 2 0 14 534 546 535
849 2 2 0 14 535 546 547
850 2 2 0 14 535 547 536
851 2 2 0 14 536 547 548
852 2 2 0 14 536 548 537
853 2 2 0 14 537 548 549
854 2 2 0 14 537 549 278
855 2 2 0 14 278 549 277
856 2 2 0 14 39 40 538
857 2 2 0 14 538 40 550
858 2 2 0 14 538 550 539
859 2 2 0 14 539 550 551
860 2 2 0 14 539 551 540
861 2 2 0 14 540 551 552
862 2 2 0 14 540 552 541
863 2 2 0 14 541 552 553
864 2 2 0 14 541 553 542
865 2 2 0 14 542 553 554
866 2 2 0 14 542 554 543
867 2 2 0 14 543 554 555
868 2 2 0 14 543 555 544
869 2 2 0 14 544 555 556
870 2 2 0 14 544 556 545
871 2 2 0 14 545 556 557
872 2 2 0 14 545 557 546
873 2 2 0 14 546 557 558
874 2 2 0 14 546 558 547
875 2 2 0 14 547 558 559
876 2 2 0 14 547 559 548
877 2 2 0 14 548 559 560
878 2 2 0 14 548 560 549
879 2 2 0 14 549 560 561
880 2 2 0 14 549 561 277
881 2 2 0 14 277 561 276
882 2 2 0 14 40 41 550
883 2 2 0 14 550 41 562
884 2 2 0 14 550 562 551
885 2 2 0 14 551 562 563
886 2 2 0 14 551 563 552
887 2 2 0 14 552 563 564
888 2 2 0 14 552 564 553
889 2 2 0 14 553 564 565
890 2 2 0 14 553 565 554
891 2 2 0 14 554 565 566
892 2 2 0 14 554 566 555
893 2 2 0 14 555 566 567
894 2 2 0 14 555 567 556
895 2 2 0 14 556 567 568
896 2 2 0 14 556 568 557
897 2 2 0 14 557 568 569
898 2 2 0 14 557 569 558
899 2 2 0 14 558 569 570
900 2 2 0 14 558 570 559
901 2 2 0 14 559 570 571
902 2 2 0 14 559 571 560
903 2 2 0 14 560 571 572
904 2 2 0 14 560 572 561
905 2 2 0 14 561 572 573
906 2 2 0 14 561 573 276
907 2 2 0 14 276 573 275
908 2 2 0 14 41 42 562
909 2 2 0 14 562 42 574
910 2 2 0 14 562 574 563
911 2 2 0 14 563 574 575
912 2 2 0 14 563 575 564
913 2 2 0 14 564 575 576
914 2 2 0 14 564 576 565
915 2 2 0 14 565 576 577
916 2 2 0 14 565 577 566
917 2 2 0 14 566 577 578
918 2 2 0 14 566 578 567
919 2 2 0 14 567 578 579
920 2 2 0 14 567 579 568
921 2 2 0 14 568 579 580
922 2 2 0 14 568 580 569
923 2 2 0 14 569 580 581
924 2 2 0 14 569 581 570
925 2 2 0 14 570 581 582
926 2 2 0 14 570 582 571
927 2 2 0 14 571 582 583
928 2 2 0 14 571 583 572
929 2 2 0 14 572 583 584
930 2 2 0 14 572 584 573
931 2 2 0 14 573 584 585
932 2 2 0 14 573 585 275
933 2 2 0 14 275 585 274
934 2 2 0 14 42 43 574
935 2 2 0 14 574 43 586
936 2 2 0 14 574 586 575
937 2 2 0 14 575 586 587
938 2 2 0 14 575 587 576
939 2 2 0 14 576 587 588
940 2 2 0 14 576 588 577
941 2 2 0 14 577 588 589
942 2 2 0 14 577 589 578
943 2 2 0 14 578 589 590
944 2 2 0 14 578 590 579
945 2 2 0 14 579 590 591
946 2 2 0 14 579 591 580
947 2 2 0 14 580 591 592
948 2 2 0 14 580 592 581
949 2 2 0 14 581 592 593
950 2 2 0 14 581 593 582
951 2 2 0 14 582 593 594
952 2 2 0 14 582 594 583
953 2 2 0 14 583 594 595
954 2 2 0 14 583 595 584
955 2 2 0 14 584 595 596
956 2 2 0 14 584 596 585
957 2 2 0 14 585 596 597
958 2 2 0 14 585 597 274
959 2 2 0 14 274 597 273
960 2 2 0 14 43 44 586
961 2 2 0 14 586 44 598
962 2 2 0 14 586 598 587
963 2 2 0 14 587 598 599
964 2 2 0 14 587 599 588
965 2 2 0 14 588 599 600
966 2 2 0 14 588 600 589
967 2 2 0 14 589 600 601
968 2 2 0 14 589 601 590
969 2 2 0 14 590 601 602
970 2 2 0 14 590 602 591
971 2 2 0 14 591 602 603
972 2 2 0 14 591 603 592
973 2 2 0 14 592 603 604
974 2 2 0 14 592 604 593
975 2 2 0 14 593 604 605
976 2 2 0 14 593 605 594
977 2 2 0 14 594 605 606
978 2 2 0 14 594 606 595
979 2 2 0 14 595 606 607
980 2 2 0 14 595 607 596
981 2 2 0 14 596 607 608
982 2 2 0 14 596 608 597
983 2 2 0 14 597 608 609
984 2 2 0 14 597 609 273
985 2 2 0 14 273 609 272
986 2 2 0 14 44 45 598
987 2 2 0 14 598 45 610
988 2 2 0 14 598 610 599
989 2 2 0 14 599 610 611
990 2 2 0 14 599 611 600
991 2 2 0 14 600 611 612
992 2 2 0 14 600 612 601
993 2 2 0 14 601 612 613
994 2 2 0 14 601 613 602
995 2 2 0 14 602 613 614
996 2 2 0 14 602 614 603
997 2 2 0 14 603 614 615
998 2 2 0 14 603 615 604
999 2 2 0 14 604 615 616
1000 2 2 0 14 604 616 605
1001 2 2 0 14 605 616 617
1002 2 2 0 14 605 617 606
1003 2 2 0 14 606 617 618
1004 2 2 0 14 606 618 607
1005 2 2 0 14 607 618 619
1006 2 2 0 14 607 619 608
1007 2 2 0 14 608 619 620
1008 2 2 0 14 608 620 609
1009 2 2 0 14 609 620 621
1010 2 2 0 14 609 621 272
1011 2 2 0 14 272 621 271
1012 2 2 0 14 45 46 610
1013 2 2 0 14 610 46 622
1014 2 2 0 14 610 622 611
1015 2 2 0 14 611 622 623
1016 2 2 0 14 611 623 612
1017 2 2 0 14 612 623 624
1018 2 2 0 14 612 624 613
1019 2 2 0 14 613 624 625
1020 2 2 0 14 613 625 614
1021 2 2 0 14 614 625 626
1022 2 2 0 14 614 626 615
1023 2 2 0 14 615 626 627
1024 2 2 0 14 615 627 616
1025 2 2 0 14 616 627 628
1026 2 2 0 14 616 628 617
1027 2 2 0 14 617 628 629
1028 2 2 0 14 617 629 618
1029 2 2 0 14 618 629 630
1030 2 2 0 14 618 630 619
1031 2 2 0 14 619 630 631
1032 2 2 0 14 619 631 620
1033 2 2 0 14 620 631 632
1034 2 2 0 14 620 632 621
1035 2 2 0 14 621 632 633
1036 2 2 0 14 621 633 271
1037 2 2 0 14 271 633 270
1038 2 2 0 14 46 47 622
1039 2 2 0 14 622 47 634
1040 2 2 0 14 622 634 623
1041 2 2 0 14 623 634 635
1042 2 2 0 14 623 635 624
1043 2 2 0 14 624 635 636
1044 2 2 0 14 624 636 625
1045 2 2 0 14 625 636 637
1046 2 2 0 14 625 637 626
1047 2 2 0 14 626 637 638
1048 2 2 0 14 626 638 627
1049 2 2 0 14 627 638 639
1050 2 2 0 14 627 639 628
1051 2 2 0 14 628 639 640
1052 2 2 0 14 628 640 629
1053 2 2 0 14 629 640 641
1054 2 2 0 14 629 641 630
1055 2 2 0 14 630 641 642
1056 2 2 0 14 630 642 631
1057 2 2 0 14 631 642 643
1058 2 2 0 14 631 643 632
1059 2 2 0 14 632 643 644
1060 2 2 0 14 632 644 633
1061 2 2 0 14 633 644 645
1062 2 2 0 14 633 645 270
1063 2 2 0 14 270 645 269
1064 2 2 0 14 47 48 634
1065 2 2 0 14 634 48 646
1066 2 2 0 14 634 646 635
1067 2 2 0 14 635 646 647
1068 2 2 0 14 635 647 636
1069 2 2 0 14 636 647 648
1070 2 2 0 14 636 648 637
1071 2 2 0 14 637 648 649
1072 2 2 0 14 637 649 638
1073 2 2 0 14 638 649 650
1074 2 2 0 14 638 650 639
1075 2 2 0 14 639 650 651
1076 2 2 0 14 639 651 640
1077 2 2 0 14 640 651 652
1078 2 2 0 14 640 652 641
1079 2 2 0 14 641 652 653
1080 2 2 0 14 641 653 642
1081 2 2 0 14 642 653 654
1082 2 2 0 14 642 654 643
1083 2 2 0 14 643 654 655
1084 2 2 0 14 643 655 644
1085 2 2 0 14 644 655 656
1086 2 2 0 14 644 656 645
1087 2 2 0 14 645 656 657
1088 2 2 0 14 645 657 269
1089 2 2 0 14 269 657 268
1090 2 2 0 14 48 49 646
1091 2 2 0 14 646 49 658
1092 2 2 0 14 646 658 647
1093 2 2 0 14 647 658 659
1094 2 2 0 14 647 659 648
1095 2 2 0 14 648 659 660
1096 2 2 0 14 648 660 649
1097 2 2 0 14 649 660 661
1098 2 2 0 14 649 661 650
1099 2 2 0 14 650 661 662
1100 2 2 0 14 650 662 651
1101 2 2 0 14 651 662 663
1102 2 2 0 14 651 663 652
1103 2 2 0 14 652 663 664
1104 2 2 0 14 652 664 653
1105 2 2 0 14 653 664 665
1106 2 2 0 14 653 665 654
1107 2 2 0 14 654 665 666
1108 2 2 0 14 654 666 655
1109 2 2 0 14 655 666 667
1110 2 2 0 14 655 667 656
1111 2 2 0 14 656 667 668
1112 2 2 0 14 656 668 657
1113 2 2 0 14 657 668 669
1114 2 2 0 14 657 669 268
1115 2 2 0 14 268 669 267
1116 2 2 0 14 49 50 658
1117 2 2 0 14 658 50 670
1118 2 2 0 14 658 670 659
1119 2 2 0 14 659 670 671
1120 2 2 0 14 659 671 660
1121 2 2 0 14 660 671 672
1122 2 2 0 14 660 672 661
1123 2 2 0 14 661 672 673
1124 2 2 0 14 661 673 662
1125 2 2 0 14 662 673 674
1126 2 2 0 14 662 674 663
1127 2 2 0 14 663 674 675
1128 2 2 0 14 663 675 664
1129 2 2 0 14 664 675 676
1130 2 2 0 14 664 676 665
1131 2 2 0 14 665 676 677
1132 2 2 0 14 665 677 666
1133 2 2 0 14 666 677 678
1134 2 2 0 14 666 678 667
1135 2 2 0 14 667 678 679
1136 2 2 0 14 667 679 668
1137 2 2 0 14 668 679 680
1138 2 2 0 14 668 680 669
1139 2 2 0 14 669 680 681
1140 2 2 0 14 669 681 267
1141 2 2 0 14 267 681 266
1142 2 2 0 14 50 51 670
1143 2 2 0 14 670 51 682
1144 2 2 0 14 670 682 671
1145 2 2 0 14 671 682 683
1146 2 2 0 14 671 683 672
1147 2 2 0 14 672 683 684
1148 2 2 0 14 672 684 673
1149 2 2 0 14 673 684 685
1150 2 2 0 14 673 685 674
1151 2 2 0 14 674 685 686
1152 2 2 0 14 674 686 675
1153 2 2 0 14 675 686 687
1154 2 2 0 14 675 687 676
1155 2 2 0 14 676 687 688
1156 2 2 0 14 676 688 677
1157 2 2 0 14 677 688 689
1158 2 2 0 14 677 689 678
1159 2 2 0 14 678 689 690
1160 2 2 0 14 678 690 679
1161 2 2 0 14 679 690 691
1162 2 2 0 14 679 691 680
1163 2 2 0 14 680 691 692
1164 2 2 0 14 680 692 681
1165 2 2 0 14 681 692 693
1166 2 2 0 14 681 693 266
1167 2 2 0 14 266 693 265
1168 2 2 0 14 51 52 682
1169 2 2 0 14 682 52 694
1170 2 2 0 14 682 694 683
1171 2 2 0 14 683 694 695
1172 2 2 0 14 683 695 684
1173 2 2 0 14 684 695 696
1174 2 2 0 14 684 696 685
1175 2 2 0 14 685 696 697
1176 2 2 0 14 685 697 686
1177 2 2 0 14 686 697 698
1178 2 2 0 14 686 698 687
1179 2 2 0 14 687 698 699
1180 2 2 0 14 687 699 688
1181 2 2 0 14 688 699 700
1182 2 2 0 14 688 700 689
1183 2 2 0 14 689 700 701
1184 2 2 0 14 689 701 690
1185 2 2 0 14 690 701 702
1186 2 2 0 14 690 702 691
1187 2 2 0 14 691 702 703
1188 2 2 0 14 691 703 692
1189 2 2 0 14 692 703 704
1190 2 2 0 14 692 704 693
1191 2 2 0 14 693 704 705
1192 2 2 0 14 693 705 265
1193 2 2 0 14 265 705 264
1194 2 2 0 14 52 53 694
1195 2 2 0 14 694 53 706
1196 2 2 0 14 694 706 695
1197 2 2 0 14 695 706 707
1198 2 2 0 14 695 707 696
1199 2 2 0 14 696 707 708
1200 2 2 0 14 696 708 697
1201 2 2 0 14 697 708 709
1202 2 2 0 14 697 709 698
1203 2 2 0 14 698 709 710
1204 2 2 0 14 698 710 699
1205 2 2 0 14 699 710 711
1206 2 2 0 14 699 711 700
1207 2 2 0 14 700 711 712
1208 2 2 0 14 700 712 701
1209 2 2 0 14 701 712 713
1210 2 2 0 14 701 713 702
1211 2 2 0 14 702 713 714
1212 2 2 0 14 702 714 703
1213 2 2 0 14 703 714 715
1214 2 2 0 14 703 715 704
1215 2 2 0 14 704 715 716
1216 2 2 0 14 704 716 705
1217 2 2 0 14 705 716 717
1218 2 2 0 14 705 717 264
1219 2 2 0 14 264 717 263
1220 2 2 0 14 53 54 706
1221 2 2 0 14 706 54 718
1222 2 2 0 14 706 718 707
1223 2 2 0 14 707 718 719
1224 2 2 0 14 707 719 708
1225 2 2 0 14 708 719 720
1226 2 2 0 14 708 720 709
1227 2 2 0 14 709 720 721
1228 2 2 0 14 709 721 710
1229 2 2 0 14 710 721 722
1230 2 2 0 14 710 722 711
1231 2 2 0 14 711 722 723
1232 2 2 0 14 711 723 712
1233 2 2 0 14 712 723 724
1234 2 2 0 14 712 724 713
1235 2 2 0 14 713 724 725
1236 2 2 0 14 713 725 714
1237 2 2 0 14 714 725 726
1238 2 2 0 14 714 726 715
1239 2 2 0 14 715 726 727
1240 2 2 0 14 715 727 716
1241 2 2 0 14 716 727 728
1242 2 2 0 14 716 728 717
1243 2 2 0 14 717 728 729
1244 2 2 0 14 717 729 263
1245 2 2 0 14 263 729 262
1246 2 2 0 14 54 55 718
1247 2 2 0 14 718 55 730
1248 2 2 0 14 718 730 719
1249 2 2 0 14 719 730 731
1250 2 2 0 14 719 731 720
1251 2 2 0 14 720 731 732
1252 2 2 0 14 720 732 721
1253 2 2 0 14 721 732 733
1254 2 2 0 14 721 733 722
1255 2 2 0 14 722 733 734
1256 2 2 0 14 722 734 723
1257 2 2 0 14 723 734 735
1258 2 2 0 14 723 735 724
1259 2 2 0 14 724 735 736
1260 2 2 0 14 724 736 725
1261 2 2 0 14 725 736 737
1262 2 2 0 14 725 737 726
1263 2 2 0 14 726 737 738
1264 2 2 0 14 726 738 727
1265 2 2 0 14 727 738 739
1266 2 2 0 14 727 739 728
1267 2 2 0 14 728 739 740
1268 2 2 0 14 728 740 729
1269 2 2 0 14 729 740 741
1270 2 2 0 14 729 741 262
1271 2 2 0 14 262 741 261
1272 2 2 0 14 55 56 730
1273 2 2 0 14 730 56 742
1274 2 2 0 14 730 742 731
1275 2 2 0 14 731 742 743
1276 2 2 0 14 731 743 732
1277 2 2 0 14 732 743 744
1278 2 2 0 14 732 744 733
1279 2 2 0 14 733 744 745
1280 2 2 0 14 733 745 734
1281 2 2 0 14 734 745 746
1282 2 2 0 14 734 746 735
1283 2 2 0 14 735 746 747
1284 2 2 0 14 735 747 736
1285 2 2 0 14 736 747 748
1286 2 2 0 14 736 748 737
1287 2 2 0 14 737 748 749
1288 2 2 0 14 737 749 738
1289 2 2 0 14 738 749 750
1290 2 2 0 14 738 750 739
1291 2 2 0 14 739 750 751
1292 2 2 0 14 739 751 740
1293 2 2 0 14 740 751 752
1294 2 2 0 14 740 752 741
1295 2 2 0 14 741 752 753
1296 2 2 0 14 741 753 261
1297 2 2 0 14 261 753 260
1298 2 2 0 14 56 57 742
1299 2 2 0 14 742 57 754
1300 2 2 0 14 742 754 743
1301 2 2 0 14 743 754 755
1302 2 2 0 14 743 755 744
1303 2 2 0 14 744 755 756
1304 2 2 0 14 744 756 745
1305 2 2 0 14 745 756 757
1306 2 2 0 14 745 757 746
1307 2 2 0 14 746 757 758
1308 2 2 0 14 746 758 747
1309 2 2 0 14 747 758 759
1310 2 2 0 14 747 759 748
1311 2 2 0 14 748 759 760
1312 2 2 0 14 748 760 749
1313 2 2 0 14 749 760 761
1314 2 2 0 14 749 761 750
1315 2 2 0 14 750 761 762
1316 2 2 0 14 750 762 751
1317 2 2 0 14 751 762 763
1318 2 2 0 14 751 763 752
1319 2 2 0 14 752 763 764
1320 2 2 0 14 752 764 753
1321 2 2 0 14 753 764 765
1322 2 2 0 14 753 765 260
1323 2 2 0 14 260 765 259
1324 2 2 0 14 57 58 754
1325 2 2 0 14 754 58 766
1326 2 2 0 14 754 766 755
1327 2 2 0 14 755 766 767
1328 2 2 0 14 755 767 756
1329 2 2 0 14 756 767 768
1330 2 2 0 14 756 768 757
1331 2 2 0 14 757 768 769
1332 2 2 0 14 757 769 758
1333 2 2 0 14 758 769 770
1334 2 2 0 14 758 770 759
1335 2 2 0 14 759 770 771
1336 2 2 0 14 759 771 760
1337 2 2 0 14 760 771 772
1338 2 2 0 14 760 772 761
1339 2 2 0 14 761 772 773
1340 2 2 0 14 761 773 762
1341 2 2 0 14 762 773 774
1342 2 2 0 14 762 774 763
1343 2 2 0 14 763 774 775
1344 2 2 0 14 763 775 764
1345 2 2 0 14 764 775 776
1346 2 2 0 14 764 776 765
1347 2 2 0 14 765 776 777
1348 2 2 0 14 765 777 259
1349 2 2 0 14 259 777 258
1350 2 2 0 14 58 59 766
1351 2 2 0 14 766 59 778
1352 2 2 0 14 766 778 767
1353 2 2 0 14 767 778 779
1354 2 2 0 14 767 779 768
1355 2 2 0 14 768 779 780
1356 2 2 0 14 768 780 769
1357 2 2 0 14 769 780 781
1358 2 2 0 14 769 781 770
1359 2 2 0 14 770 781 782
1360 2 2 0 14 770 782 771
1361 2 2 0 14 771 782 783
1362 2 2 0 14 771 783 772
1363 2 2 0 14 772 783 784
1364 2 2 0 14 772 784 773
1365 2 2 0 14 773 784 785
1366 2 2 0 14 773 785 774
1367 2 2 0 14 774 785 786
1368 2 2 0 14 774 786 775
1369 2 2 0 14 775 786 787
1370 2 2 0 14 775 787 776
1371 2 2 0 14 776 787 788
1372 2 2 0 14 776 788 777
1373 2 2 0 14 777 788 789
1374 2 2 0 14 777 789 258
1375 2 2 0 14 258 789 257
1376 2 2 0 14 59 60 778
1377 2 2 0 14 778 60 790
1378 2 2 0 14 778 790 779
1379 2 2 0 14 779 790 791
1380 2 2 0 14 779 791 780
1381 2 2 0 14 780 791 792
1382 2 2 0 14 780 792 781
1383 2 2 0 14 781 792 793
1384 2 2 0 14 781 793 782
1385 2 2 0 14 782 793 794
1386 2 2 0 14 782 794 783
1387 2 2 0 14 783 794 795
1388 2 2 0 14 783 795 784
1389 2 2 0 14 784 795 796
1390 2 2 0 14 784 796 785
1391 2 2 0 14 785 796 797
1392 2 2 0 14 785 797 786
1393 2 2 0 14 786 797 798
1394 2 2 0 14 786 798 787
1395 2 2 0 14 787 798 799
1396 2 2 0 14 787 799 788
1397 2 2 0 14 788 799 800
1398 2 2 0 14 788 800 789
1399 2 2 0 14 789 800 801
1400 2 2 0 14 789 801 257
1401 2 2 0 14 257 801 256
1402 2 2 0 14 60 61 790
1403 2 2 0 14 790 61 802
1404 2 2 0 14 790 802 791
1405 2 2 0 14 791 802 803
1406 2 2 0 14 791 803 792
1407 2 2 0 14 792 803 804
1408 2 2 0 14 792 804 793
1409 2 2 0 14 793 804 805
1410 2 2 0 14 793 805 794
1411 2 2 0 14 794 805 806
1412 2 2 0 14 794 806 795
1413 2 2 0 14 795 806 807
1414 2 2 0 14 795 807 796
1415 2 2 0 14 796 807 808
1416 2 2 0 14 796 808 797
1417 2 2 0 14 797 808 809
1418 2 2 0 14 797 809 798
1419 2 2 0 14 798 809 810
1420 2 2 0 14 798 810 799
1421 2 2 0 14 799 810 811
1422 2 2 0 14 799 811 800
1423 2 2 0 14 800 811 812
1424 2 2 0 14 800 812 801
1425 2 2 0 14 801 812 813
1426 2 2 0 14 801 813 256
1427 2 2 0 14 256 813 255
1428 2 2 0 14 61 62 802
1429 2 2 0 14 802 62 814
1430 2 2 0 14 802 814 803
1431 2 2 0 14 803 814 815
1432 2 2 0 14 803 815 804
1433 2 2 0 14 804 815 816
1434 2 2 0 14 804 816 805
1435 2 2 0 14 805 816 817
1436 2 2 0 14 805 817 806
1437 2 2 0 14 806 817 818
1438 2 2 0 14 806 818 807
1439 2 2 0 14 807 818 819
1440 2 2 0 14 807 819 808
1441 2 2 0 14 808 819 820
1442 2 2 0 14 808 820 809
1443 2 2 0 14 809 820 821
1444 2 2 0 14 809 821 810
1445 2 2 0 14 810 821 822
1446 2 2 0 14 810 822 811
1447 2 2 0 14 811 822 823
1448 2 2 0 14 811 823 812
1449 2 2 0 14 812 823 824
1450 2 2 0 14 812 824 813
1451 2 2 0 14 813 824 825
1452 2 2 0 14 813 825 255
1453 2 2 0 14 255 825 254
1454 2 2 0 14 62 63 814
1455 2 2 0 14 814 63 826
1456 2 2 0 14 814 826 815
1457 2 2 0 14 815 826 827
1458 2 2 0 14 815 827 816
1459 2 2 0 14 816 827 828
1460 2 2 0 14 816 828 817
1461 2 2 0 14 817 828 829
1462 2 2 0 14 817 829 818
1463 2 2 0 14 818 829 830
1464 2 2 0 14 818 830 819
1465 2 2 0 14 819 830 831
1466 2 2 0 14 819 831 820
1467 2 2 0 14 820 831 832
1468 2 2 0 14 820 832 821
1469 2 2 0 14 821 832 833
1470 2 2 0 14 821 833 822
1471 2 2 0 14 822 833 834
1472 2 2 0 14 822 834 823
1473 2 2 0 14 823 834 835
1474 2 2 0 14 823 835 824
1475 2 2 0 14 824 835 836
1476 2 2 0 14 824 836 825
1477 2 2 0 14 825 836 837
1478 2 2 0 14 825 837 254
1479 2 2 0 14 254 837 253
1480 2 2 0 14 63 64 826
1481 2 2 0 14 826 64 838
1482 2 2 0 14 826 838 827
1483 2 2 0 14 827 838 839
1484 2 2 0 14 827 839 828
1485 2 2 0 14 828 839 840
1486 2 2 0 14 828 840 829
1487 2 2 0 14 829 840 841
1488 2 2 0 14 829 841 830
1489 2 2 0 14 830 841 842
1490 2 2 0 14 830 842 831
1491 2 2 0 14 831 842 843
1492 2 2 0 14 831 843 832
1493 2 2 0 14 832 843 844
1494 2 2 0 14 832 844 833
1495 2 2 0 14 833 844 845
1496 2 2 0 14 833 845 834
1497 2 2 0 14 834 845 846
1498 2 2 0 14 834 846 835
1499 2 2 0 14 835 846 847
1500 2 2 0 14 835 847 836
1501 2 2 0 14 836 847 848
1502 2 2 0 14 836 848 837
1503 2 2 0 14 837 848 849
1504 2 2 0 14 837 849 253
1505 2 2 0 14 253 849 252
1506 2 2 0 14 64 65 838
1507 2 2 0 14 838 65 850
1508 2 2 0 14 838 850 839
1509 2 2 0 14 839 850 851
1510 2 2 0 14 839 851 840
1511 2 2 0 14 840 851 852
1512 2 2 0 14 840 852 841
1513 2 2 0 14 841 852 853
1514 2 2 0 14 841 853 842
1515 2 2 0 14 842 853 854
1516 2 2 0 14 842 854 843
1517 2 2 0 14 843 854 855
1518 2 2 0 14 843 855 844
1519 2 2 0 14 844 855 856
1520 2 2 0 14 844 856 845
1521 2 2 0 14 845 856 857
1522 2 2 0 14 845 857 846
1523 2 2 0 14 846 857 858
1524 2 2 0 14 846 858 847
1525 2 2 0 14 847 858 859
1526 2 2 0 14 847 859 848
1527 2 2 0 14 848 859 860
1528 2 2 0 14 848 860 849
1529 2 2 0 14 849 860 861
1530 2 2 0 14 849 861 252
1531 2 2 0 14 252 861 251
1532 2 2 0 14 65 66 850
1533 2 2 0 14 850 66 862
1534 2 2 0 14 850 862 851
1535 2 2 0 14 851 862 863
1536 2 2 0 14 851 863 852
1537 2 2 0 14 852 863 864
1538 2 2 0 14 852 864 853
1539 2 2 0 14 853 864 865
1540 2 2 0 14 853 865 854
1541 2 2 0 14 854 865 866
1542 2 2 0 14 854 866 855
1543 2 2 0 14 855 866 867
1544 2 2 0 14 855 867 856
1545 2 2 0 14 856 867 868
1546 2 2 0 14 856 868 857
1547 2 2 0 14 857 868 869
1548 2 2 0 14 857 869 858
1549 2 2 0 14 858 869 870
1550 2 2 0 14 858 870 859
1551 2 2 0 14 859 870 871
1552 2 2 0 14 859 871 860
1553 2 2 0 14 860 871 872
1554 2 2 0 14 860 872 861
1555 2 2 0 14 861 872 873
1556 2 2 0 14 861 873 251
1557 2 2 0 14 251 873 250
1558 2 2 0 14 66 67 862
1559 2 2 0 14 862 67 874
1560 2 2 0 14 862 874 863
1561 2 2 0 14 863 874 875
1562 2 2 0 14 863 875 864
1563 2 2 0 14 864 875 876
1564 2 2 0 14 864 876 865
1565 2 2 0 14 865 876 877
1566 2 2 0 14 865 877 866
1567 2 2 0 14 866 877 878
1568 2 2 0 14 866 878 867
1569 2 2 0 14 867 878 879
1570 2 2 0 14 867 879 868
1571 2 2 0 14 868 879 880
1572 2 2 0 14 868 880 869
1573 2 2 0 14 869 880 881
1574 2 2 0 14 869 881 870
1575 2 2 0 14 870 881 882
1576 2 2 0 14 870 882 871
1577 2 2 0 14 871 882 883
1578 2 2 0 14 871 883 872
1579 2 2 0 14 872 883 884
1580 2 2 0 14 872 884 873
1581 2 2 0 14 873 884 885
1582 2 2 0 14 873 885 250
1583 2 2 0 14 250 885 249
1584 2 2 0 14 67 3 874
1585 2 2 0 14 874 3 68
1586 2 2 0 14 874 68 875
1587 2 2 0 14 875 68 69
1588 2 2 0 14 875 69 876
1589 2 2 0 14 876 69 70
1590 2 2 0 14 876 70 877
1591 2 2 0 14 877 70 71
1592 2 2 0 14 877 71 878
1593 2 2 0 14 878 71 72
1594 2 2 0 14 878 72 879
1595 2 2 0 14 879 72 73
1596 2 2 0 14 879 73 880
1597 2 2 0 14 880 73 74
1598 2 2 0 14 880 74 881
1599 2 2 0 14 881 74 75
1600 2 2 0 14 881 75 882
1601 2 2 0 14 882 75 76
1602 2 2 0 14 882 76 883
1603 2 2 0 14 883 76 77
1604 2 2 0 14 883 77 884
1605 2 2 0 14 884 77 78
1606 2 2 0 14 884 78 885
1607 2 2 0 14 885 78 79
1608 2 2 0 14 885 79 249
1609 2 2 0 14 249 79 4
1610 2 2 0 16 4 886 249
1611 2 2 0 16 886 4 80
1612 2 2 0 16 80 887 886
1613 2 2 0 16 887 80 81
1614 2 2 0 16 81 888 887
1615 2 2 0 16 888 81 82
1616 2 2 0 16 82 889 888
1617 2 2 0 16 889 82 83
1618 2 2 0 16 83 890 889
1619 2 2 0 16 890 83 84
1620 2 2 0 16 84 891 890
1621 2 2 0 16 891 84 85
1622 2 2 0 16 85 892 891
1623 2 2 0 16 892 85 86
1624 2 2 0 16 86 893 892
1625 2 2 0 16 893 86 87
1626 2 2 0 16 87 894 893
1627 2 2 0 16 894 87 88
1628 2 2 0 16 88 895 894
1629 2 2 0 16 895 88 89
1630 2 2 0 16 89 896 895
1631 2 2 0 16 896 89 90
1632 2 2 0 16 90 897 896
1633 2 2 0 16 897 90 91
1634 2 2 0 16 91 898 897
1635 2 2 0 16 898 91 92
1636 2 2 0 16 92 899 898
1637 2 2 0 16 899 92 93
1638 2 2 0 16 93 900 899
1639 2 2 0 16 900 93 94
1640 2 2 0 16 94 901 900
1641 2 2 0 16 901 94 95
1642 2 2 0 16 95 902 901
1643 2 2 0 16 902 95 96
1644 2 2 0 16 96 903 902
1645 2 2 0 16 903 96 97
1646 2 2 0 16 97 904 903
1647 2 2 0 16 904 97 98
1648 2 2 0 16 98 905 904
1649 2 2 0 16 905 98 99
1650 2 2 0 16 99 906 905
1651 2 2 0 16 906 99 100
1652 2 2 0 16 100 907 906
1653 2 2 0 16 907 100 101
1654 2 2 0 16 101 908 907
1655 2 2 0 16 908 101 102
1656 2 2 0 16 102 909 908
1657 2 2 0 16 909 102 103
1658 2 2 0 16 103 910 909
1659 2 2 0 16 910 103 104
1660 2 2 0 16 104 911 910
1661 2 2 0 16 911 104 105
1662 2 2 0 16 105 106 911
1663 2 2 0 16 106 105 5
1664 2 2 0 16 249 912 250
1665 2 2 0 16 912 249 886
1666 2 2 0 16 886 913 912
1667 2 2 0 16 913 886 887
1668 2 2 0 16 887 914 913
1669 2 2 0 16 914 887 888
1670 2 2 0 16 888 915 914
1671 2 2 0 16 915 888 889
1672 2 2 0 16 889 916 915
1673 2 2 0 16 916 889 890
1674 2 2 0 16 890 917 916
1675 2 2 0 16 917 890 891
1676 2 2 0 16 891 918 917
1677 2 2 0 16 918 891 892
1678 2 2 0 16 892 919 918
1679 2 2 0 16 919 892 893
1680 2 2 0 16 893 920 919
1681 2 2 0 16 920 893 894
1682 2 2 0 16 894 921 920
1683 2 2 0 16 921 894 895
1684 2 2 0 16 895 922 921
1685 2 2 0 16 922 895 896
1686 2 2 0 16 896 923 922
1687 2 2 0 16 923 896 897
1688 2 2 0 16 897 924 923
1689 2 2 0 16 924 897 898
1690 2 2 0 16 898 925 924
1691 2 2 0 16 925 898 899
1692 2 2 0 16 899 926 925
1693 2 2 0 16 926 899 900
1694 2 2 0 16 900 927 926
1695 2 2 0 16 927 900 901
1696 2 2 0 16 901 928 927
1697 2 2 0 16 928 901 902
1698 2 2 0 16 902 929 928
1699 2 2 0 16 929 902 903
1700 2 2 0 16 903 930 929
1701 2 2 0 16 930 903 904
1702 2 2 0 16 904 931 930
1703 2 2 0 16 931 904 905
1704 2 2 0 16 905 932 931
1705 2 2 0 16 932 905 906
1706 2 2 0 16 906 933 932
1707 2 2 0 16 933 906 907
1708 2 2 0 16 907 934 933
1709 2 2 0 16 934 907 908
1710 2 2 0 16 908 935 934
1711 2 2 0 16 935 908 909
1712 2 2 0 16 909 936 935
1713 2 2 0 16 936 909 910
1714 2 2 0 16 910 937 936
1715 2 2 0 16 937 910 911
1716 2 2 0 16 911 107 937
1717 2 2 0 16 107 911 106
1718 2 2 0 16 250 938 251
1719 2 2 0 16 938 250 912
1720 2 2 0 16 912 939 938
1721 2 2 0 16 939 912 913
1722 2 2 0 16 913 940 939
1723 2 2 0 16 940 913 914
1724 2 2 0 16 914 941 940
1725 2 2 0 16 941 914 915
1726 2 2 0 16 915 942 941
1727 2 2 0 16 942 915 916
1728 2 2 0 16 916 943 942
1729 2 2 0 16 943 916 917
1730 2 2 0 16 917 944 943
1731 2 2 0 16 944 917 918
1732 2 2 0 16 918 945 944
1733 2 2 0 16 945 918 919
1734 2 2 0 16 919 946 945
1735 2 2 0 16 946 919 920
1736 2 2 0 16 920 947 946
1737 2 2 0 16 947 920 921
1738 2 2 0 16 921 948 947
1739 2 2 0 16 948 921 922
1740 2 2 0 16 922 949 948
1741 2 2 0 16 949 922 923
1742 2 2 0 16 923 950 949
1743 2 2 0 16 950 923 924
1744 2 2 0 16 924 951 950
1745 2 2 0 16 951 924 925
1746 2 2 0 16 925 952 951
1747 2 2 0 16 952 925 926
1748 2 2 0 16 926 953 952
1749 2 2 0 16 953 926 927
1750 2 2 0 16 927 954 953
1751 2 2 0 16 954 927 928
1752 2 2 0 16 928 955 954
1753 2 2 0 16 955 928 929
1754 2 2 0 16 929 956 955
1755 2 2 0 16 956 929 930
1756 2 2 0 16 930 957 956
1757 2 2 0 16 957 930 931
1758 2 2 0 16 931 958 957
1759 2 2 0 16 958 931 932
1760 2 2 0 16 932 959 958
1761 2 2 0 16 959 932 933
1762 2 2 0 16 933 960 959
1763 2 2 0 16 960 933 934
1764 2 2 0 16 934 961 960
1765 2 2 0 16 961 934 935
1766 2 2 0 16 935 962 961
1767 2 2 0 16 962 935 936
1768 2 2 0 16 936 963 962
1769 2 2 0 16 963 936 937
1770 2 2 0 16 937 108 963
1771 2 2 0 16 108 937 107
1772 2 2 0 16 251 964 252
1773 2 2 0 16 964 251 938
1774 2 2 0 16 938 965 964
1775 2 2 0 16 965 938 939
1776 2 2 0 16 939 966 965
1777 2 2 0 16 966 939 940
1778 2 2 0 16 940 967 966
1779 2 2 0 16 967 940 941
1780 2 2 0 16 941 968 967
1781 2 2 0 16 968 941 942
1782 2 2 0 16 942 969 968
1783 2 2 0 16 969 942 943
1784 2 2 0 16 943 970 969
1785 2 2 0 16 970 943 944
1786 2 2 0 16 944 971 970
1787 2 2 0 16 971 944 945
1788 2 2 0 16 945 972 971
1789 2 2 0 16 972 945 946
1790 2 2 0 16 946 973 972
1791 2 2 0 16 973 946 947
1792 2 2 0 16 947 974 973
1793 2 2 0 16 974 947 948
1794 2 2 0 16 948 975 974
1795 2 2 0 16 975 948 949
1796 2 2 0 16 949 976 975
1797 2 2 0 16 976 949 950
1798 2 2 0 16 950 977 976
1799 2 2 0 16 977 950 951
1800 2 2 0 16 951 978 977
1801 2 2 0 16 978 951 952
1802 2 2 0 16 952 979 978
1803 2 2 0 16 979 952 953
1804 2 2 0 16 953 980 979
1805 2 2 0 16 980 953 954
1806 2 2 0 16 954 981 980
1807 2 2 0 16 981 954 955
1808 2 2 0 16 955 982 981
1809 2 2 0 16 982 955 956
1810 2 2 0 16 956 983 982
1811 2 2 0 16 983 956 957
1812 2 2 0 16 957 984 983
1813 2 2 0 16 984 957 958
1814 2 2 0 16 958 985 984
1815 2 2 0 16 985 958 959
1816 2 2 0 16 959 986 985
1817 2 2 0 16 986 959 960
1818 2 2 0 16 960 987 986
1819 2 2 0 16 987 960 961
1820 2 2 0 16 961 988 987
1821 2 2 0 16 988 961 962
1822 2 2 0 16 962 989 988
1823 2 2 0 16 989 962 963
1824 2 2 0 16 963 109 989
1825 2 2 0 16 109 963 108
1826 2 2 0 16 252 990 253
1827 2 2 0 16 990 252 964
1828 2 2 0 16 964 991 990
1829 2 2 0 16 991 964 965
1830 2 2 0 16 965 992 991
1831 2 2 0 16 992 965 966
1832 2 2 0 16 966 993 992
1833 2 2 0 16 993 966 967
1834 2 2 0 16 967 994 993
1835 2 2 0 16 994 967 968
1836 2 2 0 16 968 995 994
1837 2 2 0 16 995 968 969
1838 2 2 0 16 969 996 995
1839 2 2 0 16 996 969 970
1840 2 2 0 16 970 997 996
1841 2 2 0 16 997 970 971
1842 2 2 0 16 971 998 997
1843 2 2 0 16 998 971 972
1844 2 2 0 16 972 999 998
1845 2 2 0 16 999 972 973
1846 2 2 0 16 973 1000 999
1847 2 2 0 16 1000 973 974
1848 2 2 0 16 974 1001 1000
1849 2 2 0 16 1001 974 975
1850 2 2 0 16 975 1002 1001
1851 2 2 0 16 1002 975 976
1852 2 2 0 16 976 1003 1002
1853 2 2 0 16 1003 976 977
1854 2 2 0 16 977 1004 1003
1855 2 2 0 16 1004 977 978
1856 2 2 0 16 978 1005 1004
1857 2 2 0 16 1005 978 979
1858 2 2 0 16 979 1006 1005
1859 2 2 0 16 1006 979 980
1860 2 2 0 16 980 1007 1006
1861 2 2 0 16 1007 980 981
1862 2 2 0 16 981 1008 1007
1863 2 2 0 16 1008 981 982
1864 2 2 0 16 982 1009 1008
1865 2 2 0 16 1009 982 983
1866 2 2 0 16 983 1010 1009
1867 2 2 0 16 1010 983 984
1868 2 2 0 16 984 1011 1010
1869 2 2 0 16 1011 984 985
1870 2 2 0 16 985 1012 1011
1871 2 2 0 16 1012 985 986
1872 2 2 0 16 986 1013 1012
1873 2 2 0 16 1013 986 987
1874 2 2 0 16 987 1014 1013
1875 2 2 0 16 1014 987 988
1876 2 2 0 16 988 1015 1014
1877 2 2 0 16 1015 988 989
1878 2 2 0 16 989 110 1015
1879 2 2 0 16 110 989 109
1880 2 2 0 16 253 1016 254
1881 2 2 0 16 1016 253 990
1882 2 2 0 16 990 1017 1016
1883 2 2 0 16 1017 990 991
1884 2 2 0 16 991 1018 1017
1885 2 2 0 16 1018 991 992
1886 2 2 0 16 992 1019 1018
1887 2 2 0 16 1019 992 993
1888 2 2 0 16 993 1020 1019
1889 2 2 0 16 1020 993 994
1890 2 2 0 16 994 1021 1020
1891 2 2 0 16 1021 994 995
1892 2 2 0 16 995 1022 1021
1893 2 2 0 16 1022 995 996
1894 2 2 0 16 996 1023 1022
1895 2 2 0 16 1023 996 997
1896 2 2 0 16 997 1024 1023
1897 2 2 0 16 1024 997 998
1898 2 2 0 16 998 1025 1024
1899 2 2 0 16 1025 998 999
1900 2 2 0 16 999 1026 1025
1901 2 2 0 16 1026 999 1000
1902 2 2 0 16 1000 1027 1026
1903 2 2 0 16 1027 1000 1001
1904 2 2 0 16 1001 1028 1027
1905 2 2 0 16 1028 1001 1002
1906 2 2 0 16 1002 1029 1028
1907 2 2 0 16 1029 1002 1003
1908 2 2 0 16 1003 1030 1029
1909 2 2 0 16 1030 1003 1004
1910 2 2 0 16 1004 1031 1030
1911 2 2 0 16 1031 1004 1005
1912 2 2 0 16 1005 1032 1031
1913 2 2 0 16 1032 1005 1006
1914 2 2 0 16 1006 1033 1032
1915 2 2 0 16 1033 1006 1007
1916 2 2 0 16 1007 1034 1033
1917 2 2 0 16 1034 1007 1008
1918 2 2 0 16 1008 1035 1034
1919 2 2 0 16 1035 1008 1009
1920 2 2 0 16 1009 1036 1035
1921 2 2 0 16 1036 1009 1010
1922 2 2 0 16 1010 1037 1036
1923 2 2 0 16 1037 1010 1011
1924 2 2 0 16 1011 1038 1037
1925 2 2 0 16 1038 1011 1012
1926 2 2 0 16 1012 1039 1038
1927 2 2 0 16 1039 1012 1013
1928 2 2 0 16 1013 1040 1039
1929 2 2 0 16 1040 1013 1014
1930 2 2 0 16 1014 1041 1040
1931 2 2 0 16 1041 1014 1015
1932 2 2 0 16 1015 111 1041
1933 2 2 0 16 111 1015 110
1934 2 2 0 16 254 1042 255
1935 2 2 0 16 1042 254 1016
1936 2 2 0 16 1016 1043 1042
1937 2 2 0 16 1043 1016 1017
1938 2 2 0 16 1017 1044 1043
1939 2 2 0 16 1044 1017 1018
1940 2 2 0 16 1018 1045 1044
1941 2 2 0 16 1045 1018 1019
1942 2 2 0 16 1019 1046 1045
1943 2 2 0 16 1046 1019 1020
1944 2 2 0 16 1020 1047 1046
1945 2 2 0 16 1047 1020 1021
1946 2 2 0 16 1021 1048 1047
1947 2 2 0 16 1048 1021 1022
1948 2 2 0 16 1022 1049 1048
1949 2 2 0 16 1049 1022 1023
1950 2 2 0 16 1023 1050 1049
1951 2 2 0 16 1050 1023 1024
1952 2 2 0 16 1024 1051 1050
1953 2 2 0 16 1051 1024 1025
1954 2 2 0 16 1025 1052 1051
1955 2 2 0 16 1052 1025 1026
1956 2 2 0 16 1026 1053 1052
1957 2 2 0 16 1053 1026 1027
1958 2 2 0 16 1027 1054 1053
1959 2 2 0 16 1054 1027 1028
1960 2 2 0 16 1028 1055 1054
1961 2 2 0 16 1055 1028 1029
1962 2 2 0 16 1029 1056 1055
1963 2 2 0 16 1056 1029 1030
1964 2 2 0 16 1030 1057 1056
1965 2 2 0 16 1057 1030 1031
1966 2 2 0 16 1031 1058 1057
1967 2 2 0 16 1058 1031 1032
1968 2 2 0 16 1032 1059 1058
1969 2 2 0 16 1059 1032 1033
1970 2 2 0 16 1033 1060 1059
1971 2 2 0 16 1060 1033 1034
1972 2 2 0 16 1034 1061 1060
1973 2 2 0 16 1061 1034 1035
1974 2 2 0 16 1035 1062 1061
1975 2 2 0 16 1062 1035 1036
1976 2 2 0 16 1036 1063 1062
1977 2 2 0 16 1063 1036 1037
1978 2 2 0 16 1037 1064 1063
1979 2 2 0 16 1064 1037 1038
1980 2 2 0 16 1038 1065 1064
1981 2 2 0 16 1065 1038 1039
1982 2 2 0 16 1039 1066 1065
1983 2 2 0 16 1066 1039 1040
1984 2 2 0 16 1040 1067 1066
1985 2 2 0 16 1067 1040 1041
1986 2 2 0 16 1041 112 1067
1987 2 2 0 16 112 1041 111
1988 2 2 0 16 255 1068 256
1989 2 2 0 16 1068 255 1042
1990 2 2 0 16 1042 1069 1068
1991 2 2 0 16 1069 1042 1043
1992 2 2 0 16 1043 1070 1069
1993 2 2 0 16 1070 1043 1044
1994 2 2 0 16 1044 1071 1070
1995 2 2 0 16 1071 1044 1045
1996 2 2 0 16 1045 1072 1071
1997 2 2 0 16 1072 1045 1046
1998 2 2 0 16 1046 1073 1072
1999 2 2 0 16 1073 1046 1047
2000 2 2 0 16 1047 1074 1073
2001 2 2 0 16 1074 1047 1048
2002 2 2 0 16 1048 1075 1074
2003 2 2 0 16 1075 1048 1049
2004 2 2 0 16 1049 1076 1075
2005 2 2 0 16 1076 1049 1050
2006 2 2 0 16 1050 1077 1076
2007 2 2 0 16 1077 1050 1051
2008 2 2 0 16 1051 1078 1077
2009 2 2 0 16 1078 1051 1052
2010 2 2 0 16 1052 1079 1078
2011 2 2 0 16 1079 1052 1053
2012 2 2 0 16 1053 1080 1079
2013 2 2 0 16 1080 1053 1054
2014 2 2 0 16 1054 1081 1080
2015 2 2 0 16 1081 1054 1055
2016 2 2 0 16 1055 1082 1081
2017 2 2 0 16 1082 1055 1056
2018 2 2 0 16 1056 1083 1082
2019 2 2 0 16 1083 1056 1057
2020 2 2 0 16 1057 1084 1083
2021 2 2 0 16 1084 1057 1058
2022 2 2 0 16 1058 1085 1084
2023 2 2 0 16 1085 1058 1059
2024 2 2 0 16 1059 1086 1085
2025 2 2 0 16 1086 1059 1060
2026 2 2 0 16 1060 1087 1086
2027 2 2 0 16 1087 1060 1061
2028 2 2 0 16 1061 1088 1087
2029 2 2 0 16 1088 1061 1062
2030 2 2 0 16 1062 1089 1088
2031 2 2 0 16 1089 1062 1063
2032 2 2 0 16 1063 1090 1089
2033 2 2 0 16 1090 1063 1064
2034 2 2 0 16 1064 1091 1090
2035 2 2 0 16 1091 1064 1065
2036 2 2 0 16 1065 1092 1091
2037 2 2 0 16 1092 1065 1066
2038 2 2 0 16 1066 1093 1092
2039 2 2 0 16 1093 1066 1067
2040 2 2 0 16 1067 113 1093
2041 2 2 0 16 113 1067 112
2042 2 2 0 16 256 1094 257
2043 2 2 0 16 1094 256 1068
2044 2 2 0 16 1068 1095 1094
2045 2 2 0 16 1095 1068 1069
2046 2 2 0 16 1069 1096 1095
2047 2 2 0 16 1096 1069 1070
2048 2 2 0 16 1070 1097 1096
2049 2 2 0 16 1097 1070 1071
2050 2 2 0 16 1071 1098 1097
2051 2 2 0 16 1098 1071 1072
2052 2 2 0 16 1072 1099 1098
2053 2 2 0 16 1099 1072 1073
2054 2 2 0 16 1073 1100 1099
2055 2 2 0 16 1100 1073 1074
2056 2 2 0 16 1074 1101 1100
2057 2 2 0 16 1101 1074 1075
2058 2 2 0 16 1075 1102 1101
2059 2 2 0 16 1102 1075 1076
2060 2 2 0 16 1076 1103 1102
2061 2 2 0 16 1103 1076 1077
2062 2 2 0 16 1077 1104 1103
2063 2 2 0 16 1104 1077 1078
2064 2 2 0 16 1078 1105 1104
2065 2 2 0 16 1105 1078 1079
2066 2 2 0 16 1079 1106 1105
2067 2 2 0 16 1106 1079 1080
2068 2 2 0 16 1080 1107 1106
2069 2 2 0 16 1107 1080 1081
2070 2 2 0 16 1081 1108 1107
2071 2 2 0 16 1108 1081 1082
2072 2 2 0 16 1082 1109 1108
2073 2 2 0 16 1109 1082 1083
2074 2 2 0 16 1083 1110 1109
2075 2 2 0 16 1110 1083 1084
2076 2 2 0 16 1084 1111 1110
2077 2 2 0 16 1111 1084 1085
2078 2 2 0 16 1085 1112 1111
2079 2 2 0 16 1112 1085 1086
2080 2 2 0 16 1086 1113 1112
2081 2 2 0 16 1113 1086 1087
2082 2 2 0 16 1087 1114 1113
2083 2 2 0 16 1114 1087 1088
2084 2 2 0 16 1088 1115 1114
2085 2 2 0 16 1115 1088 1089
2086 2 2 0 16 1089 1116 1115
2087 2 2 0 16 1116 1089 1090
2088 2 2 0 16 1090 1117 1116
2089 2 2 0 16 1117 1090 1091
2090 2 2 0 16 1091 1118 1117
2091 2 2 0 16 1118 1091 1092
2092 2 2 0 16 1092 1119 1118
2093 2 2 0 16 1119 1092 1093
2094 2 2 0 16 1093 114 1119
2095 2 2 0 16 114 1093 113
2096 2 2 0 16 257 1120 258
2097 2 2 0 16 1120 257 1094
2098 2 2 0 16 1094 1121 1120
2099 2 2 0 16 1121 1094 1095
2100 2 2 0 16 1095 1122 1121
2101 2 2 0 16 1122 1095 1096
2102 2 2 0 16 1096 1123 1122
2103 2 2 0 16 1123 1096 1097
2104 2 2 0 16 1097 1124 1123
2105 2 2 0 16 1124 1097 1098
2106 2 2 0 16 1098 1125 1124
2107 2 2 0 16 1125 1098 1099
2108 2 2 0 16 1099 1126 1125
2109 2 2 0 16 1126 1099 1100
2110 2 2 0 16 1100 1127 1126
2111 2 2 0 16 1127 1100 1101
2112 2 2 0 16 1101 1128 1127
2113 2 2 0 16 1128 1101 1102
2114 2 2 0 16 1102 1129 1128
2115 2 2 0 16 1129 1102 1103
2116 2 2 0 16 1103 1130 1129
2117 2 2 0 16 1130 1103 1104
2118 2 2 0 16 1104 1131 1130
2119 2 2 0 16 1131 1104 1105
2120 2 2 0 16 1105 1132 1131
2121 2 2 0 16 1132 1105 1106
2122 2 2 0 16 1106 1133 1132
2123 2 2 0 16 1133 1106 1107
2124 2 2 0 16 1107 1134 1133
2125 2 2 0 16 1134 1107 1108
2126 2 2 0 16 1108 1135 1134
2127 2 2 0 16 1135 1108 1109
2128 2 2 0 16 1109 1136 1135
2129 2 2 0 16 1136 1109 1110
2130 2 2 0 16 1110 1137 1136
2131 2 2 0 16 1137 1110 1111
2132 2 2 0 16 1111 1138 1137
2133 2 2 0 16 1138 1111 1112
2134 2 2 0 16 1112 1139 1138
2135 2 2 0 16 1139 1112 1113
2136 2 2 0 16 1113 1140 1139
2137 2 2 0 16 1140 1113 1114
2138 2 2 0 16 1114 1141 1140
2139 2 2 0 16 1141 1114 1115
2140 2 2 0 16 1115 1142 1141
2141 2 2 0 16 1142 1115 1116
2142 2 2 0 16 1116 1143 1142
2143 2 2 0 16 1143 1116 1117
2144 2 2 0 16 1117 1144 1143
2145 2 2 0 16 1144 1117 1118
2146 2 2 0 16 1118 1145 1144
2147 2 2 0 16 1145 1118 1119
2148 2 2 0 16 1119 115 1145
2149 2 2 0 16 115 1119 114
2150 2 2 0 16 258 1146 259
2151 2 2 0 16 1146 258 1120
2152 2 2 0 16 1120 1147 1146
2153 2 2 0 16 1147 1120 1121
2154 2 2 0 16 1121 1148 1147
2155 2 2 0 16 1148 1121 1122
2156 2 2 0 16 1122 1149 1148
2157 2 2 0 16 1149 1122 1123
2158 2 2 0 16 1123 1150 1149
2159 2 2 0 16 1150 1123 1124
2160 2 2 0 16 1124 1151 1150
2161 2 2 0 16 1151 1124 1125
2162 2 2 0 16 1125 1152 1151
2163 2 2 0 16 1152 1125 1126
2164 2 2 0 16 1126 1153 1152
2165 2 2 0 16 1153 1126 1127
2166 2 2 0 16 1127 1154 1153
2167 2 2 0 16 1154 1127 1128
2168 2 2 0 16 1128 1155 1154
2169 2 2 0 16 1155 1128 1129
2170 2 2 0 16 1129 1156 1155
2171 2 2 0 16 1156 1129 1130
2172 2 2 0 16 1130 1157 1156
2173 2 2 0 16 1157 1130 1131
2174 2 2 0 16 1131 1158 1157
2175 2 2 0 16 1158 1131 1132
2176 2 2 0 16 1132 1159 1158
2177 2 2 0 16 1159 1132 1133
2178 2 2 0 16 1133 1160 1159
2179 2 2 0 16 1160 1133 1134
2180 2 2 0 16 1134 1161 1160
2181 2 2 0 16 1161 1134 1135
2182 2 2 0 16 1135 1162 1161
2183 2 2 0 16 1162 1135 1136
2184 2 2 0 16 1136 1163 1162
2185 2 2 0 16 1163 1136 1137
2186 2 2 0 16 1137 1164 1163
2187 2 2 0 16 1164 1137 1138
2188 2 2 0 16 1138 1165 1164
2189 2 2 0 16 1165 1138 1139
2190 2 2 0 16 1139 1166 1165
2191 2 2 0 16 1166 1139 1140
2192 2 2 0 16 1140 1167 1166
2193 2 2 0 16 1167 1140 1141
2194 2 2 0 16 1141 1168 1167
2195 2 2 0 16 1168 1141 1142
2196 2 2 0 16 1142 1169 1168
2197 2 2 0 16 1169 1142 1143
2198 2 2 0 16 1143 1170 1169
2199 2 2 0 16 1170 1143 1144
2200 2 2 0 16 1144 1171 1170
2201 2 2 0 16 1171 1144 1145
2202 2 2 0 16 1145 116 1171
2203 2 2 0 16 116 1145 115
2204 2 2 0 16 259 1172 260
2205 2 2 0 16 1172 259 1146
2206 2 2 0 16 1146 1173 1172
2207 2 2 0 16 1173 1146 1147
2208 2 2 0 16 1147 1174 1173
2209 2 2 0 16 1174 1147 1148
2210 2 2 0 16 1148 1175 1174
2211 2 2 0 16 1175 1148 1149
2212 2 2 0 16 1149 1176 1175
2213 2 2 0 16 1176 1149 1150
2214 2 2 0 16 1150 1177 1176
2215 2 2 0 16 1177 1150 1151
2216 2 2 0 16 1151 1178 1177
2217 2 2 0 16 1178 1151 1152
2218 2 2 0 16 1152 1179 1178
2219 2 2 0 16 1179 1152 1153
2220 2 2 0 16 1153 1180 1179
2221 2 2 0 16 1180 1153 1154
2222 2 2 0 16 1154 1181 1180
2223 2 2 0 16 1181 1154 1155
2224 2 2 0 16 1155 1182 1181
2225 2 2 0 16 1182 1155 1156
2226 2 2 0 16 1156 1183 1182
2227 2 2 0 16 1183 1156 1157
2228 2 2 0 16 1157 1184 1183
2229 2 2 0 16 1184 1157 1158
2230 2 2 0 16 1158 1185 1184
2231 2 2 0 16 1185 1158 1159
2232 2 2 0 16 1159 1186 1185
2233 2 2 0 16 1186 1159 1160
2234 2 2 0 16 1160 1187 1186
2235 2 2 0 16 1187 1160 1161
2236 2 2 0 16 1161 1188 1187
2237 2 2 0 16 1188 1161 1162
2238 2 2 0 16 1162 1189 1188
2239 2 2 0 16 1189 1162 1163
2240 2 2 0 16 1163 1190 1189
2241 2 2 0 16 1190 1163 1164
2242 2 2 0 16 1164 1191 1190
2243 2 2 0 16 1191 1164 1165
2244 2 2 0 16 1165 1192 1191
2245 2 2 0 16 1192 1165 1166
2246 2 2 0 16 1166 1193 1192
2247 2 2 0 16 1193 1166 1167
2248 2 2 0 16 1167 1194 1193
2249 2 2 0 16 1194 1167 1168
2250 2 2 0 16 1168 1195 1194
2251 2 2 0 16 1195 1168 1169
2252 2 2 0 16 1169 1196 1195
2253 2 2 0 16 1196 1169 1170
2254 2 2 0 16 1170 1197 1196
2255 2 2 0 16 1197 1170 1171
2256 2 2 0 16 1171 117 1197
2257 2 2 0 16 117 1171 116
2258 2 2 0 16 260 1198 261
2259 2 2 0 16 1198 260 1172
2260 2 2 0 16 1172 1199 1198
2261 2 2 0 16 1199 1172 1173
2262 2 2 0 16 1173 1200 1199
2263 2 2 0 16 1200 1173 1174
2264 2 2 0 16 1174 1201 1200
2265 2 2 0 16 1201 1174 1175
2266 2 2 0 16 1175 1202 1201
2267 2 2 0 16 1202 1175 1176
2268 2 2 0 16 1176 1203 1202
2269 2 2 0 16 1203 1176 1177
2270 2 2 0 16 1177 1204 1203
2271 2 2 0 16 1204 1177 1178
2272 2 2 0 16 1178 1205 1204
2273 2 2 0 16 1205 1178 1179
2274 2 2 0 16 1179 1206 1205
2275 2 2 0 16 1206 1179 1180
2276 2 2 0 16 1180 1207 1206
2277 2 2 0 16 1207 1180 1181
2278 2 2 0 16 1181 1208 1207
2279 2 2 0 16 1208 1181 1182
2280 2 2 0 16 1182 1209 1208
2281 2 2 0 16 1209 1182 1183
2282 2 2 0 16 1183 1210 1209
2283 2 2 0 16 1210 1183 1184
2284 2 2 0 16 1184 1211 1210
2285 2 2 0 16 1211 1184 1185
2286 2 2 0 16 1185 1212 1211
2287 2 2 0 16 1212 1185 1186
2288 2 2 0 16 1186 1213 1212
2289 2 2 0 16 1213 1186 1187
2290 2 2 0 16 1187 1214 1213
2291 2 2 0 16 1214 1187 1188
2292 2 2 0 16 1188 1215 1214
2293 2 2 0 16 1215 1188 1189
2294 2 2 0 16 1189 1216 1215
2295 2 2 0 16 1216 1189 1190
2296 2 2 0 16 1190 1217 1216
2297 2 2 0 16 1217 1190 1191
2298 2 2 0 16 1191 1218 1217
2299 2 2 0 16 1218 1191 1192
2300 2 2 0 16 1192 1219 1218
2301 2 2 0 16 1219 1192 1193
2302 2 2 0 16 1193 1220 1219
2303 2 2 0 16 1220 1193 1194
2304 2 2 0 16 1194 1221 1220
2305 2 2 0 16 1221 1194 1195
2306 2 2 0 16 1195 1222 1221
2307 2 2 0 16 1222 1195 1196
2308 2 2 0 16 1196 1223 1222
2309 2 2 0 16 1223 1196 1197
2310 2 2 0 16 1197 118 1223
2311 2 2 0 16 118 1197 117
2312 2 2 0 16 261 1224 262
2313 2 2 0 16 1224 261 1198
2314 2 2 0 16 1198 1225 1224
2315 2 2 0 16 1225 1198 1199
2316 2 2 0 16 1199 1226 1225
2317 2 2 0 16 1226 1199 1200
2318 2 2 0 16 1200 1227 1226
2319 2 2 0 16 1227 1200 1201
2320 2 2 0 16 1201 1228 1227
2321 2 2 0 16 1228 1201 1202
2322 2 2 0 16 1202 1229 1228
2323 2 2 0 16 1229 1202 1203
2324 2 2 0 16 1203 1230 1229
2325 2 2 0 16 1230 1203 1204
2326 2 2 0 16 1204 1231 1230
2327 2 2 0 16 1231 1204 1205
2328 2 2 0 16 1205 1232 1231
2329 2 2 0 16 1232 1205 1206
2330 2 2 0 16 1206 1233 1232
2331 2 2 0 16 1233 1206 1207
2332 2 2 0 16 1207 1234 1233
2333 2 2 0 16 1234 1207 1208
2334 2 2 0 16 1208 1235 1234
2335 2 2 0 16 1235 1208 1209
2336 2 2 0 16 1209 1236 1235
2337 2 2 0 16 1236 1209 1210
2338 2 2 0 16 1210 1237 1236
2339 2 2 0 16 1237 1210 1211
2340 2 2 0 16 1211 1238 1237
2341 2 2 0 16 1238 1211 1212
2342 2 2 0 16 1212 1239 1238
2343 2 2 0 16 1239 1212 1213
2344 2 2 0 16 1213 1240 1239
2345 2 2 0 16 1240 1213 1214
2346 2 2 0 16 1214 1241 1240
2347 2 2 0 16 1241 1214 1215
2348 2 2 0 16 1215 1242 1241
2349 2 2 0 16 1242 1215 1216
2350 2 2 0 16 1216 1243 1242
2351 2 2 0 16 1243 1216 1217
2352 2 2 0 16 1217 1244 1243
2353 2 2 0 16 1244 1217 1218
2354 2 2 0 16 1218 1245 1244
2355 2 2 0 16 1245 1218 1219
2356 2 2 0 16 1219 1246 1245
2357 2 2 0 16 1246 1219 1220
2358 2 2 0 16 1220 1247 1246
2359 2 2 0 16 1247 1220 1221
2360 2 2 0 16 1221 1248 1247
2361 2 2 0 16 1248 1221 1222
2362 2 2 0 16 1222 1249 1248
2363 2 2 0 16 1249 1222 1223
2364 2 2 0 16 1223 119 1249
2365 2 2 0 16 119 1223 118
2366 2 2 0 16 262 1250 263
2367 2 2 0 16 1250 262 1224
2368 2 2 0 16 1224 1251 1250
2369 2 2 0 16 1251 1224 1225
2370 2 2 0 16 1225 1252 1251
2371 2 2 0 16 1252 1225 1226
2372 2 2 0 16 1226 1253 1252
2373 2 2 0 16 1253 1226 1227
2374 2 2 0 16 1227 1254 1253
2375 2 2 0 16 1254 1227 1228
2376 2 2 0 16 1228 1255 1254
2377 2 2 0 16 1255 1228 1229
2378 2 2 0 16 1229 1256 1255
2379 2 2 0 16 1256 1229 1230
2380 2 2 0 16 1230 1257 1256
2381 2 2 0 16 1257 1230 1231
2382 2 2 0 16 1231 1258 1257
2383 2 2 0 16 1258 1231 1232
2384 2 2 0 16 1232 1259 1258
2385 2 2 0 16 1259 1232 1233
2386 2 2 0 16 1233 1260 1259
2387 2 2 0 16 1260 1233 1234
2388 2 2 0 16 1234 1261 1260
2389 2 2 0 16 1261 1234 1235
2390 2 2 0 16 1235 1262 1261
2391 2 2 0 16 1262 1235 1236
2392 2 2 0 16 1236 1263 1262
2393 2 2 0 16 1263 1236 1237
2394 2 2 0 16 1237 1264 1263
2395 2 2 0 16 1264 1237 1238
2396 2 2 0 16 1238 1265 1264
2397 2 2 0 16 1265 1238 1239
2398 2 2 0 16 1239 1266 1265
2399 2 2 0 16 1266 1239 1240
2400 2 2 0 16 1240 1267 1266
2401 2 2 0 16 1267 1240 1241
2402 2 2 0 16 1241 1268 1267
2403 2 2 0 16 1268 1241 1242
2404 2 2 0 16 1242 1269 1268
2405 2 2 0 16 1269 1242 1243
2406 2 2 0 16 1243 1270 1269
2407 2 2 0 16 1270 1243 1244
2408 2 2 0 16 1244 1271 1270
2409 2 2 0 16 1271 1244 1245
2410 2 2 0 16 1245 1272 1271
2411 2 2 0 16 1272 1245 1246
2412 2 2 0 16 1246 1273 1272
2413 2 2 0 16 1273 1246 1247
2414 2 2 0 16 1247 1274 1273
2415 2 2 0 16 1274 1247 1248
2416 2 2 0 16 1248 1275 1274
2417 2 2 0 16 1275 1248 1249
2418 2 2 0 16 1249 120 1275
2419 2 2 0 16 120 1249 119
2420 2 2 0 16 263 1276 264
2421 2 2 0 16 1276 263 1250
2422 2 2 0 16 1250 1277 1276
2423 2 2 0 16 1277 1250 1251
2424 2 2 0 16 1251 1278 1277
2425 2 2 0 16 1278 1251 1252
2426 2 2 0 16 1252 1279 1278
2427 2 2 0 16 1279 1252 1253
2428 2 2 0 16 1253 1280 1279
2429 2 2 0 16 1280 1253 1254
2430 2 2 0 16 1254 1281 1280
2431 2 2 0 16 1281 1254 1255
2432 2 2 0 16 1255 1282 1281
2433 2 2 0 16 1282 1255 1256
2434 2 2 0 16 1256 1283 1282
2435 2 2 0 16 1283 1256 1257
2436 2 2 0 16 1257 1284 1283
2437 2 2 0 16 1284 1257 1258
2438 2 2 0 16 1258 1285 1284
2439 2 2 0 16 1285 1258 1259
2440 2 2 0 16 1259 1286 1285
2441 2 2 0 16 1286 1259 1260
2442 2 2 0 16 1260 1287 1286
2443 2 2 0 16 1287 1260 1261
2444 2 2 0 16 1261 1288 1287
2445 2 2 0 16 1288 1261 1262
2446 2 2 0 16 1262 1289 1288
2447 2 2 0 16 1289 1262 1263
2448 2 2 0 16 1263 1290 1289
2449 2 2 0 16 1290 1263 1264
2450 2 2 0 16 1264 1291 1290
2451 2 2 0 16 1291 1264 1265
2452 2 2 0 16 1265 1292 1291
2453 2 2 0 16 1292 1265 1266
2454 2 2 0 16 1266 1293 1292
2455 2 2 0 16 1293 1266 1267
2456 2 2 0 16 1267 1294 1293
2457 2 2 0 16 1294 1267 1268
2458 2 2 0 16 1268 1295 1294
2459 2 2 0 16 1295 1268 1269
2460 2 2 0 16 1269 1296 1295
2461 2 2 0 16 1296 1269 1270
2462 2 2 0 16 1270 1297 1296
2463 2 2 0 16 1297 1270 1271
2464 2 2 0 16 1271 1298 1297
2465 2 2 0 16 1298 1271 1272
2466 2 2 0 16 1272 1299 1298
2467 2 2 0 16 1299 1272 1273
2468 2 2 0 16 1273 1300 1299
2469 2 2 0 16 1300 1273 1274
2470 2 2 0 16 1274 1301 1300
2471 2 2 0 16 1301 1274 1275
2472 2 2 0 16 1275 121 1301
2473 2 2 0 16 121 1275 120
2474 2 2 0 16 264 1302 265
2475 2 2 0 16 1302 264 1276
2476 2 2 0 16 1276 1303 1302
2477 2 2 0 16 1303 1276 1277
2478 2 2 0 16 1277 1304 1303
2479 2 2 0 16 1304 1277 1278
2480 2 2 0 16 1278 1305 1304
2481 2 2 0 16 1305 1278 1279
2482 2 2 0 16 1279 1306 1305
2483 2 2 0 16 1306 1279 1280
2484 2 2 0 16 1280 1307 1306
2485 2 2 0 16 1307 1280 1281
2486 2 2 0 16 1281 1308 1307
2487 2 2 0 16 1308 1281 1282
2488 2 2 0 16 1282 1309 1308
2489 2 2 0 16 1309 1282 1283
2490 2 2 0 16 1283 1310 1309
2491 2 2 0 16 1310 1283 1284
2492 2 2 0 16 1284 1311 1310
2493 2 2 0 16 1311 1284 1285
2494 2 2 0 16 1285 1312 1311
2495 2 2 0 16 1312 1285 1286
2496 2 2 0 16 1286 1313 1312
2497 2 2 0 16 1313 1286 1287
2498 2 2 0 16 1287 1314 1313
2499 2 2 0 16 1314 1287 1288
2500 2 2 0 16 1288 1315 1314
2501 2 2 0 16 1315 1288 1289
2502 2 2 0 16 1289 1316 1315
2503 2 2 0 16 1316 1289 1290
2504 2 2 0 16 1290 1317 1316
2505 2 2 0 16 1317 1290 1291
2506 2 2 0 16 1291 1318 1317
2507 2 2 0 16 1318 1291 1292
2508 2 2 0 16 1292 1319 1318
2509 2 2 0 16 1319 1292 1293
2510 2 2 0 16 1293 1320 1319
2511 2 2 0 16 1320 1293 1294
2512 2 2 0 16 1294 1321 1320
2513 2 2 0 16 1321 1294 1295
2514 2 2 0 16 1295 1322 1321
2515 2 2 0 16 1322 1295 1296
2516 2 2 0 16 1296 1323 1322
2517 2 2 0 16 1323 1296 1297
2518 2 2 0 16 1297 1324 1323
2519 2 2 0 16 1324 1297 1298
2520 2 2 0 16 1298 1325 1324
2521 2 2 0 16 1325 1298 1299
2522 2 2 0 16 1299 1326 1325
2523 2 2 0 16 1326 1299 1300
2524 2 2 0 16 1300 1327 1326
2525 2 2 0 16 1327 1300 1301
2526 2 2 0 16 1301 122 1327
2527 2 2 0 16 122 1301 121
2528 2 2 0 16 265 1328 266
2529 2 2 0 16 1328 265 1302
2530 2 2 0 16 1302 1329 1328
2531 2 2 0 16 1329 1302 1303
2532 2 2 0 16 1303 1330 1329
2533 2 2 0 16 1330 1303 1304
2534 2 2 0 16 1304 1331 1330
2535 2 2 0 16 1331 1304 1305
2536 2 2 0 16 1305 1332 1331
2537 2 2 0 16 1332 1305 1306
2538 2 2 0 16 1306 1333 1332
2539 2 2 0 16 1333 1306 1307
2540 2 2 0 16 1307 1334 1333
2541 2 2 0 16 1334 1307 1308
2542 2 2 0 16 1308 1335 1334
2543 2 2 0 16 1335 1308 1309
2544 2 2 0 16 1309 1336 1335
2545 2 2 0 16 1336 1309 1310
2546 2 2 0 16 1310 1337 1336
2547 2 2 0 16 1337 1310 1311
2548 2 2 0 16 1311 1338 1337
2549 2 2 0 16 1338 1311 1312
2550 2 2 0 16 1312 1339 1338
2551 2 2 0 16 1339 1312 1313
2552 2 2 0 16 1313 1340 1339
2553 2 2 0 16 1340 1313 1314
2554 2 2 0 16 1314 1341 1340
2555 2 2 0 16 1341 1314 1315
2556 2 2 0 16 1315 1342 1341
2557 2 2 0 16 1342 1315 1316
2558 2 2 0 16 1316 1343 1342
2559 2 2 0 16 1343 1316 1317
2560 2 2 0 16 1317 1344 1343
2561 2 2 0 16 1344 1317 1318
2562 2 2 0 16 1318 1345 1344
2563 2 2 0 16 1345 1318 1319
2564 2 2 0 16 1319 1346 1345
2565 2 2 0 16 1346 1319 1320
2566 2 2 0 16 1320 1347 1346
2567 2 2 0 16 1347 1320 1321
2568 2 2 0 16 1321 1348 1347
2569 2 2 0 16 1348 1321 1322
2570 2 2 0 16 1322 1349 1348
2571 2 2 0 16 1349 1322 1323
2572 2 2 0 16 1323 1350 1349
2573 2 2 0 16 1350 1323 1324
2574 2 2 0 16 1324 1351 1350
2575 2 2 0 16 1351 1324 1325
2576 2 2 0 16 1325 1352 1351
2577 2 2 0 16 1352 1325 1326
2578 2 2 0 16 1326 1353 1352
2579 2 2 0 16 1353 1326 1327
2580 2 2 0 16 1327 123 1353
2581 2 2 0 16 123 1327 122
2582 2 2 0 16 266 1354 267
2583 2 2 0 16 1354 266 1328
2584 2 2 0 16 1328 1355 1354
2585 2 2 0 16 1355 1328 1329
2586 2 2 0 16 1329 1356 1355
2587 2 2 0 16 1356 1329 1330
2588 2 2 0 16 1330 1357 1356
2589 2 2 0 16 1357 1330 1331
2590 2 2 0 16 1331 1358 1357
2591 2 2 0 16 1358 1331 1332
2592 2 2 0 16 1332 1359 1358
2593 2 2 0 16 1359 1332 1333
2594 2 2 0 16 1333 1360 1359
2595 2 2 0 16 1360 1333 1334
2596 2 2 0 16 1334 1361 1360
2597 2 2 0 16 1361 1334 1335
2598 2 2 0 16 1335 1362 1361
2599 2 2 0 16 1362 1335 1336
2600 2 2 0 16 1336 1363 1362
2601 2 2 0 16 1363 1336 1337
2602 2 2 0 16 1337 1364 1363
2603 2 2 0 16 1364 1337 1338
2604 2 2 0 16 1338 1365 1364
2605 2 2 0 16 1365 1338 1339
2606 2 2 0 16 1339 1366 1365
2607 2 2 0 16 1366 1339 1340
2608 2 2 0 16 1340 1367 1366
2609 2 2 0 16 1367 1340 1341
2610 2 2 0 16 1341 1368 1367
2611 2 2 0 16 1368 1341 1342
2612 2 2 0 16 1342 1369 1368
2613 2 2 0 16 1369 1342 1343
2614 2 2 0 16 1343 1370 1369
2615 2 2 0 16 1370 1343 1344
2616 2 2 0 16 1344 1371 1370
2617 2 2 0 16 1371 1344 1345
2618 2 2 0 16 1345 1372 1371
2619 2 2 0 16 1372 1345 1346
2620 2 2 0 16 1346 1373 1372
2621 2 2 0 16 1373 1346 1347
2622 2 2 0 16 1347 1374 1373
2623 2 2 0 16 1374 1347 1348
2624 2 2 0 16 1348 1375 1374
2625 2 2 0 16 1375 1348 1349
2626 2 2 0 16 1349 1376 1375
2627 2 2 0 16 1376 1349 1350
2628 2 2 0 16 1350 1377 1376
2629 2 2 0 16 1377 1350 1351
2630 2 2 0 16 1351 1378 1377
2631 2 2 0 16 1378 1351 1352
2632 2 2 0 16 1352 1379 1378
2633 2 2 0 16 1379 1352 1353
2634 2 2 0 16 1353 124 1379
2635 2 2 0 16 124 1353 123
2636 2 2 0 16 267 1380 268
2637 2 2 0 16 1380 267 1354
2638 2 2 0 16 1354 1381 1380
2639 2 2 0 16 1381 1354 1355
2640 2 2 0 16 1355 1382 1381
2641 2 2 0 16 1382 1355 1356
2642 2 2 0 16 1356 1383 1382
2643 2 2 0 16 1383 1356 1357
2644 2 2 0 16 1357 1384 1383
2645 2 2 0 16 1384 1357 1358
2646 2 2 0 16 1358 1385 1384
2647 2 2 0 16 1385 1358 1359
2648 2 2 0 16 1359 1386 1385
2649 2 2 0 16 1386 1359 1360
2650 2 2 0 16 1360 1387 1386
2651 2 2 0 16 1387 1360 1361
2652 2 2 0 16 1361 1388 1387
2653 2 2 0 16 1388 1361 1362
2654 2 2 0 16 1362 1389 1388
2655 2 2 0 16 1389 1362 1363
2656 2 2 0 16 1363 1390 1389
2657 2 2 0 16 1390 1363 1364
2658 2 2 0 16 1364 1391 1390
2659 2 2 0 16 1391 1364 1365
2660 2 2 0 16 1365 1392 1391
2661 2 2 0 16 1392 1365 1366
2662 2 2 0 16 1366 1393 1392
2663 2 2 0 16 1393 1366 1367
2664 2 2 0 16 1367 1394 1393
2665 2 2 0 16 1394 1367 1368
2666 2 2 0 16 1368 1395 1394
2667 2 2 0 16 1395 1368 1369
2668 2 2 0 16 1369 1396 1395
2669 2 2 0 16 1396 1369 1370
2670 2 2 0 16 1370 1397 1396
2671 2 2 0 16 1397 1370 1371
2672 2 2 0 16 1371 1398 1397
2673 2 2 0 16 1398 1371 1372
2674 2 2 0 16 1372 1399 1398
2675 2 2 0 16 1399 1372 1373
2676 2 2 0 16 1373 1400 1399
2677 2 2 0 16 1400 1373 1374
2678 2 2 0 16 1374 1401 1400
2679 2 2 0 16 1401 1374 1375
2680 2 2 0 16 1375 1402 1401
2681 2 2 0 16 1402 1375 1376
2682 2 2 0 16 1376 1403 1402
2683 2 2 0 16 1403 1376 1377
2684 2 2 0 16 1377 1404 1403
2685 2 2 0 16 1404 1377 1378
2686 2 2 0 16 1378 1405 1404
2687 2 2 0 16 1405 1378 1379
2688 2 2 0 16 1379 125 1405
2689 2 2 0 16 125 1379 124
2690 2 2 0 16 268 1406 269
2691 2 2 0 16 1406 268 1380
2692 2 2 0 16 1380 1407 1406
2693 2 2 0 16 1407 1380 1381
2694 2 2 0 16 1381 1408 1407
2695 2 2 0 16 1408 1381 1382
2696 2 2 0 16 1382 1409 1408
2697 2 2 0 16 1409 1382 1383
2698 2 2 0 16 1383 1410 1409
2699 2 2 0 16 1410 1383 1384
2700 2 2 0 16 1384 1411 1410
2701 2 2 0 16 1411 1384 1385
2702 2 2 0 16 1385 1412 1411
2703 2 2 0 16 1412 1385 1386
2704 2 2 0 16 1386 1413 1412
2705 2 2 0 16 1413 1386 1387
2706 2 2 0 16 1387 1414 1413
2707 2 2 0 16 1414 1387 1388
2708 2 2 0 16 1388 1415 1414
2709 2 2 0 16 1415 1388 1389
2710 2 2 0 16 1389 1416 1415
2711 2 2 0 16 1416 1389 1390
2712 2 2 0 16 1390 1417 1416
2713 2 2 0 16 1417 1390 1391
2714 2 2 0 16 1391 1418 1417
2715 2 2 0 16 1418 1391 1392
2716 2 2 0 16 1392 1419 1418
2717 2 2 0 16 1419 1392 1393
2718 2 2 0 16 1393 1420 1419
2719 2 2 0 16 1420 1393 1394
2720 2 2 0 16 1394 1421 1420
2721 2 2 0 16 1421 1394 1395
2722 2 2 0 16 1395 1422 1421
2723 2 2 0 16 1422 1395 1396
2724 2 2 0 16 1396 1423 1422
2725 2 2 0 16 1423 1396 1397
2726 2 2 0 16 1397 1424 1423
2727 2 2 0 16 1424 1397 1398
2728 2 2 0 16 1398 1425 1424
2729 2 2 0 16 1425 1398 1399
2730 2 2 0 16 1399 1426 1425
2731 2 2 0 16 1426 1399 1400
2732 2 2 0 16 1400 1427 1426
2733 2 2 0 16 1427 1400 1401
2734 2 2 0 16 1401 1428 1427
2735 2 2 0 16 1428 1401 1402
2736 2 2 0 16 1402 1429 1428
2737 2 2 0 16 1429 1402 1403
2738 2 2 0 16 1403 1430 1429
2739 2 2 0 16 1430 1403 1404
2740 2 2 0 16 1404 1431 1430
2741 2 2 0 16 1431 1404 1405
2742 2 2 0 16 1405 126 1431
2743 2 2 0 16 126 1405 125
2744 2 2 0 16 269 1432 270
2745 2 2 0 16 1432 269 1406
2746 2 2 0 16 1406 1433 1432
2747 2 2 0 16 1433 1406 1407
2748 2 2 0 16 1407 1434 1433
2749 2 2 0 16 1434 1407 1408
2750 2 2 0 16 1408 1435 1434
2751 2 2 0 16 1435 1408 1409
2752 2 2 0 16 1409 1436 1435
2753 2 2 0 16 1436 1409 1410
2754 2 2 0 16 1410 1437 1436
2755 2 2 0 16 1437 1410 1411
2756 2 2 0 16 1411 1438 1437
2757 2 2 0 16 1438 1411 1412
2758 2 2 0 16 1412 1439 1438
2759 2 2 0 16 1439 1412 1413
2760 2 2 0 16 1413 1440 1439
2761 2 2 0 16 1440 1413 1414
2762 2 2 0 16 1414 1441 1440
2763 2 2 0 16 1441 1414 1415
2764 2 2 0 16 1415 1442 1441
2765 2 2 0 16 1442 1415 1416
2766 2 2 0 16 1416 1443 1442
2767 2 2 0 16 1443 1416 1417
2768 2 2 0 16 1417 1444 1443
2769 2 2 0 16 1444 1417 1418
2770 2 2 0 16 1418 1445 1444
2771 2 2 0 16 1445 1418 1419
2772 2 2 0 16 1419 1446 1445
2773 2 2 0 16 1446 1419 1420
2774 2 2 0 16 1420 1447 1446
2775 2 2 0 16 1447 1420 1421
2776 2 2 0 16 1421 1448 1447
2777 2 2 0 16 1448 1421 1422
2778 2 2 0 16 1422 1449 1448
2779 2 2 0 16 1449 1422 1423
2780 2 2 0 16 1423 1450 1449
2781 2 2 0 16 1450 1423 1424
2782 2 2 0 16 1424 1451 1450
2783 2 2 0 16 1451 1424 1425
2784 2 2 0 16 1425 1452 1451
2785 2 2 0 16 1452 1425 1426
2786 2 2 0 16 1426 1453 1452
2787 2 2 0 16 1453 1426 1427
2788 2 2 0 16 1427 1454 1453
2789 2 2 0 16 1454 1427 1428
2790 2 2 0 16 1428 1455 1454
2791 2 2 0 16 1455 1428 1429
2792 2 2 0 16 1429 1456 1455
2793 2 2 0 16 1456 1429 1430
2794 2 2 0 16 1430 1457 1456
2795 2 2 0 16 1457 1430 1431
2796 2 2 0 16 1431 127 1457
2797 2 2 0 16 127 1431 126
2798 2 2 0 16 270 1458 271
2799 2 2 0 16 1458 270 1432
2800 2 2 0 16 1432 1459 1458
2801 2 2 0 16 1459 1432 1433
2802 2 2 0 16 1433 1460 1459
2803 2 2 0 16 1460 1433 1434
2804 2 2 0 16 1434 1461 1460
2805 2 2 0 16 1461 1434 1435
2806 2 2 0 16 1435 1462 1461
2807 2 2 0 16 1462 1435 1436
2808 2 2 0 16 1436 1463 1462
2809 2 2 0 16 1463 1436 1437
2810 2 2 0 16 1437 1464 1463
2811 2 2 0 16 1464 1437 1438
2812 2 2 0 16 1438 1465 1464
2813 2 2 0 16 1465 1438 1439
2814 2 2 0 16 1439 1466 1465
2815 2 2 0 16 1466 1439 1440
2816 2 2 0 16 1440 1467 1466
2817 2 2 0 16 1467 1440 1441
2818 2 2 0 16 1441 1468 1467
2819 2 2 0 16 1468 1441 1442
2820 2 2 0 16 1442 1469 1468
2821 2 2 0 16 1469 1442 1443
2822 2 2 0 16 1443 1470 1469
2823 2 2 0 16 1470 1443 1444
2824 2 2 0 16 1444 1471 1470
2825 2 2 0 16 1471 1444 1445
2826 2 2 0 16 1445 1472 1471
2827 2 2 0 16 1472 1445 1446
2828 2 2 0 16 1446 1473 1472
2829 2 2 0 16 1473 1446 1447
2830 2 2 0 16 1447 1474 1473
2831 2 2 0 16 1474 1447 1448
2832 2 2 0 16 1448 1475 1474
2833 2 2 0 16 1475 1448 1449
2834 2 2 0 16 1449 1476 1475
2835 2 2 0 16 1476 1449 1450
2836 2 2 0 16 1450 1477 1476
2837 2 2 0 16 1477 1450 1451
2838 2 2 0 16 1451 1478 1477
2839 2 2 0 16 1478 1451 1452
2840 2 2 0 16 1452 1479 1478
2841 2 2 0 16 1479 1452 1453
2842 2 2 0 16 1453 1480 1479
2843 2 2 0 16 1480 1453 1454
2844 2 2 0 16 1454 1481 1480
2845 2 2 0 16 1481 1454 1455
2846 2 2 0 16 1455 1482 1481
2847 2 2 0 16 1482 1455 1456
2848 2 2 0 16 1456 1483 1482
2849 2 2 0 16 1483 1456 1457
2850 2 2 0 16 1457 128 1483
2851 2 2 0 16 128 1457 127
2852 2 2 0 16 271 1484 272
2853 2 2 0 16 1484 271 1458
2854 2 2 0 16 1458 1485 1484
2855 2 2 0 16 1485 1458 1459
2856 2 2 0 16 1459 1486 1485
2857 2 2 0 16 1486 1459 1460
2858 2 2 0 16 1460 1487 1486
2859 2 2 0 16 1487 1460 1461
2860 2 2 0 16 1461 1488 1487
2861 2 2 0 16 1488 1461 1462
2862 2 2 0 16 1462 1489 1488
2863 2 2 0 16 1489 1462 1463
2864 2 2 0 16 1463 1490 1489
2865 2 2 0 16 1490 1463 1464
2866 2 2 0 16 1464 1491 1490
2867 2 2 0 16 1491 1464 1465
2868 2 2 0 16 1465 1492 1491
2869 2 2 0 16 1492 1465 1466
2870 2 2 0 16 1466 1493 1492
2871 2 2 0 16 1493 1466 1467
2872 2 2 0 16 1467 1494 1493
2873 2 2 0 16 1494 1467 1468
2874 2 2 0 16 1468 1495 1494
2875 2 2 0 16 1495 1468 1469
2876 2 2 0 16 1469 1496 1495
2877 2 2 0 16 1496 1469 1470
2878 2 2 0 16 1470 1497 1496
2879 2 2 0 16 1497 1470 1471
2880 2 2 0 16 1471 1498 1497
2881 2 2 0 16 1498 1471 1472
2882 2 2 0 16 1472 1499 1498
2883 2 2 0 16 1499 1472 1473
2884 2 2 0 16 1473 1500 1499
2885 2 2 0 16 1500 1473 1474
2886 2 2 0 16 1474 1501 1500
2887 2 2 0 16 1501 1474 1475
2888 2 2 0 16 1475 1502 1501
2889 2 2 0 16 1502 1475 1476
2890 2 2 0 16 1476 1503 1502
2891 2 2 0 16 1503 1476 1477
2892 2 2 0 16 1477 1504 1503
2893 2 2 0 16 1504 1477 1478
2894 2 2 0 16 1478 1505 1504
2895 2 2 0 16 1505 1478 1479
2896 2 2 0 16 1479 1506 1505
2897 2 2 0 16 1506 1479 1480
2898 2 2 0 16 1480 1507 1506
2899 2 2 0 16 1507 1480 1481
2900 2 2 0 16 1481 1508 1507
2901 2 2 0 16 1508 1481 1482
2902 2 2 0 16 1482 1509 1508
2903 2 2 0 16 1509 1482 1483
2904 2 2 0 16 1483 129 1509
2905 2 2 0 16 129 1483 128
2906 2 2 0 16 272 1510 273
2907 2 2 0 16 1510 272 1484
2908 2 2 0 16 1484 1511 1510
2909 2 2 0 16 1511 1484 1485
2910 2 2 0 16 1485 1512 1511
2911 2 2 0 16 1512 1485 1486
2912 2 2 0 16 1486 1513 1512
2913 2 2 0 16 1513 1486 1487
2914 2 2 0 16 1487 1514 1513
2915 2 2 0 16 1514 1487 1488
2916 2 2 0 16 1488 1515 1514
2917 2 2 0 16 1515 1488 1489
2918 2 2 0 16 1489 1516 1515
2919 2 2 0 16 1516 1489 1490
2920 2 2 0 16 1490 1517 1516
2921 2 2 0 16 1517 1490 1491
2922 2 2 0 16 1491 1518 1517
2923 2 2 0 16 1518 1491 1492
2924 2 2 0 16 1492 1519 1518
2925 2 2 0 16 1519 1492 1493
2926 2 2 0 16 1493 1520 1519
2927 2 2 0 16 1520 1493 1494
2928 2 2 0 16 1494 1521 1520
2929 2 2 0 16 1521 1494 1495
2930 2 2 0 16 1495 1522 1521
2931 2 2 0 16 1522 1495 1496
2932 2 2 0 16 1496 1523 1522
2933 2 2 0 16 1523 1496 1497
2934 2 2 0 16 1497 1524 1523
2935 2 2 0 16 1524 1497 1498
2936 2 2 0 16 1498 1525 1524
2937 2 2 0 16 1525 1498 1499
2938 2 2 0 16 1499 1526 1525
2939 2 2 0 16 1526 1499 1500
2940 2 2 0 16 1500 1527 1526
2941 2 2 0 16 1527 1500 1501
2942 2 2 0 16 1501 1528 1527
2943 2 2 0 16 1528 1501 1502
2944 2 2 0 16 1502 1529 1528
2945 2 2 0 16 1529 1502 1503
2946 2 2 0 16 1503 1530 1529
2947 2 2 0 16 1530 1503 1504
2948 2 2 0 16 1504 1531 1530
2949 2 2 0 16 1531 1504 1505
2950 2 2 0 16 1505 1532 1531
2951 2 2 0 16 1532 1505 1506
2952 2 2 0 16 1506 1533 1532
2953 2 2 0 16 1533 1506 1507
2954 2 2 0 16 1507 1534 1533
2955 2 2 0 16 1534 1507 1508
2956 2 2 0 16 1508 1535 1534
2957 2 2 0 16 1535 1508 1509
2958 2 2 0 16 1509 130 1535
2959 2 2 0 16 130 1509 129
2960 2 2 0 16 273 1536 274
2961 2 2 0 16 1536 273 1510
2962 2 2 0 16 1510 1537 1536
2963 2 2 0 16 1537 1510 1511
2964 2 2 0 16 1511 1538 1537
2965 2 2 0 16 1538 1511 1512
2966 2 2 0 16 1512 1539 1538
2967 2 2 0 16 1539 1512 1513
2968 2 2 0 16 1513 1540 1539
2969 2 2 0 16 1540 1513 1514
2970 2 2 0 16 1514 1541 1540
2971 2 2 0 16 1541 1514 1515
2972 2 2 0 16 1515 1542 1541
2973 2 2 0 16 1542 1515 1516
2974 2 2 0 16 1516 1543 1542
2975 2 2 0 16 1543 1516 1517
2976 2 2 0 16 1517 1544 1543
2977 2 2 0 16 1544 1517 1518
2978 2 2 0 16 1518 1545 1544
2979 2 2 0 16 1545 1518 1519
2980 2 2 0 16 1519 1546 1545
2981 2 2 0 16 1546 1519 1520
2982 2 2 0 16 1520 1547 1546
2983 2 2 0 16 1547 1520 1521
2984 2 2 0 16 1521 1548 1547
2985 2 2 0 16 1548 1521 1522
2986 2 2 0 16 1522 1549 1548
2987 2 2 0 16 1549 1522 1523
2988 2 2 0 16 1523 1550 1549
2989 2 2 0 16 1550 1523 1524
2990 2 2 0 16 1524 1551 1550
2991 2 2 0 16 1551 1524 1525
2992 2 2 0 16 1525 1552 1551
2993 2 2 0 16 1552 1525 1526
2994 2 2 0 16 1526 1553 1552
2995 2 2 0 16 1553 1526 1527
2996 2 2 0 16 1527 1554 1553
2997 2 2 0 16 1554 1527 1528
2998 2 2 0 16 1528 1555 1554
2999 2 2 0 16 1555 1528 1529
3000 2 2 0 16 1529 1556 1555
3001 2 2 0 16 1556 1529 1530
3002 2 2 0 16 1530 1557 1556
3003 2 2 0 16 1557 1530 1531
3004 2 2 0 16 1531 1558 1557
3005 2 2 0 16 1558 1531 1532
3006 2 2 0 16 1532 1559 1558
3007 2 2 0 16 1559 1532 1533
3008 2 2 0 16 1533 1560 1559
3009 2 2 0 16 1560 1533 1534
3010 2 2 0 16 1534 1561 1560
3011 2 2 0 16 1561 1534 1535
3012 2 2 0 16 1535 131 1561
3013 2 2 0 16 131 1535 130
3014 2 2 0 16 274 1562 275
3015 2 2 0 16 1562 274 1536
3016 2 2 0 16 1536 1563 1562
3017 2 2 0 16 1563 1536 1537
3018 2 2 0 16 1537 1564 1563
3019 2 2 0 16 1564 1537 1538
3020 2 2 0 16 1538 1565 1564
3021 2 2 0 16 1565 1538 1539
3022 2 2 0 16 1539 1566 1565
3023 2 2 0 16 1566 1539 1540
3024 2 2 0 16 1540 1567 1566
3025 2 2 0 16 1567 1540 1541
3026 2 2 0 16 1541 1568 1567
3027 2 2 0 16 1568 1541 1542
3028 2 2 0 16 1542 1569 1568
3029 2 2 0 16 1569 1542 1543
3030 2 2 0 16 1543 1570 1569
3031 2 2 0 16 1570 1543 1544
3032 2 2 0 16 1544 1571 1570
3033 2 2 0 16 1571 1544 1545
3034 2 2 0 16 1545 1572 1571
3035 2 2 0 16 1572 1545 1546
3036 2 2 0 16 1546 1573 1572
3037 2 2 0 16 1573 1546 1547
3038 2 2 0 16 1547 1574 1573
3039 2 2 0 16 1574 1547 1548
3040 2 2 0 16 1548 1575 1574
3041 2 2 0 16 1575 1548 1549
3042 2 2 0 16 1549 1576 1575
3043 2 2 0 16 1576 1549 1550
3044 2 2 0 16 1550 1577 1576
3045 2 2 0 16 1577 1550 1551
3046 2 2 0 16 1551 1578 1577
3047 2 2 0 16 1578 1551 1552
3048 2 2 0 16 1552 1579 1578
3049 2 2 0 16 1579 1552 1553
3050 2 2 0 16 1553 1580 1579
3051 2 2 0 16 1580 1553 1554
3052 2 2 0 16 1554 1581 1580
3053 2 2 0 16 1581 1554 1555
3054 2 2 0 16 1555 1582 1581
3055 2 2 0 16 1582 1555 1556
3056 2 2 0 16 1556 1583 1582
3057 2 2 0 16 1583 1556 1557
3058 2 2 0 16 1557 1584 1583
3059 2 2 0 16 1584 1557 1558
3060 2 2 0 16 1558 1585 1584
3061 2 2 0 16 1585 1558 1559
3062 2 2 0 16 1559 1586 1585
3063 2 2 0 16 1586 1559 1560
3064 2 2 0 16 1560 1587 1586
3065 2 2 0 16 1587 1560 1561
3066 2 2 0 16 1561 132 1587
3067 2 2 0 16 132 1561 131
3068 2 2 0 16 275 1588 276
3069 2 2 0 16 1588 275 1562
3070 2 2 0 16 1562 1589 1588
3071 2 2 0 16 1589 1562 1563
3072 2 2 0 16 1563 1590 1589
3073 2 2 0 16 1590 1563 1564
3074 2 2 0 16 1564 1591 1590
3075 2 2 0 16 1591 1564 1565
3076 2 2 0 16 1565 1592 1591
3077 2 2 0 16 1592 1565 1566
3078 2 2 0 16 1566 1593 1592
3079 2 2 0 16 1593 1566 1567
3080 2 2 0 16 1567 1594 1593
3081 2 2 0 16 1594 1567 1568
3082 2 2 0 16 1568 1595 1594
3083 2 2 0 16 1595 1568 1569
3084 2 2 0 16 1569 1596 1595
3085 2 2 0 16 1596 1569 1570
3086 2 2 0 16 1570 1597 1596
3087 2 2 0 16 1597 1570 1571
3088 2 2 0 16 1571 1598 1597
3089 2 2 0 16 1598 1571 1572
3090 2 2 0 16 1572 1599 1598
3091 2 2 0 16 1599 1572 1573
3092 2 2 0 16 1573 1600 1599
3093 2 2 0 16 1600 1573 1574
3094 2 2 0 16 1574 1601 1600
3095 2 2 0 16 1601 1574 1575
3096 2 2 0 16 1575 1602 1601
3097 2 2 0 16 1602 1575 1576
3098 2 2 0 16 1576 1603 1602
3099 2 2 0 16 1603 1576 1577
3100 2 2 0 16 1577 1604 1603
3101 2 2 0 16 1604 1577 1578
3102 2 2 0 16 1578 1605 1604
3103 2 2 0 16 1605 1578 1579
3104 2 2 0 16 1579 1606 1605
3105 2 2 0 16 1606 1579 1580
3106 2 2 0 16 1580 1607 1606
3107 2 2 0 16 1607 1580 1581
3108 2 2 0 16 1581 1608 1607
3109 2 2 0 16 1608 1581 1582
3110 2 2 0 16 1582 1609 1608
3111 2 2 0 16 1609 1582 1583
3112 2 2 0 16 1583 1610 1609
3113 2 2 0 16 1610 1583 1584
3114 2 2 0 16 1584 1611 1610
3115 2 2 0 16 1611 1584 1585
3116 2 2 0 16 1585 1612 1611
3117 2 2 0 16 1612 1585 1586
3118 2 2 0 16 1586 1613 1612
3119 2 2 0 16 1613 1586 1587
3120 2 2 0 16 1587 133 1613
3121 2 2 0 16 133 1587 132
3122 2 2 0 16 276 1614 277
3123 2 2 0 16 1614 276 1588
3124 2 2 0 16 1588 1615 1614
3125 2 2 0 16 1615 1588 1589
3126 2 2 0 16 1589 1616 1615
3127 2 2 0 16 1616 1589 1590
3128 2 2 0 16 1590 1617 1616
3129 2 2 0 16 1617 1590 1591
3130 2 2 0 16 1591 1618 1617
3131 2 2 0 16 1618 1591 1592
3132 2 2 0 16 1592 1619 1618
3133 2 2 0 16 1619 1592 1593
3134 2 2 0 16 1593 1620 1619
3135 2 2 0 16 1620 1593 1594
3136 2 2 0 16 1594 1621 1620
3137 2 2 0 16 1621 1594 1595
3138 2 2 0 16 1595 1622 1621
3139 2 2 0 16 1622 1595 1596
3140 2 2 0 16 1596 1623 1622
3141 2 2 0 16 1623 1596 1597
3142 2 2 0 16 1597 1624 1623
3143 2 2 0 16 1624 1597 1598
3144 2 2 0 16 1598 1625 1624
3145 2 2 0 16 1625 1598 1599
3146 2 2 0 16 1599 1626 1625
3147 2 2 0 16 1626 1599 1600
3148 2 2 0 16 1600 1627 1626
3149 2 2 0 16 1627 1600 1601
3150 2 2 0 16 1601 1628 1627
3151 2 2 0 16 1628 1601 1602
3152 2 2 0 16 1602 1629 1628
3153 2 2 0 16 1629 1602 1603
3154 2 2 0 16 1603 1630 1629
3155 2 2 0 16 1630 1603 1604
3156 2 2 0 16 1604 1631 1630
3157 2 2 0 16 1631 1604 1605
3158 2 2 0 16 1605 1632 1631
3159 2 2 0 16 1632 1605 1606
3160 2 2 0 16 1606 1633 1632
3161 2 2 0 16 1633 1606 1607
3162 2 2 0 16 1607 1634 1633
3163 2 2 0 16 1634 1607 1608
3164 2 2 0 16 1608 1635 1634
3165 2 2 0 16 1635 1608 1609
3166 2 2 0 16 1609 1636 1635
3167 2 2 0 16 1636 1609 1610
3168 2 2 0 16 1610 1637 1636
3169 2 2 0 16 1637 1610 1611
3170 2 2 0 16 1611 1638 1637
3171 2 2 0 16 1638 1611 1612
3172 2 2 0 16 1612 1639 1638
3173 2 2 0 16 1639 1612 1613
3174 2 2 0 16 1613 134 1639
3175 2 2 0 16 134 1613 133
3176 2 2 0 16 277 1640 278
3177 2 2 0 16 1640 277 1614
3178 2 2 0 16 1614 1641 1640
3179 2 2 0 16 1641 1614 1615
3180 2 2 0 16 1615 1642 1641
3181 2 2 0 16 1642 1615 1616
3182 2 2 0 16 1616 1643 1642
3183 2 2 0 16 1643 1616 1617
3184 2 2 0 16 1617 1644 1643
3185 2 2 0 16 1644 1617 1618
3186 2 2 0 16 1618 1645 1644
3187 2 2 0 16 1645 1618 1619
3188 2 2 0 16 1619 1646 1645
3189 2 2 0 16 1646 1619 1620
3190 2 2 0 16 1620 1647 1646
3191 2 2 0 16 1647 1620 1621
3192 2 2 0 16 1621 1648 1647
3193 2 2 0 16 1648 1621 1622
3194 2 2 0 16 1622 1649 1648
3195 2 2 0 16 1649 1622 1623
3196 2 2 0 16 1623 1650 1649
3197 2 2 0 16 1650 1623 1624
3198 2 2 0 16 1624 1651 1650
3199 2 2 0 16 1651 1624 1625
3200 2 2 0 16 1625 1652 1651
3201 2 2 0 16 1652 1625 1626
3202 2 2 0 16 1626 1653 1652
3203 2 2 0 16 1653 1626 1627
3204 2 2 0 16 1627 1654 1653
3205 2 2 0 16 1654 1627 1628
3206 2 2 0 16 1628 1655 1654
3207 2 2 0 16 1655 1628 1629
3208 2 2 0 16 1629 1656 1655
3209 2 2 0 16 1656 1629 1630
3210 2 2 0 16 1630 1657 1656
3211 2 2 0 16 1657 1630 1631
3212 2 2 0 16 1631 1658 1657
3213 2 2 0 16 1658 1631 1632
3214 2 2 0 16 1632 1659 1658
3215 2 2 0 16 1659 1632 1633
3216 2 2 0 16 1633 1660 1659
3217 2 2 0 16 1660 1633 1634
3218 2 2 0 16 1634 1661 1660
3219 2 2 0 16 1661 1634 1635
3220 2 2 0 16 1635 1662 1661
3221 2 2 0 16 1662 1635 1636
3222 2 2 0 16 1636 1663 1662
3223 2 2 0 16 1663 1636 1637
3224 2 2 0 16 1637 1664 1663
3225 2 2 0 16 1664 1637 1638
3226 2 2 0 16 1638 1665 1664
3227 2 2 0 16 1665 1638 1639
3228 2 2 0 16 1639 135 1665
3229 2 2 0 16 135 1639 134
3230 2 2 0 16 278 1666 279
3231 2 2 0 16 1666 278 1640
3232 2 2 0 16 1640 1667 1666
3233 2 2 0 16 1667 1640 1641
3234 2 2 0 16 1641 1668 1667
3235 2 2 0 16 1668 1641 1642
3236 2 2 0 16 1642 1669 1668
3237 2 2 0 16 1669 1642 1643
3238 2 2 0 16 1643 1670 1669
3239 2 2 0 16 1670 1643 1644
3240 2 2 0 16 1644 1671 1670
3241 2 2 0 16 1671 1644 1645
3242 2 2 0 16 1645 1672 1671
3243 2 2 0 16 1672 1645 1646
3244 2 2 0 16 1646 1673 1672
3245 2 2 0 16 1673 1646 1647
3246 2 2 0 16 1647 1674 1673
3247 2 2 0 16 1674 1647 1648
3248 2 2 0 16 1648 1675 1674
3249 2 2 0 16 1675 1648 1649
3250 2 2 0 16 1649 1676 1675
3251 2 2 0 16 1676 1649 1650
3252 2 2 0 16 1650 1677 1676
3253 2 2 0 16 1677 1650 1651
3254 2 2 0 16 1651 1678 1677
3255 2 2 0 16 1678 1651 1652
3256 2 2 0 16 1652 1679 1678
3257 2 2 0 16 1679 1652 1653
3258 2 2 0 16 1653 1680 1679
3259 2 2 0 16 1680 1653 1654
3260 2 2 0 16 1654 1681 1680
3261 2 2 0 16 1681 1654 1655
3262 2 2 0 16 1655 1682 1681
3263 2 2 0 16 1682 1655 1656
3264 2 2 0 16 1656 1683 1682
3265 2 2 0 16 1683 1656 1657
3266 2 2 0 16 1657 1684 1683
3267 2 2 0 16 1684 1657 1658
3268 2 2 0 16 1658 1685 1684
3269 2 2 0 16 1685 1658 1659
3270 2 2 0 16 1659 1686 1685
3271 2 2 0 16 1686 1659 1660
3272 2 2 0 16 1660 1687 1686
3273 2 2 0 16 1687 1660 1661
3274 2 2 0 16 1661 1688 1687
3275 2 2 0 16 1688 1661 1662
3276 2 2 0 16 1662 1689 1688
3277 2 2 0 16 1689 1662 1663
3278 2 2 0 16 1663 1690 1689
3279 2 2 0 16 1690 1663 1664
3280 2 2 0 16 1664 1691 1690
3281 2 2 0 16 1691 1664 1665
3282 2 2 0 16 1665 136 1691
3283 2 2 0 16 136 1665 135
3284 2 2 0 16 279 1692 280
3285 2 2 0 16 1692 279 1666
3286 2 2 0 16 1666 1693 1692
3287 2 2 0 16 1693 1666 1667
3288 2 2 0 16 1667 1694 1693
3289 2 2 0 16 1694 1667 1668
3290 2 2 0 16 1668 1695 1694
3291 2 2 0 16 1695 1668 1669
3292 2 2 0 16 1669 1696 1695
3293 2 2 0 16 1696 1669 1670
3294 2 2 0 16 1670 1697 1696
3295 2 2 0 16 1697 1670 1671
3296 2 2 0 16 1671 1698 1697
3297 2 2 0 16 1698 1671 1672
3298 2 2 0 16 1672 1699 1698
3299 2 2 0 16 1699 1672 1673
3300 2 2 0 16 1673 1700 1699
3301 2 2 0 16 1700 1673 1674
3302 2 2 0 16 1674 1701 1700
3303 2 2 0 16 1701 1674 1675
3304 2 2 0 16 1675 1702 1701
3305 2 2 0 16 1702 1675 1676
3306 2 2 0 16 1676 1703 1702
3307 2 2 0 16 1703 1676 1677
3308 2 2 0 16 1677 1704 1703
3309 2 2 0 16 1704 1677 1678
3310 2 2 0 16 1678 1705 1704
3311 2 2 0 16 1705 1678 1679
3312 2 2 0 16 1679 1706 1705
3313 2 2 0 16 1706 1679 1680
3314 2 2 0 16 1680 1707 1706
3315 2 2 0 16 1707 1680 1681
3316 2 2 0 16 1681 1708 1707
3317 2 2 0 16 1708 1681 1682
3318 2 2 0 16 1682 1709 1708
3319 2 2 0 16 1709 1682 1683
3320 2 2 0 16 1683 1710 1709
3321 2 2 0 16 1710 1683 1684
3322 2 2 0 16 1684 1711 1710
3323 2 2 0 16 1711 1684 1685
3324 2 2 0 16 1685 1712 1711
3325 2 2 0 16 1712 1685 1686
3326 2 2 0 16 1686 1713 1712
3327 2 2 0 16 1713 1686 1687
3328 2 2 0 16 1687 1714 1713
3329 2 2 0 16 1714 1687 1688
3330 2 2 0 16 1688 1715 1714
3331 2 2 0 16 1715 1688 1689
3332 2 2 0 16 1689 1716 1715
3333 2 2 0 16 1716 1689 1690
3334 2 2 0 16 1690 1717 1716
3335 2 2 0 16 1717 1690 1691
3336 2 2 0 16 1691 137 1717
3337 2 2 0 16 137 1691 136
3338 2 2 0 16 280 1718 281
3339 2 2 0 16 1718 280 1692
3340 2 2 0 16 1692 1719 1718
3341 2 2 0 16 1719 1692 1693
3342 2 2 0 16 1693 1720 1719
3343 2 2 0 16 1720 1693 1694
3344 2 2 0 16 1694 1721 1720
3345 2 2 0 16 1721 1694 1695
3346 2 2 0 16 1695 1722 1721
3347 2 2 0 16 1722 1695 1696
3348 2 2 0 16 1696 1723 1722
3349 2 2 0 16 1723 1696 1697
3350 2 2 0 16 1697 1724 1723
3351 2 2 0 16 1724 1697 1698
3352 2 2 0 16 1698 1725 1724
3353 2 2 0 16 1725 1698 1699
3354 2 2 0 16 1699 1726 1725
3355 2 2 0 16 1726 1699 1700
3356 2 2 0 16 1700 1727 1726
3357 2 2 0 16 1727 1700 1701
3358 2 2 0 16 1701 1728 1727
3359 2 2 0 16 1728 1701 1702
3360 2 2 0 16 1702 1729 1728
3361 2 2 0 16 1729 1702 1703
3362 2 2 0 16 1703 1730 1729
3363 2 2 0 16 1730 1703 1704
3364 2 2 0 16 1704 1731 1730
3365 2 2 0 16 1731 1704 1705
3366 2 2 0 16 1705 1732 1731
3367 2 2 0 16 1732 1705 1706
3368 2 2 0 16 1706 1733 1732
3369 2 2 0 16 1733 1706 1707
3370 2 2 0 16 1707 1734 1733
3371 2 2 0 16 1734 1707 1708
3372 2 2 0 16 1708 1735 1734
3373 2 2 0 16 1735 1708 1709
3374 2 2 0 16 1709 1736 1735
3375 2 2 0 16 1736 1709 1710
3376 2 2 0 16 1710 1737 1736
3377 2 2 0 16 1737 1710 1711
3378 2 2 0 16 1711 1738 1737
3379 2 2 0 16 1738 1711 1712
3380 2 2 0 16 1712 1739 1738
3381 2 2 0 16 1739 1712 1713
3382 2 2 0 16 1713 1740 1739
3383 2 2 0 16 1740 1713 1714
3384 2 2 0 16 1714 1741 1740
3385 2 2 0 16 1741 1714 1715
3386 2 2 0 16 1715 1742 1741
3387 2 2 0 16 1742 1715 1716
3388 2 2 0 16 1716 1743 1742
3389 2 2 0 16 1743 1716 1717
3390 2 2 0 16 1717 138 1743
3391 2 2 0 16 138 1717 137
3392 2 2 0 16 281 1744 282
3393 2 2 0 16 1744 281 1718
3394 2 2 0 16 1718 1745 1744
3395 2 2 0 16 1745 1718 1719
3396 2 2 0 16 1719 1746 1745
3397 2 2 0 16 1746 1719 1720
3398 2 2 0 16 1720 1747 1746
3399 2 2 0 16 1747 1720 1721
3400 2 2 0 16 1721 1748 1747
3401 2 2 0 16 1748 1721 1722
3402 2 2 0 16 1722 1749 1748
3403 2 2 0 16 1749 1722 1723
3404 2 2 0 16 1723 1750 1749
3405 2 2 0 16 1750 1723 1724
3406 2 2 0 16 1724 1751 1750
3407 2 2 0 16 1751 1724 1725
3408 2 2 0 16 1725 1752 1751
3409 2 2 0 16 1752 1725 1726
3410 2 2 0 16 1726 1753 1752
3411 2 2 0 16 1753 1726 1727
3412 2 2 0 16 1727 1754 1753
3413 2 2 0 16 1754 1727 1728
3414 2 2 0 16 1728 1755 1754
3415 2 2 0 16 1755 1728 1729
3416 2 2 0 16 1729 1756 1755
3417 2 2 0 16 1756 1729 1730
3418 2 2 0 16 1730 1757 1756
3419 2 2 0 16 1757 1730 1731
3420 2 2 0 16 1731 1758 1757
3421 2 2 0 16 1758 1731 1732
3422 2 2 0 16 1732 1759 1758
3423 2 2 0 16 1759 1732 1733
3424 2 2 0 16 1733 1760 1759
3425 2 2 0 16 1760 1733 1734
3426 2 2 0 16 1734 1761 1760
3427 2 2 0 16 1761 1734 1735
3428 2 2 0 16 1735 1762 1761
3429 2 2 0 16 1762 1735 1736
3430 2 2 0 16 1736 1763 1762
3431 2 2 0 16 1763 1736 1737
3432 2 2 0 16 1737 1764 1763
3433 2 2 0 16 1764 1737 1738
3434 2 2 0 16 1738 1765 1764
3435 2 2 0 16 1765 1738 1739
3436 2 2 0 16 1739 1766 1765
3437 2 2 0 16 1766 1739 1740
3438 2 2 0 16 1740 1767 1766
3439 2 2 0 16 1767 1740 1741
3440 2 2 0 16 1741 1768 1767
3441 2 2 0 16 1768 1741 1742
3442 2 2 0 16 1742 1769 1768
3443 2 2 0 16 1769 1742 1743
3444 2 2 0 16 1743 139 1769
3445 2 2 0 16 139 1743 138
3446 2 2 0 16 282 1770 283
3447 2 2 0 16 1770 282 1744
3448 2 2 0 16 1744 1771 1770
3449 2 2 0 16 1771 1744 1745
3450 2 2 0 16 1745 1772 1771
3451 2 2 0 16 1772 1745 1746
3452 2 2 0 16 1746 1773 1772
3453 2 2 0 16 1773 1746 1747
3454 2 2 0 16 1747 1774 1773
3455 2 2 0 16 1774 1747 1748
3456 2 2 0 16 1748 1775 1774
3457 2 2 0 16 1775 1748 1749
3458 2 2 0 16 1749 1776 1775
3459 2 2 0 16 1776 1749 1750
3460 2 2 0 16 1750 1777 1776
3461 2 2 0 16 1777 1750 1751
3462 2 2 0 16 1751 1778 1777
3463 2 2 0 16 1778 1751 1752
3464 2 2 0 16 1752 1779 1778
3465 2 2 0 16 1779 1752 1753
3466 2 2 0 16 1753 1780 1779
3467 2 2 0 16 1780 1753 1754
3468 2 2 0 16 1754 1781 1780
3469 2 2 0 16 1781 1754 1755
3470 2 2 0 16 1755 1782 1781
3471 2 2 0 16 1782 1755 1756
3472 2 2 0 16 1756 1783 1782
3473 2 2 0 16 1783 1756 1757
3474 2 2 0 16 1757 1784 1783
3475 2 2 0 16 1784 1757 1758
3476 2 2 0 16 1758 1785 1784
3477 2 2 0 16 1785 1758 1759
3478 2 2 0 16 1759 1786 1785
3479 2 2 0 16 1786 1759 1760
3480 2 2 0 16 1760 1787 1786
3481 2 2 0 16 1787 1760 1761
3482 2 2 0 16 1761 1788 1787
3483 2 2 0 16 1788 1761 1762
3484 2 2 0 16 1762 1789 1788
3485 2 2 0 16 1789 1762 1763
3486 2 2 0 16 1763 1790 1789
3487 2 2 0 16 1790 1763 1764
3488 2 2 0 16 1764 1791 1790
3489 2 2 0 16 1791 1764 1765
3490 2 2 0 16 1765 1792 1791
3491 2 2 0 16 1792 1765 1766
3492 2 2 0 16 1766 1793 1792
3493 2 2 0 16 1793 1766 1767
3494 2 2 0 16 1767 1794 1793
3495 2 2 0 16 1794 1767 1768
3496 2 2 0 16 1768 1795 1794
3497 2 2 0 16 1795 1768 1769
3498 2 2 0 16 1769 140 1795
3499 2 2 0 16 140 1769 139
3500 2 2 0 16 283 1796 284
3501 2 2 0 16 1796 283 1770
3502 2 2 0 16 1770 1797 1796
3503 2 2 0 16 1797 1770 1771
3504 2 2 0 16 1771 1798 1797
3505 2 2 0 16 1798 1771 1772
3506 2 2 0 16 1772 1799 1798
3507 2 2 0 16 1799 1772 1773
3508 2 2 0 16 1773 1800 1799
3509 2 2 0 16 1800 1773 1774
3510 2 2 0 16 1774 1801 1800
3511 2 2 0 16 1801 1774 1775
3512 2 2 0 16 1775 1802 1801
3513 2 2 0 16 1802 1775 1776
3514 2 2 0 16 1776 1803 1802
3515 2 2 0 16 1803 1776 1777
3516 2 2 0 16 1777 1804 1803
3517 2 2 0 16 1804 1777 1778
3518 2 2 0 16 1778 1805 1804
3519 2 2 0 16 1805 1778 1779
3520 2 2 0 16 1779 1806 1805
3521 2 2 0 16 1806 1779 1780
3522 2 2 0 16 1780 1807 1806
3523 2 2 0 16 1807 1780 1781
3524 2 2 0 16 1781 1808 1807
3525 2 2 0 16 1808 1781 1782
3526 2 2 0 16 1782 1809 1808
3527 2 2 0 16 1809 1782 1783
3528 2 2 0 16 1783 1810 1809
3529 2 2 0 16 1810 1783 1784
3530 2 2 0 16 1784 1811 1810
3531 2 2 0 16 1811 1784 1785
3532 2 2 0 16 1785 1812 1811
3533 2 2 0 16 1812 1785 1786
3534 2 2 0 16 1786 1813 1812
3535 2 2 0 16 1813 1786 1787
3536 2 2 0 16 1787 1814 1813
3537 2 2 0 16 1814 1787 1788
3538 2 2 0 16 1788 1815 1814
3539 2 2 0 16 1815 1788 1789
3540 2 2 0 16 1789 1816 1815
3541 2 2 0 16 1816 1789 1790
3542 2 2 0 16 1790 1817 1816
3543 2 2 0 16 1817 1790 1791
3544 2 2 0 16 1791 1818 1817
3545 2 2 0 16 1818 1791 1792
3546 2 2 0 16 1792 1819 1818
3547 2 2 0 16 1819 1792 1793
3548 2 2 0 16 1793 1820 1819
3549 2 2 0 16 1820 1793 1794
3550 2 2 0 16 1794 1821 1820
3551 2 2 0 16 1821 1794 1795
3552 2 2 0 16 1795 141 1821
3553 2 2 0 16 141 1795 140
3554 2 2 0 16 284 1822 285
3555 2 2 0 16 1822 284 1796
3556 2 2 0 16 1796 1823 1822
3557 2 2 0 16 1823 1796 1797
3558 2 2 0 16 1797 1824 1823
3559 2 2 0 16 1824 1797 1798
3560 2 2 0 16 1798 1825 1824
3561 2 2 0 16 1825 1798 1799
3562 2 2 0 16 1799 1826 1825
3563 2 2 0 16 1826 1799 1800
3564 2 2 0 16 1800 1827 1826
3565 2 2 0 16 1827 1800 1801
3566 2 2 0 16 1801 1828 1827
3567 2 2 0 16 1828 1801 1802
3568 2 2 0 16 1802 1829 1828
3569 2 2 0 16 1829 1802 1803
3570 2 2 0 16 1803 1830 1829
3571 2 2 0 16 1830 1803 1804
3572 2 2 0 16 1804 1831 1830
3573 2 2 0 16 1831 1804 1805
3574 2 2 0 16 1805 1832 1831
3575 2 2 0 16 1832 1805 1806
3576 2 2 0 16 1806 1833 1832
3577 2 2 0 16 1833 1806 1807
3578 2 2 0 16 1807 1834 1833
3579 2 2 0 16 1834 1807 1808
3580 2 2 0 16 1808 1835 1834
3581 2 2 0 16 1835 1808 1809
3582 2 2 0 16 1809 1836 1835
3583 2 2 0 16 1836 1809 1810
3584 2 2 0 16 1810 1837 1836
3585 2 2 0 16 1837 1810 1811
3586 2 2 0 16 1811 1838 1837
3587 2 2 0 16 1838 1811 1812
3588 2 2 0 16 1812 1839 1838
3589 2 2 0 16 1839 1812 1813
3590 2 2 0 16 1813 1840 1839
3591 2 2 0 16 1840 1813 1814
3592 2 2 0 16 1814 1841 1840
3593 2 2 0 16 1841 1814 1815
3594 2 2 0 16 1815 1842 1841
3595 2 2 0 16 1842 1815 1816
3596 2 2 0 16 1816 1843 1842
3597 2 2 0 16 1843 1816 1817
3598 2 2 0 16 1817 1844 1843
3599 2 2 0 16 1844 1817 1818
3600 2 2 0 16 1818 1845 1844
3601 2 2 0 16 1845 1818 1819
3602 2 2 0 16 1819 1846 1845
3603 2 2 0 16 1846 1819 1820
3604 2 2 0 16 1820 1847 1846
3605 2 2 0 16 1847 1820 1821
3606 2 2 0 16 1821 142 1847
3607 2 2 0 16 142 1821 141
3608 2 2 0 16 285 1848 286
3609 2 2 0 16 1848 285 1822
3610 2 2 0 16 1822 1849 1848
3611 2 2 0 16 1849 1822 1823
3612 2 2 0 16 1823 1850 1849
3613 2 2 0 16 1850 1823 1824
3614 2 2 0 16 1824 1851 1850
3615 2 2 0 16 1851 1824 1825
3616 2 2 0 16 1825 1852 1851
3617 2 2 0 16 1852 1825 1826
3618 2 2 0 16 1826 1853 1852
3619 2 2 0 16 1853 1826 1827
3620 2 2 0 16 1827 1854 1853
3621 2 2 0 16 1854 1827 1828
3622 2 2 0 16 1828 1855 1854
3623 2 2 0 16 1855 1828 1829
3624 2 2 0 16 1829 1856 1855
3625 2 2 0 16 1856 1829 1830
3626 2 2 0 16 1830 1857 1856
3627 2 2 0 16 1857 1830 1831
3628 2 2 0 16 1831 1858 1857
3629 2 2 0 16 1858 1831 1832
3630 2 2 0 16 1832 1859 1858
3631 2 2 0 16 1859 1832 1833
3632 2 2 0 16 1833 1860 1859
3633 2 2 0 16 1860 1833 1834
3634 2 2 0 16 1834 1861 1860
3635 2 2 0 16 1861 1834 1835
3636 2 2 0 16 1835 1862 1861
3637 2 2 0 16 1862 1835 1836
3638 2 2 0 16 1836 1863 1862
3639 2 2 0 16 1863 1836 1837
3640 2 2 0 16 1837 1864 1863
3641 2 2 0 16 1864 1837 1838
3642 2 2 0 16 1838 1865 1864
3643 2 2 0 16 1865 1838 1839
3644 2 2 0 16 1839 1866 1865
3645 2 2 0 16 1866 1839 1840
3646 2 2 0 16 1840 1867 1866
3647 2 2 0 16 1867 1840 1841
3648 2 2 0 16 1841 1868 1867
3649 2 2 0 16 1868 1841 1842
3650 2 2 0 16 1842 1869 1868
3651 2 2 0 16 1869 1842 1843
3652 2 2 0 16 1843 1870 1869
3653 2 2 0 16 1870 1843 1844
3654 2 2 0 16 1844 1871 1870
3655 2 2 0 16 1871 1844 1845
3656 2 2 0 16 1845 1872 1871
3657 2 2 0 16 1872 1845 1846
3658 2 2 0 16 1846 1873 1872
3659 2 2 0 16 1873 1846 1847
3660 2 2 0 16 1847 143 1873
3661 2 2 0 16 143 1847 142
3662 2 2 0 16 286 1874 287
3663 2 2 0 16 1874 286 1848
3664 2 2 0 16 1848 1875 1874
3665 2 2 0 16 1875 1848 1849
3666 2 2 0 16 1849 1876 1875
3667 2 2 0 16 1876 1849 1850
3668 2 2 0 16 1850 1877 1876
3669 2 2 0 16 1877 1850 1851
3670 2 2 0 16 1851 1878 1877
3671 2 2 0 16 1878 1851 1852
3672 2 2 0 16 1852 1879 1878
3673 2 2 0 16 1879 1852 1853
3674 2 2 0 16 1853 1880 1879
3675 2 2 0 16 1880 1853 1854
3676 2 2 0 16 1854 1881 1880
3677 2 2 0 16 1881 1854 1855
3678 2 2 0 16 1855 1882 1881
3679 2 2 0 16 1882 1855 1856
3680 2 2 0 16 1856 1883 1882
3681 2 2 0 16 1883 1856 1857
3682 2 2 0 16 1857 1884 1883
3683 2 2 0 16 1884 1857 1858
3684 2 2 0 16 1858 1885 1884
3685 2 2 0 16 1885 1858 1859
3686 2 2 0 16 1859 1886 1885
3687 2 2 0 16 1886 1859 1860
3688 2 2 0 16 1860 1887 1886
3689 2 2 0 16 1887 1860 1861
3690 2 2 0 16 1861 1888 1887
3691 2 2 0 16 1888 1861 1862
3692 2 2 0 16 1862 1889 1888
3693 2 2 0 16 1889 1862 1863
3694 2 2 0 16 1863 1890 1889
3695 2 2 0 16 1890 1863 1864
3696 2 2 0 16 1864 1891 1890
3697 2 2 0 16 1891 1864 1865
3698 2 2 0 16 1865 1892 1891
3699 2 2 0 16 1892 1865 1866
3700 2 2 0 16 1866 1893 1892
3701 2 2 0 16 1893 1866 1867
3702 2 2 0 16 1867 1894 1893
3703 2 2 0 16 1894 1867 1868
3704 2 2 0 16 1868 1895 1894
3705 2 2 0 16 1895 1868 1869
3706 2 2 0 16 1869 1896 1895
3707 2 2 0 16 1896 1869 1870
3708 2 2 0 16 1870 1897 1896
3709 2 2 0 16 1897 1870 1871
3710 2 2 0 16 1871 1898 1897
3711 2 2 0 16 1898 1871 1872
3712 2 2 0 16 1872 1899 1898
3713 2 2 0 16 1899 1872 1873
3714 2 2 0 16 1873 144 1899
3715 2 2 0 16 144 1873 143
3716 2 2 0 16 287 1900 288
3717 2 2 0 16 1900 287 1874
3718 2 2 0 16 1874 1901 1900
3719 2 2 0 16 1901 1874 1875
3720 2 2 0 16 1875 1902 1901
3721 2 2 0 16 1902 1875 1876
3722 2 2 0 16 1876 1903 1902
3723 2 2 0 16 1903 1876 1877
3724 2 2 0 16 1877 1904 1903
3725 2 2 0 16 1904 1877 1878
3726 2 2 0 16 1878 1905 1904
3727 2 2 0 16 1905 1878 1879
3728 2 2 0 16 1879 1906 1905
3729 2 2 0 16 1906 1879 1880
3730 2 2 0 16 1880 1907 1906
3731 2 2 0 16 1907 1880 1881
3732 2 2 0 16 1881 1908 1907
3733 2 2 0 16 1908 1881 1882
3734 2 2 0 16 1882 1909 1908
3735 2 2 0 16 1909 1882 1883
3736 2 2 0 16 1883 1910 1909
3737 2 2 0 16 1910 1883 1884
3738 2 2 0 16 1884 1911 1910
3739 2 2 0 16 1911 1884 1885
3740 2 2 0 16 1885 1912 1911
3741 2 2 0 16 1912 1885 1886
3742 2 2 0 16 1886 1913 1912
3743 2 2 0 16 1913 1886 1887
3744 2 2 0 16 1887 1914 1913
3745 2 2 0 16 1914 1887 1888
3746 2 2 0 16 1888 1915 1914
3747 2 2 0 16 1915 1888 1889
3748 2 2 0 16 1889 1916 1915
3749 2 2 0 16 1916 1889 1890
3750 2 2 0 16 1890 1917 1916
3751 2 2 0 16 1917 1890 1891
3752 2 2 0 16 1891 1918 1917
3753 2 2 0 16 1918 1891 1892
3754 2 2 0 16 1892 1919 1918
3755 2 2 0 16 1919 1892 1893
3756 2 2 0 16 1893 1920 1919
3757 2 2 0 16 1920 1893 1894
3758 2 2 0 16 1894 1921 1920
3759 2 2 0 16 1921 1894 1895
3760 2 2 0 16 1895 1922 1921
3761 2 2 0 16 1922 1895 1896
3762 2 2 0 16 1896 1923 1922
3763 2 2 0 16 1923 1896 1897
3764 2 2 0 16 1897 1924 1923
3765 2 2 0 16 1924 1897 1898
3766 2 2 0 16 1898 1925 1924
3767 2 2 0 16 1925 1898 1899
3768 2 2 0 16 1899 145 1925
3769 2 2 0 16 145 1899 144
3770 2 2 0 16 288 1926 289
3771 2 2 0 16 1926 288 1900
3772 2 2 0 16 1900 1927 1926
3773 2 2 0 16 1927 1900 1901
3774 2 2 0 16 1901 1928 1927
3775 2 2 0 16 1928 1901 1902
3776 2 2 0 16 1902 1929 1928
3777 2 2 0 16 1929 1902 1903
3778 2 2 0 16 1903 1930 1929
3779 2 2 0 16 1930 1903 1904
3780 2 2 0 16 1904 1931 1930
3781 2 2 0 16 1931 1904 1905
3782 2 2 0 16 1905 1932 1931
3783 2 2 0 16 1932 1905 1906
3784 2 2 0 16 1906 1933 1932
3785 2 2 0 16 1933 1906 1907
3786 2 2 0 16 1907 1934 1933
3787 2 2 0 16 1934 1907 1908
3788 2 2 0 16 1908 1935 1934
3789 2 2 0 16 1935 1908 1909
3790 2 2 0 16 1909 1936 1935
3791 2 2 0 16 1936 1909 1910
3792 2 2 0 16 1910 1937 1936
3793 2 2 0 16 1937 1910 1911
3794 2 2 0 16 1911 1938 1937
3795 2 2 0 16 1938 1911 1912
3796 2 2 0 16 1912 1939 1938
3797 2 2 0 16 1939 1912 1913
3798 2 2 0 16 1913 1940 1939
3799 2 2 0 16 1940 1913 1914
3800 2 2 0 16 1914 1941 1940
3801 2 2 0 16 1941 1914 1915
3802 2 2 0 16 1915 1942 1941
3803 2 2 0 16 1942 1915 1916
3804 2 2 0 16 1916 1943 1942
3805 2 2 0 16 1943 1916 1917
3806 2 2 0 16 1917 1944 1943
3807 2 2 0 16 1944 1917 1918
3808 2 2 0 16 1918 1945 1944
3809 2 2 0 16 1945 1918 1919
3810 2 2 0 16 1919 1946 1945
3811 2 2 0 16 1946 1919 1920
3812 2 2 0 16 1920 1947 1946
3813 2 2 0 16 1947 1920 1921
3814 2 2 0 16 1921 1948 1947
3815 2 2 0 16 1948 1921 1922
3816 2 2 0 16 1922 1949 1948
3817 2 2 0 16 1949 1922 1923
3818 2 2 0 16 1923 1950 1949
3819 2 2 0 16 1950 1923 1924
3820 2 2 0 16 1924 1951 1950
3821 2 2 0 16 1951 1924 1925
3822 2 2 0 16 1925 146 1951
3823 2 2 0 16 146 1925 145
3824 2 2 0 16 289 1952 290
3825 2 2 0 16 1952 289 1926
3826 2 2 0 16 1926 1953 1952
3827 2 2 0 16 1953 1926 1927
3828 2 2 0 16 1927 1954 1953
3829 2 2 0 16 1954 1927 1928
3830 2 2 0 16 1928 1955 1954
3831 2 2 0 16 1955 1928 1929
3832 2 2 0 16 1929 1956 1955
3833 2 2 0 16 1956 1929 1930
3834 2 2 0 16 1930 1957 1956
3835 2 2 0 16 1957 1930 1931
3836 2 2 0 16 1931 1958 1957
3837 2 2 0 16 1958 1931 1932
3838 2 2 0 16 1932 1959 1958
3839 2 2 0 16 1959 1932 1933
3840 2 2 0 16 1933 1960 1959
3841 2 2 0 16 1960 1933 1934
3842 2 2 0 16 1934 1961 1960
3843 2 2 0 16 1961 1934 1935
3844 2 2 0 16 1935 1962 1961
3845 2 2 0 16 1962 1935 1936
3846 2 2 0 16 1936 1963 1962
3847 2 2 0 16 1963 1936 1937
3848 2 2 0 16 1937 1964 1963
3849 2 2 0 16 1964 1937 1938
3850 2 2 0 16 1938 1965 1964
3851 2 2 0 16 1965 1938 1939
3852 2 2 0 16 1939 1966 1965
3853 2 2 0 16 1966 1939 1940
3854 2 2 0 16 1940 1967 1966
3855 2 2 0 16 1967 1940 1941
3856 2 2 0 16 1941 1968 1967
3857 2 2 0 16 1968 1941 1942
3858 2 2 0 16 1942 1969 1968
3859 2 2 0 16 1969 1942 1943
3860 2 2 0 16 1943 1970 1969
3861 2 2 0 16 1970 1943 1944
3862 2 2 0 16 1944 1971 1970
3863 2 2 0 16 1971 1944 1945
3864 2 2 0 16 1945 1972 1971
3865 2 2 0 16 1972 1945 1946
3866 2 2 0 16 1946 1973 1972
3867 2 2 0 16 1973 1946 1947
3868 2 2 0 16 1947 1974 1973
3869 2 2 0 16 1974 1947 1948
3870 2 2 0 16 1948 1975 1974
3871 2 2 0 16 1975 1948 1949
3872 2 2 0 16 1949 1976 1975
3873 2 2 0 16 1976 1949 1950
3874 2 2 0 16 1950 1977 1976
3875 2 2 0 16 1977 1950 1951
3876 2 2 0 16 1951 147 1977
3877 2 2 0 16 147 1951 146
3878 2 2 0 16 290 1978 291
3879 2 2 0 16 1978 290 1952
3880 2 2 0 16 1952 1979 1978
3881 2 2 0 16 1979 1952 1953
3882 2 2 0 16 1953 1980 1979
3883 2 2 0 16 1980 1953 1954
3884 2 2 0 16 1954 1981 1980
3885 2 2 0 16 1981 1954 1955
3886 2 2 0 16 1955 1982 1981
3887 2 2 0 16 1982 1955 1956
3888 2 2 0 16 1956 1983 1982
3889 2 2 0 16 1983 1956 1957
3890 2 2 0 16 1957 1984 1983
3891 2 2 0 16 1984 1957 1958
3892 2 2 0 16 1958 1985 1984
3893 2 2 0 16 1985 1958 1959
3894 2 2 0 16 1959 1986 1985
3895 2 2 0 16 1986 1959 1960
3896 2 2 0 16 1960 1987 1986
3897 2 2 0 16 1987 1960 1961
3898 2 2 0 16 1961 1988 1987
3899 2 2 0 16 1988 1961 1962
3900 2 2 0 16 1962 1989 1988
3901 2 2 0 16 1989 1962 1963
3902 2 2 0 16 1963 1990 1989
3903 2 2 0 16 1990 1963 1964
3904 2 2 0 16 1964 1991 1990
3905 2 2 0 16 1991 1964 1965
3906 2 2 0 16 1965 1992 1991
3907 2 2 0 16 1992 1965 1966
3908 2 2 0 16 1966 1993 1992
3909 2 2 0 16 1993 1966 1967
3910 2 2 0 16 1967 1994 1993
3911 2 2 0 16 1994 1967 1968
3912 2 2 0 16 1968 1995 1994
3913 2 2 0 16 1995 1968 1969
3914 2 2 0 16 1969 1996 1995
3915 2 2 0 16 1996 1969 1970
3916 2 2 0 16 1970 1997 1996
3917 2 2 0 16 1997 1970 1971
3918 2 2 0 16 1971 1998 1997
3919 2 2 0 16 1998 1971 1972
3920 2 2 0 16 1972 1999 1998
3921 2 2 0 16 1999 1972 1973
3922 2 2 0 16 1973 2000 1999
3923 2 2 0 16 2000 1973 1974
3924 2 2 0 16 1974 2001 2000
3925 2 2 0 16 2001 1974 1975
3926 2 2 0 16 1975 2002 2001
3927 2 2 0 16 2002 1975 1976
3928 2 2 0 16 1976 2003 2002
3929 2 2 0 16 2003 1976 1977
3930 2 2 0 16 1977 148 2003
3931 2 2 0 16 148 1977 147
3932 2 2 0 16 291 2004 292
3933 2 2 0 16 2004 291 1978
3934 2 2 0 16 1978 2005 2004
3935 2 2 0 16 2005 1978 1979
3936 2 2 0 16 1979 2006 2005
3937 2 2 0 16 2006 1979 1980
3938 2 2 0 16 1980 2007 2006
3939 2 2 0 16 2007 1980 1981
3940 2 2 0 16 1981 2008 2007
3941 2 2 0 16 2008 1981 1982
3942 2 2 0 16 1982 2009 2008
3943 2 2 0 16 2009 1982 1983
3944 2 2 0 16 1983 2010 2009
3945 2 2 0 16 2010 1983 1984
3946 2 2 0 16 1984 2011 2010
3947 2 2 0 16 2011 1984 1985
3948 2 2 0 16 1985 2012 2011
3949 2 2 0 16 2012 1985 1986
3950 2 2 0 16 1986 2013 2012
3951 2 2 0 16 2013 1986 1987
3952 2 2 0 16 1987 2014 2013
3953 2 2 0 16 2014 1987 1988
3954 2 2 0 16 1988 2015 2014
3955 2 2 0 16 2015 1988 1989
3956 2 2 0 16 1989 2016 2015
3957 2 2 0 16 2016 1989 1990
3958 2 2 0 16 1990 2017 2016
3959 2 2 0 16 2017 1990 1991
3960 2 2 0 16 1991 2018 2017
3961 2 2 0 16 2018 1991 1992
3962 2 2 0 16 1992 2019 2018
3963 2 2 0 16 2019 1992 1993
3964 2 2 0 16 1993 2020 2019
3965 2 2 0 16 2020 1993 1994
3966 2 2 0 16 1994 2021 2020
3967 2 2 0 16 2021 1994 1995
3968 2 2 0 16 1995 2022 2021
3969 2 2 0 16 2022 1995 1996
3970 2 2 0 16 1996 2023 2022
3971 2 2 0 16 2023 1996 1997
3972 2 2 0 16 1997 2024 2023
3973 2 2 0 16 2024 1997 1998
3974 2 2 0 16 1998 2025 2024
3975 2 2 0 16 2025 1998 1999
3976 2 2 0 16 1999 2026 2025
3977 2 2 0 16 2026 1999 2000
3978 2 2 0 16 2000 2027 2026
3979 2 2 0 16 2027 2000 2001
3980 2 2 0 16 2001 2028 2027
3981 2 2 0 16 2028 2001 2002
3982 2 2 0 16 2002 2029 2028
3983 2 2 0 16 2029 2002 2003
3984 2 2 0 16 2003 149 2029
3985 2 2 0 16 149 2003 148
3986 2 2 0 16 292 2030 293
3987 2 2 0 16 2030 292 2004
3988 2 2 0 16 2004 2031 2030
3989 2 2 0 16 2031 2004 2005
3990 2 2 0 16 2005 2032 2031
3991 2 2 0 16 2032 2005 2006
3992 2 2 0 16 2006 2033 2032
3993 2 2 0 16 2033 2006 2007
3994 2 2 0 16 2007 2034 2033
3995 2 2 0 16 2034 2007 2008
3996 2 2 0 16 2008 2035 2034
3997 2 2 0 16 2035 2008 2009
3998 2 2 0 16 2009 2036 2035
3999 2 2 0 16 2036 2009 2010
4000 2 2 0 16 2010 2037 2036
4001 2 2 0 16 2037 2010 2011
4002 2 2 0 16 2011 2038 2037
4003 2 2 0 16 2038 2011 2012
4004 2 2 0 16 2012 2039 2038
4005 2 2 0 16 2039 2012 2013
4006 2 2 0 16 2013 2040 2039
4007 2 2 0 16 2040 2013 2014
4008 2 2 0 16 2014 2041 2040
4009 2 2 0 16 2041 2014 2015
4010 2 2 0 16 2015 2042 2041
4011 2 2 0 16 2042 2015 2016
4012 2 2 0 16 2016 2043 2042
4013 2 2 0 16 2043 2016 2017
4014 2 2 0 16 2017 2044 2043
4015 2 2 0 16 2044 2017 2018
4016 2 2 0 16 2018 2045 2044
4017 2 2 0 16 2045 2018 2019
4018 2 2 0 16 2019 2046 2045
4019 2 2 0 16 2046 2019 2020
4020 2 2 0 16 2020 2047 2046
4021 2 2 0 16 2047 2020 2021
4022 2 2 0 16 2021 2048 2047
4023 2 2 0 16 2048 2021 2022
4024 2 2 0 16 2022 2049 2048
4025 2 2 0 16 2049 2022 2023
4026 2 2 0 16 2023 2050 2049
4027 2 2 0 16 2050 2023 2024
4028 2 2 0 16 2024 2051 2050
4029 2 2 0 16 2051 2024 2025
4030 2 2 0 16 2025 2052 2051
4031 2 2 0 16 2052 2025 2026
4032 2 2 0 16 2026 2053 2052
4033 2 2 0 16 2053 2026 2027
4034 2 2 0 16 2027 2054 2053
4035 2 2 0 16 2054 2027 2028
4036 2 2 0 16 2028 2055 2054
4037 2 2 0 16 2055 2028 2029
4038 2 2 0 16 2029 150 2055
4039 2 2 0 16 150 2029 149
4040 2 2 0 16 293 2056 294
4041 2 2 0 16 2056 293 2030
4042 2 2 0 16 2030 2057 2056
4043 2 2 0 16 2057 2030 2031
4044 2 2 0 16 2031 2058 2057
4045 2 2 0 16 2058 2031 2032
4046 2 2 0 16 2032 2059 2058
4047 2 2 0 16 2059 2032 2033
4048 2 2 0 16 2033 2060 2059
4049 2 2 0 16 2060 2033 2034
4050 2 2 0 16 2034 2061 2060
4051 2 2 0 16 2061 2034 2035
4052 2 2 0 16 2035 2062 2061
4053 2 2 0 16 2062 2035 2036
4054 2 2 0 16 2036 2063 2062
4055 2 2 0 16 2063 2036 2037
4056 2 2 0 16 2037 2064 2063
4057 2 2 0 16 2064 2037 2038
4058 2 2 0 16 2038 2065 2064
4059 2 2 0 16 2065 2038 2039
4060 2 2 0 16 2039 2066 2065
4061 2 2 0 16 2066 2039 2040
4062 2 2 0 16 2040 2067 2066
4063 2 2 0 16 2067 2040 2041
4064 2 2 0 16 2041 2068 2067
4065 2 2 0 16 2068 2041 2042
4066 2 2 0 16 2042 2069 2068
4067 2 2 0 16 2069 2042 2043
4068 2 2 0 16 2043 2070 2069
4069 2 2 0 16 2070 2043 2044
4070 2 2 0 16 2044 2071 2070
4071 2 2 0 16 2071 2044 2045
4072 2 2 0 16 2045 2072 2071
4073 2 2 0 16 2072 2045 2046
4074 2 2 0 16 2046 2073 2072
4075 2 2 0 16 2073 2046 2047
4076 2 2 0 16 2047 2074 2073
4077 2 2 0 16 2074 2047 2048
4078 2 2 0 16 2048 2075 2074
4079 2 2 0 16 2075 2048 2049
4080 2 2 0 16 2049 2076 2075
4081 2 2 0 16 2076 2049 2050
4082 2 2 0 16 2050 2077 2076
4083 2 2 0 16 2077 2050 2051
4084 2 2 0 16 2051 2078 2077
4085 2 2 0 16 2078 2051 2052
4086 2 2 0 16 2052 2079 2078
4087 2 2 0 16 2079 2052 2053
4088 2 2 0 16 2053 2080 2079
4089 2 2 0 16 2080 2053 2054
4090 2 2 0 16 2054 2081 2080
4091 2 2 0 16 2081 2054 2055
4092 2 2 0 16 2055 151 2081
4093 2 2 0 16 151 2055 150
4094 2 2 0 16 294 2082 295
4095 2 2 0 16 2082 294 2056
4096 2 2 0 16 2056 2083 2082
4097 2 2 0 16 2083 2056 2057
4098 2 2 0 16 2057 2084 2083
4099 2 2 0 16 2084 2057 2058
4100 2 2 0 16 2058 2085 2084
4101 2 2 0 16 2085 2058 2059
4102 2 2 0 16 2059 2086 2085
4103 2 2 0 16 2086 2059 2060
4104 2 2 0 16 2060 2087 2086
4105 2 2 0 16 2087 2060 2061
4106 2 2 0 16 2061 2088 2087
4107 2 2 0 16 2088 2061 2062
4108 2 2 0 16 2062 2089 2088
4109 2 2 0 16 2089 2062 2063
4110 2 2 0 16 2063 2090 2089
4111 2 2 0 16 2090 2063 2064
4112 2 2 0 16 2064 2091 2090
4113 2 2 0 16 2091 2064 2065
4114 2 2 0 16 2065 2092 2091
4115 2 2 0 16 2092 2065 2066
4116 2 2 0 16 2066 2093 2092
4117 2 2 0 16 2093 2066 2067
4118 2 2 0 16 2067 2094 2093
4119 2 2 0 16 2094 2067 2068
4120 2 2 0 16 2068 2095 2094
4121 2 2 0 16 2095 2068 2069
4122 2 2 0 16 2069 2096 2095
4123 2 2 0 16 2096 2069 2070
4124 2 2 0 16 2070 2097 2096
4125 2 2 0 16 2097 2070 2071
4126 2 2 0 16 2071 2098 2097
4127 2 2 0 16 2098 2071 2072
4128 2 2 0 16 2072 2099 2098
4129 2 2 0 16 2099 2072 2073
4130 2 2 0 16 2073 2100 2099
4131 2 2 0 16 2100 2073 2074
4132 2 2 0 16 2074 2101 2100
4133 2 2 0 16 2101 2074 2075
4134 2 2 0 16 2075 2102 2101
4135 2 2 0 16 2102 2075 2076
4136 2 2 0 16 2076 2103 2102
4137 2 2 0 16 2103 2076 2077
4138 2 2 0 16 2077 2104 2103
4139 2 2 0 16 2104 2077 2078
4140 2 2 0 16 2078 2105 2104
4141 2 2 0 16 2105 2078 2079
4142 2 2 0 16 2079 2106 2105
4143 2 2 0 16 2106 2079 2080
4144 2 2 0 16 2080 2107 2106
4145 2 2 0 16 2107 2080 2081
4146 2 2 0 16 2081 152 2107
4147 2 2 0 16 152 2081 151
4148 2 2 0 16 295 2108 296
4149 2 2 0 16 2108 295 2082
4150 2 2 0 16 2082 2109 2108
4151 2 2 0 16 2109 2082 2083
4152 2 2 0 16 2083 2110 2109
4153 2 2 0 16 2110 2083 2084
4154 2 2 0 16 2084 2111 2110
4155 2 2 0 16 2111 2084 2085
4156 2 2 0 16 2085 2112 2111
4157 2 2 0 16 2112 2085 2086
4158 2 2 0 16 2086 2113 2112
4159 2 2 0 16 2113 2086 2087
4160 2 2 0 16 2087 2114 2113
4161 2 2 0 16 2114 2087 2088
4162 2 2 0 16 2088 2115 2114
4163 2 2 0 16 2115 2088 2089
4164 2 2 0 16 2089 2116 2115
4165 2 2 0 16 2116 2089 2090
4166 2 2 0 16 2090 2117 2116
4167 2 2 0 16 2117 2090 2091
4168 2 2 0 16 2091 2118 2117
4169 2 2 0 16 2118 2091 2092
4170 2 2 0 16 2092 2119 2118
4171 2 2 0 16 2119 2092 2093
4172 2 2 0 16 2093 2120 2119
4173 2 2 0 16 2120 2093 2094
4174 2 2 0 16 2094 2121 2120
4175 2 2 0 16 2121 2094 2095
4176 2 2 0 16 2095 2122 2121
4177 2 2 0 16 2122 2095 2096
4178 2 2 0 16 2096 2123 2122
4179 2 2 0 16 2123 2096 2097
4180 2 2 0 16 2097 2124 2123
4181 2 2 0 16 2124 2097 2098
4182 2 2 0 16 2098 2125 2124
4183 2 2 0 16 2125 2098 2099
4184 2 2 0 16 2099 2126 2125
4185 2 2 0 16 2126 2099 2100
4186 2 2 0 16 2100 2127 2126
4187 2 2 0 16 2127 2100 2101
4188 2 2 0 16 2101 2128 2127
4189 2 2 0 16 2128 2101 2102
4190 2 2 0 16 2102 2129 2128
4191 2 2 0 16 2129 2102 2103
4192 2 2 0 16 2103 2130 2129
4193 2 2 0 16 2130 2103 2104
4194 2 2 0 16 2104 2131 2130
4195 2 2 0 16 2131 2104 2105
4196 2 2 0 16 2105 2132 2131
4197 2 2 0 16 2132 2105 2106
4198 2 2 0 16 2106 2133 2132
4199 2 2 0 16 2133 2106 2107
4200 2 2 0 16 2107 153 2133
4201 2 2 0 16 153 2107 152
4202 2 2 0 16 296 2134 297
4203 2 2 0 16 2134 296 2108
4204 2 2 0 16 2108 2135 2134
4205 2 2 0 16 2135 2108 2109
4206 2 2 0 16 2109 2136 2135
4207 2 2 0 16 2136 2109 2110
4208 2 2 0 16 2110 2137 2136
4209 2 2 0 16 2137 2110 2111
4210 2 2 0 16 2111 2138 2137
4211 2 2 0 16 2138 2111 2112
4212 2 2 0 16 2112 2139 2138
4213 2 2 0 16 2139 2112 2113
4214 2 2 0 16 2113 2140 2139
4215 2 2 0 16 2140 2113 2114
4216 2 2 0 16 2114 2141 2140
4217 2 2 0 16 2141 2114 2115
4218 2 2 0 16 2115 2142 2141
4219 2 2 0 16 2142 2115 2116
4220 2 2 0 16 2116 2143 2142
4221 2 2 0 16 2143 2116 2117
4222 2 2 0 16 2117 2144 2143
4223 2 2 0 16 2144 2117 2118
4224 2 2 0 16 2118 2145 2144
4225 2 2 0 16 2145 2118 2119
4226 2 2 0 16 2119 2146 2145
4227 2 2 0 16 2146 2119 2120
4228 2 2 0 16 2120 2147 2146
4229 2 2 0 16 2147 2120 2121
4230 2 2 0 16 2121 2148 2147
4231 2 2 0 16 2148 2121 2122
4232 2 2 0 16 2122 2149 2148
4233 2 2 0 16 2149 2122 2123
4234 2 2 0 16 2123 2150 2149
4235 2 2 0 16 2150 2123 2124
4236 2 2 0 16 2124 2151 2150
4237 2 2 0 16 2151 2124 2125
4238 2 2 0 16 2125 2152 2151
4239 2 2 0 16 2152 2125 2126
4240 2 2 0 16 2126 2153 2152
4241 2 2 0 16 2153 2126 2127
4242 2 2 0 16 2127 2154 2153
4243 2 2 0 16 2154 2127 2128
4244 2 2 0 16 2128 2155 2154
4245 2 2 0 16 2155 2128 2129
4246 2 2 0 16 2129 2156 2155
4247 2 2 0 16 2156 2129 2130
4248 2 2 0 16 2130 2157 2156
4249 2 2 0 16 2157 2130 2131
4250 2 2 0 16 2131 2158 2157
4251 2 2 0 16 2158 2131 2132
4252 2 2 0 16 2132 2159 2158
4253 2 2 0 16 2159 2132 2133
4254 2 2 0 16 2133 154 2159
4255 2 2 0 16 154 2133 153
4256 2 2 0 16 297 227 9
4257 2 2 0 16 227 297 2134
4258 2 2 0 16 2134 226 227
4259 2 2 0 16 226 2134 2135
4260 2 2 0 16 2135 225 226
4261 2 2 0 16 225 2135 2136
4262 2 2 0 16 2136 224 225
4263 2 2 0 16 224 2136 2137
4264 2 2 0 16 2137 223 224
4265 2 2 0 16 223 2137 2138
4266 2 2 0 16 2138 222 223
4267 2 2 0 16 222 2138 2139
4268 2 2 0 16 2139 221 222
4269 2 2 0 16 221 2139 2140
4270 2 2 0 16 2140 220 221
4271 2 2 0 16 220 2140 2141
4272 2 2 0 16 2141 219 220
4273 2 2 0 16 219 2141 2142
4274 2 2 0 16 2142 218 219
4275 2 2 0 16 218 2142 2143
4276 2 2 0 16 2143 217 218
4277 2 2 0 16 217 2143 2144
4278 2 2 0 16 2144 216 217
4279 2 2 0 16 216 2144 2145
4280 2 2 0 16 2145 215 216
4281 2 2 0 16 215 2145 2146
4282 2 2 0 16 2146 214 215
4283 2 2 0 16 214 2146 2147
4284 2 2 0 16 2147 213 214
4285 2 2 0 16 213 2147 2148
4286 2 2 0 16 2148 212 213
4287 2 2 0 16 212 2148 2149
4288 2 2 0 16 2149 211 212
4289 2 2 0 16 211 2149 2150
4290 2 2 0 16 2150 210 211
4291 2 2 0 16 210 2150 2151
4292 2 2 0 16 2151 209 210
4293 2 2 0 16 209 2151 2152
4294 2 2 0 16 2152 208 209
4295 2 2 0 16 208 2152 2153
4296 2 2 0 16 2153 207 208
4297 2 2 0 16 207 2153 2154
4298 2 2 0 16 2154 206 207
4299 2 2 0 16 206 2154 2155
4300 2 2 0 16 2155 205 206
4301 2 2 0 16 205 2155 2156
4302 2 2 0 16 2156 204 205
4303 2 2 0 16 204 2156 2157
4304 2 2 0 16 2157 203 204
4305 2 2 0 16 203 2157 2158
4306 2 2 0 16 2158 202 203
4307 2 2 0 16 202 2158 2159
4308 2 2 0 16 2159 6 202
4309 2 2 0 16 6 2159 154
4310 2 2 0 18 6 155 202
4311 2 2 0 18 202 155 2160
4312 2 2 0 18 202 2160 203
4313 2 2 0 18 203 2160 2161
4314 2 2 0 18 203 2161 204
4315 2 2 0 18 204 2161 2162
4316 2 2 0 18 204 2162 205
4317 2 2 0 18 205 2162 2163
4318 2 2 0 18 205 2163 206
4319 2 2 0 18 206 2163 2164
4320 2 2 0 18 206 2164 207
4321 2 2 0 18 207 2164 2165
4322 2 2 0 18 207 2165 208
4323 2 2 0 18 208 2165 2166
4324 2 2 0 18 208 2166 209
4325 2 2 0 18 209 2166 2167
4326 2 2 0 18 209 2167 210
4327 2 2 0 18 210 2167 2168
4328 2 2 0 18 210 2168 211
4329 2 2 0 18 211 2168 2169
4330 2 2 0 18 211 2169 212
4331 2 2 0 18 212 2169 2170
4332 2 2 0 18 212 2170 213
4333 2 2 0 18 213 2170 2171
4334 2 2 0 18 213 2171 214
4335 2 2 0 18 214 2171 2172
4336 2 2 0 18 214 2172 215
4337 2 2 0 18 215 2172 2173
4338 2 2 0 18 215 2173 216
4339 2 2 0 18 216 2173 2174
4340 2 2 0 18 216 2174 217
4341 2 2 0 18 217 2174 2175
4342 2 2 0 18 217 2175 218
4343 2 2 0 18 218 2175 2176
4344 2 2 0 18 218 2176 219
4345 2 2 0 18 219 2176 2177
4346 2 2 0 18 219 2177 220
4347 2 2 0 18 220 2177 2178
4348 2 2 0 18 220 2178 221
4349 2 2 0 18 221 2178 2179
4350 2 2 0 18 221 2179 222
4351 2 2 0 18 222 2179 2180
4352 2 2 0 18 222 2180 223
4353 2 2 0 18 223 2180 2181
4354 2 2 0 18 223 2181 224
4355 2 2 0 18 224 2181 2182
4356 2 2 0 18 224 2182 225
4357 2 2 0 18 225 2182 2183
4358 2 2 0 18 225 2183 226
4359 2 2 0 18 226 2183 2184
4360 2 2 0 18 226 2184 227
4361 2 2 0 18 227 2184 2185
4362 2 2 0 18 227 2185 9
4363 2 2 0 18 9 2185 240
4364 2 2 0 18 155 156 2160
4365 2 2 0 18 2160 156 2186
4366 2 2 0 18 2160 2186 2161
4367 2 2 0 18 2161 2186 2187
4368 2 2 0 18 2161 2187 2162
4369 2 2 0 18 2162 2187 2188
4370 2 2 0 18 2162 2188 2163
4371 2 2 0 18 2163 2188 2189
4372 2 2 0 18 2163 2189 2164
4373 2 2 0 18 2164 2189 2190
4374 2 2 0 18 2164 2190 2165
4375 2 2 0 18 2165 2190 2191
4376 2 2 0 18 2165 2191 2166
4377 2 2 0 18 2166 2191 2192
4378 2 2 0 18 2166 2192 2167
4379 2 2 0 18 2167 2192 2193
4380 2 2 0 18 2167 2193 2168
4381 2 2 0 18 2168 2193 2194
4382 2 2 0 18 2168 2194 2169
4383 2 2 0 18 2169 2194 2195
4384 2 2 0 18 2169 2195 2170
4385 2 2 0 18 2170 2195 2196
4386 2 2 0 18 2170 2196 2171
4387 2 2 0 18 2171 2196 2197
4388 2 2 0 18 2171 2197 2172
4389 2 2 0 18 2172 2197 2198
4390 2 2 0 18 2172 2198 2173
4391 2 2 0 18 2173 2198 2199
4392 2 2 0 18 2173 2199 2174
4393 2 2 0 18 2174 2199 2200
4394 2 2 0 18 2174 2200 2175
4395 2 2 0 18 2175 2200 2201
4396 2 2 0 18 2175 2201 2176
4397 2 2 0 18 2176 2201 2202
4398 2 2 0 18 2176 2202 2177
4399 2 2 0 18 2177 2202 2203
4400 2 2 0 18 2177 2203 2178
4401 2 2 0 18 2178 2203 2204
4402 2 2 0 18 2178 2204 2179
4403 2 2 0 18 2179 2204 2205
4404 2 2 0 18 2179 2205 2180
4405 2 2 0 18 2180 2205 2206
4406 2 2 0 18 2180 2206 2181
4407 2 2 0 18 2181 2206 2207
4408 2 2 0 18 2181 2207 2182
4409 2 2 0 18 2182 2207 2208
4410 2 2 0 18 2182 2208 2183
4411 2 2 0 18 2183 2208 2209
4412 2 2 0 18 2183 2209 2184
4413 2 2 0 18 2184 2209 2210
4414 2 2 0 18 2184 2210 2185
4415 2 2 0 18 2185 2210 2211
4416 2 2 0 18 2185 2211 240
4417 2 2 0 18 240 2211 241
4418 2 2 0 18 156 157 2186
4419 2 2 0 18 2186 157 2212
4420 2 2 0 18 2186 2212 2187
4421 2 2 0 18 2187 2212 2213
4422 2 2 0 18 2187 2213 2188
4423 2 2 0 18 2188 2213 2214
4424 2 2 0 18 2188 2214 2189
4425 2 2 0 18 2189 2214 2215
4426 2 2 0 18 2189 2215 2190
4427 2 2 0 18 2190 2215 2216
4428 2 2 0 18 2190 2216 2191
4429 2 2 0 18 2191 2216 2217
4430 2 2 0 18 2191 2217 2192
4431 2 2 0 18 2192 2217 2218
4432 2 2 0 18 2192 2218 2193
4433 2 2 0 18 2193 2218 2219
4434 2 2 0 18 2193 2219 2194
4435 2 2 0 18 2194 2219 2220
4436 2 2 0 18 2194 2220 2195
4437 2 2 0 18 2195 2220 2221
4438 2 2 0 18 2195 2221 2196
4439 2 2 0 18 2196 2221 2222
4440 2 2 0 18 2196 2222 2197
4441 2 2 0 18 2197 2222 2223
4442 2 2 0 18 2197 2223 2198
4443 2 2 0 18 2198 2223 2224
4444 2 2 0 18 2198 2224 2199
4445 2 2 0 18 2199 2224 2225
4446 2 2 0 18 2199 2225 2200
4447 2 2 0 18 2200 2225 2226
4448 2 2 0 18 2200 2226 2201
4449 2 2 0 18 2201 2226 2227
4450 2 2 0 18 2201 2227 2202
4451 2 2 0 18 2202 2227 2228
4452 2 2 0 18 2202 2228 2203
4453 2 2 0 18 2203 2228 2229
4454 2 2 0 18 2203 2229 2204
4455 2 2 0 18 2204 2229 2230
4456 2 2 0 18 2204 2230 2205
4457 2 2 0 18 2205 2230 2231
4458 2 2 0 18 2205 2231 2206
4459 2 2 0 18 2206 2231 2232
4460 2 2 0 18 2206 2232 2207
4461 2 2 0 18 2207 2232 2233
4462 2 2 0 18 2207 2233 2208
4463 2 2 0 18 2208 2233 2234
4464 2 2 0 18 2208 2234 2209
4465 2 2 0 18 2209 2234 2235
4466 2 2 0 18 2209 2235 2210
4467 2 2 0 18 2210 2235 2236
4468 2 2 0 18 2210 2236 2211
4469 2 2 0 18 2211 2236 2237
4470 2 2 0 18 2211 2237 241
4471 2 2 0 18 241 2237 242
4472 2 2 0 18 157 158 2212
4473 2 2 0 18 2212 158 2238
4474 2 2 0 18 2212 2238 2213
4475 2 2 0 18 2213 2238 2239
4476 2 2 0 18 2213 2239 2214
4477 2 2 0 18 2214 2239 2240
4478 2 2 0 18 2214 2240 2215
4479 2 2 0 18 2215 2240 2241
4480 2 2 0 18 2215 2241 2216
4481 2 2 0 18 2216 2241 2242
4482 2 2 0 18 2216 2242 2217
4483 2 2 0 18 2217 2242 2243
4484 2 2 0 18 2217 2243 2218
4485 2 2 0 18 2218 2243 2244
4486 2 2 0 18 2218 2244 2219
4487 2 2 0 18 2219 2244 2245
4488 2 2 0 18 2219 2245 2220
4489 2 2 0 18 2220 2245 2246
4490 2 2 0 18 2220 2246 2221
4491 2 2 0 18 2221 2246 2247
4492 2 2 0 18 2221 2247 2222
4493 2 2 0 18 2222 2247 2248
4494 2 2 0 18 2222 2248 2223
4495 2 2 0 18 2223 2248 2249
4496 2 2 0 18 2223 2249 2224
4497 2 2 0 18 2224 2249 2250
4498 2 2 0 18 2224 2250 2225
4499 2 2 0 18 2225 2250 2251
4500 2 2 0 18 2225 2251 2226
4501 2 2 0 18 2226 2251 2252
4502 2 2 0 18 2226 2252 2227
4503 2 2 0 18 2227 2252 2253
4504 2 2 0 18 2227 2253 2228
4505 2 2 0 18 2228 2253 2254
4506 2 2 0 18 2228 2254 2229
4507 2 2 0 18 2229 2254 2255
4508 2 2 0 18 2229 2255 2230
4509 2 2 0 18 2230 2255 2256
4510 2 2 0 18 2230 2256 2231
4511 2 2 0 18 2231 2256 2257
4512 2 2 0 18 2231 2257 2232
4513 2 2 0 18 2232 2257 2258
4514 2 2 0 18 2232 2258 2233
4515 2 2 0 18 2233 2258 2259
4516 2 2 0 18 2233 2259 2234
4517 2 2 0 18 2234 2259 2260
4518 2 2 0 18 2234 2260 2235
4519 2 2 0 18 2235 2260 2261
4520 2 2 0 18 2235 2261 2236
4521 2 2 0 18 2236 2261 2262
4522 2 2 0 18 2236 2262 2237
4523 2 2 0 18 2237 2262 2263
4524 2 2 0 18 2237 2263 242
4525 2 2 0 18 242 2263 243
4526 2 2 0 18 158 159 2238
4527 2 2 0 18 2238 159 2264
4528 2 2 0 18 2238 2264 2239
4529 2 2 0 18 2239 2264 2265
4530 2 2 0 18 2239 2265 2240
4531 2 2 0 18 2240 2265 2266
4532 2 2 0 18 2240 2266 2241
4533 2 2 0 18 2241 2266 2267
4534 2 2 0 18 2241 2267 2242
4535 2 2 0 18 2242 2267 2268
4536 2 2 0 18 2242 2268 2243
4537 2 2 0 18 2243 2268 2269
4538 2 2 0 18 2243 2269 2244
4539 2 2 0 18 2244 2269 2270
4540 2 2 0 18 2244 2270 2245
4541 2 2 0 18 2245 2270 2271
4542 2 2 0 18 2245 2271 2246
4543 2 2 0 18 2246 2271 2272
4544 2 2 0 18 2246 2272 2247
4545 2 2 0 18 2247 2272 2273
4546 2 2 0 18 2247 2273 2248
4547 2 2 0 18 2248 2273 2274
4548 2 2 0 18 2248 2274 2249
4549 2 2 0 18 2249 2274 2275
4550 2 2 0 18 2249 2275 2250
4551 2 2 0 18 2250 2275 2276
4552 2 2 0 18 2250 2276 2251
4553 2 2 0 18 2251 2276 2277
4554 2 2 0 18 2251 2277 2252
4555 2 2 0 18 2252 2277 2278
4556 2 2 0 18 2252 2278 2253
4557 2 2 0 18 2253 2278 2279
4558 2 2 0 18 2253 2279 2254
4559 2 2 0 18 2254 2279 2280
4560 2 2 0 18 2254 2280 2255
4561 2 2 0 18 2255 2280 2281
4562 2 2 0 18 2255 2281 2256
4563 2 2 0 18 2256 2281 2282
4564 2 2 0 18 2256 2282 2257
4565 2 2 0 18 2257 2282 2283
4566 2 2 0 18 2257 2283 2258
4567 2 2 0 18 2258 2283 2284
4568 2 2 0 18 2258 2284 2259
4569 2 2 0 18 2259 2284 2285
4570 2 2 0 18 2259 2285 2260
4571 2 2 0 18 2260 2285 2286
4572 2 2 0 18 2260 2286 2261
4573 2 2 0 18 2261 2286 2287
4574 2 2 0 18 2261 2287 2262
4575 2 2 0 18 2262 2287 2288
4576 2 2 0 18 2262 2288 2263
4577 2 2 0 18 2263 2288 2289
4578 2 2 0 18 2263 2289 243
4579 2 2 0 18 243 2289 244
4580 2 2 0 18 159 160 2264
4581 2 2 0 18 2264 160 2290
4582 2 2 0 18 2264 2290 2265
4583 2 2 0 18 2265 2290 2291
4584 2 2 0 18 2265 2291 2266
4585 2 2 0 18 2266 2291 2292
4586 2 2 0 18 2266 2292 2267
4587 2 2 0 18 2267 2292 2293
4588 2 2 0 18 2267 2293 2268
4589 2 2 0 18 2268 2293 2294
4590 2 2 0 18 2268 2294 2269
4591 2 2 0 18 2269 2294 2295
4592 2 2 0 18 2269 2295 2270
4593 2 2 0 18 2270 2295 2296
4594 2 2 0 18 2270 2296 2271
4595 2 2 0 18 2271 2296 2297
4596 2 2 0 18 2271 2297 2272
4597 2 2 0 18 2272 2297 2298
4598 2 2 0 18 2272 2298 2273
4599 2 2 0 18 2273 2298 2299
4600 2 2 0 18 2273 2299 2274
4601 2 2 0 18 2274 2299 2300
4602 2 2 0 18 2274 2300 2275
4603 2 2 0 18 2275 2300 2301
4604 2 2 0 18 2275 2301 2276
4605 2 2 0 18 2276 2301 2302
4606 2 2 0 18 2276 2302 2277
4607 2 2 0 18 2277 2302 2303
4608 2 2 0 18 2277 2303 2278
4609 2 2 0 18 2278 2303 2304
4610 2 2 0 18 2278 2304 2279
4611 2 2 0 18 2279 2304 2305
4612 2 2 0 18 2279 2305 2280
4613 2 2 0 18 2280 2305 2306
4614 2 2 0 18 2280 2306 2281
4615 2 2 0 18 2281 2306 2307
4616 2 2 0 18 2281 2307 2282
4617 2 2 0 18 2282 2307 2308
4618 2 2 0 18 2282 2308 2283
4619 2 2 0 18 2283 2308 2309
4620 2 2 0 18 2283 2309 2284
4621 2 2 0 18 2284 2309 2310
4622 2 2 0 18 2284 2310 2285
4623 2 2 0 18 2285 2310 2311
4624 2 2 0 18 2285 2311 2286
4625 2 2 0 18 2286 2311 2312
4626 2 2 0 18 2286 2312 2287
4627 2 2 0 18 2287 2312 2313
4628 2 2 0 18 2287 2313 2288
4629 2 2 0 18 2288 2313 2314
4630 2 2 0 18 2288 2314 2289
4631 2 2 0 18 2289 2314 2315
4632 2 2 0 18 2289 2315 244
4633 2 2 0 18 244 2315 245
4634 2 2 0 18 160 161 2290
4635 2 2 0 18 2290 161 2316
4636 2 2 0 18 2290 2316 2291
4637 2 2 0 18 2291 2316 2317
4638 2 2 0 18 2291 2317 2292
4639 2 2 0 18 2292 2317 2318
4640 2 2 0 18 2292 2318 2293
4641 2 2 0 18 2293 2318 2319
4642 2 2 0 18 2293 2319 2294
4643 2 2 0 18 2294 2319 2320
4644 2 2 0 18 2294 2320 2295
4645 2 2 0 18 2295 2320 2321
4646 2 2 0 18 2295 2321 2296
4647 2 2 0 18 2296 2321 2322
4648 2 2 0 18 2296 2322 2297
4649 2 2 0 18 2297 2322 2323
4650 2 2 0 18 2297 2323 2298
4651 2 2 0 18 2298 2323 2324
4652 2 2 0 18 2298 2324 2299
4653 2 2 0 18 2299 2324 2325
4654 2 2 0 18 2299 2325 2300
4655 2 2 0 18 2300 2325 2326
4656 2 2 0 18 2300 2326 2301
4657 2 2 0 18 2301 2326 2327
4658 2 2 0 18 2301 2327 2302
4659 2 2 0 18 2302 2327 2328
4660 2 2 0 18 2302 2328 2303
4661 2 2 0 18 2303 2328 2329
4662 2 2 0 18 2303 2329 2304
4663 2 2 0 18 2304 2329 2330
4664 2 2 0 18 2304 2330 2305
4665 2 2 0 18 2305 2330 2331
4666 2 2 0 18 2305 2331 2306
4667 2 2 0 18 2306 2331 2332
4668 2 2 0 18 2306 2332 2307
4669 2 2 0 18 2307 2332 2333
4670 2 2 0 18 2307 2333 2308
4671 2 2 0 18 2308 2333 2334
4672 2 2 0 18 2308 2334 2309
4673 2 2 0 18 2309 2334 2335
4674 2 2 0 18 2309 2335 2310
4675 2 2 0 18 2310 2335 2336
4676 2 2 0 18 2310 2336 2311
4677 2 2 0 18 2311 2336 2337
4678 2 2 0 18 2311 2337 2312
4679 2 2 0 18 2312 2337 2338
4680 2 2 0 18 2312 2338 2313
4681 2 2 0 18 2313 2338 2339
4682 2 2 0 18 2313 2339 2314
4683 2 2 0 18 2314 2339 2340
4684 2 2 0 18 2314 2340 2315
4685 2 2 0 18 2315 2340 2341
4686 2 2 0 18 2315 2341 245
4687 2 2 0 18 245 2341 246
4688 2 2 0 18 161 162 2316
4689 2 2 0 18 2316 162 2342
4690 2 2 0 18 2316 2342 2317
4691 2 2 0 18 2317 2342 2343
4692 2 2 0 18 2317 2343 2318
4693 2 2 0 18 2318 2343 2344
4694 2 2 0 18 2318 2344 2319
4695 2 2 0 18 2319 2344 2345
4696 2 2 0 18 2319 2345 2320
4697 2 2 0 18 2320 2345 2346
4698 2 2 0 18 2320 2346 2321
4699 2 2 0 18 2321 2346 2347
4700 2 2 0 18 2321 2347 2322
4701 2 2 0 18 2322 2347 2348
4702 2 2 0 18 2322 2348 2323
4703 2 2 0 18 2323 2348 2349
4704 2 2 0 18 2323 2349 2324
4705 2 2 0 18 2324 2349 2350
4706 2 2 0 18 2324 2350 2325
4707 2 2 0 18 2325 2350 2351
4708 2 2 0 18 2325 2351 2326
4709 2 2 0 18 2326 2351 2352
4710 2 2 0 18 2326 2352 2327
4711 2 2 0 18 2327 2352 2353
4712 2 2 0 18 2327 2353 2328
4713 2 2 0 18 2328 2353 2354
4714 2 2 0 18 2328 2354 2329
4715 2 2 0 18 2329 2354 2355
4716 2 2 0 18 2329 2355 2330
4717 2 2 0 18 2330 2355 2356
4718 2 2 0 18 2330 2356 2331
4719 2 2 0 18 2331 2356 2357
4720 2 2 0 18 2331 2357 2332
4721 2 2 0 18 2332 2357 2358
4722 2 2 0 18 2332 2358 2333
4723 2 2 0 18 2333 2358 2359
4724 2 2 0 18 2333 2359 2334
4725 2 2 0 18 2334 2359 2360
4726 2 2 0 18 2334 2360 2335
4727 2 2 0 18 2335 2360 2361
4728 2 2 0 18 2335 2361 2336
4729 2 2 0 18 2336 2361 2362
4730 2 2 0 18 2336 2362 2337
4731 2 2 0 18 2337 2362 2363
4732 2 2 0 18 2337 2363 2338
4733 2 2 0 18 2338 2363 2364
4734 2 2 0 18 2338 2364 2339
4735 2 2 0 18 2339 2364 2365
4736 2 2 0 18 2339 2365 2340
4737 2 2 0 18 2340 2365 2366
4738 2 2 0 18 2340 2366 2341
4739 2 2 0 18 2341 2366 2367
4740 2 2 0 18 2341 2367 246
4741 2 2 0 18 246 2367 247
4742 2 2 0 18 162 163 2342
4743 2 2 0 18 2342 163 2368
4744 2 2 0 18 2342 2368 2343
4745 2 2 0 18 2343 2368 2369
4746 2 2 0 18 2343 2369 2344
4747 2 2 0 18 2344 2369 2370
4748 2 2 0 18 2344 2370 2345
4749 2 2 0 18 2345 2370 2371
4750 2 2 0 18 2345 2371 2346
4751 2 2 0 18 2346 2371 2372
4752 2 2 0 18 2346 2372 2347
4753 2 2 0 18 2347 2372 2373
4754 2 2 0 18 2347 2373 2348
4755 2 2 0 18 2348 2373 2374
4756 2 2 0 18 2348 2374 2349
4757 2 2 0 18 2349 2374 2375
4758 2 2 0 18 2349 2375 2350
4759 2 2 0 18 2350 2375 2376
4760 2 2 0 18 2350 2376 2351
4761 2 2 0 18 2351 2376 2377
4762 2 2 0 18 2351 2377 2352
4763 2 2 0 18 2352 2377 2378
4764 2 2 0 18 2352 2378 2353
4765 2 2 0 18 2353 2378 2379
4766 2 2 0 18 2353 2379 2354
4767 2 2 0 18 2354 2379 2380
4768 2 2 0 18 2354 2380 2355
4769 2 2 0 18 2355 2380 2381
4770 2 2 0 18 2355 2381 2356
4771 2 2 0 18 2356 2381 2382
4772 2 2 0 18 2356 2382 2357
4773 2 2 0 18 2357 2382 2383
4774 2 2 0 18 2357 2383 2358
4775 2 2 0 18 2358 2383 2384
4776 2 2 0 18 2358 2384 2359
4777 2 2 0 18 2359 2384 2385
4778 2 2 0 18 2359 2385 2360
4779 2 2 0 18 2360 2385 2386
4780 2 2 0 18 2360 2386 2361
4781 2 2 0 18 2361 2386 2387
4782 2 2 0 18 2361 2387 2362
4783 2 2 0 18 2362 2387 2388
4784 2 2 0 18 2362 2388 2363
4785 2 2 0 18 2363 2388 2389
4786 2 2 0 18 2363 2389 2364
4787 2 2 0 18 2364 2389 2390
4788 2 2 0 18 2364 2390 2365
4789 2 2 0 18 2365 2390 2391
4790 2 2 0 18 2365 2391 2366
4791 2 2 0 18 2366 2391 2392
4792 2 2 0 18 2366 2392 2367
4793 2 2 0 18 2367 2392 2393
4794 2 2 0 18 2367 2393 247
4795 2 2 0 18 247 2393 248
4796 2 2 0 18 163 7 2368
4797 2 2 0 18 2368 7 164
4798 2 2 0 18 2368 164 2369
4799 2 2 0 18 2369 164 165
4800 2 2 0 18 2369 165 2370
4801 2 2 0 18 2370 165 166
4802 2 2 0 18 2370 166 2371
4803 2 2 0 18 2371 166 167
4804 2 2 0 18 2371 167 2372
4805 2 2 0 18 2372 167 168
4806 2 2 0 18 2372 168 2373
4807 2 2 0 18 2373 168 169
4808 2 2 0 18 2373 169 2374
4809 2 2 0 18 2374 169 170
4810 2 2 0 18 2374 170 2375
4811 2 2 0 18 2375 170 171
4812 2 2 0 18 2375 171 2376
4813 2 2 0 18 2376 171 172
4814 2 2 0 18 2376 172 2377
4815 2 2 0 18 2377 172 173
4816 2 2 0 18 2377 173 2378
4817 2 2 0 18 2378 173 174
4818 2 2 0 18 2378 174 2379
4819 2 2 0 18 2379 174 175
4820 2 2 0 18 2379 175 2380
4821 2 2 0 18 2380 175 176
4822 2 2 0 18 2380 176 2381
4823 2 2 0 18 2381 176 177
4824 2 2 0 18 2381 177 2382
4825 2 2 0 18 2382 177 178
4826 2 2 0 18 2382 178 2383
4827 2 2 0 18 2383 178 179
4828 2 2 0 18 2383 179 2384
4829 2 2 0 18 2384 179 180
4830 2 2 0 18 2384 180 2385
4831 2 2 0 18 2385 180 181
4832 2 2 0 18 2385 181 2386
4833 2 2 0 18 2386 181 182
4834 2 2 0 18 2386 182 2387
4835 2 2 0 18 2387 182 183
4836 2 2 0 18 2387 183 2388
4837 2 2 0 18 2388 183 184
4838 2 2 0 18 2388 184 2389
4839 2 2 0 18 2389 184 185
4840 2 2 0 18 2389 185 2390
4841 2 2 0 18 2390 185 186
4842 2 2 0 18 2390 186 2391
4843 2 2 0 18 2391 186 187
4844 2 2 0 18 2391 187 2392
4845 2 2 0 18 2392 187 188
4846 2 2 0 18 2392 188 2393
4847 2 2 0 18 2393 188 189
4848 2 2 0 18 2393 189 248
4849 2 2 0 18 248 189 8
4850 2 2 0 20 1 10 201
4851 2 2 0 20 201 10 2394
4852 2 2 0 20 201 2394 200
4853 2 2 0 20 200 2394 2395
4854 2 2 0 20 200 2395 199
4855 2 2 0 20 199 2395 2396
4856 2 2 0 20 199 2396 198
4857 2 2 0 20 198 2396 2397
4858 2 2 0 20 198 2397 197
4859 2 2 0 20 197 2397 2398
4860 2 2 0 20 197 2398 196
4861 2 2 0 20 196 2398 2399
4862 2 2 0 20 196 2399 195
4863 2 2 0 20 195 2399 2400
4864 2 2 0 20 195 2400 194
4865 2 2 0 20 194 2400 2401
4866 2 2 0 20 194 2401 193
4867 2 2 0 20 193 2401 2402
4868 2 2 0 20 193 2402 192
4869 2 2 0 20 192 2402 2403
4870 2 2 0 20 192 2403 191
4871 2 2 0 20 191 2403 2404
4872 2 2 0 20 191 2404 190
4873 2 2 0 20 190 2404 2405
4874 2 2 0 20 190 2405 8
4875 2 2 0 20 8 2405 248
4876 2 2 0 20 10 11 2394
4877 2 2 0 20 2394 11 2406
4878 2 2 0 20 2394 2406 2395
4879 2 2 0 20 2395 2406 2407
4880 2 2 0 20 2395 2407 2396
4881 2 2 0 20 2396 2407 2408
4882 2 2 0 20 2396 2408 2397
4883 2 2 0 20 2397 2408 2409
4884 2 2 0 20 2397 2409 2398
4885 2 2 0 20 2398 2409 2410
4886 2 2 0 20 2398 2410 2399
4887 2 2 0 20 2399 2410 2411
4888 2 2 0 20 2399 2411 2400
4889 2 2 0 20 2400 2411 2412
4890 2 2 0 20 2400 2412 2401
4891 2 2 0 20 2401 2412 2413
4892 2 2 0 20 2401 2413 2402
4893 2 2 0 20 2402 2413 2414
4894 2 2 0 20 2402 2414 2403
4895 2 2 0 20 2403 2414 2415
4896 2 2 0 20 2403 2415 2404
4897 2 2 0 20 2404 2415 2416
4898 2 2 0 20 2404 2416 2405
4899 2 2 0 20 2405 2416 2417
4900 2 2 0 20 2405 2417 248
4901 2 2 0 20 248 2417 247
4902 2 2 0 20 11 12 2406
4903 2 2 0 20 2406 12 2418
4904 2 2 0 20 2406 2418 2407
4905 2 2 0 20 2407 2418 2419
4906 2 2 0 20 2407 2419 2408
4907 2 2 0 20 2408 2419 2420
4908 2 2 0 20 2408 2420 2409
4909 2 2 0 20 2409 2420 2421
4910 2 2 0 20 2409 2421 2410
4911 2 2 0 20 2410 2421 2422
4912 2 2 0 20 2410 2422 2411
4913 2 2 0 20 2411 2422 2423
4914 2 2 0 20 2411 2423 2412
4915 2 2 0 20 2412 2423 2424
4916 2 2 0 20 2412 2424 2413
4917 2 2 0 20 2413 2424 2425
4918 2 2 0 20 2413 2425 2414
4919 2 2 0 20 2414 2425 2426
4920 2 2 0 20 2414 2426 2415
4921 2 2 0 20 2415 2426 2427
4922 2 2 0 20 2415 2427 2416
4923 2 2 0 20 2416 2427 2428
4924 2 2 0 20 2416 2428 2417
4925 2 2 0 20 2417 2428 2429
4926 2 2 0 20 2417 2429 247
4927 2 2 0 20 247 2429 246
4928 2 2 0 20 12 13 2418
4929 2 2 0 20 2418 13 2430
4930 2 2 0 20 2418 2430 2419
4931 2 2 0 20 2419 2430 2431
4932 2 2 0 20 2419 2431 2420
4933 2 2 0 20 2420 2431 2432
4934 2 2 0 20 2420 2432 2421
4935 2 2 0 20 2421 2432 2433
4936 2 2 0 20 2421 2433 2422
4937 2 2 0 20 2422 2433 2434
4938 2 2 0 20 2422 2434 2423
4939 2 2 0 20 2423 2434 2435
4940 2 2 0 20 2423 2435 2424
4941 2 2 0 20 2424 2435 2436
4942 2 2 0 20 2424 2436 2425
4943 2 2 0 20 2425 2436 2437
4944 2 2 0 20 2425 2437 2426
4945 2 2 0 20 2426 2437 2438
4946 2 2 0 20 2426 2438 2427
4947 2 2 0 20 2427 2438 2439
4948 2 2 0 20 2427 2439 2428
4949 2 2 0 20 2428 2439 2440
4950 2 2 0 20 2428 2440 2429
4951 2 2 0 20 2429 2440 2441
4952 2 2 0 20 2429 2441 246
4953 2 2 0 20 246 2441 245
4954 2 2 0 20 13 14 2430
4955 2 2 0 20 2430 14 2442
4956 2 2 0 20 2430 2442 2431
4957 2 2 0 20 2431 2442 2443
4958 2 2 0 20 2431 2443 2432
4959 2 2 0 20 2432 2443 2444
4960 2 2 0 20 2432 2444 2433
4961 2 2 0 20 2433 2444 2445
4962 2 2 0 20 2433 2445 2434
4963 2 2 0 20 2434 2445 2446
4964 2 2 0 20 2434 2446 2435
4965 2 2 0 20 2435 2446 2447
4966 2 2 0 20 2435 2447 2436
4967 2 2 0 20 2436 2447 2448
4968 2 2 0 20 2436 2448 2437
4969 2 2 0 20 2437 2448 2449
4970 2 2 0 20 2437 2449 2438
4971 2 2 0 20 2438 2449 2450
4972 2 2 0 20 2438 2450 2439
4973 2 2 0 20 2439 2450 2451
4974 2 2 0 20 2439 2451 2440
4975 2 2 0 20 2440 2451 2452
4976 2 2 0 20 2440 2452 2441
4977 2 2 0 20 2441 2452 2453
4978 2 2 0 20 2441 2453 245
4979 2 2 0 20 245 2453 244
4980 2 2 0 20 14 15 2442
4981 2 2 0 20 2442 15 2454
4982 2 2 0 20 2442 2454 2443
4983 2 2 0 20 2443 2454 2455
4984 2 2 0 20 2443 2455 2444
4985 2 2 0 20 2444 2455 2456
4986 2 2 0 20 2444 2456 2445
4987 2 2 0 20 2445 2456 2457
4988 2 2 0 20 2445 2457 2446
4989 2 2 0 20 2446 2457 2458
4990 2 2 0 20 2446 2458 2447
4991 2 2 0 20 2447 2458 2459
4992 2 2 0 20 2447 2459 2448
4993 2 2 0 20 2448 2459 2460
4994 2 2 0 20 2448 2460 2449
4995 2 2 0 20 2449 2460 2461
4996 2 2 0 20 2449 2461 2450
4997 2 2 0 20 2450 2461 2462
4998 2 2 0 20 2450 2462 2451
4999 2 2 0 20 2451 2462 2463
5000 2 2 0 20 2451 2463 2452
5001 2 2 0 20 2452 2463 2464
5002 2 2 0 20 2452 2464 2453
5003 2 2 0 20 2453 2464 2465
5004 2 2 0 20 2453 2465 244
5005 2 2 0 20 244 2465 243
5006 2 2 0 20 15 16 2454
5007 2 2 0 20 2454 16 2466
5008 2 2 0 20 2454 2466 2455
5009 2 2 0 20 2455 2466 2467
5010 2 2 0 20 2455 2467 2456
5011 2 2 0 20 2456 2467 2468
5012 2 2 0 20 2456 2468 2457
5013 2 2 0 20 2457 2468 2469
5014 2 2 0 20 2457 2469 2458
5015 2 2 0 20 2458 2469 2470
5016 2 2 0 20 2458 2470 2459
5017 2 2 0 20 2459 2470 2471
5018 2 2 0 20 2459 2471 2460
5019 2 2 0 20 2460 2471 2472
5020 2 2 0 20 2460 2472 2461
5021 2 2 0 20 2461 2472 2473
5022 2 2 0 20 2461 2473 2462
5023 2 2 0 20 2462 2473 2474
5024 2 2 0 20 2462 2474 2463
5025 2 2 0 20 2463 2474 2475
5026 2 2 0 20 2463 2475 2464
5027 2 2 0 20 2464 2475 2476
5028 2 2 0 20 2464 2476 2465
5029 2 2 0 20 2465 2476 2477
5030 2 2 0 20 2465 2477 243
5031 2 2 0 20 243 2477 242
5032 2 2 0 20 16 17 2466
5033 2 2 0 20 2466 17 2478
5034 2 2 0 20 2466 2478 2467
5035 2 2 0 20 2467 2478 2479
5036 2 2 0 20 2467 2479 2468
5037 2 2 0 20 2468 2479 2480
5038 2 2 0 20 2468 2480 2469
5039 2 2 0 20 2469 2480 2481
5040 2 2 0 20 2469 2481 2470
5041 2 2 0 20 2470 2481 2482
5042 2 2 0 20 2470 2482 2471
5043 2 2 0 20 2471 2482 2483
5044 2 2 0 20 2471 2483 2472
5045 2 2 0 20 2472 2483 2484
5046 2 2 0 20 2472 2484 2473
5047 2 2 0 20 2473 2484 2485
5048 2 2 0 20 2473 2485 2474
5049 2 2 0 20 2474 2485 2486
5050 2 2 0 20 2474 2486 2475
5051 2 2 0 20 2475 2486 2487
5052 2 2 0 20 2475 2487 2476
5053 2 2 0 20 2476 2487 2488
5054 2 2 0 20 2476 2488 2477
5055 2 2 0 20 2477 2488 2489
5056 2 2 0 20 2477 2489 242
5057 2 2 0 20 242 2489 241
5058 2 2 0 20 17 18 2478
5059 2 2 0 20 2478 18 2490
5060 2 2 0 20 2478 2490 2479
5061 2 2 0 20 2479 2490 2491
5062 2 2 0 20 2479 2491 2480
5063 2 2 0 20 2480 2491 2492
5064 2 2 0 20 2480 2492 2481
5065 2 2 0 20 2481 2492 2493
5066 2 2 0 20 2481 2493 2482
5067 2 2 0 20 2482 2493 2494
5068 2 2 0 20 2482 2494 2483
5069 2 2 0 20 2483 2494 2495
5070 2 2 0 20 2483 2495 2484
5071 2 2 0 20 2484 2495 2496
5072 2 2 0 20 2484 2496 2485
5073 2 2 0 20 2485 2496 2497
5074 2 2 0 20 2485 2497 2486
5075 2 2 0 20 2486 2497 2498
5076 2 2 0 20 2486 2498 2487
5077 2 2 0 20 2487 2498 2499
5078 2 2 0 20 2487 2499 2488
5079 2 2 0 20 2488 2499 2500
5080 2 2 0 20 2488 2500 2489
5081 2 2 0 20 2489 2500 2501
5082 2 2 0 20 2489 2501 241
5083 2 2 0 20 241 2501 240
5084 2 2 0 20 18 2 2490
5085 2 2 0 20 2490 2 239
5086 2 2 0 20 2490 239 2491
5087 2 2 0 20 2491 239 238
5088 2 2 0 20 2491 238 2492
5089 2 2 0 20 2492 238 237
5090 2 2 0 20 2492 237 2493
5091 2 2 0 20 2493 237 236
5092 2 2 0 20 2493 236 2494
5093 2 2 0 20 2494 236 235
5094 2 2 0 20 2494 235 2495
5095 2 2 0 20 2495 235 234
5096 2 2 0 20 2495 234 2496
5097 2 2 0 20 2496 234 233
5098 2 2 0 20 2496 233 2497
5099 2 2 0 20 2497 233 232
5100 2 2 0 20 2497 232 2498
5101 2 2 0 20 2498 232 231
5102 2 2 0 20 2498 231 2499
5103 2 2 0 20 2499 231 230
5104 2 2 0 20 2499 230 2500
5105 2 2 0 20 2500 230 229
5106 2 2 0 20 2500 229 2501
5107 2 2 0 20 2501 229 228
5108 2 2 0 20 2501 228 240
5109 2 2 0 20 240 228 9
$EndElements
