$MeshFormat
2.2 0 8
$EndMeshFormat
$Nodes
2501
1 0 0 0
2 50 0 0
3 300 0 0
4 300 65 0
5 300 200 0
6 50 200 0
7 0 200 0
8 0 65 0
9 50 65 0
10 4.999999999980779 0 0
11 9.999999999957041 0 0
12 14.99999999993109 0 0
13 19.99999999992 0 0
14 24.99999999991182 0 0
15 29.99999999990365 0 0
16 34.99999999991795 0 0
17 39.9999999999453 0 0
18 44.99999999997265 0 0
19 54.99999999999999 0 0
20 59.99999999999997 0 0
21 64.99999999999996 0 0
22 69.99999999999994 0 0
23 74.99999999999993 0 0
24 79.99999999999992 0 0
25 84.9999999999999 0 0
26 89.9999999999999 0 0
27 94.99999999999989 0 0
28 99.99999999999986 0 0
29 104.9999999999999 0 0
30 109.9999999999998 0 0
31 114.9999999999998 0 0
32 119.9999999999998 0 0
33 124.9999999999998 0 0
34 129.9999999999999 0 0
35 134.9999999999999 0 0
36 139.9999999999999 0 0
37 144.9999999999999 0 0
38 149.9999999999999 0 0
39 154.9999999999999 0 0
40 159.9999999999999 0 0
41 164.9999999999999 0 0
42 169.9999999999999 0 0
43 174.9999999999999 0 0
44 179.9999999999999 0 0
45 184.9999999999999 0 0
46 189.9999999999999 0 0
47 194.9999999999999 0 0
48 199.9999999999999 0 0
49 204.9999999999999 0 0
50 209.9999999999999 0 0
51 214.9999999999999 0 0
52 219.9999999999999 0 0
53 224.9999999999999 0 0
54 229.9999999999999 0 0
55 234.9999999999999 0 0
56 239.9999999999999 0 0
57 244.9999999999999 0 0
58 249.9999999999999 0 0
59 255 0 0
60 259.9999999999999 0 0
61 264.9999999999999 0 0
62 270 0 0
63 275 0 0
64 280 0 0
65 285 0 0
66 290 0 0
67 295 0 0
68 300 5.000000000001043 0
69 300 10.00000000000384 0
70 300 15.00000000000272 0
71 300 20.00000000000159 0
72 300 25.00000000000046 0
73 300 29.99999999999934 0
74 300 34.99999999999822 0
75 300 39.99999999999713 0
76 300 44.99999999999604 0
77 300 49.99999999999495 0
78 300 54.99999999999386 0
79 300 59.99999999999277 0
80 300 70 0
81 300 75 0
82 300 80 0
83 300 85 0
84 300 90 0
85 300 95 0
86 300 100 0
87 300 105 0
88 300 110 0
89 300 115 0
90 300 120 0
91 300 125 0
92 300 130 0
93 300 135 0
94 300 140 0
95 300 145 0
96 300 150 0
97 300 155 0
98 300 160 0
99 300 165 0
100 300 170 0
101 300 175 0
102 300 180 0
103 300 185 0
104 300 190 0
105 300 195 0
106 295.0000000000079 200 0
107 290.0000000000159 200 0
108 285.0000000000238 200 0
109 280.0000000000317 200 0
110 275.0000000000396 200 0
111 270.0000000000476 200 0
112 265.0000000000555 200 0
113 260.0000000000634 200 0
114 255.0000000000713 200 0
115 250.0000000000793 200 0
116 245.0000000000872 200 0
117 240.0000000000951 200 0
118 235.000000000103 200 0
119 230.000000000111 200 0
120 225.0000000001189 200 0
121 220.0000000001269 200 0
122 215.0000000001348 200 0
123 210.0000000001428 200 0
124 205.0000000001507 200 0
125 200.0000000001587 200 0
126 195.0000000001666 200 0
127 190.0000000001745 200 0
128 185.0000000001825 200 0
129 180.0000000001904 200 0
130 175.0000000001984 200 0
131 170.0000000002063 200 0
132 165.0000000002142 200 0
133 160.0000000002222 200 0
134 155.0000000002301 200 0
135 150.000000000238 200 0
136 145.000000000246 200 0
137 140.0000000002539 200 0
138 135.0000000002619 200 0
139 130.0000000002698 200 0
140 125.0000000002655 200 0
141 120.0000000002451 200 0
142 115.0000000002246 200 0
143 110.0000000002041 200 0
144 105.0000000001836 200 0
145 100.0000000001632 200 0
146 95.00000000014268 200 0
147 90.00000000012219 200 0
148 85.00000000010169 200 0
149 80.00000000008124 200 0
150 75.00000000006075 200 0
151 70.00000000004026 200 0
152 65.00000000002069 200 0
153 60.00000000001253 200 0
154 55.00000000000625 200 0
155 45.00000000002691 200 0
156 40.00000000005382 200 0
157 35.00000000008073 200 0
158 30.00000000009457 200 0
159 25.00000000008594 200 0
160 20.00000000007735 200 0
161 15.00000000006583 200 0
162 10.00000000003948 200 0
163 5.000000000018456 200 0
164 0 195.0000000000244 0
165 0 190.0000000000489 0
166 0 185.0000000000733 0
167 0 180.0000000000978 0
168 0 175.0000000001222 0
169 0 170.0000000001467 0
170 0 165.0000000001711 0
171 0 160.0000000001956 0
172 0 155.0000000002201 0
173 0 150.0000000002445 0
174 0 145.000000000269 0
175 0 140.0000000002935 0
176 0 135.0000000003179 0
177 0 130.0000000003423 0
178 0 125.0000000003378 0
179 0 120.0000000003097 0
180 0 115.0000000002815 0
181 0 110.0000000002534 0
182 0 105.0000000002252 0
183 0 100.0000000001971 0
184 0 95.0000000001689 0
185 0 90.00000000014076 0
186 0 85.00000000011261 0
187 0 80.00000000008446 0
188 0 75.00000000005629 0
189 0 70.00000000002814 0
190 0 60.00000000000566 0
191 0 55.00000000001966 0
192 0 50.00000000003367 0
193 0 45.00000000004765 0
194 0 40.00000000006163 0
195 0 35.00000000007561 0
196 0 30.00000000007734 0
197 0 25.00000000006404 0
198 0 20.00000000005073 0
199 0 15.00000000003744 0
200 0 10.00000000002413 0
201 0 5.000000000010829 0
202 50 195.0000000000244 0
203 50 190.0000000000489 0
204 50 185.0000000000733 0
205 50 180.0000000000978 0
206 50 175.0000000001222 0
207 50 170.0000000001467 0
208 50 165.0000000001711 0
209 50 160.0000000001956 0
210 50 155.0000000002201 0
211 50 150.0000000002445 0
212 50 145.000000000269 0
213 50 140.0000000002935 0
214 50 135.0000000003179 0
215 50 130.0000000003423 0
216 50 125.0000000003378 0
217 50 120.0000000003097 0
218 50 115.0000000002815 0
219 50 110.0000000002534 0
220 50 105.0000000002252 0
221 50 100.0000000001971 0
222 50 95.0000000001689 0
223 50 90.00000000014076 0
224 50 85.00000000011261 0
225 50 80.00000000008446 0
226 50 75.00000000005629 0
227 50 70.00000000002814 0
228 50 60.00000000000566 0
229 50 55.00000000001966 0
230 50 50.00000000003367 0
231 50 45.00000000004765 0
232 50 40.00000000006163 0
233 50 35.00000000007561 0
234 50 30.00000000007734 0
235 50 25.00000000006404 0
236 50 20.00000000005073 0
237 50 15.00000000003744 0
238 50 10.00000000002413 0
239 50 5.000000000010829 0
240 45.00000000002691 65 0
241 40.00000000005382 65 0
242 35.00000000008073 65 0
243 30.00000000009457 65 0
244 25.00000000008594 65 0
245 20.00000000007735 65 0
246 15.00000000006583 65 0
247 10.00000000003948 65 0
248 5.000000000018456 65 0
249 295.0000000000079 65 0
250 290.0000000000159 65 0
251 285.0000000000238 65 0
252 280.0000000000317 65 0
253 275.0000000000396 65 0
254 270.0000000000476 65 0
255 265.0000000000555 65 0
256 260.0000000000634 65 0
257 255.0000000000713 65 0
258 250.0000000000793 65 0
259 245.0000000000872 65 0
260 240.0000000000951 65 0
261 235.000000000103 65 0
262 230.000000000111 65 0
263 225.0000000001189 65 0
264 220.0000000001269 65 0
265 215.0000000001348 65 0
266 210.0000000001428 65 0
267 205.0000000001507 65 0
268 200.0000000001587 65 0
269 195.0000000001666 65 0
270 190.0000000001745 65 0
271 185.0000000001825 65 0
272 180.0000000001904 65 0
273 175.0000000001984 65 0
274 170.0000000002063 65 0
275 165.0000000002142 65 0
276 160.0000000002222 65 0
277 155.0000000002301 65 0
278 150.000000000238 65 0
279 145.000000000246 65 0
280 140.0000000002539 65 0
281 135.0000000002619 65 0
282 130.0000000002698 65 0
283 125.0000000002655 65 0
284 120.0000000002451 65 0
285 115.0000000002246 65 0
286 110.0000000002041 65 0
287 105.0000000001836 65 0
288 100.0000000001632 65 0
289 95.00000000014268 65 0
290 90.00000000012219 65 0
291 85.00000000010169 65 0
292 80.00000000008124 65 0
293 75.00000000006075 65 0
294 70.00000000004026 65 0
295 65.00000000002069 65 0
296 60.00000000001253 65 0
297 55.00000000000625 65 0
298 55.00000000000047 5.000000000010633 0
299 55.00000000000095 10.00000000002373 0
300 55.00000000000144 15.00000000003674 0
301 55.00000000000192 20.00000000004976 0
302 55.0000000000024 25.00000000006276 0
303 55.00000000000288 30.00000000007578 0
304 55.00000000000336 35.00000000007405 0
305 55.00000000000384 40.00000000006034 0
306 55.00000000000433 45.00000000004662 0
307 55.00000000000481 50.00000000003289 0
308 55.00000000000529 55.00000000001916 0
309 55.00000000000577 60.00000000000541 0
310 60.00000000000094 5.000000000010436 0
311 60.0000000000019 10.00000000002332 0
312 60.00000000000287 15.00000000003604 0
313 60.00000000000384 20.00000000004876 0
314 60.0000000000048 25.0000000000615 0
315 60.00000000000577 30.00000000007422 0
316 60.00000000000674 35.00000000007252 0
317 60.0000000000077 40.00000000005906 0
318 60.00000000000867 45.00000000004558 0
319 60.00000000000964 50.00000000003211 0
320 60.0000000000106 55.00000000001862 0
321 60.00000000001157 60.00000000000514 0
322 65.00000000000155 5.000000000010241 0
323 65.00000000000314 10.00000000002292 0
324 65.00000000000475 15.00000000003536 0
325 65.00000000000634 20.00000000004778 0
326 65.00000000000793 25.00000000006023 0
327 65.00000000000952 30.00000000007266 0
328 65.00000000001113 35.00000000007097 0
329 65.00000000001272 40.00000000005775 0
330 65.00000000001431 45.00000000004454 0
331 65.0000000000159 50.00000000003134 0
332 65.00000000001749 55.00000000001811 0
333 65.0000000000191 60.00000000000489 0
334 70.00000000000304 5.000000000010045 0
335 70.00000000000615 10.00000000002251 0
336 70.00000000000925 15.00000000003466 0
337 70.00000000001235 20.0000000000468 0
338 70.00000000001545 25.00000000005895 0
339 70.00000000001855 30.00000000007109 0
340 70.00000000002166 35.00000000006942 0
341 70.00000000002476 40.00000000005647 0
342 70.00000000002785 45.00000000004352 0
343 70.00000000003095 50.00000000003058 0
344 70.00000000003406 55.00000000001759 0
345 70.00000000003716 60.00000000000463 0
346 75.0000000000046 5.00000000000985 0
347 75.00000000000929 10.00000000002211 0
348 75.00000000001397 15.00000000003396 0
349 75.00000000001865 20.00000000004582 0
350 75.00000000002332 25.00000000005768 0
351 75.00000000002801 30.00000000006954 0
352 75.00000000003269 35.00000000006787 0
353 75.00000000003736 40.00000000005518 0
354 75.00000000004204 45.00000000004248 0
355 75.00000000004671 50.00000000002979 0
356 75.0000000000514 55.00000000001708 0
357 75.00000000005608 60.00000000000436 0
358 80.00000000000617 5.000000000009655 0
359 80.00000000001242 10.0000000000217 0
360 80.00000000001869 15.00000000003327 0
361 80.00000000002494 20.00000000004484 0
362 80.00000000003119 25.00000000005641 0
363 80.00000000003745 30.00000000006798 0
364 80.0000000000437 35.00000000006632 0
365 80.00000000004997 40.00000000005389 0
366 80.00000000005622 45.00000000004145 0
367 80.00000000006247 50.00000000002901 0
368 80.00000000006872 55.00000000001657 0
369 80.00000000007499 60.00000000000412 0
370 85.00000000000773 5.000000000009459 0
371 85.00000000001556 10.00000000002129 0
372 85.00000000002339 15.00000000003258 0
373 85.00000000003122 20.00000000004385 0
374 85.00000000003905 25.00000000005514 0
375 85.00000000004688 30.00000000006642 0
376 85.00000000005471 35.00000000006477 0
377 85.00000000006254 40.00000000005261 0
378 85.00000000007037 45.00000000004042 0
379 85.0000000000782 50.00000000002824 0
380 85.00000000008603 55.00000000001606 0
381 85.00000000009386 60.00000000000385 0
382 90.00000000000931 5.000000000009264 0
383 90.00000000001872 10.00000000002089 0
384 90.00000000002812 15.00000000003188 0
385 90.00000000003753 20.00000000004287 0
386 90.00000000004694 25.00000000005387 0
387 90.00000000005635 30.00000000006486 0
388 90.00000000006575 35.00000000006322 0
389 90.00000000007515 40.0000000000513 0
390 90.00000000008456 45.0000000000394 0
391 90.00000000009396 50.00000000002748 0
392 90.00000000010337 55.00000000001553 0
393 90.00000000011278 60.0000000000036 0
394 95.00000000001087 5.000000000009068 0
395 95.00000000002186 10.00000000002048 0
396 95.00000000003284 15.00000000003119 0
397 95.00000000004383 20.00000000004189 0
398 95.00000000005481 25.00000000005259 0
399 95.0000000000658 30.0000000000633 0
400 95.00000000007678 35.00000000006169 0
401 95.00000000008777 40.00000000005002 0
402 95.00000000009875 45.00000000003836 0
403 95.00000000010972 50.00000000002671 0
404 95.00000000012071 55.00000000001502 0
405 95.00000000013169 60.00000000000334 0
406 100.0000000000124 5.000000000008873 0
407 100.000000000025 10.00000000002007 0
408 100.0000000000376 15.0000000000305 0
409 100.0000000000501 20.0000000000409 0
410 100.0000000000627 25.00000000005132 0
411 100.0000000000752 30.00000000006174 0
412 100.0000000000878 35.00000000006013 0
413 100.0000000001004 40.00000000004874 0
414 100.0000000001129 45.00000000003733 0
415 100.0000000001255 50.00000000002593 0
416 100.000000000138 55.0000000000145 0
417 100.0000000001506 60.00000000000308 0
418 105.000000000014 5.000000000008676 0
419 105.0000000000281 10.00000000001967 0
420 105.0000000000423 15.0000000000298 0
421 105.0000000000564 20.00000000003992 0
422 105.0000000000705 25.00000000005006 0
423 105.0000000000847 30.00000000006018 0
424 105.0000000000988 35.00000000005859 0
425 105.0000000001129 40.00000000004744 0
426 105.0000000001271 45.0000000000363 0
427 105.0000000001412 50.00000000002515 0
428 105.0000000001554 55.00000000001398 0
429 105.0000000001695 60.00000000000283 0
430 110.0000000000156 5.00000000000848 0
431 110.0000000000313 10.00000000001926 0
432 110.000000000047 15.00000000002911 0
433 110.0000000000627 20.00000000003894 0
434 110.0000000000784 25.00000000004878 0
435 110.0000000000941 30.00000000005862 0
436 110.0000000001098 35.00000000005704 0
437 110.0000000001256 40.00000000004616 0
438 110.0000000001413 45.00000000003526 0
439 110.000000000157 50.00000000002438 0
440 110.0000000001727 55.00000000001347 0
441 110.0000000001884 60.00000000000257 0
442 115.0000000000171 5.000000000008283 0
443 115.0000000000344 10.00000000001886 0
444 115.0000000000517 15.00000000002841 0
445 115.000000000069 20.00000000003795 0
446 115.0000000000863 25.00000000004751 0
447 115.0000000001036 30.00000000005706 0
448 115.0000000001209 35.00000000005549 0
449 115.0000000001382 40.00000000004486 0
450 115.0000000001554 45.00000000003423 0
451 115.0000000001727 50.00000000002361 0
452 115.00000000019 55.00000000001296 0
453 115.0000000002073 60.00000000000232 0
454 120.0000000000187 5.000000000008088 0
455 120.0000000000376 10.00000000001845 0
456 120.0000000000564 15.00000000002772 0
457 120.0000000000753 20.00000000003697 0
458 120.0000000000942 25.00000000004624 0
459 120.000000000113 30.0000000000555 0
460 120.0000000001319 35.00000000005394 0
461 120.0000000001508 40.00000000004357 0
462 120.0000000001696 45.0000000000332 0
463 120.0000000001885 50.00000000002282 0
464 120.0000000002073 55.00000000001243 0
465 120.0000000002262 60.00000000000206 0
466 125.0000000000203 5.000000000007892 0
467 125.0000000000407 10.00000000001805 0
468 125.0000000000612 15.00000000002702 0
469 125.0000000000816 20.00000000003599 0
470 125.000000000102 25.00000000004497 0
471 125.0000000001225 30.00000000005394 0
472 125.0000000001429 35.0000000000524 0
473 125.0000000001634 40.00000000004229 0
474 125.0000000001838 45.00000000003217 0
475 125.0000000002042 50.00000000002205 0
476 125.0000000002247 55.00000000001192 0
477 125.0000000002451 60.00000000000179 0
478 130.0000000000206 5.000000000007697 0
479 130.0000000000414 10.00000000001764 0
480 130.0000000000622 15.00000000002632 0
481 130.0000000000829 20.00000000003501 0
482 130.0000000001037 25.00000000004369 0
483 130.0000000001245 30.00000000005238 0
484 130.0000000001452 35.00000000005085 0
485 130.000000000166 40.000000000041 0
486 130.0000000001868 45.00000000003113 0
487 130.0000000002075 50.00000000002128 0
488 130.0000000002283 55.0000000000114 0
489 130.0000000002491 60.00000000000154 0
490 135.00000000002 5.000000000007502 0
491 135.0000000000402 10.00000000001723 0
492 135.0000000000603 15.00000000002563 0
493 135.0000000000805 20.00000000003402 0
494 135.0000000001006 25.00000000004243 0
495 135.0000000001208 30.00000000005081 0
496 135.0000000001409 35.0000000000493 0
497 135.0000000001611 40.00000000003971 0
498 135.0000000001813 45.00000000003011 0
499 135.0000000002014 50.0000000000205 0
500 135.0000000002216 55.00000000001089 0
501 135.0000000002417 60.00000000000128 0
502 140.0000000000194 5.000000000007306 0
503 140.0000000000389 10.00000000001683 0
504 140.0000000000585 15.00000000002494 0
505 140.000000000078 20.00000000003304 0
506 140.0000000000976 25.00000000004115 0
507 140.0000000001171 30.00000000004926 0
508 140.0000000001367 35.00000000004775 0
509 140.0000000001562 40.00000000003841 0
510 140.0000000001758 45.00000000002907 0
511 140.0000000001953 50.00000000001972 0
512 140.0000000002148 55.00000000001037 0
513 140.0000000002344 60.00000000000102 0
514 145.0000000000188 5.000000000007111 0
515 145.0000000000377 10.00000000001642 0
516 145.0000000000566 15.00000000002424 0
517 145.0000000000756 20.00000000003206 0
518 145.0000000000945 25.00000000003988 0
519 145.0000000001135 30.0000000000477 0
520 145.0000000001324 35.0000000000462 0
521 145.0000000001513 40.00000000003712 0
522 145.0000000001703 45.00000000002803 0
523 145.0000000001892 50.00000000001895 0
524 145.0000000002081 55.00000000000986 0
525 145.0000000002271 60.00000000000075 0
526 150.0000000000182 5.000000000006914 0
527 150.0000000000365 10.00000000001602 0
528 150.0000000000548 15.00000000002355 0
529 150.0000000000732 20.00000000003107 0
530 150.0000000000915 25.0000000000386 0
531 150.0000000001098 30.00000000004614 0
532 150.0000000001281 35.00000000004465 0
533 150.0000000001464 40.00000000003584 0
534 150.0000000001648 45.00000000002701 0
535 150.0000000001831 50.00000000001818 0
536 150.0000000002014 55.00000000000934 0
537 150.0000000002197 60.0000000000005 0
538 155.0000000000176 5.000000000006718 0
539 155.0000000000353 10.00000000001561 0
540 155.000000000053 15.00000000002285 0
541 155.0000000000707 20.00000000003009 0
542 155.0000000000884 25.00000000003734 0
543 155.0000000001061 30.00000000004458 0
544 155.0000000001238 35.0000000000431 0
545 155.0000000001415 40.00000000003453 0
546 155.0000000001593 45.00000000002597 0
547 155.000000000177 50.0000000000174 0
548 155.0000000001947 55.00000000000883 0
549 155.0000000002124 60.00000000000024 0
550 160.000000000017 5.000000000006523 0
551 160.0000000000341 10.00000000001521 0
552 160.0000000000512 15.00000000002216 0
553 160.0000000000683 20.00000000002911 0
554 160.0000000000854 25.00000000003607 0
555 160.0000000001025 30.00000000004302 0
556 160.0000000001196 35.00000000004157 0
557 160.0000000001367 40.00000000003325 0
558 160.0000000001538 45.00000000002495 0
559 160.0000000001709 50.00000000001663 0
560 160.000000000188 55.00000000000831 0
561 160.0000000002051 59.99999999999999 0
562 165.0000000000164 5.000000000006327 0
563 165.0000000000329 10.0000000000148 0
564 165.0000000000493 15.00000000002146 0
565 165.0000000000658 20.00000000002813 0
566 165.0000000000823 25.0000000000348 0
567 165.0000000000988 30.00000000004146 0
568 165.0000000001153 35.00000000004 0
569 165.0000000001318 40.00000000003196 0
570 165.0000000001483 45.00000000002391 0
571 165.0000000001648 50.00000000001585 0
572 165.0000000001813 55.00000000000779 0
573 165.0000000001977 59.99999999999973 0
574 170.0000000000158 5.000000000006132 0
575 170.0000000000316 10.0000000000144 0
576 170.0000000000475 15.00000000002077 0
577 170.0000000000634 20.00000000002715 0
578 170.0000000000793 25.00000000003352 0
579 170.0000000000952 30.0000000000399 0
580 170.000000000111 35.00000000003847 0
581 170.0000000001269 40.00000000003067 0
582 170.0000000001428 45.00000000002289 0
583 170.0000000001587 50.00000000001509 0
584 170.0000000001745 55.00000000000728 0
585 170.0000000001904 59.99999999999947 0
586 175.0000000000152 5.000000000005935 0
587 175.0000000000304 10.00000000001399 0
588 175.0000000000457 15.00000000002008 0
589 175.000000000061 20.00000000002617 0
590 175.0000000000762 25.00000000003225 0
591 175.0000000000915 30.00000000003834 0
592 175.0000000001068 35.00000000003691 0
593 175.000000000122 40.00000000002939 0
594 175.0000000001373 45.00000000002185 0
595 175.0000000001526 50.0000000000143 0
596 175.0000000001678 55.00000000000676 0
597 175.0000000001831 59.99999999999922 0
598 180.0000000000146 5.000000000005739 0
599 180.0000000000292 10.00000000001358 0
600 180.0000000000439 15.00000000001938 0
601 180.0000000000585 20.00000000002518 0
602 180.0000000000732 25.00000000003098 0
603 180.0000000000878 30.00000000003677 0
604 180.0000000001025 35.00000000003537 0
605 180.0000000001171 40.0000000000281 0
606 180.0000000001318 45.00000000002081 0
607 180.0000000001464 50.00000000001354 0
608 180.0000000001611 55.00000000000625 0
609 180.0000000001757 59.99999999999896 0
610 185.0000000000139 5.000000000005544 0
611 185.000000000028 10.00000000001318 0
612 185.000000000042 15.00000000001869 0
613 185.0000000000561 20.00000000002419 0
614 185.0000000000701 25.00000000002971 0
615 185.0000000000842 30.00000000003522 0
616 185.0000000000982 35.00000000003382 0
617 185.0000000001122 40.0000000000268 0
618 185.0000000001263 45.00000000001979 0
619 185.0000000001404 50.00000000001275 0
620 185.0000000001544 55.00000000000574 0
621 185.0000000001684 59.99999999999871 0
622 190.0000000000134 5.000000000005349 0
623 190.0000000000268 10.00000000001277 0
624 190.0000000000402 15.00000000001799 0
625 190.0000000000536 20.00000000002321 0
626 190.0000000000671 25.00000000002844 0
627 190.0000000000805 30.00000000003366 0
628 190.0000000000939 35.00000000003227 0
629 190.0000000001074 40.00000000002551 0
630 190.0000000001208 45.00000000001874 0
631 190.0000000001342 50.00000000001199 0
632 190.0000000001477 55.0000000000052 0
633 190.0000000001611 59.99999999999844 0
634 195.0000000000127 5.000000000005153 0
635 195.0000000000256 10.00000000001236 0
636 195.0000000000384 15.0000000000173 0
637 195.0000000000512 20.00000000002223 0
638 195.000000000064 25.00000000002716 0
639 195.0000000000768 30.0000000000321 0
640 195.0000000000896 35.00000000003072 0
641 195.0000000001025 40.00000000002422 0
642 195.0000000001153 45.00000000001771 0
643 195.0000000001281 50.00000000001121 0
644 195.0000000001409 55.00000000000469 0
645 195.0000000001538 59.99999999999818 0
646 200.0000000000121 5.000000000004958 0
647 200.0000000000243 10.00000000001196 0
648 200.0000000000366 15.0000000000166 0
649 200.0000000000487 20.00000000002125 0
650 200.000000000061 25.00000000002589 0
651 200.0000000000732 30.00000000003054 0
652 200.0000000000854 35.00000000002918 0
653 200.0000000000976 40.00000000002294 0
654 200.0000000001098 45.00000000001669 0
655 200.000000000122 50.00000000001042 0
656 200.0000000001342 55.00000000000418 0
657 200.0000000001464 59.99999999999793 0
658 205.0000000000115 5.000000000004762 0
659 205.0000000000231 10.00000000001155 0
660 205.0000000000347 15.00000000001591 0
661 205.0000000000463 20.00000000002027 0
662 205.0000000000579 25.00000000002462 0
663 205.0000000000695 30.00000000002897 0
664 205.0000000000811 35.00000000002764 0
665 205.0000000000927 40.00000000002164 0
666 205.0000000001043 45.00000000001565 0
667 205.0000000001159 50.00000000000966 0
668 205.0000000001275 55.00000000000367 0
669 205.0000000001391 59.99999999999767 0
670 210.0000000000109 5.000000000004565 0
671 210.0000000000219 10.00000000001115 0
672 210.0000000000329 15.00000000001522 0
673 210.0000000000439 20.00000000001928 0
674 210.0000000000549 25.00000000002335 0
675 210.0000000000659 30.00000000002742 0
676 210.0000000000768 35.00000000002608 0
677 210.0000000000878 40.00000000002035 0
678 210.0000000000988 45.00000000001462 0
679 210.0000000001098 50.00000000000889 0
680 210.0000000001208 55.00000000000316 0
681 210.0000000001318 59.9999999999974 0
682 215.0000000000103 5.00000000000437 0
683 215.0000000000207 10.00000000001074 0
684 215.000000000031 15.00000000001452 0
685 215.0000000000414 20.0000000000183 0
686 215.0000000000518 25.00000000002208 0
687 215.0000000000622 30.00000000002586 0
688 215.0000000000726 35.00000000002454 0
689 215.0000000000829 40.00000000001907 0
690 215.0000000000933 45.00000000001359 0
691 215.0000000001037 50.00000000000812 0
692 215.0000000001141 55.00000000000264 0
693 215.0000000001244 59.99999999999714 0
694 220.0000000000097 5.000000000004174 0
695 220.0000000000195 10.00000000001034 0
696 220.0000000000293 15.00000000001383 0
697 220.000000000039 20.00000000001731 0
698 220.0000000000488 25.00000000002081 0
699 220.0000000000585 30.0000000000243 0
700 220.0000000000683 35.00000000002298 0
701 220.0000000000781 40.00000000001776 0
702 220.0000000000878 45.00000000001256 0
703 220.0000000000976 50.00000000000734 0
704 220.0000000001074 55.00000000000212 0
705 220.0000000001171 59.99999999999689 0
706 225.0000000000091 5.000000000003977 0
707 225.0000000000183 10.00000000000993 0
708 225.0000000000274 15.00000000001313 0
709 225.0000000000366 20.00000000001633 0
710 225.0000000000457 25.00000000001953 0
711 225.0000000000549 30.00000000002273 0
712 225.000000000064 35.00000000002144 0
713 225.0000000000732 40.00000000001649 0
714 225.0000000000823 45.00000000001152 0
715 225.0000000000915 50.00000000000656 0
716 225.0000000001006 55.00000000000159 0
717 225.0000000001098 59.99999999999663 0
718 230.0000000000085 5.000000000003782 0
719 230.000000000017 10.00000000000953 0
720 230.0000000000256 15.00000000001244 0
721 230.0000000000341 20.00000000001535 0
722 230.0000000000427 25.00000000001827 0
723 230.0000000000512 30.00000000002118 0
724 230.0000000000597 35.00000000001988 0
725 230.0000000000683 40.00000000001519 0
726 230.0000000000768 45.0000000000105 0
727 230.0000000000854 50.00000000000579 0
728 230.0000000000939 55.00000000000108 0
729 230.0000000001024 59.99999999999638 0
730 235.0000000000079 5.000000000003587 0
731 235.0000000000158 10.00000000000912 0
732 235.0000000000237 15.00000000001174 0
733 235.0000000000317 20.00000000001437 0
734 235.0000000000396 25.00000000001699 0
735 235.0000000000475 30.00000000001962 0
736 235.0000000000555 35.00000000001835 0
737 235.0000000000634 40.0000000000139 0
738 235.0000000000713 45.00000000000946 0
739 235.0000000000792 50.00000000000502 0
740 235.0000000000872 55.00000000000057 0
741 235.0000000000951 59.99999999999612 0
742 240.0000000000073 5.000000000003391 0
743 240.0000000000146 10.00000000000871 0
744 240.0000000000219 15.00000000001105 0
745 240.0000000000292 20.00000000001338 0
746 240.0000000000366 25.00000000001572 0
747 240.0000000000439 30.00000000001806 0
748 240.0000000000512 35.0000000000168 0
749 240.0000000000585 40.00000000001262 0
750 240.0000000000658 45.00000000000842 0
751 240.0000000000731 50.00000000000424 0
752 240.0000000000805 55.00000000000006 0
753 240.0000000000878 59.99999999999587 0
754 245.0000000000067 5.000000000003196 0
755 245.0000000000134 10.00000000000831 0
756 245.0000000000201 15.00000000001035 0
757 245.0000000000268 20.0000000000124 0
758 245.0000000000335 25.00000000001445 0
759 245.0000000000402 30.0000000000165 0
760 245.0000000000469 35.00000000001525 0
761 245.0000000000536 40.00000000001131 0
762 245.0000000000603 45.0000000000074 0
763 245.0000000000671 50.00000000000346 0
764 245.0000000000738 54.99999999999955 0
765 245.0000000000805 59.99999999999561 0
766 250.0000000000061 5.000000000003 0
767 250.0000000000121 10.0000000000079 0
768 250.0000000000183 15.00000000000966 0
769 250.0000000000244 20.00000000001142 0
770 250.0000000000304 25.00000000001318 0
771 250.0000000000366 30.00000000001494 0
772 250.0000000000427 35.0000000000137 0
773 250.0000000000488 40.00000000001003 0
774 250.0000000000549 45.00000000000637 0
775 250.000000000061 50.00000000000269 0
776 250.0000000000671 54.99999999999903 0
777 250.0000000000732 59.99999999999535 0
778 255.0000000000055 5.000000000002805 0
779 255.0000000000109 10.0000000000075 0
780 255.0000000000164 15.00000000000897 0
781 255.0000000000219 20.00000000001043 0
782 255.0000000000274 25.0000000000119 0
783 255.0000000000329 30.00000000001338 0
784 255.0000000000384 35.00000000001215 0
785 255.0000000000439 40.00000000000874 0
786 255.0000000000494 45.00000000000532 0
787 255.0000000000549 50.00000000000191 0
788 255.0000000000604 54.99999999999849 0
789 255.0000000000659 59.99999999999508 0
790 260.0000000000048 5.00000000000261 0
791 260.0000000000097 10.00000000000709 0
792 260.0000000000146 15.00000000000827 0
793 260.0000000000195 20.00000000000945 0
794 260.0000000000244 25.00000000001064 0
795 260.0000000000293 30.00000000001182 0
796 260.0000000000341 35.0000000000106 0
797 260.000000000039 40.00000000000745 0
798 260.0000000000439 45.0000000000043 0
799 260.0000000000488 50.00000000000114 0
800 260.0000000000537 54.99999999999798 0
801 260.0000000000586 59.99999999999483 0
802 265.0000000000042 5.000000000002414 0
803 265.0000000000085 10.00000000000669 0
804 265.0000000000127 15.00000000000758 0
805 265.0000000000171 20.00000000000847 0
806 265.0000000000213 25.00000000000936 0
807 265.0000000000256 30.00000000001026 0
808 265.0000000000298 35.00000000000905 0
809 265.0000000000341 40.00000000000617 0
810 265.0000000000384 45.00000000000328 0
811 265.0000000000427 50.00000000000036 0
812 265.000000000047 54.99999999999747 0
813 265.0000000000512 59.99999999999457 0
814 270.0000000000036 5.000000000002217 0
815 270.0000000000073 10.00000000000628 0
816 270.000000000011 15.00000000000688 0
817 270.0000000000147 20.00000000000749 0
818 270.0000000000183 25.00000000000809 0
819 270.0000000000219 30.00000000000869 0
820 270.0000000000256 35.00000000000752 0
821 270.0000000000293 40.00000000000486 0
822 270.0000000000329 45.00000000000224 0
823 270.0000000000366 49.9999999999996 0
824 270.0000000000403 54.99999999999696 0
825 270.0000000000439 59.99999999999432 0
826 275.0000000000031 5.000000000002022 0
827 275.0000000000061 10.00000000000587 0
828 275.0000000000092 15.00000000000619 0
829 275.0000000000122 20.0000000000065 0
830 275.0000000000152 25.00000000000682 0
831 275.0000000000183 30.00000000000714 0
832 275.0000000000213 35.00000000000595 0
833 275.0000000000244 40.00000000000358 0
834 275.0000000000275 45.0000000000012 0
835 275.0000000000305 49.99999999999883 0
836 275.0000000000335 54.99999999999645 0
837 275.0000000000366 59.99999999999406 0
838 280.0000000000024 5.000000000001826 0
839 280.0000000000049 10.00000000000547 0
840 280.0000000000073 15.00000000000549 0
841 280.0000000000098 20.00000000000552 0
842 280.0000000000122 25.00000000000555 0
843 280.0000000000147 30.00000000000558 0
844 280.0000000000171 35.00000000000442 0
845 280.0000000000195 40.00000000000229 0
846 280.0000000000219 45.00000000000018 0
847 280.0000000000244 49.99999999999805 0
848 280.0000000000268 54.99999999999594 0
849 280.0000000000293 59.9999999999938 0
850 285.0000000000018 5.000000000001629 0
851 285.0000000000036 10.00000000000506 0
852 285.0000000000055 15.0000000000048 0
853 285.0000000000073 20.00000000000454 0
854 285.0000000000092 25.00000000000427 0
855 285.000000000011 30.00000000000402 0
856 285.0000000000128 35.00000000000286 0
857 285.0000000000146 40.000000000001 0
858 285.0000000000164 44.99999999999913 0
859 285.0000000000183 49.99999999999726 0
860 285.0000000000201 54.9999999999954 0
861 285.0000000000219 59.99999999999353 0
862 290.0000000000012 5.000000000001434 0
863 290.0000000000024 10.00000000000465 0
864 290.0000000000036 15.00000000000411 0
865 290.0000000000049 20.00000000000356 0
866 290.0000000000061 25.00000000000301 0
867 290.0000000000073 30.00000000000246 0
868 290.0000000000085 35.00000000000132 0
869 290.0000000000098 39.99999999999972 0
870 290.000000000011 44.9999999999981 0
871 290.0000000000122 49.9999999999965 0
872 290.0000000000134 54.99999999999488 0
873 290.0000000000147 59.99999999999328 0
874 295.0000000000006 5.000000000001238 0
875 295.0000000000012 10.00000000000425 0
876 295.0000000000018 15.00000000000341 0
877 295.0000000000024 20.00000000000258 0
878 295.000000000003 25.00000000000173 0
879 295.0000000000036 30.00000000000089 0
880 295.0000000000043 34.99999999999977 0
881 295.0000000000049 39.99999999999841 0
882 295.0000000000055 44.99999999999708 0
883 295.0000000000061 49.99999999999573 0
884 295.0000000000067 54.99999999999437 0
885 295.0000000000073 59.99999999999302 0
886 295.0000000000079 70.00000000000057 0
887 295.0000000000079 75.00000000000112 0
888 295.0000000000079 80.00000000000169 0
889 295.0000000000079 85.00000000000225 0
890 295.0000000000079 90.00000000000283 0
891 295.0000000000079 95.00000000000337 0
892 295.0000000000079 100.000000000004 0
893 295.0000000000079 105.0000000000045 0
894 295.0000000000079 110.0000000000051 0
895 295.0000000000079 115.0000000000057 0
896 295.0000000000079 120.0000000000062 0
897 295.0000000000079 125.0000000000068 0
898 295.0000000000079 130.0000000000069 0
899 295.0000000000079 135.0000000000064 0
900 295.0000000000079 140.0000000000059 0
901 295.0000000000079 145.0000000000054 0
902 295.0000000000079 150.0000000000049 0
903 295.0000000000079 155.0000000000044 0
904 295.0000000000079 160.0000000000039 0
905 295.0000000000079 165.0000000000034 0
906 295.0000000000079 170.0000000000029 0
907 295.0000000000079 175.0000000000024 0
908 295.0000000000079 180.000000000002 0
909 295.0000000000079 185.0000000000015 0
910 295.0000000000079 190.000000000001 0
911 295.0000000000079 195.0000000000005 0
912 290.0000000000159 70.00000000000111 0
913 290.0000000000159 75.00000000000226 0
914 290.0000000000159 80.00000000000337 0
915 290.0000000000159 85.00000000000449 0
916 290.0000000000159 90.00000000000564 0
917 290.0000000000159 95.00000000000675 0
918 290.0000000000159 100.0000000000079 0
919 290.0000000000159 105.000000000009 0
920 290.0000000000159 110.0000000000102 0
921 290.0000000000159 115.0000000000113 0
922 290.0000000000159 120.0000000000124 0
923 290.0000000000159 125.0000000000135 0
924 290.0000000000159 130.0000000000137 0
925 290.0000000000159 135.0000000000127 0
926 290.0000000000159 140.0000000000117 0
927 290.0000000000159 145.0000000000108 0
928 290.0000000000159 150.0000000000098 0
929 290.0000000000159 155.0000000000088 0
930 290.0000000000159 160.0000000000078 0
931 290.0000000000159 165.0000000000069 0
932 290.0000000000159 170.0000000000059 0
933 290.0000000000159 175.0000000000049 0
934 290.0000000000159 180.000000000004 0
935 290.0000000000159 185.000000000003 0
936 290.0000000000159 190.0000000000019 0
937 290.0000000000159 195.000000000001 0
938 285.0000000000238 70.00000000000168 0
939 285.0000000000238 75.00000000000337 0
940 285.0000000000238 80.00000000000507 0
941 285.0000000000238 85.00000000000676 0
942 285.0000000000238 90.00000000000846 0
943 285.0000000000238 95.00000000001013 0
944 285.0000000000238 100.0000000000118 0
945 285.0000000000238 105.0000000000135 0
946 285.0000000000238 110.0000000000152 0
947 285.0000000000238 115.0000000000169 0
948 285.0000000000238 120.0000000000186 0
949 285.0000000000238 125.0000000000203 0
950 285.0000000000238 130.0000000000206 0
951 285.0000000000238 135.0000000000191 0
952 285.0000000000238 140.0000000000177 0
953 285.0000000000238 145.0000000000161 0
954 285.0000000000238 150.0000000000147 0
955 285.0000000000238 155.0000000000132 0
956 285.0000000000238 160.0000000000117 0
957 285.0000000000238 165.0000000000103 0
958 285.0000000000238 170.0000000000088 0
959 285.0000000000238 175.0000000000074 0
960 285.0000000000238 180.0000000000059 0
961 285.0000000000238 185.0000000000044 0
962 285.0000000000238 190.0000000000029 0
963 285.0000000000238 195.0000000000015 0
964 280.0000000000317 70.00000000000225 0
965 280.0000000000317 75.00000000000448 0
966 280.0000000000317 80.00000000000675 0
967 280.0000000000317 85.00000000000898 0
968 280.0000000000317 90.00000000001124 0
969 280.0000000000317 95.00000000001349 0
970 280.0000000000317 100.0000000000158 0
971 280.0000000000317 105.000000000018 0
972 280.0000000000317 110.0000000000203 0
973 280.0000000000317 115.0000000000225 0
974 280.0000000000317 120.0000000000248 0
975 280.0000000000317 125.000000000027 0
976 280.0000000000317 130.0000000000274 0
977 280.0000000000317 135.0000000000255 0
978 280.0000000000317 140.0000000000235 0
979 280.0000000000317 145.0000000000215 0
980 280.0000000000317 150.0000000000196 0
981 280.0000000000317 155.0000000000176 0
982 280.0000000000317 160.0000000000156 0
983 280.0000000000317 165.0000000000137 0
984 280.0000000000317 170.0000000000117 0
985 280.0000000000317 175.0000000000098 0
986 280.0000000000317 180.0000000000078 0
987 280.0000000000317 185.0000000000059 0
988 280.0000000000317 190.0000000000039 0
989 280.0000000000317 195.000000000002 0
990 275.0000000000396 70.00000000000281 0
991 275.0000000000396 75.00000000000561 0
992 275.0000000000396 80.00000000000843 0
993 275.0000000000396 85.00000000001126 0
994 275.0000000000396 90.00000000001408 0
995 275.0000000000396 95.00000000001687 0
996 275.0000000000396 100.0000000000197 0
997 275.0000000000396 105.0000000000225 0
998 275.0000000000396 110.0000000000253 0
999 275.0000000000396 115.0000000000282 0
1000 275.0000000000396 120.000000000031 0
1001 275.0000000000396 125.0000000000338 0
1002 275.0000000000396 130.0000000000343 0
1003 275.0000000000396 135.0000000000318 0
1004 275.0000000000396 140.0000000000294 0
1005 275.0000000000396 145.0000000000269 0
1006 275.0000000000396 150.0000000000245 0
1007 275.0000000000396 155.000000000022 0
1008 275.0000000000396 160.0000000000196 0
1009 275.0000000000396 165.0000000000171 0
1010 275.0000000000396 170.0000000000147 0
1011 275.0000000000396 175.0000000000122 0
1012 275.0000000000396 180.0000000000098 0
1013 275.0000000000396 185.0000000000073 0
1014 275.0000000000396 190.0000000000048 0
1015 275.0000000000396 195.0000000000024 0
1016 270.0000000000476 70.00000000000338 0
1017 270.0000000000476 75.00000000000675 0
1018 270.0000000000476 80.00000000001013 0
1019 270.0000000000476 85.0000000000135 0
1020 270.0000000000476 90.0000000000169 0
1021 270.0000000000476 95.00000000002028 0
1022 270.0000000000476 100.0000000000237 0
1023 270.0000000000476 105.000000000027 0
1024 270.0000000000476 110.0000000000304 0
1025 270.0000000000476 115.0000000000338 0
1026 270.0000000000476 120.0000000000371 0
1027 270.0000000000476 125.0000000000405 0
1028 270.0000000000476 130.0000000000411 0
1029 270.0000000000476 135.0000000000381 0
1030 270.0000000000476 140.0000000000352 0
1031 270.0000000000476 145.0000000000323 0
1032 270.0000000000476 150.0000000000294 0
1033 270.0000000000476 155.0000000000264 0
1034 270.0000000000476 160.0000000000235 0
1035 270.0000000000476 165.0000000000205 0
1036 270.0000000000476 170.0000000000176 0
1037 270.0000000000476 175.0000000000146 0
1038 270.0000000000476 180.0000000000117 0
1039 270.0000000000476 185.0000000000088 0
1040 270.0000000000476 190.0000000000059 0
1041 270.0000000000476 195.000000000003 0
1042 265.0000000000555 70.00000000000392 0
1043 265.0000000000555 75.00000000000786 0
1044 265.0000000000555 80.00000000001184 0
1045 265.0000000000555 85.00000000001577 0
1046 265.0000000000555 90.00000000001971 0
1047 265.0000000000555 95.00000000002363 0
1048 265.0000000000555 100.0000000000276 0
1049 265.0000000000555 105.0000000000316 0
1050 265.0000000000555 110.0000000000355 0
1051 265.0000000000555 115.0000000000394 0
1052 265.0000000000555 120.0000000000434 0
1053 265.0000000000555 125.0000000000473 0
1054 265.0000000000555 130.000000000048 0
1055 265.0000000000555 135.0000000000445 0
1056 265.0000000000555 140.0000000000411 0
1057 265.0000000000555 145.0000000000377 0
1058 265.0000000000555 150.0000000000343 0
1059 265.0000000000555 155.0000000000308 0
1060 265.0000000000555 160.0000000000273 0
1061 265.0000000000555 165.000000000024 0
1062 265.0000000000555 170.0000000000206 0
1063 265.0000000000555 175.0000000000171 0
1064 265.0000000000555 180.0000000000137 0
1065 265.0000000000555 185.0000000000103 0
1066 265.0000000000555 190.0000000000068 0
1067 265.0000000000555 195.0000000000034 0
1068 260.0000000000634 70.00000000000449 0
1069 260.0000000000634 75.000000000009 0
1070 260.0000000000634 80.00000000001352 0
1071 260.0000000000634 85.00000000001802 0
1072 260.0000000000634 90.00000000002252 0
1073 260.0000000000634 95.00000000002702 0
1074 260.0000000000634 100.0000000000315 0
1075 260.0000000000634 105.000000000036 0
1076 260.0000000000634 110.0000000000405 0
1077 260.0000000000634 115.0000000000451 0
1078 260.0000000000634 120.0000000000496 0
1079 260.0000000000634 125.0000000000541 0
1080 260.0000000000634 130.0000000000548 0
1081 260.0000000000634 135.0000000000509 0
1082 260.0000000000634 140.000000000047 0
1083 260.0000000000634 145.000000000043 0
1084 260.0000000000634 150.0000000000391 0
1085 260.0000000000634 155.0000000000352 0
1086 260.0000000000634 160.0000000000313 0
1087 260.0000000000634 165.0000000000274 0
1088 260.0000000000634 170.0000000000235 0
1089 260.0000000000634 175.0000000000196 0
1090 260.0000000000634 180.0000000000157 0
1091 260.0000000000634 185.0000000000118 0
1092 260.0000000000634 190.0000000000078 0
1093 260.0000000000634 195.0000000000039 0
1094 255.0000000000713 70.00000000000506 0
1095 255.0000000000713 75.00000000001013 0
1096 255.0000000000713 80.00000000001519 0
1097 255.0000000000713 85.00000000002029 0
1098 255.0000000000713 90.00000000002534 0
1099 255.0000000000713 95.0000000000304 0
1100 255.0000000000713 100.0000000000355 0
1101 255.0000000000713 105.0000000000405 0
1102 255.0000000000713 110.0000000000456 0
1103 255.0000000000713 115.0000000000507 0
1104 255.0000000000713 120.0000000000558 0
1105 255.0000000000713 125.0000000000608 0
1106 255.0000000000713 130.0000000000617 0
1107 255.0000000000713 135.0000000000572 0
1108 255.0000000000713 140.0000000000528 0
1109 255.0000000000713 145.0000000000484 0
1110 255.0000000000713 150.000000000044 0
1111 255.0000000000713 155.0000000000396 0
1112 255.0000000000713 160.0000000000352 0
1113 255.0000000000713 165.0000000000308 0
1114 255.0000000000713 170.0000000000264 0
1115 255.0000000000713 175.000000000022 0
1116 255.0000000000713 180.0000000000177 0
1117 255.0000000000713 185.0000000000132 0
1118 255.0000000000713 190.0000000000088 0
1119 255.0000000000713 195.0000000000044 0
1120 250.0000000000793 70.00000000000563 0
1121 250.0000000000793 75.00000000001124 0
1122 250.0000000000793 80.0000000000169 0
1123 250.0000000000793 85.00000000002251 0
1124 250.0000000000793 90.00000000002815 0
1125 250.0000000000793 95.00000000003378 0
1126 250.0000000000793 100.0000000000394 0
1127 250.0000000000793 105.0000000000451 0
1128 250.0000000000793 110.0000000000507 0
1129 250.0000000000793 115.0000000000563 0
1130 250.0000000000793 120.000000000062 0
1131 250.0000000000793 125.0000000000676 0
1132 250.0000000000793 130.0000000000685 0
1133 250.0000000000793 135.0000000000636 0
1134 250.0000000000793 140.0000000000587 0
1135 250.0000000000793 145.0000000000538 0
1136 250.0000000000793 150.0000000000489 0
1137 250.0000000000793 155.000000000044 0
1138 250.0000000000793 160.0000000000391 0
1139 250.0000000000793 165.0000000000342 0
1140 250.0000000000793 170.0000000000294 0
1141 250.0000000000793 175.0000000000245 0
1142 250.0000000000793 180.0000000000196 0
1143 250.0000000000793 185.0000000000147 0
1144 250.0000000000793 190.0000000000097 0
1145 250.0000000000793 195.000000000005 0
1146 245.0000000000872 70.0000000000062 0
1147 245.0000000000872 75.00000000001238 0
1148 245.0000000000872 80.00000000001857 0
1149 245.0000000000872 85.00000000002478 0
1150 245.0000000000872 90.00000000003097 0
1151 245.0000000000872 95.00000000003716 0
1152 245.0000000000872 100.0000000000433 0
1153 245.0000000000872 105.0000000000495 0
1154 245.0000000000872 110.0000000000558 0
1155 245.0000000000872 115.0000000000619 0
1156 245.0000000000872 120.0000000000681 0
1157 245.0000000000872 125.0000000000743 0
1158 245.0000000000872 130.0000000000754 0
1159 245.0000000000872 135.00000000007 0
1160 245.0000000000872 140.0000000000646 0
1161 245.0000000000872 145.0000000000592 0
1162 245.0000000000872 150.0000000000538 0
1163 245.0000000000872 155.0000000000484 0
1164 245.0000000000872 160.000000000043 0
1165 245.0000000000872 165.0000000000376 0
1166 245.0000000000872 170.0000000000323 0
1167 245.0000000000872 175.0000000000269 0
1168 245.0000000000872 180.0000000000215 0
1169 245.0000000000872 185.0000000000161 0
1170 245.0000000000872 190.0000000000107 0
1171 245.0000000000872 195.0000000000054 0
1172 240.0000000000951 70.00000000000674 0
1173 240.0000000000951 75.00000000001352 0
1174 240.0000000000951 80.00000000002025 0
1175 240.0000000000951 85.00000000002703 0
1176 240.0000000000951 90.00000000003378 0
1177 240.0000000000951 95.00000000004054 0
1178 240.0000000000951 100.0000000000473 0
1179 240.0000000000951 105.0000000000541 0
1180 240.0000000000951 110.0000000000608 0
1181 240.0000000000951 115.0000000000676 0
1182 240.0000000000951 120.0000000000743 0
1183 240.0000000000951 125.0000000000811 0
1184 240.0000000000951 130.0000000000822 0
1185 240.0000000000951 135.0000000000763 0
1186 240.0000000000951 140.0000000000705 0
1187 240.0000000000951 145.0000000000646 0
1188 240.0000000000951 150.0000000000587 0
1189 240.0000000000951 155.0000000000528 0
1190 240.0000000000951 160.000000000047 0
1191 240.0000000000951 165.0000000000411 0
1192 240.0000000000951 170.0000000000352 0
1193 240.0000000000951 175.0000000000293 0
1194 240.0000000000951 180.0000000000235 0
1195 240.0000000000951 185.0000000000176 0
1196 240.0000000000951 190.0000000000117 0
1197 240.0000000000951 195.0000000000059 0
1198 235.000000000103 70.0000000000073 0
1199 235.000000000103 75.00000000001462 0
1200 235.000000000103 80.00000000002196 0
1201 235.000000000103 85.00000000002927 0
1202 235.000000000103 90.00000000003659 0
1203 235.000000000103 95.0000000000439 0
1204 235.000000000103 100.0000000000512 0
1205 235.000000000103 105.0000000000586 0
1206 235.000000000103 110.0000000000659 0
1207 235.000000000103 115.0000000000732 0
1208 235.000000000103 120.0000000000805 0
1209 235.000000000103 125.0000000000878 0
1210 235.000000000103 130.0000000000891 0
1211 235.000000000103 135.0000000000827 0
1212 235.000000000103 140.0000000000763 0
1213 235.000000000103 145.00000000007 0
1214 235.000000000103 150.0000000000636 0
1215 235.000000000103 155.0000000000572 0
1216 235.000000000103 160.0000000000509 0
1217 235.000000000103 165.0000000000445 0
1218 235.000000000103 170.0000000000382 0
1219 235.000000000103 175.0000000000318 0
1220 235.000000000103 180.0000000000254 0
1221 235.000000000103 185.0000000000191 0
1222 235.000000000103 190.0000000000127 0
1223 235.000000000103 195.0000000000064 0
1224 230.000000000111 70.00000000000787 0
1225 230.000000000111 75.00000000001576 0
1226 230.000000000111 80.00000000002366 0
1227 230.000000000111 85.00000000003152 0
1228 230.000000000111 90.00000000003944 0
1229 230.000000000111 95.00000000004728 0
1230 230.000000000111 100.0000000000552 0
1231 230.000000000111 105.0000000000631 0
1232 230.000000000111 110.0000000000709 0
1233 230.000000000111 115.0000000000788 0
1234 230.000000000111 120.0000000000867 0
1235 230.000000000111 125.0000000000946 0
1236 230.000000000111 130.0000000000959 0
1237 230.000000000111 135.000000000089 0
1238 230.000000000111 140.0000000000822 0
1239 230.000000000111 145.0000000000753 0
1240 230.000000000111 150.0000000000685 0
1241 230.000000000111 155.0000000000616 0
1242 230.000000000111 160.0000000000547 0
1243 230.000000000111 165.0000000000479 0
1244 230.000000000111 170.0000000000411 0
1245 230.000000000111 175.0000000000342 0
1246 230.000000000111 180.0000000000274 0
1247 230.000000000111 185.0000000000205 0
1248 230.000000000111 190.0000000000136 0
1249 230.000000000111 195.0000000000069 0
1250 225.0000000001189 70.00000000000844 0
1251 225.0000000001189 75.00000000001687 0
1252 225.0000000001189 80.00000000002534 0
1253 225.0000000001189 85.00000000003377 0
1254 225.0000000001189 90.00000000004222 0
1255 225.0000000001189 95.00000000005066 0
1256 225.0000000001189 100.0000000000591 0
1257 225.0000000001189 105.0000000000676 0
1258 225.0000000001189 110.000000000076 0
1259 225.0000000001189 115.0000000000844 0
1260 225.0000000001189 120.0000000000929 0
1261 225.0000000001189 125.0000000001014 0
1262 225.0000000001189 130.0000000001027 0
1263 225.0000000001189 135.0000000000954 0
1264 225.0000000001189 140.000000000088 0
1265 225.0000000001189 145.0000000000807 0
1266 225.0000000001189 150.0000000000734 0
1267 225.0000000001189 155.000000000066 0
1268 225.0000000001189 160.0000000000587 0
1269 225.0000000001189 165.0000000000513 0
1270 225.0000000001189 170.000000000044 0
1271 225.0000000001189 175.0000000000366 0
1272 225.0000000001189 180.0000000000294 0
1273 225.0000000001189 185.000000000022 0
1274 225.0000000001189 190.0000000000146 0
1275 225.0000000001189 195.0000000000073 0
1276 220.0000000001269 70.00000000000901 0
1277 220.0000000001269 75.00000000001801 0
1278 220.0000000001269 80.00000000002702 0
1279 220.0000000001269 85.00000000003604 0
1280 220.0000000001269 90.00000000004506 0
1281 220.0000000001269 95.00000000005404 0
1282 220.0000000001269 100.000000000063 0
1283 220.0000000001269 105.0000000000721 0
1284 220.0000000001269 110.0000000000811 0
1285 220.0000000001269 115.0000000000901 0
1286 220.0000000001269 120.0000000000991 0
1287 220.0000000001269 125.0000000001081 0
1288 220.0000000001269 130.0000000001096 0
1289 220.0000000001269 135.0000000001018 0
1290 220.0000000001269 140.0000000000939 0
1291 220.0000000001269 145.0000000000861 0
1292 220.0000000001269 150.0000000000782 0
1293 220.0000000001269 155.0000000000704 0
1294 220.0000000001269 160.0000000000626 0
1295 220.0000000001269 165.0000000000548 0
1296 220.0000000001269 170.000000000047 0
1297 220.0000000001269 175.0000000000391 0
1298 220.0000000001269 180.0000000000313 0
1299 220.0000000001269 185.0000000000235 0
1300 220.0000000001269 190.0000000000156 0
1301 220.0000000001269 195.0000000000078 0
1302 215.0000000001348 70.00000000000955 0
1303 215.0000000001348 75.00000000001914 0
1304 215.0000000001348 80.00000000002872 0
1305 215.0000000001348 85.00000000003831 0
1306 215.0000000001348 90.00000000004785 0
1307 215.0000000001348 95.00000000005743 0
1308 215.0000000001348 100.000000000067 0
1309 215.0000000001348 105.0000000000766 0
1310 215.0000000001348 110.0000000000862 0
1311 215.0000000001348 115.0000000000957 0
1312 215.0000000001348 120.0000000001053 0
1313 215.0000000001348 125.0000000001149 0
1314 215.0000000001348 130.0000000001164 0
1315 215.0000000001348 135.0000000001081 0
1316 215.0000000001348 140.0000000000998 0
1317 215.0000000001348 145.0000000000915 0
1318 215.0000000001348 150.0000000000831 0
1319 215.0000000001348 155.0000000000748 0
1320 215.0000000001348 160.0000000000665 0
1321 215.0000000001348 165.0000000000582 0
1322 215.0000000001348 170.0000000000499 0
1323 215.0000000001348 175.0000000000416 0
1324 215.0000000001348 180.0000000000333 0
1325 215.0000000001348 185.000000000025 0
1326 215.0000000001348 190.0000000000166 0
1327 215.0000000001348 195.0000000000083 0
1328 210.0000000001428 70.00000000001012 0
1329 210.0000000001428 75.00000000002025 0
1330 210.0000000001428 80.0000000000304 0
1331 210.0000000001428 85.00000000004053 0
1332 210.0000000001428 90.00000000005066 0
1333 210.0000000001428 95.00000000006078 0
1334 210.0000000001428 100.0000000000709 0
1335 210.0000000001428 105.0000000000811 0
1336 210.0000000001428 110.0000000000912 0
1337 210.0000000001428 115.0000000001013 0
1338 210.0000000001428 120.0000000001115 0
1339 210.0000000001428 125.0000000001216 0
1340 210.0000000001428 130.0000000001233 0
1341 210.0000000001428 135.0000000001145 0
1342 210.0000000001428 140.0000000001056 0
1343 210.0000000001428 145.0000000000969 0
1344 210.0000000001428 150.000000000088 0
1345 210.0000000001428 155.0000000000792 0
1346 210.0000000001428 160.0000000000704 0
1347 210.0000000001428 165.0000000000616 0
1348 210.0000000001428 170.0000000000528 0
1349 210.0000000001428 175.000000000044 0
1350 210.0000000001428 180.0000000000352 0
1351 210.0000000001428 185.0000000000264 0
1352 210.0000000001428 190.0000000000176 0
1353 210.0000000001428 195.0000000000088 0
1354 205.0000000001507 70.00000000001069 0
1355 205.0000000001507 75.00000000002139 0
1356 205.0000000001507 80.00000000003207 0
1357 205.0000000001507 85.0000000000428 0
1358 205.0000000001507 90.00000000005348 0
1359 205.0000000001507 95.00000000006416 0
1360 205.0000000001507 100.0000000000749 0
1361 205.0000000001507 105.0000000000856 0
1362 205.0000000001507 110.0000000000963 0
1363 205.0000000001507 115.000000000107 0
1364 205.0000000001507 120.0000000001177 0
1365 205.0000000001507 125.0000000001284 0
1366 205.0000000001507 130.0000000001301 0
1367 205.0000000001507 135.0000000001209 0
1368 205.0000000001507 140.0000000001115 0
1369 205.0000000001507 145.0000000001022 0
1370 205.0000000001507 150.0000000000929 0
1371 205.0000000001507 155.0000000000836 0
1372 205.0000000001507 160.0000000000743 0
1373 205.0000000001507 165.000000000065 0
1374 205.0000000001507 170.0000000000557 0
1375 205.0000000001507 175.0000000000464 0
1376 205.0000000001507 180.0000000000372 0
1377 205.0000000001507 185.0000000000279 0
1378 205.0000000001507 190.0000000000185 0
1379 205.0000000001507 195.0000000000093 0
1380 200.0000000001587 70.00000000001126 0
1381 200.0000000001587 75.0000000000225 0
1382 200.0000000001587 80.00000000003378 0
1383 200.0000000001587 85.00000000004502 0
1384 200.0000000001587 90.00000000005632 0
1385 200.0000000001587 95.00000000006754 0
1386 200.0000000001587 100.0000000000788 0
1387 200.0000000001587 105.0000000000901 0
1388 200.0000000001587 110.0000000001013 0
1389 200.0000000001587 115.0000000001126 0
1390 200.0000000001587 120.0000000001239 0
1391 200.0000000001587 125.0000000001351 0
1392 200.0000000001587 130.000000000137 0
1393 200.0000000001587 135.0000000001272 0
1394 200.0000000001587 140.0000000001174 0
1395 200.0000000001587 145.0000000001076 0
1396 200.0000000001587 150.0000000000978 0
1397 200.0000000001587 155.000000000088 0
1398 200.0000000001587 160.0000000000782 0
1399 200.0000000001587 165.0000000000684 0
1400 200.0000000001587 170.0000000000587 0
1401 200.0000000001587 175.0000000000489 0
1402 200.0000000001587 180.0000000000391 0
1403 200.0000000001587 185.0000000000293 0
1404 200.0000000001587 190.0000000000195 0
1405 200.0000000001587 195.0000000000098 0
1406 195.0000000001666 70.00000000001182 0
1407 195.0000000001666 75.00000000002363 0
1408 195.0000000001666 80.00000000003549 0
1409 195.0000000001666 85.00000000004729 0
1410 195.0000000001666 90.0000000000591 0
1411 195.0000000001666 95.00000000007093 0
1412 195.0000000001666 100.0000000000828 0
1413 195.0000000001666 105.0000000000946 0
1414 195.0000000001666 110.0000000001064 0
1415 195.0000000001666 115.0000000001182 0
1416 195.0000000001666 120.0000000001301 0
1417 195.0000000001666 125.0000000001419 0
1418 195.0000000001666 130.0000000001438 0
1419 195.0000000001666 135.0000000001335 0
1420 195.0000000001666 140.0000000001233 0
1421 195.0000000001666 145.000000000113 0
1422 195.0000000001666 150.0000000001027 0
1423 195.0000000001666 155.0000000000924 0
1424 195.0000000001666 160.0000000000821 0
1425 195.0000000001666 165.0000000000719 0
1426 195.0000000001666 170.0000000000616 0
1427 195.0000000001666 175.0000000000513 0
1428 195.0000000001666 180.0000000000411 0
1429 195.0000000001666 185.0000000000308 0
1430 195.0000000001666 190.0000000000205 0
1431 195.0000000001666 195.0000000000103 0
1432 190.0000000001745 70.00000000001236 0
1433 190.0000000001745 75.00000000002477 0
1434 190.0000000001745 80.00000000003716 0
1435 190.0000000001745 85.00000000004957 0
1436 190.0000000001745 90.00000000006195 0
1437 190.0000000001745 95.00000000007431 0
1438 190.0000000001745 100.0000000000867 0
1439 190.0000000001745 105.0000000000991 0
1440 190.0000000001745 110.0000000001115 0
1441 190.0000000001745 115.0000000001239 0
1442 190.0000000001745 120.0000000001363 0
1443 190.0000000001745 125.0000000001487 0
1444 190.0000000001745 130.0000000001507 0
1445 190.0000000001745 135.0000000001399 0
1446 190.0000000001745 140.0000000001291 0
1447 190.0000000001745 145.0000000001184 0
1448 190.0000000001745 150.0000000001076 0
1449 190.0000000001745 155.0000000000968 0
1450 190.0000000001745 160.0000000000861 0
1451 190.0000000001745 165.0000000000753 0
1452 190.0000000001745 170.0000000000646 0
1453 190.0000000001745 175.0000000000538 0
1454 190.0000000001745 180.0000000000431 0
1455 190.0000000001745 185.0000000000323 0
1456 190.0000000001745 190.0000000000215 0
1457 190.0000000001745 195.0000000000107 0
1458 185.0000000001825 70.00000000001293 0
1459 185.0000000001825 75.00000000002588 0
1460 185.0000000001825 80.00000000003884 0
1461 185.0000000001825 85.00000000005178 0
1462 185.0000000001825 90.00000000006473 0
1463 185.0000000001825 95.00000000007769 0
1464 185.0000000001825 100.0000000000906 0
1465 185.0000000001825 105.0000000001036 0
1466 185.0000000001825 110.0000000001165 0
1467 185.0000000001825 115.0000000001295 0
1468 185.0000000001825 120.0000000001425 0
1469 185.0000000001825 125.0000000001554 0
1470 185.0000000001825 130.0000000001575 0
1471 185.0000000001825 135.0000000001463 0
1472 185.0000000001825 140.000000000135 0
1473 185.0000000001825 145.0000000001238 0
1474 185.0000000001825 150.0000000001125 0
1475 185.0000000001825 155.0000000001012 0
1476 185.0000000001825 160.00000000009 0
1477 185.0000000001825 165.0000000000787 0
1478 185.0000000001825 170.0000000000675 0
1479 185.0000000001825 175.0000000000562 0
1480 185.0000000001825 180.000000000045 0
1481 185.0000000001825 185.0000000000338 0
1482 185.0000000001825 190.0000000000225 0
1483 185.0000000001825 195.0000000000113 0
1484 180.0000000001904 70.0000000000135 0
1485 180.0000000001904 75.00000000002702 0
1486 180.0000000001904 80.00000000004054 0
1487 180.0000000001904 85.00000000005406 0
1488 180.0000000001904 90.00000000006757 0
1489 180.0000000001904 95.00000000008107 0
1490 180.0000000001904 100.0000000000946 0
1491 180.0000000001904 105.0000000001081 0
1492 180.0000000001904 110.0000000001216 0
1493 180.0000000001904 115.0000000001352 0
1494 180.0000000001904 120.0000000001487 0
1495 180.0000000001904 125.0000000001622 0
1496 180.0000000001904 130.0000000001644 0
1497 180.0000000001904 135.0000000001526 0
1498 180.0000000001904 140.0000000001409 0
1499 180.0000000001904 145.0000000001292 0
1500 180.0000000001904 150.0000000001174 0
1501 180.0000000001904 155.0000000001056 0
1502 180.0000000001904 160.0000000000939 0
1503 180.0000000001904 165.0000000000821 0
1504 180.0000000001904 170.0000000000705 0
1505 180.0000000001904 175.0000000000587 0
1506 180.0000000001904 180.000000000047 0
1507 180.0000000001904 185.0000000000352 0
1508 180.0000000001904 190.0000000000234 0
1509 180.0000000001904 195.0000000000118 0
1510 175.0000000001984 70.00000000001407 0
1511 175.0000000001984 75.00000000002812 0
1512 175.0000000001984 80.00000000004222 0
1513 175.0000000001984 85.0000000000563 0
1514 175.0000000001984 90.00000000007036 0
1515 175.0000000001984 95.00000000008443 0
1516 175.0000000001984 100.0000000000985 0
1517 175.0000000001984 105.0000000001126 0
1518 175.0000000001984 110.0000000001267 0
1519 175.0000000001984 115.0000000001407 0
1520 175.0000000001984 120.0000000001548 0
1521 175.0000000001984 125.0000000001689 0
1522 175.0000000001984 130.0000000001712 0
1523 175.0000000001984 135.000000000159 0
1524 175.0000000001984 140.0000000001467 0
1525 175.0000000001984 145.0000000001345 0
1526 175.0000000001984 150.0000000001222 0
1527 175.0000000001984 155.00000000011 0
1528 175.0000000001984 160.0000000000978 0
1529 175.0000000001984 165.0000000000855 0
1530 175.0000000001984 170.0000000000734 0
1531 175.0000000001984 175.0000000000611 0
1532 175.0000000001984 180.0000000000489 0
1533 175.0000000001984 185.0000000000367 0
1534 175.0000000001984 190.0000000000244 0
1535 175.0000000001984 195.0000000000122 0
1536 170.0000000002063 70.00000000001464 0
1537 170.0000000002063 75.00000000002926 0
1538 170.0000000002063 80.00000000004393 0
1539 170.0000000002063 85.00000000005855 0
1540 170.0000000002063 90.0000000000732 0
1541 170.0000000002063 95.00000000008781 0
1542 170.0000000002063 100.0000000001025 0
1543 170.0000000002063 105.0000000001171 0
1544 170.0000000002063 110.0000000001318 0
1545 170.0000000002063 115.0000000001464 0
1546 170.0000000002063 120.0000000001611 0
1547 170.0000000002063 125.0000000001757 0
1548 170.0000000002063 130.0000000001781 0
1549 170.0000000002063 135.0000000001654 0
1550 170.0000000002063 140.0000000001526 0
1551 170.0000000002063 145.0000000001399 0
1552 170.0000000002063 150.0000000001272 0
1553 170.0000000002063 155.0000000001145 0
1554 170.0000000002063 160.0000000001017 0
1555 170.0000000002063 165.000000000089 0
1556 170.0000000002063 170.0000000000763 0
1557 170.0000000002063 175.0000000000636 0
1558 170.0000000002063 180.0000000000509 0
1559 170.0000000002063 185.0000000000381 0
1560 170.0000000002063 190.0000000000254 0
1561 170.0000000002063 195.0000000000127 0
1562 165.0000000002142 70.00000000001518 0
1563 165.0000000002142 75.0000000000304 0
1564 165.0000000002142 80.0000000000456 0
1565 165.0000000002142 85.00000000006082 0
1566 165.0000000002142 90.00000000007601 0
1567 165.0000000002142 95.00000000009119 0
1568 165.0000000002142 100.0000000001064 0
1569 165.0000000002142 105.0000000001216 0
1570 165.0000000002142 110.0000000001368 0
1571 165.0000000002142 115.000000000152 0
1572 165.0000000002142 120.0000000001672 0
1573 165.0000000002142 125.0000000001824 0
1574 165.0000000002142 130.0000000001849 0
1575 165.0000000002142 135.0000000001717 0
1576 165.0000000002142 140.0000000001585 0
1577 165.0000000002142 145.0000000001452 0
1578 165.0000000002142 150.0000000001321 0
1579 165.0000000002142 155.0000000001188 0
1580 165.0000000002142 160.0000000001056 0
1581 165.0000000002142 165.0000000000924 0
1582 165.0000000002142 170.0000000000792 0
1583 165.0000000002142 175.000000000066 0
1584 165.0000000002142 180.0000000000528 0
1585 165.0000000002142 185.0000000000396 0
1586 165.0000000002142 190.0000000000264 0
1587 165.0000000002142 195.0000000000132 0
1588 160.0000000002222 70.00000000001575 0
1589 160.0000000002222 75.00000000003151 0
1590 160.0000000002222 80.00000000004731 0
1591 160.0000000002222 85.00000000006304 0
1592 160.0000000002222 90.00000000007883 0
1593 160.0000000002222 95.00000000009457 0
1594 160.0000000002222 100.0000000001103 0
1595 160.0000000002222 105.0000000001261 0
1596 160.0000000002222 110.0000000001419 0
1597 160.0000000002222 115.0000000001577 0
1598 160.0000000002222 120.0000000001734 0
1599 160.0000000002222 125.0000000001892 0
1600 160.0000000002222 130.0000000001917 0
1601 160.0000000002222 135.000000000178 0
1602 160.0000000002222 140.0000000001644 0
1603 160.0000000002222 145.0000000001506 0
1604 160.0000000002222 150.000000000137 0
1605 160.0000000002222 155.0000000001232 0
1606 160.0000000002222 160.0000000001095 0
1607 160.0000000002222 165.0000000000958 0
1608 160.0000000002222 170.0000000000822 0
1609 160.0000000002222 175.0000000000685 0
1610 160.0000000002222 180.0000000000548 0
1611 160.0000000002222 185.0000000000411 0
1612 160.0000000002222 190.0000000000273 0
1613 160.0000000002222 195.0000000000137 0
1614 155.0000000002301 70.00000000001631 0
1615 155.0000000002301 75.00000000003264 0
1616 155.0000000002301 80.00000000004899 0
1617 155.0000000002301 85.00000000006531 0
1618 155.0000000002301 90.00000000008164 0
1619 155.0000000002301 95.00000000009796 0
1620 155.0000000002301 100.0000000001143 0
1621 155.0000000002301 105.0000000001306 0
1622 155.0000000002301 110.000000000147 0
1623 155.0000000002301 115.0000000001633 0
1624 155.0000000002301 120.0000000001796 0
1625 155.0000000002301 125.0000000001959 0
1626 155.0000000002301 130.0000000001986 0
1627 155.0000000002301 135.0000000001844 0
1628 155.0000000002301 140.0000000001702 0
1629 155.0000000002301 145.000000000156 0
1630 155.0000000002301 150.0000000001419 0
1631 155.0000000002301 155.0000000001276 0
1632 155.0000000002301 160.0000000001135 0
1633 155.0000000002301 165.0000000000992 0
1634 155.0000000002301 170.0000000000851 0
1635 155.0000000002301 175.0000000000709 0
1636 155.0000000002301 180.0000000000568 0
1637 155.0000000002301 185.0000000000425 0
1638 155.0000000002301 190.0000000000283 0
1639 155.0000000002301 195.0000000000142 0
1640 150.000000000238 70.00000000001688 0
1641 150.000000000238 75.00000000003375 0
1642 150.000000000238 80.00000000005066 0
1643 150.000000000238 85.00000000006756 0
1644 150.000000000238 90.00000000008446 0
1645 150.000000000238 95.00000000010134 0
1646 150.000000000238 100.0000000001182 0
1647 150.000000000238 105.0000000001351 0
1648 150.000000000238 110.000000000152 0
1649 150.000000000238 115.0000000001689 0
1650 150.000000000238 120.0000000001858 0
1651 150.000000000238 125.0000000002027 0
1652 150.000000000238 130.0000000002054 0
1653 150.000000000238 135.0000000001908 0
1654 150.000000000238 140.0000000001761 0
1655 150.000000000238 145.0000000001614 0
1656 150.000000000238 150.0000000001467 0
1657 150.000000000238 155.000000000132 0
1658 150.000000000238 160.0000000001173 0
1659 150.000000000238 165.0000000001026 0
1660 150.000000000238 170.000000000088 0
1661 150.000000000238 175.0000000000733 0
1662 150.000000000238 180.0000000000587 0
1663 150.000000000238 185.000000000044 0
1664 150.000000000238 190.0000000000293 0
1665 150.000000000238 195.0000000000147 0
1666 145.000000000246 70.00000000001742 0
1667 145.000000000246 75.00000000003489 0
1668 145.000000000246 80.00000000005237 0
1669 145.000000000246 85.0000000000698 0
1670 145.000000000246 90.00000000008727 0
1671 145.000000000246 95.00000000010469 0
1672 145.000000000246 100.0000000001222 0
1673 145.000000000246 105.0000000001396 0
1674 145.000000000246 110.0000000001571 0
1675 145.000000000246 115.0000000001745 0
1676 145.000000000246 120.000000000192 0
1677 145.000000000246 125.0000000002094 0
1678 145.000000000246 130.0000000002123 0
1679 145.000000000246 135.0000000001971 0
1680 145.000000000246 140.0000000001819 0
1681 145.000000000246 145.0000000001668 0
1682 145.000000000246 150.0000000001516 0
1683 145.000000000246 155.0000000001364 0
1684 145.000000000246 160.0000000001213 0
1685 145.000000000246 165.0000000001061 0
1686 145.000000000246 170.000000000091 0
1687 145.000000000246 175.0000000000757 0
1688 145.000000000246 180.0000000000606 0
1689 145.000000000246 185.0000000000455 0
1690 145.000000000246 190.0000000000302 0
1691 145.000000000246 195.0000000000152 0
1692 140.0000000002539 70.00000000001799 0
1693 140.0000000002539 75.00000000003603 0
1694 140.0000000002539 80.00000000005404 0
1695 140.0000000002539 85.00000000007208 0
1696 140.0000000002539 90.00000000009008 0
1697 140.0000000002539 95.00000000010807 0
1698 140.0000000002539 100.0000000001261 0
1699 140.0000000002539 105.0000000001441 0
1700 140.0000000002539 110.0000000001622 0
1701 140.0000000002539 115.0000000001802 0
1702 140.0000000002539 120.0000000001982 0
1703 140.0000000002539 125.0000000002162 0
1704 140.0000000002539 130.0000000002191 0
1705 140.0000000002539 135.0000000002035 0
1706 140.0000000002539 140.0000000001878 0
1707 140.0000000002539 145.0000000001722 0
1708 140.0000000002539 150.0000000001565 0
1709 140.0000000002539 155.0000000001408 0
1710 140.0000000002539 160.0000000001252 0
1711 140.0000000002539 165.0000000001095 0
1712 140.0000000002539 170.0000000000939 0
1713 140.0000000002539 175.0000000000782 0
1714 140.0000000002539 180.0000000000626 0
1715 140.0000000002539 185.000000000047 0
1716 140.0000000002539 190.0000000000313 0
1717 140.0000000002539 195.0000000000156 0
1718 135.0000000002619 70.00000000001856 0
1719 135.0000000002619 75.00000000003716 0
1720 135.0000000002619 80.00000000005575 0
1721 135.0000000002619 85.00000000007432 0
1722 135.0000000002619 90.00000000009293 0
1723 135.0000000002619 95.00000000011148 0
1724 135.0000000002619 100.0000000001301 0
1725 135.0000000002619 105.0000000001487 0
1726 135.0000000002619 110.0000000001672 0
1727 135.0000000002619 115.0000000001858 0
1728 135.0000000002619 120.0000000002044 0
1729 135.0000000002619 125.000000000223 0
1730 135.0000000002619 130.000000000226 0
1731 135.0000000002619 135.0000000002099 0
1732 135.0000000002619 140.0000000001937 0
1733 135.0000000002619 145.0000000001776 0
1734 135.0000000002619 150.0000000001614 0
1735 135.0000000002619 155.0000000001453 0
1736 135.0000000002619 160.0000000001291 0
1737 135.0000000002619 165.0000000001129 0
1738 135.0000000002619 170.0000000000968 0
1739 135.0000000002619 175.0000000000807 0
1740 135.0000000002619 180.0000000000646 0
1741 135.0000000002619 185.0000000000484 0
1742 135.0000000002619 190.0000000000322 0
1743 135.0000000002619 195.0000000000161 0
1744 130.0000000002698 70.00000000001913 0
1745 130.0000000002698 75.00000000003827 0
1746 130.0000000002698 80.00000000005743 0
1747 130.0000000002698 85.00000000007657 0
1748 130.0000000002698 90.00000000009571 0
1749 130.0000000002698 95.00000000011484 0
1750 130.0000000002698 100.000000000134 0
1751 130.0000000002698 105.0000000001531 0
1752 130.0000000002698 110.0000000001723 0
1753 130.0000000002698 115.0000000001914 0
1754 130.0000000002698 120.0000000002106 0
1755 130.0000000002698 125.0000000002297 0
1756 130.0000000002698 130.0000000002328 0
1757 130.0000000002698 135.0000000002162 0
1758 130.0000000002698 140.0000000001996 0
1759 130.0000000002698 145.0000000001829 0
1760 130.0000000002698 150.0000000001663 0
1761 130.0000000002698 155.0000000001496 0
1762 130.0000000002698 160.000000000133 0
1763 130.0000000002698 165.0000000001164 0
1764 130.0000000002698 170.0000000000998 0
1765 130.0000000002698 175.0000000000831 0
1766 130.0000000002698 180.0000000000665 0
1767 130.0000000002698 185.0000000000499 0
1768 130.0000000002698 190.0000000000333 0
1769 130.0000000002698 195.0000000000167 0
1770 125.0000000002655 70.0000000000197 0
1771 125.0000000002655 75.00000000003941 0
1772 125.0000000002655 80.00000000005913 0
1773 125.0000000002655 85.00000000007884 0
1774 125.0000000002655 90.00000000009852 0
1775 125.0000000002655 95.00000000011822 0
1776 125.0000000002655 100.0000000001379 0
1777 125.0000000002655 105.0000000001577 0
1778 125.0000000002655 110.0000000001773 0
1779 125.0000000002655 115.0000000001971 0
1780 125.0000000002655 120.0000000002168 0
1781 125.0000000002655 125.0000000002365 0
1782 125.0000000002655 130.0000000002397 0
1783 125.0000000002655 135.0000000002225 0
1784 125.0000000002655 140.0000000002055 0
1785 125.0000000002655 145.0000000001883 0
1786 125.0000000002655 150.0000000001712 0
1787 125.0000000002655 155.000000000154 0
1788 125.0000000002655 160.0000000001369 0
1789 125.0000000002655 165.0000000001198 0
1790 125.0000000002655 170.0000000001027 0
1791 125.0000000002655 175.0000000000856 0
1792 125.0000000002655 180.0000000000685 0
1793 125.0000000002655 185.0000000000513 0
1794 125.0000000002655 190.0000000000342 0
1795 125.0000000002655 195.0000000000171 0
1796 120.0000000002451 70.00000000002024 0
1797 120.0000000002451 75.00000000004052 0
1798 120.0000000002451 80.00000000006081 0
1799 120.0000000002451 85.00000000008106 0
1800 120.0000000002451 90.00000000010134 0
1801 120.0000000002451 95.0000000001216 0
1802 120.0000000002451 100.0000000001419 0
1803 120.0000000002451 105.0000000001622 0
1804 120.0000000002451 110.0000000001824 0
1805 120.0000000002451 115.0000000002027 0
1806 120.0000000002451 120.000000000223 0
1807 120.0000000002451 125.0000000002432 0
1808 120.0000000002451 130.0000000002465 0
1809 120.0000000002451 135.0000000002289 0
1810 120.0000000002451 140.0000000002113 0
1811 120.0000000002451 145.0000000001937 0
1812 120.0000000002451 150.0000000001761 0
1813 120.0000000002451 155.0000000001585 0
1814 120.0000000002451 160.0000000001408 0
1815 120.0000000002451 165.0000000001232 0
1816 120.0000000002451 170.0000000001056 0
1817 120.0000000002451 175.000000000088 0
1818 120.0000000002451 180.0000000000704 0
1819 120.0000000002451 185.0000000000528 0
1820 120.0000000002451 190.0000000000352 0
1821 120.0000000002451 195.0000000000176 0
1822 115.0000000002246 70.00000000002081 0
1823 115.0000000002246 75.00000000004165 0
1824 115.0000000002246 80.00000000006249 0
1825 115.0000000002246 85.00000000008333 0
1826 115.0000000002246 90.00000000010415 0
1827 115.0000000002246 95.00000000012498 0
1828 115.0000000002246 100.0000000001458 0
1829 115.0000000002246 105.0000000001667 0
1830 115.0000000002246 110.0000000001875 0
1831 115.0000000002246 115.0000000002083 0
1832 115.0000000002246 120.0000000002292 0
1833 115.0000000002246 125.00000000025 0
1834 115.0000000002246 130.0000000002533 0
1835 115.0000000002246 135.0000000002353 0
1836 115.0000000002246 140.0000000002172 0
1837 115.0000000002246 145.0000000001991 0
1838 115.0000000002246 150.000000000181 0
1839 115.0000000002246 155.0000000001628 0
1840 115.0000000002246 160.0000000001447 0
1841 115.0000000002246 165.0000000001266 0
1842 115.0000000002246 170.0000000001085 0
1843 115.0000000002246 175.0000000000904 0
1844 115.0000000002246 180.0000000000724 0
1845 115.0000000002246 185.0000000000543 0
1846 115.0000000002246 190.0000000000362 0
1847 115.0000000002246 195.0000000000181 0
1848 110.0000000002041 70.00000000002137 0
1849 110.0000000002041 75.00000000004279 0
1850 110.0000000002041 80.00000000006419 0
1851 110.0000000002041 85.00000000008561 0
1852 110.0000000002041 90.00000000010697 0
1853 110.0000000002041 95.00000000012837 0
1854 110.0000000002041 100.0000000001498 0
1855 110.0000000002041 105.0000000001712 0
1856 110.0000000002041 110.0000000001926 0
1857 110.0000000002041 115.000000000214 0
1858 110.0000000002041 120.0000000002354 0
1859 110.0000000002041 125.0000000002568 0
1860 110.0000000002041 130.0000000002602 0
1861 110.0000000002041 135.0000000002416 0
1862 110.0000000002041 140.000000000223 0
1863 110.0000000002041 145.0000000002045 0
1864 110.0000000002041 150.0000000001859 0
1865 110.0000000002041 155.0000000001673 0
1866 110.0000000002041 160.0000000001487 0
1867 110.0000000002041 165.00000000013 0
1868 110.0000000002041 170.0000000001115 0
1869 110.0000000002041 175.0000000000929 0
1870 110.0000000002041 180.0000000000743 0
1871 110.0000000002041 185.0000000000558 0
1872 110.0000000002041 190.0000000000371 0
1873 110.0000000002041 195.0000000000186 0
1874 105.0000000001836 70.00000000002194 0
1875 105.0000000001836 75.0000000000439 0
1876 105.0000000001836 80.0000000000659 0
1877 105.0000000001836 85.00000000008782 0
1878 105.0000000001836 90.00000000010981 0
1879 105.0000000001836 95.00000000013175 0
1880 105.0000000001836 100.0000000001537 0
1881 105.0000000001836 105.0000000001757 0
1882 105.0000000001836 110.0000000001976 0
1883 105.0000000001836 115.0000000002196 0
1884 105.0000000001836 120.0000000002415 0
1885 105.0000000001836 125.0000000002635 0
1886 105.0000000001836 130.000000000267 0
1887 105.0000000001836 135.000000000248 0
1888 105.0000000001836 140.0000000002289 0
1889 105.0000000001836 145.0000000002098 0
1890 105.0000000001836 150.0000000001907 0
1891 105.0000000001836 155.0000000001716 0
1892 105.0000000001836 160.0000000001526 0
1893 105.0000000001836 165.0000000001335 0
1894 105.0000000001836 170.0000000001145 0
1895 105.0000000001836 175.0000000000954 0
1896 105.0000000001836 180.0000000000763 0
1897 105.0000000001836 185.0000000000572 0
1898 105.0000000001836 190.0000000000381 0
1899 105.0000000001836 195.0000000000191 0
1900 100.0000000001632 70.00000000002251 0
1901 100.0000000001632 75.00000000004503 0
1902 100.0000000001632 80.00000000006757 0
1903 100.0000000001632 85.0000000000901 0
1904 100.0000000001632 90.00000000011259 0
1905 100.0000000001632 95.0000000001351 0
1906 100.0000000001632 100.0000000001576 0
1907 100.0000000001632 105.0000000001802 0
1908 100.0000000001632 110.0000000002027 0
1909 100.0000000001632 115.0000000002252 0
1910 100.0000000001632 120.0000000002477 0
1911 100.0000000001632 125.0000000002703 0
1912 100.0000000001632 130.0000000002739 0
1913 100.0000000001632 135.0000000002544 0
1914 100.0000000001632 140.0000000002348 0
1915 100.0000000001632 145.0000000002152 0
1916 100.0000000001632 150.0000000001956 0
1917 100.0000000001632 155.0000000001761 0
1918 100.0000000001632 160.0000000001565 0
1919 100.0000000001632 165.0000000001369 0
1920 100.0000000001632 170.0000000001174 0
1921 100.0000000001632 175.0000000000978 0
1922 100.0000000001632 180.0000000000782 0
1923 100.0000000001632 185.0000000000587 0
1924 100.0000000001632 190.0000000000391 0
1925 100.0000000001632 195.0000000000196 0
1926 95.00000000014268 70.00000000002308 0
1927 95.00000000014268 75.00000000004614 0
1928 95.00000000014268 80.00000000006925 0
1929 95.00000000014268 85.00000000009234 0
1930 95.00000000014268 90.00000000011544 0
1931 95.00000000014268 95.00000000013849 0
1932 95.00000000014268 100.0000000001616 0
1933 95.00000000014268 105.0000000001847 0
1934 95.00000000014268 110.0000000002078 0
1935 95.00000000014268 115.0000000002308 0
1936 95.00000000014268 120.0000000002539 0
1937 95.00000000014268 125.000000000277 0
1938 95.00000000014268 130.0000000002807 0
1939 95.00000000014268 135.0000000002607 0
1940 95.00000000014268 140.0000000002407 0
1941 95.00000000014268 145.0000000002206 0
1942 95.00000000014268 150.0000000002005 0
1943 95.00000000014268 155.0000000001805 0
1944 95.00000000014268 160.0000000001604 0
1945 95.00000000014268 165.0000000001403 0
1946 95.00000000014268 170.0000000001203 0
1947 95.00000000014268 175.0000000001002 0
1948 95.00000000014268 180.0000000000802 0
1949 95.00000000014268 185.0000000000601 0
1950 95.00000000014268 190.0000000000401 0
1951 95.00000000014268 195.0000000000201 0
1952 90.00000000012219 70.00000000002362 0
1953 90.00000000012219 75.00000000004728 0
1954 90.00000000012219 80.00000000007096 0
1955 90.00000000012219 85.00000000009459 0
1956 90.00000000012219 90.00000000011822 0
1957 90.00000000012219 95.00000000014187 0
1958 90.00000000012219 100.0000000001655 0
1959 90.00000000012219 105.0000000001892 0
1960 90.00000000012219 110.0000000002128 0
1961 90.00000000012219 115.0000000002365 0
1962 90.00000000012219 120.0000000002601 0
1963 90.00000000012219 125.0000000002838 0
1964 90.00000000012219 130.0000000002876 0
1965 90.00000000012219 135.0000000002671 0
1966 90.00000000012219 140.0000000002465 0
1967 90.00000000012219 145.000000000226 0
1968 90.00000000012219 150.0000000002054 0
1969 90.00000000012219 155.0000000001848 0
1970 90.00000000012219 160.0000000001643 0
1971 90.00000000012219 165.0000000001437 0
1972 90.00000000012219 170.0000000001232 0
1973 90.00000000012219 175.0000000001027 0
1974 90.00000000012219 180.0000000000822 0
1975 90.00000000012219 185.0000000000616 0
1976 90.00000000012219 190.000000000041 0
1977 90.00000000012219 195.0000000000205 0
1978 85.00000000010169 70.00000000002419 0
1979 85.00000000010169 75.00000000004839 0
1980 85.00000000010169 80.00000000007263 0
1981 85.00000000010169 85.00000000009683 0
1982 85.00000000010169 90.00000000012106 0
1983 85.00000000010169 95.00000000014525 0
1984 85.00000000010169 100.0000000001695 0
1985 85.00000000010169 105.0000000001937 0
1986 85.00000000010169 110.0000000002179 0
1987 85.00000000010169 115.0000000002421 0
1988 85.00000000010169 120.0000000002663 0
1989 85.00000000010169 125.0000000002905 0
1990 85.00000000010169 130.0000000002944 0
1991 85.00000000010169 135.0000000002734 0
1992 85.00000000010169 140.0000000002524 0
1993 85.00000000010169 145.0000000002314 0
1994 85.00000000010169 150.0000000002103 0
1995 85.00000000010169 155.0000000001893 0
1996 85.00000000010169 160.0000000001682 0
1997 85.00000000010169 165.0000000001471 0
1998 85.00000000010169 170.0000000001262 0
1999 85.00000000010169 175.0000000001051 0
2000 85.00000000010169 180.0000000000841 0
2001 85.00000000010169 185.0000000000631 0
2002 85.00000000010169 190.000000000042 0
2003 85.00000000010169 195.000000000021 0
2004 80.00000000008124 70.00000000002476 0
2005 80.00000000008124 75.00000000004953 0
2006 80.00000000008124 80.00000000007431 0
2007 80.00000000008124 85.00000000009908 0
2008 80.00000000008124 90.00000000012385 0
2009 80.00000000008124 95.0000000001486 0
2010 80.00000000008124 100.0000000001734 0
2011 80.00000000008124 105.0000000001982 0
2012 80.00000000008124 110.000000000223 0
2013 80.00000000008124 115.0000000002477 0
2014 80.00000000008124 120.0000000002725 0
2015 80.00000000008124 125.0000000002973 0
2016 80.00000000008124 130.0000000003012 0
2017 80.00000000008124 135.0000000002798 0
2018 80.00000000008124 140.0000000002583 0
2019 80.00000000008124 145.0000000002367 0
2020 80.00000000008124 150.0000000002152 0
2021 80.00000000008124 155.0000000001936 0
2022 80.00000000008124 160.0000000001721 0
2023 80.00000000008124 165.0000000001506 0
2024 80.00000000008124 170.0000000001291 0
2025 80.00000000008124 175.0000000001076 0
2026 80.00000000008124 180.0000000000861 0
2027 80.00000000008124 185.0000000000645 0
2028 80.00000000008124 190.000000000043 0
2029 80.00000000008124 195.0000000000215 0
2030 75.00000000006075 70.00000000002532 0
2031 75.00000000006075 75.00000000005066 0
2032 75.00000000006075 80.00000000007601 0
2033 75.00000000006075 85.00000000010135 0
2034 75.00000000006075 90.00000000012669 0
2035 75.00000000006075 95.00000000015201 0
2036 75.00000000006075 100.0000000001774 0
2037 75.00000000006075 105.0000000002027 0
2038 75.00000000006075 110.000000000228 0
2039 75.00000000006075 115.0000000002534 0
2040 75.00000000006075 120.0000000002787 0
2041 75.00000000006075 125.0000000003041 0
2042 75.00000000006075 130.0000000003081 0
2043 75.00000000006075 135.0000000002862 0
2044 75.00000000006075 140.0000000002641 0
2045 75.00000000006075 145.0000000002421 0
2046 75.00000000006075 150.0000000002201 0
2047 75.00000000006075 155.0000000001981 0
2048 75.00000000006075 160.000000000176 0
2049 75.00000000006075 165.000000000154 0
2050 75.00000000006075 170.000000000132 0
2051 75.00000000006075 175.00000000011 0
2052 75.00000000006075 180.000000000088 0
2053 75.00000000006075 185.000000000066 0
2054 75.00000000006075 190.000000000044 0
2055 75.00000000006075 195.000000000022 0
2056 70.00000000004026 70.00000000002589 0
2057 70.00000000004026 75.00000000005177 0
2058 70.00000000004026 80.00000000007772 0
2059 70.00000000004026 85.0000000001036 0
2060 70.00000000004026 90.0000000001295 0
2061 70.00000000004026 95.00000000015537 0
2062 70.00000000004026 100.0000000001813 0
2063 70.00000000004026 105.0000000002072 0
2064 70.00000000004026 110.0000000002331 0
2065 70.00000000004026 115.000000000259 0
2066 70.00000000004026 120.0000000002849 0
2067 70.00000000004026 125.0000000003108 0
2068 70.00000000004026 130.000000000315 0
2069 70.00000000004026 135.0000000002925 0
2070 70.00000000004026 140.00000000027 0
2071 70.00000000004026 145.0000000002475 0
2072 70.00000000004026 150.000000000225 0
2073 70.00000000004026 155.0000000002025 0
2074 70.00000000004026 160.00000000018 0
2075 70.00000000004026 165.0000000001574 0
2076 70.00000000004026 170.000000000135 0
2077 70.00000000004026 175.0000000001125 0
2078 70.00000000004026 180.00000000009 0
2079 70.00000000004026 185.0000000000675 0
2080 70.00000000004026 190.000000000045 0
2081 70.00000000004026 195.0000000000225 0
2082 65.00000000002069 70.00000000002643 0
2083 65.00000000002069 75.00000000005291 0
2084 65.00000000002069 80.00000000007937 0
2085 65.00000000002069 85.00000000010584 0
2086 65.00000000002069 90.00000000013232 0
2087 65.00000000002069 95.00000000015875 0
2088 65.00000000002069 100.0000000001852 0
2089 65.00000000002069 105.0000000002117 0
2090 65.00000000002069 110.0000000002382 0
2091 65.00000000002069 115.0000000002646 0
2092 65.00000000002069 120.0000000002911 0
2093 65.00000000002069 125.0000000003176 0
2094 65.00000000002069 130.0000000003218 0
2095 65.00000000002069 135.0000000002989 0
2096 65.00000000002069 140.0000000002759 0
2097 65.00000000002069 145.0000000002528 0
2098 65.00000000002069 150.0000000002299 0
2099 65.00000000002069 155.0000000002068 0
2100 65.00000000002069 160.0000000001838 0
2101 65.00000000002069 165.0000000001608 0
2102 65.00000000002069 170.0000000001379 0
2103 65.00000000002069 175.0000000001149 0
2104 65.00000000002069 180.0000000000919 0
2105 65.00000000002069 185.000000000069 0
2106 65.00000000002069 190.0000000000459 0
2107 65.00000000002069 195.000000000023 0
2108 60.00000000001253 70.000000000027 0
2109 60.00000000001253 75.00000000005404 0
2110 60.00000000001253 80.00000000008107 0
2111 60.00000000001253 85.00000000010812 0
2112 60.00000000001253 90.00000000013513 0
2113 60.00000000001253 95.00000000016213 0
2114 60.00000000001253 100.0000000001892 0
2115 60.00000000001253 105.0000000002162 0
2116 60.00000000001253 110.0000000002432 0
2117 60.00000000001253 115.0000000002703 0
2118 60.00000000001253 120.0000000002973 0
2119 60.00000000001253 125.0000000003243 0
2120 60.00000000001253 130.0000000003286 0
2121 60.00000000001253 135.0000000003053 0
2122 60.00000000001253 140.0000000002817 0
2123 60.00000000001253 145.0000000002582 0
2124 60.00000000001253 150.0000000002347 0
2125 60.00000000001253 155.0000000002113 0
2126 60.00000000001253 160.0000000001878 0
2127 60.00000000001253 165.0000000001643 0
2128 60.00000000001253 170.0000000001408 0
2129 60.00000000001253 175.0000000001174 0
2130 60.00000000001253 180.0000000000939 0
2131 60.00000000001253 185.0000000000704 0
2132 60.00000000001253 190.0000000000469 0
2133 60.00000000001253 195.0000000000235 0
2134 55.00000000000625 70.00000000002757 0
2135 55.00000000000625 75.00000000005515 0
2136 55.00000000000625 80.00000000008278 0
2137 55.00000000000625 85.00000000011036 0
2138 55.00000000000625 90.00000000013795 0
2139 55.00000000000625 95.00000000016551 0
2140 55.00000000000625 100.0000000001931 0
2141 55.00000000000625 105.0000000002207 0
2142 55.00000000000625 110.0000000002483 0
2143 55.00000000000625 115.0000000002759 0
2144 55.00000000000625 120.0000000003035 0
2145 55.00000000000625 125.0000000003311 0
2146 55.00000000000625 130.0000000003355 0
2147 55.00000000000625 135.0000000003116 0
2148 55.00000000000625 140.0000000002876 0
2149 55.00000000000625 145.0000000002636 0
2150 55.00000000000625 150.0000000002396 0
2151 55.00000000000625 155.0000000002156 0
2152 55.00000000000625 160.0000000001917 0
2153 55.00000000000625 165.0000000001677 0
2154 55.00000000000625 170.0000000001438 0
2155 55.00000000000625 175.0000000001198 0
2156 55.00000000000625 180.0000000000959 0
2157 55.00000000000625 185.0000000000719 0
2158 55.00000000000625 190.0000000000479 0
2159 55.00000000000625 195.000000000024 0
2160 45.00000000002691 195.0000000000244 0
2161 45.00000000002691 190.0000000000489 0
2162 45.00000000002691 185.0000000000733 0
2163 45.00000000002691 180.0000000000978 0
2164 45.00000000002691 175.0000000001222 0
2165 45.00000000002691 170.0000000001467 0
2166 45.00000000002691 165.0000000001711 0
2167 45.00000000002691 160.0000000001956 0
2168 45.00000000002691 155.0000000002201 0
2169 45.00000000002691 150.0000000002445 0
2170 45.00000000002691 145.000000000269 0
2171 45.00000000002691 140.0000000002935 0
2172 45.00000000002691 135.0000000003179 0
2173 45.00000000002691 130.0000000003423 0
2174 45.00000000002691 125.0000000003378 0
2175 45.00000000002691 120.0000000003097 0
2176 45.00000000002691 115.0000000002815 0
2177 45.00000000002691 110.0000000002533 0
2178 45.00000000002691 105.0000000002252 0
2179 45.00000000002691 100.0000000001971 0
2180 45.00000000002691 95.0000000001689 0
2181 45.00000000002691 90.00000000014076 0
2182 45.00000000002691 85.00000000011261 0
2183 45.00000000002691 80.00000000008446 0
2184 45.00000000002691 75.00000000005629 0
2185 45.00000000002691 70.00000000002814 0
2186 40.00000000005382 195.0000000000244 0
2187 40.00000000005382 190.0000000000489 0
2188 40.00000000005382 185.0000000000733 0
2189 40.00000000005382 180.0000000000978 0
2190 40.00000000005382 175.0000000001222 0
2191 40.00000000005382 170.0000000001466 0
2192 40.00000000005382 165.0000000001711 0
2193 40.00000000005382 160.0000000001956 0
2194 40.00000000005382 155.0000000002201 0
2195 40.00000000005382 150.0000000002445 0
2196 40.00000000005382 145.000000000269 0
2197 40.00000000005382 140.0000000002935 0
2198 40.00000000005382 135.0000000003179 0
2199 40.00000000005382 130.0000000003423 0
2200 40.00000000005382 125.0000000003378 0
2201 40.00000000005382 120.0000000003096 0
2202 40.00000000005382 115.0000000002815 0
2203 40.00000000005382 110.0000000002533 0
2204 40.00000000005382 105.0000000002252 0
2205 40.00000000005382 100.0000000001971 0
2206 40.00000000005382 95.0000000001689 0
2207 40.00000000005382 90.00000000014073 0
2208 40.00000000005382 85.00000000011261 0
2209 40.00000000005382 80.00000000008443 0
2210 40.00000000005382 75.00000000005629 0
2211 40.00000000005382 70.00000000002814 0
2212 35.00000000008073 195.0000000000244 0
2213 35.00000000008073 190.0000000000489 0
2214 35.00000000008073 185.0000000000733 0
2215 35.00000000008073 180.0000000000978 0
2216 35.00000000008073 175.0000000001222 0
2217 35.00000000008073 170.0000000001466 0
2218 35.00000000008073 165.0000000001711 0
2219 35.00000000008073 160.0000000001956 0
2220 35.00000000008073 155.0000000002201 0
2221 35.00000000008073 150.0000000002445 0
2222 35.00000000008073 145.000000000269 0
2223 35.00000000008073 140.0000000002935 0
2224 35.00000000008073 135.0000000003179 0
2225 35.00000000008073 130.0000000003423 0
2226 35.00000000008073 125.0000000003378 0
2227 35.00000000008073 120.0000000003096 0
2228 35.00000000008073 115.0000000002815 0
2229 35.00000000008073 110.0000000002533 0
2230 35.00000000008073 105.0000000002252 0
2231 35.00000000008073 100.0000000001971 0
2232 35.00000000008073 95.0000000001689 0
2233 35.00000000008073 90.00000000014076 0
2234 35.00000000008073 85.00000000011261 0
2235 35.00000000008073 80.00000000008446 0
2236 35.00000000008073 75.00000000005629 0
2237 35.00000000008073 70.00000000002814 0
2238 30.00000000009457 195.0000000000244 0
2239 30.00000000009457 190.0000000000489 0
2240 30.00000000009457 185.0000000000733 0
2241 30.00000000009457 180.0000000000978 0
2242 30.00000000009457 175.0000000001222 0
2243 30.00000000009457 170.0000000001467 0
2244 30.00000000009457 165.0000000001711 0
2245 30.00000000009457 160.0000000001956 0
2246 30.00000000009457 155.0000000002201 0
2247 30.00000000009457 150.0000000002445 0
2248 30.00000000009457 145.000000000269 0
2249 30.00000000009457 140.0000000002935 0
2250 30.00000000009457 135.0000000003179 0
2251 30.00000000009457 130.0000000003423 0
2252 30.00000000009457 125.0000000003378 0
2253 30.00000000009457 120.0000000003097 0
2254 30.00000000009457 115.0000000002815 0
2255 30.00000000009457 110.0000000002533 0
2256 30.00000000009457 105.0000000002252 0
2257 30.00000000009457 100.0000000001971 0
2258 30.00000000009457 95.0000000001689 0
2259 30.00000000009457 90.00000000014076 0
2260 30.00000000009457 85.00000000011261 0
2261 30.00000000009457 80.00000000008446 0
2262 30.00000000009457 75.00000000005629 0
2263 30.00000000009457 70.00000000002814 0
2264 25.00000000008594 195.0000000000244 0
2265 25.00000000008594 190.0000000000489 0
2266 25.00000000008594 185.0000000000733 0
2267 25.00000000008594 180.0000000000978 0
2268 25.00000000008594 175.0000000001222 0
2269 25.00000000008594 170.0000000001467 0
2270 25.00000000008594 165.0000000001711 0
2271 25.00000000008594 160.0000000001956 0
2272 25.00000000008594 155.0000000002201 0
2273 25.00000000008594 150.0000000002445 0
2274 25.00000000008594 145.000000000269 0
2275 25.00000000008594 140.0000000002935 0
2276 25.00000000008594 135.0000000003179 0
2277 25.00000000008594 130.0000000003423 0
2278 25.00000000008594 125.0000000003378 0
2279 25.00000000008594 120.0000000003097 0
2280 25.00000000008594 115.0000000002815 0
2281 25.00000000008594 110.0000000002533 0
2282 25.00000000008594 105.0000000002252 0
2283 25.00000000008594 100.0000000001971 0
2284 25.00000000008594 95.0000000001689 0
2285 25.00000000008594 90.00000000014076 0
2286 25.00000000008594 85.00000000011261 0
2287 25.00000000008594 80.00000000008446 0
2288 25.00000000008594 75.00000000005629 0
2289 25.00000000008594 70.00000000002814 0
2290 20.00000000007735 195.0000000000244 0
2291 20.00000000007735 190.0000000000489 0
2292 20.00000000007735 185.0000000000733 0
2293 20.00000000007735 180.0000000000978 0
2294 20.00000000007735 175.0000000001222 0
2295 20.00000000007735 170.0000000001467 0
2296 20.00000000007735 165.0000000001711 0
2297 20.00000000007735 160.0000000001956 0
2298 20.00000000007735 155.0000000002201 0
2299 20.00000000007735 150.0000000002445 0
2300 20.00000000007735 145.000000000269 0
2301 20.00000000007735 140.0000000002935 0
2302 20.00000000007735 135.0000000003179 0
2303 20.00000000007735 130.0000000003423 0
2304 20.00000000007735 125.0000000003378 0
2305 20.00000000007735 120.0000000003097 0
2306 20.00000000007735 115.0000000002815 0
2307 20.00000000007735 110.0000000002533 0
2308 20.00000000007735 105.0000000002252 0
2309 20.00000000007735 100.0000000001971 0
2310 20.00000000007735 95.0000000001689 0
2311 20.00000000007735 90.00000000014076 0
2312 20.00000000007735 85.00000000011261 0
2313 20.00000000007735 80.00000000008446 0
2314 20.00000000007735 75.00000000005629 0
2315 20.00000000007735 70.00000000002814 0
2316 15.00000000006583 195.0000000000244 0
2317 15.00000000006583 190.0000000000489 0
2318 15.00000000006583 185.0000000000733 0
2319 15.00000000006583 180.0000000000978 0
2320 15.00000000006583 175.0000000001222 0
2321 15.00000000006583 170.0000000001467 0
2322 15.00000000006583 165.0000000001711 0
2323 15.00000000006583 160.0000000001956 0
2324 15.00000000006583 155.0000000002201 0
2325 15.00000000006583 150.0000000002445 0
2326 15.00000000006583 145.000000000269 0
2327 15.00000000006583 140.0000000002935 0
2328 15.00000000006583 135.0000000003179 0
2329 15.00000000006583 130.0000000003423 0
2330 15.00000000006583 125.0000000003378 0
2331 15.00000000006583 120.0000000003097 0
2332 15.00000000006583 115.0000000002815 0
2333 15.00000000006583 110.0000000002533 0
2334 15.00000000006583 105.0000000002252 0
2335 15.00000000006583 100.0000000001971 0
2336 15.00000000006583 95.0000000001689 0
2337 15.00000000006583 90.00000000014076 0
2338 15.00000000006583 85.00000000011261 0
2339 15.00000000006583 80.00000000008446 0
2340 15.00000000006583 75.00000000005629 0
2341 15.00000000006583 70.00000000002814 0
2342 10.00000000003948 195.0000000000244 0
2343 10.00000000003948 190.0000000000489 0
2344 10.00000000003948 185.0000000000733 0
2345 10.00000000003948 180.0000000000978 0
2346 10.00000000003948 175.0000000001222 0
2347 10.00000000003948 170.0000000001467 0
2348 10.00000000003948 165.0000000001711 0
2349 10.00000000003948 160.0000000001956 0
2350 10.00000000003948 155.0000000002201 0
2351 10.00000000003948 150.0000000002445 0
2352 10.00000000003948 145.000000000269 0
2353 10.00000000003948 140.0000000002935 0
2354 10.00000000003948 135.0000000003179 0
2355 10.00000000003948 130.0000000003423 0
2356 10.00000000003948 125.0000000003378 0
2357 10.00000000003948 120.0000000003097 0
2358 10.00000000003948 115.0000000002815 0
2359 10.00000000003948 110.0000000002533 0
2360 10.00000000003948 105.0000000002252 0
2361 10.00000000003948 100.0000000001971 0
2362 10.00000000003948 95.0000000001689 0
2363 10.00000000003948 90.00000000014076 0
2364 10.00000000003948 85.00000000011261 0
2365 10.00000000003948 80.00000000008446 0
2366 10.00000000003948 75.00000000005629 0
2367 10.00000000003948 70.00000000002814 0
2368 5.000000000018456 195.0000000000244 0
2369 5.000000000018456 190.0000000000489 0
2370 5.000000000018456 185.0000000000733 0
2371 5.000000000018456 180.0000000000978 0
2372 5.000000000018456 175.0000000001222 0
2373 5.000000000018456 170.0000000001467 0
2374 5.000000000018456 165.0000000001711 0
2375 5.000000000018456 160.0000000001956 0
2376 5.000000000018456 155.0000000002201 0
2377 5.000000000018456 150.0000000002445 0
2378 5.000000000018456 145.000000000269 0
2379 5.000000000018456 140.0000000002935 0
2380 5.000000000018456 135.0000000003179 0
2381 5.000000000018456 130.0000000003423 0
2382 5.000000000018456 125.0000000003378 0
2383 5.000000000018456 120.0000000003097 0
2384 5.000000000018456 115.0000000002815 0
2385 5.000000000018456 110.0000000002533 0
2386 5.000000000018456 105.0000000002252 0
2387 5.000000000018456 100.0000000001971 0
2388 5.000000000018456 95.0000000001689 0
2389 5.000000000018456 90.00000000014076 0
2390 5.000000000018456 85.00000000011261 0
2391 5.000000000018456 80.00000000008446 0
2392 5.000000000018456 75.00000000005629 0
2393 5.000000000018456 70.00000000002814 0
2394 4.999999999983677 5.000000000010829 0
2395 4.999999999986575 10.00000000002413 0
2396 4.999999999989473 15.00000000003743 0
2397 4.999999999992372 20.00000000005073 0
2398 4.99999999999527 25.00000000006403 0
2399 4.999999999998169 30.00000000007734 0
2400 5.000000000001067 35.00000000007561 0
2401 5.000000000003965 40.00000000006163 0
2402 5.000000000006863 45.00000000004765 0
2403 5.000000000009762 50.00000000003367 0
2404 5.00000000001266 55.00000000001966 0
2405 5.000000000015558 60.00000000000566 0
2406 9.999999999963382 5.000000000010829 0
2407 9.999999999969724 10.00000000002413 0
2408 9.999999999976065 15.00000000003744 0
2409 9.999999999982405 20.00000000005073 0
2410 9.999999999988747 25.00000000006404 0
2411 9.999999999995088 30.00000000007734 0
2412 10.00000000000143 35.0000000000756 0
2413 10.00000000000777 40.00000000006163 0
2414 10.00000000001411 45.00000000004765 0
2415 10.00000000002045 50.00000000003367 0
2416 10.0000000000268 55.00000000001966 0
2417 10.00000000003314 60.00000000000565 0
2418 14.99999999994146 5.000000000010829 0
2419 14.99999999995182 10.00000000002413 0
2420 14.99999999996219 15.00000000003744 0
2421 14.99999999997255 20.00000000005073 0
2422 14.99999999998292 25.00000000006405 0
2423 14.99999999999328 30.00000000007734 0
2424 15.00000000000365 35.00000000007561 0
2425 15.00000000001401 40.00000000006163 0
2426 15.00000000002438 45.00000000004765 0
2427 15.00000000003474 50.00000000003367 0
2428 15.0000000000451 55.00000000001968 0
2429 15.00000000005547 60.00000000000568 0
2430 19.9999999999321 5.000000000010829 0
2431 19.99999999994421 10.00000000002413 0
2432 19.99999999995631 15.00000000003744 0
2433 19.99999999996841 20.00000000005073 0
2434 19.99999999998052 25.00000000006404 0
2435 19.99999999999262 30.00000000007734 0
2436 20.00000000000473 35.00000000007561 0
2437 20.00000000001683 40.00000000006163 0
2438 20.00000000002893 45.00000000004765 0
2439 20.00000000004103 50.00000000003367 0
2440 20.00000000005314 55.00000000001966 0
2441 20.00000000006524 60.00000000000566 0
2442 24.99999999992522 5.000000000010829 0
2443 24.99999999993861 10.00000000002413 0
2444 24.999999999952 15.00000000003744 0
2445 24.9999999999654 20.00000000005073 0
2446 24.99999999997879 25.00000000006404 0
2447 24.99999999999218 30.00000000007734 0
2448 25.00000000000558 35.00000000007561 0
2449 25.00000000001898 40.00000000006163 0
2450 25.00000000003237 45.00000000004765 0
2451 25.00000000004576 50.00000000003367 0
2452 25.00000000005916 55.00000000001966 0
2453 25.00000000007255 60.00000000000566 0
2454 29.99999999991833 5.000000000010829 0
2455 29.99999999993302 10.00000000002413 0
2456 29.99999999994771 15.00000000003744 0
2457 29.99999999996239 20.00000000005073 0
2458 29.99999999997708 25.00000000006404 0
2459 29.99999999999177 30.00000000007734 0
2460 30.00000000000645 35.00000000007561 0
2461 30.00000000002114 40.00000000006163 0
2462 30.00000000003583 45.00000000004765 0
2463 30.00000000005051 50.00000000003367 0
2464 30.0000000000652 55.00000000001966 0
2465 30.00000000007988 60.00000000000566 0
2466 34.99999999993047 5.000000000010829 0
2467 34.99999999994299 10.00000000002413 0
2468 34.99999999995551 15.00000000003744 0
2469 34.99999999996804 20.00000000005073 0
2470 34.99999999998056 25.00000000006404 0
2471 34.99999999999308 30.00000000007734 0
2472 35.0000000000056 35.00000000007561 0
2473 35.00000000001812 40.00000000006163 0
2474 35.00000000003064 45.00000000004765 0
2475 35.00000000004317 50.00000000003367 0
2476 35.00000000005569 55.00000000001966 0
2477 35.00000000006821 60.00000000000566 0
2478 39.99999999995365 5.000000000010829 0
2479 39.999999999962 10.00000000002413 0
2480 39.99999999997034 15.00000000003744 0
2481 39.99999999997869 20.00000000005073 0
2482 39.99999999998704 25.00000000006404 0
2483 39.99999999999539 30.00000000007734 0
2484 40.00000000000373 35.00000000007561 0
2485 40.00000000001208 40.00000000006163 0
2486 40.00000000002043 45.00000000004765 0
2487 40.00000000002878 50.00000000003367 0
2488 40.00000000003712 55.00000000001966 0
2489 40.00000000004547 60.00000000000566 0
2490 44.99999999997682 5.000000000010829 0
2491 44.999999999981 10.00000000002413 0
2492 44.99999999998517 15.00000000003744 0
2493 44.99999999998935 20.00000000005073 0
2494 44.99999999999352 25.00000000006404 0
2495 44.99999999999769 30.00000000007734 0
2496 45.00000000000187 35.00000000007561 0
2497 45.00000000000604 40.00000000006163 0
2498 45.00000000001021 45.00000000004765 0
2499 45.00000000001439 50.00000000003367 0
2500 45.00000000001856 55.00000000001966 0
2501 45.00000000002274 60.00000000000566 0
$EndNodes
$Elements
2709
1 15 2 201 1 1
2 15 2 201 2 2
3 15 2 101 3 3
4 15 2 101 4 4
5 15 2 101 5 5
6 15 2 202 6 6
7 15 2 201 7 7
8 15 2 201 8 8
9 15 2 0 9 9
10 1 2 201 1 1 10
11 1 2 201 1 10 11
12 1 2 201 1 11 12
13 1 2 201 1 12 13
14 1 2 201 1 13 14
15 1 2 201 1 14 15
16 1 2 201 1 15 16
17 1 2 201 1 16 17
18 1 2 201 1 17 18
19 1 2 201 1 18 2
20 1 2 201 2 2 19
21 1 2 201 2 19 20
22 1 2 201 2 20 21
23 1 2 201 2 21 22
24 1 2 201 2 22 23
25 1 2 201 2 23 24
26 1 2 201 2 24 25
27 1 2 201 2 25 26
28 1 2 201 2 26 27
29 1 2 201 2 27 28
30 1 2 201 2 28 29
31 1 2 201 2 29 30
32 1 2 201 2 30 31
33 1 2 201 2 31 32
34 1 2 201 2 32 33
35 1 2 201 2 33 34
36 1 2 201 2 34 35
37 1 2 201 2 35 36
38 1 2 201 2 36 37
39 1 2 201 2 37 38
40 1 2 201 2 38 39
41 1 2 201 2 39 40
42 1 2 201 2 40 41
43 1 2 201 2 41 42
44 1 2 201 2 42 43
45 1 2 201 2 43 44
46 1 2 201 2 44 45
47 1 2 201 2 45 46
48 1 2 201 2 46 47
49 1 2 201 2 47 48
50 1 2 201 2 48 49
51 1 2 201 2 49 50
52 1 2 201 2 50 51
53 1 2 201 2 51 52
54 1 2 201 2 52 53
55 1 2 201 2 53 54
56 1 2 201 2 54 55
57 1 2 201 2 55 56
58 1 2 201 2 56 57
59 1 2 201 2 57 58
60 1 2 201 2 58 59
61 1 2 201 2 59 60
62 1 2 201 2 60 61
63 1 2 201 2 61 62
64 1 2 201 2 62 63
65 1 2 201 2 63 64
66 1 2 201 2 64 65
67 1 2 201 2 65 66
68 1 2 201 2 66 67
69 1 2 201 2 67 3
70 1 2 101 3 3 68
71 1 2 101 3 68 69
72 1 2 101 3 69 70
73 1 2 101 3 70 71
74 1 2 101 3 71 72
75 1 2 101 3 72 73
76 1 2 101 3 73 74
77 1 2 101 3 74 75
78 1 2 101 3 75 76
79 1 2 101 3 76 77
80 1 2 101 3 77 78
81 1 2 101 3 78 79
82 1 2 101 3 79 4
83 1 2 101 4 4 80
84 1 2 101 4 80 81
85 1 2 101 4 81 82
86 1 2 101 4 82 83
87 1 2 101 4 83 84
88 1 2 101 4 84 85
89 1 2 101 4 85 86
90 1 2 101 4 86 87
91 1 2 101 4 87 88
92 1 2 101 4 88 89
93 1 2 101 4 89 90
94 1 2 101 4 90 91
95 1 2 101 4 91 92
96 1 2 101 4 92 93
97 1 2 101 4 93 94
98 1 2 101 4 94 95
99 1 2 101 4 95 96
100 1 2 101 4 96 97
101 1 2 101 4 97 98
102 1 2 101 4 98 99
103 1 2 101 4 99 100
104 1 2 101 4 100 101
105 1 2 101 4 101 102
106 1 2 101 4 102 103
107 1 2 101 4 103 104
108 1 2 101 4 104 105
109 1 2 101 4 105 5
110 1 2 201 5 5 106
111 1 2 201 5 106 107
112 1 2 201 5 107 108
113 1 2 201 5 108 109
114 1 2 201 5 109 110
115 1 2 201 5 110 111
116 1 2 201 5 111 112
117 1 2 201 5 112 113
118 1 2 201 5 113 114
119 1 2 201 5 114 115
120 1 2 201 5 115 116
121 1 2 201 5 116 117
122 1 2 201 5 117 118
123 1 2 201 5 118 119
124 1 2 201 5 119 120
125 1 2 201 5 120 121
126 1 2 201 5 121 122
127 1 2 201 5 122 123
128 1 2 201 5 123 124
129 1 2 201 5 124 125
130 1 2 201 5 125 126
131 1 2 201 5 126 127
132 1 2 201 5 127 128
133 1 2 201 5 128 129
134 1 2 201 5 129 130
135 1 2 201 5 130 131
136 1 2 201 5 131 132
137 1 2 201 5 132 133
138 1 2 201 5 133 134
139 1 2 201 5 134 135
140 1 2 201 5 135 136
141 1 2 201 5 136 137
142 1 2 201 5 137 138
143 1 2 201 5 138 139
144 1 2 201 5 139 140
145 1 2 201 5 140 141
146 1 2 201 5 141 142
147 1 2 201 5 142 143
148 1 2 201 5 143 144
149 1 2 201 5 144 145
150 1 2 201 5 145 146
151 1 2 201 5 146 147
152 1 2 201 5 147 148
153 1 2 201 5 148 149
154 1 2 201 5 149 150
155 1 2 201 5 150 151
156 1 2 201 5 151 152
157 1 2 201 5 152 153
158 1 2 201 5 153 154
159 1 2 201 5 154 6
160 1 2 202 6 6 155
161 1 2 202 6 155 156
162 1 2 202 6 156 157
163 1 2 202 6 157 158
164 1 2 202 6 158 159
165 1 2 202 6 159 160
166 1 2 202 6 160 161
167 1 2 202 6 161 162
168 1 2 202 6 162 163
169 1 2 202 6 163 7
170 1 2 201 7 7 164
171 1 2 201 7 164 165
172 1 2 201 7 165 166
173 1 2 201 7 166 167
174 1 2 201 7 167 168
175 1 2 201 7 168 169
176 1 2 201 7 169 170
177 1 2 201 7 170 171
178 1 2 201 7 171 172
179 1 2 201 7 172 173
180 1 2 201 7 173 174
181 1 2 201 7 174 175
182 1 2 201 7 175 176
183 1 2 201 7 176 177
184 1 2 201 7 177 178
185 1 2 201 7 178 179
186 1 2 201 7 179 180
187 1 2 201 7 180 181
188 1 2 201 7 181 182
189 1 2 201 7 182 183
190 1 2 201 7 183 184
191 1 2 201 7 184 185
192 1 2 201 7 185 186
193 1 2 201 7 186 187
194 1 2 201 7 187 188
195 1 2 201 7 188 189
196 1 2 201 7 189 8
197 1 2 201 8 8 190
198 1 2 201 8 190 191
199 1 2 201 8 191 192
200 1 2 201 8 192 193
201 1 2 201 8 193 194
202 1 2 201 8 194 195
203 1 2 201 8 195 196
204 1 2 201 8 196 197
205 1 2 201 8 197 198
206 1 2 201 8 198 199
207 1 2 201 8 199 200
208 1 2 201 8 200 201
209 1 2 201 8 201 1
210 1 2 0 9 6 202
211 1 2 0 9 202 203
212 1 2 0 9 203 204
213 1 2 0 9 204 205
214 1 2 0 9 205 206
215 1 2 0 9 206 207
216 1 2 0 9 207 208
217 1 2 0 9 208 209
218 1 2 0 9 209 210
219 1 2 0 9 210 211
220 1 2 0 9 211 212
221 1 2 0 9 212 213
222 1 2 0 9 213 214
223 1 2 0 9 214 215
224 1 2 0 9 215 216
225 1 2 0 9 216 217
226 1 2 0 9 217 218
227 1 2 0 9 218 219
228 1 2 0 9 219 220
229 1 2 0 9 220 221
230 1 2 0 9 221 222
231 1 2 0 9 222 223
232 1 2 0 9 223 224
233 1 2 0 9 224 225
234 1 2 0 9 225 226
235 1 2 0 9 226 227
236 1 2 0 9 227 9
237 1 2 0 10 9 228
238 1 2 0 10 228 229
239 1 2 0 10 229 230
240 1 2 0 10 230 231
241 1 2 0 10 231 232
242 1 2 0 10 232 233
243 1 2 0 10 233 234
244 1 2 0 10 234 235
245 1 2 0 10 235 236
246 1 2 0 10 236 237
247 1 2 0 10 237 238
248 1 2 0 10 238 239
249 1 2 0 10 239 2
250 1 2 0 11 9 240
251 1 2 0 11 240 241
252 1 2 0 11 241 242
253 1 2 0 11 242 243
254 1 2 0 11 243 244
255 1 2 0 11 244 245
256 1 2 0 11 245 246
257 1 2 0 11 246 247
258 1 2 0 11 247 248
259 1 2 0 11 248 8
260 1 2 0 12 4 249
261 1 2 0 12 249 250
262 1 2 0 12 250 251
263 1 2 0 12 251 252
264 1 2 0 12 252 253
265 1 2 0 12 253 254
266 1 2 0 12 254 255
267 1 2 0 12 255 256
268 1 2 0 12 256 257
269 1 2 0 12 257 258
270 1 2 0 12 258 259
271 1 2 0 12 259 260
272 1 2 0 12 260 261
273 1 2 0 12 261 262
274 1 2 0 12 262 263
275 1 2 0 12 263 264
276 1 2 0 12 264 265
277 1 2 0 12 265 266
278 1 2 0 12 266 267
279 1 2 0 12 267 268
280 1 2 0 12 268 269
281 1 2 0 12 269 270
282 1 2 0 12 270 271
283 1 2 0 12 271 272
284 1 2 0 12 272 273
285 1 2 0 12 273 274
286 1 2 0 12 274 275
287 1 2 0 12 275 276
288 1 2 0 12 276 277
289 1 2 0 12 277 278
290 1 2 0 12 278 279
291 1 2 0 12 279 280
292 1 2 0 12 280 281
293 1 2 0 12 281 282
294 1 2 0 12 282 283
295 1 2 0 12 283 284
296 1 2 0 12 284 285
297 1 2 0 12 285 286
298 1 2 0 12 286 287
299 1 2 0 12 287 288
300 1 2 0 12 288 289
301 1 2 0 12 289 290
302 1 2 0 12 290 291
303 1 2 0 12 291 292
304 1 2 0 12 292 293
305 1 2 0 12 293 294
306 1 2 0 12 294 295
307 1 2 0 12 295 296
308 1 2 0 12 296 297
309 1 2 0 12 297 9
310 3 2 0 14 2 19 298 239
311 3 2 0 14 239 298 299 238
312 3 2 0 14 238 299 300 237
313 3 2 0 14 237 300 301 236
314 3 2 0 14 236 301 302 235
315 3 2 0 14 235 302 303 234
316 3 2 0 14 234 303 304 233
317 3 2 0 14 233 304 305 232
318 3 2 0 14 232 305 306 231
319 3 2 0 14 231 306 307 230
320 3 2 0 14 230 307 308 229
321 3 2 0 14 229 308 309 228
322 3 2 0 14 228 309 297 9
323 3 2 0 14 19 20 310 298
324 3 2 0 14 298 310 311 299
325 3 2 0 14 299 311 312 300
326 3 2 0 14 300 312 313 301
327 3 2 0 14 301 313 314 302
328 3 2 0 14 302 314 315 303
329 3 2 0 14 303 315 316 304
330 3 2 0 14 304 316 317 305
331 3 2 0 14 305 317 318 306
332 3 2 0 14 306 318 319 307
333 3 2 0 14 307 319 320 308
334 3 2 0 14 308 320 321 309
335 3 2 0 14 309 321 296 297
336 3 2 0 14 20 21 322 310
337 3 2 0 14 310 322 323 311
338 3 2 0 14 311 323 324 312
339 3 2 0 14 312 324 325 313
340 3 2 0 14 313 325 326 314
341 3 2 0 14 314 326 327 315
342 3 2 0 14 315 327 328 316
343 3 2 0 14 316 328 329 317
344 3 2 0 14 317 329 330 318
345 3 2 0 14 318 330 331 319
346 3 2 0 14 319 331 332 320
347 3 2 0 14 320 332 333 321
348 3 2 0 14 321 333 295 296
349 3 2 0 14 21 22 334 322
350 3 2 0 14 322 334 335 323
351 3 2 0 14 323 335 336 324
352 3 2 0 14 324 336 337 325
353 3 2 0 14 325 337 338 326
354 3 2 0 14 326 338 339 327
355 3 2 0 14 327 339 340 328
356 3 2 0 14 328 340 341 329
357 3 2 0 14 329 341 342 330
358 3 2 0 14 330 342 343 331
359 3 2 0 14 331 343 344 332
360 3 2 0 14 332 344 345 333
361 3 2 0 14 333 345 294 295
362 3 2 0 14 22 23 346 334
363 3 2 0 14 334 346 347 335
364 3 2 0 14 335 347 348 336
365 3 2 0 14 336 348 349 337
366 3 2 0 14 337 349 350 338
367 3 2 0 14 338 350 351 339
368 3 2 0 14 339 351 352 340
369 3 2 0 14 340 352 353 341
370 3 2 0 14 341 353 354 342
371 3 2 0 14 342 354 355 343
372 3 2 0 14 343 355 356 344
373 3 2 0 14 344 356 357 345
374 3 2 0 14 345 357 293 294
375 3 2 0 14 23 24 358 346
376 3 2 0 14 346 358 359 347
377 3 2 0 14 347 359 360 348
378 3 2 0 14 348 360 361 349
379 3 2 0 14 349 361 362 350
380 3 2 0 14 350 362 363 351
381 3 2 0 14 351 363 364 352
382 3 2 0 14 352 364 365 353
383 3 2 0 14 353 365 366 354
384 3 2 0 14 354 366 367 355
385 3 2 0 14 355 367 368 356
386 3 2 0 14 356 368 369 357
387 3 2 0 14 357 369 292 293
388 3 2 0 14 24 25 370 358
389 3 2 0 14 358 370 371 359
390 3 2 0 14 359 371 372 360
391 3 2 0 14 360 372 373 361
392 3 2 0 14 361 373 374 362
393 3 2 0 14 362 374 375 363
394 3 2 0 14 363 375 376 364
395 3 2 0 14 364 376 377 365
396 3 2 0 14 365 377 378 366
397 3 2 0 14 366 378 379 367
398 3 2 0 14 367 379 380 368
399 3 2 0 14 368 380 381 369
400 3 2 0 14 369 381 291 292
401 3 2 0 14 25 26 382 370
402 3 2 0 14 370 382 383 371
403 3 2 0 14 371 383 384 372
404 3 2 0 14 372 384 385 373
405 3 2 0 14 373 385 386 374
406 3 2 0 14 374 386 387 375
407 3 2 0 14 375 387 388 376
408 3 2 0 14 376 388 389 377
409 3 2 0 14 377 389 390 378
410 3 2 0 14 378 390 391 379
411 3 2 0 14 379 391 392 380
412 3 2 0 14 380 392 393 381
413 3 2 0 14 381 393 290 291
414 3 2 0 14 26 27 394 382
415 3 2 0 14 382 394 395 383
416 3 2 0 14 383 395 396 384
417 3 2 0 14 384 396 397 385
418 3 2 0 14 385 397 398 386
419 3 2 0 14 386 398 399 387
420 3 2 0 14 387 399 400 388
421 3 2 0 14 388 400 401 389
422 3 2 0 14 389 401 402 390
423 3 2 0 14 390 402 403 391
424 3 2 0 14 391 403 404 392
425 3 2 0 14 392 404 405 393
426 3 2 0 14 393 405 289 290
427 3 2 0 14 27 28 406 394
428 3 2 0 14 394 406 407 395
429 3 2 0 14 395 407 408 396
430 3 2 0 14 396 408 409 397
431 3 2 0 14 397 409 410 398
432 3 2 0 14 398 410 411 399
433 3 2 0 14 399 411 412 400
434 3 2 0 14 400 412 413 401
435 3 2 0 14 401 413 414 402
436 3 2 0 14 402 414 415 403
437 3 2 0 14 403 415 416 404
438 3 2 0 14 404 416 417 405
439 3 2 0 14 405 417 288 289
440 3 2 0 14 28 29 418 406
441 3 2 0 14 406 418 419 407
442 3 2 0 14 407 419 420 408
443 3 2 0 14 408 420 421 409
444 3 2 0 14 409 421 422 410
445 3 2 0 14 410 422 423 411
446 3 2 0 14 411 423 424 412
447 3 2 0 14 412 424 425 413
448 3 2 0 14 413 425 426 414
449 3 2 0 14 414 426 427 415
450 3 2 0 14 415 427 428 416
451 3 2 0 14 416 428 429 417
452 3 2 0 14 417 429 287 288
453 3 2 0 14 29 30 430 418
454 3 2 0 14 418 430 431 419
455 3 2 0 14 419 431 432 420
456 3 2 0 14 420 432 433 421
457 3 2 0 14 421 433 434 422
458 3 2 0 14 422 434 435 423
459 3 2 0 14 423 435 436 424
460 3 2 0 14 424 436 437 425
461 3 2 0 14 425 437 438 426
462 3 2 0 14 426 438 439 427
463 3 2 0 14 427 439 440 428
464 3 2 0 14 428 440 441 429
465 3 2 0 14 429 441 286 287
466 3 2 0 14 30 31 442 430
467 3 2 0 14 430 442 443 431
468 3 2 0 14 431 443 444 432
469 3 2 0 14 432 444 445 433
470 3 2 0 14 433 445 446 434
471 3 2 0 14 434 446 447 435
472 3 2 0 14 435 447 448 436
473 3 2 0 14 436 448 449 437
474 3 2 0 14 437 449 450 438
475 3 2 0 14 438 450 451 439
476 3 2 0 14 439 451 452 440
477 3 2 0 14 440 452 453 441
478 3 2 0 14 441 453 285 286
479 3 2 0 14 31 32 454 442
480 3 2 0 14 442 454 455 443
481 3 2 0 14 443 455 456 444
482 3 2 0 14 444 456 457 445
483 3 2 0 14 445 457 458 446
484 3 2 0 14 446 458 459 447
485 3 2 0 14 447 459 460 448
486 3 2 0 14 448 460 461 449
487 3 2 0 14 449 461 462 450
488 3 2 0 14 450 462 463 451
489 3 2 0 14 451 463 464 452
490 3 2 0 14 452 464 465 453
491 3 2 0 14 453 465 284 285
492 3 2 0 14 32 33 466 454
493 3 2 0 14 454 466 467 455
494 3 2 0 14 455 467 468 456
495 3 2 0 14 456 468 469 457
496 3 2 0 14 457 469 470 458
497 3 2 0 14 458 470 471 459
498 3 2 0 14 459 471 472 460
499 3 2 0 14 460 472 473 461
500 3 2 0 14 461 473 474 462
501 3 2 0 14 462 474 475 463
502 3 2 0 14 463 475 476 464
503 3 2 0 14 464 476 477 465
504 3 2 0 14 465 477 283 284
505 3 2 0 14 33 34 478 466
506 3 2 0 14 466 478 479 467
507 3 2 0 14 467 479 480 468
508 3 2 0 14 468 480 481 469
509 3 2 0 14 469 481 482 470
510 3 2 0 14 470 482 483 471
511 3 2 0 14 471 483 484 472
512 3 2 0 14 472 484 485 473
513 3 2 0 14 473 485 486 474
514 3 2 0 14 474 486 487 475
515 3 2 0 14 475 487 488 476
516 3 2 0 14 476 488 489 477
517 3 2 0 14 477 489 282 283
518 3 2 0 14 34 35 490 478
519 3 2 0 14 478 490 491 479
520 3 2 0 14 479 491 492 480
521 3 2 0 14 480 492 493 481
522 3 2 0 14 481 493 494 482
523 3 2 0 14 482 494 495 483
524 3 2 0 14 483 495 496 484
525 3 2 0 14 484 496 497 485
526 3 2 0 14 485 497 498 486
527 3 2 0 14 486 498 499 487
528 3 2 0 14 487 499 500 488
529 3 2 0 14 488 500 501 489
530 3 2 0 14 489 501 281 282
531 3 2 0 14 35 36 502 490
532 3 2 0 14 490 502 503 491
533 3 2 0 14 491 503 504 492
534 3 2 0 14 492 504 505 493
535 3 2 0 14 493 505 506 494
536 3 2 0 14 494 506 507 495
537 3 2 0 14 495 507 508 496
538 3 2 0 14 496 508 509 497
539 3 2 0 14 497 509 510 498
540 3 2 0 14 498 510 511 499
541 3 2 0 14 499 511 512 500
542 3 2 0 14 500 512 513 501
543 3 2 0 14 501 513 280 281
544 3 2 0 14 36 37 514 502
545 3 2 0 14 502 514 515 503
546 3 2 0 14 503 515 516 504
547 3 2 0 14 504 516 517 505
548 3 2 0 14 505 517 518 506
549 3 2 0 14 506 518 519 507
550 3 2 0 14 507 519 520 508
551 3 2 0 14 508 520 521 509
552 3 2 0 14 509 521 522 510
553 3 2 0 14 510 522 523 511
554 3 2 0 14 511 523 524 512
555 3 2 0 14 512 524 525 513
556 3 2 0 14 513 525 279 280
557 3 2 0 14 37 38 526 514
558 3 2 0 14 514 526 527 515
559 3 2 0 14 515 527 528 516
560 3 2 0 14 516 528 529 517
561 3 2 0 14 517 529 530 518
562 3 2 0 14 518 530 531 519
563 3 2 0 14 519 531 532 520
564 3 2 0 14 520 532 533 521
565 3 2 0 14 521 533 534 522
566 3 2 0 14 522 534 535 523
567 3 2 0 14 523 535 536 524
568 3 2 0 14 524 536 537 525
569 3 2 0 14 525 537 278 279
570 3 2 0 14 38 39 538 526
571 3 2 0 14 526 538 539 527
572 3 2 0 14 527 539 540 528
573 3 2 0 14 528 540 541 529
574 3 2 0 14 529 541 542 530
575 3 2 0 14 530 542 543 531
576 3 2 0 14 531 543 544 532
577 3 2 0 14 532 544 545 533
578 3 2 0 14 533 545 546 534
579 3 2 0 14 534 546 547 535
580 3 2 0 14 535 547 548 536
581 3 2 0 14 536 548 549 537
582 3 2 0 14 537 549 277 278
583 3 2 0 14 39 40 550 538
584 3 2 0 14 538 550 551 539
585 3 2 0 14 539 551 552 540
586 3 2 0 14 540 552 553 541
587 3 2 0 14 541 553 554 542
588 3 2 0 14 542 554 555 543
589 3 2 0 14 543 555 556 544
590 3 2 0 14 544 556 557 545
591 3 2 0 14 545 557 558 546
592 3 2 0 14 546 558 559 547
593 3 2 0 14 547 559 560 548
594 3 2 0 14 548 560 561 549
595 3 2 0 14 549 561 276 277
596 3 2 0 14 40 41 562 550
597 3 2 0 14 550 562 563 551
598 3 2 0 14 551 563 564 552
599 3 2 0 14 552 564 565 553
600 3 2 0 14 553 565 566 554
601 3 2 0 14 554 566 567 555
602 3 2 0 14 555 567 568 556
603 3 2 0 14 556 568 569 557
604 3 2 0 14 557 569 570 558
605 3 2 0 14 558 570 571 559
606 3 2 0 14 559 571 572 560
607 3 2 0 14 560 572 573 561
608 3 2 0 14 561 573 275 276
609 3 2 0 14 41 42 574 562
610 3 2 0 14 562 574 575 563
611 3 2 0 14 563 575 576 564
612 3 2 0 14 564 576 577 565
613 3 2 0 14 565 577 578 566
614 3 2 0 14 566 578 579 567
615 3 2 0 14 567 579 580 568
616 3 2 0 14 568 580 581 569
617 3 2 0 14 569 581 582 570
618 3 2 0 14 570 582 583 571
619 3 2 0 14 571 583 584 572
620 3 2 0 14 572 584 585 573
621 3 2 0 14 573 585 274 275
622 3 2 0 14 42 43 586 574
623 3 2 0 14 574 586 587 575
624 3 2 0 14 575 587 588 576
625 3 2 0 14 576 588 589 577
626 3 2 0 14 577 589 590 578
627 3 2 0 14 578 590 591 579
628 3 2 0 14 579 591 592 580
629 3 2 0 14 580 592 593 581
630 3 2 0 14 581 593 594 582
631 3 2 0 14 582 594 595 583
632 3 2 0 14 583 595 596 584
633 3 2 0 14 584 596 597 585
634 3 2 0 14 585 597 273 274
635 3 2 0 14 43 44 598 586
636 3 2 0 14 586 598 599 587
637 3 2 0 14 587 599 600 588
638 3 2 0 14 588 600 601 589
639 3 2 0 14 589 601 602 590
640 3 2 0 14 590 602 603 591
641 3 2 0 14 591 603 604 592
642 3 2 0 14 592 604 605 593
643 3 2 0 14 593 605 606 594
644 3 2 0 14 594 606 607 595
645 3 2 0 14 595 607 608 596
646 3 2 0 14 596 608 609 597
647 3 2 0 14 597 609 272 273
648 3 2 0 14 44 45 610 598
649 3 2 0 14 598 610 611 599
650 3 2 0 14 599 611 612 600
651 3 2 0 14 600 612 613 601
652 3 2 0 14 601 613 614 602
653 3 2 0 14 602 614 615 603
654 3 2 0 14 603 615 616 604
655 3 2 0 14 604 616 617 605
656 3 2 0 14 605 617 618 606
657 3 2 0 14 606 618 619 607
658 3 2 0 14 607 619 620 608
659 3 2 0 14 608 620 621 609
660 3 2 0 14 609 621 271 272
661 3 2 0 14 45 46 622 610
662 3 2 0 14 610 622 623 611
663 3 2 0 14 611 623 624 612
664 3 2 0 14 612 624 625 613
665 3 2 0 14 613 625 626 614
666 3 2 0 14 614 626 627 615
667 3 2 0 14 615 627 628 616
668 3 2 0 14 616 628 629 617
669 3 2 0 14 617 629 630 618
670 3 2 0 14 618 630 631 619
671 3 2 0 14 619 631 632 620
672 3 2 0 14 620 632 633 621
673 3 2 0 14 621 633 270 271
674 3 2 0 14 46 47 634 622
675 3 2 0 14 622 634 635 623
676 3 2 0 14 623 635 636 624
677 3 2 0 14 624 636 637 625
678 3 2 0 14 625 637 638 626
679 3 2 0 14 626 638 639 627
680 3 2 0 14 627 639 640 628
681 3 2 0 14 628 640 641 629
682 3 2 0 14 629 641 642 630
683 3 2 0 14 630 642 643 631
684 3 2 0 14 631 643 644 632
685 3 2 0 14 632 644 645 633
686 3 2 0 14 633 645 269 270
687 3 2 0 14 47 48 646 634
688 3 2 0 14 634 646 647 635
689 3 2 0 14 635 647 648 636
690 3 2 0 14 636 648 649 637
691 3 2 0 14 637 649 650 638
692 3 2 0 14 638 650 651 639
693 3 2 0 14 639 651 652 640
694 3 2 0 14 640 652 653 641
695 3 2 0 14 641 653 654 642
696 3 2 0 14 642 654 655 643
697 3 2 0 14 643 655 656 644
698 3 2 0 14 644 656 657 645
699 3 2 0 14 645 657 268 269
700 3 2 0 14 48 49 658 646
701 3 2 0 14 646 658 659 647
702 3 2 0 14 647 659 660 648
703 3 2 0 14 648 660 661 649
704 3 2 0 14 649 661 662 650
705 3 2 0 14 650 662 663 651
706 3 2 0 14 651 663 664 652
707 3 2 0 14 652 664 665 653
708 3 2 0 14 653 665 666 654
709 3 2 0 14 654 666 667 655
710 3 2 0 14 655 667 668 656
711 3 2 0 14 656 668 669 657
712 3 2 0 14 657 669 267 268
713 3 2 0 14 49 50 670 658
714 3 2 0 14 658 670 671 659
715 3 2 0 14 659 671 672 660
716 3 2 0 14 660 672 673 661
717 3 2 0 14 661 673 674 662
718 3 2 0 14 662 674 675 663
719 3 2 0 14 663 675 676 664
720 3 2 0 14 664 676 677 665
721 3 2 0 14 665 677 678 666
722 3 2 0 14 666 678 679 667
723 3 2 0 14 667 679 680 668
724 3 2 0 14 668 680 681 669
725 3 2 0 14 669 681 266 267
726 3 2 0 14 50 51 682 670
727 3 2 0 14 670 682 683 671
728 3 2 0 14 671 683 684 672
729 3 2 0 14 672 684 685 673
730 3 2 0 14 673 685 686 674
731 3 2 0 14 674 686 687 675
732 3 2 0 14 675 687 688 676
733 3 2 0 14 676 688 689 677
734 3 2 0 14 677 689 690 678
735 3 2 0 14 678 690 691 679
736 3 2 0 14 679 691 692 680
737 3 2 0 14 680 692 693 681
738 3 2 0 14 681 693 265 266
739 3 2 0 14 51 52 694 682
740 3 2 0 14 682 694 695 683
741 3 2 0 14 683 695 696 684
742 3 2 0 14 684 696 697 685
743 3 2 0 14 685 697 698 686
744 3 2 0 14 686 698 699 687
745 3 2 0 14 687 699 700 688
746 3 2 0 14 688 700 701 689
747 3 2 0 14 689 701 702 690
748 3 2 0 14 690 702 703 691
749 3 2 0 14 691 703 704 692
750 3 2 0 14 692 704 705 693
751 3 2 0 14 693 705 264 265
752 3 2 0 14 52 53 706 694
753 3 2 0 14 694 706 707 695
754 3 2 0 14 695 707 708 696
755 3 2 0 14 696 708 709 697
756 3 2 0 14 697 709 710 698
757 3 2 0 14 698 710 711 699
758 3 2 0 14 699 711 712 700
759 3 2 0 14 700 712 713 701
760 3 2 0 14 701 713 714 702
761 3 2 0 14 702 714 715 703
762 3 2 0 14 703 715 716 704
763 3 2 0 14 704 716 717 705
764 3 2 0 14 705 717 263 264
765 3 2 0 14 53 54 718 706
766 3 2 0 14 706 718 719 707
767 3 2 0 14 707 719 720 708
768 3 2 0 14 708 720 721 709
769 3 2 0 14 709 721 722 710
770 3 2 0 14 710 722 723 711
771 3 2 0 14 711 723 724 712
772 3 2 0 14 712 724 725 713
773 3 2 0 14 713 725 726 714
774 3 2 0 14 714 726 727 715
775 3 2 0 14 715 727 728 716
776 3 2 0 14 716 728 729 717
777 3 2 0 14 717 729 262 263
778 3 2 0 14 54 55 730 718
779 3 2 0 14 718 730 731 719
780 3 2 0 14 719 731 732 720
781 3 2 0 14 720 732 733 721
782 3 2 0 14 721 733 734 722
783 3 2 0 14 722 734 735 723
784 3 2 0 14 723 735 736 724
785 3 2 0 14 724 736 737 725
786 3 2 0 14 725 737 738 726
787 3 2 0 14 726 738 739 727
788 3 2 0 14 727 739 740 728
789 3 2 0 14 728 740 741 729
790 3 2 0 14 729 741 261 262
791 3 2 0 14 55 56 742 730
792 3 2 0 14 730 742 743 731
793 3 2 0 14 731 743 744 732
794 3 2 0 14 732 744 745 733
795 3 2 0 14 733 745 746 734
796 3 2 0 14 734 746 747 735
797 3 2 0 14 735 747 748 736
798 3 2 0 14 736 748 749 737
799 3 2 0 14 737 749 750 738
800 3 2 0 14 738 750 751 739
801 3 2 0 14 739 751 752 740
802 3 2 0 14 740 752 753 741
803 3 2 0 14 741 753 260 261
804 3 2 0 14 56 57 754 742
805 3 2 0 14 742 754 755 743
806 3 2 0 14 743 755 756 744
807 3 2 0 14 744 756 757 745
808 3 2 0 14 745 757 758 746
809 3 2 0 14 746 758 759 747
810 3 2 0 14 747 759 760 748
811 3 2 0 14 748 760 761 749
812 3 2 0 14 749 761 762 750
813 3 2 0 14 750 762 763 751
814 3 2 0 14 751 763 764 752
815 3 2 0 14 752 764 765 753
816 3 2 0 14 753 765 259 260
817 3 2 0 14 57 58 766 754
818 3 2 0 14 754 766 767 755
819 3 2 0 14 755 767 768 756
820 3 2 0 14 756 768 769 757
821 3 2 0 14 757 769 770 758
822 3 2 0 14 758 770 771 759
823 3 2 0 14 759 771 772 760
824 3 2 0 14 760 772 773 761
825 3 2 0 14 761 773 774 762
826 3 2 0 14 762 774 775 763
827 3 2 0 14 763 775 776 764
828 3 2 0 14 764 776 777 765
829 3 2 0 14 765 777 258 259
830 3 2 0 14 58 59 778 766
831 3 2 0 14 766 778 779 767
832 3 2 0 14 767 779 780 768
833 3 2 0 14 768 780 781 769
834 3 2 0 14 769 781 782 770
835 3 2 0 14 770 782 783 771
836 3 2 0 14 771 783 784 772
837 3 2 0 14 772 784 785 773
838 3 2 0 14 773 785 786 774
839 3 2 0 14 774 786 787 775
840 3 2 0 14 775 787 788 776
841 3 2 0 14 776 788 789 777
842 3 2 0 14 777 789 257 258
843 3 2 0 14 59 60 790 778
844 3 2 0 14 778 790 791 779
845 3 2 0 14 779 791 792 780
846 3 2 0 14 780 792 793 781
847 3 2 0 14 781 793 794 782
848 3 2 0 14 782 794 795 783
849 3 2 0 14 783 795 796 784
850 3 2 0 14 784 796 797 785
851 3 2 0 14 785 797 798 786
852 3 2 0 14 786 798 799 787
853 3 2 0 14 787 799 800 788
854 3 2 0 14 788 800 801 789
855 3 2 0 14 789 801 256 257
856 3 2 0 14 60 61 802 790
857 3 2 0 14 790 802 803 791
858 3 2 0 14 791 803 804 792
859 3 2 0 14 792 804 805 793
860 3 2 0 14 793 805 806 794
861 3 2 0 14 794 806 807 795
862 3 2 0 14 795 807 808 796
863 3 2 0 14 796 808 809 797
864 3 2 0 14 797 809 810 798
865 3 2 0 14 798 810 811 799
866 3 2 0 14 799 811 812 800
867 3 2 0 14 800 812 813 801
868 3 2 0 14 801 813 255 256
869 3 2 0 14 61 62 814 802
870 3 2 0 14 802 814 815 803
871 3 2 0 14 803 815 816 804
872 3 2 0 14 804 816 817 805
873 3 2 0 14 805 817 818 806
874 3 2 0 14 806 818 819 807
875 3 2 0 14 807 819 820 808
876 3 2 0 14 808 820 821 809
877 3 2 0 14 809 821 822 810
878 3 2 0 14 810 822 823 811
879 3 2 0 14 811 823 824 812
880 3 2 0 14 812 824 825 813
881 3 2 0 14 813 825 254 255
882 3 2 0 14 62 63 826 814
883 3 2 0 14 814 826 827 815
884 3 2 0 14 815 827 828 816
885 3 2 0 14 816 828 829 817
886 3 2 0 14 817 829 830 818
887 3 2 0 14 818 830 831 819
888 3 2 0 14 819 831 832 820
889 3 2 0 14 820 832 833 821
890 3 2 0 14 821 833 834 822
891 3 2 0 14 822 834 835 823
892 3 2 0 14 823 835 836 824
893 3 2 0 14 824 836 837 825
894 3 2 0 14 825 837 253 254
895 3 2 0 14 63 64 838 826
896 3 2 0 14 826 838 839 827
897 3 2 0 14 827 839 840 828
898 3 2 0 14 828 840 841 829
899 3 2 0 14 829 841 842 830
900 3 2 0 14 830 842 843 831
901 3 2 0 14 831 843 844 832
902 3 2 0 14 832 844 845 833
903 3 2 0 14 833 845 846 834
904 3 2 0 14 834 846 847 835
905 3 2 0 14 835 847 848 836
906 3 2 0 14 836 848 849 837
907 3 2 0 14 837 849 252 253
908 3 2 0 14 64 65 850 838
909 3 2 0 14 838 850 851 839
910 3 2 0 14 839 851 852 840
911 3 2 0 14 840 852 853 841
912 3 2 0 14 841 853 854 842
913 3 2 0 14 842 854 855 843
914 3 2 0 14 843 855 856 844
915 3 2 0 14 844 856 857 845
916 3 2 0 14 845 857 858 846
917 3 2 0 14 846 858 859 847
918 3 2 0 14 847 859 860 848
919 3 2 0 14 848 860 861 849
920 3 2 0 14 849 861 251 252
921 3 2 0 14 65 66 862 850
922 3 2 0 14 850 862 863 851
923 3 2 0 14 851 863 864 852
924 3 2 0 14 852 864 865 853
925 3 2 0 14 853 865 866 854
926 3 2 0 14 854 866 867 855
927 3 2 0 14 855 867 868 856
928 3 2 0 14 856 868 869 857
929 3 2 0 14 857 869 870 858
930 3 2 0 14 858 870 871 859
931 3 2 0 14 859 871 872 860
932 3 2 0 14 860 872 873 861
933 3 2 0 14 861 873 250 251
934 3 2 0 14 66 67 874 862
935 3 2 0 14 862 874 875 863
936 3 2 0 14 863 875 876 864
937 3 2 0 14 864 876 877 865
938 3 2 0 14 865 877 878 866
939 3 2 0 14 866 878 879 867
940 3 2 0 14 867 879 880 868
941 3 2 0 14 868 880 881 869
942 3 2 0 14 869 881 882 870
943 3 2 0 14 870 882 883 871
944 3 2 0 14 871 883 884 872
945 3 2 0 14 872 884 885 873
946 3 2 0 14 873 885 249 250
947 3 2 0 14 67 3 68 874
948 3 2 0 14 874 68 69 875
949 3 2 0 14 875 69 70 876
950 3 2 0 14 876 70 71 877
951 3 2 0 14 877 71 72 878
952 3 2 0 14 878 72 73 879
953 3 2 0 14 879 73 74 880
954 3 2 0 14 880 74 75 881
955 3 2 0 14 881 75 76 882
956 3 2 0 14 882 76 77 883
957 3 2 0 14 883 77 78 884
958 3 2 0 14 884 78 79 885
959 3 2 0 14 885 79 4 249
960 3 2 0 16 4 80 886 249
961 3 2 0 16 80 81 887 886
962 3 2 0 16 81 82 888 887
963 3 2 0 16 82 83 889 888
964 3 2 0 16 83 84 890 889
965 3 2 0 16 84 85 891 890
966 3 2 0 16 85 86 892 891
967 3 2 0 16 86 87 893 892
968 3 2 0 16 87 88 894 893
969 3 2 0 16 88 89 895 894
970 3 2 0 16 89 90 896 895
971 3 2 0 16 90 91 897 896
972 3 2 0 16 91 92 898 897
973 3 2 0 16 92 93 899 898
974 3 2 0 16 93 94 900 899
975 3 2 0 16 94 95 901 900
976 3 2 0 16 95 96 902 901
977 3 2 0 16 96 97 903 902
978 3 2 0 16 97 98 904 903
979 3 2 0 16 98 99 905 904
980 3 2 0 16 99 100 906 905
981 3 2 0 16 100 101 907 906
982 3 2 0 16 101 102 908 907
983 3 2 0 16 102 103 909 908
984 3 2 0 16 103 104 910 909
985 3 2 0 16 104 105 911 910
986 3 2 0 16 105 5 106 911
987 3 2 0 16 249 886 912 250
988 3 2 0 16 886 887 913 912
989 3 2 0 16 887 888 914 913
990 3 2 0 16 888 889 915 914
991 3 2 0 16 889 890 916 915
992 3 2 0 16 890 891 917 916
993 3 2 0 16 891 892 918 917
994 3 2 0 16 892 893 919 918
995 3 2 0 16 893 894 920 919
996 3 2 0 16 894 895 921 920
997 3 2 0 16 895 896 922 921
998 3 2 0 16 896 897 923 922
999 3 2 0 16 897 898 924 923
1000 3 2 0 16 898 899 925 924
1001 3 2 0 16 899 900 926 925
1002 3 2 0 16 900 901 927 926
1003 3 2 0 16 901 902 928 927
1004 3 2 0 16 902 903 929 928
1005 3 2 0 16 903 904 930 929
1006 3 2 0 16 904 905 931 930
1007 3 2 0 16 905 906 932 931
1008 3 2 0 16 906 907 933 932
1009 3 2 0 16 907 908 934 933
1010 3 2 0 16 908 909 935 934
1011 3 2 0 16 909 910 936 935
1012 3 2 0 16 910 911 937 936
1013 3 2 0 16 911 106 107 937
1014 3 2 0 16 250 912 938 251
1015 3 2 0 16 912 913 939 938
1016 3 2 0 16 913 914 940 939
1017 3 2 0 16 914 915 941 940
1018 3 2 0 16 915 916 942 941
1019 3 2 0 16 916 917 943 942
1020 3 2 0 16 917 918 944 943
1021 3 2 0 16 918 919 945 944
1022 3 2 0 16 919 920 946 945
1023 3 2 0 16 920 921 947 946
1024 3 2 0 16 921 922 948 947
1025 3 2 0 16 922 923 949 948
1026 3 2 0 16 923 924 950 949
1027 3 2 0 16 924 925 951 950
1028 3 2 0 16 925 926 952 951
1029 3 2 0 16 926 927 953 952
1030 3 2 0 16 927 928 954 953
1031 3 2 0 16 928 929 955 954
1032 3 2 0 16 929 930 956 955
1033 3 2 0 16 930 931 957 956
1034 3 2 0 16 931 932 958 957
1035 3 2 0 16 932 933 959 958
1036 3 2 0 16 933 934 960 959
1037 3 2 0 16 934 935 961 960
1038 3 2 0 16 935 936 962 961
1039 3 2 0 16 936 937 963 962
1040 3 2 0 16 937 107 108 963
1041 3 2 0 16 251 938 964 252
1042 3 2 0 16 938 939 965 964
1043 3 2 0 16 939 940 966 965
1044 3 2 0 16 940 941 967 966
1045 3 2 0 16 941 942 968 967
1046 3 2 0 16 942 943 969 968
1047 3 2 0 16 943 944 970 969
1048 3 2 0 16 944 945 971 970
1049 3 2 0 16 945 946 972 971
1050 3 2 0 16 946 947 973 972
1051 3 2 0 16 947 948 974 973
1052 3 2 0 16 948 949 975 974
1053 3 2 0 16 949 950 976 975
1054 3 2 0 16 950 951 977 976
1055 3 2 0 16 951 952 978 977
1056 3 2 0 16 952 953 979 978
1057 3 2 0 16 953 954 980 979
1058 3 2 0 16 954 955 981 980
1059 3 2 0 16 955 956 982 981
1060 3 2 0 16 956 957 983 982
1061 3 2 0 16 957 958 984 983
1062 3 2 0 16 958 959 985 984
1063 3 2 0 16 959 960 986 985
1064 3 2 0 16 960 961 987 986
1065 3 2 0 16 961 962 988 987
1066 3 2 0 16 962 963 989 988
1067 3 2 0 16 963 108 109 989
1068 3 2 0 16 252 964 990 253
1069 3 2 0 16 964 965 991 990
1070 3 2 0 16 965 966 992 991
1071 3 2 0 16 966 967 993 992
1072 3 2 0 16 967 968 994 993
1073 3 2 0 16 968 969 995 994
1074 3 2 0 16 969 970 996 995
1075 3 2 0 16 970 971 997 996
1076 3 2 0 16 971 972 998 997
1077 3 2 0 16 972 973 999 998
1078 3 2 0 16 973 974 1000 999
1079 3 2 0 16 974 975 1001 1000
1080 3 2 0 16 975 976 1002 1001
1081 3 2 0 16 976 977 1003 1002
1082 3 2 0 16 977 978 1004 1003
1083 3 2 0 16 978 979 1005 1004
1084 3 2 0 16 979 980 1006 1005
1085 3 2 0 16 980 981 1007 1006
1086 3 2 0 16 981 982 1008 1007
1087 3 2 0 16 982 983 1009 1008
1088 3 2 0 16 983 984 1010 1009
1089 3 2 0 16 984 985 1011 1010
1090 3 2 0 16 985 986 1012 1011
1091 3 2 0 16 986 987 1013 1012
1092 3 2 0 16 987 988 1014 1013
1093 3 2 0 16 988 989 1015 1014
1094 3 2 0 16 989 109 110 1015
1095 3 2 0 16 253 990 1016 254
1096 3 2 0 16 990 991 1017 1016
1097 3 2 0 16 991 992 1018 1017
1098 3 2 0 16 992 993 1019 1018
1099 3 2 0 16 993 994 1020 1019
1100 3 2 0 16 994 995 1021 1020
1101 3 2 0 16 995 996 1022 1021
1102 3 2 0 16 996 997 1023 1022
1103 3 2 0 16 997 998 1024 1023
1104 3 2 0 16 998 999 1025 1024
1105 3 2 0 16 999 1000 1026 1025
1106 3 2 0 16 1000 1001 1027 1026
1107 3 2 0 16 1001 1002 1028 1027
1108 3 2 0 16 1002 1003 1029 1028
1109 3 2 0 16 1003 1004 1030 1029
1110 3 2 0 16 1004 1005 1031 1030
1111 3 2 0 16 1005 1006 1032 1031
1112 3 2 0 16 1006 1007 1033 1032
1113 3 2 0 16 1007 1008 1034 1033
1114 3 2 0 16 1008 1009 1035 1034
1115 3 2 0 16 1009 1010 1036 1035
1116 3 2 0 16 1010 1011 1037 1036
1117 3 2 0 16 1011 1012 1038 1037
1118 3 2 0 16 1012 1013 1039 1038
1119 3 2 0 16 1013 1014 1040 1039
1120 3 2 0 16 1014 1015 1041 1040
1121 3 2 0 16 1015 110 111 1041
1122 3 2 0 16 254 1016 1042 255
1123 3 2 0 16 1016 1017 1043 1042
1124 3 2 0 16 1017 1018 1044 1043
1125 3 2 0 16 1018 1019 1045 1044
1126 3 2 0 16 1019 1020 1046 1045
1127 3 2 0 16 1020 1021 1047 1046
1128 3 2 0 16 1021 1022 1048 1047
1129 3 2 0 16 1022 1023 1049 1048
1130 3 2 0 16 1023 1024 1050 1049
1131 3 2 0 16 1024 1025 1051 1050
1132 3 2 0 16 1025 1026 1052 1051
1133 3 2 0 16 1026 1027 1053 1052
1134 3 2 0 16 1027 1028 1054 1053
1135 3 2 0 16 1028 1029 1055 1054
1136 3 2 0 16 1029 1030 1056 1055
1137 3 2 0 16 1030 1031 1057 1056
1138 3 2 0 16 1031 1032 1058 1057
1139 3 2 0 16 1032 1033 1059 1058
1140 3 2 0 16 1033 1034 1060 1059
1141 3 2 0 16 1034 1035 1061 1060
1142 3 2 0 16 1035 1036 1062 1061
1143 3 2 0 16 1036 1037 1063 1062
1144 3 2 0 16 1037 1038 1064 1063
1145 3 2 0 16 1038 1039 1065 1064
1146 3 2 0 16 1039 1040 1066 1065
1147 3 2 0 16 1040 1041 1067 1066
1148 3 2 0 16 1041 111 112 1067
1149 3 2 0 16 255 1042 1068 256
1150 3 2 0 16 1042 1043 1069 1068
1151 3 2 0 16 1043 1044 1070 1069
1152 3 2 0 16 1044 1045 1071 1070
1153 3 2 0 16 1045 1046 1072 1071
1154 3 2 0 16 1046 1047 1073 1072
1155 3 2 0 16 1047 1048 1074 1073
1156 3 2 0 16 1048 1049 1075 1074
1157 3 2 0 16 1049 1050 1076 1075
1158 3 2 0 16 1050 1051 1077 1076
1159 3 2 0 16 1051 1052 1078 1077
1160 3 2 0 16 1052 1053 1079 1078
1161 3 2 0 16 1053 1054 1080 1079
1162 3 2 0 16 1054 1055 1081 1080
1163 3 2 0 16 1055 1056 1082 1081
1164 3 2 0 16 1056 1057 1083 1082
1165 3 2 0 16 1057 1058 1084 1083
1166 3 2 0 16 1058 1059 1085 1084
1167 3 2 0 16 1059 1060 1086 1085
1168 3 2 0 16 1060 1061 1087 1086
1169 3 2 0 16 1061 1062 1088 1087
1170 3 2 0 16 1062 1063 1089 1088
1171 3 2 0 16 1063 1064 1090 1089
1172 3 2 0 16 1064 1065 1091 1090
1173 3 2 0 16 1065 1066 1092 1091
1174 3 2 0 16 1066 1067 1093 1092
1175 3 2 0 16 1067 112 113 1093
1176 3 2 0 16 256 1068 1094 257
1177 3 2 0 16 1068 1069 1095 1094
1178 3 2 0 16 1069 1070 1096 1095
1179 3 2 0 16 1070 1071 1097 1096
1180 3 2 0 16 1071 1072 1098 1097
1181 3 2 0 16 1072 1073 1099 1098
1182 3 2 0 16 1073 1074 1100 1099
1183 3 2 0 16 1074 1075 1101 1100
1184 3 2 0 16 1075 1076 1102 1101
1185 3 2 0 16 1076 1077 1103 1102
1186 3 2 0 16 1077 1078 1104 1103
1187 3 2 0 16 1078 1079 1105 1104
1188 3 2 0 16 1079 1080 1106 1105
1189 3 2 0 16 1080 1081 1107 1106
1190 3 2 0 16 1081 1082 1108 1107
1191 3 2 0 16 1082 1083 1109 1108
1192 3 2 0 16 1083 1084 1110 1109
1193 3 2 0 16 1084 1085 1111 1110
1194 3 2 0 16 1085 1086 1112 1111
1195 3 2 0 16 1086 1087 1113 1112
1196 3 2 0 16 1087 1088 1114 1113
1197 3 2 0 16 1088 1089 1115 1114
1198 3 2 0 16 1089 1090 1116 1115
1199 3 2 0 16 1090 1091 1117 1116
1200 3 2 0 16 1091 1092 1118 1117
1201 3 2 0 16 1092 1093 1119 1118
1202 3 2 0 16 1093 113 114 1119
1203 3 2 0 16 257 1094 1120 258
1204 3 2 0 16 1094 1095 1121 1120
1205 3 2 0 16 1095 1096 1122 1121
1206 3 2 0 16 1096 1097 1123 1122
1207 3 2 0 16 1097 1098 1124 1123
1208 3 2 0 16 1098 1099 1125 1124
1209 3 2 0 16 1099 1100 1126 1125
1210 3 2 0 16 1100 1101 1127 1126
1211 3 2 0 16 1101 1102 1128 1127
1212 3 2 0 16 1102 1103 1129 1128
1213 3 2 0 16 1103 1104 1130 1129
1214 3 2 0 16 1104 1105 1131 1130
1215 3 2 0 16 1105 1106 1132 1131
1216 3 2 0 16 1106 1107 1133 1132
1217 3 2 0 16 1107 1108 1134 1133
1218 3 2 0 16 1108 1109 1135 1134
1219 3 2 0 16 1109 1110 1136 1135
1220 3 2 0 16 1110 1111 1137 1136
1221 3 2 0 16 1111 1112 1138 1137
1222 3 2 0 16 1112 1113 1139 1138
1223 3 2 0 16 1113 1114 1140 1139
1224 3 2 0 16 1114 1115 1141 1140
1225 3 2 0 16 1115 1116 1142 1141
1226 3 2 0 16 1116 1117 1143 1142
1227 3 2 0 16 1117 1118 1144 1143
1228 3 2 0 16 1118 1119 1145 1144
1229 3 2 0 16 1119 114 115 1145
1230 3 2 0 16 258 1120 1146 259
1231 3 2 0 16 1120 1121 1147 1146
1232 3 2 0 16 1121 1122 1148 1147
1233 3 2 0 16 1122 1123 1149 1148
1234 3 2 0 16 1123 1124 1150 1149
1235 3 2 0 16 1124 1125 1151 1150
1236 3 2 0 16 1125 1126 1152 1151
1237 3 2 0 16 1126 1127 1153 1152
1238 3 2 0 16 1127 1128 1154 1153
1239 3 2 0 16 1128 1129 1155 1154
1240 3 2 0 16 1129 1130 1156 1155
1241 3 2 0 16 1130 1131 1157 1156
1242 3 2 0 16 1131 1132 1158 1157
1243 3 2 0 16 1132 1133 1159 1158
1244 3 2 0 16 1133 1134 1160 1159
1245 3 2 0 16 1134 1135 1161 1160
1246 3 2 0 16 1135 1136 1162 1161
1247 3 2 0 16 1136 1137 1163 1162
1248 3 2 0 16 1137 1138 1164 1163
1249 3 2 0 16 1138 1139 1165 1164
1250 3 2 0 16 1139 1140 1166 1165
1251 3 2 0 16 1140 1141 1167 1166
1252 3 2 0 16 1141 1142 1168 1167
1253 3 2 0 16 1142 1143 1169 1168
1254 3 2 0 16 1143 1144 1170 1169
1255 3 2 0 16 1144 1145 1171 1170
1256 3 2 0 16 1145 115 116 1171
1257 3 2 0 16 259 1146 1172 260
1258 3 2 0 16 1146 1147 1173 1172
1259 3 2 0 16 1147 1148 1174 1173
1260 3 2 0 16 1148 1149 1175 1174
1261 3 2 0 16 1149 1150 1176 1175
1262 3 2 0 16 1150 1151 1177 1176
1263 3 2 0 16 1151 1152 1178 1177
1264 3 2 0 16 1152 1153 1179 1178
1265 3 2 0 16 1153 1154 1180 1179
1266 3 2 0 16 1154 1155 1181 1180
1267 3 2 0 16 1155 1156 1182 1181
1268 3 2 0 16 1156 1157 1183 1182
1269 3 2 0 16 1157 1158 1184 1183
1270 3 2 0 16 1158 1159 1185 1184
1271 3 2 0 16 1159 1160 1186 1185
1272 3 2 0 16 1160 1161 1187 1186
1273 3 2 0 16 1161 1162 1188 1187
1274 3 2 0 16 1162 1163 1189 1188
1275 3 2 0 16 1163 1164 1190 1189
1276 3 2 0 16 1164 1165 1191 1190
1277 3 2 0 16 1165 1166 1192 1191
1278 3 2 0 16 1166 1167 1193 1192
1279 3 2 0 16 1167 1168 1194 1193
1280 3 2 0 16 1168 1169 1195 1194
1281 3 2 0 16 1169 1170 1196 1195
1282 3 2 0 16 1170 1171 1197 1196
1283 3 2 0 16 1171 116 117 1197
1284 3 2 0 16 260 1172 1198 261
1285 3 2 0 16 1172 1173 1199 1198
1286 3 2 0 16 1173 1174 1200 1199
1287 3 2 0 16 1174 1175 1201 1200
1288 3 2 0 16 1175 1176 1202 1201
1289 3 2 0 16 1176 1177 1203 1202
1290 3 2 0 16 1177 1178 1204 1203
1291 3 2 0 16 1178 1179 1205 1204
1292 3 2 0 16 1179 1180 1206 1205
1293 3 2 0 16 1180 1181 1207 1206
1294 3 2 0 16 1181 1182 1208 1207
1295 3 2 0 16 1182 1183 1209 1208
1296 3 2 0 16 1183 1184 1210 1209
1297 3 2 0 16 1184 1185 1211 1210
1298 3 2 0 16 1185 1186 1212 1211
1299 3 2 0 16 1186 1187 1213 1212
1300 3 2 0 16 1187 1188 1214 1213
1301 3 2 0 16 1188 1189 1215 1214
1302 3 2 0 16 1189 1190 1216 1215
1303 3 2 0 16 1190 1191 1217 1216
1304 3 2 0 16 1191 1192 1218 1217
1305 3 2 0 16 1192 1193 1219 1218
1306 3 2 0 16 1193 1194 1220 1219
1307 3 2 0 16 1194 1195 1221 1220
1308 3 2 0 16 1195 1196 1222 1221
1309 3 2 0 16 1196 1197 1223 1222
1310 3 2 0 16 1197 117 118 1223
1311 3 2 0 16 261 1198 1224 262
1312 3 2 0 16 1198 1199 1225 1224
1313 3 2 0 16 1199 1200 1226 1225
1314 3 2 0 16 1200 1201 1227 1226
1315 3 2 0 16 1201 1202 1228 1227
1316 3 2 0 16 1202 1203 1229 1228
1317 3 2 0 16 1203 1204 1230 1229
1318 3 2 0 16 1204 1205 1231 1230
1319 3 2 0 16 1205 1206 1232 1231
1320 3 2 0 16 1206 1207 1233 1232
1321 3 2 0 16 1207 1208 1234 1233
1322 3 2 0 16 1208 1209 1235 1234
1323 3 2 0 16 1209 1210 1236 1235
1324 3 2 0 16 1210 1211 1237 1236
1325 3 2 0 16 1211 1212 1238 1237
1326 3 2 0 16 1212 1213 1239 1238
1327 3 2 0 16 1213 1214 1240 1239
1328 3 2 0 16 1214 1215 1241 1240
1329 3 2 0 16 1215 1216 1242 1241
1330 3 2 0 16 1216 1217 1243 1242
1331 3 2 0 16 1217 1218 1244 1243
1332 3 2 0 16 1218 1219 1245 1244
1333 3 2 0 16 1219 1220 1246 1245
1334 3 2 0 16 1220 1221 1247 1246
1335 3 2 0 16 1221 1222 1248 1247
1336 3 2 0 16 1222 1223 1249 1248
1337 3 2 0 16 1223 118 119 1249
1338 3 2 0 16 262 1224 1250 263
1339 3 2 0 16 1224 1225 1251 1250
1340 3 2 0 16 1225 1226 1252 1251
1341 3 2 0 16 1226 1227 1253 1252
1342 3 2 0 16 1227 1228 1254 1253
1343 3 2 0 16 1228 1229 1255 1254
1344 3 2 0 16 1229 1230 1256 1255
1345 3 2 0 16 1230 1231 1257 1256
1346 3 2 0 16 1231 1232 1258 1257
1347 3 2 0 16 1232 1233 1259 1258
1348 3 2 0 16 1233 1234 1260 1259
1349 3 2 0 16 1234 1235 1261 1260
1350 3 2 0 16 1235 1236 1262 1261
1351 3 2 0 16 1236 1237 1263 1262
1352 3 2 0 16 1237 1238 1264 1263
1353 3 2 0 16 1238 1239 1265 1264
1354 3 2 0 16 1239 1240 1266 1265
1355 3 2 0 16 1240 1241 1267 1266
1356 3 2 0 16 1241 1242 1268 1267
1357 3 2 0 16 1242 1243 1269 1268
1358 3 2 0 16 1243 1244 1270 1269
1359 3 2 0 16 1244 1245 1271 1270
1360 3 2 0 16 1245 1246 1272 1271
1361 3 2 0 16 1246 1247 1273 1272
1362 3 2 0 16 1247 1248 1274 1273
1363 3 2 0 16 1248 1249 1275 1274
1364 3 2 0 16 1249 119 120 1275
1365 3 2 0 16 263 1250 1276 264
1366 3 2 0 16 1250 1251 1277 1276
1367 3 2 0 16 1251 1252 1278 1277
1368 3 2 0 16 1252 1253 1279 1278
1369 3 2 0 16 1253 1254 1280 1279
1370 3 2 0 16 1254 1255 1281 1280
1371 3 2 0 16 1255 1256 1282 1281
1372 3 2 0 16 1256 1257 1283 1282
1373 3 2 0 16 1257 1258 1284 1283
1374 3 2 0 16 1258 1259 1285 1284
1375 3 2 0 16 1259 1260 1286 1285
1376 3 2 0 16 1260 1261 1287 1286
1377 3 2 0 16 1261 1262 1288 1287
1378 3 2 0 16 1262 1263 1289 1288
1379 3 2 0 16 1263 1264 1290 1289
1380 3 2 0 16 1264 1265 1291 1290
1381 3 2 0 16 1265 1266 1292 1291
1382 3 2 0 16 1266 1267 1293 1292
1383 3 2 0 16 1267 1268 1294 1293
1384 3 2 0 16 1268 1269 1295 1294
1385 3 2 0 16 1269 1270 1296 1295
1386 3 2 0 16 1270 1271 1297 1296
1387 3 2 0 16 1271 1272 1298 1297
1388 3 2 0 16 1272 1273 1299 1298
1389 3 2 0 16 1273 1274 1300 1299
1390 3 2 0 16 1274 1275 1301 1300
1391 3 2 0 16 1275 120 121 1301
1392 3 2 0 16 264 1276 1302 265
1393 3 2 0 16 1276 1277 1303 1302
1394 3 2 0 16 1277 1278 1304 1303
1395 3 2 0 16 1278 1279 1305 1304
1396 3 2 0 16 1279 1280 1306 1305
1397 3 2 0 16 1280 1281 1307 1306
1398 3 2 0 16 1281 1282 1308 1307
1399 3 2 0 16 1282 1283 1309 1308
1400 3 2 0 16 1283 1284 1310 1309
1401 3 2 0 16 1284 1285 1311 1310
1402 3 2 0 16 1285 1286 1312 1311
1403 3 2 0 16 1286 1287 1313 1312
1404 3 2 0 16 1287 1288 1314 1313
1405 3 2 0 16 1288 1289 1315 1314
1406 3 2 0 16 1289 1290 1316 1315
1407 3 2 0 16 1290 1291 1317 1316
1408 3 2 0 16 1291 1292 1318 1317
1409 3 2 0 16 1292 1293 1319 1318
1410 3 2 0 16 1293 1294 1320 1319
1411 3 2 0 16 1294 1295 1321 1320
1412 3 2 0 16 1295 1296 1322 1321
1413 3 2 0 16 1296 1297 1323 1322
1414 3 2 0 16 1297 1298 1324 1323
1415 3 2 0 16 1298 1299 1325 1324
1416 3 2 0 16 1299 1300 1326 1325
1417 3 2 0 16 1300 1301 1327 1326
1418 3 2 0 16 1301 121 122 1327
1419 3 2 0 16 265 1302 1328 266
1420 3 2 0 16 1302 1303 1329 1328
1421 3 2 0 16 1303 1304 1330 1329
1422 3 2 0 16 1304 1305 1331 1330
1423 3 2 0 16 1305 1306 1332 1331
1424 3 2 0 16 1306 1307 1333 1332
1425 3 2 0 16 1307 1308 1334 1333
1426 3 2 0 16 1308 1309 1335 1334
1427 3 2 0 16 1309 1310 1336 1335
1428 3 2 0 16 1310 1311 1337 1336
1429 3 2 0 16 1311 1312 1338 1337
1430 3 2 0 16 1312 1313 1339 1338
1431 3 2 0 16 1313 1314 1340 1339
1432 3 2 0 16 1314 1315 1341 1340
1433 3 2 0 16 1315 1316 1342 1341
1434 3 2 0 16 1316 1317 1343 1342
1435 3 2 0 16 1317 1318 1344 1343
1436 3 2 0 16 1318 1319 1345 1344
1437 3 2 0 16 1319 1320 1346 1345
1438 3 2 0 16 1320 1321 1347 1346
1439 3 2 0 16 1321 1322 1348 1347
1440 3 2 0 16 1322 1323 1349 1348
1441 3 2 0 16 1323 1324 1350 1349
1442 3 2 0 16 1324 1325 1351 1350
1443 3 2 0 16 1325 1326 1352 1351
1444 3 2 0 16 1326 1327 1353 1352
1445 3 2 0 16 1327 122 123 1353
1446 3 2 0 16 266 1328 1354 267
1447 3 2 0 16 1328 1329 1355 1354
1448 3 2 0 16 1329 1330 1356 1355
1449 3 2 0 16 1330 1331 1357 1356
1450 3 2 0 16 1331 1332 1358 1357
1451 3 2 0 16 1332 1333 1359 1358
1452 3 2 0 16 1333 1334 1360 1359
1453 3 2 0 16 1334 1335 1361 1360
1454 3 2 0 16 1335 1336 1362 1361
1455 3 2 0 16 1336 1337 1363 1362
1456 3 2 0 16 1337 1338 1364 1363
1457 3 2 0 16 1338 1339 1365 1364
1458 3 2 0 16 1339 1340 1366 1365
1459 3 2 0 16 1340 1341 1367 1366
1460 3 2 0 16 1341 1342 1368 1367
1461 3 2 0 16 1342 1343 1369 1368
1462 3 2 0 16 1343 1344 1370 1369
1463 3 2 0 16 1344 1345 1371 1370
1464 3 2 0 16 1345 1346 1372 1371
1465 3 2 0 16 1346 1347 1373 1372
1466 3 2 0 16 1347 1348 1374 1373
1467 3 2 0 16 1348 1349 1375 1374
1468 3 2 0 16 1349 1350 1376 1375
1469 3 2 0 16 1350 1351 1377 1376
1470 3 2 0 16 1351 1352 1378 1377
1471 3 2 0 16 1352 1353 1379 1378
1472 3 2 0 16 1353 123 124 1379
1473 3 2 0 16 267 1354 1380 268
1474 3 2 0 16 1354 1355 1381 1380
1475 3 2 0 16 1355 1356 1382 1381
1476 3 2 0 16 1356 1357 1383 1382
1477 3 2 0 16 1357 1358 1384 1383
1478 3 2 0 16 1358 1359 1385 1384
1479 3 2 0 16 1359 1360 1386 1385
1480 3 2 0 16 1360 1361 1387 1386
1481 3 2 0 16 1361 1362 1388 1387
1482 3 2 0 16 1362 1363 1389 1388
1483 3 2 0 16 1363 1364 1390 1389
1484 3 2 0 16 1364 1365 1391 1390
1485 3 2 0 16 1365 1366 1392 1391
1486 3 2 0 16 1366 1367 1393 1392
1487 3 2 0 16 1367 1368 1394 1393
1488 3 2 0 16 1368 1369 1395 1394
1489 3 2 0 16 1369 1370 1396 1395
1490 3 2 0 16 1370 1371 1397 1396
1491 3 2 0 16 1371 1372 1398 1397
1492 3 2 0 16 1372 1373 1399 1398
1493 3 2 0 16 1373 1374 1400 1399
1494 3 2 0 16 1374 1375 1401 1400
1495 3 2 0 16 1375 1376 1402 1401
1496 3 2 0 16 1376 1377 1403 1402
1497 3 2 0 16 1377 1378 1404 1403
1498 3 2 0 16 1378 1379 1405 1404
1499 3 2 0 16 1379 124 125 1405
1500 3 2 0 16 268 1380 1406 269
1501 3 2 0 16 1380 1381 1407 1406
1502 3 2 0 16 1381 1382 1408 1407
1503 3 2 0 16 1382 1383 1409 1408
1504 3 2 0 16 1383 1384 1410 1409
1505 3 2 0 16 1384 1385 1411 1410
1506 3 2 0 16 1385 1386 1412 1411
1507 3 2 0 16 1386 1387 1413 1412
1508 3 2 0 16 1387 1388 1414 1413
1509 3 2 0 16 1388 1389 1415 1414
1510 3 2 0 16 1389 1390 1416 1415
1511 3 2 0 16 1390 1391 1417 1416
1512 3 2 0 16 1391 1392 1418 1417
1513 3 2 0 16 1392 1393 1419 1418
1514 3 2 0 16 1393 1394 1420 1419
1515 3 2 0 16 1394 1395 1421 1420
1516 3 2 0 16 1395 1396 1422 1421
1517 3 2 0 16 1396 1397 1423 1422
1518 3 2 0 16 1397 1398 1424 1423
1519 3 2 0 16 1398 1399 1425 1424
1520 3 2 0 16 1399 1400 1426 1425
1521 3 2 0 16 1400 1401 1427 1426
1522 3 2 0 16 1401 1402 1428 1427
1523 3 2 0 16 1402 1403 1429 1428
1524 3 2 0 16 1403 1404 1430 1429
1525 3 2 0 16 1404 1405 1431 1430
1526 3 2 0 16 1405 125 126 1431
1527 3 2 0 16 269 1406 1432 270
1528 3 2 0 16 1406 1407 1433 1432
1529 3 2 0 16 1407 1408 1434 1433
1530 3 2 0 16 1408 1409 1435 1434
1531 3 2 0 16 1409 1410 1436 1435
1532 3 2 0 16 1410 1411 1437 1436
1533 3 2 0 16 1411 1412 1438 1437
1534 3 2 0 16 1412 1413 1439 1438
1535 3 2 0 16 1413 1414 1440 1439
1536 3 2 0 16 1414 1415 1441 1440
1537 3 2 0 16 1415 1416 1442 1441
1538 3 2 0 16 1416 1417 1443 1442
1539 3 2 0 16 1417 1418 1444 1443
1540 3 2 0 16 1418 1419 1445 1444
1541 3 2 0 16 1419 1420 1446 1445
1542 3 2 0 16 1420 1421 1447 1446
1543 3 2 0 16 1421 1422 1448 1447
1544 3 2 0 16 1422 1423 1449 1448
1545 3 2 0 16 1423 1424 1450 1449
1546 3 2 0 16 1424 1425 1451 1450
1547 3 2 0 16 1425 1426 1452 1451
1548 3 2 0 16 1426 1427 1453 1452
1549 3 2 0 16 1427 1428 1454 1453
1550 3 2 0 16 1428 1429 1455 1454
1551 3 2 0 16 1429 1430 1456 1455
1552 3 2 0 16 1430 1431 1457 1456
1553 3 2 0 16 1431 126 127 1457
1554 3 2 0 16 270 1432 1458 271
1555 3 2 0 16 1432 1433 1459 1458
1556 3 2 0 16 1433 1434 1460 1459
1557 3 2 0 16 1434 1435 1461 1460
1558 3 2 0 16 1435 1436 1462 1461
1559 3 2 0 16 1436 1437 1463 1462
1560 3 2 0 16 1437 1438 1464 1463
1561 3 2 0 16 1438 1439 1465 1464
1562 3 2 0 16 1439 1440 1466 1465
1563 3 2 0 16 1440 1441 1467 1466
1564 3 2 0 16 1441 1442 1468 1467
1565 3 2 0 16 1442 1443 1469 1468
1566 3 2 0 16 1443 1444 1470 1469
1567 3 2 0 16 1444 1445 1471 1470
1568 3 2 0 16 1445 1446 1472 1471
1569 3 2 0 16 1446 1447 1473 1472
1570 3 2 0 16 1447 1448 1474 1473
1571 3 2 0 16 1448 1449 1475 1474
1572 3 2 0 16 1449 1450 1476 1475
1573 3 2 0 16 1450 1451 1477 1476
1574 3 2 0 16 1451 1452 1478 1477
1575 3 2 0 16 1452 1453 1479 1478
1576 3 2 0 16 1453 1454 1480 1479
1577 3 2 0 16 1454 1455 1481 1480
1578 3 2 0 16 1455 1456 1482 1481
1579 3 2 0 16 1456 1457 1483 1482
1580 3 2 0 16 1457 127 128 1483
1581 3 2 0 16 271 1458 1484 272
1582 3 2 0 16 1458 1459 1485 1484
1583 3 2 0 16 1459 1460 1486 1485
1584 3 2 0 16 1460 1461 1487 1486
1585 3 2 0 16 1461 1462 1488 1487
1586 3 2 0 16 1462 1463 1489 1488
1587 3 2 0 16 1463 1464 1490 1489
1588 3 2 0 16 1464 1465 1491 1490
1589 3 2 0 16 1465 1466 1492 1491
1590 3 2 0 16 1466 1467 1493 1492
1591 3 2 0 16 1467 1468 1494 1493
1592 3 2 0 16 1468 1469 1495 1494
1593 3 2 0 16 1469 1470 1496 1495
1594 3 2 0 16 1470 1471 1497 1496
1595 3 2 0 16 1471 1472 1498 1497
1596 3 2 0 16 1472 1473 1499 1498
1597 3 2 0 16 1473 1474 1500 1499
1598 3 2 0 16 1474 1475 1501 1500
1599 3 2 0 16 1475 1476 1502 1501
1600 3 2 0 16 1476 1477 1503 1502
1601 3 2 0 16 1477 1478 1504 1503
1602 3 2 0 16 1478 1479 1505 1504
1603 3 2 0 16 1479 1480 1506 1505
1604 3 2 0 16 1480 1481 1507 1506
1605 3 2 0 16 1481 1482 1508 1507
1606 3 2 0 16 1482 1483 1509 1508
1607 3 2 0 16 1483 128 129 1509
1608 3 2 0 16 272 1484 1510 273
1609 3 2 0 16 1484 1485 1511 1510
1610 3 2 0 16 1485 1486 1512 1511
1611 3 2 0 16 1486 1487 1513 1512
1612 3 2 0 16 1487 1488 1514 1513
1613 3 2 0 16 1488 1489 1515 1514
1614 3 2 0 16 1489 1490 1516 1515
1615 3 2 0 16 1490 1491 1517 1516
1616 3 2 0 16 1491 1492 1518 1517
1617 3 2 0 16 1492 1493 1519 1518
1618 3 2 0 16 1493 1494 1520 1519
1619 3 2 0 16 1494 1495 1521 1520
1620 3 2 0 16 1495 1496 1522 1521
1621 3 2 0 16 1496 1497 1523 1522
1622 3 2 0 16 1497 1498 1524 1523
1623 3 2 0 16 1498 1499 1525 1524
1624 3 2 0 16 1499 1500 1526 1525
1625 3 2 0 16 1500 1501 1527 1526
1626 3 2 0 16 1501 1502 1528 1527
1627 3 2 0 16 1502 1503 1529 1528
1628 3 2 0 16 1503 1504 1530 1529
1629 3 2 0 16 1504 1505 1531 1530
1630 3 2 0 16 1505 1506 1532 1531
1631 3 2 0 16 1506 1507 1533 1532
1632 3 2 0 16 1507 1508 1534 1533
1633 3 2 0 16 1508 1509 1535 1534
1634 3 2 0 16 1509 129 130 1535
1635 3 2 0 16 273 1510 1536 274
1636 3 2 0 16 1510 1511 1537 1536
1637 3 2 0 16 1511 1512 1538 1537
1638 3 2 0 16 1512 1513 1539 1538
1639 3 2 0 16 1513 1514 1540 1539
1640 3 2 0 16 1514 1515 1541 1540
1641 3 2 0 16 1515 1516 1542 1541
1642 3 2 0 16 1516 1517 1543 1542
1643 3 2 0 16 1517 1518 1544 1543
1644 3 2 0 16 1518 1519 1545 1544
1645 3 2 0 16 1519 1520 1546 1545
1646 3 2 0 16 1520 1521 1547 1546
1647 3 2 0 16 1521 1522 1548 1547
1648 3 2 0 16 1522 1523 1549 1548
1649 3 2 0 16 1523 1524 1550 1549
1650 3 2 0 16 1524 1525 1551 1550
1651 3 2 0 16 1525 1526 1552 1551
1652 3 2 0 16 1526 1527 1553 1552
1653 3 2 0 16 1527 1528 1554 1553
1654 3 2 0 16 1528 1529 1555 1554
1655 3 2 0 16 1529 1530 1556 1555
1656 3 2 0 16 1530 1531 1557 1556
1657 3 2 0 16 1531 1532 1558 1557
1658 3 2 0 16 1532 1533 1559 1558
1659 3 2 0 16 1533 1534 1560 1559
1660 3 2 0 16 1534 1535 1561 1560
1661 3 2 0 16 1535 130 131 1561
1662 3 2 0 16 274 1536 1562 275
1663 3 2 0 16 1536 1537 1563 1562
1664 3 2 0 16 1537 1538 1564 1563
1665 3 2 0 16 1538 1539 1565 1564
1666 3 2 0 16 1539 1540 1566 1565
1667 3 2 0 16 1540 1541 1567 1566
1668 3 2 0 16 1541 1542 1568 1567
1669 3 2 0 16 1542 1543 1569 1568
1670 3 2 0 16 1543 1544 1570 1569
1671 3 2 0 16 1544 1545 1571 1570
1672 3 2 0 16 1545 1546 1572 1571
1673 3 2 0 16 1546 1547 1573 1572
1674 3 2 0 16 1547 1548 1574 1573
1675 3 2 0 16 1548 1549 1575 1574
1676 3 2 0 16 1549 1550 1576 1575
1677 3 2 0 16 1550 1551 1577 1576
1678 3 2 0 16 1551 1552 1578 1577
1679 3 2 0 16 1552 1553 1579 1578
1680 3 2 0 16 1553 1554 1580 1579
1681 3 2 0 16 1554 1555 1581 1580
1682 3 2 0 16 1555 1556 1582 1581
1683 3 2 0 16 1556 1557 1583 1582
1684 3 2 0 16 1557 1558 1584 1583
1685 3 2 0 16 1558 1559 1585 1584
1686 3 2 0 16 1559 1560 1586 1585
1687 3 2 0 16 1560 1561 1587 1586
1688 3 2 0 16 1561 131 132 1587
1689 3 2 0 16 275 1562 1588 276
1690 3 2 0 16 1562 1563 1589 1588
1691 3 2 0 16 1563 1564 1590 1589
1692 3 2 0 16 1564 1565 1591 1590
1693 3 2 0 16 1565 1566 1592 1591
1694 3 2 0 16 1566 1567 1593 1592
1695 3 2 0 16 1567 1568 1594 1593
1696 3 2 0 16 1568 1569 1595 1594
1697 3 2 0 16 1569 1570 1596 1595
1698 3 2 0 16 1570 1571 1597 1596
1699 3 2 0 16 1571 1572 1598 1597
1700 3 2 0 16 1572 1573 1599 1598
1701 3 2 0 16 1573 1574 1600 1599
1702 3 2 0 16 1574 1575 1601 1600
1703 3 2 0 16 1575 1576 1602 1601
1704 3 2 0 16 1576 1577 1603 1602
1705 3 2 0 16 1577 1578 1604 1603
1706 3 2 0 16 1578 1579 1605 1604
1707 3 2 0 16 1579 1580 1606 1605
1708 3 2 0 16 1580 1581 1607 1606
1709 3 2 0 16 1581 1582 1608 1607
1710 3 2 0 16 1582 1583 1609 1608
1711 3 2 0 16 1583 1584 1610 1609
1712 3 2 0 16 1584 1585 1611 1610
1713 3 2 0 16 1585 1586 1612 1611
1714 3 2 0 16 1586 1587 1613 1612
1715 3 2 0 16 1587 132 133 1613
1716 3 2 0 16 276 1588 1614 277
1717 3 2 0 16 1588 1589 1615 1614
1718 3 2 0 16 1589 1590 1616 1615
1719 3 2 0 16 1590 1591 1617 1616
1720 3 2 0 16 1591 1592 1618 1617
1721 3 2 0 16 1592 1593 1619 1618
1722 3 2 0 16 1593 1594 1620 1619
1723 3 2 0 16 1594 1595 1621 1620
1724 3 2 0 16 1595 1596 1622 1621
1725 3 2 0 16 1596 1597 1623 1622
1726 3 2 0 16 1597 1598 1624 1623
1727 3 2 0 16 1598 1599 1625 1624
1728 3 2 0 16 1599 1600 1626 1625
1729 3 2 0 16 1600 1601 1627 1626
1730 3 2 0 16 1601 1602 1628 1627
1731 3 2 0 16 1602 1603 1629 1628
1732 3 2 0 16 1603 1604 1630 1629
1733 3 2 0 16 1604 1605 1631 1630
1734 3 2 0 16 1605 1606 1632 1631
1735 3 2 0 16 1606 1607 1633 1632
1736 3 2 0 16 1607 1608 1634 1633
1737 3 2 0 16 1608 1609 1635 1634
1738 3 2 0 16 1609 1610 1636 1635
1739 3 2 0 16 1610 1611 1637 1636
1740 3 2 0 16 1611 1612 1638 1637
1741 3 2 0 16 1612 1613 1639 1638
1742 3 2 0 16 1613 133 134 1639
1743 3 2 0 16 277 1614 1640 278
1744 3 2 0 16 1614 1615 1641 1640
1745 3 2 0 16 1615 1616 1642 1641
1746 3 2 0 16 1616 1617 1643 1642
1747 3 2 0 16 1617 1618 1644 1643
1748 3 2 0 16 1618 1619 1645 1644
1749 3 2 0 16 1619 1620 1646 1645
1750 3 2 0 16 1620 1621 1647 1646
1751 3 2 0 16 1621 1622 1648 1647
1752 3 2 0 16 1622 1623 1649 1648
1753 3 2 0 16 1623 1624 1650 1649
1754 3 2 0 16 1624 1625 1651 1650
1755 3 2 0 16 1625 1626 1652 1651
1756 3 2 0 16 1626 1627 1653 1652
1757 3 2 0 16 1627 1628 1654 1653
1758 3 2 0 16 1628 1629 1655 1654
1759 3 2 0 16 1629 1630 1656 1655
1760 3 2 0 16 1630 1631 1657 1656
1761 3 2 0 16 1631 1632 1658 1657
1762 3 2 0 16 1632 1633 1659 1658
1763 3 2 0 16 1633 1634 1660 1659
1764 3 2 0 16 1634 1635 1661 1660
1765 3 2 0 16 1635 1636 1662 1661
1766 3 2 0 16 1636 1637 1663 1662
1767 3 2 0 16 1637 1638 1664 1663
1768 3 2 0 16 1638 1639 1665 1664
1769 3 2 0 16 1639 134 135 1665
1770 3 2 0 16 278 1640 1666 279
1771 3 2 0 16 1640 1641 1667 1666
1772 3 2 0 16 1641 1642 1668 1667
1773 3 2 0 16 1642 1643 1669 1668
1774 3 2 0 16 1643 1644 1670 1669
1775 3 2 0 16 1644 1645 1671 1670
1776 3 2 0 16 1645 1646 1672 1671
1777 3 2 0 16 1646 1647 1673 1672
1778 3 2 0 16 1647 1648 1674 1673
1779 3 2 0 16 1648 1649 1675 1674
1780 3 2 0 16 1649 1650 1676 1675
1781 3 2 0 16 1650 1651 1677 1676
1782 3 2 0 16 1651 1652 1678 1677
1783 3 2 0 16 1652 1653 1679 1678
1784 3 2 0 16 1653 1654 1680 1679
1785 3 2 0 16 1654 1655 1681 1680
1786 3 2 0 16 1655 1656 1682 1681
1787 3 2 0 16 1656 1657 1683 1682
1788 3 2 0 16 1657 1658 1684 1683
1789 3 2 0 16 1658 1659 1685 1684
1790 3 2 0 16 1659 1660 1686 1685
1791 3 2 0 16 1660 1661 1687 1686
1792 3 2 0 16 1661 1662 1688 1687
1793 3 2 0 16 1662 1663 1689 1688
1794 3 2 0 16 1663 1664 1690 1689
1795 3 2 0 16 1664 1665 1691 1690
1796 3 2 0 16 1665 135 136 1691
1797 3 2 0 16 279 1666 1692 280
1798 3 2 0 16 1666 1667 1693 1692
1799 3 2 0 16 1667 1668 1694 1693
1800 3 2 0 16 1668 1669 1695 1694
1801 3 2 0 16 1669 1670 1696 1695
1802 3 2 0 16 1670 1671 1697 1696
1803 3 2 0 16 1671 1672 1698 1697
1804 3 2 0 16 1672 1673 1699 1698
1805 3 2 0 16 1673 1674 1700 1699
1806 3 2 0 16 1674 1675 1701 1700
1807 3 2 0 16 1675 1676 1702 1701
1808 3 2 0 16 1676 1677 1703 1702
1809 3 2 0 16 1677 1678 1704 1703
1810 3 2 0 16 1678 1679 1705 1704
1811 3 2 0 16 1679 1680 1706 1705
1812 3 2 0 16 1680 1681 1707 1706
1813 3 2 0 16 1681 1682 1708 1707
1814 3 2 0 16 1682 1683 1709 1708
1815 3 2 0 16 1683 1684 1710 1709
1816 3 2 0 16 1684 1685 1711 1710
1817 3 2 0 16 1685 1686 1712 1711
1818 3 2 0 16 1686 1687 1713 1712
1819 3 2 0 16 1687 1688 1714 1713
1820 3 2 0 16 1688 1689 1715 1714
1821 3 2 0 16 1689 1690 1716 1715
1822 3 2 0 16 1690 1691 1717 1716
1823 3 2 0 16 1691 136 137 1717
1824 3 2 0 16 280 1692 1718 281
1825 3 2 0 16 1692 1693 1719 1718
1826 3 2 0 16 1693 1694 1720 1719
1827 3 2 0 16 1694 1695 1721 1720
1828 3 2 0 16 1695 1696 1722 1721
1829 3 2 0 16 1696 1697 1723 1722
1830 3 2 0 16 1697 1698 1724 1723
1831 3 2 0 16 1698 1699 1725 1724
1832 3 2 0 16 1699 1700 1726 1725
1833 3 2 0 16 1700 1701 1727 1726
1834 3 2 0 16 1701 1702 1728 1727
1835 3 2 0 16 1702 1703 1729 1728
1836 3 2 0 16 1703 1704 1730 1729
1837 3 2 0 16 1704 1705 1731 1730
1838 3 2 0 16 1705 1706 1732 1731
1839 3 2 0 16 1706 1707 1733 1732
1840 3 2 0 16 1707 1708 1734 1733
1841 3 2 0 16 1708 1709 1735 1734
1842 3 2 0 16 1709 1710 1736 1735
1843 3 2 0 16 1710 1711 1737 1736
1844 3 2 0 16 1711 1712 1738 1737
1845 3 2 0 16 1712 1713 1739 1738
1846 3 2 0 16 1713 1714 1740 1739
1847 3 2 0 16 1714 1715 1741 1740
1848 3 2 0 16 1715 1716 1742 1741
1849 3 2 0 16 1716 1717 1743 1742
1850 3 2 0 16 1717 137 138 1743
1851 3 2 0 16 281 1718 1744 282
1852 3 2 0 16 1718 1719 1745 1744
1853 3 2 0 16 1719 1720 1746 1745
1854 3 2 0 16 1720 1721 1747 1746
1855 3 2 0 16 1721 1722 1748 1747
1856 3 2 0 16 1722 1723 1749 1748
1857 3 2 0 16 1723 1724 1750 1749
1858 3 2 0 16 1724 1725 1751 1750
1859 3 2 0 16 1725 1726 1752 1751
1860 3 2 0 16 1726 1727 1753 1752
1861 3 2 0 16 1727 1728 1754 1753
1862 3 2 0 16 1728 1729 1755 1754
1863 3 2 0 16 1729 1730 1756 1755
1864 3 2 0 16 1730 1731 1757 1756
1865 3 2 0 16 1731 1732 1758 1757
1866 3 2 0 16 1732 1733 1759 1758
1867 3 2 0 16 1733 1734 1760 1759
1868 3 2 0 16 1734 1735 1761 1760
1869 3 2 0 16 1735 1736 1762 1761
1870 3 2 0 16 1736 1737 1763 1762
1871 3 2 0 16 1737 1738 1764 1763
1872 3 2 0 16 1738 1739 1765 1764
1873 3 2 0 16 1739 1740 1766 1765
1874 3 2 0 16 1740 1741 1767 1766
1875 3 2 0 16 1741 1742 1768 1767
1876 3 2 0 16 1742 1743 1769 1768
1877 3 2 0 16 1743 138 139 1769
1878 3 2 0 16 282 1744 1770 283
1879 3 2 0 16 1744 1745 1771 1770
1880 3 2 0 16 1745 1746 1772 1771
1881 3 2 0 16 1746 1747 1773 1772
1882 3 2 0 16 1747 1748 1774 1773
1883 3 2 0 16 1748 1749 1775 1774
1884 3 2 0 16 1749 1750 1776 1775
1885 3 2 0 16 1750 1751 1777 1776
1886 3 2 0 16 1751 1752 1778 1777
1887 3 2 0 16 1752 1753 1779 1778
1888 3 2 0 16 1753 1754 1780 1779
1889 3 2 0 16 1754 1755 1781 1780
1890 3 2 0 16 1755 1756 1782 1781
1891 3 2 0 16 1756 1757 1783 1782
1892 3 2 0 16 1757 1758 1784 1783
1893 3 2 0 16 1758 1759 1785 1784
1894 3 2 0 16 1759 1760 1786 1785
1895 3 2 0 16 1760 1761 1787 1786
1896 3 2 0 16 1761 1762 1788 1787
1897 3 2 0 16 1762 1763 1789 1788
1898 3 2 0 16 1763 1764 1790 1789
1899 3 2 0 16 1764 1765 1791 1790
1900 3 2 0 16 1765 1766 1792 1791
1901 3 2 0 16 1766 1767 1793 1792
1902 3 2 0 16 1767 1768 1794 1793
1903 3 2 0 16 1768 1769 1795 1794
1904 3 2 0 16 1769 139 140 1795
1905 3 2 0 16 283 1770 1796 284
1906 3 2 0 16 1770 1771 1797 1796
1907 3 2 0 16 1771 1772 1798 1797
1908 3 2 0 16 1772 1773 1799 1798
1909 3 2 0 16 1773 1774 1800 1799
1910 3 2 0 16 1774 1775 1801 1800
1911 3 2 0 16 1775 1776 1802 1801
1912 3 2 0 16 1776 1777 1803 1802
1913 3 2 0 16 1777 1778 1804 1803
1914 3 2 0 16 1778 1779 1805 1804
1915 3 2 0 16 1779 1780 1806 1805
1916 3 2 0 16 1780 1781 1807 1806
1917 3 2 0 16 1781 1782 1808 1807
1918 3 2 0 16 1782 1783 1809 1808
1919 3 2 0 16 1783 1784 1810 1809
1920 3 2 0 16 1784 1785 1811 1810
1921 3 2 0 16 1785 1786 1812 1811
1922 3 2 0 16 1786 1787 1813 1812
1923 3 2 0 16 1787 1788 1814 1813
1924 3 2 0 16 1788 1789 1815 1814
1925 3 2 0 16 1789 1790 1816 1815
1926 3 2 0 16 1790 1791 1817 1816
1927 3 2 0 16 1791 1792 1818 1817
1928 3 2 0 16 1792 1793 1819 1818
1929 3 2 0 16 1793 1794 1820 1819
1930 3 2 0 16 1794 1795 1821 1820
1931 3 2 0 16 1795 140 141 1821
1932 3 2 0 16 284 1796 1822 285
1933 3 2 0 16 1796 1797 1823 1822
1934 3 2 0 16 1797 1798 1824 1823
1935 3 2 0 16 1798 1799 1825 1824
1936 3 2 0 16 1799 1800 1826 1825
1937 3 2 0 16 1800 1801 1827 1826
1938 3 2 0 16 1801 1802 1828 1827
1939 3 2 0 16 1802 1803 1829 1828
1940 3 2 0 16 1803 1804 1830 1829
1941 3 2 0 16 1804 1805 1831 1830
1942 3 2 0 16 1805 1806 1832 1831
1943 3 2 0 16 1806 1807 1833 1832
1944 3 2 0 16 1807 1808 1834 1833
1945 3 2 0 16 1808 1809 1835 1834
1946 3 2 0 16 1809 1810 1836 1835
1947 3 2 0 16 1810 1811 1837 1836
1948 3 2 0 16 1811 1812 1838 1837
1949 3 2 0 16 1812 1813 1839 1838
1950 3 2 0 16 1813 1814 1840 1839
1951 3 2 0 16 1814 1815 1841 1840
1952 3 2 0 16 1815 1816 1842 1841
1953 3 2 0 16 1816 1817 1843 1842
1954 3 2 0 16 1817 1818 1844 1843
1955 3 2 0 16 1818 1819 1845 1844
1956 3 2 0 16 1819 1820 1846 1845
1957 3 2 0 16 1820 1821 1847 1846
1958 3 2 0 16 1821 141 142 1847
1959 3 2 0 16 285 1822 1848 286
1960 3 2 0 16 1822 1823 1849 1848
1961 3 2 0 16 1823 1824 1850 1849
1962 3 2 0 16 1824 1825 1851 1850
1963 3 2 0 16 1825 1826 1852 1851
1964 3 2 0 16 1826 1827 1853 1852
1965 3 2 0 16 1827 1828 1854 1853
1966 3 2 0 16 1828 1829 1855 1854
1967 3 2 0 16 1829 1830 1856 1855
1968 3 2 0 16 1830 1831 1857 1856
1969 3 2 0 16 1831 1832 1858 1857
1970 3 2 0 16 1832 1833 1859 1858
1971 3 2 0 16 1833 1834 1860 1859
1972 3 2 0 16 1834 1835 1861 1860
1973 3 2 0 16 1835 1836 1862 1861
1974 3 2 0 16 1836 1837 1863 1862
1975 3 2 0 16 1837 1838 1864 1863
1976 3 2 0 16 1838 1839 1865 1864
1977 3 2 0 16 1839 1840 1866 1865
1978 3 2 0 16 1840 1841 1867 1866
1979 3 2 0 16 1841 1842 1868 1867
1980 3 2 0 16 1842 1843 1869 1868
1981 3 2 0 16 1843 1844 1870 1869
1982 3 2 0 16 1844 1845 1871 1870
1983 3 2 0 16 1845 1846 1872 1871
1984 3 2 0 16 1846 1847 1873 1872
1985 3 2 0 16 1847 142 143 1873
1986 3 2 0 16 286 1848 1874 287
1987 3 2 0 16 1848 1849 1875 1874
1988 3 2 0 16 1849 1850 1876 1875
1989 3 2 0 16 1850 1851 1877 1876
1990 3 2 0 16 1851 1852 1878 1877
1991 3 2 0 16 1852 1853 1879 1878
1992 3 2 0 16 1853 1854 1880 1879
1993 3 2 0 16 1854 1855 1881 1880
1994 3 2 0 16 1855 1856 1882 1881
1995 3 2 0 16 1856 1857 1883 1882
1996 3 2 0 16 1857 1858 1884 1883
1997 3 2 0 16 1858 1859 1885 1884
1998 3 2 0 16 1859 1860 1886 1885
1999 3 2 0 16 1860 1861 1887 1886
2000 3 2 0 16 1861 1862 1888 1887
2001 3 2 0 16 1862 1863 1889 1888
2002 3 2 0 16 1863 1864 1890 1889
2003 3 2 0 16 1864 1865 1891 1890
2004 3 2 0 16 1865 1866 1892 1891
2005 3 2 0 16 1866 1867 1893 1892
2006 3 2 0 16 1867 1868 1894 1893
2007 3 2 0 16 1868 1869 1895 1894
2008 3 2 0 16 1869 1870 1896 1895
2009 3 2 0 16 1870 1871 1897 1896
2010 3 2 0 16 1871 1872 1898 1897
2011 3 2 0 16 1872 1873 1899 1898
2012 3 2 0 16 1873 143 144 1899
2013 3 2 0 16 287 1874 1900 288
2014 3 2 0 16 1874 1875 1901 1900
2015 3 2 0 16 1875 1876 1902 1901
2016 3 2 0 16 1876 1877 1903 1902
2017 3 2 0 16 1877 1878 1904 1903
2018 3 2 0 16 1878 1879 1905 1904
2019 3 2 0 16 1879 1880 1906 1905
2020 3 2 0 16 1880 1881 1907 1906
2021 3 2 0 16 1881 1882 1908 1907
2022 3 2 0 16 1882 1883 1909 1908
2023 3 2 0 16 1883 1884 1910 1909
2024 3 2 0 16 1884 1885 1911 1910
2025 3 2 0 16 1885 1886 1912 1911
2026 3 2 0 16 1886 1887 1913 1912
2027 3 2 0 16 1887 1888 1914 1913
2028 3 2 0 16 1888 1889 1915 1914
2029 3 2 0 16 1889 1890 1916 1915
2030 3 2 0 16 1890 1891 1917 1916
2031 3 2 0 16 1891 1892 1918 1917
2032 3 2 0 16 1892 1893 1919 1918
2033 3 2 0 16 1893 1894 1920 1919
2034 3 2 0 16 1894 1895 1921 1920
2035 3 2 0 16 1895 1896 1922 1921
2036 3 2 0 16 1896 1897 1923 1922
2037 3 2 0 16 1897 1898 1924 1923
2038 3 2 0 16 1898 1899 1925 1924
2039 3 2 0 16 1899 144 145 1925
2040 3 2 0 16 288 1900 1926 289
2041 3 2 0 16 1900 1901 1927 1926
2042 3 2 0 16 1901 1902 1928 1927
2043 3 2 0 16 1902 1903 1929 1928
2044 3 2 0 16 1903 1904 1930 1929
2045 3 2 0 16 1904 1905 1931 1930
2046 3 2 0 16 1905 1906 1932 1931
2047 3 2 0 16 1906 1907 1933 1932
2048 3 2 0 16 1907 1908 1934 1933
2049 3 2 0 16 1908 1909 1935 1934
2050 3 2 0 16 1909 1910 1936 1935
2051 3 2 0 16 1910 1911 1937 1936
2052 3 2 0 16 1911 1912 1938 1937
2053 3 2 0 16 1912 1913 1939 1938
2054 3 2 0 16 1913 1914 1940 1939
2055 3 2 0 16 1914 1915 1941 1940
2056 3 2 0 16 1915 1916 1942 1941
2057 3 2 0 16 1916 1917 1943 1942
2058 3 2 0 16 1917 1918 1944 1943
2059 3 2 0 16 1918 1919 1945 1944
2060 3 2 0 16 1919 1920 1946 1945
2061 3 2 0 16 1920 1921 1947 1946
2062 3 2 0 16 1921 1922 1948 1947
2063 3 2 0 16 1922 1923 1949 1948
2064 3 2 0 16 1923 1924 1950 1949
2065 3 2 0 16 1924 1925 1951 1950
2066 3 2 0 16 1925 145 146 1951
2067 3 2 0 16 289 1926 1952 290
2068 3 2 0 16 1926 1927 1953 1952
2069 3 2 0 16 1927 1928 1954 1953
2070 3 2 0 16 1928 1929 1955 1954
2071 3 2 0 16 1929 1930 1956 1955
2072 3 2 0 16 1930 1931 1957 1956
2073 3 2 0 16 1931 1932 1958 1957
2074 3 2 0 16 1932 1933 1959 1958
2075 3 2 0 16 1933 1934 1960 1959
2076 3 2 0 16 1934 1935 1961 1960
2077 3 2 0 16 1935 1936 1962 1961
2078 3 2 0 16 1936 1937 1963 1962
2079 3 2 0 16 1937 1938 1964 1963
2080 3 2 0 16 1938 1939 1965 1964
2081 3 2 0 16 1939 1940 1966 1965
2082 3 2 0 16 1940 1941 1967 1966
2083 3 2 0 16 1941 1942 1968 1967
2084 3 2 0 16 1942 1943 1969 1968
2085 3 2 0 16 1943 1944 1970 1969
2086 3 2 0 16 1944 1945 1971 1970
2087 3 2 0 16 1945 1946 1972 1971
2088 3 2 0 16 1946 1947 1973 1972
2089 3 2 0 16 1947 1948 1974 1973
2090 3 2 0 16 1948 1949 1975 1974
2091 3 2 0 16 1949 1950 1976 1975
2092 3 2 0 16 1950 1951 1977 1976
2093 3 2 0 16 1951 146 147 1977
2094 3 2 0 16 290 1952 1978 291
2095 3 2 0 16 1952 1953 1979 1978
2096 3 2 0 16 1953 1954 1980 1979
2097 3 2 0 16 1954 1955 1981 1980
2098 3 2 0 16 1955 1956 1982 1981
2099 3 2 0 16 1956 1957 1983 1982
2100 3 2 0 16 1957 1958 1984 1983
2101 3 2 0 16 1958 1959 1985 1984
2102 3 2 0 16 1959 1960 1986 1985
2103 3 2 0 16 1960 1961 1987 1986
2104 3 2 0 16 1961 1962 1988 1987
2105 3 2 0 16 1962 1963 1989 1988
2106 3 2 0 16 1963 1964 1990 1989
2107 3 2 0 16 1964 1965 1991 1990
2108 3 2 0 16 1965 1966 1992 1991
2109 3 2 0 16 1966 1967 1993 1992
2110 3 2 0 16 1967 1968 1994 1993
2111 3 2 0 16 1968 1969 1995 1994
2112 3 2 0 16 1969 1970 1996 1995
2113 3 2 0 16 1970 1971 1997 1996
2114 3 2 0 16 1971 1972 1998 1997
2115 3 2 0 16 1972 1973 1999 1998
2116 3 2 0 16 1973 1974 2000 1999
2117 3 2 0 16 1974 1975 2001 2000
2118 3 2 0 16 1975 1976 2002 2001
2119 3 2 0 16 1976 1977 2003 2002
2120 3 2 0 16 1977 147 148 2003
2121 3 2 0 16 291 1978 2004 292
2122 3 2 0 16 1978 1979 2005 2004
2123 3 2 0 16 1979 1980 2006 2005
2124 3 2 0 16 1980 1981 2007 2006
2125 3 2 0 16 1981 1982 2008 2007
2126 3 2 0 16 1982 1983 2009 2008
2127 3 2 0 16 1983 1984 2010 2009
2128 3 2 0 16 1984 1985 2011 2010
2129 3 2 0 16 1985 1986 2012 2011
2130 3 2 0 16 1986 1987 2013 2012
2131 3 2 0 16 1987 1988 2014 2013
2132 3 2 0 16 1988 1989 2015 2014
2133 3 2 0 16 1989 1990 2016 2015
2134 3 2 0 16 1990 1991 2017 2016
2135 3 2 0 16 1991 1992 2018 2017
2136 3 2 0 16 1992 1993 2019 2018
2137 3 2 0 16 1993 1994 2020 2019
2138 3 2 0 16 1994 1995 2021 2020
2139 3 2 0 16 1995 1996 2022 2021
2140 3 2 0 16 1996 1997 2023 2022
2141 3 2 0 16 1997 1998 2024 2023
2142 3 2 0 16 1998 1999 2025 2024
2143 3 2 0 16 1999 2000 2026 2025
2144 3 2 0 16 2000 2001 2027 2026
2145 3 2 0 16 2001 2002 2028 2027
2146 3 2 0 16 2002 2003 2029 2028
2147 3 2 0 16 2003 148 149 2029
2148 3 2 0 16 292 2004 2030 293
2149 3 2 0 16 2004 2005 2031 2030
2150 3 2 0 16 2005 2006 2032 2031
2151 3 2 0 16 2006 2007 2033 2032
2152 3 2 0 16 2007 2008 2034 2033
2153 3 2 0 16 2008 2009 2035 2034
2154 3 2 0 16 2009 2010 2036 2035
2155 3 2 0 16 2010 2011 2037 2036
2156 3 2 0 16 2011 2012 2038 2037
2157 3 2 0 16 2012 2013 2039 2038
2158 3 2 0 16 2013 2014 2040 2039
2159 3 2 0 16 2014 2015 2041 2040
2160 3 2 0 16 2015 2016 2042 2041
2161 3 2 0 16 2016 2017 2043 2042
2162 3 2 0 16 2017 2018 2044 2043
2163 3 2 0 16 2018 2019 2045 2044
2164 3 2 0 16 2019 2020 2046 2045
2165 3 2 0 16 2020 2021 2047 2046
2166 3 2 0 16 2021 2022 2048 2047
2167 3 2 0 16 2022 2023 2049 2048
2168 3 2 0 16 2023 2024 2050 2049
2169 3 2 0 16 2024 2025 2051 2050
2170 3 2 0 16 2025 2026 2052 2051
2171 3 2 0 16 2026 2027 2053 2052
2172 3 2 0 16 2027 2028 2054 2053
2173 3 2 0 16 2028 2029 2055 2054
2174 3 2 0 16 2029 149 150 2055
2175 3 2 0 16 293 2030 2056 294
2176 3 2 0 16 2030 2031 2057 2056
2177 3 2 0 16 2031 2032 2058 2057
2178 3 2 0 16 2032 2033 2059 2058
2179 3 2 0 16 2033 2034 2060 2059
2180 3 2 0 16 2034 2035 2061 2060
2181 3 2 0 16 2035 2036 2062 2061
2182 3 2 0 16 2036 2037 2063 2062
2183 3 2 0 16 2037 2038 2064 2063
2184 3 2 0 16 2038 2039 2065 2064
2185 3 2 0 16 2039 2040 2066 2065
2186 3 2 0 16 2040 2041 2067 2066
2187 3 2 0 16 2041 2042 2068 2067
2188 3 2 0 16 2042 2043 2069 2068
2189 3 2 0 16 2043 2044 2070 2069
2190 3 2 0 16 2044 2045 2071 2070
2191 3 2 0 16 2045 2046 2072 2071
2192 3 2 0 16 2046 2047 2073 2072
2193 3 2 0 16 2047 2048 2074 2073
2194 3 2 0 16 2048 2049 2075 2074
2195 3 2 0 16 2049 2050 2076 2075
2196 3 2 0 16 2050 2051 2077 2076
2197 3 2 0 16 2051 2052 2078 2077
2198 3 2 0 16 2052 2053 2079 2078
2199 3 2 0 16 2053 2054 2080 2079
2200 3 2 0 16 2054 2055 2081 2080
2201 3 2 0 16 2055 150 151 2081
2202 3 2 0 16 294 2056 2082 295
2203 3 2 0 16 2056 2057 2083 2082
2204 3 2 0 16 2057 2058 2084 2083
2205 3 2 0 16 2058 2059 2085 2084
2206 3 2 0 16 2059 2060 2086 2085
2207 3 2 0 16 2060 2061 2087 2086
2208 3 2 0 16 2061 2062 2088 2087
2209 3 2 0 16 2062 2063 2089 2088
2210 3 2 0 16 2063 2064 2090 2089
2211 3 2 0 16 2064 2065 2091 2090
2212 3 2 0 16 2065 2066 2092 2091
2213 3 2 0 16 2066 2067 2093 2092
2214 3 2 0 16 2067 2068 2094 2093
2215 3 2 0 16 2068 2069 2095 2094
2216 3 2 0 16 2069 2070 2096 2095
2217 3 2 0 16 2070 2071 2097 2096
2218 3 2 0 16 2071 2072 2098 2097
2219 3 2 0 16 2072 2073 2099 2098
2220 3 2 0 16 2073 2074 2100 2099
2221 3 2 0 16 2074 2075 2101 2100
2222 3 2 0 16 2075 2076 2102 2101
2223 3 2 0 16 2076 2077 2103 2102
2224 3 2 0 16 2077 2078 2104 2103
2225 3 2 0 16 2078 2079 2105 2104
2226 3 2 0 16 2079 2080 2106 2105
2227 3 2 0 16 2080 2081 2107 2106
2228 3 2 0 16 2081 151 152 2107
2229 3 2 0 16 295 2082 2108 296
2230 3 2 0 16 2082 2083 2109 2108
2231 3 2 0 16 2083 2084 2110 2109
2232 3 2 0 16 2084 2085 2111 2110
2233 3 2 0 16 2085 2086 2112 2111
2234 3 2 0 16 2086 2087 2113 2112
2235 3 2 0 16 2087 2088 2114 2113
2236 3 2 0 16 2088 2089 2115 2114
2237 3 2 0 16 2089 2090 2116 2115
2238 3 2 0 16 2090 2091 2117 2116
2239 3 2 0 16 2091 2092 2118 2117
2240 3 2 0 16 2092 2093 2119 2118
2241 3 2 0 16 2093 2094 2120 2119
2242 3 2 0 16 2094 2095 2121 2120
2243 3 2 0 16 2095 2096 2122 2121
2244 3 2 0 16 2096 2097 2123 2122
2245 3 2 0 16 2097 2098 2124 2123
2246 3 2 0 16 2098 2099 2125 2124
2247 3 2 0 16 2099 2100 2126 2125
2248 3 2 0 16 2100 2101 2127 2126
2249 3 2 0 16 2101 2102 2128 2127
2250 3 2 0 16 2102 2103 2129 2128
2251 3 2 0 16 2103 2104 2130 2129
2252 3 2 0 16 2104 2105 2131 2130
2253 3 2 0 16 2105 2106 2132 2131
2254 3 2 0 16 2106 2107 2133 2132
2255 3 2 0 16 2107 152 153 2133
2256 3 2 0 16 296 2108 2134 297
2257 3 2 0 16 2108 2109 2135 2134
2258 3 2 0 16 2109 2110 2136 2135
2259 3 2 0 16 2110 2111 2137 2136
2260 3 2 0 16 2111 2112 2138 2137
2261 3 2 0 16 2112 2113 2139 2138
2262 3 2 0 16 2113 2114 2140 2139
2263 3 2 0 16 2114 2115 2141 2140
2264 3 2 0 16 2115 2116 2142 2141
2265 3 2 0 16 2116 2117 2143 2142
2266 3 2 0 16 2117 2118 2144 2143
2267 3 2 0 16 2118 2119 2145 2144
2268 3 2 0 16 2119 2120 2146 2145
2269 3 2 0 16 2120 2121 2147 2146
2270 3 2 0 16 2121 2122 2148 2147
2271 3 2 0 16 2122 2123 2149 2148
2272 3 2 0 16 2123 2124 2150 2149
2273 3 2 0 16 2124 2125 2151 2150
2274 3 2 0 16 2125 2126 2152 2151
2275 3 2 0 16 2126 2127 2153 2152
2276 3 2 0 16 2127 2128 2154 2153
2277 3 2 0 16 2128 2129 2155 2154
2278 3 2 0 16 2129 2130 2156 2155
2279 3 2 0 16 2130 2131 2157 2156
2280 3 2 0 16 2131 2132 2158 2157
2281 3 2 0 16 2132 2133 2159 2158
2282 3 2 0 16 2133 153 154 2159
2283 3 2 0 16 297 2134 227 9
2284 3 2 0 16 2134 2135 226 227
2285 3 2 0 16 2135 2136 225 226
2286 3 2 0 16 2136 2137 224 225
2287 3 2 0 16 2137 2138 223 224
2288 3 2 0 16 2138 2139 222 223
2289 3 2 0 16 2139 2140 221 222
2290 3 2 0 16 2140 2141 220 221
2291 3 2 0 16 2141 2142 219 220
2292 3 2 0 16 2142 2143 218 219
2293 3 2 0 16 2143 2144 217 218
2294 3 2 0 16 2144 2145 216 217
2295 3 2 0 16 2145 2146 215 216
2296 3 2 0 16 2146 2147 214 215
2297 3 2 0 16 2147 2148 213 214
2298 3 2 0 16 2148 2149 212 213
2299 3 2 0 16 2149 2150 211 212
2300 3 2 0 16 2150 2151 210 211
2301 3 2 0 16 2151 2152 209 210
2302 3 2 0 16 2152 2153 208 209
2303 3 2 0 16 2153 2154 207 208
2304 3 2 0 16 2154 2155 206 207
2305 3 2 0 16 2155 2156 205 206
2306 3 2 0 16 2156 2157 204 205
2307 3 2 0 16 2157 2158 203 204
2308 3 2 0 16 2158 2159 202 203
2309 3 2 0 16 2159 154 6 202
2310 3 2 0 18 6 155 2160 202
2311 3 2 0 18 202 2160 2161 203
2312 3 2 0 18 203 2161 2162 204
2313 3 2 0 18 204 2162 2163 205
2314 3 2 0 18 205 2163 2164 206
2315 3 2 0 18 206 2164 2165 207
2316 3 2 0 18 207 2165 2166 208
2317 3 2 0 18 208 2166 2167 209
2318 3 2 0 18 209 2167 2168 210
2319 3 2 0 18 210 2168 2169 211
2320 3 2 0 18 211 2169 2170 212
2321 3 2 0 18 212 2170 2171 213
2322 3 2 0 18 213 2171 2172 214
2323 3 2 0 18 214 2172 2173 215
2324 3 2 0 18 215 2173 2174 216
2325 3 2 0 18 216 2174 2175 217
2326 3 2 0 18 217 2175 2176 218
2327 3 2 0 18 218 2176 2177 219
2328 3 2 0 18 219 2177 2178 220
2329 3 2 0 18 220 2178 2179 221
2330 3 2 0 18 221 2179 2180 222
2331 3 2 0 18 222 2180 2181 223
2332 3 2 0 18 223 2181 2182 224
2333 3 2 0 18 224 2182 2183 225
2334 3 2 0 18 225 2183 2184 226
2335 3 2 0 18 226 2184 2185 227
2336 3 2 0 18 227 2185 240 9
2337 3 2 0 18 155 156 2186 2160
2338 3 2 0 18 2160 2186 2187 2161
2339 3 2 0 18 2161 2187 2188 2162
2340 3 2 0 18 2162 2188 2189 2163
2341 3 2 0 18 2163 2189 2190 2164
2342 3 2 0 18 2164 2190 2191 2165
2343 3 2 0 18 2165 2191 2192 2166
2344 3 2 0 18 2166 2192 2193 2167
2345 3 2 0 18 2167 2193 2194 2168
2346 3 2 0 18 2168 2194 2195 2169
2347 3 2 0 18 2169 2195 2196 2170
2348 3 2 0 18 2170 2196 2197 2171
2349 3 2 0 18 2171 2197 2198 2172
2350 3 2 0 18 2172 2198 2199 2173
2351 3 2 0 18 2173 2199 2200 2174
2352 3 2 0 18 2174 2200 2201 2175
2353 3 2 0 18 2175 2201 2202 2176
2354 3 2 0 18 2176 2202 2203 2177
2355 3 2 0 18 2177 2203 2204 2178
2356 3 2 0 18 2178 2204 2205 2179
2357 3 2 0 18 2179 2205 2206 2180
2358 3 2 0 18 2180 2206 2207 2181
2359 3 2 0 18 2181 2207 2208 2182
2360 3 2 0 18 2182 2208 2209 2183
2361 3 2 0 18 2183 2209 2210 2184
2362 3 2 0 18 2184 2210 2211 2185
2363 3 2 0 18 2185 2211 241 240
2364 3 2 0 18 156 157 2212 2186
2365 3 2 0 18 2186 2212 2213 2187
2366 3 2 0 18 2187 2213 2214 2188
2367 3 2 0 18 2188 2214 2215 2189
2368 3 2 0 18 2189 2215 2216 2190
2369 3 2 0 18 2190 2216 2217 2191
2370 3 2 0 18 2191 2217 2218 2192
2371 3 2 0 18 2192 2218 2219 2193
2372 3 2 0 18 2193 2219 2220 2194
2373 3 2 0 18 2194 2220 2221 2195
2374 3 2 0 18 2195 2221 2222 2196
2375 3 2 0 18 2196 2222 2223 2197
2376 3 2 0 18 2197 2223 2224 2198
2377 3 2 0 18 2198 2224 2225 2199
2378 3 2 0 18 2199 2225 2226 2200
2379 3 2 0 18 2200 2226 2227 2201
2380 3 2 0 18 2201 2227 2228 2202
2381 3 2 0 18 2202 2228 2229 2203
2382 3 2 0 18 2203 2229 2230 2204
2383 3 2 0 18 2204 2230 2231 2205
2384 3 2 0 18 2205 2231 2232 2206
2385 3 2 0 18 2206 2232 2233 2207
2386 3 2 0 18 2207 2233 2234 2208
2387 3 2 0 18 2208 2234 2235 2209
2388 3 2 0 18 2209 2235 2236 2210
2389 3 2 0 18 2210 2236 2237 2211
2390 3 2 0 18 2211 2237 242 241
2391 3 2 0 18 157 158 2238 2212
2392 3 2 0 18 2212 2238 2239 2213
2393 3 2 0 18 2213 2239 2240 2214
2394 3 2 0 18 2214 2240 2241 2215
2395 3 2 0 18 2215 2241 2242 2216
2396 3 2 0 18 2216 2242 2243 2217
2397 3 2 0 18 2217 2243 2244 2218
2398 3 2 0 18 2218 2244 2245 2219
2399 3 2 0 18 2219 2245 2246 2220
2400 3 2 0 18 2220 2246 2247 2221
2401 3 2 0 18 2221 2247 2248 2222
2402 3 2 0 18 2222 2248 2249 2223
2403 3 2 0 18 2223 2249 2250 2224
2404 3 2 0 18 2224 2250 2251 2225
2405 3 2 0 18 2225 2251 2252 2226
2406 3 2 0 18 2226 2252 2253 2227
2407 3 2 0 18 2227 2253 2254 2228
2408 3 2 0 18 2228 2254 2255 2229
2409 3 2 0 18 2229 2255 2256 2230
2410 3 2 0 18 2230 2256 2257 2231
2411 3 2 0 18 2231 2257 2258 2232
2412 3 2 0 18 2232 2258 2259 2233
2413 3 2 0 18 2233 2259 2260 2234
2414 3 2 0 18 2234 2260 2261 2235
2415 3 2 0 18 2235 2261 2262 2236
2416 3 2 0 18 2236 2262 2263 2237
2417 3 2 0 18 2237 2263 243 242
2418 3 2 0 18 158 159 2264 2238
2419 3 2 0 18 2238 2264 2265 2239
2420 3 2 0 18 2239 2265 2266 2240
2421 3 2 0 18 2240 2266 2267 2241
2422 3 2 0 18 2241 2267 2268 2242
2423 3 2 0 18 2242 2268 2269 2243
2424 3 2 0 18 2243 2269 2270 2244
2425 3 2 0 18 2244 2270 2271 2245
2426 3 2 0 18 2245 2271 2272 2246
2427 3 2 0 18 2246 2272 2273 2247
2428 3 2 0 18 2247 2273 2274 2248
2429 3 2 0 18 2248 2274 2275 2249
2430 3 2 0 18 2249 2275 2276 2250
2431 3 2 0 18 2250 2276 2277 2251
2432 3 2 0 18 2251 2277 2278 2252
2433 3 2 0 18 2252 2278 2279 2253
2434 3 2 0 18 2253 2279 2280 2254
2435 3 2 0 18 2254 2280 2281 2255
2436 3 2 0 18 2255 2281 2282 2256
2437 3 2 0 18 2256 2282 2283 2257
2438 3 2 0 18 2257 2283 2284 2258
2439 3 2 0 18 2258 2284 2285 2259
2440 3 2 0 18 2259 2285 2286 2260
2441 3 2 0 18 2260 2286 2287 2261
2442 3 2 0 18 2261 2287 2288 2262
2443 3 2 0 18 2262 2288 2289 2263
2444 3 2 0 18 2263 2289 244 243
2445 3 2 0 18 159 160 2290 2264
2446 3 2 0 18 2264 2290 2291 2265
2447 3 2 0 18 2265 2291 2292 2266
2448 3 2 0 18 2266 2292 2293 2267
2449 3 2 0 18 2267 2293 2294 2268
2450 3 2 0 18 2268 2294 2295 2269
2451 3 2 0 18 2269 2295 2296 2270
2452 3 2 0 18 2270 2296 2297 2271
2453 3 2 0 18 2271 2297 2298 2272
2454 3 2 0 18 2272 2298 2299 2273
2455 3 2 0 18 2273 2299 2300 2274
2456 3 2 0 18 2274 2300 2301 2275
2457 3 2 0 18 2275 2301 2302 2276
2458 3 2 0 18 2276 2302 2303 2277
2459 3 2 0 18 2277 2303 2304 2278
2460 3 2 0 18 2278 2304 2305 2279
2461 3 2 0 18 2279 2305 2306 2280
2462 3 2 0 18 2280 2306 2307 2281
2463 3 2 0 18 2281 2307 2308 2282
2464 3 2 0 18 2282 2308 2309 2283
2465 3 2 0 18 2283 2309 2310 2284
2466 3 2 0 18 2284 2310 2311 2285
2467 3 2 0 18 2285 2311 2312 2286
2468 3 2 0 18 2286 2312 2313 2287
2469 3 2 0 18 2287 2313 2314 2288
2470 3 2 0 18 2288 2314 2315 2289
2471 3 2 0 18 2289 2315 245 244
2472 3 2 0 18 160 161 2316 2290
2473 3 2 0 18 2290 2316 2317 2291
2474 3 2 0 18 2291 2317 2318 2292
2475 3 2 0 18 2292 2318 2319 2293
2476 3 2 0 18 2293 2319 2320 2294
2477 3 2 0 18 2294 2320 2321 2295
2478 3 2 0 18 2295 2321 2322 2296
2479 3 2 0 18 2296 2322 2323 2297
2480 3 2 0 18 2297 2323 2324 2298
2481 3 2 0 18 2298 2324 2325 2299
2482 3 2 0 18 2299 2325 2326 2300
2483 3 2 0 18 2300 2326 2327 2301
2484 3 2 0 18 2301 2327 2328 2302
2485 3 2 0 18 2302 2328 2329 2303
2486 3 2 0 18 2303 2329 2330 2304
2487 3 2 0 18 2304 2330 2331 2305
2488 3 2 0 18 2305 2331 2332 2306
2489 3 2 0 18 2306 2332 2333 2307
2490 3 2 0 18 2307 2333 2334 2308
2491 3 2 0 18 2308 2334 2335 2309
2492 3 2 0 18 2309 2335 2336 2310
2493 3 2 0 18 2310 2336 2337 2311
2494 3 2 0 18 2311 2337 2338 2312
2495 3 2 0 18 2312 2338 2339 2313
2496 3 2 0 18 2313 2339 2340 2314
2497 3 2 0 18 2314 2340 2341 2315
2498 3 2 0 18 2315 2341 246 245
2499 3 2 0 18 161 162 2342 2316
2500 3 2 0 18 2316 2342 2343 2317
2501 3 2 0 18 2317 2343 2344 2318
2502 3 2 0 18 2318 2344 2345 2319
2503 3 2 0 18 2319 2345 2346 2320
2504 3 2 0 18 2320 2346 2347 2321
2505 3 2 0 18 2321 2347 2348 2322
2506 3 2 0 18 2322 2348 2349 2323
2507 3 2 0 18 2323 2349 2350 2324
2508 3 2 0 18 2324 2350 2351 2325
2509 3 2 0 18 2325 2351 2352 2326
2510 3 2 0 18 2326 2352 2353 2327
2511 3 2 0 18 2327 2353 2354 2328
2512 3 2 0 18 2328 2354 2355 2329
2513 3 2 0 18 2329 2355 2356 2330
2514 3 2 0 18 2330 2356 2357 2331
2515 3 2 0 18 2331 2357 2358 2332
2516 3 2 0 18 2332 2358 2359 2333
2517 3 2 0 18 2333 2359 2360 2334
2518 3 2 0 18 2334 2360 2361 2335
2519 3 2 0 18 2335 2361 2362 2336
2520 3 2 0 18 2336 2362 2363 2337
2521 3 2 0 18 2337 2363 2364 2338
2522 3 2 0 18 2338 2364 2365 2339
2523 3 2 0 18 2339 2365 2366 2340
2524 3 2 0 18 2340 2366 2367 2341
2525 3 2 0 18 2341 2367 247 246
2526 3 2 0 18 162 163 2368 2342
2527 3 2 0 18 2342 2368 2369 2343
2528 3 2 0 18 2343 2369 2370 2344
2529 3 2 0 18 2344 2370 2371 2345
2530 3 2 0 18 2345 2371 2372 2346
2531 3 2 0 18 2346 2372 2373 2347
2532 3 2 0 18 2347 2373 2374 2348
2533 3 2 0 18 2348 2374 2375 2349
2534 3 2 0 18 2349 2375 2376 2350
2535 3 2 0 18 2350 2376 2377 2351
2536 3 2 0 18 2351 2377 2378 2352
2537 3 2 0 18 2352 2378 2379 2353
2538 3 2 0 18 2353 2379 2380 2354
2539 3 2 0 18 2354 2380 2381 2355
2540 3 2 0 18 2355 2381 2382 2356
2541 3 2 0 18 2356 2382 2383 2357
2542 3 2 0 18 2357 2383 2384 2358
2543 3 2 0 18 2358 2384 2385 2359
2544 3 2 0 18 2359 2385 2386 2360
2545 3 2 0 18 2360 2386 2387 2361
2546 3 2 0 18 2361 2387 2388 2362
2547 3 2 0 18 2362 2388 2389 2363
2548 3 2 0 18 2363 2389 2390 2364
2549 3 2 0 18 2364 2390 2391 2365
2550 3 2 0 18 2365 2391 2392 2366
2551 3 2 0 18 2366 2392 2393 2367
2552 3 2 0 18 2367 2393 248 247
2553 3 2 0 18 163 7 164 2368
2554 3 2 0 18 2368 164 165 2369
2555 3 2 0 18 2369 165 166 2370
2556 3 2 0 18 2370 166 167 2371
2557 3 2 0 18 2371 167 168 2372
2558 3 2 0 18 2372 168 169 2373
2559 3 2 0 18 2373 169 170 2374
2560 3 2 0 18 2374 170 171 2375
2561 3 2 0 18 2375 171 172 2376
2562 3 2 0 18 2376 172 173 2377
2563 3 2 0 18 2377 173 174 2378
2564 3 2 0 18 2378 174 175 2379
2565 3 2 0 18 2379 175 176 2380
2566 3 2 0 18 2380 176 177 2381
2567 3 2 0 18 2381 177 178 2382
2568 3 2 0 18 2382 178 179 2383
2569 3 2 0 18 2383 179 180 2384
2570 3 2 0 18 2384 180 181 2385
2571 3 2 0 18 2385 181 182 2386
2572 3 2 0 18 2386 182 183 2387
2573 3 2 0 18 2387 183 184 2388
2574 3 2 0 18 2388 184 185 2389
2575 3 2 0 18 2389 185 186 2390
2576 3 2 0 18 2390 186 187 2391
2577 3 2 0 18 2391 187 188 2392
2578 3 2 0 18 2392 188 189 2393
2579 3 2 0 18 2393 189 8 248
2580 3 2 0 20 1 10 2394 201
2581 3 2 0 20 201 2394 2395 200
2582 3 2 0 20 200 2395 2396 199
2583 3 2 0 20 199 2396 2397 198
2584 3 2 0 20 198 2397 2398 197
2585 3 2 0 20 197 2398 2399 196
2586 3 2 0 20 196 2399 2400 195
2587 3 2 0 20 195 2400 2401 194
2588 3 2 0 20 194 2401 2402 193
2589 3 2 0 20 193 2402 2403 192
2590 3 2 0 20 192 2403 2404 191
2591 3 2 0 20 191 2404 2405 190
2592 3 2 0 20 190 2405 248 8
2593 3 2 0 20 10 11 2406 2394
2594 3 2 0 20 2394 2406 2407 2395
2595 3 2 0 20 2395 2407 2408 2396
2596 3 2 0 20 2396 2408 2409 2397
2597 3 2 0 20 2397 2409 2410 2398
2598 3 2 0 20 2398 2410 2411 2399
2599 3 2 0 20 2399 2411 2412 2400
2600 3 2 0 20 2400 2412 2413 2401
2601 3 2 0 20 2401 2413 2414 2402
2602 3 2 0 20 2402 2414 2415 2403
2603 3 2 0 20 2403 2415 2416 2404
2604 3 2 0 20 2404 2416 2417 2405
2605 3 2 0 20 2405 2417 247 248
2606 3 2 0 20 11 12 2418 2406
2607 3 2 0 20 2406 2418 2419 2407
2608 3 2 0 20 2407 2419 2420 2408
2609 3 2 0 20 2408 2420 2421 2409
2610 3 2 0 20 2409 2421 2422 2410
2611 3 2 0 20 2410 2422 2423 2411
2612 3 2 0 20 2411 2423 2424 2412
2613 3 2 0 20 2412 2424 2425 2413
2614 3 2 0 20 2413 2425 2426 2414
2615 3 2 0 20 2414 2426 2427 2415
2616 3 2 0 20 2415 2427 2428 2416
2617 3 2 0 20 2416 2428 2429 2417
2618 3 2 0 20 2417 2429 246 247
2619 3 2 0 20 12 13 2430 2418
2620 3 2 0 20 2418 2430 2431 2419
2621 3 2 0 20 2419 2431 2432 2420
2622 3 2 0 20 2420 2432 2433 2421
2623 3 2 0 20 2421 2433 2434 2422
2624 3 2 0 20 2422 2434 2435 2423
2625 3 2 0 20 2423 2435 2436 2424
2626 3 2 0 20 2424 2436 2437 2425
2627 3 2 0 20 2425 2437 2438 2426
2628 3 2 0 20 2426 2438 2439 2427
2629 3 2 0 20 2427 2439 2440 2428
2630 3 2 0 20 2428 2440 2441 2429
2631 3 2 0 20 2429 2441 245 246
2632 3 2 0 20 13 14 2442 2430
2633 3 2 0 20 2430 2442 2443 2431
2634 3 2 0 20 2431 2443 2444 2432
2635 3 2 0 20 2432 2444 2445 2433
2636 3 2 0 20 2433 2445 2446 2434
2637 3 2 0 20 2434 2446 2447 2435
2638 3 2 0 20 2435 2447 2448 2436
2639 3 2 0 20 2436 2448 2449 2437
2640 3 2 0 20 2437 2449 2450 2438
2641 3 2 0 20 2438 2450 2451 2439
2642 3 2 0 20 2439 2451 2452 2440
2643 3 2 0 20 2440 2452 2453 2441
2644 3 2 0 20 2441 2453 244 245
2645 3 2 0 20 14 15 2454 2442
2646 3 2 0 20 2442 2454 2455 2443
2647 3 2 0 20 2443 2455 2456 2444
2648 3 2 0 20 2444 2456 2457 2445
2649 3 2 0 20 2445 2457 2458 2446
2650 3 2 0 20 2446 2458 2459 2447
2651 3 2 0 20 2447 2459 2460 2448
2652 3 2 0 20 2448 2460 2461 2449
2653 3 2 0 20 2449 2461 2462 2450
2654 3 2 0 20 2450 2462 2463 2451
2655 3 2 0 20 2451 2463 2464 2452
2656 3 2 0 20 2452 2464 2465 2453
2657 3 2 0 20 2453 2465 243 244
2658 3 2 0 20 15 16 2466 2454
2659 3 2 0 20 2454 2466 2467 2455
2660 3 2 0 20 2455 2467 2468 2456
2661 3 2 0 20 2456 2468 2469 2457
2662 3 2 0 20 2457 2469 2470 2458
2663 3 2 0 20 2458 2470 2471 2459
2664 3 2 0 20 2459 2471 2472 2460
2665 3 2 0 20 2460 2472 2473 2461
2666 3 2 0 20 2461 2473 2474 2462
2667 3 2 0 20 2462 2474 2475 2463
2668 3 2 0 20 2463 2475 2476 2464
2669 3 2 0 20 2464 2476 2477 2465
2670 3 2 0 20 2465 2477 242 243
2671 3 2 0 20 16 17 2478 2466
2672 3 2 0 20 2466 2478 2479 2467
2673 3 2 0 20 2467 2479 2480 2468
2674 3 2 0 20 2468 2480 2481 2469
2675 3 2 0 20 2469 2481 2482 2470
2676 3 2 0 20 2470 2482 2483 2471
2677 3 2 0 20 2471 2483 2484 2472
2678 3 2 0 20 2472 2484 2485 2473
2679 3 2 0 20 2473 2485 2486 2474
2680 3 2 0 20 2474 2486 2487 2475
2681 3 2 0 20 2475 2487 2488 2476
2682 3 2 0 20 2476 2488 2489 2477
2683 3 2 0 20 2477 2489 241 242
2684 3 2 0 20 17 18 2490 2478
2685 3 2 0 20 2478 2490 2491 2479
2686 3 2 0 20 2479 2491 2492 2480
2687 3 2 0 20 2480 2492 2493 2481
2688 3 2 0 20 2481 2493 2494 2482
2689 3 2 0 20 2482 2494 2495 2483
2690 3 2 0 20 2483 2495 2496 2484
2691 3 2 0 20 2484 2496 2497 2485
2692 3 2 0 20 2485 2497 2498 2486
2693 3 2 0 20 2486 2498 2499 2487
2694 3 2 0 20 2487 2499 2500 2488
2695 3 2 0 20 2488 2500 2501 2489
2696 3 2 0 20 2489 2501 240 241
2697 3 2 0 20 18 2 239 2490
2698 3 2 0 20 2490 239 238 2491
2699 3 2 0 20 2491 238 237 2492
2700 3 2 0 20 2492 237 236 2493
2701 3 2 0 20 2493 236 235 2494
2702 3 2 0 20 2494 235 234 2495
2703 3 2 0 20 2495 234 233 2496
2704 3 2 0 20 2496 233 232 2497
2705 3 2 0 20 2497 232 231 2498
2706 3 2 0 20 2498 231 230 2499
2707 3 2 0 20 2499 230 229 2500
2708 3 2 0 20 2500 229 228 2501
2709 3 2 0 20 2501 228 9 240
$EndElements
