$MeshFormat
2.2 0 8
$EndMeshFormat
$Nodes
2501
1 0 0 0
2 50 0 0
3 300 0 0
4 300 65 0
5 300 200 0
6 50 200 0
7 0 200 0
8 0 65 0
9 50 65 0
10 4.999999999980779 0 0
11 9.999999999957041 0 0
12 14.99999999993109 0 0
13 19.99999999992 0 0
14 24.99999999991182 0 0
15 29.99999999990365 0 0
16 34.99999999991795 0 0
17 39.9999999999453 0 0
18 44.99999999997265 0 0
19 54.99999999999999 0 0
20 59.99999999999997 0 0
21 64.99999999999996 0 0
22 69.99999999999994 0 0
23 74.99999999999993 0 0
24 79.99999999999992 0 0
25 84.9999999999999 0 0
26 89.9999999999999 0 0
27 94.99999999999989 0 0
28 99.99999999999986 0 0
29 104.9999999999999 0 0
30 109.9999999999998 0 0
31 114.9999999999998 0 0
32 119.9999999999998 0 0
33 124.9999999999998 0 0
34 129.9999999999999 0 0
35 134.9999999999999 0 0
36 139.9999999999999 0 0
37 144.9999999999999 0 0
38 149.9999999999999 0 0
39 154.9999999999999 0 0
40 159.9999999999999 0 0
41 164.9999999999999 0 0
42 169.9999999999999 0 0
43 174.9999999999999 0 0
44 179.9999999999999 0 0
45 184.9999999999999 0 0
46 189.9999999999999 0 0
47 194.9999999999999 0 0
48 199.9999999999999 0 0
49 204.9999999999999 0 0
50 209.9999999999999 0 0
51 214.9999999999999 0 0
52 219.9999999999999 0 0
53 224.9999999999999 0 0
54 229.9999999999999 0 0
55 234.9999999999999 0 0
56 239.9999999999999 0 0
57 244.9999999999999 0 0
58 249.9999999999999 0 0
59 255 0 0
60 259.9999999999999 0 0
61 264.9999999999999 0 0
62 270 0 0
63 275 0 0
64 280 0 0
65 285 0 0
66 290 0 0
67 295 0 0
68 300 5.000000000001043 0
69 300 10.00000000000384 0
70 300 15.00000000000272 0
71 300 20.00000000000159 0
72 300 25.00000000000046 0
73 300 29.99999999999934 0
74 300 34.99999999999822 0
75 300 39.99999999999713 0
76 300 44.99999999999604 0
77 300 49.99999999999495 0
78 300 54.99999999999386 0
79 300 59.99999999999277 0
80 300 70 0
81 300 75 0
82 300 80 0
83 300 85 0
84 300 90 0
85 300 95 0
86 300 100 0
87 300 105 0
88 300 110 0
89 300 115 0
90 300 120 0
91 300 125 0
92 300 130 0
93 300 135 0
94 300 140 0
95 300 145 0
96 300 150 0
97 300 155 0
98 300 160 0
99 300 165 0
100 300 170 0
101 300 175 0
102 300 180 0
103 300 185 0
104 300 190 0
105 300 195 0
106 295.0000000000079 200 0
107 290.0000000000159 200 0
108 285.0000000000238 200 0
109 280.0000000000317 200 0
110 275.0000000000396 200 0
111 270.0000000000476 200 0
112 265.0000000000555 200 0
113 260.0000000000634 200 0
114 255.0000000000713 200 0
115 250.0000000000793 200 0
116 245.0000000000872 200 0
117 240.0000000000951 200 0
118 235.000000000103 200 0
119 230.000000000111 200 0
120 225.0000000001189 200 0
121 220.0000000001269 200 0
122 215.0000000001348 200 0
123 210.0000000001428 200 0
124 205.0000000001507 200 0
125 200.0000000001587 200 0
126 195.0000000001666 200 0
127 190.0000000001745 200 0
128 185.0000000001825 200 0
129 180.0000000001904 200 0
130 175.0000000001984 200 0
131 170.0000000002063 200 0
132 165.0000000002142 200 0
133 160.0000000002222 200 0
134 155.0000000002301 200 0
135 150.000000000238 200 0
136 145.000000000246 200 0
137 140.0000000002539 200 0
138 135.0000000002619 200 0
139 130.0000000002698 200 0
140 125.0000000002655 200 0
141 120.0000000002451 200 0
142 115.0000000002246 200 0
143 110.0000000002041 200 0
144 105.0000000001836 200 0
145 100.0000000001632 200 0
146 95.00000000014268 200 0
147 90.00000000012219 200 0
148 85.00000000010169 200 0
149 80.00000000008124 200 0
150 75.00000000006075 200 0
151 70.00000000004026 200 0
152 65.00000000002069 200 0
153 60.00000000001253 200 0
154 55.00000000000625 200 0
155 45.00000000002691 200 0
156 40.00000000005382 200 0
157 35.00000000008073 200 0
158 30.00000000009457 200 0
159 25.00000000008594 200 0
160 20.00000000007735 200 0
161 15.00000000006583 200 0
162 10.00000000003948 200 0
163 5.000000000018456 200 0
164 0 195.0000000000244 0
165 0 190.0000000000489 0
166 0 185.0000000000733 0
167 0 180.0000000000978 0
168 0 175.0000000001222 0
169 0 170.0000000001467 0
170 0 165.0000000001711 0
171 0 160.0000000001956 0
172 0 155.0000000002201 0
173 0 150.0000000002445 0
174 0 145.000000000269 0
175 0 140.0000000002935 0
176 0 135.0000000003179 0
177 0 130.0000000003423 0
178 0 125.0000000003378 0
179 0 120.0000000003097 0
180 0 115.0000000002815 0
181 0 110.0000000002534 0
182 0 105.0000000002252 0
183 0 100.0000000001971 0
184 0 95.0000000001689 0
185 0 90.00000000014076 0
186 0 85.00000000011261 0
187 0 80.00000000008446 0
188 0 75.00000000005629 0
189 0 70.00000000002814 0
190 0 60.00000000000566 0
191 0 55.00000000001966 0
192 0 50.00000000003367 0
193 0 45.00000000004765 0
194 0 40.00000000006163 0
195 0 35.00000000007561 0
196 0 30.00000000007734 0
197 0 25.00000000006404 0
198 0 20.00000000005073 0
199 0 15.00000000003744 0
200 0 10.00000000002413 0
201 0 5.000000000010829 0
202 50 195.0000000000244 0
203 50 190.0000000000489 0
204 50 185.0000000000733 0
205 50 180.0000000000978 0
206 50 175.0000000001222 0
207 50 170.0000000001467 0
208 50 165.0000000001711 0
209 50 160.0000000001956 0
210 50 155.0000000002201 0
211 50 150.0000000002445 0
212 50 145.000000000269 0
213 50 140.0000000002935 0
214 50 135.0000000003179 0
215 50 130.0000000003423 0
216 50 125.0000000003378 0
217 50 120.0000000003097 0
218 50 115.0000000002815 0
219 50 110.0000000002534 0
220 50 105.0000000002252 0
221 50 100.0000000001971 0
222 50 95.0000000001689 0
223 50 90.00000000014076 0
224 50 85.00000000011261 0
225 50 80.00000000008446 0
226 50 75.00000000005629 0
227 50 70.00000000002814 0
228 50 60.00000000000566 0
229 50 55.00000000001966 0
230 50 50.00000000003367 0
231 50 45.00000000004765 0
232 50 40.00000000006163 0
233 50 35.00000000007561 0
234 50 30.00000000007734 0
235 50 25.00000000006404 0
236 50 20.00000000005073 0
237 50 15.00000000003744 0
238 50 10.00000000002413 0
239 50 5.000000000010829 0
240 45.00000000002691 65 0
241 40.00000000005382 65 0
242 35.00000000008073 65 0
243 30.00000000009457 65 0
244 25.00000000008594 65 0
245 20.00000000007735 65 0
246 15.00000000006583 65 0
247 10.00000000003948 65 0
248 5.000000000018456 65 0
249 295.0000000000079 65 0
250 290.0000000000159 65 0
251 285.0000000000238 65 0
252 280.0000000000317 65 0
253 275.0000000000396 65 0
254 270.0000000000476 65 0
255 265.0000000000555 65 0
256 260.0000000000634 65 0
257 255.0000000000713 65 0
258 250.0000000000793 65 0
259 245.0000000000872 65 0
260 240.0000000000951 65 0
261 235.000000000103 65 0
262 230.000000000111 65 0
263 225.0000000001189 65 0
264 220.0000000001269 65 0
265 215.0000000001348 65 0
266 210.0000000001428 65 0
267 205.0000000001507 65 0
268 200.0000000001587 65 0
269 195.0000000001666 65 0
270 190.0000000001745 65 0
271 185.0000000001825 65 0
272 180.0000000001904 65 0
273 175.0000000001984 65 0
274 170.0000000002063 65 0
275 165.0000000002142 65 0
276 160.0000000002222 65 0
277 155.0000000002301 65 0
278 150.000000000238 65 0
279 145.000000000246 65 0
280 140.0000000002539 65 0
281 135.0000000002619 65 0
282 130.0000000002698 65 0
283 125.0000000002655 65 0
284 120.0000000002451 65 0
285 115.0000000002246 65 0
286 110.0000000002041 65 0
287 105.0000000001836 65 0
288 100.0000000001632 65 0
289 95.00000000014268 65 0
290 90.00000000012219 65 0
291 85.00000000010169 65 0
292 80.00000000008124 65 0
293 75.00000000006075 65 0
294 70.00000000004026 65 0
295 65.00000000002069 65 0
296 60.00000000001253 65 0
297 55.00000000000625 65 0
298 55.00000000000047 5.000000000010633 0
299 55.00000000000095 10.00000000002373 0
300 55.00000000000144 15.00000000003674 0
301 55.00000000000192 20.00000000004976 0
302 55.0000000000024 25.00000000006276 0
303 55.00000000000288 30.00000000007578 0
304 55.00000000000336 35.00000000007405 0
305 55.00000000000384 40.00000000006034 0
306 55.00000000000433 45.00000000004662 0
307 55.00000000000481 50.00000000003289 0
308 55.00000000000529 55.00000000001916 0
309 55.00000000000577 60.00000000000541 0
310 60.00000000000094 5.000000000010436 0
311 60.0000000000019 10.00000000002332 0
312 60.00000000000287 15.00000000003604 0
313 60.00000000000384 20.00000000004876 0
314 60.0000000000048 25.0000000000615 0
315 60.00000000000577 30.00000000007422 0
316 60.00000000000674 35.00000000007252 0
317 60.0000000000077 40.00000000005906 0
318 60.00000000000867 45.00000000004558 0
319 60.00000000000964 50.00000000003211 0
320 60.0000000000106 55.00000000001862 0
321 60.00000000001157 60.00000000000514 0
322 65.00000000000155 5.000000000010241 0
323 65.00000000000314 10.00000000002292 0
324 65.00000000000475 15.00000000003536 0
325 65.00000000000634 20.00000000004778 0
326 65.00000000000793 25.00000000006023 0
327 65.00000000000952 30.00000000007266 0
328 65.00000000001113 35.00000000007097 0
329 65.00000000001272 40.00000000005775 0
330 65.00000000001431 45.00000000004454 0
331 65.0000000000159 50.00000000003134 0
332 65.00000000001749 55.00000000001811 0
333 65.0000000000191 60.00000000000489 0
334 70.00000000000304 5.000000000010045 0
335 70.00000000000615 10.00000000002251 0
336 70.00000000000925 15.00000000003466 0
337 70.00000000001235 20.0000000000468 0
338 70.00000000001545 25.00000000005895 0
339 70.00000000001855 30.00000000007109 0
340 70.00000000002166 35.00000000006942 0
341 70.00000000002476 40.00000000005647 0
342 70.00000000002785 45.00000000004352 0
343 70.00000000003095 50.00000000003058 0
344 70.00000000003406 55.00000000001759 0
345 70.00000000003716 60.00000000000463 0
346 75.0000000000046 5.00000000000985 0
347 75.00000000000929 10.00000000002211 0
348 75.00000000001397 15.00000000003396 0
349 75.00000000001865 20.00000000004582 0
350 75.00000000002332 25.00000000005768 0
351 75.00000000002801 30.00000000006954 0
352 75.00000000003269 35.00000000006787 0
353 75.00000000003736 40.00000000005518 0
354 75.00000000004204 45.00000000004248 0
355 75.00000000004671 50.00000000002979 0
356 75.0000000000514 55.00000000001708 0
357 75.00000000005608 60.00000000000436 0
358 80.00000000000617 5.000000000009655 0
359 80.00000000001242 10.0000000000217 0
360 80.00000000001869 15.00000000003327 0
361 80.00000000002494 20.00000000004484 0
362 80.00000000003119 25.00000000005641 0
363 80.00000000003745 30.00000000006798 0
364 80.0000000000437 35.00000000006632 0
365 80.00000000004997 40.00000000005389 0
366 80.00000000005622 45.00000000004145 0
367 80.00000000006247 50.00000000002901 0
368 80.00000000006872 55.00000000001657 0
369 80.00000000007499 60.00000000000412 0
370 85.00000000000773 5.000000000009459 0
371 85.00000000001556 10.00000000002129 0
372 85.00000000002339 15.00000000003258 0
373 85.00000000003122 20.00000000004385 0
374 85.00000000003905 25.00000000005514 0
375 85.00000000004688 30.00000000006642 0
376 85.00000000005471 35.00000000006477 0
377 85.00000000006254 40.00000000005261 0
378 85.00000000007037 45.00000000004042 0
379 85.0000000000782 50.00000000002824 0
380 85.00000000008603 55.00000000001606 0
381 85.00000000009386 60.00000000000385 0
382 90.00000000000931 5.000000000009264 0
383 90.00000000001872 10.00000000002089 0
384 90.00000000002812 15.00000000003188 0
385 90.00000000003753 20.00000000004287 0
386 90.00000000004694 25.00000000005387 0
387 90.00000000005635 30.00000000006486 0
388 90.00000000006575 35.00000000006322 0
389 90.00000000007515 40.0000000000513 0
390 90.00000000008456 45.0000000000394 0
391 90.00000000009396 50.00000000002748 0
392 90.00000000010337 55.00000000001553 0
393 90.00000000011278 60.0000000000036 0
394 95.00000000001087 5.000000000009068 0
395 95.00000000002186 10.00000000002048 0
396 95.00000000003284 15.00000000003119 0
397 95.00000000004383 20.00000000004189 0
398 95.00000000005481 25.00000000005259 0
399 95.0000000000658 30.0000000000633 0
400 95.00000000007678 35.00000000006169 0
401 95.00000000008777 40.00000000005002 0
402 95.00000000009875 45.00000000003836 0
403 95.00000000010972 50.00000000002671 0
404 95.00000000012071 55.00000000001502 0
405 95.00000000013169 60.00000000000334 0
406 100.0000000000124 5.000000000008873 0
407 100.000000000025 10.00000000002007 0
408 100.0000000000376 15.0000000000305 0
409 100.0000000000501 20.0000000000409 0
410 100.0000000000627 25.00000000005132 0
411 100.0000000000752 30.00000000006174 0
412 100.0000000000878 35.00000000006013 0
413 100.0000000001004 40.00000000004874 0
414 100.0000000001129 45.00000000003733 0
415 100.0000000001255 50.00000000002593 0
416 100.000000000138 55.0000000000145 0
417 100.0000000001506 60.00000000000308 0
418 105.000000000014 5.000000000008676 0
419 105.0000000000281 10.00000000001967 0
420 105.0000000000423 15.0000000000298 0
421 105.0000000000564 20.00000000003992 0
422 105.0000000000705 25.00000000005006 0
423 105.0000000000847 30.00000000006018 0
424 105.0000000000988 35.00000000005859 0
425 105.0000000001129 40.00000000004744 0
426 105.0000000001271 45.0000000000363 0
427 105.0000000001412 50.00000000002515 0
428 105.0000000001554 55.00000000001398 0
429 105.0000000001695 60.00000000000283 0
430 110.0000000000156 5.00000000000848 0
431 110.0000000000313 10.00000000001926 0
432 110.000000000047 15.00000000002911 0
433 110.0000000000627 20.00000000003894 0
434 110.0000000000784 25.00000000004878 0
435 110.0000000000941 30.00000000005862 0
436 110.0000000001098 35.00000000005704 0
437 110.0000000001256 40.00000000004616 0
438 110.0000000001413 45.00000000003526 0
439 110.000000000157 50.00000000002438 0
440 110.0000000001727 55.00000000001347 0
441 110.0000000001884 60.00000000000257 0
442 115.0000000000171 5.000000000008283 0
443 115.0000000000344 10.00000000001886 0
444 115.0000000000517 15.00000000002841 0
445 115.000000000069 20.00000000003795 0
446 115.0000000000863 25.00000000004751 0
447 115.0000000001036 30.00000000005706 0
448 115.0000000001209 35.00000000005549 0
449 115.0000000001382 40.00000000004486 0
450 115.0000000001554 45.00000000003423 0
451 115.0000000001727 50.00000000002361 0
452 115.00000000019 55.00000000001296 0
453 115.0000000002073 60.00000000000232 0
454 120.0000000000187 5.000000000008088 0
455 120.0000000000376 10.00000000001845 0
456 120.0000000000564 15.00000000002772 0
457 120.0000000000753 20.00000000003697 0
458 120.0000000000942 25.00000000004624 0
459 120.000000000113 30.0000000000555 0
460 120.0000000001319 35.00000000005394 0
461 120.0000000001508 40.00000000004357 0
462 120.0000000001696 45.0000000000332 0
463 120.0000000001885 50.00000000002282 0
464 120.0000000002073 55.00000000001243 0
465 120.0000000002262 60.00000000000206 0
466 125.0000000000203 5.000000000007892 0
467 125.0000000000407 10.00000000001805 0
468 125.0000000000612 15.00000000002702 0
469 125.0000000000816 20.00000000003599 0
470 125.000000000102 25.00000000004497 0
471 125.0000000001225 30.00000000005394 0
472 125.0000000001429 35.0000000000524 0
473 125.0000000001634 40.00000000004229 0
474 125.0000000001838 45.00000000003217 0
475 125.0000000002042 50.00000000002205 0
476 125.0000000002247 55.00000000001192 0
477 125.0000000002451 60.00000000000179 0
478 130.0000000000206 5.000000000007697 0
479 130.0000000000414 10.00000000001764 0
480 130.0000000000622 15.00000000002632 0
481 130.0000000000829 20.00000000003501 0
482 130.0000000001037 25.00000000004369 0
483 130.0000000001245 30.00000000005238 0
484 130.0000000001452 35.00000000005085 0
485 130.000000000166 40.000000000041 0
486 130.0000000001868 45.00000000003113 0
487 130.0000000002075 50.00000000002128 0
488 130.0000000002283 55.0000000000114 0
489 130.0000000002491 60.00000000000154 0
490 135.00000000002 5.000000000007502 0
491 135.0000000000402 10.00000000001723 0
492 135.0000000000603 15.00000000002563 0
493 135.0000000000805 20.00000000003402 0
494 135.0000000001006 25.00000000004243 0
495 135.0000000001208 30.00000000005081 0
496 135.0000000001409 35.0000000000493 0
497 135.0000000001611 40.00000000003971 0
498 135.0000000001813 45.00000000003011 0
499 135.0000000002014 50.0000000000205 0
500 135.0000000002216 55.00000000001089 0
501 135.0000000002417 60.00000000000128 0
502 140.0000000000194 5.000000000007306 0
503 140.0000000000389 10.00000000001683 0
504 140.0000000000585 15.00000000002494 0
505 140.000000000078 20.00000000003304 0
506 140.0000000000976 25.00000000004115 0
507 140.0000000001171 30.00000000004926 0
508 140.0000000001367 35.00000000004775 0
509 140.0000000001562 40.00000000003841 0
510 140.0000000001758 45.00000000002907 0
511 140.0000000001953 50.00000000001972 0
512 140.0000000002148 55.00000000001037 0
513 140.0000000002344 60.00000000000102 0
514 145.0000000000188 5.000000000007111 0
515 145.0000000000377 10.00000000001642 0
516 145.0000000000566 15.00000000002424 0
517 145.0000000000756 20.00000000003206 0
518 145.0000000000945 25.00000000003988 0
519 145.0000000001135 30.0000000000477 0
520 145.0000000001324 35.0000000000462 0
521 145.0000000001513 40.00000000003712 0
522 145.0000000001703 45.00000000002803 0
523 145.0000000001892 50.00000000001895 0
524 145.0000000002081 55.00000000000986 0
525 145.0000000002271 60.00000000000075 0
526 150.0000000000182 5.000000000006914 0
527 150.0000000000365 10.00000000001602 0
528 150.0000000000548 15.00000000002355 0
529 150.0000000000732 20.00000000003107 0
530 150.0000000000915 25.0000000000386 0
531 150.0000000001098 30.00000000004614 0
532 150.0000000001281 35.00000000004465 0
533 150.0000000001464 40.00000000003584 0
534 150.0000000001648 45.00000000002701 0
535 150.0000000001831 50.00000000001818 0
536 150.0000000002014 55.00000000000934 0
537 150.0000000002197 60.0000000000005 0
538 155.0000000000176 5.000000000006718 0
539 155.0000000000353 10.00000000001561 0
540 155.000000000053 15.00000000002285 0
541 155.0000000000707 20.00000000003009 0
542 155.0000000000884 25.00000000003734 0
543 155.0000000001061 30.00000000004458 0
544 155.0000000001238 35.0000000000431 0
545 155.0000000001415 40.00000000003453 0
546 155.0000000001593 45.00000000002597 0
547 155.000000000177 50.0000000000174 0
548 155.0000000001947 55.00000000000883 0
549 155.0000000002124 60.00000000000024 0
550 160.000000000017 5.000000000006523 0
551 160.0000000000341 10.00000000001521 0
552 160.0000000000512 15.00000000002216 0
553 160.0000000000683 20.00000000002911 0
554 160.0000000000854 25.00000000003607 0
555 160.0000000001025 30.00000000004302 0
556 160.0000000001196 35.00000000004157 0
557 160.0000000001367 40.00000000003325 0
558 160.0000000001538 45.00000000002495 0
559 160.0000000001709 50.00000000001663 0
560 160.000000000188 55.00000000000831 0
561 160.0000000002051 59.99999999999999 0
562 165.0000000000164 5.000000000006327 0
563 165.0000000000329 10.0000000000148 0
564 165.0000000000493 15.00000000002146 0
565 165.0000000000658 20.00000000002813 0
566 165.0000000000823 25.0000000000348 0
567 165.0000000000988 30.00000000004146 0
568 165.0000000001153 35.00000000004 0
569 165.0000000001318 40.00000000003196 0
570 165.0000000001483 45.00000000002391 0
571 165.0000000001648 50.00000000001585 0
572 165.0000000001813 55.00000000000779 0
573 165.0000000001977 59.99999999999973 0
574 170.0000000000158 5.000000000006132 0
575 170.0000000000316 10.0000000000144 0
576 170.0000000000475 15.00000000002077 0
577 170.0000000000634 20.00000000002715 0
578 170.0000000000793 25.00000000003352 0
579 170.0000000000952 30.0000000000399 0
580 170.000000000111 35.00000000003847 0
581 170.0000000001269 40.00000000003067 0
582 170.0000000001428 45.00000000002289 0
583 170.0000000001587 50.00000000001509 0
584 170.0000000001745 55.00000000000728 0
585 170.0000000001904 59.99999999999947 0
586 175.0000000000152 5.000000000005935 0
587 175.0000000000304 10.00000000001399 0
588 175.0000000000457 15.00000000002008 0
589 175.000000000061 20.00000000002617 0
590 175.0000000000762 25.00000000003225 0
591 175.0000000000915 30.00000000003834 0
592 175.0000000001068 35.00000000003691 0
593 175.000000000122 40.00000000002939 0
594 175.0000000001373 45.00000000002185 0
595 175.0000000001526 50.0000000000143 0
596 175.0000000001678 55.00000000000676 0
597 175.0000000001831 59.99999999999922 0
598 180.0000000000146 5.000000000005739 0
599 180.0000000000292 10.00000000001358 0
600 180.0000000000439 15.00000000001938 0
601 180.0000000000585 20.00000000002518 0
602 180.0000000000732 25.00000000003098 0
603 180.0000000000878 30.00000000003677 0
604 180.0000000001025 35.00000000003537 0
605 180.0000000001171 40.0000000000281 0
606 180.0000000001318 45.00000000002081 0
607 180.0000000001464 50.00000000001354 0
608 180.0000000001611 55.00000000000625 0
609 180.0000000001757 59.99999999999896 0
610 185.0000000000139 5.000000000005544 0
611 185.000000000028 10.00000000001318 0
612 185.000000000042 15.00000000001869 0
613 185.0000000000561 20.00000000002419 0
614 185.0000000000701 25.00000000002971 0
615 185.0000000000842 30.00000000003522 0
616 185.0000000000982 35.00000000003382 0
617 185.0000000001122 40.0000000000268 0
618 185.0000000001263 45.00000000001979 0
619 185.0000000001404 50.00000000001275 0
620 185.0000000001544 55.00000000000574 0
621 185.0000000001684 59.99999999999871 0
622 190.0000000000134 5.000000000005349 0
623 190.0000000000268 10.00000000001277 0
624 190.0000000000402 15.00000000001799 0
625 190.0000000000536 20.00000000002321 0
626 190.0000000000671 25.00000000002844 0
627 190.0000000000805 30.00000000003366 0
628 190.0000000000939 35.00000000003227 0
629 190.0000000001074 40.00000000002551 0
630 190.0000000001208 45.00000000001874 0
631 190.0000000001342 50.00000000001199 0
632 190.0000000001477 55.0000000000052 0
633 190.0000000001611 59.99999999999844 0
634 195.0000000000127 5.000000000005153 0
635 195.0000000000256 10.00000000001236 0
636 195.0000000000384 15.0000000000173 0
637 195.0000000000512 20.00000000002223 0
638 195.000000000064 25.00000000002716 0
639 195.0000000000768 30.0000000000321 0
640 195.0000000000896 35.00000000003072 0
641 195.0000000001025 40.00000000002422 0
642 195.0000000001153 45.00000000001771 0
643 195.0000000001281 50.00000000001121 0
644 195.0000000001409 55.00000000000469 0
645 195.0000000001538 59.99999999999818 0
646 200.0000000000121 5.000000000004958 0
647 200.0000000000243 10.00000000001196 0
648 200.0000000000366 15.0000000000166 0
649 200.0000000000487 20.00000000002125 0
650 200.000000000061 25.00000000002589 0
651 200.0000000000732 30.00000000003054 0
652 200.0000000000854 35.00000000002918 0
653 200.0000000000976 40.00000000002294 0
654 200.0000000001098 45.00000000001669 0
655 200.000000000122 50.00000000001042 0
656 200.0000000001342 55.00000000000418 0
657 200.0000000001464 59.99999999999793 0
658 205.0000000000115 5.000000000004762 0
659 205.0000000000231 10.00000000001155 0
660 205.0000000000347 15.00000000001591 0
661 205.0000000000463 20.00000000002027 0
662 205.0000000000579 25.00000000002462 0
663 205.0000000000695 30.00000000002897 0
664 205.0000000000811 35.00000000002764 0
665 205.0000000000927 40.00000000002164 0
666 205.0000000001043 45.00000000001565 0
667 205.0000000001159 50.00000000000966 0
668 205.0000000001275 55.00000000000367 0
669 205.0000000001391 59.99999999999767 0
670 210.0000000000109 5.000000000004565 0
671 210.0000000000219 10.00000000001115 0
672 210.0000000000329 15.00000000001522 0
673 210.0000000000439 20.00000000001928 0
674 210.0000000000549 25.00000000002335 0
675 210.0000000000659 30.00000000002742 0
676 210.0000000000768 35.00000000002608 0
677 210.0000000000878 40.00000000002035 0
678 210.0000000000988 45.00000000001462 0
679 210.0000000001098 50.00000000000889 0
680 210.0000000001208 55.00000000000316 0
681 210.0000000001318 59.9999999999974 0
682 215.0000000000103 5.00000000000437 0
683 215.0000000000207 10.00000000001074 0
684 215.000000000031 15.00000000001452 0
685 215.0000000000414 20.0000000000183 0
686 215.0000000000518 25.00000000002208 0
687 215.0000000000622 30.00000000002586 0
688 215.0000000000726 35.00000000002454 0
689 215.0000000000829 40.00000000001907 0
690 215.0000000000933 45.00000000001359 0
691 215.0000000001037 50.00000000000812 0
692 215.0000000001141 55.00000000000264 0
693 215.0000000001244 59.99999999999714 0
694 220.0000000000097 5.000000000004174 0
695 220.0000000000195 10.00000000001034 0
696 220.0000000000293 15.00000000001383 0
697 220.000000000039 20.00000000001731 0
698 220.0000000000488 25.00000000002081 0
699 220.0000000000585 30.0000000000243 0
700 220.0000000000683 35.00000000002298 0
701 220.0000000000781 40.00000000001776 0
702 220.0000000000878 45.00000000001256 0
703 220.0000000000976 50.00000000000734 0
704 220.0000000001074 55.00000000000212 0
705 220.0000000001171 59.99999999999689 0
706 225.0000000000091 5.000000000003977 0
707 225.0000000000183 10.00000000000993 0
708 225.0000000000274 15.00000000001313 0
709 225.0000000000366 20.00000000001633 0
710 225.0000000000457 25.00000000001953 0
711 225.0000000000549 30.00000000002273 0
712 225.000000000064 35.00000000002144 0
713 225.0000000000732 40.00000000001649 0
714 225.0000000000823 45.00000000001152 0
715 225.0000000000915 50.00000000000656 0
716 225.0000000001006 55.00000000000159 0
717 225.0000000001098 59.99999999999663 0
718 230.0000000000085 5.000000000003782 0
719 230.000000000017 10.00000000000953 0
720 230.0000000000256 15.00000000001244 0
721 230.0000000000341 20.00000000001535 0
722 230.0000000000427 25.00000000001827 0
723 230.0000000000512 30.00000000002118 0
724 230.0000000000597 35.00000000001988 0
725 230.0000000000683 40.00000000001519 0
726 230.0000000000768 45.0000000000105 0
727 230.0000000000854 50.00000000000579 0
728 230.0000000000939 55.00000000000108 0
729 230.0000000001024 59.99999999999638 0
730 235.0000000000079 5.000000000003587 0
731 235.0000000000158 10.00000000000912 0
732 235.0000000000237 15.00000000001174 0
733 235.0000000000317 20.00000000001437 0
734 235.0000000000396 25.00000000001699 0
735 235.0000000000475 30.00000000001962 0
736 235.0000000000555 35.00000000001835 0
737 235.0000000000634 40.0000000000139 0
738 235.0000000000713 45.00000000000946 0
739 235.0000000000792 50.00000000000502 0
740 235.0000000000872 55.00000000000057 0
741 235.0000000000951 59.99999999999612 0
742 240.0000000000073 5.000000000003391 0
743 240.0000000000146 10.00000000000871 0
744 240.0000000000219 15.00000000001105 0
745 240.0000000000292 20.00000000001338 0
746 240.0000000000366 25.00000000001572 0
747 240.0000000000439 30.00000000001806 0
748 240.0000000000512 35.0000000000168 0
749 240.0000000000585 40.00000000001262 0
750 240.0000000000658 45.00000000000842 0
751 240.0000000000731 50.00000000000424 0
752 240.0000000000805 55.00000000000006 0
753 240.0000000000878 59.99999999999587 0
754 245.0000000000067 5.000000000003196 0
755 245.0000000000134 10.00000000000831 0
756 245.0000000000201 15.00000000001035 0
757 245.0000000000268 20.0000000000124 0
758 245.0000000000335 25.00000000001445 0
759 245.0000000000402 30.0000000000165 0
760 245.0000000000469 35.00000000001525 0
761 245.0000000000536 40.00000000001131 0
762 245.0000000000603 45.0000000000074 0
763 245.0000000000671 50.00000000000346 0
764 245.0000000000738 54.99999999999955 0
765 245.0000000000805 59.99999999999561 0
766 250.0000000000061 5.000000000003 0
767 250.0000000000121 10.0000000000079 0
768 250.0000000000183 15.00000000000966 0
769 250.0000000000244 20.00000000001142 0
770 250.0000000000304 25.00000000001318 0
771 250.0000000000366 30.00000000001494 0
772 250.0000000000427 35.0000000000137 0
773 250.0000000000488 40.00000000001003 0
774 250.0000000000549 45.00000000000637 0
775 250.000000000061 50.00000000000269 0
776 250.0000000000671 54.99999999999903 0
777 250.0000000000732 59.99999999999535 0
778 255.0000000000055 5.000000000002805 0
779 255.0000000000109 10.0000000000075 0
780 255.0000000000164 15.00000000000897 0
781 255.0000000000219 20.00000000001043 0
782 255.0000000000274 25.0000000000119 0
783 255.0000000000329 30.00000000001338 0
784 255.0000000000384 35.00000000001215 0
785 255.0000000000439 40.00000000000874 0
786 255.0000000000494 45.00000000000532 0
787 255.0000000000549 50.00000000000191 0
788 255.0000000000604 54.99999999999849 0
789 255.0000000000659 59.99999999999508 0
790 260.0000000000048 5.00000000000261 0
791 260.0000000000097 10.00000000000709 0
792 260.0000000000146 15.00000000000827 0
793 260.0000000000195 20.00000000000945 0
794 260.0000000000244 25.00000000001064 0
795 260.0000000000293 30.00000000001182 0
796 260.0000000000341 35.0000000000106 0
797 260.000000000039 40.00000000000745 0
798 260.0000000000439 45.0000000000043 0
799 260.0000000000488 50.00000000000114 0
800 260.0000000000537 54.99999999999798 0
801 260.0000000000586 59.99999999999483 0
802 265.0000000000042 5.000000000002414 0
803 265.0000000000085 10.00000000000669 0
804 265.0000000000127 15.00000000000758 0
805 265.0000000000171 20.00000000000847 0
806 265.0000000000213 25.00000000000936 0
807 265.0000000000256 30.00000000001026 0
808 265.0000000000298 35.00000000000905 0
809 265.0000000000341 40.00000000000617 0
810 265.0000000000384 45.00000000000328 0
811 265.0000000000427 50.00000000000036 0
812 265.000000000047 54.99999999999747 0
813 265.0000000000512 59.99999999999457 0
814 270.0000000000036 5.000000000002217 0
815 270.0000000000073 10.00000000000628 0
816 270.000000000011 15.00000000000688 0
817 270.0000000000147 20.00000000000749 0
818 270.0000000000183 25.00000000000809 0
819 270.0000000000219 30.00000000000869 0
820 270.0000000000256 35.00000000000752 0
821 270.0000000000293 40.00000000000486 0
822 270.0000000000329 45.00000000000224 0
823 270.0000000000366 49.9999999999996 0
824 270.0000000000403 54.99999999999696 0
825 270.0000000000439 59.99999999999432 0
826 275.0000000000031 5.000000000002022 0
827 275.0000000000061 10.00000000000587 0
828 275.0000000000092 15.00000000000619 0
829 275.0000000000122 20.0000000000065 0
830 275.0000000000152 25.00000000000682 0
831 275.0000000000183 30.00000000000714 0
832 275.0000000000213 35.00000000000595 0
833 275.0000000000244 40.00000000000358 0
834 275.0000000000275 45.0000000000012 0
835 275.0000000000305 49.99999999999883 0
836 275.0000000000335 54.99999999999645 0
837 275.0000000000366 59.99999999999406 0
838 280.0000000000024 5.000000000001826 0
839 280.0000000000049 10.00000000000547 0
840 280.0000000000073 15.00000000000549 0
841 280.0000000000098 20.00000000000552 0
842 280.0000000000122 25.00000000000555 0
843 280.0000000000147 30.00000000000558 0
844 280.0000000000171 35.00000000000442 0
845 280.0000000000195 40.00000000000229 0
846 280.0000000000219 45.00000000000018 0
847 280.0000000000244 49.99999999999805 0
848 280.0000000000268 54.99999999999594 0
849 280.0000000000293 59.9999999999938 0
850 285.0000000000018 5.000000000001629 0
851 285.0000000000036 10.00000000000506 0
852 285.0000000000055 15.0000000000048 0
853 285.0000000000073 20.00000000000454 0
854 285.0000000000092 25.00000000000427 0
855 285.000000000011 30.00000000000402 0
856 285.0000000000128 35.00000000000286 0
857 285.0000000000146 40.000000000001 0
858 285.0000000000164 44.99999999999913 0
859 285.0000000000183 49.99999999999726 0
860 285.0000000000201 54.9999999999954 0
861 285.0000000000219 59.99999999999353 0
862 290.0000000000012 5.000000000001434 0
863 290.0000000000024 10.00000000000465 0
864 290.0000000000036 15.00000000000411 0
865 290.0000000000049 20.00000000000356 0
866 290.0000000000061 25.00000000000301 0
867 290.0000000000073 30.00000000000246 0
868 290.0000000000085 35.00000000000132 0
869 290.0000000000098 39.99999999999972 0
870 290.000000000011 44.9999999999981 0
871 290.0000000000122 49.9999999999965 0
872 290.0000000000134 54.99999999999488 0
873 290.0000000000147 59.99999999999328 0
874 295.0000000000006 5.000000000001238 0
875 295.0000000000012 10.00000000000425 0
876 295.0000000000018 15.00000000000341 0
877 295.0000000000024 20.00000000000258 0
878 295.000000000003 25.00000000000173 0
879 295.0000000000036 30.00000000000089 0
880 295.0000000000043 34.99999999999977 0
881 295.0000000000049 39.99999999999841 0
882 295.0000000000055 44.99999999999708 0
883 295.0000000000061 49.99999999999573 0
884 295.0000000000067 54.99999999999437 0
885 295.0000000000073 59.99999999999302 0
886 295.0000000000079 70.00000000000057 0
887 295.0000000000079 75.00000000000112 0
888 295.0000000000079 80.00000000000169 0
889 295.0000000000079 85.00000000000225 0
890 295.0000000000079 90.00000000000283 0
891 295.0000000000079 95.00000000000337 0
892 295.0000000000079 100.000000000004 0
893 295.0000000000079 105.0000000000045 0
894 295.0000000000079 110.0000000000051 0
895 295.0000000000079 115.0000000000057 0
896 295.0000000000079 120.0000000000062 0
897 295.0000000000079 125.0000000000068 0
898 295.0000000000079 130.0000000000069 0
899 295.0000000000079 135.0000000000064 0
900 295.0000000000079 140.0000000000059 0
901 295.0000000000079 145.0000000000054 0
902 295.0000000000079 150.0000000000049 0
903 295.0000000000079 155.0000000000044 0
904 295.0000000000079 160.0000000000039 0
905 295.0000000000079 165.0000000000034 0
906 295.0000000000079 170.0000000000029 0
907 295.0000000000079 175.0000000000024 0
908 295.0000000000079 180.000000000002 0
909 295.0000000000079 185.0000000000015 0
910 295.0000000000079 190.000000000001 0
911 295.0000000000079 195.0000000000005 0
912 290.0000000000159 70.00000000000111 0
913 290.0000000000159 75.00000000000226 0
914 290.0000000000159 80.00000000000337 0
915 290.0000000000159 85.00000000000449 0
916 290.0000000000159 90.00000000000564 0
917 290.0000000000159 95.00000000000675 0
918 290.0000000000159 100.0000000000079 0
919 290.0000000000159 105.000000000009 0
920 290.0000000000159 110.0000000000102 0
921 290.0000000000159 115.0000000000113 0
922 290.0000000000159 120.0000000000124 0
923 290.0000000000159 125.0000000000135 0
924 290.0000000000159 130.0000000000137 0
925 290.0000000000159 135.0000000000127 0
926 290.0000000000159 140.0000000000117 0
927 290.0000000000159 145.0000000000108 0
928 290.0000000000159 150.0000000000098 0
929 290.0000000000159 155.0000000000088 0
930 290.0000000000159 160.0000000000078 0
931 290.0000000000159 165.0000000000069 0
932 290.0000000000159 170.0000000000059 0
933 290.0000000000159 175.0000000000049 0
934 290.0000000000159 180.000000000004 0
935 290.0000000000159 185.000000000003 0
936 290.0000000000159 190.0000000000019 0
937 290.0000000000159 195.000000000001 0
938 285.0000000000238 70.00000000000168 0
939 285.0000000000238 75.00000000000337 0
940 285.0000000000238 80.00000000000507 0
941 285.0000000000238 85.00000000000676 0
942 285.0000000000238 90.00000000000846 0
943 285.0000000000238 95.00000000001013 0
944 285.0000000000238 100.0000000000118 0
945 285.0000000000238 105.0000000000135 0
946 285.0000000000238 110.0000000000152 0
947 285.0000000000238 115.0000000000169 0
948 285.0000000000238 120.0000000000186 0
949 285.0000000000238 125.0000000000203 0
950 285.0000000000238 130.0000000000206 0
951 285.0000000000238 135.0000000000191 0
952 285.0000000000238 140.0000000000177 0
953 285.0000000000238 145.0000000000161 0
954 285.0000000000238 150.0000000000147 0
955 285.0000000000238 155.0000000000132 0
956 285.0000000000238 160.0000000000117 0
957 285.0000000000238 165.0000000000103 0
958 285.0000000000238 170.0000000000088 0
959 285.0000000000238 175.0000000000074 0
960 285.0000000000238 180.0000000000059 0
961 285.0000000000238 185.0000000000044 0
962 285.0000000000238 190.0000000000029 0
963 285.0000000000238 195.0000000000015 0
964 280.0000000000317 70.00000000000225 0
965 280.0000000000317 75.00000000000448 0
966 280.0000000000317 80.00000000000675 0
967 280.0000000000317 85.00000000000898 0
968 280.0000000000317 90.00000000001124 0
969 280.0000000000317 95.00000000001349 0
970 280.0000000000317 100.0000000000158 0
971 280.0000000000317 105.000000000018 0
972 280.0000000000317 110.0000000000203 0
973 280.0000000000317 115.0000000000225 0
974 280.0000000000317 120.0000000000248 0
975 280.0000000000317 125.000000000027 0
976 280.0000000000317 130.0000000000274 0
977 280.0000000000317 135.0000000000255 0
978 280.0000000000317 140.0000000000235 0
979 280.0000000000317 145.0000000000215 0
980 280.0000000000317 150.0000000000196 0
981 280.0000000000317 155.0000000000176 0
982 280.0000000000317 160.0000000000156 0
983 280.0000000000317 165.0000000000137 0
984 280.0000000000317 170.0000000000117 0
985 280.0000000000317 175.0000000000098 0
986 280.0000000000317 180.0000000000078 0
987 280.0000000000317 185.0000000000059 0
988 280.0000000000317 190.0000000000039 0
989 280.0000000000317 195.000000000002 0
990 275.0000000000396 70.00000000000281 0
991 275.0000000000396 75.00000000000561 0
992 275.0000000000396 80.00000000000843 0
993 275.0000000000396 85.00000000001126 0
994 275.0000000000396 90.00000000001408 0
995 275.0000000000396 95.00000000001687 0
996 275.0000000000396 100.0000000000197 0
997 275.0000000000396 105.0000000000225 0
998 275.0000000000396 110.0000000000253 0
999 275.0000000000396 115.0000000000282 0
1000 275.0000000000396 120.000000000031 0
1001 275.0000000000396 125.0000000000338 0
1002 275.0000000000396 130.0000000000343 0
1003 275.0000000000396 135.0000000000318 0
1004 275.0000000000396 140.0000000000294 0
1005 275.0000000000396 145.0000000000269 0
1006 275.0000000000396 150.0000000000245 0
1007 275.0000000000396 155.000000000022 0
1008 275.0000000000396 160.0000000000196 0
1009 275.0000000000396 165.0000000000171 0
1010 275.0000000000396 170.0000000000147 0
1011 275.0000000000396 175.0000000000122 0
1012 275.0000000000396 180.0000000000098 0
1013 275.0000000000396 185.0000000000073 0
1014 275.0000000000396 190.0000000000048 0
1015 275.0000000000396 195.0000000000024 0
1016 270.0000000000476 70.00000000000338 0
1017 270.0000000000476 75.00000000000675 0
1018 270.0000000000476 80.00000000001013 0
1019 270.0000000000476 85.0000000000135 0
1020 270.0000000000476 90.0000000000169 0
1021 270.0000000000476 95.00000000002028 0
1022 270.0000000000476 100.0000000000237 0
1023 270.0000000000476 105.000000000027 0
1024 270.0000000000476 110.0000000000304 0
1025 270.0000000000476 115.0000000000338 0
1026 270.0000000000476 120.0000000000371 0
1027 270.0000000000476 125.0000000000405 0
1028 270.0000000000476 130.0000000000411 0
1029 270.0000000000476 135.0000000000381 0
1030 270.0000000000476 140.0000000000352 0
1031 270.0000000000476 145.0000000000323 0
1032 270.0000000000476 150.0000000000294 0
1033 270.0000000000476 155.0000000000264 0
1034 270.0000000000476 160.0000000000235 0
1035 270.0000000000476 165.0000000000205 0
1036 270.0000000000476 170.0000000000176 0
1037 270.0000000000476 175.0000000000146 0
1038 270.0000000000476 180.0000000000117 0
1039 270.0000000000476 185.0000000000088 0
1040 270.0000000000476 190.0000000000059 0
1041 270.0000000000476 195.000000000003 0
1042 265.0000000000555 70.00000000000392 0
1043 265.0000000000555 75.00000000000786 0
1044 265.0000000000555 80.00000000001184 0
1045 265.0000000000555 85.00000000001577 0
1046 265.0000000000555 90.00000000001971 0
1047 265.0000000000555 95.00000000002363 0
1048 265.0000000000555 100.0000000000276 0
1049 265.0000000000555 105.0000000000316 0
1050 265.0000000000555 110.0000000000355 0
1051 265.0000000000555 115.0000000000394 0
1052 265.0000000000555 120.0000000000434 0
1053 265.0000000000555 125.0000000000473 0
1054 265.0000000000555 130.000000000048 0
1055 265.0000000000555 135.0000000000445 0
1056 265.0000000000555 140.0000000000411 0
1057 265.0000000000555 145.0000000000377 0
1058 265.0000000000555 150.0000000000343 0
1059 265.0000000000555 155.0000000000308 0
1060 265.0000000000555 160.0000000000273 0
1061 265.0000000000555 165.000000000024 0
1062 265.0000000000555 170.0000000000206 0
1063 265.0000000000555 175.0000000000171 0
1064 265.0000000000555 180.0000000000137 0
1065 265.0000000000555 185.0000000000103 0
1066 265.0000000000555 190.0000000000068 0
1067 265.0000000000555 195.0000000000034 0
1068 260.0000000000634 70.00000000000449 0
1069 260.0000000000634 75.000000000009 0
1070 260.0000000000634 80.00000000001352 0
1071 260.0000000000634 85.00000000001802 0
1072 260.0000000000634 90.00000000002252 0
1073 260.0000000000634 95.00000000002702 0
1074 260.0000000000634 100.0000000000315 0
1075 260.0000000000634 105.000000000036 0
1076 260.0000000000634 110.0000000000405 0
1077 260.0000000000634 115.0000000000451 0
1078 260.0000000000634 120.0000000000496 0
1079 260.0000000000634 125.0000000000541 0
1080 260.0000000000634 130.0000000000548 0
1081 260.0000000000634 135.0000000000509 0
1082 260.0000000000634 140.000000000047 0
1083 260.0000000000634 145.000000000043 0
1084 260.0000000000634 150.0000000000391 0
1085 260.0000000000634 155.0000000000352 0
1086 260.0000000000634 160.0000000000313 0
1087 260.0000000000634 165.0000000000274 0
1088 260.0000000000634 170.0000000000235 0
1089 260.0000000000634 175.0000000000196 0
1090 260.0000000000634 180.0000000000157 0
1091 260.0000000000634 185.0000000000118 0
1092 260.0000000000634 190.0000000000078 0
1093 260.0000000000634 195.0000000000039 0
1094 255.0000000000713 70.00000000000506 0
1095 255.0000000000713 75.00000000001013 0
1096 255.0000000000713 80.00000000001519 0
1097 255.0000000000713 85.00000000002029 0
1098 255.0000000000713 90.00000000002534 0
1099 255.0000000000713 95.0000000000304 0
1100 255.0000000000713 100.0000000000355 0
1101 255.0000000000713 105.0000000000405 0
1102 255.0000000000713 110.0000000000456 0
1103 255.0000000000713 115.0000000000507 0
1104 255.0000000000713 120.0000000000558 0
1105 255.0000000000713 125.0000000000608 0
1106 255.0000000000713 130.0000000000617 0
1107 255.0000000000713 135.0000000000572 0
1108 255.0000000000713 140.0000000000528 0
1109 255.0000000000713 145.0000000000484 0
1110 255.0000000000713 150.000000000044 0
1111 255.0000000000713 155.0000000000396 0
1112 255.0000000000713 160.0000000000352 0
1113 255.0000000000713 165.0000000000308 0
1114 255.0000000000713 170.0000000000264 0
1115 255.0000000000713 175.000000000022 0
1116 255.0000000000713 180.0000000000177 0
1117 255.0000000000713 185.0000000000132 0
1118 255.0000000000713 190.0000000000088 0
1119 255.0000000000713 195.0000000000044 0
1120 250.0000000000793 70.00000000000563 0
1121 250.0000000000793 75.00000000001124 0
1122 250.0000000000793 80.0000000000169 0
1123 250.0000000000793 85.00000000002251 0
1124 250.0000000000793 90.00000000002815 0
1125 250.0000000000793 95.00000000003378 0
1126 250.0000000000793 100.0000000000394 0
1127 250.0000000000793 105.0000000000451 0
1128 250.0000000000793 110.0000000000507 0
1129 250.0000000000793 115.0000000000563 0
1130 250.0000000000793 120.000000000062 0
1131 250.0000000000793 125.0000000000676 0
1132 250.0000000000793 130.0000000000685 0
1133 250.0000000000793 135.0000000000636 0
1134 250.0000000000793 140.0000000000587 0
1135 250.0000000000793 145.0000000000538 0
1136 250.0000000000793 150.0000000000489 0
1137 250.0000000000793 155.000000000044 0
1138 250.0000000000793 160.0000000000391 0
1139 250.0000000000793 165.0000000000342 0
1140 250.0000000000793 170.0000000000294 0
1141 250.0000000000793 175.0000000000245 0
1142 250.0000000000793 180.0000000000196 0
1143 250.0000000000793 185.0000000000147 0
1144 250.0000000000793 190.0000000000097 0
1145 250.0000000000793 195.000000000005 0
1146 245.0000000000872 70.0000000000062 0
1147 245.0000000000872 75.00000000001238 0
1148 245.0000000000872 80.00000000001857 0
1149 245.0000000000872 85.00000000002478 0
1150 245.0000000000872 90.00000000003097 0
1151 245.0000000000872 95.00000000003716 0
1152 245.0000000000872 100.0000000000433 0
1153 245.0000000000872 105.0000000000495 0
1154 245.0000000000872 110.0000000000558 0
1155 245.0000000000872 115.0000000000619 0
1156 245.0000000000872 120.0000000000681 0
1157 245.0000000000872 125.0000000000743 0
1158 245.0000000000872 130.0000000000754 0
1159 245.0000000000872 135.00000000007 0
1160 245.0000000000872 140.0000000000646 0
1161 245.0000000000872 145.0000000000592 0
1162 245.0000000000872 150.0000000000538 0
1163 245.0000000000872 155.0000000000484 0
1164 245.0000000000872 160.000000000043 0
1165 245.0000000000872 165.0000000000376 0
1166 245.0000000000872 170.0000000000323 0
1167 245.0000000000872 175.0000000000269 0
1168 245.0000000000872 180.0000000000215 0
1169 245.0000000000872 185.0000000000161 0
1170 245.0000000000872 190.0000000000107 0
1171 245.0000000000872 195.0000000000054 0
1172 240.0000000000951 70.00000000000674 0
1173 240.0000000000951 75.00000000001352 0
1174 240.0000000000951 80.00000000002025 0
1175 240.0000000000951 85.00000000002703 0
1176 240.0000000000951 90.00000000003378 0
1177 240.0000000000951 95.00000000004054 0
1178 240.0000000000951 100.0000000000473 0
1179 240.0000000000951 105.0000000000541 0
1180 240.0000000000951 110.0000000000608 0
1181 240.0000000000951 115.0000000000676 0
1182 240.0000000000951 120.0000000000743 0
1183 240.0000000000951 125.0000000000811 0
1184 240.0000000000951 130.0000000000822 0
1185 240.0000000000951 135.0000000000763 0
1186 240.0000000000951 140.0000000000705 0
1187 240.0000000000951 145.0000000000646 0
1188 240.0000000000951 150.0000000000587 0
1189 240.0000000000951 155.0000000000528 0
1190 240.0000000000951 160.000000000047 0
1191 240.0000000000951 165.0000000000411 0
1192 240.0000000000951 170.0000000000352 0
1193 240.0000000000951 175.0000000000293 0
1194 240.0000000000951 180.0000000000235 0
1195 240.0000000000951 185.0000000000176 0
1196 240.0000000000951 190.0000000000117 0
1197 240.0000000000951 195.0000000000059 0
1198 235.000000000103 70.0000000000073 0
1199 235.000000000103 75.00000000001462 0
1200 235.000000000103 80.00000000002196 0
1201 235.000000000103 85.00000000002927 0
1202 235.000000000103 90.00000000003659 0
1203 235.000000000103 95.0000000000439 0
1204 235.000000000103 100.0000000000512 0
1205 235.000000000103 105.0000000000586 0
1206 235.000000000103 110.0000000000659 0
1207 235.000000000103 115.0000000000732 0
1208 235.000000000103 120.0000000000805 0
1209 235.000000000103 125.0000000000878 0
1210 235.000000000103 130.0000000000891 0
1211 235.000000000103 135.0000000000827 0
1212 235.000000000103 140.0000000000763 0
1213 235.000000000103 145.00000000007 0
1214 235.000000000103 150.0000000000636 0
1215 235.000000000103 155.0000000000572 0
1216 235.000000000103 160.0000000000509 0
1217 235.000000000103 165.0000000000445 0
1218 235.000000000103 170.0000000000382 0
1219 235.000000000103 175.0000000000318 0
1220 235.000000000103 180.0000000000254 0
1221 235.000000000103 185.0000000000191 0
1222 235.000000000103 190.0000000000127 0
1223 235.000000000103 195.0000000000064 0
1224 230.000000000111 70.00000000000787 0
1225 230.000000000111 75.00000000001576 0
1226 230.000000000111 80.00000000002366 0
1227 230.000000000111 85.00000000003152 0
1228 230.000000000111 90.00000000003944 0
1229 230.000000000111 95.00000000004728 0
1230 230.000000000111 100.0000000000552 0
1231 230.000000000111 105.0000000000631 0
1232 230.000000000111 110.0000000000709 0
1233 230.000000000111 115.0000000000788 0
1234 230.000000000111 120.0000000000867 0
1235 230.000000000111 125.0000000000946 0
1236 230.000000000111 130.0000000000959 0
1237 230.000000000111 135.000000000089 0
1238 230.000000000111 140.0000000000822 0
1239 230.000000000111 145.0000000000753 0
1240 230.000000000111 150.0000000000685 0
1241 230.000000000111 155.0000000000616 0
1242 230.000000000111 160.0000000000547 0
1243 230.000000000111 165.0000000000479 0
1244 230.000000000111 170.0000000000411 0
1245 230.000000000111 175.0000000000342 0
1246 230.000000000111 180.0000000000274 0
1247 230.000000000111 185.0000000000205 0
1248 230.000000000111 190.0000000000136 0
1249 230.000000000111 195.0000000000069 0
1250 225.0000000001189 70.00000000000844 0
1251 225.0000000001189 75.00000000001687 0
1252 225.0000000001189 80.00000000002534 0
1253 225.0000000001189 85.00000000003377 0
1254 225.0000000001189 90.00000000004222 0
1255 225.0000000001189 95.00000000005066 0
1256 225.0000000001189 100.0000000000591 0
1257 225.0000000001189 105.0000000000676 0
1258 225.0000000001189 110.000000000076 0
1259 225.0000000001189 115.0000000000844 0
1260 225.0000000001189 120.0000000000929 0
1261 225.0000000001189 125.0000000001014 0
1262 225.0000000001189 130.0000000001027 0
1263 225.0000000001189 135.0000000000954 0
1264 225.0000000001189 140.000000000088 0
1265 225.0000000001189 145.0000000000807 0
1266 225.0000000001189 150.0000000000734 0
1267 225.0000000001189 155.000000000066 0
1268 225.0000000001189 160.0000000000587 0
1269 225.0000000001189 165.0000000000513 0
1270 225.0000000001189 170.000000000044 0
1271 225.0000000001189 175.0000000000366 0
1272 225.0000000001189 180.0000000000294 0
1273 225.0000000001189 185.000000000022 0
1274 225.0000000001189 190.0000000000146 0
1275 225.0000000001189 195.0000000000073 0
1276 220.0000000001269 70.00000000000901 0
1277 220.0000000001269 75.00000000001801 0
1278 220.0000000001269 80.00000000002702 0
1279 220.0000000001269 85.00000000003604 0
1280 220.0000000001269 90.00000000004506 0
1281 220.0000000001269 95.00000000005404 0
1282 220.0000000001269 100.000000000063 0
1283 220.0000000001269 105.0000000000721 0
1284 220.0000000001269 110.0000000000811 0
1285 220.0000000001269 115.0000000000901 0
1286 220.0000000001269 120.0000000000991 0
1287 220.0000000001269 125.0000000001081 0
1288 220.0000000001269 130.0000000001096 0
1289 220.0000000001269 135.0000000001018 0
1290 220.0000000001269 140.0000000000939 0
1291 220.0000000001269 145.0000000000861 0
1292 220.0000000001269 150.0000000000782 0
1293 220.0000000001269 155.0000000000704 0
1294 220.0000000001269 160.0000000000626 0
1295 220.0000000001269 165.0000000000548 0
1296 220.0000000001269 170.000000000047 0
1297 220.0000000001269 175.0000000000391 0
1298 220.0000000001269 180.0000000000313 0
1299 220.0000000001269 185.0000000000235 0
1300 220.0000000001269 190.0000000000156 0
1301 220.0000000001269 195.0000000000078 0
1302 215.0000000001348 70.00000000000955 0
1303 215.0000000001348 75.00000000001914 0
1304 215.0000000001348 80.00000000002872 0
1305 215.0000000001348 85.00000000003831 0
1306 215.0000000001348 90.00000000004785 0
1307 215.0000000001348 95.00000000005743 0
1308 215.0000000001348 100.000000000067 0
1309 215.0000000001348 105.0000000000766 0
1310 215.0000000001348 110.0000000000862 0
1311 215.0000000001348 115.0000000000957 0
1312 215.0000000001348 120.0000000001053 0
1313 215.0000000001348 125.0000000001149 0
1314 215.0000000001348 130.0000000001164 0
1315 215.0000000001348 135.0000000001081 0
1316 215.0000000001348 140.0000000000998 0
1317 215.0000000001348 145.0000000000915 0
1318 215.0000000001348 150.0000000000831 0
1319 215.0000000001348 155.0000000000748 0
1320 215.0000000001348 160.0000000000665 0
1321 215.0000000001348 165.0000000000582 0
1322 215.0000000001348 170.0000000000499 0
1323 215.0000000001348 175.0000000000416 0
1324 215.0000000001348 180.0000000000333 0
1325 215.0000000001348 185.000000000025 0
1326 215.0000000001348 190.0000000000166 0
1327 215.0000000001348 195.0000000000083 0
1328 210.0000000001428 70.00000000001012 0
1329 210.0000000001428 75.00000000002025 0
1330 210.0000000001428 80.0000000000304 0
1331 210.0000000001428 85.00000000004053 0
1332 210.0000000001428 90.00000000005066 0
1333 210.0000000001428 95.00000000006078 0
1334 210.0000000001428 100.0000000000709 0
1335 210.0000000001428 105.0000000000811 0
1336 210.0000000001428 110.0000000000912 0
1337 210.0000000001428 115.0000000001013 0
1338 210.0000000001428 120.0000000001115 0
1339 210.0000000001428 125.0000000001216 0
1340 210.0000000001428 130.0000000001233 0
1341 210.0000000001428 135.0000000001145 0
1342 210.0000000001428 140.0000000001056 0
1343 210.0000000001428 145.0000000000969 0
1344 210.0000000001428 150.000000000088 0
1345 210.0000000001428 155.0000000000792 0
1346 210.0000000001428 160.0000000000704 0
1347 210.0000000001428 165.0000000000616 0
1348 210.0000000001428 170.0000000000528 0
1349 210.0000000001428 175.000000000044 0
1350 210.0000000001428 180.0000000000352 0
1351 210.0000000001428 185.0000000000264 0
1352 210.0000000001428 190.0000000000176 0
1353 210.0000000001428 195.0000000000088 0
1354 205.0000000001507 70.00000000001069 0
1355 205.0000000001507 75.00000000002139 0
1356 205.0000000001507 80.00000000003207 0
1357 205.0000000001507 85.0000000000428 0
1358 205.0000000001507 90.00000000005348 0
1359 205.0000000001507 95.00000000006416 0
1360 205.0000000001507 100.0000000000749 0
1361 205.0000000001507 105.0000000000856 0
1362 205.0000000001507 110.0000000000963 0
1363 205.0000000001507 115.000000000107 0
1364 205.0000000001507 120.0000000001177 0
1365 205.0000000001507 125.0000000001284 0
1366 205.0000000001507 130.0000000001301 0
1367 205.0000000001507 135.0000000001209 0
1368 205.0000000001507 140.0000000001115 0
1369 205.0000000001507 145.0000000001022 0
1370 205.0000000001507 150.0000000000929 0
1371 205.0000000001507 155.0000000000836 0
1372 205.0000000001507 160.0000000000743 0
1373 205.0000000001507 165.000000000065 0
1374 205.0000000001507 170.0000000000557 0
1375 205.0000000001507 175.0000000000464 0
1376 205.0000000001507 180.0000000000372 0
1377 205.0000000001507 185.0000000000279 0
1378 205.0000000001507 190.0000000000185 0
1379 205.0000000001507 195.0000000000093 0
1380 200.0000000001587 70.00000000001126 0
1381 200.0000000001587 75.0000000000225 0
1382 200.0000000001587 80.00000000003378 0
1383 200.0000000001587 85.00000000004502 0
1384 200.0000000001587 90.00000000005632 0
1385 200.0000000001587 95.00000000006754 0
1386 200.0000000001587 100.0000000000788 0
1387 200.0000000001587 105.0000000000901 0
1388 200.0000000001587 110.0000000001013 0
1389 200.0000000001587 115.0000000001126 0
1390 200.0000000001587 120.0000000001239 0
1391 200.0000000001587 125.0000000001351 0
1392 200.0000000001587 130.000000000137 0
1393 200.0000000001587 135.0000000001272 0
1394 200.0000000001587 140.0000000001174 0
1395 200.0000000001587 145.0000000001076 0
1396 200.0000000001587 150.0000000000978 0
1397 200.0000000001587 155.000000000088 0
1398 200.0000000001587 160.0000000000782 0
1399 200.0000000001587 165.0000000000684 0
1400 200.0000000001587 170.0000000000587 0
1401 200.0000000001587 175.0000000000489 0
1402 200.0000000001587 180.0000000000391 0
1403 200.0000000001587 185.0000000000293 0
1404 200.0000000001587 190.0000000000195 0
1405 200.0000000001587 195.0000000000098 0
1406 195.0000000001666 70.00000000001182 0
1407 195.0000000001666 75.00000000002363 0
1408 195.0000000001666 80.00000000003549 0
1409 195.0000000001666 85.00000000004729 0
1410 195.0000000001666 90.0000000000591 0
1411 195.0000000001666 95.00000000007093 0
1412 195.0000000001666 100.0000000000828 0
1413 195.0000000001666 105.0000000000946 0
1414 195.0000000001666 110.0000000001064 0
1415 195.0000000001666 115.0000000001182 0
1416 195.0000000001666 120.0000000001301 0
1417 195.0000000001666 125.0000000001419 0
1418 195.0000000001666 130.0000000001438 0
1419 195.0000000001666 135.0000000001335 0
1420 195.0000000001666 140.0000000001233 0
1421 195.0000000001666 145.000000000113 0
1422 195.0000000001666 150.0000000001027 0
1423 195.0000000001666 155.0000000000924 0
1424 195.0000000001666 160.0000000000821 0
1425 195.0000000001666 165.0000000000719 0
1426 195.0000000001666 170.0000000000616 0
1427 195.0000000001666 175.0000000000513 0
1428 195.0000000001666 180.0000000000411 0
1429 195.0000000001666 185.0000000000308 0
1430 195.0000000001666 190.0000000000205 0
1431 195.0000000001666 195.0000000000103 0
1432 190.0000000001745 70.00000000001236 0
1433 190.0000000001745 75.00000000002477 0
1434 190.0000000001745 80.00000000003716 0
1435 190.0000000001745 85.00000000004957 0
1436 190.0000000001745 90.00000000006195 0
1437 190.0000000001745 95.00000000007431 0
1438 190.0000000001745 100.0000000000867 0
1439 190.0000000001745 105.0000000000991 0
1440 190.0000000001745 110.0000000001115 0
1441 190.0000000001745 115.0000000001239 0
1442 190.0000000001745 120.0000000001363 0
1443 190.0000000001745 125.0000000001487 0
1444 190.0000000001745 130.0000000001507 0
1445 190.0000000001745 135.0000000001399 0
1446 190.0000000001745 140.0000000001291 0
1447 190.0000000001745 145.0000000001184 0
1448 190.0000000001745 150.0000000001076 0
1449 190.0000000001745 155.0000000000968 0
1450 190.0000000001745 160.0000000000861 0
1451 190.0000000001745 165.0000000000753 0
1452 190.0000000001745 170.0000000000646 0
1453 190.0000000001745 175.0000000000538 0
1454 190.0000000001745 180.0000000000431 0
1455 190.0000000001745 185.0000000000323 0
1456 190.0000000001745 190.0000000000215 0
1457 190.0000000001745 195.0000000000107 0
1458 185.0000000001825 70.00000000001293 0
1459 185.0000000001825 75.00000000002588 0
1460 185.0000000001825 80.00000000003884 0
1461 185.0000000001825 85.00000000005178 0
1462 185.0000000001825 90.00000000006473 0
1463 185.0000000001825 95.00000000007769 0
1464 185.0000000001825 100.0000000000906 0
1465 185.0000000001825 105.0000000001036 0
1466 185.0000000001825 110.0000000001165 0
1467 185.0000000001825 115.0000000001295 0
1468 185.0000000001825 120.0000000001425 0
1469 185.0000000001825 125.0000000001554 0
1470 185.0000000001825 130.0000000001575 0
1471 185.0000000001825 135.0000000001463 0
1472 185.0000000001825 140.000000000135 0
1473 185.0000000001825 145.0000000001238 0
1474 185.0000000001825 150.0000000001125 0
1475 185.0000000001825 155.0000000001012 0
1476 185.0000000001825 160.00000000009 0
1477 185.0000000001825 165.0000000000787 0
1478 185.0000000001825 170.0000000000675 0
1479 185.0000000001825 175.0000000000562 0
1480 185.0000000001825 180.000000000045 0
1481 185.0000000001825 185.0000000000338 0
1482 185.0000000001825 190.0000000000225 0
1483 185.0000000001825 195.0000000000113 0
1484 180.0000000001904 70.0000000000135 0
1485 180.0000000001904 75.00000000002702 0
1486 180.0000000001904 80.00000000004054 0
1487 180.0000000001904 85.00000000005406 0
1488 180.0000000001904 90.00000000006757 0
1489 180.0000000001904 95.00000000008107 0
1490 180.0000000001904 100.0000000000946 0
1491 180.0000000001904 105.0000000001081 0
1492 180.0000000001904 110.0000000001216 0
1493 180.0000000001904 115.0000000001352 0
1494 180.0000000001904 120.0000000001487 0
1495 180.0000000001904 125.0000000001622 0
1496 180.0000000001904 130.0000000001644 0
1497 180.0000000001904 135.0000000001526 0
1498 180.0000000001904 140.0000000001409 0
1499 180.0000000001904 145.0000000001292 0
1500 180.0000000001904 150.0000000001174 0
1501 180.0000000001904 155.0000000001056 0
1502 180.0000000001904 160.0000000000939 0
1503 180.0000000001904 165.0000000000821 0
1504 180.0000000001904 170.0000000000705 0
1505 180.0000000001904 175.0000000000587 0
1506 180.0000000001904 180.000000000047 0
1507 180.0000000001904 185.0000000000352 0
1508 180.0000000001904 190.0000000000234 0
1509 180.0000000001904 195.0000000000118 0
1510 175.0000000001984 70.00000000001407 0
1511 175.0000000001984 75.00000000002812 0
1512 175.0000000001984 80.00000000004222 0
1513 175.0000000001984 85.0000000000563 0
1514 175.0000000001984 90.00000000007036 0
1515 175.0000000001984 95.00000000008443 0
1516 175.0000000001984 100.0000000000985 0
1517 175.0000000001984 105.0000000001126 0
1518 175.0000000001984 110.0000000001267 0
1519 175.0000000001984 115.0000000001407 0
1520 175.0000000001984 120.0000000001548 0
1521 175.0000000001984 125.0000000001689 0
1522 175.0000000001984 130.0000000001712 0
1523 175.0000000001984 135.000000000159 0
1524 175.0000000001984 140.0000000001467 0
1525 175.0000000001984 145.0000000001345 0
1526 175.0000000001984 150.0000000001222 0
1527 175.0000000001984 155.00000000011 0
1528 175.0000000001984 160.0000000000978 0
1529 175.0000000001984 165.0000000000855 0
1530 175.0000000001984 170.0000000000734 0
1531 175.0000000001984 175.0000000000611 0
1532 175.0000000001984 180.0000000000489 0
1533 175.0000000001984 185.0000000000367 0
1534 175.0000000001984 190.0000000000244 0
1535 175.0000000001984 195.0000000000122 0
1536 170.0000000002063 70.00000000001464 0
1537 170.0000000002063 75.00000000002926 0
1538 170.0000000002063 80.00000000004393 0
1539 170.0000000002063 85.00000000005855 0
1540 170.0000000002063 90.0000000000732 0
1541 170.0000000002063 95.00000000008781 0
1542 170.0000000002063 100.0000000001025 0
1543 170.0000000002063 105.0000000001171 0
1544 170.0000000002063 110.0000000001318 0
1545 170.0000000002063 115.0000000001464 0
1546 170.0000000002063 120.0000000001611 0
1547 170.0000000002063 125.0000000001757 0
1548 170.0000000002063 130.0000000001781 0
1549 170.0000000002063 135.0000000001654 0
1550 170.0000000002063 140.0000000001526 0
1551 170.0000000002063 145.0000000001399 0
1552 170.0000000002063 150.0000000001272 0
1553 170.0000000002063 155.0000000001145 0
1554 170.0000000002063 160.0000000001017 0
1555 170.0000000002063 165.000000000089 0
1556 170.0000000002063 170.0000000000763 0
1557 170.0000000002063 175.0000000000636 0
1558 170.0000000002063 180.0000000000509 0
1559 170.0000000002063 185.0000000000381 0
1560 170.0000000002063 190.0000000000254 0
1561 170.0000000002063 195.0000000000127 0
1562 165.0000000002142 70.00000000001518 0
1563 165.0000000002142 75.0000000000304 0
1564 165.0000000002142 80.0000000000456 0
1565 165.0000000002142 85.00000000006082 0
1566 165.0000000002142 90.00000000007601 0
1567 165.0000000002142 95.00000000009119 0
1568 165.0000000002142 100.0000000001064 0
1569 165.0000000002142 105.0000000001216 0
1570 165.0000000002142 110.0000000001368 0
1571 165.0000000002142 115.000000000152 0
1572 165.0000000002142 120.0000000001672 0
1573 165.0000000002142 125.0000000001824 0
1574 165.0000000002142 130.0000000001849 0
1575 165.0000000002142 135.0000000001717 0
1576 165.0000000002142 140.0000000001585 0
1577 165.0000000002142 145.0000000001452 0
1578 165.0000000002142 150.0000000001321 0
1579 165.0000000002142 155.0000000001188 0
1580 165.0000000002142 160.0000000001056 0
1581 165.0000000002142 165.0000000000924 0
1582 165.0000000002142 170.0000000000792 0
1583 165.0000000002142 175.000000000066 0
1584 165.0000000002142 180.0000000000528 0
1585 165.0000000002142 185.0000000000396 0
1586 165.0000000002142 190.0000000000264 0
1587 165.0000000002142 195.0000000000132 0
1588 160.0000000002222 70.00000000001575 0
1589 160.0000000002222 75.00000000003151 0
1590 160.0000000002222 80.00000000004731 0
1591 160.0000000002222 85.00000000006304 0
1592 160.0000000002222 90.00000000007883 0
1593 160.0000000002222 95.00000000009457 0
1594 160.0000000002222 100.0000000001103 0
1595 160.0000000002222 105.0000000001261 0
1596 160.0000000002222 110.0000000001419 0
1597 160.0000000002222 115.0000000001577 0
1598 160.0000000002222 120.0000000001734 0
1599 160.0000000002222 125.0000000001892 0
1600 160.0000000002222 130.0000000001917 0
1601 160.0000000002222 135.000000000178 0
1602 160.0000000002222 140.0000000001644 0
1603 160.0000000002222 145.0000000001506 0
1604 160.0000000002222 150.000000000137 0
1605 160.0000000002222 155.0000000001232 0
1606 160.0000000002222 160.0000000001095 0
1607 160.0000000002222 165.0000000000958 0
1608 160.0000000002222 170.0000000000822 0
1609 160.0000000002222 175.0000000000685 0
1610 160.0000000002222 180.0000000000548 0
1611 160.0000000002222 185.0000000000411 0
1612 160.0000000002222 190.0000000000273 0
1613 160.0000000002222 195.0000000000137 0
1614 155.0000000002301 70.00000000001631 0
1615 155.0000000002301 75.00000000003264 0
1616 155.0000000002301 80.00000000004899 0
1617 155.0000000002301 85.00000000006531 0
1618 155.0000000002301 90.00000000008164 0
1619 155.0000000002301 95.00000000009796 0
1620 155.0000000002301 100.0000000001143 0
1621 155.0000000002301 105.0000000001306 0
1622 155.0000000002301 110.000000000147 0
1623 155.0000000002301 115.0000000001633 0
1624 155.0000000002301 120.0000000001796 0
1625 155.0000000002301 125.0000000001959 0
1626 155.0000000002301 130.0000000001986 0
1627 155.0000000002301 135.0000000001844 0
1628 155.0000000002301 140.0000000001702 0
1629 155.0000000002301 145.000000000156 0
1630 155.0000000002301 150.0000000001419 0
1631 155.0000000002301 155.0000000001276 0
1632 155.0000000002301 160.0000000001135 0
1633 155.0000000002301 165.0000000000992 0
1634 155.0000000002301 170.0000000000851 0
1635 155.0000000002301 175.0000000000709 0
1636 155.0000000002301 180.0000000000568 0
1637 155.0000000002301 185.0000000000425 0
1638 155.0000000002301 190.0000000000283 0
1639 155.0000000002301 195.0000000000142 0
1640 150.000000000238 70.00000000001688 0
1641 150.000000000238 75.00000000003375 0
1642 150.000000000238 80.00000000005066 0
1643 150.000000000238 85.00000000006756 0
1644 150.000000000238 90.00000000008446 0
1645 150.000000000238 95.00000000010134 0
1646 150.000000000238 100.0000000001182 0
1647 150.000000000238 105.0000000001351 0
1648 150.000000000238 110.000000000152 0
1649 150.000000000238 115.0000000001689 0
1650 150.000000000238 120.0000000001858 0
1651 150.000000000238 125.0000000002027 0
1652 150.000000000238 130.0000000002054 0
1653 150.000000000238 135.0000000001908 0
1654 150.000000000238 140.0000000001761 0
1655 150.000000000238 145.0000000001614 0
1656 150.000000000238 150.0000000001467 0
1657 150.000000000238 155.000000000132 0
1658 150.000000000238 160.0000000001173 0
1659 150.000000000238 165.0000000001026 0
1660 150.000000000238 170.000000000088 0
1661 150.000000000238 175.0000000000733 0
1662 150.000000000238 180.0000000000587 0
1663 150.000000000238 185.000000000044 0
1664 150.000000000238 190.0000000000293 0
1665 150.000000000238 195.0000000000147 0
1666 145.000000000246 70.00000000001742 0
1667 145.000000000246 75.00000000003489 0
1668 145.000000000246 80.00000000005237 0
1669 145.000000000246 85.0000000000698 0
1670 145.000000000246 90.00000000008727 0
1671 145.000000000246 95.00000000010469 0
1672 145.000000000246 100.0000000001222 0
1673 145.000000000246 105.0000000001396 0
1674 145.000000000246 110.0000000001571 0
1675 145.000000000246 115.0000000001745 0
1676 145.000000000246 120.000000000192 0
1677 145.000000000246 125.0000000002094 0
1678 145.000000000246 130.0000000002123 0
1679 145.000000000246 135.0000000001971 0
1680 145.000000000246 140.0000000001819 0
1681 145.000000000246 145.0000000001668 0
1682 145.000000000246 150.0000000001516 0
1683 145.000000000246 155.0000000001364 0
1684 145.000000000246 160.0000000001213 0
1685 145.000000000246 165.0000000001061 0
1686 145.000000000246 170.000000000091 0
1687 145.000000000246 175.0000000000757 0
1688 145.000000000246 180.0000000000606 0
1689 145.000000000246 185.0000000000455 0
1690 145.000000000246 190.0000000000302 0
1691 145.000000000246 195.0000000000152 0
1692 140.0000000002539 70.00000000001799 0
1693 140.0000000002539 75.00000000003603 0
1694 140.0000000002539 80.00000000005404 0
1695 140.0000000002539 85.00000000007208 0
1696 140.0000000002539 90.00000000009008 0
1697 140.0000000002539 95.00000000010807 0
1698 140.0000000002539 100.0000000001261 0
1699 140.0000000002539 105.0000000001441 0
1700 140.0000000002539 110.0000000001622 0
1701 140.0000000002539 115.0000000001802 0
1702 140.0000000002539 120.0000000001982 0
1703 140.0000000002539 125.0000000002162 0
1704 140.0000000002539 130.0000000002191 0
1705 140.0000000002539 135.0000000002035 0
1706 140.0000000002539 140.0000000001878 0
1707 140.0000000002539 145.0000000001722 0
1708 140.0000000002539 150.0000000001565 0
1709 140.0000000002539 155.0000000001408 0
1710 140.0000000002539 160.0000000001252 0
1711 140.0000000002539 165.0000000001095 0
1712 140.0000000002539 170.0000000000939 0
1713 140.0000000002539 175.0000000000782 0
1714 140.0000000002539 180.0000000000626 0
1715 140.0000000002539 185.000000000047 0
1716 140.0000000002539 190.0000000000313 0
1717 140.0000000002539 195.0000000000156 0
1718 135.0000000002619 70.00000000001856 0
1719 135.0000000002619 75.00000000003716 0
1720 135.0000000002619 80.00000000005575 0
1721 135.0000000002619 85.00000000007432 0
1722 135.0000000002619 90.00000000009293 0
1723 135.0000000002619 95.00000000011148 0
1724 135.0000000002619 100.0000000001301 0
1725 135.0000000002619 105.0000000001487 0
1726 135.0000000002619 110.0000000001672 0
1727 135.0000000002619 115.0000000001858 0
1728 135.0000000002619 120.0000000002044 0
1729 135.0000000002619 125.000000000223 0
1730 135.0000000002619 130.000000000226 0
1731 135.0000000002619 135.0000000002099 0
1732 135.0000000002619 140.0000000001937 0
1733 135.0000000002619 145.0000000001776 0
1734 135.0000000002619 150.0000000001614 0
1735 135.0000000002619 155.0000000001453 0
1736 135.0000000002619 160.0000000001291 0
1737 135.0000000002619 165.0000000001129 0
1738 135.0000000002619 170.0000000000968 0
1739 135.0000000002619 175.0000000000807 0
1740 135.0000000002619 180.0000000000646 0
1741 135.0000000002619 185.0000000000484 0
1742 135.0000000002619 190.0000000000322 0
1743 135.0000000002619 195.0000000000161 0
1744 130.0000000002698 70.00000000001913 0
1745 130.0000000002698 75.00000000003827 0
1746 130.0000000002698 80.00000000005743 0
1747 130.0000000002698 85.00000000007657 0
1748 130.0000000002698 90.00000000009571 0
1749 130.0000000002698 95.00000000011484 0
1750 130.0000000002698 100.000000000134 0
1751 130.0000000002698 105.0000000001531 0
1752 130.0000000002698 110.0000000001723 0
1753 130.0000000002698 115.0000000001914 0
1754 130.0000000002698 120.0000000002106 0
1755 130.0000000002698 125.0000000002297 0
1756 130.0000000002698 130.0000000002328 0
1757 130.0000000002698 135.0000000002162 0
1758 130.0000000002698 140.0000000001996 0
1759 130.0000000002698 145.0000000001829 0
1760 130.0000000002698 150.0000000001663 0
1761 130.0000000002698 155.0000000001496 0
1762 130.0000000002698 160.000000000133 0
1763 130.0000000002698 165.0000000001164 0
1764 130.0000000002698 170.0000000000998 0
1765 130.0000000002698 175.0000000000831 0
1766 130.0000000002698 180.0000000000665 0
1767 130.0000000002698 185.0000000000499 0
1768 130.0000000002698 190.0000000000333 0
1769 130.0000000002698 195.0000000000167 0
1770 125.0000000002655 70.0000000000197 0
1771 125.0000000002655 75.00000000003941 0
1772 125.0000000002655 80.00000000005913 0
1773 125.0000000002655 85.00000000007884 0
1774 125.0000000002655 90.00000000009852 0
1775 125.0000000002655 95.00000000011822 0
1776 125.0000000002655 100.0000000001379 0
1777 125.0000000002655 105.0000000001577 0
1778 125.0000000002655 110.0000000001773 0
1779 125.0000000002655 115.0000000001971 0
1780 125.0000000002655 120.0000000002168 0
1781 125.0000000002655 125.0000000002365 0
1782 125.0000000002655 130.0000000002397 0
1783 125.0000000002655 135.0000000002225 0
1784 125.0000000002655 140.0000000002055 0
1785 125.0000000002655 145.0000000001883 0
1786 125.0000000002655 150.0000000001712 0
1787 125.0000000002655 155.000000000154 0
1788 125.0000000002655 160.0000000001369 0
1789 125.0000000002655 165.0000000001198 0
1790 125.0000000002655 170.0000000001027 0
1791 125.0000000002655 175.0000000000856 0
1792 125.0000000002655 180.0000000000685 0
1793 125.0000000002655 185.0000000000513 0
1794 125.0000000002655 190.0000000000342 0
1795 125.0000000002655 195.0000000000171 0
1796 120.0000000002451 70.00000000002024 0
1797 120.0000000002451 75.00000000004052 0
1798 120.0000000002451 80.00000000006081 0
1799 120.0000000002451 85.00000000008106 0
1800 120.0000000002451 90.00000000010134 0
1801 120.0000000002451 95.0000000001216 0
1802 120.0000000002451 100.0000000001419 0
1803 120.0000000002451 105.0000000001622 0
1804 120.0000000002451 110.0000000001824 0
1805 120.0000000002451 115.0000000002027 0
1806 120.0000000002451 120.000000000223 0
1807 120.0000000002451 125.0000000002432 0
1808 120.0000000002451 130.0000000002465 0
1809 120.0000000002451 135.0000000002289 0
1810 120.0000000002451 140.0000000002113 0
1811 120.0000000002451 145.0000000001937 0
1812 120.0000000002451 150.0000000001761 0
1813 120.0000000002451 155.0000000001585 0
1814 120.0000000002451 160.0000000001408 0
1815 120.0000000002451 165.0000000001232 0
1816 120.0000000002451 170.0000000001056 0
1817 120.0000000002451 175.000000000088 0
1818 120.0000000002451 180.0000000000704 0
1819 120.0000000002451 185.0000000000528 0
1820 120.0000000002451 190.0000000000352 0
1821 120.0000000002451 195.0000000000176 0
1822 115.0000000002246 70.00000000002081 0
1823 115.0000000002246 75.00000000004165 0
1824 115.0000000002246 80.00000000006249 0
1825 115.0000000002246 85.00000000008333 0
1826 115.0000000002246 90.00000000010415 0
1827 115.0000000002246 95.00000000012498 0
1828 115.0000000002246 100.0000000001458 0
1829 115.0000000002246 105.0000000001667 0
1830 115.0000000002246 110.0000000001875 0
1831 115.0000000002246 115.0000000002083 0
1832 115.0000000002246 120.0000000002292 0
1833 115.0000000002246 125.00000000025 0
1834 115.0000000002246 130.0000000002533 0
1835 115.0000000002246 135.0000000002353 0
1836 115.0000000002246 140.0000000002172 0
1837 115.0000000002246 145.0000000001991 0
1838 115.0000000002246 150.000000000181 0
1839 115.0000000002246 155.0000000001628 0
1840 115.0000000002246 160.0000000001447 0
1841 115.0000000002246 165.0000000001266 0
1842 115.0000000002246 170.0000000001085 0
1843 115.0000000002246 175.0000000000904 0
1844 115.0000000002246 180.0000000000724 0
1845 115.0000000002246 185.0000000000543 0
1846 115.0000000002246 190.0000000000362 0
1847 115.0000000002246 195.0000000000181 0
1848 110.0000000002041 70.00000000002137 0
1849 110.0000000002041 75.00000000004279 0
1850 110.0000000002041 80.00000000006419 0
1851 110.0000000002041 85.00000000008561 0
1852 110.0000000002041 90.00000000010697 0
1853 110.0000000002041 95.00000000012837 0
1854 110.0000000002041 100.0000000001498 0
1855 110.0000000002041 105.0000000001712 0
1856 110.0000000002041 110.0000000001926 0
1857 110.0000000002041 115.000000000214 0
1858 110.0000000002041 120.0000000002354 0
1859 110.0000000002041 125.0000000002568 0
1860 110.0000000002041 130.0000000002602 0
1861 110.0000000002041 135.0000000002416 0
1862 110.0000000002041 140.000000000223 0
1863 110.0000000002041 145.0000000002045 0
1864 110.0000000002041 150.0000000001859 0
1865 110.0000000002041 155.0000000001673 0
1866 110.0000000002041 160.0000000001487 0
1867 110.0000000002041 165.00000000013 0
1868 110.0000000002041 170.0000000001115 0
1869 110.0000000002041 175.0000000000929 0
1870 110.0000000002041 180.0000000000743 0
1871 110.0000000002041 185.0000000000558 0
1872 110.0000000002041 190.0000000000371 0
1873 110.0000000002041 195.0000000000186 0
1874 105.0000000001836 70.00000000002194 0
1875 105.0000000001836 75.0000000000439 0
1876 105.0000000001836 80.0000000000659 0
1877 105.0000000001836 85.00000000008782 0
1878 105.0000000001836 90.00000000010981 0
1879 105.0000000001836 95.00000000013175 0
1880 105.0000000001836 100.0000000001537 0
1881 105.0000000001836 105.0000000001757 0
1882 105.0000000001836 110.0000000001976 0
1883 105.0000000001836 115.0000000002196 0
1884 105.0000000001836 120.0000000002415 0
1885 105.0000000001836 125.0000000002635 0
1886 105.0000000001836 130.000000000267 0
1887 105.0000000001836 135.000000000248 0
1888 105.0000000001836 140.0000000002289 0
1889 105.0000000001836 145.0000000002098 0
1890 105.0000000001836 150.0000000001907 0
1891 105.0000000001836 155.0000000001716 0
1892 105.0000000001836 160.0000000001526 0
1893 105.0000000001836 165.0000000001335 0
1894 105.0000000001836 170.0000000001145 0
1895 105.0000000001836 175.0000000000954 0
1896 105.0000000001836 180.0000000000763 0
1897 105.0000000001836 185.0000000000572 0
1898 105.0000000001836 190.0000000000381 0
1899 105.0000000001836 195.0000000000191 0
1900 100.0000000001632 70.00000000002251 0
1901 100.0000000001632 75.00000000004503 0
1902 100.0000000001632 80.00000000006757 0
1903 100.0000000001632 85.0000000000901 0
1904 100.0000000001632 90.00000000011259 0
1905 100.0000000001632 95.0000000001351 0
1906 100.0000000001632 100.0000000001576 0
1907 100.0000000001632 105.0000000001802 0
1908 100.0000000001632 110.0000000002027 0
1909 100.0000000001632 115.0000000002252 0
1910 100.0000000001632 120.0000000002477 0
1911 100.0000000001632 125.0000000002703 0
1912 100.0000000001632 130.0000000002739 0
1913 100.0000000001632 135.0000000002544 0
1914 100.0000000001632 140.0000000002348 0
1915 100.0000000001632 145.0000000002152 0
1916 100.0000000001632 150.0000000001956 0
1917 100.0000000001632 155.0000000001761 0
1918 100.0000000001632 160.0000000001565 0
1919 100.0000000001632 165.0000000001369 0
1920 100.0000000001632 170.0000000001174 0
1921 100.0000000001632 175.0000000000978 0
1922 100.0000000001632 180.0000000000782 0
1923 100.0000000001632 185.0000000000587 0
1924 100.0000000001632 190.0000000000391 0
1925 100.0000000001632 195.0000000000196 0
1926 95.00000000014268 70.00000000002308 0
1927 95.00000000014268 75.00000000004614 0
1928 95.00000000014268 80.00000000006925 0
1929 95.00000000014268 85.00000000009234 0
1930 95.00000000014268 90.00000000011544 0
1931 95.00000000014268 95.00000000013849 0
1932 95.00000000014268 100.0000000001616 0
1933 95.00000000014268 105.0000000001847 0
1934 95.00000000014268 110.0000000002078 0
1935 95.00000000014268 115.0000000002308 0
1936 95.00000000014268 120.0000000002539 0
1937 95.00000000014268 125.000000000277 0
1938 95.00000000014268 130.0000000002807 0
1939 95.00000000014268 135.0000000002607 0
1940 95.00000000014268 140.0000000002407 0
1941 95.00000000014268 145.0000000002206 0
1942 95.00000000014268 150.0000000002005 0
1943 95.00000000014268 155.0000000001805 0
1944 95.00000000014268 160.0000000001604 0
1945 95.00000000014268 165.0000000001403 0
1946 95.00000000014268 170.0000000001203 0
1947 95.00000000014268 175.0000000001002 0
1948 95.00000000014268 180.0000000000802 0
1949 95.00000000014268 185.0000000000601 0
1950 95.00000000014268 190.0000000000401 0
1951 95.00000000014268 195.0000000000201 0
1952 90.00000000012219 70.00000000002362 0
1953 90.00000000012219 75.00000000004728 0
1954 90.00000000012219 80.00000000007096 0
1955 90.00000000012219 85.00000000009459 0
1956 90.00000000012219 90.00000000011822 0
1957 90.00000000012219 95.00000000014187 0
1958 90.00000000012219 100.0000000001655 0
1959 90.00000000012219 105.0000000001892 0
1960 90.00000000012219 110.0000000002128 0
1961 90.00000000012219 115.0000000002365 0
1962 90.00000000012219 120.0000000002601 0
1963 90.00000000012219 125.0000000002838 0
1964 90.00000000012219 130.0000000002876 0
1965 90.00000000012219 135.0000000002671 0
1966 90.00000000012219 140.0000000002465 0
1967 90.00000000012219 145.000000000226 0
1968 90.00000000012219 150.0000000002054 0
1969 90.00000000012219 155.0000000001848 0
1970 90.00000000012219 160.0000000001643 0
1971 90.00000000012219 165.0000000001437 0
1972 90.00000000012219 170.0000000001232 0
1973 90.00000000012219 175.0000000001027 0
1974 90.00000000012219 180.0000000000822 0
1975 90.00000000012219 185.0000000000616 0
1976 90.00000000012219 190.000000000041 0
1977 90.00000000012219 195.0000000000205 0
1978 85.00000000010169 70.00000000002419 0
1979 85.00000000010169 75.00000000004839 0
1980 85.00000000010169 80.00000000007263 0
1981 85.00000000010169 85.00000000009683 0
1982 85.00000000010169 90.00000000012106 0
1983 85.00000000010169 95.00000000014525 0
1984 85.00000000010169 100.0000000001695 0
1985 85.00000000010169 105.0000000001937 0
1986 85.00000000010169 110.0000000002179 0
1987 85.00000000010169 115.0000000002421 0
1988 85.00000000010169 120.0000000002663 0
1989 85.00000000010169 125.0000000002905 0
1990 85.00000000010169 130.0000000002944 0
1991 85.00000000010169 135.0000000002734 0
1992 85.00000000010169 140.0000000002524 0
1993 85.00000000010169 145.0000000002314 0
1994 85.00000000010169 150.0000000002103 0
1995 85.00000000010169 155.0000000001893 0
1996 85.00000000010169 160.0000000001682 0
1997 85.00000000010169 165.0000000001471 0
1998 85.00000000010169 170.0000000001262 0
1999 85.00000000010169 175.0000000001051 0
2000 85.00000000010169 180.0000000000841 0
2001 85.00000000010169 185.0000000000631 0
2002 85.00000000010169 190.000000000042 0
2003 85.00000000010169 195.000000000021 0
2004 80.00000000008124 70.00000000002476 0
2005 80.00000000008124 75.00000000004953 0
2006 80.00000000008124 80.00000000007431 0
2007 80.00000000008124 85.00000000009908 0
2008 80.00000000008124 90.00000000012385 0
2009 80.00000000008124 95.0000000001486 0
2010 80.00000000008124 100.0000000001734 0
2011 80.00000000008124 105.0000000001982 0
2012 80.00000000008124 110.000000000223 0
2013 80.00000000008124 115.0000000002477 0
2014 80.00000000008124 120.0000000002725 0
2015 80.00000000008124 125.0000000002973 0
2016 80.00000000008124 130.0000000003012 0
2017 80.00000000008124 135.0000000002798 0
2018 80.00000000008124 140.0000000002583 0
2019 80.00000000008124 145.0000000002367 0
2020 80.00000000008124 150.0000000002152 0
2021 80.00000000008124 155.0000000001936 0
2022 80.00000000008124 160.0000000001721 0
2023 80.00000000008124 165.0000000001506 0
2024 80.00000000008124 170.0000000001291 0
2025 80.00000000008124 175.0000000001076 0
2026 80.00000000008124 180.0000000000861 0
2027 80.00000000008124 185.0000000000645 0
2028 80.00000000008124 190.000000000043 0
2029 80.00000000008124 195.0000000000215 0
2030 75.00000000006075 70.00000000002532 0
2031 75.00000000006075 75.00000000005066 0
2032 75.00000000006075 80.00000000007601 0
2033 75.00000000006075 85.00000000010135 0
2034 75.00000000006075 90.00000000012669 0
2035 75.00000000006075 95.00000000015201 0
2036 75.00000000006075 100.0000000001774 0
2037 75.00000000006075 105.0000000002027 0
2038 75.00000000006075 110.000000000228 0
2039 75.00000000006075 115.0000000002534 0
2040 75.00000000006075 120.0000000002787 0
2041 75.00000000006075 125.0000000003041 0
2042 75.00000000006075 130.0000000003081 0
2043 75.00000000006075 135.0000000002862 0
2044 75.00000000006075 140.0000000002641 0
2045 75.00000000006075 145.0000000002421 0
2046 75.00000000006075 150.0000000002201 0
2047 75.00000000006075 155.0000000001981 0
2048 75.00000000006075 160.000000000176 0
2049 75.00000000006075 165.000000000154 0
2050 75.00000000006075 170.000000000132 0
2051 75.00000000006075 175.00000000011 0
2052 75.00000000006075 180.000000000088 0
2053 75.00000000006075 185.000000000066 0
2054 75.00000000006075 190.000000000044 0
2055 75.00000000006075 195.000000000022 0
2056 70.00000000004026 70.00000000002589 0
2057 70.00000000004026 75.00000000005177 0
2058 70.00000000004026 80.00000000007772 0
2059 70.00000000004026 85.0000000001036 0
2060 70.00000000004026 90.0000000001295 0
2061 70.00000000004026 95.00000000015537 0
2062 70.00000000004026 100.0000000001813 0
2063 70.00000000004026 105.0000000002072 0
2064 70.00000000004026 110.0000000002331 0
2065 70.00000000004026 115.000000000259 0
2066 70.00000000004026 120.0000000002849 0
2067 70.00000000004026 125.0000000003108 0
2068 70.00000000004026 130.000000000315 0
2069 70.00000000004026 135.0000000002925 0
2070 70.00000000004026 140.00000000027 0
2071 70.00000000004026 145.0000000002475 0
2072 70.00000000004026 150.000000000225 0
2073 70.00000000004026 155.0000000002025 0
2074 70.00000000004026 160.00000000018 0
2075 70.00000000004026 165.0000000001574 0
2076 70.00000000004026 170.000000000135 0
2077 70.00000000004026 175.0000000001125 0
2078 70.00000000004026 180.00000000009 0
2079 70.00000000004026 185.0000000000675 0
2080 70.00000000004026 190.000000000045 0
2081 70.00000000004026 195.0000000000225 0
2082 65.00000000002069 70.00000000002643 0
2083 65.00000000002069 75.00000000005291 0
2084 65.00000000002069 80.00000000007937 0
2085 65.00000000002069 85.00000000010584 0
2086 65.00000000002069 90.00000000013232 0
2087 65.00000000002069 95.00000000015875 0
2088 65.00000000002069 100.0000000001852 0
2089 65.00000000002069 105.0000000002117 0
2090 65.00000000002069 110.0000000002382 0
2091 65.00000000002069 115.0000000002646 0
2092 65.00000000002069 120.0000000002911 0
2093 65.00000000002069 125.0000000003176 0
2094 65.00000000002069 130.0000000003218 0
2095 65.00000000002069 135.0000000002989 0
2096 65.00000000002069 140.0000000002759 0
2097 65.00000000002069 145.0000000002528 0
2098 65.00000000002069 150.0000000002299 0
2099 65.00000000002069 155.0000000002068 0
2100 65.00000000002069 160.0000000001838 0
2101 65.00000000002069 165.0000000001608 0
2102 65.00000000002069 170.0000000001379 0
2103 65.00000000002069 175.0000000001149 0
2104 65.00000000002069 180.0000000000919 0
2105 65.00000000002069 185.000000000069 0
2106 65.00000000002069 190.0000000000459 0
2107 65.00000000002069 195.000000000023 0
2108 60.00000000001253 70.000000000027 0
2109 60.00000000001253 75.00000000005404 0
2110 60.00000000001253 80.00000000008107 0
2111 60.00000000001253 85.00000000010812 0
2112 60.00000000001253 90.00000000013513 0
2113 60.00000000001253 95.00000000016213 0
2114 60.00000000001253 100.0000000001892 0
2115 60.00000000001253 105.0000000002162 0
2116 60.00000000001253 110.0000000002432 0
2117 60.00000000001253 115.0000000002703 0
2118 60.00000000001253 120.0000000002973 0
2119 60.00000000001253 125.0000000003243 0
2120 60.00000000001253 130.0000000003286 0
2121 60.00000000001253 135.0000000003053 0
2122 60.00000000001253 140.0000000002817 0
2123 60.00000000001253 145.0000000002582 0
2124 60.00000000001253 150.0000000002347 0
2125 60.00000000001253 155.0000000002113 0
2126 60.00000000001253 160.0000000001878 0
2127 60.00000000001253 165.0000000001643 0
2128 60.00000000001253 170.0000000001408 0
2129 60.00000000001253 175.0000000001174 0
2130 60.00000000001253 180.0000000000939 0
2131 60.00000000001253 185.0000000000704 0
2132 60.00000000001253 190.0000000000469 0
2133 60.00000000001253 195.0000000000235 0
2134 55.00000000000625 70.00000000002757 0
2135 55.00000000000625 75.00000000005515 0
2136 55.00000000000625 80.00000000008278 0
2137 55.00000000000625 85.00000000011036 0
2138 55.00000000000625 90.00000000013795 0
2139 55.00000000000625 95.00000000016551 0
2140 55.00000000000625 100.0000000001931 0
2141 55.00000000000625 105.0000000002207 0
2142 55.00000000000625 110.0000000002483 0
2143 55.00000000000625 115.0000000002759 0
2144 55.00000000000625 120.0000000003035 0
2145 55.00000000000625 125.0000000003311 0
2146 55.00000000000625 130.0000000003355 0
2147 55.00000000000625 135.0000000003116 0
2148 55.00000000000625 140.0000000002876 0
2149 55.00000000000625 145.0000000002636 0
2150 55.00000000000625 150.0000000002396 0
2151 55.00000000000625 155.0000000002156 0
2152 55.00000000000625 160.0000000001917 0
2153 55.00000000000625 165.0000000001677 0
2154 55.00000000000625 170.0000000001438 0
2155 55.00000000000625 175.0000000001198 0
2156 55.00000000000625 180.0000000000959 0
2157 55.00000000000625 185.0000000000719 0
2158 55.00000000000625 190.0000000000479 0
2159 55.00000000000625 195.000000000024 0
2160 45.00000000002691 195.0000000000244 0
2161 45.00000000002691 190.0000000000489 0
2162 45.00000000002691 185.0000000000733 0
2163 45.00000000002691 180.0000000000978 0
2164 45.00000000002691 175.0000000001222 0
2165 45.00000000002691 170.0000000001467 0
2166 45.00000000002691 165.0000000001711 0
2167 45.00000000002691 160.0000000001956 0
2168 45.00000000002691 155.0000000002201 0
2169 45.00000000002691 150.0000000002445 0
2170 45.00000000002691 145.000000000269 0
2171 45.00000000002691 140.0000000002935 0
2172 45.00000000002691 135.0000000003179 0
2173 45.00000000002691 130.0000000003423 0
2174 45.00000000002691 125.0000000003378 0
2175 45.00000000002691 120.0000000003097 0
2176 45.00000000002691 115.0000000002815 0
2177 45.00000000002691 110.0000000002533 0
2178 45.00000000002691 105.0000000002252 0
2179 45.00000000002691 100.0000000001971 0
2180 45.00000000002691 95.0000000001689 0
2181 45.00000000002691 90.00000000014076 0
2182 45.00000000002691 85.00000000011261 0
2183 45.00000000002691 80.00000000008446 0
2184 45.00000000002691 75.00000000005629 0
2185 45.00000000002691 70.00000000002814 0
2186 40.00000000005382 195.0000000000244 0
2187 40.00000000005382 190.0000000000489 0
2188 40.00000000005382 185.0000000000733 0
2189 40.00000000005382 180.0000000000978 0
2190 40.00000000005382 175.0000000001222 0
2191 40.00000000005382 170.0000000001466 0
2192 40.00000000005382 165.0000000001711 0
2193 40.00000000005382 160.0000000001956 0
2194 40.00000000005382 155.0000000002201 0
2195 40.00000000005382 150.0000000002445 0
2196 40.00000000005382 145.000000000269 0
2197 40.00000000005382 140.0000000002935 0
2198 40.00000000005382 135.0000000003179 0
2199 40.00000000005382 130.0000000003423 0
2200 40.00000000005382 125.0000000003378 0
2201 40.00000000005382 120.0000000003096 0
2202 40.00000000005382 115.0000000002815 0
2203 40.00000000005382 110.0000000002533 0
2204 40.00000000005382 105.0000000002252 0
2205 40.00000000005382 100.0000000001971 0
2206 40.00000000005382 95.0000000001689 0
2207 40.00000000005382 90.00000000014073 0
2208 40.00000000005382 85.00000000011261 0
2209 40.00000000005382 80.00000000008443 0
2210 40.00000000005382 75.00000000005629 0
2211 40.00000000005382 70.00000000002814 0
2212 35.00000000008073 195.0000000000244 0
2213 35.00000000008073 190.0000000000489 0
2214 35.00000000008073 185.0000000000733 0
2215 35.00000000008073 180.0000000000978 0
2216 35.00000000008073 175.0000000001222 0
2217 35.00000000008073 170.0000000001466 0
2218 35.00000000008073 165.0000000001711 0
2219 35.00000000008073 160.0000000001956 0
2220 35.00000000008073 155.0000000002201 0
2221 35.00000000008073 150.0000000002445 0
2222 35.00000000008073 145.000000000269 0
2223 35.00000000008073 140.0000000002935 0
2224 35.00000000008073 135.0000000003179 0
2225 35.00000000008073 130.0000000003423 0
2226 35.00000000008073 125.0000000003378 0
2227 35.00000000008073 120.0000000003096 0
2228 35.00000000008073 115.0000000002815 0
2229 35.00000000008073 110.0000000002533 0
2230 35.00000000008073 105.0000000002252 0
2231 35.00000000008073 100.0000000001971 0
2232 35.00000000008073 95.0000000001689 0
2233 35.00000000008073 90.00000000014076 0
2234 35.00000000008073 85.00000000011261 0
2235 35.00000000008073 80.00000000008446 0
2236 35.00000000008073 75.00000000005629 0
2237 35.00000000008073 70.00000000002814 0
2238 30.00000000009457 195.0000000000244 0
2239 30.00000000009457 190.0000000000489 0
2240 30.00000000009457 185.0000000000733 0
2241 30.00000000009457 180.0000000000978 0
2242 30.00000000009457 175.0000000001222 0
2243 30.00000000009457 170.0000000001467 0
2244 30.00000000009457 165.0000000001711 0
2245 30.00000000009457 160.0000000001956 0
2246 30.00000000009457 155.0000000002201 0
2247 30.00000000009457 150.0000000002445 0
2248 30.00000000009457 145.000000000269 0
2249 30.00000000009457 140.0000000002935 0
2250 30.00000000009457 135.0000000003179 0
2251 30.00000000009457 130.0000000003423 0
2252 30.00000000009457 125.0000000003378 0
2253 30.00000000009457 120.0000000003097 0
2254 30.00000000009457 115.0000000002815 0
2255 30.00000000009457 110.0000000002533 0
2256 30.00000000009457 105.0000000002252 0
2257 30.00000000009457 100.0000000001971 0
2258 30.00000000009457 95.0000000001689 0
2259 30.00000000009457 90.00000000014076 0
2260 30.00000000009457 85.00000000011261 0
2261 30.00000000009457 80.00000000008446 0
2262 30.00000000009457 75.00000000005629 0
2263 30.00000000009457 70.00000000002814 0
2264 25.00000000008594 195.0000000000244 0
2265 25.00000000008594 190.0000000000489 0
2266 25.00000000008594 185.0000000000733 0
2267 25.00000000008594 180.0000000000978 0
2268 25.00000000008594 175.0000000001222 0
2269 25.00000000008594 170.0000000001467 0
2270 25.00000000008594 165.0000000001711 0
2271 25.00000000008594 160.0000000001956 0
2272 25.00000000008594 155.0000000002201 0
2273 25.00000000008594 150.0000000002445 0
2274 25.00000000008594 145.000000000269 0
2275 25.00000000008594 140.0000000002935 0
2276 25.00000000008594 135.0000000003179 0
2277 25.00000000008594 130.0000000003423 0
2278 25.00000000008594 125.0000000003378 0
2279 25.00000000008594 120.0000000003097 0
2280 25.00000000008594 115.0000000002815 0
2281 25.00000000008594 110.0000000002533 0
2282 25.00000000008594 105.0000000002252 0
2283 25.00000000008594 100.0000000001971 0
2284 25.00000000008594 95.0000000001689 0
2285 25.00000000008594 90.00000000014076 0
2286 25.00000000008594 85.00000000011261 0
2287 25.00000000008594 80.00000000008446 0
2288 25.00000000008594 75.00000000005629 0
2289 25.00000000008594 70.00000000002814 0
2290 20.00000000007735 195.0000000000244 0
2291 20.00000000007735 190.0000000000489 0
2292 20.00000000007735 185.0000000000733 0
2293 20.00000000007735 180.0000000000978 0
2294 20.00000000007735 175.0000000001222 0
2295 20.00000000007735 170.0000000001467 0
2296 20.00000000007735 165.0000000001711 0
2297 20.00000000007735 160.0000000001956 0
2298 20.00000000007735 155.0000000002201 0
2299 20.00000000007735 150.0000000002445 0
2300 20.00000000007735 145.000000000269 0
2301 20.00000000007735 140.0000000002935 0
2302 20.00000000007735 135.0000000003179 0
2303 20.00000000007735 130.0000000003423 0
2304 20.00000000007735 125.0000000003378 0
2305 20.00000000007735 120.0000000003097 0
2306 20.00000000007735 115.0000000002815 0
2307 20.00000000007735 110.0000000002533 0
2308 20.00000000007735 105.0000000002252 0
2309 20.00000000007735 100.0000000001971 0
2310 20.00000000007735 95.0000000001689 0
2311 20.00000000007735 90.00000000014076 0
2312 20.00000000007735 85.00000000011261 0
2313 20.00000000007735 80.00000000008446 0
2314 20.00000000007735 75.00000000005629 0
2315 20.00000000007735 70.00000000002814 0
2316 15.00000000006583 195.0000000000244 0
2317 15.00000000006583 190.0000000000489 0
2318 15.00000000006583 185.0000000000733 0
2319 15.00000000006583 180.0000000000978 0
2320 15.00000000006583 175.0000000001222 0
2321 15.00000000006583 170.0000000001467 0
2322 15.00000000006583 165.0000000001711 0
2323 15.00000000006583 160.0000000001956 0
2324 15.00000000006583 155.0000000002201 0
2325 15.00000000006583 150.0000000002445 0
2326 15.00000000006583 145.000000000269 0
2327 15.00000000006583 140.0000000002935 0
2328 15.00000000006583 135.0000000003179 0
2329 15.00000000006583 130.0000000003423 0
2330 15.00000000006583 125.0000000003378 0
2331 15.00000000006583 120.0000000003097 0
2332 15.00000000006583 115.0000000002815 0
2333 15.00000000006583 110.0000000002533 0
2334 15.00000000006583 105.0000000002252 0
2335 15.00000000006583 100.0000000001971 0
2336 15.00000000006583 95.0000000001689 0
2337 15.00000000006583 90.00000000014076 0
2338 15.00000000006583 85.00000000011261 0
2339 15.00000000006583 80.00000000008446 0
2340 15.00000000006583 75.00000000005629 0
2341 15.00000000006583 70.00000000002814 0
2342 10.00000000003948 195.0000000000244 0
2343 10.00000000003948 190.0000000000489 0
2344 10.00000000003948 185.0000000000733 0
2345 10.00000000003948 180.0000000000978 0
2346 10.00000000003948 175.0000000001222 0
2347 10.00000000003948 170.0000000001467 0
2348 10.00000000003948 165.0000000001711 0
2349 10.00000000003948 160.0000000001956 0
2350 10.00000000003948 155.0000000002201 0
2351 10.00000000003948 150.0000000002445 0
2352 10.00000000003948 145.000000000269 0
2353 10.00000000003948 140.0000000002935 0
2354 10.00000000003948 135.0000000003179 0
2355 10.00000000003948 130.0000000003423 0
2356 10.00000000003948 125.0000000003378 0
2357 10.00000000003948 120.0000000003097 0
2358 10.00000000003948 115.0000000002815 0
2359 10.00000000003948 110.0000000002533 0
2360 10.00000000003948 105.0000000002252 0
2361 10.00000000003948 100.0000000001971 0
2362 10.00000000003948 95.0000000001689 0
2363 10.00000000003948 90.00000000014076 0
2364 10.00000000003948 85.00000000011261 0
2365 10.00000000003948 80.00000000008446 0
2366 10.00000000003948 75.00000000005629 0
2367 10.00000000003948 70.00000000002814 0
2368 5.000000000018456 195.0000000000244 0
2369 5.000000000018456 190.0000000000489 0
2370 5.000000000018456 185.0000000000733 0
2371 5.000000000018456 180.0000000000978 0
2372 5.000000000018456 175.0000000001222 0
2373 5.000000000018456 170.0000000001467 0
2374 5.000000000018456 165.0000000001711 0
2375 5.000000000018456 160.0000000001956 0
2376 5.000000000018456 155.0000000002201 0
2377 5.000000000018456 150.0000000002445 0
2378 5.000000000018456 145.000000000269 0
2379 5.000000000018456 140.0000000002935 0
2380 5.000000000018456 135.0000000003179 0
2381 5.000000000018456 130.0000000003423 0
2382 5.000000000018456 125.0000000003378 0
2383 5.000000000018456 120.0000000003097 0
2384 5.000000000018456 115.0000000002815 0
2385 5.000000000018456 110.0000000002533 0
2386 5.000000000018456 105.0000000002252 0
2387 5.000000000018456 100.0000000001971 0
2388 5.000000000018456 95.0000000001689 0
2389 5.000000000018456 90.00000000014076 0
2390 5.000000000018456 85.00000000011261 0
2391 5.000000000018456 80.00000000008446 0
2392 5.000000000018456 75.00000000005629 0
2393 5.000000000018456 70.00000000002814 0
2394 4.999999999983677 5.000000000010829 0
2395 4.999999999986575 10.00000000002413 0
2396 4.999999999989473 15.00000000003743 0
2397 4.999999999992372 20.00000000005073 0
2398 4.99999999999527 25.00000000006403 0
2399 4.999999999998169 30.00000000007734 0
2400 5.000000000001067 35.00000000007561 0
2401 5.000000000003965 40.00000000006163 0
2402 5.000000000006863 45.00000000004765 0
2403 5.000000000009762 50.00000000003367 0
2404 5.00000000001266 55.00000000001966 0
2405 5.000000000015558 60.00000000000566 0
2406 9.999999999963382 5.000000000010829 0
2407 9.999999999969724 10.00000000002413 0
2408 9.999999999976065 15.00000000003744 0
2409 9.999999999982405 20.00000000005073 0
2410 9.999999999988747 25.00000000006404 0
2411 9.999999999995088 30.00000000007734 0
2412 10.00000000000143 35.0000000000756 0
2413 10.00000000000777 40.00000000006163 0
2414 10.00000000001411 45.00000000004765 0
2415 10.00000000002045 50.00000000003367 0
2416 10.0000000000268 55.00000000001966 0
2417 10.00000000003314 60.00000000000565 0
2418 14.99999999994146 5.000000000010829 0
2419 14.99999999995182 10.00000000002413 0
2420 14.99999999996219 15.00000000003744 0
2421 14.99999999997255 20.00000000005073 0
2422 14.99999999998292 25.00000000006405 0
2423 14.99999999999328 30.00000000007734 0
2424 15.00000000000365 35.00000000007561 0
2425 15.00000000001401 40.00000000006163 0
2426 15.00000000002438 45.00000000004765 0
2427 15.00000000003474 50.00000000003367 0
2428 15.0000000000451 55.00000000001968 0
2429 15.00000000005547 60.00000000000568 0
2430 19.9999999999321 5.000000000010829 0
2431 19.99999999994421 10.00000000002413 0
2432 19.99999999995631 15.00000000003744 0
2433 19.99999999996841 20.00000000005073 0
2434 19.99999999998052 25.00000000006404 0
2435 19.99999999999262 30.00000000007734 0
2436 20.00000000000473 35.00000000007561 0
2437 20.00000000001683 40.00000000006163 0
2438 20.00000000002893 45.00000000004765 0
2439 20.00000000004103 50.00000000003367 0
2440 20.00000000005314 55.00000000001966 0
2441 20.00000000006524 60.00000000000566 0
2442 24.99999999992522 5.000000000010829 0
2443 24.99999999993861 10.00000000002413 0
2444 24.999999999952 15.00000000003744 0
2445 24.9999999999654 20.00000000005073 0
2446 24.99999999997879 25.00000000006404 0
2447 24.99999999999218 30.00000000007734 0
2448 25.00000000000558 35.00000000007561 0
2449 25.00000000001898 40.00000000006163 0
2450 25.00000000003237 45.00000000004765 0
2451 25.00000000004576 50.00000000003367 0
2452 25.00000000005916 55.00000000001966 0
2453 25.00000000007255 60.00000000000566 0
2454 29.99999999991833 5.000000000010829 0
2455 29.99999999993302 10.00000000002413 0
2456 29.99999999994771 15.00000000003744 0
2457 29.99999999996239 20.00000000005073 0
2458 29.99999999997708 25.00000000006404 0
2459 29.99999999999177 30.00000000007734 0
2460 30.00000000000645 35.00000000007561 0
2461 30.00000000002114 40.00000000006163 0
2462 30.00000000003583 45.00000000004765 0
2463 30.00000000005051 50.00000000003367 0
2464 30.0000000000652 55.00000000001966 0
2465 30.00000000007988 60.00000000000566 0
2466 34.99999999993047 5.000000000010829 0
2467 34.99999999994299 10.00000000002413 0
2468 34.99999999995551 15.00000000003744 0
2469 34.99999999996804 20.00000000005073 0
2470 34.99999999998056 25.00000000006404 0
2471 34.99999999999308 30.00000000007734 0
2472 35.0000000000056 35.00000000007561 0
2473 35.00000000001812 40.00000000006163 0
2474 35.00000000003064 45.00000000004765 0
2475 35.00000000004317 50.00000000003367 0
2476 35.00000000005569 55.00000000001966 0
2477 35.00000000006821 60.00000000000566 0
2478 39.99999999995365 5.000000000010829 0
2479 39.999999999962 10.00000000002413 0
2480 39.99999999997034 15.00000000003744 0
2481 39.99999999997869 20.00000000005073 0
2482 39.99999999998704 25.00000000006404 0
2483 39.99999999999539 30.00000000007734 0
2484 40.00000000000373 35.00000000007561 0
2485 40.00000000001208 40.00000000006163 0
2486 40.00000000002043 45.00000000004765 0
2487 40.00000000002878 50.00000000003367 0
2488 40.00000000003712 55.00000000001966 0
2489 40.00000000004547 60.00000000000566 0
2490 44.99999999997682 5.000000000010829 0
2491 44.999999999981 10.00000000002413 0
2492 44.99999999998517 15.00000000003744 0
2493 44.99999999998935 20.00000000005073 0
2494 44.99999999999352 25.00000000006404 0
2495 44.99999999999769 30.00000000007734 0
2496 45.00000000000187 35.00000000007561 0
2497 45.00000000000604 40.00000000006163 0
2498 45.00000000001021 45.00000000004765 0
2499 45.00000000001439 50.00000000003367 0
2500 45.00000000001856 55.00000000001966 0
2501 45.00000000002274 60.00000000000566 0
$EndNodes
$Elements
5109
1 15 2 201 1 1
2 15 2 201 2 2
3 15 2 101 3 3
4 15 2 101 4 4
5 15 2 101 5 5
6 15 2 202 6 6
7 15 2 201 7 7
8 15 2 201 8 8
9 15 2 0 9 9
10 1 2 201 1 1 10
11 1 2 201 1 10 11
12 1 2 201 1 11 12
13 1 2 201 1 12 13
14 1 2 201 1 13 14
15 1 2 201 1 14 15
16 1 2 201 1 15 16
17 1 2 201 1 16 17
18 1 2 201 1 17 18
19 1 2 201 1 18 2
20 1 2 201 2 2 19
21 1 2 201 2 19 20
22 1 2 201 2 20 21
23 1 2 201 2 21 22
24 1 2 201 2 22 23
25 1 2 201 2 23 24
26 1 2 201 2 24 25
27 1 2 201 2 25 26
28 1 2 201 2 26 27
29 1 2 201 2 27 28
30 1 2 201 2 28 29
31 1 2 201 2 29 30
32 1 2 201 2 30 31
33 1 2 201 2 31 32
34 1 2 201 2 32 33
35 1 2 201 2 33 34
36 1 2 201 2 34 35
37 1 2 201 2 35 36
38 1 2 201 2 36 37
39 1 2 201 2 37 38
40 1 2 201 2 38 39
41 1 2 201 2 39 40
42 1 2 201 2 40 41
43 1 2 201 2 41 42
44 1 2 201 2 42 43
45 1 2 201 2 43 44
46 1 2 201 2 44 45
47 1 2 201 2 45 46
48 1 2 201 2 46 47
49 1 2 201 2 47 48
50 1 2 201 2 48 49
51 1 2 201 2 49 50
52 1 2 201 2 50 51
53 1 2 201 2 51 52
54 1 2 201 2 52 53
55 1 2 201 2 53 54
56 1 2 201 2 54 55
57 1 2 201 2 55 56
58 1 2 201 2 56 57
59 1 2 201 2 57 58
60 1 2 201 2 58 59
61 1 2 201 2 59 60
62 1 2 201 2 60 61
63 1 2 201 2 61 62
64 1 2 201 2 62 63
65 1 2 201 2 63 64
66 1 2 201 2 64 65
67 1 2 201 2 65 66
68 1 2 201 2 66 67
69 1 2 201 2 67 3
70 1 2 101 3 3 68
71 1 2 101 3 68 69
72 1 2 101 3 69 70
73 1 2 101 3 70 71
74 1 2 101 3 71 72
75 1 2 101 3 72 73
76 1 2 101 3 73 74
77 1 2 101 3 74 75
78 1 2 101 3 75 76
79 1 2 101 3 76 77
80 1 2 101 3 77 78
81 1 2 101 3 78 79
82 1 2 101 3 79 4
83 1 2 101 4 4 80
84 1 2 101 4 80 81
85 1 2 101 4 81 82
86 1 2 101 4 82 83
87 1 2 101 4 83 84
88 1 2 101 4 84 85
89 1 2 101 4 85 86
90 1 2 101 4 86 87
91 1 2 101 4 87 88
92 1 2 101 4 88 89
93 1 2 101 4 89 90
94 1 2 101 4 90 91
95 1 2 101 4 91 92
96 1 2 101 4 92 93
97 1 2 101 4 93 94
98 1 2 101 4 94 95
99 1 2 101 4 95 96
100 1 2 101 4 96 97
101 1 2 101 4 97 98
102 1 2 101 4 98 99
103 1 2 101 4 99 100
104 1 2 101 4 100 101
105 1 2 101 4 101 102
106 1 2 101 4 102 103
107 1 2 101 4 103 104
108 1 2 101 4 104 105
109 1 2 101 4 105 5
110 1 2 201 5 5 106
111 1 2 201 5 106 107
112 1 2 201 5 107 108
113 1 2 201 5 108 109
114 1 2 201 5 109 110
115 1 2 201 5 110 111
116 1 2 201 5 111 112
117 1 2 201 5 112 113
118 1 2 201 5 113 114
119 1 2 201 5 114 115
120 1 2 201 5 115 116
121 1 2 201 5 116 117
122 1 2 201 5 117 118
123 1 2 201 5 118 119
124 1 2 201 5 119 120
125 1 2 201 5 120 121
126 1 2 201 5 121 122
127 1 2 201 5 122 123
128 1 2 201 5 123 124
129 1 2 201 5 124 125
130 1 2 201 5 125 126
131 1 2 201 5 126 127
132 1 2 201 5 127 128
133 1 2 201 5 128 129
134 1 2 201 5 129 130
135 1 2 201 5 130 131
136 1 2 201 5 131 132
137 1 2 201 5 132 133
138 1 2 201 5 133 134
139 1 2 201 5 134 135
140 1 2 201 5 135 136
141 1 2 201 5 136 137
142 1 2 201 5 137 138
143 1 2 201 5 138 139
144 1 2 201 5 139 140
145 1 2 201 5 140 141
146 1 2 201 5 141 142
147 1 2 201 5 142 143
148 1 2 201 5 143 144
149 1 2 201 5 144 145
150 1 2 201 5 145 146
151 1 2 201 5 146 147
152 1 2 201 5 147 148
153 1 2 201 5 148 149
154 1 2 201 5 149 150
155 1 2 201 5 150 151
156 1 2 201 5 151 152
157 1 2 201 5 152 153
158 1 2 201 5 153 154
159 1 2 201 5 154 6
160 1 2 202 6 6 155
161 1 2 202 6 155 156
162 1 2 202 6 156 157
163 1 2 202 6 157 158
164 1 2 202 6 158 159
165 1 2 202 6 159 160
166 1 2 202 6 160 161
167 1 2 202 6 161 162
168 1 2 202 6 162 163
169 1 2 202 6 163 7
170 1 2 201 7 7 164
171 1 2 201 7 164 165
172 1 2 201 7 165 166
173 1 2 201 7 166 167
174 1 2 201 7 167 168
175 1 2 201 7 168 169
176 1 2 201 7 169 170
177 1 2 201 7 170 171
178 1 2 201 7 171 172
179 1 2 201 7 172 173
180 1 2 201 7 173 174
181 1 2 201 7 174 175
182 1 2 201 7 175 176
183 1 2 201 7 176 177
184 1 2 201 7 177 178
185 1 2 201 7 178 179
186 1 2 201 7 179 180
187 1 2 201 7 180 181
188 1 2 201 7 181 182
189 1 2 201 7 182 183
190 1 2 201 7 183 184
191 1 2 201 7 184 185
192 1 2 201 7 185 186
193 1 2 201 7 186 187
194 1 2 201 7 187 188
195 1 2 201 7 188 189
196 1 2 201 7 189 8
197 1 2 201 8 8 190
198 1 2 201 8 190 191
199 1 2 201 8 191 192
200 1 2 201 8 192 193
201 1 2 201 8 193 194
202 1 2 201 8 194 195
203 1 2 201 8 195 196
204 1 2 201 8 196 197
205 1 2 201 8 197 198
206 1 2 201 8 198 199
207 1 2 201 8 199 200
208 1 2 201 8 200 201
209 1 2 201 8 201 1
210 1 2 0 9 6 202
211 1 2 0 9 202 203
212 1 2 0 9 203 204
213 1 2 0 9 204 205
214 1 2 0 9 205 206
215 1 2 0 9 206 207
216 1 2 0 9 207 208
217 1 2 0 9 208 209
218 1 2 0 9 209 210
219 1 2 0 9 210 211
220 1 2 0 9 211 212
221 1 2 0 9 212 213
222 1 2 0 9 213 214
223 1 2 0 9 214 215
224 1 2 0 9 215 216
225 1 2 0 9 216 217
226 1 2 0 9 217 218
227 1 2 0 9 218 219
228 1 2 0 9 219 220
229 1 2 0 9 220 221
230 1 2 0 9 221 222
231 1 2 0 9 222 223
232 1 2 0 9 223 224
233 1 2 0 9 224 225
234 1 2 0 9 225 226
235 1 2 0 9 226 227
236 1 2 0 9 227 9
237 1 2 0 10 9 228
238 1 2 0 10 228 229
239 1 2 0 10 229 230
240 1 2 0 10 230 231
241 1 2 0 10 231 232
242 1 2 0 10 232 233
243 1 2 0 10 233 234
244 1 2 0 10 234 235
245 1 2 0 10 235 236
246 1 2 0 10 236 237
247 1 2 0 10 237 238
248 1 2 0 10 238 239
249 1 2 0 10 239 2
250 1 2 0 11 9 240
251 1 2 0 11 240 241
252 1 2 0 11 241 242
253 1 2 0 11 242 243
254 1 2 0 11 243 244
255 1 2 0 11 244 245
256 1 2 0 11 245 246
257 1 2 0 11 246 247
258 1 2 0 11 247 248
259 1 2 0 11 248 8
260 1 2 0 12 4 249
261 1 2 0 12 249 250
262 1 2 0 12 250 251
263 1 2 0 12 251 252
264 1 2 0 12 252 253
265 1 2 0 12 253 254
266 1 2 0 12 254 255
267 1 2 0 12 255 256
268 1 2 0 12 256 257
269 1 2 0 12 257 258
270 1 2 0 12 258 259
271 1 2 0 12 259 260
272 1 2 0 12 260 261
273 1 2 0 12 261 262
274 1 2 0 12 262 263
275 1 2 0 12 263 264
276 1 2 0 12 264 265
277 1 2 0 12 265 266
278 1 2 0 12 266 267
279 1 2 0 12 267 268
280 1 2 0 12 268 269
281 1 2 0 12 269 270
282 1 2 0 12 270 271
283 1 2 0 12 271 272
284 1 2 0 12 272 273
285 1 2 0 12 273 274
286 1 2 0 12 274 275
287 1 2 0 12 275 276
288 1 2 0 12 276 277
289 1 2 0 12 277 278
290 1 2 0 12 278 279
291 1 2 0 12 279 280
292 1 2 0 12 280 281
293 1 2 0 12 281 282
294 1 2 0 12 282 283
295 1 2 0 12 283 284
296 1 2 0 12 284 285
297 1 2 0 12 285 286
298 1 2 0 12 286 287
299 1 2 0 12 287 288
300 1 2 0 12 288 289
301 1 2 0 12 289 290
302 1 2 0 12 290 291
303 1 2 0 12 291 292
304 1 2 0 12 292 293
305 1 2 0 12 293 294
306 1 2 0 12 294 295
307 1 2 0 12 295 296
308 1 2 0 12 296 297
309 1 2 0 12 297 9
310 2 2 0 14 2 19 239
311 2 2 0 14 239 19 298
312 2 2 0 14 239 298 238
313 2 2 0 14 238 298 299
314 2 2 0 14 238 299 237
315 2 2 0 14 237 299 300
316 2 2 0 14 237 300 236
317 2 2 0 14 236 300 301
318 2 2 0 14 236 301 235
319 2 2 0 14 235 301 302
320 2 2 0 14 235 302 234
321 2 2 0 14 234 302 303
322 2 2 0 14 234 303 233
323 2 2 0 14 233 303 304
324 2 2 0 14 233 304 232
325 2 2 0 14 232 304 305
326 2 2 0 14 232 305 231
327 2 2 0 14 231 305 306
328 2 2 0 14 231 306 230
329 2 2 0 14 230 306 307
330 2 2 0 14 230 307 229
331 2 2 0 14 229 307 308
332 2 2 0 14 229 308 228
333 2 2 0 14 228 308 309
334 2 2 0 14 228 309 9
335 2 2 0 14 9 309 297
336 2 2 0 14 19 20 298
337 2 2 0 14 298 20 310
338 2 2 0 14 298 310 299
339 2 2 0 14 299 310 311
340 2 2 0 14 299 311 300
341 2 2 0 14 300 311 312
342 2 2 0 14 300 312 301
343 2 2 0 14 301 312 313
344 2 2 0 14 301 313 302
345 2 2 0 14 302 313 314
346 2 2 0 14 302 314 303
347 2 2 0 14 303 314 315
348 2 2 0 14 303 315 304
349 2 2 0 14 304 315 316
350 2 2 0 14 304 316 305
351 2 2 0 14 305 316 317
352 2 2 0 14 305 317 306
353 2 2 0 14 306 317 318
354 2 2 0 14 306 318 307
355 2 2 0 14 307 318 319
356 2 2 0 14 307 319 308
357 2 2 0 14 308 319 320
358 2 2 0 14 308 320 309
359 2 2 0 14 309 320 321
360 2 2 0 14 309 321 297
361 2 2 0 14 297 321 296
362 2 2 0 14 20 21 310
363 2 2 0 14 310 21 322
364 2 2 0 14 310 322 311
365 2 2 0 14 311 322 323
366 2 2 0 14 311 323 312
367 2 2 0 14 312 323 324
368 2 2 0 14 312 324 313
369 2 2 0 14 313 324 325
370 2 2 0 14 313 325 314
371 2 2 0 14 314 325 326
372 2 2 0 14 314 326 315
373 2 2 0 14 315 326 327
374 2 2 0 14 315 327 316
375 2 2 0 14 316 327 328
376 2 2 0 14 316 328 317
377 2 2 0 14 317 328 329
378 2 2 0 14 317 329 318
379 2 2 0 14 318 329 330
380 2 2 0 14 318 330 319
381 2 2 0 14 319 330 331
382 2 2 0 14 319 331 320
383 2 2 0 14 320 331 332
384 2 2 0 14 320 332 321
385 2 2 0 14 321 332 333
386 2 2 0 14 321 333 296
387 2 2 0 14 296 333 295
388 2 2 0 14 21 22 322
389 2 2 0 14 322 22 334
390 2 2 0 14 322 334 323
391 2 2 0 14 323 334 335
392 2 2 0 14 323 335 324
393 2 2 0 14 324 335 336
394 2 2 0 14 324 336 325
395 2 2 0 14 325 336 337
396 2 2 0 14 325 337 326
397 2 2 0 14 326 337 338
398 2 2 0 14 326 338 327
399 2 2 0 14 327 338 339
400 2 2 0 14 327 339 328
401 2 2 0 14 328 339 340
402 2 2 0 14 328 340 329
403 2 2 0 14 329 340 341
404 2 2 0 14 329 341 330
405 2 2 0 14 330 341 342
406 2 2 0 14 330 342 331
407 2 2 0 14 331 342 343
408 2 2 0 14 331 343 332
409 2 2 0 14 332 343 344
410 2 2 0 14 332 344 333
411 2 2 0 14 333 344 345
412 2 2 0 14 333 345 295
413 2 2 0 14 295 345 294
414 2 2 0 14 22 23 334
415 2 2 0 14 334 23 346
416 2 2 0 14 334 346 335
417 2 2 0 14 335 346 347
418 2 2 0 14 335 347 336
419 2 2 0 14 336 347 348
420 2 2 0 14 336 348 337
421 2 2 0 14 337 348 349
422 2 2 0 14 337 349 338
423 2 2 0 14 338 349 350
424 2 2 0 14 338 350 339
425 2 2 0 14 339 350 351
426 2 2 0 14 339 351 340
427 2 2 0 14 340 351 352
428 2 2 0 14 340 352 341
429 2 2 0 14 341 352 353
430 2 2 0 14 341 353 342
431 2 2 0 14 342 353 354
432 2 2 0 14 342 354 343
433 2 2 0 14 343 354 355
434 2 2 0 14 343 355 344
435 2 2 0 14 344 355 356
436 2 2 0 14 344 356 345
437 2 2 0 14 345 356 357
438 2 2 0 14 345 357 294
439 2 2 0 14 294 357 293
440 2 2 0 14 23 24 346
441 2 2 0 14 346 24 358
442 2 2 0 14 346 358 347
443 2 2 0 14 347 358 359
444 2 2 0 14 347 359 348
445 2 2 0 14 348 359 360
446 2 2 0 14 348 360 349
447 2 2 0 14 349 360 361
448 2 2 0 14 349 361 350
449 2 2 0 14 350 361 362
450 2 2 0 14 350 362 351
451 2 2 0 14 351 362 363
452 2 2 0 14 351 363 352
453 2 2 0 14 352 363 364
454 2 2 0 14 352 364 353
455 2 2 0 14 353 364 365
456 2 2 0 14 353 365 354
457 2 2 0 14 354 365 366
458 2 2 0 14 354 366 355
459 2 2 0 14 355 366 367
460 2 2 0 14 355 367 356
461 2 2 0 14 356 367 368
462 2 2 0 14 356 368 357
463 2 2 0 14 357 368 369
464 2 2 0 14 357 369 293
465 2 2 0 14 293 369 292
466 2 2 0 14 24 25 358
467 2 2 0 14 358 25 370
468 2 2 0 14 358 370 359
469 2 2 0 14 359 370 371
470 2 2 0 14 359 371 360
471 2 2 0 14 360 371 372
472 2 2 0 14 360 372 361
473 2 2 0 14 361 372 373
474 2 2 0 14 361 373 362
475 2 2 0 14 362 373 374
476 2 2 0 14 362 374 363
477 2 2 0 14 363 374 375
478 2 2 0 14 363 375 364
479 2 2 0 14 364 375 376
480 2 2 0 14 364 376 365
481 2 2 0 14 365 376 377
482 2 2 0 14 365 377 366
483 2 2 0 14 366 377 378
484 2 2 0 14 366 378 367
485 2 2 0 14 367 378 379
486 2 2 0 14 367 379 368
487 2 2 0 14 368 379 380
488 2 2 0 14 368 380 369
489 2 2 0 14 369 380 381
490 2 2 0 14 369 381 292
491 2 2 0 14 292 381 291
492 2 2 0 14 25 26 370
493 2 2 0 14 370 26 382
494 2 2 0 14 370 382 371
495 2 2 0 14 371 382 383
496 2 2 0 14 371 383 372
497 2 2 0 14 372 383 384
498 2 2 0 14 372 384 373
499 2 2 0 14 373 384 385
500 2 2 0 14 373 385 374
501 2 2 0 14 374 385 386
502 2 2 0 14 374 386 375
503 2 2 0 14 375 386 387
504 2 2 0 14 375 387 376
505 2 2 0 14 376 387 388
506 2 2 0 14 376 388 377
507 2 2 0 14 377 388 389
508 2 2 0 14 377 389 378
509 2 2 0 14 378 389 390
510 2 2 0 14 378 390 379
511 2 2 0 14 379 390 391
512 2 2 0 14 379 391 380
513 2 2 0 14 380 391 392
514 2 2 0 14 380 392 381
515 2 2 0 14 381 392 393
516 2 2 0 14 381 393 291
517 2 2 0 14 291 393 290
518 2 2 0 14 26 27 382
519 2 2 0 14 382 27 394
520 2 2 0 14 382 394 383
521 2 2 0 14 383 394 395
522 2 2 0 14 383 395 384
523 2 2 0 14 384 395 396
524 2 2 0 14 384 396 385
525 2 2 0 14 385 396 397
526 2 2 0 14 385 397 386
527 2 2 0 14 386 397 398
528 2 2 0 14 386 398 387
529 2 2 0 14 387 398 399
530 2 2 0 14 387 399 388
531 2 2 0 14 388 399 400
532 2 2 0 14 388 400 389
533 2 2 0 14 389 400 401
534 2 2 0 14 389 401 390
535 2 2 0 14 390 401 402
536 2 2 0 14 390 402 391
537 2 2 0 14 391 402 403
538 2 2 0 14 391 403 392
539 2 2 0 14 392 403 404
540 2 2 0 14 392 404 393
541 2 2 0 14 393 404 405
542 2 2 0 14 393 405 290
543 2 2 0 14 290 405 289
544 2 2 0 14 27 28 394
545 2 2 0 14 394 28 406
546 2 2 0 14 394 406 395
547 2 2 0 14 395 406 407
548 2 2 0 14 395 407 396
549 2 2 0 14 396 407 408
550 2 2 0 14 396 408 397
551 2 2 0 14 397 408 409
552 2 2 0 14 397 409 398
553 2 2 0 14 398 409 410
554 2 2 0 14 398 410 399
555 2 2 0 14 399 410 411
556 2 2 0 14 399 411 400
557 2 2 0 14 400 411 412
558 2 2 0 14 400 412 401
559 2 2 0 14 401 412 413
560 2 2 0 14 401 413 402
561 2 2 0 14 402 413 414
562 2 2 0 14 402 414 403
563 2 2 0 14 403 414 415
564 2 2 0 14 403 415 404
565 2 2 0 14 404 415 416
566 2 2 0 14 404 416 405
567 2 2 0 14 405 416 417
568 2 2 0 14 405 417 289
569 2 2 0 14 289 417 288
570 2 2 0 14 28 29 406
571 2 2 0 14 406 29 418
572 2 2 0 14 406 418 407
573 2 2 0 14 407 418 419
574 2 2 0 14 407 419 408
575 2 2 0 14 408 419 420
576 2 2 0 14 408 420 409
577 2 2 0 14 409 420 421
578 2 2 0 14 409 421 410
579 2 2 0 14 410 421 422
580 2 2 0 14 410 422 411
581 2 2 0 14 411 422 423
582 2 2 0 14 411 423 412
583 2 2 0 14 412 423 424
584 2 2 0 14 412 424 413
585 2 2 0 14 413 424 425
586 2 2 0 14 413 425 414
587 2 2 0 14 414 425 426
588 2 2 0 14 414 426 415
589 2 2 0 14 415 426 427
590 2 2 0 14 415 427 416
591 2 2 0 14 416 427 428
592 2 2 0 14 416 428 417
593 2 2 0 14 417 428 429
594 2 2 0 14 417 429 288
595 2 2 0 14 288 429 287
596 2 2 0 14 29 30 418
597 2 2 0 14 418 30 430
598 2 2 0 14 418 430 419
599 2 2 0 14 419 430 431
600 2 2 0 14 419 431 420
601 2 2 0 14 420 431 432
602 2 2 0 14 420 432 421
603 2 2 0 14 421 432 433
604 2 2 0 14 421 433 422
605 2 2 0 14 422 433 434
606 2 2 0 14 422 434 423
607 2 2 0 14 423 434 435
608 2 2 0 14 423 435 424
609 2 2 0 14 424 435 436
610 2 2 0 14 424 436 425
611 2 2 0 14 425 436 437
612 2 2 0 14 425 437 426
613 2 2 0 14 426 437 438
614 2 2 0 14 426 438 427
615 2 2 0 14 427 438 439
616 2 2 0 14 427 439 428
617 2 2 0 14 428 439 440
618 2 2 0 14 428 440 429
619 2 2 0 14 429 440 441
620 2 2 0 14 429 441 287
621 2 2 0 14 287 441 286
622 2 2 0 14 30 31 430
623 2 2 0 14 430 31 442
624 2 2 0 14 430 442 431
625 2 2 0 14 431 442 443
626 2 2 0 14 431 443 432
627 2 2 0 14 432 443 444
628 2 2 0 14 432 444 433
629 2 2 0 14 433 444 445
630 2 2 0 14 433 445 434
631 2 2 0 14 434 445 446
632 2 2 0 14 434 446 435
633 2 2 0 14 435 446 447
634 2 2 0 14 435 447 436
635 2 2 0 14 436 447 448
636 2 2 0 14 436 448 437
637 2 2 0 14 437 448 449
638 2 2 0 14 437 449 438
639 2 2 0 14 438 449 450
640 2 2 0 14 438 450 439
641 2 2 0 14 439 450 451
642 2 2 0 14 439 451 440
643 2 2 0 14 440 451 452
644 2 2 0 14 440 452 441
645 2 2 0 14 441 452 453
646 2 2 0 14 441 453 286
647 2 2 0 14 286 453 285
648 2 2 0 14 31 32 442
649 2 2 0 14 442 32 454
650 2 2 0 14 442 454 443
651 2 2 0 14 443 454 455
652 2 2 0 14 443 455 444
653 2 2 0 14 444 455 456
654 2 2 0 14 444 456 445
655 2 2 0 14 445 456 457
656 2 2 0 14 445 457 446
657 2 2 0 14 446 457 458
658 2 2 0 14 446 458 447
659 2 2 0 14 447 458 459
660 2 2 0 14 447 459 448
661 2 2 0 14 448 459 460
662 2 2 0 14 448 460 449
663 2 2 0 14 449 460 461
664 2 2 0 14 449 461 450
665 2 2 0 14 450 461 462
666 2 2 0 14 450 462 451
667 2 2 0 14 451 462 463
668 2 2 0 14 451 463 452
669 2 2 0 14 452 463 464
670 2 2 0 14 452 464 453
671 2 2 0 14 453 464 465
672 2 2 0 14 453 465 285
673 2 2 0 14 285 465 284
674 2 2 0 14 32 33 454
675 2 2 0 14 454 33 466
676 2 2 0 14 454 466 455
677 2 2 0 14 455 466 467
678 2 2 0 14 455 467 456
679 2 2 0 14 456 467 468
680 2 2 0 14 456 468 457
681 2 2 0 14 457 468 469
682 2 2 0 14 457 469 458
683 2 2 0 14 458 469 470
684 2 2 0 14 458 470 459
685 2 2 0 14 459 470 471
686 2 2 0 14 459 471 460
687 2 2 0 14 460 471 472
688 2 2 0 14 460 472 461
689 2 2 0 14 461 472 473
690 2 2 0 14 461 473 462
691 2 2 0 14 462 473 474
692 2 2 0 14 462 474 463
693 2 2 0 14 463 474 475
694 2 2 0 14 463 475 464
695 2 2 0 14 464 475 476
696 2 2 0 14 464 476 465
697 2 2 0 14 465 476 477
698 2 2 0 14 465 477 284
699 2 2 0 14 284 477 283
700 2 2 0 14 33 34 466
701 2 2 0 14 466 34 478
702 2 2 0 14 466 478 467
703 2 2 0 14 467 478 479
704 2 2 0 14 467 479 468
705 2 2 0 14 468 479 480
706 2 2 0 14 468 480 469
707 2 2 0 14 469 480 481
708 2 2 0 14 469 481 470
709 2 2 0 14 470 481 482
710 2 2 0 14 470 482 471
711 2 2 0 14 471 482 483
712 2 2 0 14 471 483 472
713 2 2 0 14 472 483 484
714 2 2 0 14 472 484 473
715 2 2 0 14 473 484 485
716 2 2 0 14 473 485 474
717 2 2 0 14 474 485 486
718 2 2 0 14 474 486 475
719 2 2 0 14 475 486 487
720 2 2 0 14 475 487 476
721 2 2 0 14 476 487 488
722 2 2 0 14 476 488 477
723 2 2 0 14 477 488 489
724 2 2 0 14 477 489 283
725 2 2 0 14 283 489 282
726 2 2 0 14 34 35 478
727 2 2 0 14 478 35 490
728 2 2 0 14 478 490 479
729 2 2 0 14 479 490 491
730 2 2 0 14 479 491 480
731 2 2 0 14 480 491 492
732 2 2 0 14 480 492 481
733 2 2 0 14 481 492 493
734 2 2 0 14 481 493 482
735 2 2 0 14 482 493 494
736 2 2 0 14 482 494 483
737 2 2 0 14 483 494 495
738 2 2 0 14 483 495 484
739 2 2 0 14 484 495 496
740 2 2 0 14 484 496 485
741 2 2 0 14 485 496 497
742 2 2 0 14 485 497 486
743 2 2 0 14 486 497 498
744 2 2 0 14 486 498 487
745 2 2 0 14 487 498 499
746 2 2 0 14 487 499 488
747 2 2 0 14 488 499 500
748 2 2 0 14 488 500 489
749 2 2 0 14 489 500 501
750 2 2 0 14 489 501 282
751 2 2 0 14 282 501 281
752 2 2 0 14 35 36 490
753 2 2 0 14 490 36 502
754 2 2 0 14 490 502 491
755 2 2 0 14 491 502 503
756 2 2 0 14 491 503 492
757 2 2 0 14 492 503 504
758 2 2 0 14 492 504 493
759 2 2 0 14 493 504 505
760 2 2 0 14 493 505 494
761 2 2 0 14 494 505 506
762 2 2 0 14 494 506 495
763 2 2 0 14 495 506 507
764 2 2 0 14 495 507 496
765 2 2 0 14 496 507 508
766 2 2 0 14 496 508 497
767 2 2 0 14 497 508 509
768 2 2 0 14 497 509 498
769 2 2 0 14 498 509 510
770 2 2 0 14 498 510 499
771 2 2 0 14 499 510 511
772 2 2 0 14 499 511 500
773 2 2 0 14 500 511 512
774 2 2 0 14 500 512 501
775 2 2 0 14 501 512 513
776 2 2 0 14 501 513 281
777 2 2 0 14 281 513 280
778 2 2 0 14 36 37 502
779 2 2 0 14 502 37 514
780 2 2 0 14 502 514 503
781 2 2 0 14 503 514 515
782 2 2 0 14 503 515 504
783 2 2 0 14 504 515 516
784 2 2 0 14 504 516 505
785 2 2 0 14 505 516 517
786 2 2 0 14 505 517 506
787 2 2 0 14 506 517 518
788 2 2 0 14 506 518 507
789 2 2 0 14 507 518 519
790 2 2 0 14 507 519 508
791 2 2 0 14 508 519 520
792 2 2 0 14 508 520 509
793 2 2 0 14 509 520 521
794 2 2 0 14 509 521 510
795 2 2 0 14 510 521 522
796 2 2 0 14 510 522 511
797 2 2 0 14 511 522 523
798 2 2 0 14 511 523 512
799 2 2 0 14 512 523 524
800 2 2 0 14 512 524 513
801 2 2 0 14 513 524 525
802 2 2 0 14 513 525 280
803 2 2 0 14 280 525 279
804 2 2 0 14 37 38 514
805 2 2 0 14 514 38 526
806 2 2 0 14 514 526 515
807 2 2 0 14 515 526 527
808 2 2 0 14 515 527 516
809 2 2 0 14 516 527 528
810 2 2 0 14 516 528 517
811 2 2 0 14 517 528 529
812 2 2 0 14 517 529 518
813 2 2 0 14 518 529 530
814 2 2 0 14 518 530 519
815 2 2 0 14 519 530 531
816 2 2 0 14 519 531 520
817 2 2 0 14 520 531 532
818 2 2 0 14 520 532 521
819 2 2 0 14 521 532 533
820 2 2 0 14 521 533 522
821 2 2 0 14 522 533 534
822 2 2 0 14 522 534 523
823 2 2 0 14 523 534 535
824 2 2 0 14 523 535 524
825 2 2 0 14 524 535 536
826 2 2 0 14 524 536 525
827 2 2 0 14 525 536 537
828 2 2 0 14 525 537 279
829 2 2 0 14 279 537 278
830 2 2 0 14 38 39 526
831 2 2 0 14 526 39 538
832 2 2 0 14 526 538 527
833 2 2 0 14 527 538 539
834 2 2 0 14 527 539 528
835 2 2 0 14 528 539 540
836 2 2 0 14 528 540 529
837 2 2 0 14 529 540 541
838 2 2 0 14 529 541 530
839 2 2 0 14 530 541 542
840 2 2 0 14 530 542 531
841 2 2 0 14 531 542 543
842 2 2 0 14 531 543 532
843 2 2 0 14 532 543 544
844 2 2 0 14 532 544 533
845 2 2 0 14 533 544 545
846 2 2 0 14 533 545 534
847 2 2 0 14 534 545 546
848 2 2 0 14 534 546 535
849 2 2 0 14 535 546 547
850 2 2 0 14 535 547 536
851 2 2 0 14 536 547 548
852 2 2 0 14 536 548 537
853 2 2 0 14 537 548 549
854 2 2 0 14 537 549 278
855 2 2 0 14 278 549 277
856 2 2 0 14 39 40 538
857 2 2 0 14 538 40 550
858 2 2 0 14 538 550 539
859 2 2 0 14 539 550 551
860 2 2 0 14 539 551 540
861 2 2 0 14 540 551 552
862 2 2 0 14 540 552 541
863 2 2 0 14 541 552 553
864 2 2 0 14 541 553 542
865 2 2 0 14 542 553 554
866 2 2 0 14 542 554 543
867 2 2 0 14 543 554 555
868 2 2 0 14 543 555 544
869 2 2 0 14 544 555 556
870 2 2 0 14 544 556 545
871 2 2 0 14 545 556 557
872 2 2 0 14 545 557 546
873 2 2 0 14 546 557 558
874 2 2 0 14 546 558 547
875 2 2 0 14 547 558 559
876 2 2 0 14 547 559 548
877 2 2 0 14 548 559 560
878 2 2 0 14 548 560 549
879 2 2 0 14 549 560 561
880 2 2 0 14 549 561 277
881 2 2 0 14 277 561 276
882 2 2 0 14 40 41 550
883 2 2 0 14 550 41 562
884 2 2 0 14 550 562 551
885 2 2 0 14 551 562 563
886 2 2 0 14 551 563 552
887 2 2 0 14 552 563 564
888 2 2 0 14 552 564 553
889 2 2 0 14 553 564 565
890 2 2 0 14 553 565 554
891 2 2 0 14 554 565 566
892 2 2 0 14 554 566 555
893 2 2 0 14 555 566 567
894 2 2 0 14 555 567 556
895 2 2 0 14 556 567 568
896 2 2 0 14 556 568 557
897 2 2 0 14 557 568 569
898 2 2 0 14 557 569 558
899 2 2 0 14 558 569 570
900 2 2 0 14 558 570 559
901 2 2 0 14 559 570 571
902 2 2 0 14 559 571 560
903 2 2 0 14 560 571 572
904 2 2 0 14 560 572 561
905 2 2 0 14 561 572 573
906 2 2 0 14 561 573 276
907 2 2 0 14 276 573 275
908 2 2 0 14 41 42 562
909 2 2 0 14 562 42 574
910 2 2 0 14 562 574 563
911 2 2 0 14 563 574 575
912 2 2 0 14 563 575 564
913 2 2 0 14 564 575 576
914 2 2 0 14 564 576 565
915 2 2 0 14 565 576 577
916 2 2 0 14 565 577 566
917 2 2 0 14 566 577 578
918 2 2 0 14 566 578 567
919 2 2 0 14 567 578 579
920 2 2 0 14 567 579 568
921 2 2 0 14 568 579 580
922 2 2 0 14 568 580 569
923 2 2 0 14 569 580 581
924 2 2 0 14 569 581 570
925 2 2 0 14 570 581 582
926 2 2 0 14 570 582 571
927 2 2 0 14 571 582 583
928 2 2 0 14 571 583 572
929 2 2 0 14 572 583 584
930 2 2 0 14 572 584 573
931 2 2 0 14 573 584 585
932 2 2 0 14 573 585 275
933 2 2 0 14 275 585 274
934 2 2 0 14 42 43 574
935 2 2 0 14 574 43 586
936 2 2 0 14 574 586 575
937 2 2 0 14 575 586 587
938 2 2 0 14 575 587 576
939 2 2 0 14 576 587 588
940 2 2 0 14 576 588 577
941 2 2 0 14 577 588 589
942 2 2 0 14 577 589 578
943 2 2 0 14 578 589 590
944 2 2 0 14 578 590 579
945 2 2 0 14 579 590 591
946 2 2 0 14 579 591 580
947 2 2 0 14 580 591 592
948 2 2 0 14 580 592 581
949 2 2 0 14 581 592 593
950 2 2 0 14 581 593 582
951 2 2 0 14 582 593 594
952 2 2 0 14 582 594 583
953 2 2 0 14 583 594 595
954 2 2 0 14 583 595 584
955 2 2 0 14 584 595 596
956 2 2 0 14 584 596 585
957 2 2 0 14 585 596 597
958 2 2 0 14 585 597 274
959 2 2 0 14 274 597 273
960 2 2 0 14 43 44 586
961 2 2 0 14 586 44 598
962 2 2 0 14 586 598 587
963 2 2 0 14 587 598 599
964 2 2 0 14 587 599 588
965 2 2 0 14 588 599 600
966 2 2 0 14 588 600 589
967 2 2 0 14 589 600 601
968 2 2 0 14 589 601 590
969 2 2 0 14 590 601 602
970 2 2 0 14 590 602 591
971 2 2 0 14 591 602 603
972 2 2 0 14 591 603 592
973 2 2 0 14 592 603 604
974 2 2 0 14 592 604 593
975 2 2 0 14 593 604 605
976 2 2 0 14 593 605 594
977 2 2 0 14 594 605 606
978 2 2 0 14 594 606 595
979 2 2 0 14 595 606 607
980 2 2 0 14 595 607 596
981 2 2 0 14 596 607 608
982 2 2 0 14 596 608 597
983 2 2 0 14 597 608 609
984 2 2 0 14 597 609 273
985 2 2 0 14 273 609 272
986 2 2 0 14 44 45 598
987 2 2 0 14 598 45 610
988 2 2 0 14 598 610 599
989 2 2 0 14 599 610 611
990 2 2 0 14 599 611 600
991 2 2 0 14 600 611 612
992 2 2 0 14 600 612 601
993 2 2 0 14 601 612 613
994 2 2 0 14 601 613 602
995 2 2 0 14 602 613 614
996 2 2 0 14 602 614 603
997 2 2 0 14 603 614 615
998 2 2 0 14 603 615 604
999 2 2 0 14 604 615 616
1000 2 2 0 14 604 616 605
1001 2 2 0 14 605 616 617
1002 2 2 0 14 605 617 606
1003 2 2 0 14 606 617 618
1004 2 2 0 14 606 618 607
1005 2 2 0 14 607 618 619
1006 2 2 0 14 607 619 608
1007 2 2 0 14 608 619 620
1008 2 2 0 14 608 620 609
1009 2 2 0 14 609 620 621
1010 2 2 0 14 609 621 272
1011 2 2 0 14 272 621 271
1012 2 2 0 14 45 46 610
1013 2 2 0 14 610 46 622
1014 2 2 0 14 610 622 611
1015 2 2 0 14 611 622 623
1016 2 2 0 14 611 623 612
1017 2 2 0 14 612 623 624
1018 2 2 0 14 612 624 613
1019 2 2 0 14 613 624 625
1020 2 2 0 14 613 625 614
1021 2 2 0 14 614 625 626
1022 2 2 0 14 614 626 615
1023 2 2 0 14 615 626 627
1024 2 2 0 14 615 627 616
1025 2 2 0 14 616 627 628
1026 2 2 0 14 616 628 617
1027 2 2 0 14 617 628 629
1028 2 2 0 14 617 629 618
1029 2 2 0 14 618 629 630
1030 2 2 0 14 618 630 619
1031 2 2 0 14 619 630 631
1032 2 2 0 14 619 631 620
1033 2 2 0 14 620 631 632
1034 2 2 0 14 620 632 621
1035 2 2 0 14 621 632 633
1036 2 2 0 14 621 633 271
1037 2 2 0 14 271 633 270
1038 2 2 0 14 46 47 622
1039 2 2 0 14 622 47 634
1040 2 2 0 14 622 634 623
1041 2 2 0 14 623 634 635
1042 2 2 0 14 623 635 624
1043 2 2 0 14 624 635 636
1044 2 2 0 14 624 636 625
1045 2 2 0 14 625 636 637
1046 2 2 0 14 625 637 626
1047 2 2 0 14 626 637 638
1048 2 2 0 14 626 638 627
1049 2 2 0 14 627 638 639
1050 2 2 0 14 627 639 628
1051 2 2 0 14 628 639 640
1052 2 2 0 14 628 640 629
1053 2 2 0 14 629 640 641
1054 2 2 0 14 629 641 630
1055 2 2 0 14 630 641 642
1056 2 2 0 14 630 642 631
1057 2 2 0 14 631 642 643
1058 2 2 0 14 631 643 632
1059 2 2 0 14 632 643 644
1060 2 2 0 14 632 644 633
1061 2 2 0 14 633 644 645
1062 2 2 0 14 633 645 270
1063 2 2 0 14 270 645 269
1064 2 2 0 14 47 48 634
1065 2 2 0 14 634 48 646
1066 2 2 0 14 634 646 635
1067 2 2 0 14 635 646 647
1068 2 2 0 14 635 647 636
1069 2 2 0 14 636 647 648
1070 2 2 0 14 636 648 637
1071 2 2 0 14 637 648 649
1072 2 2 0 14 637 649 638
1073 2 2 0 14 638 649 650
1074 2 2 0 14 638 650 639
1075 2 2 0 14 639 650 651
1076 2 2 0 14 639 651 640
1077 2 2 0 14 640 651 652
1078 2 2 0 14 640 652 641
1079 2 2 0 14 641 652 653
1080 2 2 0 14 641 653 642
1081 2 2 0 14 642 653 654
1082 2 2 0 14 642 654 643
1083 2 2 0 14 643 654 655
1084 2 2 0 14 643 655 644
1085 2 2 0 14 644 655 656
1086 2 2 0 14 644 656 645
1087 2 2 0 14 645 656 657
1088 2 2 0 14 645 657 269
1089 2 2 0 14 269 657 268
1090 2 2 0 14 48 49 646
1091 2 2 0 14 646 49 658
1092 2 2 0 14 646 658 647
1093 2 2 0 14 647 658 659
1094 2 2 0 14 647 659 648
1095 2 2 0 14 648 659 660
1096 2 2 0 14 648 660 649
1097 2 2 0 14 649 660 661
1098 2 2 0 14 649 661 650
1099 2 2 0 14 650 661 662
1100 2 2 0 14 650 662 651
1101 2 2 0 14 651 662 663
1102 2 2 0 14 651 663 652
1103 2 2 0 14 652 663 664
1104 2 2 0 14 652 664 653
1105 2 2 0 14 653 664 665
1106 2 2 0 14 653 665 654
1107 2 2 0 14 654 665 666
1108 2 2 0 14 654 666 655
1109 2 2 0 14 655 666 667
1110 2 2 0 14 655 667 656
1111 2 2 0 14 656 667 668
1112 2 2 0 14 656 668 657
1113 2 2 0 14 657 668 669
1114 2 2 0 14 657 669 268
1115 2 2 0 14 268 669 267
1116 2 2 0 14 49 50 658
1117 2 2 0 14 658 50 670
1118 2 2 0 14 658 670 659
1119 2 2 0 14 659 670 671
1120 2 2 0 14 659 671 660
1121 2 2 0 14 660 671 672
1122 2 2 0 14 660 672 661
1123 2 2 0 14 661 672 673
1124 2 2 0 14 661 673 662
1125 2 2 0 14 662 673 674
1126 2 2 0 14 662 674 663
1127 2 2 0 14 663 674 675
1128 2 2 0 14 663 675 664
1129 2 2 0 14 664 675 676
1130 2 2 0 14 664 676 665
1131 2 2 0 14 665 676 677
1132 2 2 0 14 665 677 666
1133 2 2 0 14 666 677 678
1134 2 2 0 14 666 678 667
1135 2 2 0 14 667 678 679
1136 2 2 0 14 667 679 668
1137 2 2 0 14 668 679 680
1138 2 2 0 14 668 680 669
1139 2 2 0 14 669 680 681
1140 2 2 0 14 669 681 267
1141 2 2 0 14 267 681 266
1142 2 2 0 14 50 51 670
1143 2 2 0 14 670 51 682
1144 2 2 0 14 670 682 671
1145 2 2 0 14 671 682 683
1146 2 2 0 14 671 683 672
1147 2 2 0 14 672 683 684
1148 2 2 0 14 672 684 673
1149 2 2 0 14 673 684 685
1150 2 2 0 14 673 685 674
1151 2 2 0 14 674 685 686
1152 2 2 0 14 674 686 675
1153 2 2 0 14 675 686 687
1154 2 2 0 14 675 687 676
1155 2 2 0 14 676 687 688
1156 2 2 0 14 676 688 677
1157 2 2 0 14 677 688 689
1158 2 2 0 14 677 689 678
1159 2 2 0 14 678 689 690
1160 2 2 0 14 678 690 679
1161 2 2 0 14 679 690 691
1162 2 2 0 14 679 691 680
1163 2 2 0 14 680 691 692
1164 2 2 0 14 680 692 681
1165 2 2 0 14 681 692 693
1166 2 2 0 14 681 693 266
1167 2 2 0 14 266 693 265
1168 2 2 0 14 51 52 682
1169 2 2 0 14 682 52 694
1170 2 2 0 14 682 694 683
1171 2 2 0 14 683 694 695
1172 2 2 0 14 683 695 684
1173 2 2 0 14 684 695 696
1174 2 2 0 14 684 696 685
1175 2 2 0 14 685 696 697
1176 2 2 0 14 685 697 686
1177 2 2 0 14 686 697 698
1178 2 2 0 14 686 698 687
1179 2 2 0 14 687 698 699
1180 2 2 0 14 687 699 688
1181 2 2 0 14 688 699 700
1182 2 2 0 14 688 700 689
1183 2 2 0 14 689 700 701
1184 2 2 0 14 689 701 690
1185 2 2 0 14 690 701 702
1186 2 2 0 14 690 702 691
1187 2 2 0 14 691 702 703
1188 2 2 0 14 691 703 692
1189 2 2 0 14 692 703 704
1190 2 2 0 14 692 704 693
1191 2 2 0 14 693 704 705
1192 2 2 0 14 693 705 265
1193 2 2 0 14 265 705 264
1194 2 2 0 14 52 53 694
1195 2 2 0 14 694 53 706
1196 2 2 0 14 694 706 695
1197 2 2 0 14 695 706 707
1198 2 2 0 14 695 707 696
1199 2 2 0 14 696 707 708
1200 2 2 0 14 696 708 697
1201 2 2 0 14 697 708 709
1202 2 2 0 14 697 709 698
1203 2 2 0 14 698 709 710
1204 2 2 0 14 698 710 699
1205 2 2 0 14 699 710 711
1206 2 2 0 14 699 711 700
1207 2 2 0 14 700 711 712
1208 2 2 0 14 700 712 701
1209 2 2 0 14 701 712 713
1210 2 2 0 14 701 713 702
1211 2 2 0 14 702 713 714
1212 2 2 0 14 702 714 703
1213 2 2 0 14 703 714 715
1214 2 2 0 14 703 715 704
1215 2 2 0 14 704 715 716
1216 2 2 0 14 704 716 705
1217 2 2 0 14 705 716 717
1218 2 2 0 14 705 717 264
1219 2 2 0 14 264 717 263
1220 2 2 0 14 53 54 706
1221 2 2 0 14 706 54 718
1222 2 2 0 14 706 718 707
1223 2 2 0 14 707 718 719
1224 2 2 0 14 707 719 708
1225 2 2 0 14 708 719 720
1226 2 2 0 14 708 720 709
1227 2 2 0 14 709 720 721
1228 2 2 0 14 709 721 710
1229 2 2 0 14 710 721 722
1230 2 2 0 14 710 722 711
1231 2 2 0 14 711 722 723
1232 2 2 0 14 711 723 712
1233 2 2 0 14 712 723 724
1234 2 2 0 14 712 724 713
1235 2 2 0 14 713 724 725
1236 2 2 0 14 713 725 714
1237 2 2 0 14 714 725 726
1238 2 2 0 14 714 726 715
1239 2 2 0 14 715 726 727
1240 2 2 0 14 715 727 716
1241 2 2 0 14 716 727 728
1242 2 2 0 14 716 728 717
1243 2 2 0 14 717 728 729
1244 2 2 0 14 717 729 263
1245 2 2 0 14 263 729 262
1246 2 2 0 14 54 55 718
1247 2 2 0 14 718 55 730
1248 2 2 0 14 718 730 719
1249 2 2 0 14 719 730 731
1250 2 2 0 14 719 731 720
1251 2 2 0 14 720 731 732
1252 2 2 0 14 720 732 721
1253 2 2 0 14 721 732 733
1254 2 2 0 14 721 733 722
1255 2 2 0 14 722 733 734
1256 2 2 0 14 722 734 723
1257 2 2 0 14 723 734 735
1258 2 2 0 14 723 735 724
1259 2 2 0 14 724 735 736
1260 2 2 0 14 724 736 725
1261 2 2 0 14 725 736 737
1262 2 2 0 14 725 737 726
1263 2 2 0 14 726 737 738
1264 2 2 0 14 726 738 727
1265 2 2 0 14 727 738 739
1266 2 2 0 14 727 739 728
1267 2 2 0 14 728 739 740
1268 2 2 0 14 728 740 729
1269 2 2 0 14 729 740 741
1270 2 2 0 14 729 741 262
1271 2 2 0 14 262 741 261
1272 2 2 0 14 55 56 730
1273 2 2 0 14 730 56 742
1274 2 2 0 14 730 742 731
1275 2 2 0 14 731 742 743
1276 2 2 0 14 731 743 732
1277 2 2 0 14 732 743 744
1278 2 2 0 14 732 744 733
1279 2 2 0 14 733 744 745
1280 2 2 0 14 733 745 734
1281 2 2 0 14 734 745 746
1282 2 2 0 14 734 746 735
1283 2 2 0 14 735 746 747
1284 2 2 0 14 735 747 736
1285 2 2 0 14 736 747 748
1286 2 2 0 14 736 748 737
1287 2 2 0 14 737 748 749
1288 2 2 0 14 737 749 738
1289 2 2 0 14 738 749 750
1290 2 2 0 14 738 750 739
1291 2 2 0 14 739 750 751
1292 2 2 0 14 739 751 740
1293 2 2 0 14 740 751 752
1294 2 2 0 14 740 752 741
1295 2 2 0 14 741 752 753
1296 2 2 0 14 741 753 261
1297 2 2 0 14 261 753 260
1298 2 2 0 14 56 57 742
1299 2 2 0 14 742 57 754
1300 2 2 0 14 742 754 743
1301 2 2 0 14 743 754 755
1302 2 2 0 14 743 755 744
1303 2 2 0 14 744 755 756
1304 2 2 0 14 744 756 745
1305 2 2 0 14 745 756 757
1306 2 2 0 14 745 757 746
1307 2 2 0 14 746 757 758
1308 2 2 0 14 746 758 747
1309 2 2 0 14 747 758 759
1310 2 2 0 14 747 759 748
1311 2 2 0 14 748 759 760
1312 2 2 0 14 748 760 749
1313 2 2 0 14 749 760 761
1314 2 2 0 14 749 761 750
1315 2 2 0 14 750 761 762
1316 2 2 0 14 750 762 751
1317 2 2 0 14 751 762 763
1318 2 2 0 14 751 763 752
1319 2 2 0 14 752 763 764
1320 2 2 0 14 752 764 753
1321 2 2 0 14 753 764 765
1322 2 2 0 14 753 765 260
1323 2 2 0 14 260 765 259
1324 2 2 0 14 57 58 754
1325 2 2 0 14 754 58 766
1326 2 2 0 14 754 766 755
1327 2 2 0 14 755 766 767
1328 2 2 0 14 755 767 756
1329 2 2 0 14 756 767 768
1330 2 2 0 14 756 768 757
1331 2 2 0 14 757 768 769
1332 2 2 0 14 757 769 758
1333 2 2 0 14 758 769 770
1334 2 2 0 14 758 770 759
1335 2 2 0 14 759 770 771
1336 2 2 0 14 759 771 760
1337 2 2 0 14 760 771 772
1338 2 2 0 14 760 772 761
1339 2 2 0 14 761 772 773
1340 2 2 0 14 761 773 762
1341 2 2 0 14 762 773 774
1342 2 2 0 14 762 774 763
1343 2 2 0 14 763 774 775
1344 2 2 0 14 763 775 764
1345 2 2 0 14 764 775 776
1346 2 2 0 14 764 776 765
1347 2 2 0 14 765 776 777
1348 2 2 0 14 765 777 259
1349 2 2 0 14 259 777 258
1350 2 2 0 14 58 59 766
1351 2 2 0 14 766 59 778
1352 2 2 0 14 766 778 767
1353 2 2 0 14 767 778 779
1354 2 2 0 14 767 779 768
1355 2 2 0 14 768 779 780
1356 2 2 0 14 768 780 769
1357 2 2 0 14 769 780 781
1358 2 2 0 14 769 781 770
1359 2 2 0 14 770 781 782
1360 2 2 0 14 770 782 771
1361 2 2 0 14 771 782 783
1362 2 2 0 14 771 783 772
1363 2 2 0 14 772 783 784
1364 2 2 0 14 772 784 773
1365 2 2 0 14 773 784 785
1366 2 2 0 14 773 785 774
1367 2 2 0 14 774 785 786
1368 2 2 0 14 774 786 775
1369 2 2 0 14 775 786 787
1370 2 2 0 14 775 787 776
1371 2 2 0 14 776 787 788
1372 2 2 0 14 776 788 777
1373 2 2 0 14 777 788 789
1374 2 2 0 14 777 789 258
1375 2 2 0 14 258 789 257
1376 2 2 0 14 59 60 778
1377 2 2 0 14 778 60 790
1378 2 2 0 14 778 790 779
1379 2 2 0 14 779 790 791
1380 2 2 0 14 779 791 780
1381 2 2 0 14 780 791 792
1382 2 2 0 14 780 792 781
1383 2 2 0 14 781 792 793
1384 2 2 0 14 781 793 782
1385 2 2 0 14 782 793 794
1386 2 2 0 14 782 794 783
1387 2 2 0 14 783 794 795
1388 2 2 0 14 783 795 784
1389 2 2 0 14 784 795 796
1390 2 2 0 14 784 796 785
1391 2 2 0 14 785 796 797
1392 2 2 0 14 785 797 786
1393 2 2 0 14 786 797 798
1394 2 2 0 14 786 798 787
1395 2 2 0 14 787 798 799
1396 2 2 0 14 787 799 788
1397 2 2 0 14 788 799 800
1398 2 2 0 14 788 800 789
1399 2 2 0 14 789 800 801
1400 2 2 0 14 789 801 257
1401 2 2 0 14 257 801 256
1402 2 2 0 14 60 61 790
1403 2 2 0 14 790 61 802
1404 2 2 0 14 790 802 791
1405 2 2 0 14 791 802 803
1406 2 2 0 14 791 803 792
1407 2 2 0 14 792 803 804
1408 2 2 0 14 792 804 793
1409 2 2 0 14 793 804 805
1410 2 2 0 14 793 805 794
1411 2 2 0 14 794 805 806
1412 2 2 0 14 794 806 795
1413 2 2 0 14 795 806 807
1414 2 2 0 14 795 807 796
1415 2 2 0 14 796 807 808
1416 2 2 0 14 796 808 797
1417 2 2 0 14 797 808 809
1418 2 2 0 14 797 809 798
1419 2 2 0 14 798 809 810
1420 2 2 0 14 798 810 799
1421 2 2 0 14 799 810 811
1422 2 2 0 14 799 811 800
1423 2 2 0 14 800 811 812
1424 2 2 0 14 800 812 801
1425 2 2 0 14 801 812 813
1426 2 2 0 14 801 813 256
1427 2 2 0 14 256 813 255
1428 2 2 0 14 61 62 802
1429 2 2 0 14 802 62 814
1430 2 2 0 14 802 814 803
1431 2 2 0 14 803 814 815
1432 2 2 0 14 803 815 804
1433 2 2 0 14 804 815 816
1434 2 2 0 14 804 816 805
1435 2 2 0 14 805 816 817
1436 2 2 0 14 805 817 806
1437 2 2 0 14 806 817 818
1438 2 2 0 14 806 818 807
1439 2 2 0 14 807 818 819
1440 2 2 0 14 807 819 808
1441 2 2 0 14 808 819 820
1442 2 2 0 14 808 820 809
1443 2 2 0 14 809 820 821
1444 2 2 0 14 809 821 810
1445 2 2 0 14 810 821 822
1446 2 2 0 14 810 822 811
1447 2 2 0 14 811 822 823
1448 2 2 0 14 811 823 812
1449 2 2 0 14 812 823 824
1450 2 2 0 14 812 824 813
1451 2 2 0 14 813 824 825
1452 2 2 0 14 813 825 255
1453 2 2 0 14 255 825 254
1454 2 2 0 14 62 63 814
1455 2 2 0 14 814 63 826
1456 2 2 0 14 814 826 815
1457 2 2 0 14 815 826 827
1458 2 2 0 14 815 827 816
1459 2 2 0 14 816 827 828
1460 2 2 0 14 816 828 817
1461 2 2 0 14 817 828 829
1462 2 2 0 14 817 829 818
1463 2 2 0 14 818 829 830
1464 2 2 0 14 818 830 819
1465 2 2 0 14 819 830 831
1466 2 2 0 14 819 831 820
1467 2 2 0 14 820 831 832
1468 2 2 0 14 820 832 821
1469 2 2 0 14 821 832 833
1470 2 2 0 14 821 833 822
1471 2 2 0 14 822 833 834
1472 2 2 0 14 822 834 823
1473 2 2 0 14 823 834 835
1474 2 2 0 14 823 835 824
1475 2 2 0 14 824 835 836
1476 2 2 0 14 824 836 825
1477 2 2 0 14 825 836 837
1478 2 2 0 14 825 837 254
1479 2 2 0 14 254 837 253
1480 2 2 0 14 63 64 826
1481 2 2 0 14 826 64 838
1482 2 2 0 14 826 838 827
1483 2 2 0 14 827 838 839
1484 2 2 0 14 827 839 828
1485 2 2 0 14 828 839 840
1486 2 2 0 14 828 840 829
1487 2 2 0 14 829 840 841
1488 2 2 0 14 829 841 830
1489 2 2 0 14 830 841 842
1490 2 2 0 14 830 842 831
1491 2 2 0 14 831 842 843
1492 2 2 0 14 831 843 832
1493 2 2 0 14 832 843 844
1494 2 2 0 14 832 844 833
1495 2 2 0 14 833 844 845
1496 2 2 0 14 833 845 834
1497 2 2 0 14 834 845 846
1498 2 2 0 14 834 846 835
1499 2 2 0 14 835 846 847
1500 2 2 0 14 835 847 836
1501 2 2 0 14 836 847 848
1502 2 2 0 14 836 848 837
1503 2 2 0 14 837 848 849
1504 2 2 0 14 837 849 253
1505 2 2 0 14 253 849 252
1506 2 2 0 14 64 65 838
1507 2 2 0 14 838 65 850
1508 2 2 0 14 838 850 839
1509 2 2 0 14 839 850 851
1510 2 2 0 14 839 851 840
1511 2 2 0 14 840 851 852
1512 2 2 0 14 840 852 841
1513 2 2 0 14 841 852 853
1514 2 2 0 14 841 853 842
1515 2 2 0 14 842 853 854
1516 2 2 0 14 842 854 843
1517 2 2 0 14 843 854 855
1518 2 2 0 14 843 855 844
1519 2 2 0 14 844 855 856
1520 2 2 0 14 844 856 845
1521 2 2 0 14 845 856 857
1522 2 2 0 14 845 857 846
1523 2 2 0 14 846 857 858
1524 2 2 0 14 846 858 847
1525 2 2 0 14 847 858 859
1526 2 2 0 14 847 859 848
1527 2 2 0 14 848 859 860
1528 2 2 0 14 848 860 849
1529 2 2 0 14 849 860 861
1530 2 2 0 14 849 861 252
1531 2 2 0 14 252 861 251
1532 2 2 0 14 65 66 850
1533 2 2 0 14 850 66 862
1534 2 2 0 14 850 862 851
1535 2 2 0 14 851 862 863
1536 2 2 0 14 851 863 852
1537 2 2 0 14 852 863 864
1538 2 2 0 14 852 864 853
1539 2 2 0 14 853 864 865
1540 2 2 0 14 853 865 854
1541 2 2 0 14 854 865 866
1542 2 2 0 14 854 866 855
1543 2 2 0 14 855 866 867
1544 2 2 0 14 855 867 856
1545 2 2 0 14 856 867 868
1546 2 2 0 14 856 868 857
1547 2 2 0 14 857 868 869
1548 2 2 0 14 857 869 858
1549 2 2 0 14 858 869 870
1550 2 2 0 14 858 870 859
1551 2 2 0 14 859 870 871
1552 2 2 0 14 859 871 860
1553 2 2 0 14 860 871 872
1554 2 2 0 14 860 872 861
1555 2 2 0 14 861 872 873
1556 2 2 0 14 861 873 251
1557 2 2 0 14 251 873 250
1558 2 2 0 14 66 67 862
1559 2 2 0 14 862 67 874
1560 2 2 0 14 862 874 863
1561 2 2 0 14 863 874 875
1562 2 2 0 14 863 875 864
1563 2 2 0 14 864 875 876
1564 2 2 0 14 864 876 865
1565 2 2 0 14 865 876 877
1566 2 2 0 14 865 877 866
1567 2 2 0 14 866 877 878
1568 2 2 0 14 866 878 867
1569 2 2 0 14 867 878 879
1570 2 2 0 14 867 879 868
1571 2 2 0 14 868 879 880
1572 2 2 0 14 868 880 869
1573 2 2 0 14 869 880 881
1574 2 2 0 14 869 881 870
1575 2 2 0 14 870 881 882
1576 2 2 0 14 870 882 871
1577 2 2 0 14 871 882 883
1578 2 2 0 14 871 883 872
1579 2 2 0 14 872 883 884
1580 2 2 0 14 872 884 873
1581 2 2 0 14 873 884 885
1582 2 2 0 14 873 885 250
1583 2 2 0 14 250 885 249
1584 2 2 0 14 67 3 874
1585 2 2 0 14 874 3 68
1586 2 2 0 14 874 68 875
1587 2 2 0 14 875 68 69
1588 2 2 0 14 875 69 876
1589 2 2 0 14 876 69 70
1590 2 2 0 14 876 70 877
1591 2 2 0 14 877 70 71
1592 2 2 0 14 877 71 878
1593 2 2 0 14 878 71 72
1594 2 2 0 14 878 72 879
1595 2 2 0 14 879 72 73
1596 2 2 0 14 879 73 880
1597 2 2 0 14 880 73 74
1598 2 2 0 14 880 74 881
1599 2 2 0 14 881 74 75
1600 2 2 0 14 881 75 882
1601 2 2 0 14 882 75 76
1602 2 2 0 14 882 76 883
1603 2 2 0 14 883 76 77
1604 2 2 0 14 883 77 884
1605 2 2 0 14 884 77 78
1606 2 2 0 14 884 78 885
1607 2 2 0 14 885 78 79
1608 2 2 0 14 885 79 249
1609 2 2 0 14 249 79 4
1610 2 2 0 16 4 886 249
1611 2 2 0 16 886 4 80
1612 2 2 0 16 80 887 886
1613 2 2 0 16 887 80 81
1614 2 2 0 16 81 888 887
1615 2 2 0 16 888 81 82
1616 2 2 0 16 82 889 888
1617 2 2 0 16 889 82 83
1618 2 2 0 16 83 890 889
1619 2 2 0 16 890 83 84
1620 2 2 0 16 84 891 890
1621 2 2 0 16 891 84 85
1622 2 2 0 16 85 892 891
1623 2 2 0 16 892 85 86
1624 2 2 0 16 86 893 892
1625 2 2 0 16 893 86 87
1626 2 2 0 16 87 894 893
1627 2 2 0 16 894 87 88
1628 2 2 0 16 88 895 894
1629 2 2 0 16 895 88 89
1630 2 2 0 16 89 896 895
1631 2 2 0 16 896 89 90
1632 2 2 0 16 90 897 896
1633 2 2 0 16 897 90 91
1634 2 2 0 16 91 898 897
1635 2 2 0 16 898 91 92
1636 2 2 0 16 92 899 898
1637 2 2 0 16 899 92 93
1638 2 2 0 16 93 900 899
1639 2 2 0 16 900 93 94
1640 2 2 0 16 94 901 900
1641 2 2 0 16 901 94 95
1642 2 2 0 16 95 902 901
1643 2 2 0 16 902 95 96
1644 2 2 0 16 96 903 902
1645 2 2 0 16 903 96 97
1646 2 2 0 16 97 904 903
1647 2 2 0 16 904 97 98
1648 2 2 0 16 98 905 904
1649 2 2 0 16 905 98 99
1650 2 2 0 16 99 906 905
1651 2 2 0 16 906 99 100
1652 2 2 0 16 100 907 906
1653 2 2 0 16 907 100 101
1654 2 2 0 16 101 908 907
1655 2 2 0 16 908 101 102
1656 2 2 0 16 102 909 908
1657 2 2 0 16 909 102 103
1658 2 2 0 16 103 910 909
1659 2 2 0 16 910 103 104
1660 2 2 0 16 104 911 910
1661 2 2 0 16 911 104 105
1662 2 2 0 16 105 106 911
1663 2 2 0 16 106 105 5
1664 2 2 0 16 249 912 250
1665 2 2 0 16 912 249 886
1666 2 2 0 16 886 913 912
1667 2 2 0 16 913 886 887
1668 2 2 0 16 887 914 913
1669 2 2 0 16 914 887 888
1670 2 2 0 16 888 915 914
1671 2 2 0 16 915 888 889
1672 2 2 0 16 889 916 915
1673 2 2 0 16 916 889 890
1674 2 2 0 16 890 917 916
1675 2 2 0 16 917 890 891
1676 2 2 0 16 891 918 917
1677 2 2 0 16 918 891 892
1678 2 2 0 16 892 919 918
1679 2 2 0 16 919 892 893
1680 2 2 0 16 893 920 919
1681 2 2 0 16 920 893 894
1682 2 2 0 16 894 921 920
1683 2 2 0 16 921 894 895
1684 2 2 0 16 895 922 921
1685 2 2 0 16 922 895 896
1686 2 2 0 16 896 923 922
1687 2 2 0 16 923 896 897
1688 2 2 0 16 897 924 923
1689 2 2 0 16 924 897 898
1690 2 2 0 16 898 925 924
1691 2 2 0 16 925 898 899
1692 2 2 0 16 899 926 925
1693 2 2 0 16 926 899 900
1694 2 2 0 16 900 927 926
1695 2 2 0 16 927 900 901
1696 2 2 0 16 901 928 927
1697 2 2 0 16 928 901 902
1698 2 2 0 16 902 929 928
1699 2 2 0 16 929 902 903
1700 2 2 0 16 903 930 929
1701 2 2 0 16 930 903 904
1702 2 2 0 16 904 931 930
1703 2 2 0 16 931 904 905
1704 2 2 0 16 905 932 931
1705 2 2 0 16 932 905 906
1706 2 2 0 16 906 933 932
1707 2 2 0 16 933 906 907
1708 2 2 0 16 907 934 933
1709 2 2 0 16 934 907 908
1710 2 2 0 16 908 935 934
1711 2 2 0 16 935 908 909
1712 2 2 0 16 909 936 935
1713 2 2 0 16 936 909 910
1714 2 2 0 16 910 937 936
1715 2 2 0 16 937 910 911
1716 2 2 0 16 911 107 937
1717 2 2 0 16 107 911 106
1718 2 2 0 16 250 938 251
1719 2 2 0 16 938 250 912
1720 2 2 0 16 912 939 938
1721 2 2 0 16 939 912 913
1722 2 2 0 16 913 940 939
1723 2 2 0 16 940 913 914
1724 2 2 0 16 914 941 940
1725 2 2 0 16 941 914 915
1726 2 2 0 16 915 942 941
1727 2 2 0 16 942 915 916
1728 2 2 0 16 916 943 942
1729 2 2 0 16 943 916 917
1730 2 2 0 16 917 944 943
1731 2 2 0 16 944 917 918
1732 2 2 0 16 918 945 944
1733 2 2 0 16 945 918 919
1734 2 2 0 16 919 946 945
1735 2 2 0 16 946 919 920
1736 2 2 0 16 920 947 946
1737 2 2 0 16 947 920 921
1738 2 2 0 16 921 948 947
1739 2 2 0 16 948 921 922
1740 2 2 0 16 922 949 948
1741 2 2 0 16 949 922 923
1742 2 2 0 16 923 950 949
1743 2 2 0 16 950 923 924
1744 2 2 0 16 924 951 950
1745 2 2 0 16 951 924 925
1746 2 2 0 16 925 952 951
1747 2 2 0 16 952 925 926
1748 2 2 0 16 926 953 952
1749 2 2 0 16 953 926 927
1750 2 2 0 16 927 954 953
1751 2 2 0 16 954 927 928
1752 2 2 0 16 928 955 954
1753 2 2 0 16 955 928 929
1754 2 2 0 16 929 956 955
1755 2 2 0 16 956 929 930
1756 2 2 0 16 930 957 956
1757 2 2 0 16 957 930 931
1758 2 2 0 16 931 958 957
1759 2 2 0 16 958 931 932
1760 2 2 0 16 932 959 958
1761 2 2 0 16 959 932 933
1762 2 2 0 16 933 960 959
1763 2 2 0 16 960 933 934
1764 2 2 0 16 934 961 960
1765 2 2 0 16 961 934 935
1766 2 2 0 16 935 962 961
1767 2 2 0 16 962 935 936
1768 2 2 0 16 936 963 962
1769 2 2 0 16 963 936 937
1770 2 2 0 16 937 108 963
1771 2 2 0 16 108 937 107
1772 2 2 0 16 251 964 252
1773 2 2 0 16 964 251 938
1774 2 2 0 16 938 965 964
1775 2 2 0 16 965 938 939
1776 2 2 0 16 939 966 965
1777 2 2 0 16 966 939 940
1778 2 2 0 16 940 967 966
1779 2 2 0 16 967 940 941
1780 2 2 0 16 941 968 967
1781 2 2 0 16 968 941 942
1782 2 2 0 16 942 969 968
1783 2 2 0 16 969 942 943
1784 2 2 0 16 943 970 969
1785 2 2 0 16 970 943 944
1786 2 2 0 16 944 971 970
1787 2 2 0 16 971 944 945
1788 2 2 0 16 945 972 971
1789 2 2 0 16 972 945 946
1790 2 2 0 16 946 973 972
1791 2 2 0 16 973 946 947
1792 2 2 0 16 947 974 973
1793 2 2 0 16 974 947 948
1794 2 2 0 16 948 975 974
1795 2 2 0 16 975 948 949
1796 2 2 0 16 949 976 975
1797 2 2 0 16 976 949 950
1798 2 2 0 16 950 977 976
1799 2 2 0 16 977 950 951
1800 2 2 0 16 951 978 977
1801 2 2 0 16 978 951 952
1802 2 2 0 16 952 979 978
1803 2 2 0 16 979 952 953
1804 2 2 0 16 953 980 979
1805 2 2 0 16 980 953 954
1806 2 2 0 16 954 981 980
1807 2 2 0 16 981 954 955
1808 2 2 0 16 955 982 981
1809 2 2 0 16 982 955 956
1810 2 2 0 16 956 983 982
1811 2 2 0 16 983 956 957
1812 2 2 0 16 957 984 983
1813 2 2 0 16 984 957 958
1814 2 2 0 16 958 985 984
1815 2 2 0 16 985 958 959
1816 2 2 0 16 959 986 985
1817 2 2 0 16 986 959 960
1818 2 2 0 16 960 987 986
1819 2 2 0 16 987 960 961
1820 2 2 0 16 961 988 987
1821 2 2 0 16 988 961 962
1822 2 2 0 16 962 989 988
1823 2 2 0 16 989 962 963
1824 2 2 0 16 963 109 989
1825 2 2 0 16 109 963 108
1826 2 2 0 16 252 990 253
1827 2 2 0 16 990 252 964
1828 2 2 0 16 964 991 990
1829 2 2 0 16 991 964 965
1830 2 2 0 16 965 992 991
1831 2 2 0 16 992 965 966
1832 2 2 0 16 966 993 992
1833 2 2 0 16 993 966 967
1834 2 2 0 16 967 994 993
1835 2 2 0 16 994 967 968
1836 2 2 0 16 968 995 994
1837 2 2 0 16 995 968 969
1838 2 2 0 16 969 996 995
1839 2 2 0 16 996 969 970
1840 2 2 0 16 970 997 996
1841 2 2 0 16 997 970 971
1842 2 2 0 16 971 998 997
1843 2 2 0 16 998 971 972
1844 2 2 0 16 972 999 998
1845 2 2 0 16 999 972 973
1846 2 2 0 16 973 1000 999
1847 2 2 0 16 1000 973 974
1848 2 2 0 16 974 1001 1000
1849 2 2 0 16 1001 974 975
1850 2 2 0 16 975 1002 1001
1851 2 2 0 16 1002 975 976
1852 2 2 0 16 976 1003 1002
1853 2 2 0 16 1003 976 977
1854 2 2 0 16 977 1004 1003
1855 2 2 0 16 1004 977 978
1856 2 2 0 16 978 1005 1004
1857 2 2 0 16 1005 978 979
1858 2 2 0 16 979 1006 1005
1859 2 2 0 16 1006 979 980
1860 2 2 0 16 980 1007 1006
1861 2 2 0 16 1007 980 981
1862 2 2 0 16 981 1008 1007
1863 2 2 0 16 1008 981 982
1864 2 2 0 16 982 1009 1008
1865 2 2 0 16 1009 982 983
1866 2 2 0 16 983 1010 1009
1867 2 2 0 16 1010 983 984
1868 2 2 0 16 984 1011 1010
1869 2 2 0 16 1011 984 985
1870 2 2 0 16 985 1012 1011
1871 2 2 0 16 1012 985 986
1872 2 2 0 16 986 1013 1012
1873 2 2 0 16 1013 986 987
1874 2 2 0 16 987 1014 1013
1875 2 2 0 16 1014 987 988
1876 2 2 0 16 988 1015 1014
1877 2 2 0 16 1015 988 989
1878 2 2 0 16 989 110 1015
1879 2 2 0 16 110 989 109
1880 2 2 0 16 253 1016 254
1881 2 2 0 16 1016 253 990
1882 2 2 0 16 990 1017 1016
1883 2 2 0 16 1017 990 991
1884 2 2 0 16 991 1018 1017
1885 2 2 0 16 1018 991 992
1886 2 2 0 16 992 1019 1018
1887 2 2 0 16 1019 992 993
1888 2 2 0 16 993 1020 1019
1889 2 2 0 16 1020 993 994
1890 2 2 0 16 994 1021 1020
1891 2 2 0 16 1021 994 995
1892 2 2 0 16 995 1022 1021
1893 2 2 0 16 1022 995 996
1894 2 2 0 16 996 1023 1022
1895 2 2 0 16 1023 996 997
1896 2 2 0 16 997 1024 1023
1897 2 2 0 16 1024 997 998
1898 2 2 0 16 998 1025 1024
1899 2 2 0 16 1025 998 999
1900 2 2 0 16 999 1026 1025
1901 2 2 0 16 1026 999 1000
1902 2 2 0 16 1000 1027 1026
1903 2 2 0 16 1027 1000 1001
1904 2 2 0 16 1001 1028 1027
1905 2 2 0 16 1028 1001 1002
1906 2 2 0 16 1002 1029 1028
1907 2 2 0 16 1029 1002 1003
1908 2 2 0 16 1003 1030 1029
1909 2 2 0 16 1030 1003 1004
1910 2 2 0 16 1004 1031 1030
1911 2 2 0 16 1031 1004 1005
1912 2 2 0 16 1005 1032 1031
1913 2 2 0 16 1032 1005 1006
1914 2 2 0 16 1006 1033 1032
1915 2 2 0 16 1033 1006 1007
1916 2 2 0 16 1007 1034 1033
1917 2 2 0 16 1034 1007 1008
1918 2 2 0 16 1008 1035 1034
1919 2 2 0 16 1035 1008 1009
1920 2 2 0 16 1009 1036 1035
1921 2 2 0 16 1036 1009 1010
1922 2 2 0 16 1010 1037 1036
1923 2 2 0 16 1037 1010 1011
1924 2 2 0 16 1011 1038 1037
1925 2 2 0 16 1038 1011 1012
1926 2 2 0 16 1012 1039 1038
1927 2 2 0 16 1039 1012 1013
1928 2 2 0 16 1013 1040 1039
1929 2 2 0 16 1040 1013 1014
1930 2 2 0 16 1014 1041 1040
1931 2 2 0 16 1041 1014 1015
1932 2 2 0 16 1015 111 1041
1933 2 2 0 16 111 1015 110
1934 2 2 0 16 254 1042 255
1935 2 2 0 16 1042 254 1016
1936 2 2 0 16 1016 1043 1042
1937 2 2 0 16 1043 1016 1017
1938 2 2 0 16 1017 1044 1043
1939 2 2 0 16 1044 1017 1018
1940 2 2 0 16 1018 1045 1044
1941 2 2 0 16 1045 1018 1019
1942 2 2 0 16 1019 1046 1045
1943 2 2 0 16 1046 1019 1020
1944 2 2 0 16 1020 1047 1046
1945 2 2 0 16 1047 1020 1021
1946 2 2 0 16 1021 1048 1047
1947 2 2 0 16 1048 1021 1022
1948 2 2 0 16 1022 1049 1048
1949 2 2 0 16 1049 1022 1023
1950 2 2 0 16 1023 1050 1049
1951 2 2 0 16 1050 1023 1024
1952 2 2 0 16 1024 1051 1050
1953 2 2 0 16 1051 1024 1025
1954 2 2 0 16 1025 1052 1051
1955 2 2 0 16 1052 1025 1026
1956 2 2 0 16 1026 1053 1052
1957 2 2 0 16 1053 1026 1027
1958 2 2 0 16 1027 1054 1053
1959 2 2 0 16 1054 1027 1028
1960 2 2 0 16 1028 1055 1054
1961 2 2 0 16 1055 1028 1029
1962 2 2 0 16 1029 1056 1055
1963 2 2 0 16 1056 1029 1030
1964 2 2 0 16 1030 1057 1056
1965 2 2 0 16 1057 1030 1031
1966 2 2 0 16 1031 1058 1057
1967 2 2 0 16 1058 1031 1032
1968 2 2 0 16 1032 1059 1058
1969 2 2 0 16 1059 1032 1033
1970 2 2 0 16 1033 1060 1059
1971 2 2 0 16 1060 1033 1034
1972 2 2 0 16 1034 1061 1060
1973 2 2 0 16 1061 1034 1035
1974 2 2 0 16 1035 1062 1061
1975 2 2 0 16 1062 1035 1036
1976 2 2 0 16 1036 1063 1062
1977 2 2 0 16 1063 1036 1037
1978 2 2 0 16 1037 1064 1063
1979 2 2 0 16 1064 1037 1038
1980 2 2 0 16 1038 1065 1064
1981 2 2 0 16 1065 1038 1039
1982 2 2 0 16 1039 1066 1065
1983 2 2 0 16 1066 1039 1040
1984 2 2 0 16 1040 1067 1066
1985 2 2 0 16 1067 1040 1041
1986 2 2 0 16 1041 112 1067
1987 2 2 0 16 112 1041 111
1988 2 2 0 16 255 1068 256
1989 2 2 0 16 1068 255 1042
1990 2 2 0 16 1042 1069 1068
1991 2 2 0 16 1069 1042 1043
1992 2 2 0 16 1043 1070 1069
1993 2 2 0 16 1070 1043 1044
1994 2 2 0 16 1044 1071 1070
1995 2 2 0 16 1071 1044 1045
1996 2 2 0 16 1045 1072 1071
1997 2 2 0 16 1072 1045 1046
1998 2 2 0 16 1046 1073 1072
1999 2 2 0 16 1073 1046 1047
2000 2 2 0 16 1047 1074 1073
2001 2 2 0 16 1074 1047 1048
2002 2 2 0 16 1048 1075 1074
2003 2 2 0 16 1075 1048 1049
2004 2 2 0 16 1049 1076 1075
2005 2 2 0 16 1076 1049 1050
2006 2 2 0 16 1050 1077 1076
2007 2 2 0 16 1077 1050 1051
2008 2 2 0 16 1051 1078 1077
2009 2 2 0 16 1078 1051 1052
2010 2 2 0 16 1052 1079 1078
2011 2 2 0 16 1079 1052 1053
2012 2 2 0 16 1053 1080 1079
2013 2 2 0 16 1080 1053 1054
2014 2 2 0 16 1054 1081 1080
2015 2 2 0 16 1081 1054 1055
2016 2 2 0 16 1055 1082 1081
2017 2 2 0 16 1082 1055 1056
2018 2 2 0 16 1056 1083 1082
2019 2 2 0 16 1083 1056 1057
2020 2 2 0 16 1057 1084 1083
2021 2 2 0 16 1084 1057 1058
2022 2 2 0 16 1058 1085 1084
2023 2 2 0 16 1085 1058 1059
2024 2 2 0 16 1059 1086 1085
2025 2 2 0 16 1086 1059 1060
2026 2 2 0 16 1060 1087 1086
2027 2 2 0 16 1087 1060 1061
2028 2 2 0 16 1061 1088 1087
2029 2 2 0 16 1088 1061 1062
2030 2 2 0 16 1062 1089 1088
2031 2 2 0 16 1089 1062 1063
2032 2 2 0 16 1063 1090 1089
2033 2 2 0 16 1090 1063 1064
2034 2 2 0 16 1064 1091 1090
2035 2 2 0 16 1091 1064 1065
2036 2 2 0 16 1065 1092 1091
2037 2 2 0 16 1092 1065 1066
2038 2 2 0 16 1066 1093 1092
2039 2 2 0 16 1093 1066 1067
2040 2 2 0 16 1067 113 1093
2041 2 2 0 16 113 1067 112
2042 2 2 0 16 256 1094 257
2043 2 2 0 16 1094 256 1068
2044 2 2 0 16 1068 1095 1094
2045 2 2 0 16 1095 1068 1069
2046 2 2 0 16 1069 1096 1095
2047 2 2 0 16 1096 1069 1070
2048 2 2 0 16 1070 1097 1096
2049 2 2 0 16 1097 1070 1071
2050 2 2 0 16 1071 1098 1097
2051 2 2 0 16 1098 1071 1072
2052 2 2 0 16 1072 1099 1098
2053 2 2 0 16 1099 1072 1073
2054 2 2 0 16 1073 1100 1099
2055 2 2 0 16 1100 1073 1074
2056 2 2 0 16 1074 1101 1100
2057 2 2 0 16 1101 1074 1075
2058 2 2 0 16 1075 1102 1101
2059 2 2 0 16 1102 1075 1076
2060 2 2 0 16 1076 1103 1102
2061 2 2 0 16 1103 1076 1077
2062 2 2 0 16 1077 1104 1103
2063 2 2 0 16 1104 1077 1078
2064 2 2 0 16 1078 1105 1104
2065 2 2 0 16 1105 1078 1079
2066 2 2 0 16 1079 1106 1105
2067 2 2 0 16 1106 1079 1080
2068 2 2 0 16 1080 1107 1106
2069 2 2 0 16 1107 1080 1081
2070 2 2 0 16 1081 1108 1107
2071 2 2 0 16 1108 1081 1082
2072 2 2 0 16 1082 1109 1108
2073 2 2 0 16 1109 1082 1083
2074 2 2 0 16 1083 1110 1109
2075 2 2 0 16 1110 1083 1084
2076 2 2 0 16 1084 1111 1110
2077 2 2 0 16 1111 1084 1085
2078 2 2 0 16 1085 1112 1111
2079 2 2 0 16 1112 1085 1086
2080 2 2 0 16 1086 1113 1112
2081 2 2 0 16 1113 1086 1087
2082 2 2 0 16 1087 1114 1113
2083 2 2 0 16 1114 1087 1088
2084 2 2 0 16 1088 1115 1114
2085 2 2 0 16 1115 1088 1089
2086 2 2 0 16 1089 1116 1115
2087 2 2 0 16 1116 1089 1090
2088 2 2 0 16 1090 1117 1116
2089 2 2 0 16 1117 1090 1091
2090 2 2 0 16 1091 1118 1117
2091 2 2 0 16 1118 1091 1092
2092 2 2 0 16 1092 1119 1118
2093 2 2 0 16 1119 1092 1093
2094 2 2 0 16 1093 114 1119
2095 2 2 0 16 114 1093 113
2096 2 2 0 16 257 1120 258
2097 2 2 0 16 1120 257 1094
2098 2 2 0 16 1094 1121 1120
2099 2 2 0 16 1121 1094 1095
2100 2 2 0 16 1095 1122 1121
2101 2 2 0 16 1122 1095 1096
2102 2 2 0 16 1096 1123 1122
2103 2 2 0 16 1123 1096 1097
2104 2 2 0 16 1097 1124 1123
2105 2 2 0 16 1124 1097 1098
2106 2 2 0 16 1098 1125 1124
2107 2 2 0 16 1125 1098 1099
2108 2 2 0 16 1099 1126 1125
2109 2 2 0 16 1126 1099 1100
2110 2 2 0 16 1100 1127 1126
2111 2 2 0 16 1127 1100 1101
2112 2 2 0 16 1101 1128 1127
2113 2 2 0 16 1128 1101 1102
2114 2 2 0 16 1102 1129 1128
2115 2 2 0 16 1129 1102 1103
2116 2 2 0 16 1103 1130 1129
2117 2 2 0 16 1130 1103 1104
2118 2 2 0 16 1104 1131 1130
2119 2 2 0 16 1131 1104 1105
2120 2 2 0 16 1105 1132 1131
2121 2 2 0 16 1132 1105 1106
2122 2 2 0 16 1106 1133 1132
2123 2 2 0 16 1133 1106 1107
2124 2 2 0 16 1107 1134 1133
2125 2 2 0 16 1134 1107 1108
2126 2 2 0 16 1108 1135 1134
2127 2 2 0 16 1135 1108 1109
2128 2 2 0 16 1109 1136 1135
2129 2 2 0 16 1136 1109 1110
2130 2 2 0 16 1110 1137 1136
2131 2 2 0 16 1137 1110 1111
2132 2 2 0 16 1111 1138 1137
2133 2 2 0 16 1138 1111 1112
2134 2 2 0 16 1112 1139 1138
2135 2 2 0 16 1139 1112 1113
2136 2 2 0 16 1113 1140 1139
2137 2 2 0 16 1140 1113 1114
2138 2 2 0 16 1114 1141 1140
2139 2 2 0 16 1141 1114 1115
2140 2 2 0 16 1115 1142 1141
2141 2 2 0 16 1142 1115 1116
2142 2 2 0 16 1116 1143 1142
2143 2 2 0 16 1143 1116 1117
2144 2 2 0 16 1117 1144 1143
2145 2 2 0 16 1144 1117 1118
2146 2 2 0 16 1118 1145 1144
2147 2 2 0 16 1145 1118 1119
2148 2 2 0 16 1119 115 1145
2149 2 2 0 16 115 1119 114
2150 2 2 0 16 258 1146 259
2151 2 2 0 16 1146 258 1120
2152 2 2 0 16 1120 1147 1146
2153 2 2 0 16 1147 1120 1121
2154 2 2 0 16 1121 1148 1147
2155 2 2 0 16 1148 1121 1122
2156 2 2 0 16 1122 1149 1148
2157 2 2 0 16 1149 1122 1123
2158 2 2 0 16 1123 1150 1149
2159 2 2 0 16 1150 1123 1124
2160 2 2 0 16 1124 1151 1150
2161 2 2 0 16 1151 1124 1125
2162 2 2 0 16 1125 1152 1151
2163 2 2 0 16 1152 1125 1126
2164 2 2 0 16 1126 1153 1152
2165 2 2 0 16 1153 1126 1127
2166 2 2 0 16 1127 1154 1153
2167 2 2 0 16 1154 1127 1128
2168 2 2 0 16 1128 1155 1154
2169 2 2 0 16 1155 1128 1129
2170 2 2 0 16 1129 1156 1155
2171 2 2 0 16 1156 1129 1130
2172 2 2 0 16 1130 1157 1156
2173 2 2 0 16 1157 1130 1131
2174 2 2 0 16 1131 1158 1157
2175 2 2 0 16 1158 1131 1132
2176 2 2 0 16 1132 1159 1158
2177 2 2 0 16 1159 1132 1133
2178 2 2 0 16 1133 1160 1159
2179 2 2 0 16 1160 1133 1134
2180 2 2 0 16 1134 1161 1160
2181 2 2 0 16 1161 1134 1135
2182 2 2 0 16 1135 1162 1161
2183 2 2 0 16 1162 1135 1136
2184 2 2 0 16 1136 1163 1162
2185 2 2 0 16 1163 1136 1137
2186 2 2 0 16 1137 1164 1163
2187 2 2 0 16 1164 1137 1138
2188 2 2 0 16 1138 1165 1164
2189 2 2 0 16 1165 1138 1139
2190 2 2 0 16 1139 1166 1165
2191 2 2 0 16 1166 1139 1140
2192 2 2 0 16 1140 1167 1166
2193 2 2 0 16 1167 1140 1141
2194 2 2 0 16 1141 1168 1167
2195 2 2 0 16 1168 1141 1142
2196 2 2 0 16 1142 1169 1168
2197 2 2 0 16 1169 1142 1143
2198 2 2 0 16 1143 1170 1169
2199 2 2 0 16 1170 1143 1144
2200 2 2 0 16 1144 1171 1170
2201 2 2 0 16 1171 1144 1145
2202 2 2 0 16 1145 116 1171
2203 2 2 0 16 116 1145 115
2204 2 2 0 16 259 1172 260
2205 2 2 0 16 1172 259 1146
2206 2 2 0 16 1146 1173 1172
2207 2 2 0 16 1173 1146 1147
2208 2 2 0 16 1147 1174 1173
2209 2 2 0 16 1174 1147 1148
2210 2 2 0 16 1148 1175 1174
2211 2 2 0 16 1175 1148 1149
2212 2 2 0 16 1149 1176 1175
2213 2 2 0 16 1176 1149 1150
2214 2 2 0 16 1150 1177 1176
2215 2 2 0 16 1177 1150 1151
2216 2 2 0 16 1151 1178 1177
2217 2 2 0 16 1178 1151 1152
2218 2 2 0 16 1152 1179 1178
2219 2 2 0 16 1179 1152 1153
2220 2 2 0 16 1153 1180 1179
2221 2 2 0 16 1180 1153 1154
2222 2 2 0 16 1154 1181 1180
2223 2 2 0 16 1181 1154 1155
2224 2 2 0 16 1155 1182 1181
2225 2 2 0 16 1182 1155 1156
2226 2 2 0 16 1156 1183 1182
2227 2 2 0 16 1183 1156 1157
2228 2 2 0 16 1157 1184 1183
2229 2 2 0 16 1184 1157 1158
2230 2 2 0 16 1158 1185 1184
2231 2 2 0 16 1185 1158 1159
2232 2 2 0 16 1159 1186 1185
2233 2 2 0 16 1186 1159 1160
2234 2 2 0 16 1160 1187 1186
2235 2 2 0 16 1187 1160 1161
2236 2 2 0 16 1161 1188 1187
2237 2 2 0 16 1188 1161 1162
2238 2 2 0 16 1162 1189 1188
2239 2 2 0 16 1189 1162 1163
2240 2 2 0 16 1163 1190 1189
2241 2 2 0 16 1190 1163 1164
2242 2 2 0 16 1164 1191 1190
2243 2 2 0 16 1191 1164 1165
2244 2 2 0 16 1165 1192 1191
2245 2 2 0 16 1192 1165 1166
2246 2 2 0 16 1166 1193 1192
2247 2 2 0 16 1193 1166 1167
2248 2 2 0 16 1167 1194 1193
2249 2 2 0 16 1194 1167 1168
2250 2 2 0 16 1168 1195 1194
2251 2 2 0 16 1195 1168 1169
2252 2 2 0 16 1169 1196 1195
2253 2 2 0 16 1196 1169 1170
2254 2 2 0 16 1170 1197 1196
2255 2 2 0 16 1197 1170 1171
2256 2 2 0 16 1171 117 1197
2257 2 2 0 16 117 1171 116
2258 2 2 0 16 260 1198 261
2259 2 2 0 16 1198 260 1172
2260 2 2 0 16 1172 1199 1198
2261 2 2 0 16 1199 1172 1173
2262 2 2 0 16 1173 1200 1199
2263 2 2 0 16 1200 1173 1174
2264 2 2 0 16 1174 1201 1200
2265 2 2 0 16 1201 1174 1175
2266 2 2 0 16 1175 1202 1201
2267 2 2 0 16 1202 1175 1176
2268 2 2 0 16 1176 1203 1202
2269 2 2 0 16 1203 1176 1177
2270 2 2 0 16 1177 1204 1203
2271 2 2 0 16 1204 1177 1178
2272 2 2 0 16 1178 1205 1204
2273 2 2 0 16 1205 1178 1179
2274 2 2 0 16 1179 1206 1205
2275 2 2 0 16 1206 1179 1180
2276 2 2 0 16 1180 1207 1206
2277 2 2 0 16 1207 1180 1181
2278 2 2 0 16 1181 1208 1207
2279 2 2 0 16 1208 1181 1182
2280 2 2 0 16 1182 1209 1208
2281 2 2 0 16 1209 1182 1183
2282 2 2 0 16 1183 1210 1209
2283 2 2 0 16 1210 1183 1184
2284 2 2 0 16 1184 1211 1210
2285 2 2 0 16 1211 1184 1185
2286 2 2 0 16 1185 1212 1211
2287 2 2 0 16 1212 1185 1186
2288 2 2 0 16 1186 1213 1212
2289 2 2 0 16 1213 1186 1187
2290 2 2 0 16 1187 1214 1213
2291 2 2 0 16 1214 1187 1188
2292 2 2 0 16 1188 1215 1214
2293 2 2 0 16 1215 1188 1189
2294 2 2 0 16 1189 1216 1215
2295 2 2 0 16 1216 1189 1190
2296 2 2 0 16 1190 1217 1216
2297 2 2 0 16 1217 1190 1191
2298 2 2 0 16 1191 1218 1217
2299 2 2 0 16 1218 1191 1192
2300 2 2 0 16 1192 1219 1218
2301 2 2 0 16 1219 1192 1193
2302 2 2 0 16 1193 1220 1219
2303 2 2 0 16 1220 1193 1194
2304 2 2 0 16 1194 1221 1220
2305 2 2 0 16 1221 1194 1195
2306 2 2 0 16 1195 1222 1221
2307 2 2 0 16 1222 1195 1196
2308 2 2 0 16 1196 1223 1222
2309 2 2 0 16 1223 1196 1197
2310 2 2 0 16 1197 118 1223
2311 2 2 0 16 118 1197 117
2312 2 2 0 16 261 1224 262
2313 2 2 0 16 1224 261 1198
2314 2 2 0 16 1198 1225 1224
2315 2 2 0 16 1225 1198 1199
2316 2 2 0 16 1199 1226 1225
2317 2 2 0 16 1226 1199 1200
2318 2 2 0 16 1200 1227 1226
2319 2 2 0 16 1227 1200 1201
2320 2 2 0 16 1201 1228 1227
2321 2 2 0 16 1228 1201 1202
2322 2 2 0 16 1202 1229 1228
2323 2 2 0 16 1229 1202 1203
2324 2 2 0 16 1203 1230 1229
2325 2 2 0 16 1230 1203 1204
2326 2 2 0 16 1204 1231 1230
2327 2 2 0 16 1231 1204 1205
2328 2 2 0 16 1205 1232 1231
2329 2 2 0 16 1232 1205 1206
2330 2 2 0 16 1206 1233 1232
2331 2 2 0 16 1233 1206 1207
2332 2 2 0 16 1207 1234 1233
2333 2 2 0 16 1234 1207 1208
2334 2 2 0 16 1208 1235 1234
2335 2 2 0 16 1235 1208 1209
2336 2 2 0 16 1209 1236 1235
2337 2 2 0 16 1236 1209 1210
2338 2 2 0 16 1210 1237 1236
2339 2 2 0 16 1237 1210 1211
2340 2 2 0 16 1211 1238 1237
2341 2 2 0 16 1238 1211 1212
2342 2 2 0 16 1212 1239 1238
2343 2 2 0 16 1239 1212 1213
2344 2 2 0 16 1213 1240 1239
2345 2 2 0 16 1240 1213 1214
2346 2 2 0 16 1214 1241 1240
2347 2 2 0 16 1241 1214 1215
2348 2 2 0 16 1215 1242 1241
2349 2 2 0 16 1242 1215 1216
2350 2 2 0 16 1216 1243 1242
2351 2 2 0 16 1243 1216 1217
2352 2 2 0 16 1217 1244 1243
2353 2 2 0 16 1244 1217 1218
2354 2 2 0 16 1218 1245 1244
2355 2 2 0 16 1245 1218 1219
2356 2 2 0 16 1219 1246 1245
2357 2 2 0 16 1246 1219 1220
2358 2 2 0 16 1220 1247 1246
2359 2 2 0 16 1247 1220 1221
2360 2 2 0 16 1221 1248 1247
2361 2 2 0 16 1248 1221 1222
2362 2 2 0 16 1222 1249 1248
2363 2 2 0 16 1249 1222 1223
2364 2 2 0 16 1223 119 1249
2365 2 2 0 16 119 1223 118
2366 2 2 0 16 262 1250 263
2367 2 2 0 16 1250 262 1224
2368 2 2 0 16 1224 1251 1250
2369 2 2 0 16 1251 1224 1225
2370 2 2 0 16 1225 1252 1251
2371 2 2 0 16 1252 1225 1226
2372 2 2 0 16 1226 1253 1252
2373 2 2 0 16 1253 1226 1227
2374 2 2 0 16 1227 1254 1253
2375 2 2 0 16 1254 1227 1228
2376 2 2 0 16 1228 1255 1254
2377 2 2 0 16 1255 1228 1229
2378 2 2 0 16 1229 1256 1255
2379 2 2 0 16 1256 1229 1230
2380 2 2 0 16 1230 1257 1256
2381 2 2 0 16 1257 1230 1231
2382 2 2 0 16 1231 1258 1257
2383 2 2 0 16 1258 1231 1232
2384 2 2 0 16 1232 1259 1258
2385 2 2 0 16 1259 1232 1233
2386 2 2 0 16 1233 1260 1259
2387 2 2 0 16 1260 1233 1234
2388 2 2 0 16 1234 1261 1260
2389 2 2 0 16 1261 1234 1235
2390 2 2 0 16 1235 1262 1261
2391 2 2 0 16 1262 1235 1236
2392 2 2 0 16 1236 1263 1262
2393 2 2 0 16 1263 1236 1237
2394 2 2 0 16 1237 1264 1263
2395 2 2 0 16 1264 1237 1238
2396 2 2 0 16 1238 1265 1264
2397 2 2 0 16 1265 1238 1239
2398 2 2 0 16 1239 1266 1265
2399 2 2 0 16 1266 1239 1240
2400 2 2 0 16 1240 1267 1266
2401 2 2 0 16 1267 1240 1241
2402 2 2 0 16 1241 1268 1267
2403 2 2 0 16 1268 1241 1242
2404 2 2 0 16 1242 1269 1268
2405 2 2 0 16 1269 1242 1243
2406 2 2 0 16 1243 1270 1269
2407 2 2 0 16 1270 1243 1244
2408 2 2 0 16 1244 1271 1270
2409 2 2 0 16 1271 1244 1245
2410 2 2 0 16 1245 1272 1271
2411 2 2 0 16 1272 1245 1246
2412 2 2 0 16 1246 1273 1272
2413 2 2 0 16 1273 1246 1247
2414 2 2 0 16 1247 1274 1273
2415 2 2 0 16 1274 1247 1248
2416 2 2 0 16 1248 1275 1274
2417 2 2 0 16 1275 1248 1249
2418 2 2 0 16 1249 120 1275
2419 2 2 0 16 120 1249 119
2420 2 2 0 16 263 1276 264
2421 2 2 0 16 1276 263 1250
2422 2 2 0 16 1250 1277 1276
2423 2 2 0 16 1277 1250 1251
2424 2 2 0 16 1251 1278 1277
2425 2 2 0 16 1278 1251 1252
2426 2 2 0 16 1252 1279 1278
2427 2 2 0 16 1279 1252 1253
2428 2 2 0 16 1253 1280 1279
2429 2 2 0 16 1280 1253 1254
2430 2 2 0 16 1254 1281 1280
2431 2 2 0 16 1281 1254 1255
2432 2 2 0 16 1255 1282 1281
2433 2 2 0 16 1282 1255 1256
2434 2 2 0 16 1256 1283 1282
2435 2 2 0 16 1283 1256 1257
2436 2 2 0 16 1257 1284 1283
2437 2 2 0 16 1284 1257 1258
2438 2 2 0 16 1258 1285 1284
2439 2 2 0 16 1285 1258 1259
2440 2 2 0 16 1259 1286 1285
2441 2 2 0 16 1286 1259 1260
2442 2 2 0 16 1260 1287 1286
2443 2 2 0 16 1287 1260 1261
2444 2 2 0 16 1261 1288 1287
2445 2 2 0 16 1288 1261 1262
2446 2 2 0 16 1262 1289 1288
2447 2 2 0 16 1289 1262 1263
2448 2 2 0 16 1263 1290 1289
2449 2 2 0 16 1290 1263 1264
2450 2 2 0 16 1264 1291 1290
2451 2 2 0 16 1291 1264 1265
2452 2 2 0 16 1265 1292 1291
2453 2 2 0 16 1292 1265 1266
2454 2 2 0 16 1266 1293 1292
2455 2 2 0 16 1293 1266 1267
2456 2 2 0 16 1267 1294 1293
2457 2 2 0 16 1294 1267 1268
2458 2 2 0 16 1268 1295 1294
2459 2 2 0 16 1295 1268 1269
2460 2 2 0 16 1269 1296 1295
2461 2 2 0 16 1296 1269 1270
2462 2 2 0 16 1270 1297 1296
2463 2 2 0 16 1297 1270 1271
2464 2 2 0 16 1271 1298 1297
2465 2 2 0 16 1298 1271 1272
2466 2 2 0 16 1272 1299 1298
2467 2 2 0 16 1299 1272 1273
2468 2 2 0 16 1273 1300 1299
2469 2 2 0 16 1300 1273 1274
2470 2 2 0 16 1274 1301 1300
2471 2 2 0 16 1301 1274 1275
2472 2 2 0 16 1275 121 1301
2473 2 2 0 16 121 1275 120
2474 2 2 0 16 264 1302 265
2475 2 2 0 16 1302 264 1276
2476 2 2 0 16 1276 1303 1302
2477 2 2 0 16 1303 1276 1277
2478 2 2 0 16 1277 1304 1303
2479 2 2 0 16 1304 1277 1278
2480 2 2 0 16 1278 1305 1304
2481 2 2 0 16 1305 1278 1279
2482 2 2 0 16 1279 1306 1305
2483 2 2 0 16 1306 1279 1280
2484 2 2 0 16 1280 1307 1306
2485 2 2 0 16 1307 1280 1281
2486 2 2 0 16 1281 1308 1307
2487 2 2 0 16 1308 1281 1282
2488 2 2 0 16 1282 1309 1308
2489 2 2 0 16 1309 1282 1283
2490 2 2 0 16 1283 1310 1309
2491 2 2 0 16 1310 1283 1284
2492 2 2 0 16 1284 1311 1310
2493 2 2 0 16 1311 1284 1285
2494 2 2 0 16 1285 1312 1311
2495 2 2 0 16 1312 1285 1286
2496 2 2 0 16 1286 1313 1312
2497 2 2 0 16 1313 1286 1287
2498 2 2 0 16 1287 1314 1313
2499 2 2 0 16 1314 1287 1288
2500 2 2 0 16 1288 1315 1314
2501 2 2 0 16 1315 1288 1289
2502 2 2 0 16 1289 1316 1315
2503 2 2 0 16 1316 1289 1290
2504 2 2 0 16 1290 1317 1316
2505 2 2 0 16 1317 1290 1291
2506 2 2 0 16 1291 1318 1317
2507 2 2 0 16 1318 1291 1292
2508 2 2 0 16 1292 1319 1318
2509 2 2 0 16 1319 1292 1293
2510 2 2 0 16 1293 1320 1319
2511 2 2 0 16 1320 1293 1294
2512 2 2 0 16 1294 1321 1320
2513 2 2 0 16 1321 1294 1295
2514 2 2 0 16 1295 1322 1321
2515 2 2 0 16 1322 1295 1296
2516 2 2 0 16 1296 1323 1322
2517 2 2 0 16 1323 1296 1297
2518 2 2 0 16 1297 1324 1323
2519 2 2 0 16 1324 1297 1298
2520 2 2 0 16 1298 1325 1324
2521 2 2 0 16 1325 1298 1299
2522 2 2 0 16 1299 1326 1325
2523 2 2 0 16 1326 1299 1300
2524 2 2 0 16 1300 1327 1326
2525 2 2 0 16 1327 1300 1301
2526 2 2 0 16 1301 122 1327
2527 2 2 0 16 122 1301 121
2528 2 2 0 16 265 1328 266
2529 2 2 0 16 1328 265 1302
2530 2 2 0 16 1302 1329 1328
2531 2 2 0 16 1329 1302 1303
2532 2 2 0 16 1303 1330 1329
2533 2 2 0 16 1330 1303 1304
2534 2 2 0 16 1304 1331 1330
2535 2 2 0 16 1331 1304 1305
2536 2 2 0 16 1305 1332 1331
2537 2 2 0 16 1332 1305 1306
2538 2 2 0 16 1306 1333 1332
2539 2 2 0 16 1333 1306 1307
2540 2 2 0 16 1307 1334 1333
2541 2 2 0 16 1334 1307 1308
2542 2 2 0 16 1308 1335 1334
2543 2 2 0 16 1335 1308 1309
2544 2 2 0 16 1309 1336 1335
2545 2 2 0 16 1336 1309 1310
2546 2 2 0 16 1310 1337 1336
2547 2 2 0 16 1337 1310 1311
2548 2 2 0 16 1311 1338 1337
2549 2 2 0 16 1338 1311 1312
2550 2 2 0 16 1312 1339 1338
2551 2 2 0 16 1339 1312 1313
2552 2 2 0 16 1313 1340 1339
2553 2 2 0 16 1340 1313 1314
2554 2 2 0 16 1314 1341 1340
2555 2 2 0 16 1341 1314 1315
2556 2 2 0 16 1315 1342 1341
2557 2 2 0 16 1342 1315 1316
2558 2 2 0 16 1316 1343 1342
2559 2 2 0 16 1343 1316 1317
2560 2 2 0 16 1317 1344 1343
2561 2 2 0 16 1344 1317 1318
2562 2 2 0 16 1318 1345 1344
2563 2 2 0 16 1345 1318 1319
2564 2 2 0 16 1319 1346 1345
2565 2 2 0 16 1346 1319 1320
2566 2 2 0 16 1320 1347 1346
2567 2 2 0 16 1347 1320 1321
2568 2 2 0 16 1321 1348 1347
2569 2 2 0 16 1348 1321 1322
2570 2 2 0 16 1322 1349 1348
2571 2 2 0 16 1349 1322 1323
2572 2 2 0 16 1323 1350 1349
2573 2 2 0 16 1350 1323 1324
2574 2 2 0 16 1324 1351 1350
2575 2 2 0 16 1351 1324 1325
2576 2 2 0 16 1325 1352 1351
2577 2 2 0 16 1352 1325 1326
2578 2 2 0 16 1326 1353 1352
2579 2 2 0 16 1353 1326 1327
2580 2 2 0 16 1327 123 1353
2581 2 2 0 16 123 1327 122
2582 2 2 0 16 266 1354 267
2583 2 2 0 16 1354 266 1328
2584 2 2 0 16 1328 1355 1354
2585 2 2 0 16 1355 1328 1329
2586 2 2 0 16 1329 1356 1355
2587 2 2 0 16 1356 1329 1330
2588 2 2 0 16 1330 1357 1356
2589 2 2 0 16 1357 1330 1331
2590 2 2 0 16 1331 1358 1357
2591 2 2 0 16 1358 1331 1332
2592 2 2 0 16 1332 1359 1358
2593 2 2 0 16 1359 1332 1333
2594 2 2 0 16 1333 1360 1359
2595 2 2 0 16 1360 1333 1334
2596 2 2 0 16 1334 1361 1360
2597 2 2 0 16 1361 1334 1335
2598 2 2 0 16 1335 1362 1361
2599 2 2 0 16 1362 1335 1336
2600 2 2 0 16 1336 1363 1362
2601 2 2 0 16 1363 1336 1337
2602 2 2 0 16 1337 1364 1363
2603 2 2 0 16 1364 1337 1338
2604 2 2 0 16 1338 1365 1364
2605 2 2 0 16 1365 1338 1339
2606 2 2 0 16 1339 1366 1365
2607 2 2 0 16 1366 1339 1340
2608 2 2 0 16 1340 1367 1366
2609 2 2 0 16 1367 1340 1341
2610 2 2 0 16 1341 1368 1367
2611 2 2 0 16 1368 1341 1342
2612 2 2 0 16 1342 1369 1368
2613 2 2 0 16 1369 1342 1343
2614 2 2 0 16 1343 1370 1369
2615 2 2 0 16 1370 1343 1344
2616 2 2 0 16 1344 1371 1370
2617 2 2 0 16 1371 1344 1345
2618 2 2 0 16 1345 1372 1371
2619 2 2 0 16 1372 1345 1346
2620 2 2 0 16 1346 1373 1372
2621 2 2 0 16 1373 1346 1347
2622 2 2 0 16 1347 1374 1373
2623 2 2 0 16 1374 1347 1348
2624 2 2 0 16 1348 1375 1374
2625 2 2 0 16 1375 1348 1349
2626 2 2 0 16 1349 1376 1375
2627 2 2 0 16 1376 1349 1350
2628 2 2 0 16 1350 1377 1376
2629 2 2 0 16 1377 1350 1351
2630 2 2 0 16 1351 1378 1377
2631 2 2 0 16 1378 1351 1352
2632 2 2 0 16 1352 1379 1378
2633 2 2 0 16 1379 1352 1353
2634 2 2 0 16 1353 124 1379
2635 2 2 0 16 124 1353 123
2636 2 2 0 16 267 1380 268
2637 2 2 0 16 1380 267 1354
2638 2 2 0 16 1354 1381 1380
2639 2 2 0 16 1381 1354 1355
2640 2 2 0 16 1355 1382 1381
2641 2 2 0 16 1382 1355 1356
2642 2 2 0 16 1356 1383 1382
2643 2 2 0 16 1383 1356 1357
2644 2 2 0 16 1357 1384 1383
2645 2 2 0 16 1384 1357 1358
2646 2 2 0 16 1358 1385 1384
2647 2 2 0 16 1385 1358 1359
2648 2 2 0 16 1359 1386 1385
2649 2 2 0 16 1386 1359 1360
2650 2 2 0 16 1360 1387 1386
2651 2 2 0 16 1387 1360 1361
2652 2 2 0 16 1361 1388 1387
2653 2 2 0 16 1388 1361 1362
2654 2 2 0 16 1362 1389 1388
2655 2 2 0 16 1389 1362 1363
2656 2 2 0 16 1363 1390 1389
2657 2 2 0 16 1390 1363 1364
2658 2 2 0 16 1364 1391 1390
2659 2 2 0 16 1391 1364 1365
2660 2 2 0 16 1365 1392 1391
2661 2 2 0 16 1392 1365 1366
2662 2 2 0 16 1366 1393 1392
2663 2 2 0 16 1393 1366 1367
2664 2 2 0 16 1367 1394 1393
2665 2 2 0 16 1394 1367 1368
2666 2 2 0 16 1368 1395 1394
2667 2 2 0 16 1395 1368 1369
2668 2 2 0 16 1369 1396 1395
2669 2 2 0 16 1396 1369 1370
2670 2 2 0 16 1370 1397 1396
2671 2 2 0 16 1397 1370 1371
2672 2 2 0 16 1371 1398 1397
2673 2 2 0 16 1398 1371 1372
2674 2 2 0 16 1372 1399 1398
2675 2 2 0 16 1399 1372 1373
2676 2 2 0 16 1373 1400 1399
2677 2 2 0 16 1400 1373 1374
2678 2 2 0 16 1374 1401 1400
2679 2 2 0 16 1401 1374 1375
2680 2 2 0 16 1375 1402 1401
2681 2 2 0 16 1402 1375 1376
2682 2 2 0 16 1376 1403 1402
2683 2 2 0 16 1403 1376 1377
2684 2 2 0 16 1377 1404 1403
2685 2 2 0 16 1404 1377 1378
2686 2 2 0 16 1378 1405 1404
2687 2 2 0 16 1405 1378 1379
2688 2 2 0 16 1379 125 1405
2689 2 2 0 16 125 1379 124
2690 2 2 0 16 268 1406 269
2691 2 2 0 16 1406 268 1380
2692 2 2 0 16 1380 1407 1406
2693 2 2 0 16 1407 1380 1381
2694 2 2 0 16 1381 1408 1407
2695 2 2 0 16 1408 1381 1382
2696 2 2 0 16 1382 1409 1408
2697 2 2 0 16 1409 1382 1383
2698 2 2 0 16 1383 1410 1409
2699 2 2 0 16 1410 1383 1384
2700 2 2 0 16 1384 1411 1410
2701 2 2 0 16 1411 1384 1385
2702 2 2 0 16 1385 1412 1411
2703 2 2 0 16 1412 1385 1386
2704 2 2 0 16 1386 1413 1412
2705 2 2 0 16 1413 1386 1387
2706 2 2 0 16 1387 1414 1413
2707 2 2 0 16 1414 1387 1388
2708 2 2 0 16 1388 1415 1414
2709 2 2 0 16 1415 1388 1389
2710 2 2 0 16 1389 1416 1415
2711 2 2 0 16 1416 1389 1390
2712 2 2 0 16 1390 1417 1416
2713 2 2 0 16 1417 1390 1391
2714 2 2 0 16 1391 1418 1417
2715 2 2 0 16 1418 1391 1392
2716 2 2 0 16 1392 1419 1418
2717 2 2 0 16 1419 1392 1393
2718 2 2 0 16 1393 1420 1419
2719 2 2 0 16 1420 1393 1394
2720 2 2 0 16 1394 1421 1420
2721 2 2 0 16 1421 1394 1395
2722 2 2 0 16 1395 1422 1421
2723 2 2 0 16 1422 1395 1396
2724 2 2 0 16 1396 1423 1422
2725 2 2 0 16 1423 1396 1397
2726 2 2 0 16 1397 1424 1423
2727 2 2 0 16 1424 1397 1398
2728 2 2 0 16 1398 1425 1424
2729 2 2 0 16 1425 1398 1399
2730 2 2 0 16 1399 1426 1425
2731 2 2 0 16 1426 1399 1400
2732 2 2 0 16 1400 1427 1426
2733 2 2 0 16 1427 1400 1401
2734 2 2 0 16 1401 1428 1427
2735 2 2 0 16 1428 1401 1402
2736 2 2 0 16 1402 1429 1428
2737 2 2 0 16 1429 1402 1403
2738 2 2 0 16 1403 1430 1429
2739 2 2 0 16 1430 1403 1404
2740 2 2 0 16 1404 1431 1430
2741 2 2 0 16 1431 1404 1405
2742 2 2 0 16 1405 126 1431
2743 2 2 0 16 126 1405 125
2744 2 2 0 16 269 1432 270
2745 2 2 0 16 1432 269 1406
2746 2 2 0 16 1406 1433 1432
2747 2 2 0 16 1433 1406 1407
2748 2 2 0 16 1407 1434 1433
2749 2 2 0 16 1434 1407 1408
2750 2 2 0 16 1408 1435 1434
2751 2 2 0 16 1435 1408 1409
2752 2 2 0 16 1409 1436 1435
2753 2 2 0 16 1436 1409 1410
2754 2 2 0 16 1410 1437 1436
2755 2 2 0 16 1437 1410 1411
2756 2 2 0 16 1411 1438 1437
2757 2 2 0 16 1438 1411 1412
2758 2 2 0 16 1412 1439 1438
2759 2 2 0 16 1439 1412 1413
2760 2 2 0 16 1413 1440 1439
2761 2 2 0 16 1440 1413 1414
2762 2 2 0 16 1414 1441 1440
2763 2 2 0 16 1441 1414 1415
2764 2 2 0 16 1415 1442 1441
2765 2 2 0 16 1442 1415 1416
2766 2 2 0 16 1416 1443 1442
2767 2 2 0 16 1443 1416 1417
2768 2 2 0 16 1417 1444 1443
2769 2 2 0 16 1444 1417 1418
2770 2 2 0 16 1418 1445 1444
2771 2 2 0 16 1445 1418 1419
2772 2 2 0 16 1419 1446 1445
2773 2 2 0 16 1446 1419 1420
2774 2 2 0 16 1420 1447 1446
2775 2 2 0 16 1447 1420 1421
2776 2 2 0 16 1421 1448 1447
2777 2 2 0 16 1448 1421 1422
2778 2 2 0 16 1422 1449 1448
2779 2 2 0 16 1449 1422 1423
2780 2 2 0 16 1423 1450 1449
2781 2 2 0 16 1450 1423 1424
2782 2 2 0 16 1424 1451 1450
2783 2 2 0 16 1451 1424 1425
2784 2 2 0 16 1425 1452 1451
2785 2 2 0 16 1452 1425 1426
2786 2 2 0 16 1426 1453 1452
2787 2 2 0 16 1453 1426 1427
2788 2 2 0 16 1427 1454 1453
2789 2 2 0 16 1454 1427 1428
2790 2 2 0 16 1428 1455 1454
2791 2 2 0 16 1455 1428 1429
2792 2 2 0 16 1429 1456 1455
2793 2 2 0 16 1456 1429 1430
2794 2 2 0 16 1430 1457 1456
2795 2 2 0 16 1457 1430 1431
2796 2 2 0 16 1431 127 1457
2797 2 2 0 16 127 1431 126
2798 2 2 0 16 270 1458 271
2799 2 2 0 16 1458 270 1432
2800 2 2 0 16 1432 1459 1458
2801 2 2 0 16 1459 1432 1433
2802 2 2 0 16 1433 1460 1459
2803 2 2 0 16 1460 1433 1434
2804 2 2 0 16 1434 1461 1460
2805 2 2 0 16 1461 1434 1435
2806 2 2 0 16 1435 1462 1461
2807 2 2 0 16 1462 1435 1436
2808 2 2 0 16 1436 1463 1462
2809 2 2 0 16 1463 1436 1437
2810 2 2 0 16 1437 1464 1463
2811 2 2 0 16 1464 1437 1438
2812 2 2 0 16 1438 1465 1464
2813 2 2 0 16 1465 1438 1439
2814 2 2 0 16 1439 1466 1465
2815 2 2 0 16 1466 1439 1440
2816 2 2 0 16 1440 1467 1466
2817 2 2 0 16 1467 1440 1441
2818 2 2 0 16 1441 1468 1467
2819 2 2 0 16 1468 1441 1442
2820 2 2 0 16 1442 1469 1468
2821 2 2 0 16 1469 1442 1443
2822 2 2 0 16 1443 1470 1469
2823 2 2 0 16 1470 1443 1444
2824 2 2 0 16 1444 1471 1470
2825 2 2 0 16 1471 1444 1445
2826 2 2 0 16 1445 1472 1471
2827 2 2 0 16 1472 1445 1446
2828 2 2 0 16 1446 1473 1472
2829 2 2 0 16 1473 1446 1447
2830 2 2 0 16 1447 1474 1473
2831 2 2 0 16 1474 1447 1448
2832 2 2 0 16 1448 1475 1474
2833 2 2 0 16 1475 1448 1449
2834 2 2 0 16 1449 1476 1475
2835 2 2 0 16 1476 1449 1450
2836 2 2 0 16 1450 1477 1476
2837 2 2 0 16 1477 1450 1451
2838 2 2 0 16 1451 1478 1477
2839 2 2 0 16 1478 1451 1452
2840 2 2 0 16 1452 1479 1478
2841 2 2 0 16 1479 1452 1453
2842 2 2 0 16 1453 1480 1479
2843 2 2 0 16 1480 1453 1454
2844 2 2 0 16 1454 1481 1480
2845 2 2 0 16 1481 1454 1455
2846 2 2 0 16 1455 1482 1481
2847 2 2 0 16 1482 1455 1456
2848 2 2 0 16 1456 1483 1482
2849 2 2 0 16 1483 1456 1457
2850 2 2 0 16 1457 128 1483
2851 2 2 0 16 128 1457 127
2852 2 2 0 16 271 1484 272
2853 2 2 0 16 1484 271 1458
2854 2 2 0 16 1458 1485 1484
2855 2 2 0 16 1485 1458 1459
2856 2 2 0 16 1459 1486 1485
2857 2 2 0 16 1486 1459 1460
2858 2 2 0 16 1460 1487 1486
2859 2 2 0 16 1487 1460 1461
2860 2 2 0 16 1461 1488 1487
2861 2 2 0 16 1488 1461 1462
2862 2 2 0 16 1462 1489 1488
2863 2 2 0 16 1489 1462 1463
2864 2 2 0 16 1463 1490 1489
2865 2 2 0 16 1490 1463 1464
2866 2 2 0 16 1464 1491 1490
2867 2 2 0 16 1491 1464 1465
2868 2 2 0 16 1465 1492 1491
2869 2 2 0 16 1492 1465 1466
2870 2 2 0 16 1466 1493 1492
2871 2 2 0 16 1493 1466 1467
2872 2 2 0 16 1467 1494 1493
2873 2 2 0 16 1494 1467 1468
2874 2 2 0 16 1468 1495 1494
2875 2 2 0 16 1495 1468 1469
2876 2 2 0 16 1469 1496 1495
2877 2 2 0 16 1496 1469 1470
2878 2 2 0 16 1470 1497 1496
2879 2 2 0 16 1497 1470 1471
2880 2 2 0 16 1471 1498 1497
2881 2 2 0 16 1498 1471 1472
2882 2 2 0 16 1472 1499 1498
2883 2 2 0 16 1499 1472 1473
2884 2 2 0 16 1473 1500 1499
2885 2 2 0 16 1500 1473 1474
2886 2 2 0 16 1474 1501 1500
2887 2 2 0 16 1501 1474 1475
2888 2 2 0 16 1475 1502 1501
2889 2 2 0 16 1502 1475 1476
2890 2 2 0 16 1476 1503 1502
2891 2 2 0 16 1503 1476 1477
2892 2 2 0 16 1477 1504 1503
2893 2 2 0 16 1504 1477 1478
2894 2 2 0 16 1478 1505 1504
2895 2 2 0 16 1505 1478 1479
2896 2 2 0 16 1479 1506 1505
2897 2 2 0 16 1506 1479 1480
2898 2 2 0 16 1480 1507 1506
2899 2 2 0 16 1507 1480 1481
2900 2 2 0 16 1481 1508 1507
2901 2 2 0 16 1508 1481 1482
2902 2 2 0 16 1482 1509 1508
2903 2 2 0 16 1509 1482 1483
2904 2 2 0 16 1483 129 1509
2905 2 2 0 16 129 1483 128
2906 2 2 0 16 272 1510 273
2907 2 2 0 16 1510 272 1484
2908 2 2 0 16 1484 1511 1510
2909 2 2 0 16 1511 1484 1485
2910 2 2 0 16 1485 1512 1511
2911 2 2 0 16 1512 1485 1486
2912 2 2 0 16 1486 1513 1512
2913 2 2 0 16 1513 1486 1487
2914 2 2 0 16 1487 1514 1513
2915 2 2 0 16 1514 1487 1488
2916 2 2 0 16 1488 1515 1514
2917 2 2 0 16 1515 1488 1489
2918 2 2 0 16 1489 1516 1515
2919 2 2 0 16 1516 1489 1490
2920 2 2 0 16 1490 1517 1516
2921 2 2 0 16 1517 1490 1491
2922 2 2 0 16 1491 1518 1517
2923 2 2 0 16 1518 1491 1492
2924 2 2 0 16 1492 1519 1518
2925 2 2 0 16 1519 1492 1493
2926 2 2 0 16 1493 1520 1519
2927 2 2 0 16 1520 1493 1494
2928 2 2 0 16 1494 1521 1520
2929 2 2 0 16 1521 1494 1495
2930 2 2 0 16 1495 1522 1521
2931 2 2 0 16 1522 1495 1496
2932 2 2 0 16 1496 1523 1522
2933 2 2 0 16 1523 1496 1497
2934 2 2 0 16 1497 1524 1523
2935 2 2 0 16 1524 1497 1498
2936 2 2 0 16 1498 1525 1524
2937 2 2 0 16 1525 1498 1499
2938 2 2 0 16 1499 1526 1525
2939 2 2 0 16 1526 1499 1500
2940 2 2 0 16 1500 1527 1526
2941 2 2 0 16 1527 1500 1501
2942 2 2 0 16 1501 1528 1527
2943 2 2 0 16 1528 1501 1502
2944 2 2 0 16 1502 1529 1528
2945 2 2 0 16 1529 1502 1503
2946 2 2 0 16 1503 1530 1529
2947 2 2 0 16 1530 1503 1504
2948 2 2 0 16 1504 1531 1530
2949 2 2 0 16 1531 1504 1505
2950 2 2 0 16 1505 1532 1531
2951 2 2 0 16 1532 1505 1506
2952 2 2 0 16 1506 1533 1532
2953 2 2 0 16 1533 1506 1507
2954 2 2 0 16 1507 1534 1533
2955 2 2 0 16 1534 1507 1508
2956 2 2 0 16 1508 1535 1534
2957 2 2 0 16 1535 1508 1509
2958 2 2 0 16 1509 130 1535
2959 2 2 0 16 130 1509 129
2960 2 2 0 16 273 1536 274
2961 2 2 0 16 1536 273 1510
2962 2 2 0 16 1510 1537 1536
2963 2 2 0 16 1537 1510 1511
2964 2 2 0 16 1511 1538 1537
2965 2 2 0 16 1538 1511 1512
2966 2 2 0 16 1512 1539 1538
2967 2 2 0 16 1539 1512 1513
2968 2 2 0 16 1513 1540 1539
2969 2 2 0 16 1540 1513 1514
2970 2 2 0 16 1514 1541 1540
2971 2 2 0 16 1541 1514 1515
2972 2 2 0 16 1515 1542 1541
2973 2 2 0 16 1542 1515 1516
2974 2 2 0 16 1516 1543 1542
2975 2 2 0 16 1543 1516 1517
2976 2 2 0 16 1517 1544 1543
2977 2 2 0 16 1544 1517 1518
2978 2 2 0 16 1518 1545 1544
2979 2 2 0 16 1545 1518 1519
2980 2 2 0 16 1519 1546 1545
2981 2 2 0 16 1546 1519 1520
2982 2 2 0 16 1520 1547 1546
2983 2 2 0 16 1547 1520 1521
2984 2 2 0 16 1521 1548 1547
2985 2 2 0 16 1548 1521 1522
2986 2 2 0 16 1522 1549 1548
2987 2 2 0 16 1549 1522 1523
2988 2 2 0 16 1523 1550 1549
2989 2 2 0 16 1550 1523 1524
2990 2 2 0 16 1524 1551 1550
2991 2 2 0 16 1551 1524 1525
2992 2 2 0 16 1525 1552 1551
2993 2 2 0 16 1552 1525 1526
2994 2 2 0 16 1526 1553 1552
2995 2 2 0 16 1553 1526 1527
2996 2 2 0 16 1527 1554 1553
2997 2 2 0 16 1554 1527 1528
2998 2 2 0 16 1528 1555 1554
2999 2 2 0 16 1555 1528 1529
3000 2 2 0 16 1529 1556 1555
3001 2 2 0 16 1556 1529 1530
3002 2 2 0 16 1530 1557 1556
3003 2 2 0 16 1557 1530 1531
3004 2 2 0 16 1531 1558 1557
3005 2 2 0 16 1558 1531 1532
3006 2 2 0 16 1532 1559 1558
3007 2 2 0 16 1559 1532 1533
3008 2 2 0 16 1533 1560 1559
3009 2 2 0 16 1560 1533 1534
3010 2 2 0 16 1534 1561 1560
3011 2 2 0 16 1561 1534 1535
3012 2 2 0 16 1535 131 1561
3013 2 2 0 16 131 1535 130
3014 2 2 0 16 274 1562 275
3015 2 2 0 16 1562 274 1536
3016 2 2 0 16 1536 1563 1562
3017 2 2 0 16 1563 1536 1537
3018 2 2 0 16 1537 1564 1563
3019 2 2 0 16 1564 1537 1538
3020 2 2 0 16 1538 1565 1564
3021 2 2 0 16 1565 1538 1539
3022 2 2 0 16 1539 1566 1565
3023 2 2 0 16 1566 1539 1540
3024 2 2 0 16 1540 1567 1566
3025 2 2 0 16 1567 1540 1541
3026 2 2 0 16 1541 1568 1567
3027 2 2 0 16 1568 1541 1542
3028 2 2 0 16 1542 1569 1568
3029 2 2 0 16 1569 1542 1543
3030 2 2 0 16 1543 1570 1569
3031 2 2 0 16 1570 1543 1544
3032 2 2 0 16 1544 1571 1570
3033 2 2 0 16 1571 1544 1545
3034 2 2 0 16 1545 1572 1571
3035 2 2 0 16 1572 1545 1546
3036 2 2 0 16 1546 1573 1572
3037 2 2 0 16 1573 1546 1547
3038 2 2 0 16 1547 1574 1573
3039 2 2 0 16 1574 1547 1548
3040 2 2 0 16 1548 1575 1574
3041 2 2 0 16 1575 1548 1549
3042 2 2 0 16 1549 1576 1575
3043 2 2 0 16 1576 1549 1550
3044 2 2 0 16 1550 1577 1576
3045 2 2 0 16 1577 1550 1551
3046 2 2 0 16 1551 1578 1577
3047 2 2 0 16 1578 1551 1552
3048 2 2 0 16 1552 1579 1578
3049 2 2 0 16 1579 1552 1553
3050 2 2 0 16 1553 1580 1579
3051 2 2 0 16 1580 1553 1554
3052 2 2 0 16 1554 1581 1580
3053 2 2 0 16 1581 1554 1555
3054 2 2 0 16 1555 1582 1581
3055 2 2 0 16 1582 1555 1556
3056 2 2 0 16 1556 1583 1582
3057 2 2 0 16 1583 1556 1557
3058 2 2 0 16 1557 1584 1583
3059 2 2 0 16 1584 1557 1558
3060 2 2 0 16 1558 1585 1584
3061 2 2 0 16 1585 1558 1559
3062 2 2 0 16 1559 1586 1585
3063 2 2 0 16 1586 1559 1560
3064 2 2 0 16 1560 1587 1586
3065 2 2 0 16 1587 1560 1561
3066 2 2 0 16 1561 132 1587
3067 2 2 0 16 132 1561 131
3068 2 2 0 16 275 1588 276
3069 2 2 0 16 1588 275 1562
3070 2 2 0 16 1562 1589 1588
3071 2 2 0 16 1589 1562 1563
3072 2 2 0 16 1563 1590 1589
3073 2 2 0 16 1590 1563 1564
3074 2 2 0 16 1564 1591 1590
3075 2 2 0 16 1591 1564 1565
3076 2 2 0 16 1565 1592 1591
3077 2 2 0 16 1592 1565 1566
3078 2 2 0 16 1566 1593 1592
3079 2 2 0 16 1593 1566 1567
3080 2 2 0 16 1567 1594 1593
3081 2 2 0 16 1594 1567 1568
3082 2 2 0 16 1568 1595 1594
3083 2 2 0 16 1595 1568 1569
3084 2 2 0 16 1569 1596 1595
3085 2 2 0 16 1596 1569 1570
3086 2 2 0 16 1570 1597 1596
3087 2 2 0 16 1597 1570 1571
3088 2 2 0 16 1571 1598 1597
3089 2 2 0 16 1598 1571 1572
3090 2 2 0 16 1572 1599 1598
3091 2 2 0 16 1599 1572 1573
3092 2 2 0 16 1573 1600 1599
3093 2 2 0 16 1600 1573 1574
3094 2 2 0 16 1574 1601 1600
3095 2 2 0 16 1601 1574 1575
3096 2 2 0 16 1575 1602 1601
3097 2 2 0 16 1602 1575 1576
3098 2 2 0 16 1576 1603 1602
3099 2 2 0 16 1603 1576 1577
3100 2 2 0 16 1577 1604 1603
3101 2 2 0 16 1604 1577 1578
3102 2 2 0 16 1578 1605 1604
3103 2 2 0 16 1605 1578 1579
3104 2 2 0 16 1579 1606 1605
3105 2 2 0 16 1606 1579 1580
3106 2 2 0 16 1580 1607 1606
3107 2 2 0 16 1607 1580 1581
3108 2 2 0 16 1581 1608 1607
3109 2 2 0 16 1608 1581 1582
3110 2 2 0 16 1582 1609 1608
3111 2 2 0 16 1609 1582 1583
3112 2 2 0 16 1583 1610 1609
3113 2 2 0 16 1610 1583 1584
3114 2 2 0 16 1584 1611 1610
3115 2 2 0 16 1611 1584 1585
3116 2 2 0 16 1585 1612 1611
3117 2 2 0 16 1612 1585 1586
3118 2 2 0 16 1586 1613 1612
3119 2 2 0 16 1613 1586 1587
3120 2 2 0 16 1587 133 1613
3121 2 2 0 16 133 1587 132
3122 2 2 0 16 276 1614 277
3123 2 2 0 16 1614 276 1588
3124 2 2 0 16 1588 1615 1614
3125 2 2 0 16 1615 1588 1589
3126 2 2 0 16 1589 1616 1615
3127 2 2 0 16 1616 1589 1590
3128 2 2 0 16 1590 1617 1616
3129 2 2 0 16 1617 1590 1591
3130 2 2 0 16 1591 1618 1617
3131 2 2 0 16 1618 1591 1592
3132 2 2 0 16 1592 1619 1618
3133 2 2 0 16 1619 1592 1593
3134 2 2 0 16 1593 1620 1619
3135 2 2 0 16 1620 1593 1594
3136 2 2 0 16 1594 1621 1620
3137 2 2 0 16 1621 1594 1595
3138 2 2 0 16 1595 1622 1621
3139 2 2 0 16 1622 1595 1596
3140 2 2 0 16 1596 1623 1622
3141 2 2 0 16 1623 1596 1597
3142 2 2 0 16 1597 1624 1623
3143 2 2 0 16 1624 1597 1598
3144 2 2 0 16 1598 1625 1624
3145 2 2 0 16 1625 1598 1599
3146 2 2 0 16 1599 1626 1625
3147 2 2 0 16 1626 1599 1600
3148 2 2 0 16 1600 1627 1626
3149 2 2 0 16 1627 1600 1601
3150 2 2 0 16 1601 1628 1627
3151 2 2 0 16 1628 1601 1602
3152 2 2 0 16 1602 1629 1628
3153 2 2 0 16 1629 1602 1603
3154 2 2 0 16 1603 1630 1629
3155 2 2 0 16 1630 1603 1604
3156 2 2 0 16 1604 1631 1630
3157 2 2 0 16 1631 1604 1605
3158 2 2 0 16 1605 1632 1631
3159 2 2 0 16 1632 1605 1606
3160 2 2 0 16 1606 1633 1632
3161 2 2 0 16 1633 1606 1607
3162 2 2 0 16 1607 1634 1633
3163 2 2 0 16 1634 1607 1608
3164 2 2 0 16 1608 1635 1634
3165 2 2 0 16 1635 1608 1609
3166 2 2 0 16 1609 1636 1635
3167 2 2 0 16 1636 1609 1610
3168 2 2 0 16 1610 1637 1636
3169 2 2 0 16 1637 1610 1611
3170 2 2 0 16 1611 1638 1637
3171 2 2 0 16 1638 1611 1612
3172 2 2 0 16 1612 1639 1638
3173 2 2 0 16 1639 1612 1613
3174 2 2 0 16 1613 134 1639
3175 2 2 0 16 134 1613 133
3176 2 2 0 16 277 1640 278
3177 2 2 0 16 1640 277 1614
3178 2 2 0 16 1614 1641 1640
3179 2 2 0 16 1641 1614 1615
3180 2 2 0 16 1615 1642 1641
3181 2 2 0 16 1642 1615 1616
3182 2 2 0 16 1616 1643 1642
3183 2 2 0 16 1643 1616 1617
3184 2 2 0 16 1617 1644 1643
3185 2 2 0 16 1644 1617 1618
3186 2 2 0 16 1618 1645 1644
3187 2 2 0 16 1645 1618 1619
3188 2 2 0 16 1619 1646 1645
3189 2 2 0 16 1646 1619 1620
3190 2 2 0 16 1620 1647 1646
3191 2 2 0 16 1647 1620 1621
3192 2 2 0 16 1621 1648 1647
3193 2 2 0 16 1648 1621 1622
3194 2 2 0 16 1622 1649 1648
3195 2 2 0 16 1649 1622 1623
3196 2 2 0 16 1623 1650 1649
3197 2 2 0 16 1650 1623 1624
3198 2 2 0 16 1624 1651 1650
3199 2 2 0 16 1651 1624 1625
3200 2 2 0 16 1625 1652 1651
3201 2 2 0 16 1652 1625 1626
3202 2 2 0 16 1626 1653 1652
3203 2 2 0 16 1653 1626 1627
3204 2 2 0 16 1627 1654 1653
3205 2 2 0 16 1654 1627 1628
3206 2 2 0 16 1628 1655 1654
3207 2 2 0 16 1655 1628 1629
3208 2 2 0 16 1629 1656 1655
3209 2 2 0 16 1656 1629 1630
3210 2 2 0 16 1630 1657 1656
3211 2 2 0 16 1657 1630 1631
3212 2 2 0 16 1631 1658 1657
3213 2 2 0 16 1658 1631 1632
3214 2 2 0 16 1632 1659 1658
3215 2 2 0 16 1659 1632 1633
3216 2 2 0 16 1633 1660 1659
3217 2 2 0 16 1660 1633 1634
3218 2 2 0 16 1634 1661 1660
3219 2 2 0 16 1661 1634 1635
3220 2 2 0 16 1635 1662 1661
3221 2 2 0 16 1662 1635 1636
3222 2 2 0 16 1636 1663 1662
3223 2 2 0 16 1663 1636 1637
3224 2 2 0 16 1637 1664 1663
3225 2 2 0 16 1664 1637 1638
3226 2 2 0 16 1638 1665 1664
3227 2 2 0 16 1665 1638 1639
3228 2 2 0 16 1639 135 1665
3229 2 2 0 16 135 1639 134
3230 2 2 0 16 278 1666 279
3231 2 2 0 16 1666 278 1640
3232 2 2 0 16 1640 1667 1666
3233 2 2 0 16 1667 1640 1641
3234 2 2 0 16 1641 1668 1667
3235 2 2 0 16 1668 1641 1642
3236 2 2 0 16 1642 1669 1668
3237 2 2 0 16 1669 1642 1643
3238 2 2 0 16 1643 1670 1669
3239 2 2 0 16 1670 1643 1644
3240 2 2 0 16 1644 1671 1670
3241 2 2 0 16 1671 1644 1645
3242 2 2 0 16 1645 1672 1671
3243 2 2 0 16 1672 1645 1646
3244 2 2 0 16 1646 1673 1672
3245 2 2 0 16 1673 1646 1647
3246 2 2 0 16 1647 1674 1673
3247 2 2 0 16 1674 1647 1648
3248 2 2 0 16 1648 1675 1674
3249 2 2 0 16 1675 1648 1649
3250 2 2 0 16 1649 1676 1675
3251 2 2 0 16 1676 1649 1650
3252 2 2 0 16 1650 1677 1676
3253 2 2 0 16 1677 1650 1651
3254 2 2 0 16 1651 1678 1677
3255 2 2 0 16 1678 1651 1652
3256 2 2 0 16 1652 1679 1678
3257 2 2 0 16 1679 1652 1653
3258 2 2 0 16 1653 1680 1679
3259 2 2 0 16 1680 1653 1654
3260 2 2 0 16 1654 1681 1680
3261 2 2 0 16 1681 1654 1655
3262 2 2 0 16 1655 1682 1681
3263 2 2 0 16 1682 1655 1656
3264 2 2 0 16 1656 1683 1682
3265 2 2 0 16 1683 1656 1657
3266 2 2 0 16 1657 1684 1683
3267 2 2 0 16 1684 1657 1658
3268 2 2 0 16 1658 1685 1684
3269 2 2 0 16 1685 1658 1659
3270 2 2 0 16 1659 1686 1685
3271 2 2 0 16 1686 1659 1660
3272 2 2 0 16 1660 1687 1686
3273 2 2 0 16 1687 1660 1661
3274 2 2 0 16 1661 1688 1687
3275 2 2 0 16 1688 1661 1662
3276 2 2 0 16 1662 1689 1688
3277 2 2 0 16 1689 1662 1663
3278 2 2 0 16 1663 1690 1689
3279 2 2 0 16 1690 1663 1664
3280 2 2 0 16 1664 1691 1690
3281 2 2 0 16 1691 1664 1665
3282 2 2 0 16 1665 136 1691
3283 2 2 0 16 136 1665 135
3284 2 2 0 16 279 1692 280
3285 2 2 0 16 1692 279 1666
3286 2 2 0 16 1666 1693 1692
3287 2 2 0 16 1693 1666 1667
3288 2 2 0 16 1667 1694 1693
3289 2 2 0 16 1694 1667 1668
3290 2 2 0 16 1668 1695 1694
3291 2 2 0 16 1695 1668 1669
3292 2 2 0 16 1669 1696 1695
3293 2 2 0 16 1696 1669 1670
3294 2 2 0 16 1670 1697 1696
3295 2 2 0 16 1697 1670 1671
3296 2 2 0 16 1671 1698 1697
3297 2 2 0 16 1698 1671 1672
3298 2 2 0 16 1672 1699 1698
3299 2 2 0 16 1699 1672 1673
3300 2 2 0 16 1673 1700 1699
3301 2 2 0 16 1700 1673 1674
3302 2 2 0 16 1674 1701 1700
3303 2 2 0 16 1701 1674 1675
3304 2 2 0 16 1675 1702 1701
3305 2 2 0 16 1702 1675 1676
3306 2 2 0 16 1676 1703 1702
3307 2 2 0 16 1703 1676 1677
3308 2 2 0 16 1677 1704 1703
3309 2 2 0 16 1704 1677 1678
3310 2 2 0 16 1678 1705 1704
3311 2 2 0 16 1705 1678 1679
3312 2 2 0 16 1679 1706 1705
3313 2 2 0 16 1706 1679 1680
3314 2 2 0 16 1680 1707 1706
3315 2 2 0 16 1707 1680 1681
3316 2 2 0 16 1681 1708 1707
3317 2 2 0 16 1708 1681 1682
3318 2 2 0 16 1682 1709 1708
3319 2 2 0 16 1709 1682 1683
3320 2 2 0 16 1683 1710 1709
3321 2 2 0 16 1710 1683 1684
3322 2 2 0 16 1684 1711 1710
3323 2 2 0 16 1711 1684 1685
3324 2 2 0 16 1685 1712 1711
3325 2 2 0 16 1712 1685 1686
3326 2 2 0 16 1686 1713 1712
3327 2 2 0 16 1713 1686 1687
3328 2 2 0 16 1687 1714 1713
3329 2 2 0 16 1714 1687 1688
3330 2 2 0 16 1688 1715 1714
3331 2 2 0 16 1715 1688 1689
3332 2 2 0 16 1689 1716 1715
3333 2 2 0 16 1716 1689 1690
3334 2 2 0 16 1690 1717 1716
3335 2 2 0 16 1717 1690 1691
3336 2 2 0 16 1691 137 1717
3337 2 2 0 16 137 1691 136
3338 2 2 0 16 280 1718 281
3339 2 2 0 16 1718 280 1692
3340 2 2 0 16 1692 1719 1718
3341 2 2 0 16 1719 1692 1693
3342 2 2 0 16 1693 1720 1719
3343 2 2 0 16 1720 1693 1694
3344 2 2 0 16 1694 1721 1720
3345 2 2 0 16 1721 1694 1695
3346 2 2 0 16 1695 1722 1721
3347 2 2 0 16 1722 1695 1696
3348 2 2 0 16 1696 1723 1722
3349 2 2 0 16 1723 1696 1697
3350 2 2 0 16 1697 1724 1723
3351 2 2 0 16 1724 1697 1698
3352 2 2 0 16 1698 1725 1724
3353 2 2 0 16 1725 1698 1699
3354 2 2 0 16 1699 1726 1725
3355 2 2 0 16 1726 1699 1700
3356 2 2 0 16 1700 1727 1726
3357 2 2 0 16 1727 1700 1701
3358 2 2 0 16 1701 1728 1727
3359 2 2 0 16 1728 1701 1702
3360 2 2 0 16 1702 1729 1728
3361 2 2 0 16 1729 1702 1703
3362 2 2 0 16 1703 1730 1729
3363 2 2 0 16 1730 1703 1704
3364 2 2 0 16 1704 1731 1730
3365 2 2 0 16 1731 1704 1705
3366 2 2 0 16 1705 1732 1731
3367 2 2 0 16 1732 1705 1706
3368 2 2 0 16 1706 1733 1732
3369 2 2 0 16 1733 1706 1707
3370 2 2 0 16 1707 1734 1733
3371 2 2 0 16 1734 1707 1708
3372 2 2 0 16 1708 1735 1734
3373 2 2 0 16 1735 1708 1709
3374 2 2 0 16 1709 1736 1735
3375 2 2 0 16 1736 1709 1710
3376 2 2 0 16 1710 1737 1736
3377 2 2 0 16 1737 1710 1711
3378 2 2 0 16 1711 1738 1737
3379 2 2 0 16 1738 1711 1712
3380 2 2 0 16 1712 1739 1738
3381 2 2 0 16 1739 1712 1713
3382 2 2 0 16 1713 1740 1739
3383 2 2 0 16 1740 1713 1714
3384 2 2 0 16 1714 1741 1740
3385 2 2 0 16 1741 1714 1715
3386 2 2 0 16 1715 1742 1741
3387 2 2 0 16 1742 1715 1716
3388 2 2 0 16 1716 1743 1742
3389 2 2 0 16 1743 1716 1717
3390 2 2 0 16 1717 138 1743
3391 2 2 0 16 138 1717 137
3392 2 2 0 16 281 1744 282
3393 2 2 0 16 1744 281 1718
3394 2 2 0 16 1718 1745 1744
3395 2 2 0 16 1745 1718 1719
3396 2 2 0 16 1719 1746 1745
3397 2 2 0 16 1746 1719 1720
3398 2 2 0 16 1720 1747 1746
3399 2 2 0 16 1747 1720 1721
3400 2 2 0 16 1721 1748 1747
3401 2 2 0 16 1748 1721 1722
3402 2 2 0 16 1722 1749 1748
3403 2 2 0 16 1749 1722 1723
3404 2 2 0 16 1723 1750 1749
3405 2 2 0 16 1750 1723 1724
3406 2 2 0 16 1724 1751 1750
3407 2 2 0 16 1751 1724 1725
3408 2 2 0 16 1725 1752 1751
3409 2 2 0 16 1752 1725 1726
3410 2 2 0 16 1726 1753 1752
3411 2 2 0 16 1753 1726 1727
3412 2 2 0 16 1727 1754 1753
3413 2 2 0 16 1754 1727 1728
3414 2 2 0 16 1728 1755 1754
3415 2 2 0 16 1755 1728 1729
3416 2 2 0 16 1729 1756 1755
3417 2 2 0 16 1756 1729 1730
3418 2 2 0 16 1730 1757 1756
3419 2 2 0 16 1757 1730 1731
3420 2 2 0 16 1731 1758 1757
3421 2 2 0 16 1758 1731 1732
3422 2 2 0 16 1732 1759 1758
3423 2 2 0 16 1759 1732 1733
3424 2 2 0 16 1733 1760 1759
3425 2 2 0 16 1760 1733 1734
3426 2 2 0 16 1734 1761 1760
3427 2 2 0 16 1761 1734 1735
3428 2 2 0 16 1735 1762 1761
3429 2 2 0 16 1762 1735 1736
3430 2 2 0 16 1736 1763 1762
3431 2 2 0 16 1763 1736 1737
3432 2 2 0 16 1737 1764 1763
3433 2 2 0 16 1764 1737 1738
3434 2 2 0 16 1738 1765 1764
3435 2 2 0 16 1765 1738 1739
3436 2 2 0 16 1739 1766 1765
3437 2 2 0 16 1766 1739 1740
3438 2 2 0 16 1740 1767 1766
3439 2 2 0 16 1767 1740 1741
3440 2 2 0 16 1741 1768 1767
3441 2 2 0 16 1768 1741 1742
3442 2 2 0 16 1742 1769 1768
3443 2 2 0 16 1769 1742 1743
3444 2 2 0 16 1743 139 1769
3445 2 2 0 16 139 1743 138
3446 2 2 0 16 282 1770 283
3447 2 2 0 16 1770 282 1744
3448 2 2 0 16 1744 1771 1770
3449 2 2 0 16 1771 1744 1745
3450 2 2 0 16 1745 1772 1771
3451 2 2 0 16 1772 1745 1746
3452 2 2 0 16 1746 1773 1772
3453 2 2 0 16 1773 1746 1747
3454 2 2 0 16 1747 1774 1773
3455 2 2 0 16 1774 1747 1748
3456 2 2 0 16 1748 1775 1774
3457 2 2 0 16 1775 1748 1749
3458 2 2 0 16 1749 1776 1775
3459 2 2 0 16 1776 1749 1750
3460 2 2 0 16 1750 1777 1776
3461 2 2 0 16 1777 1750 1751
3462 2 2 0 16 1751 1778 1777
3463 2 2 0 16 1778 1751 1752
3464 2 2 0 16 1752 1779 1778
3465 2 2 0 16 1779 1752 1753
3466 2 2 0 16 1753 1780 1779
3467 2 2 0 16 1780 1753 1754
3468 2 2 0 16 1754 1781 1780
3469 2 2 0 16 1781 1754 1755
3470 2 2 0 16 1755 1782 1781
3471 2 2 0 16 1782 1755 1756
3472 2 2 0 16 1756 1783 1782
3473 2 2 0 16 1783 1756 1757
3474 2 2 0 16 1757 1784 1783
3475 2 2 0 16 1784 1757 1758
3476 2 2 0 16 1758 1785 1784
3477 2 2 0 16 1785 1758 1759
3478 2 2 0 16 1759 1786 1785
3479 2 2 0 16 1786 1759 1760
3480 2 2 0 16 1760 1787 1786
3481 2 2 0 16 1787 1760 1761
3482 2 2 0 16 1761 1788 1787
3483 2 2 0 16 1788 1761 1762
3484 2 2 0 16 1762 1789 1788
3485 2 2 0 16 1789 1762 1763
3486 2 2 0 16 1763 1790 1789
3487 2 2 0 16 1790 1763 1764
3488 2 2 0 16 1764 1791 1790
3489 2 2 0 16 1791 1764 1765
3490 2 2 0 16 1765 1792 1791
3491 2 2 0 16 1792 1765 1766
3492 2 2 0 16 1766 1793 1792
3493 2 2 0 16 1793 1766 1767
3494 2 2 0 16 1767 1794 1793
3495 2 2 0 16 1794 1767 1768
3496 2 2 0 16 1768 1795 1794
3497 2 2 0 16 1795 1768 1769
3498 2 2 0 16 1769 140 1795
3499 2 2 0 16 140 1769 139
3500 2 2 0 16 283 1796 284
3501 2 2 0 16 1796 283 1770
3502 2 2 0 16 1770 1797 1796
3503 2 2 0 16 1797 1770 1771
3504 2 2 0 16 1771 1798 1797
3505 2 2 0 16 1798 1771 1772
3506 2 2 0 16 1772 1799 1798
3507 2 2 0 16 1799 1772 1773
3508 2 2 0 16 1773 1800 1799
3509 2 2 0 16 1800 1773 1774
3510 2 2 0 16 1774 1801 1800
3511 2 2 0 16 1801 1774 1775
3512 2 2 0 16 1775 1802 1801
3513 2 2 0 16 1802 1775 1776
3514 2 2 0 16 1776 1803 1802
3515 2 2 0 16 1803 1776 1777
3516 2 2 0 16 1777 1804 1803
3517 2 2 0 16 1804 1777 1778
3518 2 2 0 16 1778 1805 1804
3519 2 2 0 16 1805 1778 1779
3520 2 2 0 16 1779 1806 1805
3521 2 2 0 16 1806 1779 1780
3522 2 2 0 16 1780 1807 1806
3523 2 2 0 16 1807 1780 1781
3524 2 2 0 16 1781 1808 1807
3525 2 2 0 16 1808 1781 1782
3526 2 2 0 16 1782 1809 1808
3527 2 2 0 16 1809 1782 1783
3528 2 2 0 16 1783 1810 1809
3529 2 2 0 16 1810 1783 1784
3530 2 2 0 16 1784 1811 1810
3531 2 2 0 16 1811 1784 1785
3532 2 2 0 16 1785 1812 1811
3533 2 2 0 16 1812 1785 1786
3534 2 2 0 16 1786 1813 1812
3535 2 2 0 16 1813 1786 1787
3536 2 2 0 16 1787 1814 1813
3537 2 2 0 16 1814 1787 1788
3538 2 2 0 16 1788 1815 1814
3539 2 2 0 16 1815 1788 1789
3540 2 2 0 16 1789 1816 1815
3541 2 2 0 16 1816 1789 1790
3542 2 2 0 16 1790 1817 1816
3543 2 2 0 16 1817 1790 1791
3544 2 2 0 16 1791 1818 1817
3545 2 2 0 16 1818 1791 1792
3546 2 2 0 16 1792 1819 1818
3547 2 2 0 16 1819 1792 1793
3548 2 2 0 16 1793 1820 1819
3549 2 2 0 16 1820 1793 1794
3550 2 2 0 16 1794 1821 1820
3551 2 2 0 16 1821 1794 1795
3552 2 2 0 16 1795 141 1821
3553 2 2 0 16 141 1795 140
3554 2 2 0 16 284 1822 285
3555 2 2 0 16 1822 284 1796
3556 2 2 0 16 1796 1823 1822
3557 2 2 0 16 1823 1796 1797
3558 2 2 0 16 1797 1824 1823
3559 2 2 0 16 1824 1797 1798
3560 2 2 0 16 1798 1825 1824
3561 2 2 0 16 1825 1798 1799
3562 2 2 0 16 1799 1826 1825
3563 2 2 0 16 1826 1799 1800
3564 2 2 0 16 1800 1827 1826
3565 2 2 0 16 1827 1800 1801
3566 2 2 0 16 1801 1828 1827
3567 2 2 0 16 1828 1801 1802
3568 2 2 0 16 1802 1829 1828
3569 2 2 0 16 1829 1802 1803
3570 2 2 0 16 1803 1830 1829
3571 2 2 0 16 1830 1803 1804
3572 2 2 0 16 1804 1831 1830
3573 2 2 0 16 1831 1804 1805
3574 2 2 0 16 1805 1832 1831
3575 2 2 0 16 1832 1805 1806
3576 2 2 0 16 1806 1833 1832
3577 2 2 0 16 1833 1806 1807
3578 2 2 0 16 1807 1834 1833
3579 2 2 0 16 1834 1807 1808
3580 2 2 0 16 1808 1835 1834
3581 2 2 0 16 1835 1808 1809
3582 2 2 0 16 1809 1836 1835
3583 2 2 0 16 1836 1809 1810
3584 2 2 0 16 1810 1837 1836
3585 2 2 0 16 1837 1810 1811
3586 2 2 0 16 1811 1838 1837
3587 2 2 0 16 1838 1811 1812
3588 2 2 0 16 1812 1839 1838
3589 2 2 0 16 1839 1812 1813
3590 2 2 0 16 1813 1840 1839
3591 2 2 0 16 1840 1813 1814
3592 2 2 0 16 1814 1841 1840
3593 2 2 0 16 1841 1814 1815
3594 2 2 0 16 1815 1842 1841
3595 2 2 0 16 1842 1815 1816
3596 2 2 0 16 1816 1843 1842
3597 2 2 0 16 1843 1816 1817
3598 2 2 0 16 1817 1844 1843
3599 2 2 0 16 1844 1817 1818
3600 2 2 0 16 1818 1845 1844
3601 2 2 0 16 1845 1818 1819
3602 2 2 0 16 1819 1846 1845
3603 2 2 0 16 1846 1819 1820
3604 2 2 0 16 1820 1847 1846
3605 2 2 0 16 1847 1820 1821
3606 2 2 0 16 1821 142 1847
3607 2 2 0 16 142 1821 141
3608 2 2 0 16 285 1848 286
3609 2 2 0 16 1848 285 1822
3610 2 2 0 16 1822 1849 1848
3611 2 2 0 16 1849 1822 1823
3612 2 2 0 16 1823 1850 1849
3613 2 2 0 16 1850 1823 1824
3614 2 2 0 16 1824 1851 1850
3615 2 2 0 16 1851 1824 1825
3616 2 2 0 16 1825 1852 1851
3617 2 2 0 16 1852 1825 1826
3618 2 2 0 16 1826 1853 1852
3619 2 2 0 16 1853 1826 1827
3620 2 2 0 16 1827 1854 1853
3621 2 2 0 16 1854 1827 1828
3622 2 2 0 16 1828 1855 1854
3623 2 2 0 16 1855 1828 1829
3624 2 2 0 16 1829 1856 1855
3625 2 2 0 16 1856 1829 1830
3626 2 2 0 16 1830 1857 1856
3627 2 2 0 16 1857 1830 1831
3628 2 2 0 16 1831 1858 1857
3629 2 2 0 16 1858 1831 1832
3630 2 2 0 16 1832 1859 1858
3631 2 2 0 16 1859 1832 1833
3632 2 2 0 16 1833 1860 1859
3633 2 2 0 16 1860 1833 1834
3634 2 2 0 16 1834 1861 1860
3635 2 2 0 16 1861 1834 1835
3636 2 2 0 16 1835 1862 1861
3637 2 2 0 16 1862 1835 1836
3638 2 2 0 16 1836 1863 1862
3639 2 2 0 16 1863 1836 1837
3640 2 2 0 16 1837 1864 1863
3641 2 2 0 16 1864 1837 1838
3642 2 2 0 16 1838 1865 1864
3643 2 2 0 16 1865 1838 1839
3644 2 2 0 16 1839 1866 1865
3645 2 2 0 16 1866 1839 1840
3646 2 2 0 16 1840 1867 1866
3647 2 2 0 16 1867 1840 1841
3648 2 2 0 16 1841 1868 1867
3649 2 2 0 16 1868 1841 1842
3650 2 2 0 16 1842 1869 1868
3651 2 2 0 16 1869 1842 1843
3652 2 2 0 16 1843 1870 1869
3653 2 2 0 16 1870 1843 1844
3654 2 2 0 16 1844 1871 1870
3655 2 2 0 16 1871 1844 1845
3656 2 2 0 16 1845 1872 1871
3657 2 2 0 16 1872 1845 1846
3658 2 2 0 16 1846 1873 1872
3659 2 2 0 16 1873 1846 1847
3660 2 2 0 16 1847 143 1873
3661 2 2 0 16 143 1847 142
3662 2 2 0 16 286 1874 287
3663 2 2 0 16 1874 286 1848
3664 2 2 0 16 1848 1875 1874
3665 2 2 0 16 1875 1848 1849
3666 2 2 0 16 1849 1876 1875
3667 2 2 0 16 1876 1849 1850
3668 2 2 0 16 1850 1877 1876
3669 2 2 0 16 1877 1850 1851
3670 2 2 0 16 1851 1878 1877
3671 2 2 0 16 1878 1851 1852
3672 2 2 0 16 1852 1879 1878
3673 2 2 0 16 1879 1852 1853
3674 2 2 0 16 1853 1880 1879
3675 2 2 0 16 1880 1853 1854
3676 2 2 0 16 1854 1881 1880
3677 2 2 0 16 1881 1854 1855
3678 2 2 0 16 1855 1882 1881
3679 2 2 0 16 1882 1855 1856
3680 2 2 0 16 1856 1883 1882
3681 2 2 0 16 1883 1856 1857
3682 2 2 0 16 1857 1884 1883
3683 2 2 0 16 1884 1857 1858
3684 2 2 0 16 1858 1885 1884
3685 2 2 0 16 1885 1858 1859
3686 2 2 0 16 1859 1886 1885
3687 2 2 0 16 1886 1859 1860
3688 2 2 0 16 1860 1887 1886
3689 2 2 0 16 1887 1860 1861
3690 2 2 0 16 1861 1888 1887
3691 2 2 0 16 1888 1861 1862
3692 2 2 0 16 1862 1889 1888
3693 2 2 0 16 1889 1862 1863
3694 2 2 0 16 1863 1890 1889
3695 2 2 0 16 1890 1863 1864
3696 2 2 0 16 1864 1891 1890
3697 2 2 0 16 1891 1864 1865
3698 2 2 0 16 1865 1892 1891
3699 2 2 0 16 1892 1865 1866
3700 2 2 0 16 1866 1893 1892
3701 2 2 0 16 1893 1866 1867
3702 2 2 0 16 1867 1894 1893
3703 2 2 0 16 1894 1867 1868
3704 2 2 0 16 1868 1895 1894
3705 2 2 0 16 1895 1868 1869
3706 2 2 0 16 1869 1896 1895
3707 2 2 0 16 1896 1869 1870
3708 2 2 0 16 1870 1897 1896
3709 2 2 0 16 1897 1870 1871
3710 2 2 0 16 1871 1898 1897
3711 2 2 0 16 1898 1871 1872
3712 2 2 0 16 1872 1899 1898
3713 2 2 0 16 1899 1872 1873
3714 2 2 0 16 1873 144 1899
3715 2 2 0 16 144 1873 143
3716 2 2 0 16 287 1900 288
3717 2 2 0 16 1900 287 1874
3718 2 2 0 16 1874 1901 1900
3719 2 2 0 16 1901 1874 1875
3720 2 2 0 16 1875 1902 1901
3721 2 2 0 16 1902 1875 1876
3722 2 2 0 16 1876 1903 1902
3723 2 2 0 16 1903 1876 1877
3724 2 2 0 16 1877 1904 1903
3725 2 2 0 16 1904 1877 1878
3726 2 2 0 16 1878 1905 1904
3727 2 2 0 16 1905 1878 1879
3728 2 2 0 16 1879 1906 1905
3729 2 2 0 16 1906 1879 1880
3730 2 2 0 16 1880 1907 1906
3731 2 2 0 16 1907 1880 1881
3732 2 2 0 16 1881 1908 1907
3733 2 2 0 16 1908 1881 1882
3734 2 2 0 16 1882 1909 1908
3735 2 2 0 16 1909 1882 1883
3736 2 2 0 16 1883 1910 1909
3737 2 2 0 16 1910 1883 1884
3738 2 2 0 16 1884 1911 1910
3739 2 2 0 16 1911 1884 1885
3740 2 2 0 16 1885 1912 1911
3741 2 2 0 16 1912 1885 1886
3742 2 2 0 16 1886 1913 1912
3743 2 2 0 16 1913 1886 1887
3744 2 2 0 16 1887 1914 1913
3745 2 2 0 16 1914 1887 1888
3746 2 2 0 16 1888 1915 1914
3747 2 2 0 16 1915 1888 1889
3748 2 2 0 16 1889 1916 1915
3749 2 2 0 16 1916 1889 1890
3750 2 2 0 16 1890 1917 1916
3751 2 2 0 16 1917 1890 1891
3752 2 2 0 16 1891 1918 1917
3753 2 2 0 16 1918 1891 1892
3754 2 2 0 16 1892 1919 1918
3755 2 2 0 16 1919 1892 1893
3756 2 2 0 16 1893 1920 1919
3757 2 2 0 16 1920 1893 1894
3758 2 2 0 16 1894 1921 1920
3759 2 2 0 16 1921 1894 1895
3760 2 2 0 16 1895 1922 1921
3761 2 2 0 16 1922 1895 1896
3762 2 2 0 16 1896 1923 1922
3763 2 2 0 16 1923 1896 1897
3764 2 2 0 16 1897 1924 1923
3765 2 2 0 16 1924 1897 1898
3766 2 2 0 16 1898 1925 1924
3767 2 2 0 16 1925 1898 1899
3768 2 2 0 16 1899 145 1925
3769 2 2 0 16 145 1899 144
3770 2 2 0 16 288 1926 289
3771 2 2 0 16 1926 288 1900
3772 2 2 0 16 1900 1927 1926
3773 2 2 0 16 1927 1900 1901
3774 2 2 0 16 1901 1928 1927
3775 2 2 0 16 1928 1901 1902
3776 2 2 0 16 1902 1929 1928
3777 2 2 0 16 1929 1902 1903
3778 2 2 0 16 1903 1930 1929
3779 2 2 0 16 1930 1903 1904
3780 2 2 0 16 1904 1931 1930
3781 2 2 0 16 1931 1904 1905
3782 2 2 0 16 1905 1932 1931
3783 2 2 0 16 1932 1905 1906
3784 2 2 0 16 1906 1933 1932
3785 2 2 0 16 1933 1906 1907
3786 2 2 0 16 1907 1934 1933
3787 2 2 0 16 1934 1907 1908
3788 2 2 0 16 1908 1935 1934
3789 2 2 0 16 1935 1908 1909
3790 2 2 0 16 1909 1936 1935
3791 2 2 0 16 1936 1909 1910
3792 2 2 0 16 1910 1937 1936
3793 2 2 0 16 1937 1910 1911
3794 2 2 0 16 1911 1938 1937
3795 2 2 0 16 1938 1911 1912
3796 2 2 0 16 1912 1939 1938
3797 2 2 0 16 1939 1912 1913
3798 2 2 0 16 1913 1940 1939
3799 2 2 0 16 1940 1913 1914
3800 2 2 0 16 1914 1941 1940
3801 2 2 0 16 1941 1914 1915
3802 2 2 0 16 1915 1942 1941
3803 2 2 0 16 1942 1915 1916
3804 2 2 0 16 1916 1943 1942
3805 2 2 0 16 1943 1916 1917
3806 2 2 0 16 1917 1944 1943
3807 2 2 0 16 1944 1917 1918
3808 2 2 0 16 1918 1945 1944
3809 2 2 0 16 1945 1918 1919
3810 2 2 0 16 1919 1946 1945
3811 2 2 0 16 1946 1919 1920
3812 2 2 0 16 1920 1947 1946
3813 2 2 0 16 1947 1920 1921
3814 2 2 0 16 1921 1948 1947
3815 2 2 0 16 1948 1921 1922
3816 2 2 0 16 1922 1949 1948
3817 2 2 0 16 1949 1922 1923
3818 2 2 0 16 1923 1950 1949
3819 2 2 0 16 1950 1923 1924
3820 2 2 0 16 1924 1951 1950
3821 2 2 0 16 1951 1924 1925
3822 2 2 0 16 1925 146 1951
3823 2 2 0 16 146 1925 145
3824 2 2 0 16 289 1952 290
3825 2 2 0 16 1952 289 1926
3826 2 2 0 16 1926 1953 1952
3827 2 2 0 16 1953 1926 1927
3828 2 2 0 16 1927 1954 1953
3829 2 2 0 16 1954 1927 1928
3830 2 2 0 16 1928 1955 1954
3831 2 2 0 16 1955 1928 1929
3832 2 2 0 16 1929 1956 1955
3833 2 2 0 16 1956 1929 1930
3834 2 2 0 16 1930 1957 1956
3835 2 2 0 16 1957 1930 1931
3836 2 2 0 16 1931 1958 1957
3837 2 2 0 16 1958 1931 1932
3838 2 2 0 16 1932 1959 1958
3839 2 2 0 16 1959 1932 1933
3840 2 2 0 16 1933 1960 1959
3841 2 2 0 16 1960 1933 1934
3842 2 2 0 16 1934 1961 1960
3843 2 2 0 16 1961 1934 1935
3844 2 2 0 16 1935 1962 1961
3845 2 2 0 16 1962 1935 1936
3846 2 2 0 16 1936 1963 1962
3847 2 2 0 16 1963 1936 1937
3848 2 2 0 16 1937 1964 1963
3849 2 2 0 16 1964 1937 1938
3850 2 2 0 16 1938 1965 1964
3851 2 2 0 16 1965 1938 1939
3852 2 2 0 16 1939 1966 1965
3853 2 2 0 16 1966 1939 1940
3854 2 2 0 16 1940 1967 1966
3855 2 2 0 16 1967 1940 1941
3856 2 2 0 16 1941 1968 1967
3857 2 2 0 16 1968 1941 1942
3858 2 2 0 16 1942 1969 1968
3859 2 2 0 16 1969 1942 1943
3860 2 2 0 16 1943 1970 1969
3861 2 2 0 16 1970 1943 1944
3862 2 2 0 16 1944 1971 1970
3863 2 2 0 16 1971 1944 1945
3864 2 2 0 16 1945 1972 1971
3865 2 2 0 16 1972 1945 1946
3866 2 2 0 16 1946 1973 1972
3867 2 2 0 16 1973 1946 1947
3868 2 2 0 16 1947 1974 1973
3869 2 2 0 16 1974 1947 1948
3870 2 2 0 16 1948 1975 1974
3871 2 2 0 16 1975 1948 1949
3872 2 2 0 16 1949 1976 1975
3873 2 2 0 16 1976 1949 1950
3874 2 2 0 16 1950 1977 1976
3875 2 2 0 16 1977 1950 1951
3876 2 2 0 16 1951 147 1977
3877 2 2 0 16 147 1951 146
3878 2 2 0 16 290 1978 291
3879 2 2 0 16 1978 290 1952
3880 2 2 0 16 1952 1979 1978
3881 2 2 0 16 1979 1952 1953
3882 2 2 0 16 1953 1980 1979
3883 2 2 0 16 1980 1953 1954
3884 2 2 0 16 1954 1981 1980
3885 2 2 0 16 1981 1954 1955
3886 2 2 0 16 1955 1982 1981
3887 2 2 0 16 1982 1955 1956
3888 2 2 0 16 1956 1983 1982
3889 2 2 0 16 1983 1956 1957
3890 2 2 0 16 1957 1984 1983
3891 2 2 0 16 1984 1957 1958
3892 2 2 0 16 1958 1985 1984
3893 2 2 0 16 1985 1958 1959
3894 2 2 0 16 1959 1986 1985
3895 2 2 0 16 1986 1959 1960
3896 2 2 0 16 1960 1987 1986
3897 2 2 0 16 1987 1960 1961
3898 2 2 0 16 1961 1988 1987
3899 2 2 0 16 1988 1961 1962
3900 2 2 0 16 1962 1989 1988
3901 2 2 0 16 1989 1962 1963
3902 2 2 0 16 1963 1990 1989
3903 2 2 0 16 1990 1963 1964
3904 2 2 0 16 1964 1991 1990
3905 2 2 0 16 1991 1964 1965
3906 2 2 0 16 1965 1992 1991
3907 2 2 0 16 1992 1965 1966
3908 2 2 0 16 1966 1993 1992
3909 2 2 0 16 1993 1966 1967
3910 2 2 0 16 1967 1994 1993
3911 2 2 0 16 1994 1967 1968
3912 2 2 0 16 1968 1995 1994
3913 2 2 0 16 1995 1968 1969
3914 2 2 0 16 1969 1996 1995
3915 2 2 0 16 1996 1969 1970
3916 2 2 0 16 1970 1997 1996
3917 2 2 0 16 1997 1970 1971
3918 2 2 0 16 1971 1998 1997
3919 2 2 0 16 1998 1971 1972
3920 2 2 0 16 1972 1999 1998
3921 2 2 0 16 1999 1972 1973
3922 2 2 0 16 1973 2000 1999
3923 2 2 0 16 2000 1973 1974
3924 2 2 0 16 1974 2001 2000
3925 2 2 0 16 2001 1974 1975
3926 2 2 0 16 1975 2002 2001
3927 2 2 0 16 2002 1975 1976
3928 2 2 0 16 1976 2003 2002
3929 2 2 0 16 2003 1976 1977
3930 2 2 0 16 1977 148 2003
3931 2 2 0 16 148 1977 147
3932 2 2 0 16 291 2004 292
3933 2 2 0 16 2004 291 1978
3934 2 2 0 16 1978 2005 2004
3935 2 2 0 16 2005 1978 1979
3936 2 2 0 16 1979 2006 2005
3937 2 2 0 16 2006 1979 1980
3938 2 2 0 16 1980 2007 2006
3939 2 2 0 16 2007 1980 1981
3940 2 2 0 16 1981 2008 2007
3941 2 2 0 16 2008 1981 1982
3942 2 2 0 16 1982 2009 2008
3943 2 2 0 16 2009 1982 1983
3944 2 2 0 16 1983 2010 2009
3945 2 2 0 16 2010 1983 1984
3946 2 2 0 16 1984 2011 2010
3947 2 2 0 16 2011 1984 1985
3948 2 2 0 16 1985 2012 2011
3949 2 2 0 16 2012 1985 1986
3950 2 2 0 16 1986 2013 2012
3951 2 2 0 16 2013 1986 1987
3952 2 2 0 16 1987 2014 2013
3953 2 2 0 16 2014 1987 1988
3954 2 2 0 16 1988 2015 2014
3955 2 2 0 16 2015 1988 1989
3956 2 2 0 16 1989 2016 2015
3957 2 2 0 16 2016 1989 1990
3958 2 2 0 16 1990 2017 2016
3959 2 2 0 16 2017 1990 1991
3960 2 2 0 16 1991 2018 2017
3961 2 2 0 16 2018 1991 1992
3962 2 2 0 16 1992 2019 2018
3963 2 2 0 16 2019 1992 1993
3964 2 2 0 16 1993 2020 2019
3965 2 2 0 16 2020 1993 1994
3966 2 2 0 16 1994 2021 2020
3967 2 2 0 16 2021 1994 1995
3968 2 2 0 16 1995 2022 2021
3969 2 2 0 16 2022 1995 1996
3970 2 2 0 16 1996 2023 2022
3971 2 2 0 16 2023 1996 1997
3972 2 2 0 16 1997 2024 2023
3973 2 2 0 16 2024 1997 1998
3974 2 2 0 16 1998 2025 2024
3975 2 2 0 16 2025 1998 1999
3976 2 2 0 16 1999 2026 2025
3977 2 2 0 16 2026 1999 2000
3978 2 2 0 16 2000 2027 2026
3979 2 2 0 16 2027 2000 2001
3980 2 2 0 16 2001 2028 2027
3981 2 2 0 16 2028 2001 2002
3982 2 2 0 16 2002 2029 2028
3983 2 2 0 16 2029 2002 2003
3984 2 2 0 16 2003 149 2029
3985 2 2 0 16 149 2003 148
3986 2 2 0 16 292 2030 293
3987 2 2 0 16 2030 292 2004
3988 2 2 0 16 2004 2031 2030
3989 2 2 0 16 2031 2004 2005
3990 2 2 0 16 2005 2032 2031
3991 2 2 0 16 2032 2005 2006
3992 2 2 0 16 2006 2033 2032
3993 2 2 0 16 2033 2006 2007
3994 2 2 0 16 2007 2034 2033
3995 2 2 0 16 2034 2007 2008
3996 2 2 0 16 2008 2035 2034
3997 2 2 0 16 2035 2008 2009
3998 2 2 0 16 2009 2036 2035
3999 2 2 0 16 2036 2009 2010
4000 2 2 0 16 2010 2037 2036
4001 2 2 0 16 2037 2010 2011
4002 2 2 0 16 2011 2038 2037
4003 2 2 0 16 2038 2011 2012
4004 2 2 0 16 2012 2039 2038
4005 2 2 0 16 2039 2012 2013
4006 2 2 0 16 2013 2040 2039
4007 2 2 0 16 2040 2013 2014
4008 2 2 0 16 2014 2041 2040
4009 2 2 0 16 2041 2014 2015
4010 2 2 0 16 2015 2042 2041
4011 2 2 0 16 2042 2015 2016
4012 2 2 0 16 2016 2043 2042
4013 2 2 0 16 2043 2016 2017
4014 2 2 0 16 2017 2044 2043
4015 2 2 0 16 2044 2017 2018
4016 2 2 0 16 2018 2045 2044
4017 2 2 0 16 2045 2018 2019
4018 2 2 0 16 2019 2046 2045
4019 2 2 0 16 2046 2019 2020
4020 2 2 0 16 2020 2047 2046
4021 2 2 0 16 2047 2020 2021
4022 2 2 0 16 2021 2048 2047
4023 2 2 0 16 2048 2021 2022
4024 2 2 0 16 2022 2049 2048
4025 2 2 0 16 2049 2022 2023
4026 2 2 0 16 2023 2050 2049
4027 2 2 0 16 2050 2023 2024
4028 2 2 0 16 2024 2051 2050
4029 2 2 0 16 2051 2024 2025
4030 2 2 0 16 2025 2052 2051
4031 2 2 0 16 2052 2025 2026
4032 2 2 0 16 2026 2053 2052
4033 2 2 0 16 2053 2026 2027
4034 2 2 0 16 2027 2054 2053
4035 2 2 0 16 2054 2027 2028
4036 2 2 0 16 2028 2055 2054
4037 2 2 0 16 2055 2028 2029
4038 2 2 0 16 2029 150 2055
4039 2 2 0 16 150 2029 149
4040 2 2 0 16 293 2056 294
4041 2 2 0 16 2056 293 2030
4042 2 2 0 16 2030 2057 2056
4043 2 2 0 16 2057 2030 2031
4044 2 2 0 16 2031 2058 2057
4045 2 2 0 16 2058 2031 2032
4046 2 2 0 16 2032 2059 2058
4047 2 2 0 16 2059 2032 2033
4048 2 2 0 16 2033 2060 2059
4049 2 2 0 16 2060 2033 2034
4050 2 2 0 16 2034 2061 2060
4051 2 2 0 16 2061 2034 2035
4052 2 2 0 16 2035 2062 2061
4053 2 2 0 16 2062 2035 2036
4054 2 2 0 16 2036 2063 2062
4055 2 2 0 16 2063 2036 2037
4056 2 2 0 16 2037 2064 2063
4057 2 2 0 16 2064 2037 2038
4058 2 2 0 16 2038 2065 2064
4059 2 2 0 16 2065 2038 2039
4060 2 2 0 16 2039 2066 2065
4061 2 2 0 16 2066 2039 2040
4062 2 2 0 16 2040 2067 2066
4063 2 2 0 16 2067 2040 2041
4064 2 2 0 16 2041 2068 2067
4065 2 2 0 16 2068 2041 2042
4066 2 2 0 16 2042 2069 2068
4067 2 2 0 16 2069 2042 2043
4068 2 2 0 16 2043 2070 2069
4069 2 2 0 16 2070 2043 2044
4070 2 2 0 16 2044 2071 2070
4071 2 2 0 16 2071 2044 2045
4072 2 2 0 16 2045 2072 2071
4073 2 2 0 16 2072 2045 2046
4074 2 2 0 16 2046 2073 2072
4075 2 2 0 16 2073 2046 2047
4076 2 2 0 16 2047 2074 2073
4077 2 2 0 16 2074 2047 2048
4078 2 2 0 16 2048 2075 2074
4079 2 2 0 16 2075 2048 2049
4080 2 2 0 16 2049 2076 2075
4081 2 2 0 16 2076 2049 2050
4082 2 2 0 16 2050 2077 2076
4083 2 2 0 16 2077 2050 2051
4084 2 2 0 16 2051 2078 2077
4085 2 2 0 16 2078 2051 2052
4086 2 2 0 16 2052 2079 2078
4087 2 2 0 16 2079 2052 2053
4088 2 2 0 16 2053 2080 2079
4089 2 2 0 16 2080 2053 2054
4090 2 2 0 16 2054 2081 2080
4091 2 2 0 16 2081 2054 2055
4092 2 2 0 16 2055 151 2081
4093 2 2 0 16 151 2055 150
4094 2 2 0 16 294 2082 295
4095 2 2 0 16 2082 294 2056
4096 2 2 0 16 2056 2083 2082
4097 2 2 0 16 2083 2056 2057
4098 2 2 0 16 2057 2084 2083
4099 2 2 0 16 2084 2057 2058
4100 2 2 0 16 2058 2085 2084
4101 2 2 0 16 2085 2058 2059
4102 2 2 0 16 2059 2086 2085
4103 2 2 0 16 2086 2059 2060
4104 2 2 0 16 2060 2087 2086
4105 2 2 0 16 2087 2060 2061
4106 2 2 0 16 2061 2088 2087
4107 2 2 0 16 2088 2061 2062
4108 2 2 0 16 2062 2089 2088
4109 2 2 0 16 2089 2062 2063
4110 2 2 0 16 2063 2090 2089
4111 2 2 0 16 2090 2063 2064
4112 2 2 0 16 2064 2091 2090
4113 2 2 0 16 2091 2064 2065
4114 2 2 0 16 2065 2092 2091
4115 2 2 0 16 2092 2065 2066
4116 2 2 0 16 2066 2093 2092
4117 2 2 0 16 2093 2066 2067
4118 2 2 0 16 2067 2094 2093
4119 2 2 0 16 2094 2067 2068
4120 2 2 0 16 2068 2095 2094
4121 2 2 0 16 2095 2068 2069
4122 2 2 0 16 2069 2096 2095
4123 2 2 0 16 2096 2069 2070
4124 2 2 0 16 2070 2097 2096
4125 2 2 0 16 2097 2070 2071
4126 2 2 0 16 2071 2098 2097
4127 2 2 0 16 2098 2071 2072
4128 2 2 0 16 2072 2099 2098
4129 2 2 0 16 2099 2072 2073
4130 2 2 0 16 2073 2100 2099
4131 2 2 0 16 2100 2073 2074
4132 2 2 0 16 2074 2101 2100
4133 2 2 0 16 2101 2074 2075
4134 2 2 0 16 2075 2102 2101
4135 2 2 0 16 2102 2075 2076
4136 2 2 0 16 2076 2103 2102
4137 2 2 0 16 2103 2076 2077
4138 2 2 0 16 2077 2104 2103
4139 2 2 0 16 2104 2077 2078
4140 2 2 0 16 2078 2105 2104
4141 2 2 0 16 2105 2078 2079
4142 2 2 0 16 2079 2106 2105
4143 2 2 0 16 2106 2079 2080
4144 2 2 0 16 2080 2107 2106
4145 2 2 0 16 2107 2080 2081
4146 2 2 0 16 2081 152 2107
4147 2 2 0 16 152 2081 151
4148 2 2 0 16 295 2108 296
4149 2 2 0 16 2108 295 2082
4150 2 2 0 16 2082 2109 2108
4151 2 2 0 16 2109 2082 2083
4152 2 2 0 16 2083 2110 2109
4153 2 2 0 16 2110 2083 2084
4154 2 2 0 16 2084 2111 2110
4155 2 2 0 16 2111 2084 2085
4156 2 2 0 16 2085 2112 2111
4157 2 2 0 16 2112 2085 2086
4158 2 2 0 16 2086 2113 2112
4159 2 2 0 16 2113 2086 2087
4160 2 2 0 16 2087 2114 2113
4161 2 2 0 16 2114 2087 2088
4162 2 2 0 16 2088 2115 2114
4163 2 2 0 16 2115 2088 2089
4164 2 2 0 16 2089 2116 2115
4165 2 2 0 16 2116 2089 2090
4166 2 2 0 16 2090 2117 2116
4167 2 2 0 16 2117 2090 2091
4168 2 2 0 16 2091 2118 2117
4169 2 2 0 16 2118 2091 2092
4170 2 2 0 16 2092 2119 2118
4171 2 2 0 16 2119 2092 2093
4172 2 2 0 16 2093 2120 2119
4173 2 2 0 16 2120 2093 2094
4174 2 2 0 16 2094 2121 2120
4175 2 2 0 16 2121 2094 2095
4176 2 2 0 16 2095 2122 2121
4177 2 2 0 16 2122 2095 2096
4178 2 2 0 16 2096 2123 2122
4179 2 2 0 16 2123 2096 2097
4180 2 2 0 16 2097 2124 2123
4181 2 2 0 16 2124 2097 2098
4182 2 2 0 16 2098 2125 2124
4183 2 2 0 16 2125 2098 2099
4184 2 2 0 16 2099 2126 2125
4185 2 2 0 16 2126 2099 2100
4186 2 2 0 16 2100 2127 2126
4187 2 2 0 16 2127 2100 2101
4188 2 2 0 16 2101 2128 2127
4189 2 2 0 16 2128 2101 2102
4190 2 2 0 16 2102 2129 2128
4191 2 2 0 16 2129 2102 2103
4192 2 2 0 16 2103 2130 2129
4193 2 2 0 16 2130 2103 2104
4194 2 2 0 16 2104 2131 2130
4195 2 2 0 16 2131 2104 2105
4196 2 2 0 16 2105 2132 2131
4197 2 2 0 16 2132 2105 2106
4198 2 2 0 16 2106 2133 2132
4199 2 2 0 16 2133 2106 2107
4200 2 2 0 16 2107 153 2133
4201 2 2 0 16 153 2107 152
4202 2 2 0 16 296 2134 297
4203 2 2 0 16 2134 296 2108
4204 2 2 0 16 2108 2135 2134
4205 2 2 0 16 2135 2108 2109
4206 2 2 0 16 2109 2136 2135
4207 2 2 0 16 2136 2109 2110
4208 2 2 0 16 2110 2137 2136
4209 2 2 0 16 2137 2110 2111
4210 2 2 0 16 2111 2138 2137
4211 2 2 0 16 2138 2111 2112
4212 2 2 0 16 2112 2139 2138
4213 2 2 0 16 2139 2112 2113
4214 2 2 0 16 2113 2140 2139
4215 2 2 0 16 2140 2113 2114
4216 2 2 0 16 2114 2141 2140
4217 2 2 0 16 2141 2114 2115
4218 2 2 0 16 2115 2142 2141
4219 2 2 0 16 2142 2115 2116
4220 2 2 0 16 2116 2143 2142
4221 2 2 0 16 2143 2116 2117
4222 2 2 0 16 2117 2144 2143
4223 2 2 0 16 2144 2117 2118
4224 2 2 0 16 2118 2145 2144
4225 2 2 0 16 2145 2118 2119
4226 2 2 0 16 2119 2146 2145
4227 2 2 0 16 2146 2119 2120
4228 2 2 0 16 2120 2147 2146
4229 2 2 0 16 2147 2120 2121
4230 2 2 0 16 2121 2148 2147
4231 2 2 0 16 2148 2121 2122
4232 2 2 0 16 2122 2149 2148
4233 2 2 0 16 2149 2122 2123
4234 2 2 0 16 2123 2150 2149
4235 2 2 0 16 2150 2123 2124
4236 2 2 0 16 2124 2151 2150
4237 2 2 0 16 2151 2124 2125
4238 2 2 0 16 2125 2152 2151
4239 2 2 0 16 2152 2125 2126
4240 2 2 0 16 2126 2153 2152
4241 2 2 0 16 2153 2126 2127
4242 2 2 0 16 2127 2154 2153
4243 2 2 0 16 2154 2127 2128
4244 2 2 0 16 2128 2155 2154
4245 2 2 0 16 2155 2128 2129
4246 2 2 0 16 2129 2156 2155
4247 2 2 0 16 2156 2129 2130
4248 2 2 0 16 2130 2157 2156
4249 2 2 0 16 2157 2130 2131
4250 2 2 0 16 2131 2158 2157
4251 2 2 0 16 2158 2131 2132
4252 2 2 0 16 2132 2159 2158
4253 2 2 0 16 2159 2132 2133
4254 2 2 0 16 2133 154 2159
4255 2 2 0 16 154 2133 153
4256 2 2 0 16 297 227 9
4257 2 2 0 16 227 297 2134
4258 2 2 0 16 2134 226 227
4259 2 2 0 16 226 2134 2135
4260 2 2 0 16 2135 225 226
4261 2 2 0 16 225 2135 2136
4262 2 2 0 16 2136 224 225
4263 2 2 0 16 224 2136 2137
4264 2 2 0 16 2137 223 224
4265 2 2 0 16 223 2137 2138
4266 2 2 0 16 2138 222 223
4267 2 2 0 16 222 2138 2139
4268 2 2 0 16 2139 221 222
4269 2 2 0 16 221 2139 2140
4270 2 2 0 16 2140 220 221
4271 2 2 0 16 220 2140 2141
4272 2 2 0 16 2141 219 220
4273 2 2 0 16 219 2141 2142
4274 2 2 0 16 2142 218 219
4275 2 2 0 16 218 2142 2143
4276 2 2 0 16 2143 217 218
4277 2 2 0 16 217 2143 2144
4278 2 2 0 16 2144 216 217
4279 2 2 0 16 216 2144 2145
4280 2 2 0 16 2145 215 216
4281 2 2 0 16 215 2145 2146
4282 2 2 0 16 2146 214 215
4283 2 2 0 16 214 2146 2147
4284 2 2 0 16 2147 213 214
4285 2 2 0 16 213 2147 2148
4286 2 2 0 16 2148 212 213
4287 2 2 0 16 212 2148 2149
4288 2 2 0 16 2149 211 212
4289 2 2 0 16 211 2149 2150
4290 2 2 0 16 2150 210 211
4291 2 2 0 16 210 2150 2151
4292 2 2 0 16 2151 209 210
4293 2 2 0 16 209 2151 2152
4294 2 2 0 16 2152 208 209
4295 2 2 0 16 208 2152 2153
4296 2 2 0 16 2153 207 208
4297 2 2 0 16 207 2153 2154
4298 2 2 0 16 2154 206 207
4299 2 2 0 16 206 2154 2155
4300 2 2 0 16 2155 205 206
4301 2 2 0 16 205 2155 2156
4302 2 2 0 16 2156 204 205
4303 2 2 0 16 204 2156 2157
4304 2 2 0 16 2157 203 204
4305 2 2 0 16 203 2157 2158
4306 2 2 0 16 2158 202 203
4307 2 2 0 16 202 2158 2159
4308 2 2 0 16 2159 6 202
4309 2 2 0 16 6 2159 154
4310 2 2 0 18 6 155 202
4311 2 2 0 18 202 155 2160
4312 2 2 0 18 202 2160 203
4313 2 2 0 18 203 2160 2161
4314 2 2 0 18 203 2161 204
4315 2 2 0 18 204 2161 2162
4316 2 2 0 18 204 2162 205
4317 2 2 0 18 205 2162 2163
4318 2 2 0 18 205 2163 206
4319 2 2 0 18 206 2163 2164
4320 2 2 0 18 206 2164 207
4321 2 2 0 18 207 2164 2165
4322 2 2 0 18 207 2165 208
4323 2 2 0 18 208 2165 2166
4324 2 2 0 18 208 2166 209
4325 2 2 0 18 209 2166 2167
4326 2 2 0 18 209 2167 210
4327 2 2 0 18 210 2167 2168
4328 2 2 0 18 210 2168 211
4329 2 2 0 18 211 2168 2169
4330 2 2 0 18 211 2169 212
4331 2 2 0 18 212 2169 2170
4332 2 2 0 18 212 2170 213
4333 2 2 0 18 213 2170 2171
4334 2 2 0 18 213 2171 214
4335 2 2 0 18 214 2171 2172
4336 2 2 0 18 214 2172 215
4337 2 2 0 18 215 2172 2173
4338 2 2 0 18 215 2173 216
4339 2 2 0 18 216 2173 2174
4340 2 2 0 18 216 2174 217
4341 2 2 0 18 217 2174 2175
4342 2 2 0 18 217 2175 218
4343 2 2 0 18 218 2175 2176
4344 2 2 0 18 218 2176 219
4345 2 2 0 18 219 2176 2177
4346 2 2 0 18 219 2177 220
4347 2 2 0 18 220 2177 2178
4348 2 2 0 18 220 2178 221
4349 2 2 0 18 221 2178 2179
4350 2 2 0 18 221 2179 222
4351 2 2 0 18 222 2179 2180
4352 2 2 0 18 222 2180 223
4353 2 2 0 18 223 2180 2181
4354 2 2 0 18 223 2181 224
4355 2 2 0 18 224 2181 2182
4356 2 2 0 18 224 2182 225
4357 2 2 0 18 225 2182 2183
4358 2 2 0 18 225 2183 226
4359 2 2 0 18 226 2183 2184
4360 2 2 0 18 226 2184 227
4361 2 2 0 18 227 2184 2185
4362 2 2 0 18 227 2185 9
4363 2 2 0 18 9 2185 240
4364 2 2 0 18 155 156 2160
4365 2 2 0 18 2160 156 2186
4366 2 2 0 18 2160 2186 2161
4367 2 2 0 18 2161 2186 2187
4368 2 2 0 18 2161 2187 2162
4369 2 2 0 18 2162 2187 2188
4370 2 2 0 18 2162 2188 2163
4371 2 2 0 18 2163 2188 2189
4372 2 2 0 18 2163 2189 2164
4373 2 2 0 18 2164 2189 2190
4374 2 2 0 18 2164 2190 2165
4375 2 2 0 18 2165 2190 2191
4376 2 2 0 18 2165 2191 2166
4377 2 2 0 18 2166 2191 2192
4378 2 2 0 18 2166 2192 2167
4379 2 2 0 18 2167 2192 2193
4380 2 2 0 18 2167 2193 2168
4381 2 2 0 18 2168 2193 2194
4382 2 2 0 18 2168 2194 2169
4383 2 2 0 18 2169 2194 2195
4384 2 2 0 18 2169 2195 2170
4385 2 2 0 18 2170 2195 2196
4386 2 2 0 18 2170 2196 2171
4387 2 2 0 18 2171 2196 2197
4388 2 2 0 18 2171 2197 2172
4389 2 2 0 18 2172 2197 2198
4390 2 2 0 18 2172 2198 2173
4391 2 2 0 18 2173 2198 2199
4392 2 2 0 18 2173 2199 2174
4393 2 2 0 18 2174 2199 2200
4394 2 2 0 18 2174 2200 2175
4395 2 2 0 18 2175 2200 2201
4396 2 2 0 18 2175 2201 2176
4397 2 2 0 18 2176 2201 2202
4398 2 2 0 18 2176 2202 2177
4399 2 2 0 18 2177 2202 2203
4400 2 2 0 18 2177 2203 2178
4401 2 2 0 18 2178 2203 2204
4402 2 2 0 18 2178 2204 2179
4403 2 2 0 18 2179 2204 2205
4404 2 2 0 18 2179 2205 2180
4405 2 2 0 18 2180 2205 2206
4406 2 2 0 18 2180 2206 2181
4407 2 2 0 18 2181 2206 2207
4408 2 2 0 18 2181 2207 2182
4409 2 2 0 18 2182 2207 2208
4410 2 2 0 18 2182 2208 2183
4411 2 2 0 18 2183 2208 2209
4412 2 2 0 18 2183 2209 2184
4413 2 2 0 18 2184 2209 2210
4414 2 2 0 18 2184 2210 2185
4415 2 2 0 18 2185 2210 2211
4416 2 2 0 18 2185 2211 240
4417 2 2 0 18 240 2211 241
4418 2 2 0 18 156 157 2186
4419 2 2 0 18 2186 157 2212
4420 2 2 0 18 2186 2212 2187
4421 2 2 0 18 2187 2212 2213
4422 2 2 0 18 2187 2213 2188
4423 2 2 0 18 2188 2213 2214
4424 2 2 0 18 2188 2214 2189
4425 2 2 0 18 2189 2214 2215
4426 2 2 0 18 2189 2215 2190
4427 2 2 0 18 2190 2215 2216
4428 2 2 0 18 2190 2216 2191
4429 2 2 0 18 2191 2216 2217
4430 2 2 0 18 2191 2217 2192
4431 2 2 0 18 2192 2217 2218
4432 2 2 0 18 2192 2218 2193
4433 2 2 0 18 2193 2218 2219
4434 2 2 0 18 2193 2219 2194
4435 2 2 0 18 2194 2219 2220
4436 2 2 0 18 2194 2220 2195
4437 2 2 0 18 2195 2220 2221
4438 2 2 0 18 2195 2221 2196
4439 2 2 0 18 2196 2221 2222
4440 2 2 0 18 2196 2222 2197
4441 2 2 0 18 2197 2222 2223
4442 2 2 0 18 2197 2223 2198
4443 2 2 0 18 2198 2223 2224
4444 2 2 0 18 2198 2224 2199
4445 2 2 0 18 2199 2224 2225
4446 2 2 0 18 2199 2225 2200
4447 2 2 0 18 2200 2225 2226
4448 2 2 0 18 2200 2226 2201
4449 2 2 0 18 2201 2226 2227
4450 2 2 0 18 2201 2227 2202
4451 2 2 0 18 2202 2227 2228
4452 2 2 0 18 2202 2228 2203
4453 2 2 0 18 2203 2228 2229
4454 2 2 0 18 2203 2229 2204
4455 2 2 0 18 2204 2229 2230
4456 2 2 0 18 2204 2230 2205
4457 2 2 0 18 2205 2230 2231
4458 2 2 0 18 2205 2231 2206
4459 2 2 0 18 2206 2231 2232
4460 2 2 0 18 2206 2232 2207
4461 2 2 0 18 2207 2232 2233
4462 2 2 0 18 2207 2233 2208
4463 2 2 0 18 2208 2233 2234
4464 2 2 0 18 2208 2234 2209
4465 2 2 0 18 2209 2234 2235
4466 2 2 0 18 2209 2235 2210
4467 2 2 0 18 2210 2235 2236
4468 2 2 0 18 2210 2236 2211
4469 2 2 0 18 2211 2236 2237
4470 2 2 0 18 2211 2237 241
4471 2 2 0 18 241 2237 242
4472 2 2 0 18 157 158 2212
4473 2 2 0 18 2212 158 2238
4474 2 2 0 18 2212 2238 2213
4475 2 2 0 18 2213 2238 2239
4476 2 2 0 18 2213 2239 2214
4477 2 2 0 18 2214 2239 2240
4478 2 2 0 18 2214 2240 2215
4479 2 2 0 18 2215 2240 2241
4480 2 2 0 18 2215 2241 2216
4481 2 2 0 18 2216 2241 2242
4482 2 2 0 18 2216 2242 2217
4483 2 2 0 18 2217 2242 2243
4484 2 2 0 18 2217 2243 2218
4485 2 2 0 18 2218 2243 2244
4486 2 2 0 18 2218 2244 2219
4487 2 2 0 18 2219 2244 2245
4488 2 2 0 18 2219 2245 2220
4489 2 2 0 18 2220 2245 2246
4490 2 2 0 18 2220 2246 2221
4491 2 2 0 18 2221 2246 2247
4492 2 2 0 18 2221 2247 2222
4493 2 2 0 18 2222 2247 2248
4494 2 2 0 18 2222 2248 2223
4495 2 2 0 18 2223 2248 2249
4496 2 2 0 18 2223 2249 2224
4497 2 2 0 18 2224 2249 2250
4498 2 2 0 18 2224 2250 2225
4499 2 2 0 18 2225 2250 2251
4500 2 2 0 18 2225 2251 2226
4501 2 2 0 18 2226 2251 2252
4502 2 2 0 18 2226 2252 2227
4503 2 2 0 18 2227 2252 2253
4504 2 2 0 18 2227 2253 2228
4505 2 2 0 18 2228 2253 2254
4506 2 2 0 18 2228 2254 2229
4507 2 2 0 18 2229 2254 2255
4508 2 2 0 18 2229 2255 2230
4509 2 2 0 18 2230 2255 2256
4510 2 2 0 18 2230 2256 2231
4511 2 2 0 18 2231 2256 2257
4512 2 2 0 18 2231 2257 2232
4513 2 2 0 18 2232 2257 2258
4514 2 2 0 18 2232 2258 2233
4515 2 2 0 18 2233 2258 2259
4516 2 2 0 18 2233 2259 2234
4517 2 2 0 18 2234 2259 2260
4518 2 2 0 18 2234 2260 2235
4519 2 2 0 18 2235 2260 2261
4520 2 2 0 18 2235 2261 2236
4521 2 2 0 18 2236 2261 2262
4522 2 2 0 18 2236 2262 2237
4523 2 2 0 18 2237 2262 2263
4524 2 2 0 18 2237 2263 242
4525 2 2 0 18 242 2263 243
4526 2 2 0 18 158 159 2238
4527 2 2 0 18 2238 159 2264
4528 2 2 0 18 2238 2264 2239
4529 2 2 0 18 2239 2264 2265
4530 2 2 0 18 2239 2265 2240
4531 2 2 0 18 2240 2265 2266
4532 2 2 0 18 2240 2266 2241
4533 2 2 0 18 2241 2266 2267
4534 2 2 0 18 2241 2267 2242
4535 2 2 0 18 2242 2267 2268
4536 2 2 0 18 2242 2268 2243
4537 2 2 0 18 2243 2268 2269
4538 2 2 0 18 2243 2269 2244
4539 2 2 0 18 2244 2269 2270
4540 2 2 0 18 2244 2270 2245
4541 2 2 0 18 2245 2270 2271
4542 2 2 0 18 2245 2271 2246
4543 2 2 0 18 2246 2271 2272
4544 2 2 0 18 2246 2272 2247
4545 2 2 0 18 2247 2272 2273
4546 2 2 0 18 2247 2273 2248
4547 2 2 0 18 2248 2273 2274
4548 2 2 0 18 2248 2274 2249
4549 2 2 0 18 2249 2274 2275
4550 2 2 0 18 2249 2275 2250
4551 2 2 0 18 2250 2275 2276
4552 2 2 0 18 2250 2276 2251
4553 2 2 0 18 2251 2276 2277
4554 2 2 0 18 2251 2277 2252
4555 2 2 0 18 2252 2277 2278
4556 2 2 0 18 2252 2278 2253
4557 2 2 0 18 2253 2278 2279
4558 2 2 0 18 2253 2279 2254
4559 2 2 0 18 2254 2279 2280
4560 2 2 0 18 2254 2280 2255
4561 2 2 0 18 2255 2280 2281
4562 2 2 0 18 2255 2281 2256
4563 2 2 0 18 2256 2281 2282
4564 2 2 0 18 2256 2282 2257
4565 2 2 0 18 2257 2282 2283
4566 2 2 0 18 2257 2283 2258
4567 2 2 0 18 2258 2283 2284
4568 2 2 0 18 2258 2284 2259
4569 2 2 0 18 2259 2284 2285
4570 2 2 0 18 2259 2285 2260
4571 2 2 0 18 2260 2285 2286
4572 2 2 0 18 2260 2286 2261
4573 2 2 0 18 2261 2286 2287
4574 2 2 0 18 2261 2287 2262
4575 2 2 0 18 2262 2287 2288
4576 2 2 0 18 2262 2288 2263
4577 2 2 0 18 2263 2288 2289
4578 2 2 0 18 2263 2289 243
4579 2 2 0 18 243 2289 244
4580 2 2 0 18 159 160 2264
4581 2 2 0 18 2264 160 2290
4582 2 2 0 18 2264 2290 2265
4583 2 2 0 18 2265 2290 2291
4584 2 2 0 18 2265 2291 2266
4585 2 2 0 18 2266 2291 2292
4586 2 2 0 18 2266 2292 2267
4587 2 2 0 18 2267 2292 2293
4588 2 2 0 18 2267 2293 2268
4589 2 2 0 18 2268 2293 2294
4590 2 2 0 18 2268 2294 2269
4591 2 2 0 18 2269 2294 2295
4592 2 2 0 18 2269 2295 2270
4593 2 2 0 18 2270 2295 2296
4594 2 2 0 18 2270 2296 2271
4595 2 2 0 18 2271 2296 2297
4596 2 2 0 18 2271 2297 2272
4597 2 2 0 18 2272 2297 2298
4598 2 2 0 18 2272 2298 2273
4599 2 2 0 18 2273 2298 2299
4600 2 2 0 18 2273 2299 2274
4601 2 2 0 18 2274 2299 2300
4602 2 2 0 18 2274 2300 2275
4603 2 2 0 18 2275 2300 2301
4604 2 2 0 18 2275 2301 2276
4605 2 2 0 18 2276 2301 2302
4606 2 2 0 18 2276 2302 2277
4607 2 2 0 18 2277 2302 2303
4608 2 2 0 18 2277 2303 2278
4609 2 2 0 18 2278 2303 2304
4610 2 2 0 18 2278 2304 2279
4611 2 2 0 18 2279 2304 2305
4612 2 2 0 18 2279 2305 2280
4613 2 2 0 18 2280 2305 2306
4614 2 2 0 18 2280 2306 2281
4615 2 2 0 18 2281 2306 2307
4616 2 2 0 18 2281 2307 2282
4617 2 2 0 18 2282 2307 2308
4618 2 2 0 18 2282 2308 2283
4619 2 2 0 18 2283 2308 2309
4620 2 2 0 18 2283 2309 2284
4621 2 2 0 18 2284 2309 2310
4622 2 2 0 18 2284 2310 2285
4623 2 2 0 18 2285 2310 2311
4624 2 2 0 18 2285 2311 2286
4625 2 2 0 18 2286 2311 2312
4626 2 2 0 18 2286 2312 2287
4627 2 2 0 18 2287 2312 2313
4628 2 2 0 18 2287 2313 2288
4629 2 2 0 18 2288 2313 2314
4630 2 2 0 18 2288 2314 2289
4631 2 2 0 18 2289 2314 2315
4632 2 2 0 18 2289 2315 244
4633 2 2 0 18 244 2315 245
4634 2 2 0 18 160 161 2290
4635 2 2 0 18 2290 161 2316
4636 2 2 0 18 2290 2316 2291
4637 2 2 0 18 2291 2316 2317
4638 2 2 0 18 2291 2317 2292
4639 2 2 0 18 2292 2317 2318
4640 2 2 0 18 2292 2318 2293
4641 2 2 0 18 2293 2318 2319
4642 2 2 0 18 2293 2319 2294
4643 2 2 0 18 2294 2319 2320
4644 2 2 0 18 2294 2320 2295
4645 2 2 0 18 2295 2320 2321
4646 2 2 0 18 2295 2321 2296
4647 2 2 0 18 2296 2321 2322
4648 2 2 0 18 2296 2322 2297
4649 2 2 0 18 2297 2322 2323
4650 2 2 0 18 2297 2323 2298
4651 2 2 0 18 2298 2323 2324
4652 2 2 0 18 2298 2324 2299
4653 2 2 0 18 2299 2324 2325
4654 2 2 0 18 2299 2325 2300
4655 2 2 0 18 2300 2325 2326
4656 2 2 0 18 2300 2326 2301
4657 2 2 0 18 2301 2326 2327
4658 2 2 0 18 2301 2327 2302
4659 2 2 0 18 2302 2327 2328
4660 2 2 0 18 2302 2328 2303
4661 2 2 0 18 2303 2328 2329
4662 2 2 0 18 2303 2329 2304
4663 2 2 0 18 2304 2329 2330
4664 2 2 0 18 2304 2330 2305
4665 2 2 0 18 2305 2330 2331
4666 2 2 0 18 2305 2331 2306
4667 2 2 0 18 2306 2331 2332
4668 2 2 0 18 2306 2332 2307
4669 2 2 0 18 2307 2332 2333
4670 2 2 0 18 2307 2333 2308
4671 2 2 0 18 2308 2333 2334
4672 2 2 0 18 2308 2334 2309
4673 2 2 0 18 2309 2334 2335
4674 2 2 0 18 2309 2335 2310
4675 2 2 0 18 2310 2335 2336
4676 2 2 0 18 2310 2336 2311
4677 2 2 0 18 2311 2336 2337
4678 2 2 0 18 2311 2337 2312
4679 2 2 0 18 2312 2337 2338
4680 2 2 0 18 2312 2338 2313
4681 2 2 0 18 2313 2338 2339
4682 2 2 0 18 2313 2339 2314
4683 2 2 0 18 2314 2339 2340
4684 2 2 0 18 2314 2340 2315
4685 2 2 0 18 2315 2340 2341
4686 2 2 0 18 2315 2341 245
4687 2 2 0 18 245 2341 246
4688 2 2 0 18 161 162 2316
4689 2 2 0 18 2316 162 2342
4690 2 2 0 18 2316 2342 2317
4691 2 2 0 18 2317 2342 2343
4692 2 2 0 18 2317 2343 2318
4693 2 2 0 18 2318 2343 2344
4694 2 2 0 18 2318 2344 2319
4695 2 2 0 18 2319 2344 2345
4696 2 2 0 18 2319 2345 2320
4697 2 2 0 18 2320 2345 2346
4698 2 2 0 18 2320 2346 2321
4699 2 2 0 18 2321 2346 2347
4700 2 2 0 18 2321 2347 2322
4701 2 2 0 18 2322 2347 2348
4702 2 2 0 18 2322 2348 2323
4703 2 2 0 18 2323 2348 2349
4704 2 2 0 18 2323 2349 2324
4705 2 2 0 18 2324 2349 2350
4706 2 2 0 18 2324 2350 2325
4707 2 2 0 18 2325 2350 2351
4708 2 2 0 18 2325 2351 2326
4709 2 2 0 18 2326 2351 2352
4710 2 2 0 18 2326 2352 2327
4711 2 2 0 18 2327 2352 2353
4712 2 2 0 18 2327 2353 2328
4713 2 2 0 18 2328 2353 2354
4714 2 2 0 18 2328 2354 2329
4715 2 2 0 18 2329 2354 2355
4716 2 2 0 18 2329 2355 2330
4717 2 2 0 18 2330 2355 2356
4718 2 2 0 18 2330 2356 2331
4719 2 2 0 18 2331 2356 2357
4720 2 2 0 18 2331 2357 2332
4721 2 2 0 18 2332 2357 2358
4722 2 2 0 18 2332 2358 2333
4723 2 2 0 18 2333 2358 2359
4724 2 2 0 18 2333 2359 2334
4725 2 2 0 18 2334 2359 2360
4726 2 2 0 18 2334 2360 2335
4727 2 2 0 18 2335 2360 2361
4728 2 2 0 18 2335 2361 2336
4729 2 2 0 18 2336 2361 2362
4730 2 2 0 18 2336 2362 2337
4731 2 2 0 18 2337 2362 2363
4732 2 2 0 18 2337 2363 2338
4733 2 2 0 18 2338 2363 2364
4734 2 2 0 18 2338 2364 2339
4735 2 2 0 18 2339 2364 2365
4736 2 2 0 18 2339 2365 2340
4737 2 2 0 18 2340 2365 2366
4738 2 2 0 18 2340 2366 2341
4739 2 2 0 18 2341 2366 2367
4740 2 2 0 18 2341 2367 246
4741 2 2 0 18 246 2367 247
4742 2 2 0 18 162 163 2342
4743 2 2 0 18 2342 163 2368
4744 2 2 0 18 2342 2368 2343
4745 2 2 0 18 2343 2368 2369
4746 2 2 0 18 2343 2369 2344
4747 2 2 0 18 2344 2369 2370
4748 2 2 0 18 2344 2370 2345
4749 2 2 0 18 2345 2370 2371
4750 2 2 0 18 2345 2371 2346
4751 2 2 0 18 2346 2371 2372
4752 2 2 0 18 2346 2372 2347
4753 2 2 0 18 2347 2372 2373
4754 2 2 0 18 2347 2373 2348
4755 2 2 0 18 2348 2373 2374
4756 2 2 0 18 2348 2374 2349
4757 2 2 0 18 2349 2374 2375
4758 2 2 0 18 2349 2375 2350
4759 2 2 0 18 2350 2375 2376
4760 2 2 0 18 2350 2376 2351
4761 2 2 0 18 2351 2376 2377
4762 2 2 0 18 2351 2377 2352
4763 2 2 0 18 2352 2377 2378
4764 2 2 0 18 2352 2378 2353
4765 2 2 0 18 2353 2378 2379
4766 2 2 0 18 2353 2379 2354
4767 2 2 0 18 2354 2379 2380
4768 2 2 0 18 2354 2380 2355
4769 2 2 0 18 2355 2380 2381
4770 2 2 0 18 2355 2381 2356
4771 2 2 0 18 2356 2381 2382
4772 2 2 0 18 2356 2382 2357
4773 2 2 0 18 2357 2382 2383
4774 2 2 0 18 2357 2383 2358
4775 2 2 0 18 2358 2383 2384
4776 2 2 0 18 2358 2384 2359
4777 2 2 0 18 2359 2384 2385
4778 2 2 0 18 2359 2385 2360
4779 2 2 0 18 2360 2385 2386
4780 2 2 0 18 2360 2386 2361
4781 2 2 0 18 2361 2386 2387
4782 2 2 0 18 2361 2387 2362
4783 2 2 0 18 2362 2387 2388
4784 2 2 0 18 2362 2388 2363
4785 2 2 0 18 2363 2388 2389
4786 2 2 0 18 2363 2389 2364
4787 2 2 0 18 2364 2389 2390
4788 2 2 0 18 2364 2390 2365
4789 2 2 0 18 2365 2390 2391
4790 2 2 0 18 2365 2391 2366
4791 2 2 0 18 2366 2391 2392
4792 2 2 0 18 2366 2392 2367
4793 2 2 0 18 2367 2392 2393
4794 2 2 0 18 2367 2393 247
4795 2 2 0 18 247 2393 248
4796 2 2 0 18 163 7 2368
4797 2 2 0 18 2368 7 164
4798 2 2 0 18 2368 164 2369
4799 2 2 0 18 2369 164 165
4800 2 2 0 18 2369 165 2370
4801 2 2 0 18 2370 165 166
4802 2 2 0 18 2370 166 2371
4803 2 2 0 18 2371 166 167
4804 2 2 0 18 2371 167 2372
4805 2 2 0 18 2372 167 168
4806 2 2 0 18 2372 168 2373
4807 2 2 0 18 2373 168 169
4808 2 2 0 18 2373 169 2374
4809 2 2 0 18 2374 169 170
4810 2 2 0 18 2374 170 2375
4811 2 2 0 18 2375 170 171
4812 2 2 0 18 2375 171 2376
4813 2 2 0 18 2376 171 172
4814 2 2 0 18 2376 172 2377
4815 2 2 0 18 2377 172 173
4816 2 2 0 18 2377 173 2378
4817 2 2 0 18 2378 173 174
4818 2 2 0 18 2378 174 2379
4819 2 2 0 18 2379 174 175
4820 2 2 0 18 2379 175 2380
4821 2 2 0 18 2380 175 176
4822 2 2 0 18 2380 176 2381
4823 2 2 0 18 2381 176 177
4824 2 2 0 18 2381 177 2382
4825 2 2 0 18 2382 177 178
4826 2 2 0 18 2382 178 2383
4827 2 2 0 18 2383 178 179
4828 2 2 0 18 2383 179 2384
4829 2 2 0 18 2384 179 180
4830 2 2 0 18 2384 180 2385
4831 2 2 0 18 2385 180 181
4832 2 2 0 18 2385 181 2386
4833 2 2 0 18 2386 181 182
4834 2 2 0 18 2386 182 2387
4835 2 2 0 18 2387 182 183
4836 2 2 0 18 2387 183 2388
4837 2 2 0 18 2388 183 184
4838 2 2 0 18 2388 184 2389
4839 2 2 0 18 2389 184 185
4840 2 2 0 18 2389 185 2390
4841 2 2 0 18 2390 185 186
4842 2 2 0 18 2390 186 2391
4843 2 2 0 18 2391 186 187
4844 2 2 0 18 2391 187 2392
4845 2 2 0 18 2392 187 188
4846 2 2 0 18 2392 188 2393
4847 2 2 0 18 2393 188 189
4848 2 2 0 18 2393 189 248
4849 2 2 0 18 248 189 8
4850 2 2 0 20 1 10 201
4851 2 2 0 20 201 10 2394
4852 2 2 0 20 201 2394 200
4853 2 2 0 20 200 2394 2395
4854 2 2 0 20 200 2395 199
4855 2 2 0 20 199 2395 2396
4856 2 2 0 20 199 2396 198
4857 2 2 0 20 198 2396 2397
4858 2 2 0 20 198 2397 197
4859 2 2 0 20 197 2397 2398
4860 2 2 0 20 197 2398 196
4861 2 2 0 20 196 2398 2399
4862 2 2 0 20 196 2399 195
4863 2 2 0 20 195 2399 2400
4864 2 2 0 20 195 2400 194
4865 2 2 0 20 194 2400 2401
4866 2 2 0 20 194 2401 193
4867 2 2 0 20 193 2401 2402
4868 2 2 0 20 193 2402 192
4869 2 2 0 20 192 2402 2403
4870 2 2 0 20 192 2403 191
4871 2 2 0 20 191 2403 2404
4872 2 2 0 20 191 2404 190
4873 2 2 0 20 190 2404 2405
4874 2 2 0 20 190 2405 8
4875 2 2 0 20 8 2405 248
4876 2 2 0 20 10 11 2394
4877 2 2 0 20 2394 11 2406
4878 2 2 0 20 2394 2406 2395
4879 2 2 0 20 2395 2406 2407
4880 2 2 0 20 2395 2407 2396
4881 2 2 0 20 2396 2407 2408
4882 2 2 0 20 2396 2408 2397
4883 2 2 0 20 2397 2408 2409
4884 2 2 0 20 2397 2409 2398
4885 2 2 0 20 2398 2409 2410
4886 2 2 0 20 2398 2410 2399
4887 2 2 0 20 2399 2410 2411
4888 2 2 0 20 2399 2411 2400
4889 2 2 0 20 2400 2411 2412
4890 2 2 0 20 2400 2412 2401
4891 2 2 0 20 2401 2412 2413
4892 2 2 0 20 2401 2413 2402
4893 2 2 0 20 2402 2413 2414
4894 2 2 0 20 2402 2414 2403
4895 2 2 0 20 2403 2414 2415
4896 2 2 0 20 2403 2415 2404
4897 2 2 0 20 2404 2415 2416
4898 2 2 0 20 2404 2416 2405
4899 2 2 0 20 2405 2416 2417
4900 2 2 0 20 2405 2417 248
4901 2 2 0 20 248 2417 247
4902 2 2 0 20 11 12 2406
4903 2 2 0 20 2406 12 2418
4904 2 2 0 20 2406 2418 2407
4905 2 2 0 20 2407 2418 2419
4906 2 2 0 20 2407 2419 2408
4907 2 2 0 20 2408 2419 2420
4908 2 2 0 20 2408 2420 2409
4909 2 2 0 20 2409 2420 2421
4910 2 2 0 20 2409 2421 2410
4911 2 2 0 20 2410 2421 2422
4912 2 2 0 20 2410 2422 2411
4913 2 2 0 20 2411 2422 2423
4914 2 2 0 20 2411 2423 2412
4915 2 2 0 20 2412 2423 2424
4916 2 2 0 20 2412 2424 2413
4917 2 2 0 20 2413 2424 2425
4918 2 2 0 20 2413 2425 2414
4919 2 2 0 20 2414 2425 2426
4920 2 2 0 20 2414 2426 2415
4921 2 2 0 20 2415 2426 2427
4922 2 2 0 20 2415 2427 2416
4923 2 2 0 20 2416 2427 2428
4924 2 2 0 20 2416 2428 2417
4925 2 2 0 20 2417 2428 2429
4926 2 2 0 20 2417 2429 247
4927 2 2 0 20 247 2429 246
4928 2 2 0 20 12 13 2418
4929 2 2 0 20 2418 13 2430
4930 2 2 0 20 2418 2430 2419
4931 2 2 0 20 2419 2430 2431
4932 2 2 0 20 2419 2431 2420
4933 2 2 0 20 2420 2431 2432
4934 2 2 0 20 2420 2432 2421
4935 2 2 0 20 2421 2432 2433
4936 2 2 0 20 2421 2433 2422
4937 2 2 0 20 2422 2433 2434
4938 2 2 0 20 2422 2434 2423
4939 2 2 0 20 2423 2434 2435
4940 2 2 0 20 2423 2435 2424
4941 2 2 0 20 2424 2435 2436
4942 2 2 0 20 2424 2436 2425
4943 2 2 0 20 2425 2436 2437
4944 2 2 0 20 2425 2437 2426
4945 2 2 0 20 2426 2437 2438
4946 2 2 0 20 2426 2438 2427
4947 2 2 0 20 2427 2438 2439
4948 2 2 0 20 2427 2439 2428
4949 2 2 0 20 2428 2439 2440
4950 2 2 0 20 2428 2440 2429
4951 2 2 0 20 2429 2440 2441
4952 2 2 0 20 2429 2441 246
4953 2 2 0 20 246 2441 245
4954 2 2 0 20 13 14 2430
4955 2 2 0 20 2430 14 2442
4956 2 2 0 20 2430 2442 2431
4957 2 2 0 20 2431 2442 2443
4958 2 2 0 20 2431 2443 2432
4959 2 2 0 20 2432 2443 2444
4960 2 2 0 20 2432 2444 2433
4961 2 2 0 20 2433 2444 2445
4962 2 2 0 20 2433 2445 2434
4963 2 2 0 20 2434 2445 2446
4964 2 2 0 20 2434 2446 2435
4965 2 2 0 20 2435 2446 2447
4966 2 2 0 20 2435 2447 2436
4967 2 2 0 20 2436 2447 2448
4968 2 2 0 20 2436 2448 2437
4969 2 2 0 20 2437 2448 2449
4970 2 2 0 20 2437 2449 2438
4971 2 2 0 20 2438 2449 2450
4972 2 2 0 20 2438 2450 2439
4973 2 2 0 20 2439 2450 2451
4974 2 2 0 20 2439 2451 2440
4975 2 2 0 20 2440 2451 2452
4976 2 2 0 20 2440 2452 2441
4977 2 2 0 20 2441 2452 2453
4978 2 2 0 20 2441 2453 245
4979 2 2 0 20 245 2453 244
4980 2 2 0 20 14 15 2442
4981 2 2 0 20 2442 15 2454
4982 2 2 0 20 2442 2454 2443
4983 2 2 0 20 2443 2454 2455
4984 2 2 0 20 2443 2455 2444
4985 2 2 0 20 2444 2455 2456
4986 2 2 0 20 2444 2456 2445
4987 2 2 0 20 2445 2456 2457
4988 2 2 0 20 2445 2457 2446
4989 2 2 0 20 2446 2457 2458
4990 2 2 0 20 2446 2458 2447
4991 2 2 0 20 2447 2458 2459
4992 2 2 0 20 2447 2459 2448
4993 2 2 0 20 2448 2459 2460
4994 2 2 0 20 2448 2460 2449
4995 2 2 0 20 2449 2460 2461
4996 2 2 0 20 2449 2461 2450
4997 2 2 0 20 2450 2461 2462
4998 2 2 0 20 2450 2462 2451
4999 2 2 0 20 2451 2462 2463
5000 2 2 0 20 2451 2463 2452
5001 2 2 0 20 2452 2463 2464
5002 2 2 0 20 2452 2464 2453
5003 2 2 0 20 2453 2464 2465
5004 2 2 0 20 2453 2465 244
5005 2 2 0 20 244 2465 243
5006 2 2 0 20 15 16 2454
5007 2 2 0 20 2454 16 2466
5008 2 2 0 20 2454 2466 2455
5009 2 2 0 20 2455 2466 2467
5010 2 2 0 20 2455 2467 2456
5011 2 2 0 20 2456 2467 2468
5012 2 2 0 20 2456 2468 2457
5013 2 2 0 20 2457 2468 2469
5014 2 2 0 20 2457 2469 2458
5015 2 2 0 20 2458 2469 2470
5016 2 2 0 20 2458 2470 2459
5017 2 2 0 20 2459 2470 2471
5018 2 2 0 20 2459 2471 2460
5019 2 2 0 20 2460 2471 2472
5020 2 2 0 20 2460 2472 2461
5021 2 2 0 20 2461 2472 2473
5022 2 2 0 20 2461 2473 2462
5023 2 2 0 20 2462 2473 2474
5024 2 2 0 20 2462 2474 2463
5025 2 2 0 20 2463 2474 2475
5026 2 2 0 20 2463 2475 2464
5027 2 2 0 20 2464 2475 2476
5028 2 2 0 20 2464 2476 2465
5029 2 2 0 20 2465 2476 2477
5030 2 2 0 20 2465 2477 243
5031 2 2 0 20 243 2477 242
5032 2 2 0 20 16 17 2466
5033 2 2 0 20 2466 17 2478
5034 2 2 0 20 2466 2478 2467
5035 2 2 0 20 2467 2478 2479
5036 2 2 0 20 2467 2479 2468
5037 2 2 0 20 2468 2479 2480
5038 2 2 0 20 2468 2480 2469
5039 2 2 0 20 2469 2480 2481
5040 2 2 0 20 2469 2481 2470
5041 2 2 0 20 2470 2481 2482
5042 2 2 0 20 2470 2482 2471
5043 2 2 0 20 2471 2482 2483
5044 2 2 0 20 2471 2483 2472
5045 2 2 0 20 2472 2483 2484
5046 2 2 0 20 2472 2484 2473
5047 2 2 0 20 2473 2484 2485
5048 2 2 0 20 2473 2485 2474
5049 2 2 0 20 2474 2485 2486
5050 2 2 0 20 2474 2486 2475
5051 2 2 0 20 2475 2486 2487
5052 2 2 0 20 2475 2487 2476
5053 2 2 0 20 2476 2487 2488
5054 2 2 0 20 2476 2488 2477
5055 2 2 0 20 2477 2488 2489
5056 2 2 0 20 2477 2489 242
5057 2 2 0 20 242 2489 241
5058 2 2 0 20 17 18 2478
5059 2 2 0 20 2478 18 2490
5060 2 2 0 20 2478 2490 2479
5061 2 2 0 20 2479 2490 2491
5062 2 2 0 20 2479 2491 2480
5063 2 2 0 20 2480 2491 2492
5064 2 2 0 20 2480 2492 2481
5065 2 2 0 20 2481 2492 2493
5066 2 2 0 20 2481 2493 2482
5067 2 2 0 20 2482 2493 2494
5068 2 2 0 20 2482 2494 2483
5069 2 2 0 20 2483 2494 2495
5070 2 2 0 20 2483 2495 2484
5071 2 2 0 20 2484 2495 2496
5072 2 2 0 20 2484 2496 2485
5073 2 2 0 20 2485 2496 2497
5074 2 2 0 20 2485 2497 2486
5075 2 2 0 20 2486 2497 2498
5076 2 2 0 20 2486 2498 2487
5077 2 2 0 20 2487 2498 2499
5078 2 2 0 20 2487 2499 2488
5079 2 2 0 20 2488 2499 2500
5080 2 2 0 20 2488 2500 2489
5081 2 2 0 20 2489 2500 2501
5082 2 2 0 20 2489 2501 241
5083 2 2 0 20 241 2501 240
5084 2 2 0 20 18 2 2490
5085 2 2 0 20 2490 2 239
5086 2 2 0 20 2490 239 2491
5087 2 2 0 20 2491 239 238
5088 2 2 0 20 2491 238 2492
5089 2 2 0 20 2492 238 237
5090 2 2 0 20 2492 237 2493
5091 2 2 0 20 2493 237 236
5092 2 2 0 20 2493 236 2494
5093 2 2 0 20 2494 236 235
5094 2 2 0 20 2494 235 2495
5095 2 2 0 20 2495 235 234
5096 2 2 0 20 2495 234 2496
5097 2 2 0 20 2496 234 233
5098 2 2 0 20 2496 233 2497
5099 2 2 0 20 2497 233 232
5100 2 2 0 20 2497 232 2498
5101 2 2 0 20 2498 232 231
5102 2 2 0 20 2498 231 2499
5103 2 2 0 20 2499 231 230
5104 2 2 0 20 2499 230 2500
5105 2 2 0 20 2500 230 229
5106 2 2 0 20 2500 229 2501
5107 2 2 0 20 2501 229 228
5108 2 2 0 20 2501 228 240
5109 2 2 0 20 240 228 9
$EndElements
