$MeshFormat
2.2 0 8
$EndMeshFormat
$Nodes
2501
1	0	0	0
2	50	0	0
3	300	0	0
4	300	65	0
5	300	200	0
6	50	200	0
7	0	200	0
8	0	65	0
9	50	65	0
10	4.99999999998078	0	0
11	9.99999999995704	0	0
12	14.9999999999311	0	0
13	19.9999999999200	0	0
14	24.9999999999118	0	0
15	29.9999999999037	0	0
16	34.9999999999180	0	0
17	39.9999999999453	0	0
18	44.9999999999727	0	0
19	55.0000000000000	0	0
20	60.0000000000000	0	0
21	65.0000000000000	0	0
22	69.9999999999999	0	0
23	74.9999999999999	0	0
24	79.9999999999999	0	0
25	84.9999999999999	0	0
26	89.9999999999999	0	0
27	94.9999999999999	0	0
28	99.9999999999999	0	0
29	105.000000000000	0	0
30	110.000000000000	0	0
31	115.000000000000	0	0
32	120.000000000000	0	0
33	125.000000000000	0	0
34	130.000000000000	0	0
35	135.000000000000	0	0
36	140.000000000000	0	0
37	145.000000000000	0	0
38	150.000000000000	0	0
39	155.000000000000	0	0
40	160.000000000000	0	0
41	165.000000000000	0	0
42	170.000000000000	0	0
43	175.000000000000	0	0
44	180.000000000000	0	0
45	185.000000000000	0	0
46	190.000000000000	0	0
47	195.000000000000	0	0
48	200.000000000000	0	0
49	205.000000000000	0	0
50	210.000000000000	0	0
51	215.000000000000	0	0
52	220.000000000000	0	0
53	225.000000000000	0	0
54	230.000000000000	0	0
55	235.000000000000	0	0
56	240.000000000000	0	0
57	245.000000000000	0	0
58	250.000000000000	0	0
59	255	0	0
60	260.000000000000	0	0
61	265.000000000000	0	0
62	270	0	0
63	275	0	0
64	280	0	0
65	285	0	0
66	290	0	0
67	295	0	0
68	300	5.00000000000104	0
69	300	10.0000000000038	0
70	300	15.0000000000027	0
71	300	20.0000000000016	0
72	300	25.0000000000005	0
73	300	29.9999999999993	0
74	300	34.9999999999982	0
75	300	39.9999999999971	0
76	300	44.9999999999960	0
77	300	49.9999999999950	0
78	300	54.9999999999939	0
79	300	59.9999999999928	0
80	300	70	0
81	300	75	0
82	300	80	0
83	300	85	0
84	300	90	0
85	300	95	0
86	300	100	0
87	300	105	0
88	300	110	0
89	300	115	0
90	300	120	0
91	300	125	0
92	300	130	0
93	300	135	0
94	300	140	0
95	300	145	0
96	300	150	0
97	300	155	0
98	300	160	0
99	300	165	0
100	300	170	0
101	300	175	0
102	300	180	0
103	300	185	0
104	300	190	0
105	300	195	0
106	295.000000000008	200	0
107	290.000000000016	200	0
108	285.000000000024	200	0
109	280.000000000032	200	0
110	275.000000000040	200	0
111	270.000000000048	200	0
112	265.000000000056	200	0
113	260.000000000063	200	0
114	255.000000000071	200	0
115	250.000000000079	200	0
116	245.000000000087	200	0
117	240.000000000095	200	0
118	235.000000000103	200	0
119	230.000000000111	200	0
120	225.000000000119	200	0
121	220.000000000127	200	0
122	215.000000000135	200	0
123	210.000000000143	200	0
124	205.000000000151	200	0
125	200.000000000159	200	0
126	195.000000000167	200	0
127	190.000000000175	200	0
128	185.000000000183	200	0
129	180.000000000190	200	0
130	175.000000000198	200	0
131	170.000000000206	200	0
132	165.000000000214	200	0
133	160.000000000222	200	0
134	155.000000000230	200	0
135	150.000000000238	200	0
136	145.000000000246	200	0
137	140.000000000254	200	0
138	135.000000000262	200	0
139	130.000000000270	200	0
140	125.000000000266	200	0
141	120.000000000245	200	0
142	115.000000000225	200	0
143	110.000000000204	200	0
144	105.000000000184	200	0
145	100.000000000163	200	0
146	95.0000000001427	200	0
147	90.0000000001222	200	0
148	85.0000000001017	200	0
149	80.0000000000812	200	0
150	75.0000000000608	200	0
151	70.0000000000403	200	0
152	65.0000000000207	200	0
153	60.0000000000125	200	0
154	55.0000000000063	200	0
155	45.0000000000269	200	0
156	40.0000000000538	200	0
157	35.0000000000807	200	0
158	30.0000000000946	200	0
159	25.0000000000859	200	0
160	20.0000000000774	200	0
161	15.0000000000658	200	0
162	10.0000000000395	200	0
163	5.00000000001846	200	0
164	0	195.000000000024	0
165	0	190.000000000049	0
166	0	185.000000000073	0
167	0	180.000000000098	0
168	0	175.000000000122	0
169	0	170.000000000147	0
170	0	165.000000000171	0
171	0	160.000000000196	0
172	0	155.000000000220	0
173	0	150.000000000245	0
174	0	145.000000000269	0
175	0	140.000000000294	0
176	0	135.000000000318	0
177	0	130.000000000342	0
178	0	125.000000000338	0
179	0	120.000000000310	0
180	0	115.000000000282	0
181	0	110.000000000253	0
182	0	105.000000000225	0
183	0	100.000000000197	0
184	0	95.0000000001689	0
185	0	90.0000000001408	0
186	0	85.0000000001126	0
187	0	80.0000000000845	0
188	0	75.0000000000563	0
189	0	70.0000000000281	0
190	0	60.0000000000057	0
191	0	55.0000000000197	0
192	0	50.0000000000337	0
193	0	45.0000000000477	0
194	0	40.0000000000616	0
195	0	35.0000000000756	0
196	0	30.0000000000773	0
197	0	25.0000000000640	0
198	0	20.0000000000507	0
199	0	15.0000000000374	0
200	0	10.0000000000241	0
201	-0.916716268941161	6.17678520307690	0
202	50.3518430056890	195.402919335024	0
203	49.4692798374661	190.252223123654	0
204	51.1199372326484	185.700984456934	0
205	50.7711513790550	179.548369022612	0
206	50.7561767745274	176.021622881627	0
207	50.1218575572131	168.703363912227	0
208	50.1173434226137	163.929862447904	0
209	48.7349619539957	159.691054905136	0
210	49.5358183938568	153.703636814048	0
211	50.5809180283146	150.808104437267	0
212	49.3240689227466	144.709157767242	0
213	48.9301549971168	139.978425626144	0
214	50.3482944012343	134.799215515655	0
215	50.1431685241385	130.541485417019	0
216	48.7951224447691	123.948976646596	0
217	50.5678835223803	120.351543427805	0
218	49.4334704436497	115.440584958307	0
219	51.2445593423841	111.280896556093	0
220	50.8385298419694	103.697656215739	0
221	50.1134184342869	101.344540387914	0
222	49.7067261308555	93.6452770127755	0
223	50.9161950387780	89.0113594654986	0
224	49.0064123510817	85.0944519888911	0
225	50.7275174424085	78.9240539355359	0
226	49.3567311952770	74.2668143660331	0
227	49.2322083914379	71.1729116843442	0
228	49.2874466594519	60.6594694991490	0
229	49.5986864375916	54.6960414676599	0
230	51.1972744525238	48.6215204403914	0
231	51.0469193822506	46.4240307448380	0
232	50.0352228217683	40.5535809152381	0
233	48.8199998918750	34.8335017733816	0
234	50.2926378251162	30.9363028446611	0
235	50.1831638608008	26.2314614342068	0
236	48.5256973114325	19.1106975596411	0
237	50.0537207003646	15.2515685328540	0
238	49.2961990187433	11.3722240996593	0
239	49.9041243256620	4.32408756533607	0
240	45.0000000000269	65	0
241	40.0000000000538	65	0
242	35.0000000000807	65	0
243	30.0000000000946	65	0
244	25.0000000000859	65	0
245	20.0000000000774	65	0
246	15.0000000000658	65	0
247	10.0000000000395	65	0
248	5.00000000001846	65	0
249	295.000000000008	65	0
250	290.000000000016	65	0
251	285.000000000024	65	0
252	280.000000000032	65	0
253	275.000000000040	65	0
254	270.000000000048	65	0
255	265.000000000056	65	0
256	260.000000000063	65	0
257	255.000000000071	65	0
258	250.000000000079	65	0
259	245.000000000087	65	0
260	240.000000000095	65	0
261	235.000000000103	65	0
262	230.000000000111	65	0
263	225.000000000119	65	0
264	220.000000000127	65	0
265	215.000000000135	65	0
266	210.000000000143	65	0
267	205.000000000151	65	0
268	200.000000000159	65	0
269	195.000000000167	65	0
270	190.000000000175	65	0
271	185.000000000183	65	0
272	180.000000000190	65	0
273	175.000000000198	65	0
274	170.000000000206	65	0
275	165.000000000214	65	0
276	160.000000000222	65	0
277	155.000000000230	65	0
278	150.000000000238	65	0
279	145.000000000246	65	0
280	140.000000000254	65	0
281	135.000000000262	65	0
282	130.000000000270	65	0
283	125.000000000266	65	0
284	120.000000000245	65	0
285	115.000000000225	65	0
286	110.000000000204	65	0
287	105.000000000184	65	0
288	100.000000000163	65	0
289	95.0000000001427	65	0
290	90.0000000001222	65	0
291	85.0000000001017	65	0
292	80.0000000000812	65	0
293	75.0000000000608	65	0
294	70.0000000000403	65	0
295	65.0000000000207	65	0
296	60.0000000000125	65	0
297	55.0000000000063	65	0
298	53.5360830910759	6.26310050638595	0
299	55.3255363944350	9.70204401586510	0
300	54.3213546429495	14.8316895293026	0
301	56.2260251290188	18.7012007489546	0
302	56.0738278242773	25.1072358254373	0
303	54.7855229917795	30.1621277072566	0
304	54.1546271968199	34.2820602003567	0
305	55.1159766109418	41.2286099653875	0
306	55.5547496067327	43.5362199423693	0
307	55.6691546087633	50.6759209601619	0
308	54.6146361899893	56.0695718593984	0
309	55.5077121450953	60.0691522296270	0
310	59.0845286040499	5.27793798166775	0
311	59.2907300932785	9.98760077996741	0
312	60.3468500250810	13.6827725929085	0
313	60.4993515475116	20.4186498342390	0
314	60.1274418412090	24.4616911193509	0
315	59.6761046155914	31.4793719787195	0
316	61.2436561725799	34.2122928969240	0
317	59.3197824069129	40.4433682943202	0
318	58.7543866129663	44.0467533461741	0
319	58.9829635103038	49.4413080796485	0
320	58.5990600986666	55.1341061828469	0
321	60.7871843594914	59.4595722214243	0
322	65.4745725101475	3.80916971057833	0
323	63.6865000882228	10.7822546977749	0
324	63.8518121094479	16.0753724590086	0
325	65.8684651361137	19.2808205985820	0
326	64.7701194193074	25.6389316531561	0
327	64.6030807550939	29.8726733499275	0
328	65.8133551625478	35.0472760652508	0
329	65.9014935004845	39.4803449701427	0
330	64.7102034617964	44.6918665471033	0
331	64.6529343320892	50.0500350805715	0
332	64.2146085409511	55.1079759422395	0
333	64.4904052399341	61.4191078328603	0
334	70.0334318006458	6.47445710281931	0
335	71.3030413691654	10.9121718425408	0
336	69.5521762084142	14.2055773639945	0
337	71.3695186830711	21.3339136359078	0
338	69.5916143419141	23.6098255798292	0
339	70.0143114058270	29.7736085842844	0
340	69.2022524163125	34.6841469730614	0
341	70.7675081078519	40.2804815449893	0
342	70.8788292510631	46.3243354348341	0
343	68.7333869824034	50.1505581086648	0
344	71.2862974686123	54.2807084277319	0
345	70.8873353928241	60.4615353603718	0
346	75.2449397962328	5.12833736013382	0
347	73.7088438275895	10.7829372357862	0
348	75.4408128018783	15.5427334265924	0
349	74.0298901199405	20.0417983321886	0
350	74.0263241051474	24.7854250025256	0
351	74.8226278085766	31.0346675950075	0
352	74.1200010480619	35.7256919563073	0
353	75.9597443343856	40.0757790840215	0
354	75.8250224068949	43.8784121414646	0
355	74.8852890621905	48.8261328198649	0
356	76.2565216892166	54.7881156615115	0
357	75.7851003579582	59.8733647405350	0
358	80.1407271989925	6.02217231512075	0
359	79.1384447653566	11.2070121302982	0
360	80.1721914519261	15.4212056731567	0
361	78.8520085251357	20.8350040160845	0
362	81.3567689481669	24.0853742589106	0
363	80.7860518775843	30.5510001843816	0
364	79.7841541499382	35.6342681341062	0
365	80.0459127069202	40.7720395448665	0
366	79.3213707093544	45.8788446527556	0
367	78.5108219875175	50.5175080371098	0
368	80.9590936446174	53.8590142274802	0
369	80.9039753691953	60.6379110749086	0
370	85.6678687315146	4.62356811458103	0
371	83.5997987929119	9.19194743350779	0
372	85.4352700975541	15.8260972346204	0
373	85.1944455945192	19.8282586837733	0
374	83.5132803906898	25.6562500880445	0
375	86.4756359004779	31.4158581978369	0
376	86.3009741449215	36.0581481428471	0
377	85.7548145308606	39.4159201722032	0
378	85.6368533847014	46.3317520228731	0
379	85.0437582410045	51.3234847225818	0
380	83.6045770119624	54.8773840713593	0
381	85.7719619394000	60.8482726574924	0
382	89.2066868139171	4.80628100612360	0
383	89.9505822172051	10.1289914998848	0
384	89.2757104886844	15.4764373679587	0
385	88.5395631268643	20.1162464885718	0
386	90.4591395628979	23.6172572564689	0
387	89.6931089924286	29.2401706621053	0
388	89.7650803958744	35.4247670871950	0
389	89.1136159156395	39.0262956674322	0
390	90.8806523453923	46.0675488747619	0
391	90.6282339428833	49.7962897929148	0
392	88.7276919430798	56.3537186983996	0
393	91.1122966762544	60.3396777599184	0
394	94.7514449299213	5.38444185987080	0
395	93.6000360276663	11.0810266546484	0
396	94.6659968098228	16.2522736353356	0
397	96.2204106756218	20.1557800388785	0
398	95.0586401672175	25.9590069658367	0
399	95.3223254950591	29.8709685333135	0
400	95.6298308221787	36.4099026892497	0
401	94.6737828062501	38.5175813390615	0
402	94.3782239295294	43.7800189551476	0
403	96.4669576582336	51.1818766296311	0
404	96.1849637012600	56.0971709962797	0
405	93.8497950433609	59.7153950715769	0
406	101.176864337895	4.47156896312153	0
407	100.402016883731	9.19922165820477	0
408	101.343645864991	14.2156574639418	0
409	99.7969123338411	21.3696717113390	0
410	99.7967927678445	25.3592283784145	0
411	101.167163096285	28.6715148410486	0
412	101.153593660197	35.6136347118800	0
413	99.9884214704510	39.2962167544925	0
414	99.4430381829697	43.9094243676414	0
415	99.5201187970234	50.4436188690429	0
416	99.9832085197519	54.8990042552397	0
417	98.9460208629141	59.2270038137560	0
418	103.612035970524	6.34234816565956	0
419	106.170132036225	9.92579346226351	0
420	103.761538615909	14.8510389422059	0
421	104.061696068695	20.8383091378322	0
422	105.502212765377	24.9629058274632	0
423	104.431044003930	28.8632432269029	0
424	106.079191318917	35.9174944944294	0
425	105.680303181109	39.0657257124552	0
426	103.665556709665	44.8189306524223	0
427	105.712562654377	50.0223157832820	0
428	105.582995448394	55.0023452371640	0
429	106.213072244145	60.3755239803455	0
430	111.260525265381	6.27828165554390	0
431	109.449865997762	8.52571996129729	0
432	109.899528329841	16.4492688607488	0
433	108.912744140113	19.0935306908291	0
434	108.782287127906	24.5662803816970	0
435	110.117456680418	31.4570284648337	0
436	108.911077666224	34.9496705557813	0
437	109.513250100896	39.0038914271330	0
438	109.554766505006	46.3758341458704	0
439	110.006188562752	51.4301098228706	0
440	110.523587446562	54.4134513683643	0
441	108.554512321415	60.4990445890187	0
442	115.719359079169	3.96507779552648	0
443	115.664741596960	9.78685170720055	0
444	114.241186130519	15.1344766190957	0
445	116.340624226824	19.1631688327818	0
446	113.848409334412	26.3358684083871	0
447	113.904003173683	29.8937521251682	0
448	113.949405263911	34.9032598138584	0
449	116.299542096389	38.7281187931031	0
450	113.974972124753	44.3670493328498	0
451	113.853848053797	50.9871059482648	0
452	114.596231295285	55.3007679454169	0
453	115.995632131801	59.4079357515776	0
454	121.365527723360	3.91763246343899	0
455	121.003083259946	9.61558934408480	0
456	118.751758580787	14.6423624950661	0
457	120.331711977197	21.3748681220722	0
458	119.106484124951	26.1458379624067	0
459	120.265386171276	29.1084821840804	0
460	121.275005824513	33.7636591341129	0
461	119.710848413245	39.8742845331916	0
462	121.314203865468	43.8665141443667	0
463	120.719429606744	50.9200429552463	0
464	118.698200297463	53.9312165216215	0
465	118.931136127035	59.1935814932066	0
466	126.099398104205	5.62084550825247	0
467	124.467296542719	10.8361995240067	0
468	125.788644644840	15.5645405026951	0
469	126.141778249760	18.8551034737902	0
470	125.015726059426	25.5000367638026	0
471	124.912295622675	30.0512845560234	0
472	125.554630399626	33.6501291775837	0
473	124.384708542893	41.2268193914852	0
474	125.464781904825	46.1756226202809	0
475	126.219183419458	48.8501997664510	0
476	125.908645330080	54.7739871166334	0
477	125.654427497370	60.3169665550176	0
478	130.581945725264	4.64091763774505	0
479	130.299778040732	9.25566084624125	0
480	130.433302609834	15.8233741813705	0
481	129.633985704248	21.4015727039076	0
482	130.346325669301	25.1114949471946	0
483	128.721206926369	30.8303417039895	0
484	129.127835708462	33.9088571568559	0
485	129.438930292260	39.4341242585382	0
486	131.136945430866	44.1361553880933	0
487	129.109209426226	50.6938236087163	0
488	129.268151797759	56.0486790825618	0
489	130.995371374812	59.9967219714584	0
490	134.822787763541	5.50834567578018	0
491	136.347799014311	9.79027533580341	0
492	135.270639921538	14.1765867304510	0
493	135.134537501003	19.3950244727527	0
494	135.514488457268	26.4843432290435	0
495	134.519691944214	30.9597477884576	0
496	136.451282798573	34.4396764402866	0
497	134.719688615238	41.3094521059591	0
498	136.369814047803	45.6064452284193	0
499	135.882810090290	51.0861045567398	0
500	136.345266074815	53.8319016801846	0
501	134.999715746858	59.1929490877755	0
502	138.832572015170	4.92558407153490	0
503	140.181679366728	11.2540439304379	0
504	140.420392511033	15.3025816983015	0
505	140.462268979098	19.2629051223442	0
506	140.895659252376	24.8296442381893	0
507	140.958371603415	28.9922621384151	0
508	139.030311163009	35.2672660047754	0
509	140.209821094483	40.0726243577151	0
510	138.817158602906	45.7382297787504	0
511	140.927607782771	48.9343846744313	0
512	139.455256759958	55.8926582669314	0
513	140.754177130127	58.9912327177371	0
514	146.290300917323	4.15691664169474	0
515	146.445252273205	8.55769177053283	0
516	143.669946465467	15.7645397992623	0
517	146.030710562326	19.7440619085408	0
518	145.541257976878	24.7040920717106	0
519	145.017399665551	30.9337752309632	0
520	144.386144110985	33.6047220235502	0
521	144.396594712685	40.5602802570462	0
522	146.282340929342	44.2617760217936	0
523	146.419586400981	49.4302275206492	0
524	146.439025668728	54.9518859234021	0
525	145.449073104764	60.9831011620865	0
526	148.963305274426	4.80583182086472	0
527	149.079334976459	9.44656520125370	0
528	151.314965015879	15.6150518607903	0
529	149.252415393645	20.1150391565125	0
530	149.163858406187	23.8941222238924	0
531	150.941191783888	30.7835722782127	0
532	149.824227163975	34.7347319230556	0
533	150.790033397039	40.7788182073981	0
534	148.950806054091	43.9824186985046	0
535	148.775716095858	50.4914235141821	0
536	149.029355290655	53.7957661258305	0
537	149.128422907936	60.8149562170717	0
538	155.091916136065	3.56760887399531	0
539	154.269095485678	9.36302820332849	0
540	156.432267983152	15.6176588954840	0
541	153.623534765373	20.9365776498080	0
542	155.857780305570	25.6635646665231	0
543	155.649422306715	30.9747607817023	0
544	155.717856151291	36.1667930516443	0
545	154.748654934299	39.5310870158925	0
546	155.051150752721	44.9183973808033	0
547	154.796614077858	50.5189651840970	0
548	154.037667195844	53.8305541566823	0
549	155.176028616213	58.9117528570758	0
550	159.376410712671	6.01690951950843	0
551	159.273439043264	9.68184953592858	0
552	160.302253005797	15.9912370980316	0
553	160.572078141448	18.5646089978246	0
554	159.931924037190	26.4237162833545	0
555	158.845801141291	28.8183339929425	0
556	160.420181978794	35.6475305238814	0
557	159.914651950229	41.3693722091031	0
558	161.499918315535	46.0080106870790	0
559	159.533211220638	49.6940706011235	0
560	159.189995434849	55.8448794692776	0
561	158.713416984212	59.9145718723004	0
562	163.589973189853	4.47896465880302	0
563	163.990153073564	9.21514818880885	0
564	164.166462741431	14.0048780808205	0
565	164.622397510221	18.9213833686527	0
566	166.171067487877	25.0973492548501	0
567	163.973266178461	28.5213763453775	0
568	165.218458111763	33.7152994668567	0
569	165.347511036085	41.0560876662628	0
570	164.698441071607	45.3090909326998	0
571	163.931484700654	49.6873275088767	0
572	166.093823628559	55.6811984136542	0
573	165.693614728020	58.5963072581489	0
574	170.639209536116	5.11519410349786	0
575	169.257603310617	10.0981030830477	0
576	171.348955946941	13.7250162979723	0
577	170.556661259774	21.4550942417546	0
578	169.130704948033	23.5949960777820	0
579	169.078513288888	30.5160023381718	0
580	170.454324811478	34.7258096120251	0
581	168.886329761429	39.5665313450374	0
582	168.823045746846	44.2711160990428	0
583	171.213836156993	49.3809388782779	0
584	169.294682121477	54.3248133113522	0
585	168.730859040678	59.2431786415742	0
586	174.411138810082	4.41143198328495	0
587	175.501143701846	10.7319552477923	0
588	175.392566312304	14.1714700573139	0
589	173.740426332022	20.0315489645577	0
590	174.602083127667	25.3454649744941	0
591	176.263436293820	29.2836238810166	0
592	175.947754537898	36.2317341195117	0
593	174.276813945664	38.7296976935319	0
594	174.683675270103	44.9839346068501	0
595	175.535691906718	48.5871440657841	0
596	173.515028724984	55.1016555657414	0
597	174.825939042275	59.6052766114125	0
598	178.784687453865	4.03373684182510	0
599	180.065617975810	9.22894529666174	0
600	179.679459315953	15.2077795320011	0
601	181.462805895103	18.6987284208515	0
602	180.472882228810	24.1053536770262	0
603	180.232071416787	31.0171199998495	0
604	180.788951683039	35.6719731302750	0
605	180.896439281856	40.7858000555388	0
606	181.226859145769	44.4692613349810	0
607	179.427070078422	50.6573608175698	0
608	179.000792830312	54.1376989124437	0
609	181.066043923149	59.3853596738149	0
610	184.333831904902	4.44837763139980	0
611	184.086129612505	9.08173186903962	0
612	184.746819758974	14.3095890018088	0
613	183.800912759421	18.6861516615383	0
614	183.530690051050	24.7618311833022	0
615	183.627019578696	31.0432440935460	0
616	185.221770889715	34.5535109159456	0
617	184.281603652229	41.2761101881578	0
618	185.050793598527	45.5055422952653	0
619	185.328877297074	50.1953524576864	0
620	184.032451083188	54.0125279876724	0
621	183.705696022093	59.9698846512494	0
622	191.349972805563	6.33581423011074	0
623	190.538974717872	10.5418138423440	0
624	190.689867488292	16.1039455796364	0
625	190.205558594125	21.4214125559574	0
626	189.984801677746	24.7972013104961	0
627	189.659469233978	30.8581063211888	0
628	188.722990653223	35.2936818817355	0
629	189.598141280912	40.4633742734840	0
630	190.793743031744	43.6839028970891	0
631	189.053313003576	49.5687331754735	0
632	190.057128852618	54.8837762997514	0
633	190.945929379701	59.5161807615389	0
634	194.935162607938	3.61866448456013	0
635	194.558611995731	9.70231747048109	0
636	195.873800960785	16.0334791167492	0
637	193.804286769076	19.8694079641332	0
638	196.021880829483	25.9036785285467	0
639	195.370751224169	29.6327552096064	0
640	194.559380188388	35.1752571251777	0
641	193.763628780135	39.7087799271843	0
642	196.470910370744	45.7228739201306	0
643	193.752433292502	50.8751733882534	0
644	195.906941769360	55.4576585761705	0
645	193.970451868873	61.4576147688833	0
646	201.379588968386	6.44843488487399	0
647	200.905297758501	9.84302865177452	0
648	198.862499808141	16.4410457475494	0
649	201.126835354886	21.0376971439861	0
650	201.101789869781	23.6068893905063	0
651	199.868210275715	29.7713051388548	0
652	198.629656834851	36.3741109926138	0
653	198.949577979500	40.9271291685772	0
654	201.470530346659	44.3985301277950	0
655	199.975613795528	49.1779426250742	0
656	201.291434208322	54.0357997911146	0
657	198.663568986142	59.6614648499078	0
658	204.427787312916	4.23641353147706	0
659	206.133336825803	9.99373746978888	0
660	203.610353414037	14.7219420720350	0
661	206.382945368713	20.8845905317687	0
662	205.030339269521	25.1907351338562	0
663	206.238518885416	30.4086800698852	0
664	205.221280395145	33.8891779227858	0
665	205.667549716565	39.7685027828733	0
666	206.210843384569	44.7370710124818	0
667	205.856921775444	49.2033598828702	0
668	205.256379143411	54.5050614259594	0
669	205.872946315498	60.3200007764580	0
670	210.744873214185	5.00039961465205	0
671	209.442722507600	10.9564440564037	0
672	210.006469089006	14.2136160671015	0
673	210.725061161577	19.5845254041246	0
674	210.103186451971	24.8835096615605	0
675	210.594141006035	30.7256194897637	0
676	210.530704720326	35.4920504691585	0
677	210.798723319971	38.8161024836156	0
678	210.404037587912	43.7973260094137	0
679	210.117008979449	50.4824402468734	0
680	210.335989958754	55.5431030517486	0
681	210.900910984626	60.5020180735510	0
682	215.343966125985	4.88683597218993	0
683	213.677057921145	11.3377963955185	0
684	214.527684902652	15.3841420176704	0
685	215.085909271140	18.5716166316865	0
686	214.505460272813	23.5520271644535	0
687	215.225596037019	28.6594838637201	0
688	214.199188809578	35.8067161029460	0
689	213.965693351658	40.2684217610576	0
690	215.781772328269	44.7467237939664	0
691	213.940386148674	50.9517521471966	0
692	214.858278615409	55.9597329182007	0
693	214.381985867785	59.8334228647955	0
694	218.528498275546	6.44414617081792	0
695	221.314226371591	10.1933071143479	0
696	218.786202125972	16.3155764730264	0
697	219.884088900514	19.4121945387787	0
698	220.598763249941	26.0374194831387	0
699	219.700619172128	30.0251079393708	0
700	221.167096676326	36.4470840630673	0
701	220.336275228094	39.4952417428850	0
702	221.429142334106	44.7545271616123	0
703	220.191363321920	51.0747985549176	0
704	219.033132634128	54.9520299952286	0
705	219.676524498226	61.4756042613131	0
706	224.244552340345	5.33385280888161	0
707	223.905972791664	9.42861554211890	0
708	225.982003974680	15.6470684760559	0
709	223.883092860187	18.9851172263945	0
710	223.810988520639	24.1297357481964	0
711	224.176290346561	28.9890317853391	0
712	225.142317664067	34.4595402356559	0
713	226.129311550808	40.3730674595317	0
714	224.496036095238	43.6868776854232	0
715	224.611742395088	49.1147277140072	0
716	225.858313533249	55.4527980107651	0
717	225.000289871293	59.2089613575051	0
718	228.771216648235	4.00376577692027	0
719	229.510778522614	9.28333940246936	0
720	228.688836874442	14.2874059067897	0
721	229.549655471883	20.7394793101765	0
722	230.614445109285	23.8737365002781	0
723	230.442248838687	29.8693295726256	0
724	228.930138013223	35.2705617998835	0
725	228.568106635966	41.0272230946536	0
726	229.065994529435	46.0992913401720	0
727	230.006124106558	50.6513253098824	0
728	229.120083783334	56.0408890939915	0
729	231.007923658924	58.9154749777281	0
730	235.518892986376	3.90261243332914	0
731	233.550315224367	9.29030711577308	0
732	234.947027567215	14.2714374046926	0
733	233.855409735105	18.9033327909932	0
734	234.003652431038	26.0905749752862	0
735	233.984598755067	30.2455396503635	0
736	234.559166776369	36.3232954089345	0
737	234.849655842232	39.9925245074961	0
738	236.026892966901	45.6385771950863	0
739	236.237803346950	48.6847921110500	0
740	235.788055405856	53.6358105244639	0
741	233.568062842971	61.2905866830239	0
742	241.279826016435	3.51882686474149	0
743	240.217131812275	9.66699244792297	0
744	241.187158725539	14.9043731791653	0
745	241.153909865506	19.3540497540996	0
746	240.803436761313	26.0592027753473	0
747	239.032821103732	29.8684511037383	0
748	239.878333788144	34.1063988461246	0
749	240.367832824964	41.0022404776030	0
750	239.912452742969	43.5067514128602	0
751	239.979898568565	51.0589076332787	0
752	240.563668270609	54.9072703390540	0
753	238.602476868068	60.6907063896798	0
754	243.773600892194	5.18913447853266	0
755	243.507461415455	8.58996808955314	0
756	245.968292765497	16.1185335462978	0
757	245.340220886853	19.8152037030510	0
758	244.792388550095	25.6457122745508	0
759	246.312091965300	28.6989255113292	0
760	243.578560975233	36.3266552848917	0
761	244.045103075075	40.8504040065166	0
762	244.783474811669	46.3519117032437	0
763	244.169408133622	49.6199992238668	0
764	245.567581007841	55.2129112832109	0
765	244.424288546537	58.5581580792277	0
766	249.850208759761	4.95564098538314	0
767	248.928842611187	9.09701103256406	0
768	250.935735372481	14.5936426113573	0
769	251.321812161461	19.5925662361102	0
770	248.541157424158	25.1123163861047	0
771	249.830117850773	30.8021927853962	0
772	250.164318092618	36.1681469147761	0
773	249.466753543366	38.5692567209043	0
774	251.113794492675	45.2619482367615	0
775	248.937577848134	48.5489251910618	0
776	251.332578936352	53.6394436659377	0
777	250.265544430669	59.6429784291494	0
778	255.462161856044	5.53507347912600	0
779	253.997656052001	10.0547639314744	0
780	255.452562813510	16.3025430997043	0
781	256.407015587222	21.3695091335491	0
782	256.040653505864	25.9474250159638	0
783	255.095461429256	29.7402958254866	0
784	255.090968432723	33.7379174249139	0
785	254.908446211105	38.5080147343200	0
786	255.759251646162	45.1261216415669	0
787	256.277787916082	50.3344794243437	0
788	256.196632800754	56.0861496108473	0
789	254.553139036610	59.5683736326517	0
790	261.058444122154	6.04159413074010	0
791	260.741879182366	9.85605805622489	0
792	259.180093867163	15.7685028244250	0
793	261.032469929792	20.9924279748893	0
794	259.183448187532	24.9566430648975	0
795	260.761414452979	30.1935716879964	0
796	259.709652216598	34.2336577846706	0
797	259.526847046870	41.2736140941849	0
798	258.944189700534	44.9022860085023	0
799	259.259995162491	50.4351740575379	0
800	260.932303559791	56.2902202771369	0
801	259.317844153417	59.5436860828002	0
802	264.003176102665	4.56870839229135	0
803	266.442094380685	10.7746328759109	0
804	265.537741660837	13.8988203119296	0
805	263.684136139625	20.1721362246807	0
806	264.926231154049	24.6156867309511	0
807	263.709921470736	29.8471576409274	0
808	264.659957954138	34.8998250269937	0
809	265.374167158660	39.0395104492479	0
810	266.198236264301	44.5575187165524	0
811	265.842178532088	50.9972284465143	0
812	265.240350426888	53.5393137118765	0
813	265.558290181048	60.4516468248078	0
814	271.475469389694	6.44739849916227	0
815	268.955091465210	9.30629849744407	0
816	269.471168882027	15.5063389633750	0
817	268.855016255082	18.7995249163579	0
818	268.781469761464	25.8226369614716	0
819	270.236516584005	28.5215957051676	0
820	269.914144130463	35.3379242589773	0
821	271.181515187883	39.3281496269521	0
822	268.968462529160	44.7244895561050	0
823	268.731784757558	51.4518499341551	0
824	269.489758917921	56.0919624910988	0
825	269.124919246302	61.3049765389613	0
826	274.135161227399	4.40764039786340	0
827	273.620102702028	9.69684418509017	0
828	276.448622313580	15.1849944423855	0
829	274.145184167075	18.8628273736169	0
830	274.697364952425	24.2735105697089	0
831	273.684850630044	31.0641953043519	0
832	274.840553404322	34.0350924007606	0
833	275.720292715150	41.3383191794963	0
834	273.934721069111	46.1368377860901	0
835	275.035172701055	50.6044663362303	0
836	275.930800641806	54.7699782181130	0
837	274.281122818179	60.3667792702104	0
838	279.028238717848	6.33965336313343	0
839	279.402777211605	9.83318628208309	0
840	278.801399138672	16.4753633666728	0
841	279.542206601053	21.0143585894614	0
842	280.124801273002	24.9645032586855	0
843	278.766715188318	31.2486342045619	0
844	280.418313267126	34.0982895710711	0
845	280.042586567701	39.9607566560908	0
846	278.531363217211	45.3036535564994	0
847	280.653357139883	50.1723928177528	0
848	280.581334395020	56.1188484124562	0
849	280.229300208472	60.7266358207249	0
850	285.924353379492	4.47542976728984	0
851	283.613540171224	8.63059759016630	0
852	284.461338049392	14.5632196270986	0
853	284.744378236189	20.7794586931705	0
854	286.081139407256	26.4003343063400	0
855	285.429250835184	30.8135306454520	0
856	284.685064583232	34.3571874276339	0
857	284.639468518435	39.5877432441313	0
858	285.518036804766	45.7063762159180	0
859	283.725315391290	49.1752237045508	0
860	285.361016472536	56.2187981120299	0
861	285.306037287214	58.5500436941541	0
862	290.544187010957	5.84210813082700	0
863	291.428311345040	10.3840822243969	0
864	290.133726259546	14.9281006409709	0
865	289.479154208524	18.5029316383658	0
866	290.429882212394	23.7205444177960	0
867	290.602632608878	29.8756897808986	0
868	289.651747454948	35.2766009254217	0
869	291.200761270409	39.7517623083630	0
870	288.760224809475	45.6071699043444	0
871	288.613587041741	50.5838095170577	0
872	289.278844575499	55.3524850809581	0
873	289.472382889515	59.7270968117356	0
874	295.708843614203	4.58279011855729	0
875	296.187936913637	8.53887162515995	0
876	295.726766589339	16.3955692370815	0
877	295.076783663042	18.9211217622166	0
878	296.383092432482	24.1596112461491	0
879	294.243269437757	29.4413288390117	0
880	295.195003350518	36.1700061810828	0
881	295.294491927334	38.8397983330027	0
882	295.546020785081	43.9802754628185	0
883	295.304463129909	48.6574523135828	0
884	294.408712518375	55.9197198444988	0
885	294.469979114283	60.9605837263199	0
886	293.972947789292	69.5438819841539	0
887	295.291302122779	76.4913144529420	0
888	295.232163702181	79.3345815176241	0
889	295.950102101605	84.9526170973878	0
890	294.151072897634	90.8496915752607	0
891	294.017390794332	93.9821633291407	0
892	295.490864488605	101.113573296843	0
893	294.434880530870	105.794783687590	0
894	295.658317244516	109.982125216595	0
895	293.913204538286	115.301064222353	0
896	294.995769743483	118.689891731125	0
897	294.582396839717	124.147205296514	0
898	293.978354443257	129.003162380296	0
899	294.533278829403	133.644656627985	0
900	293.638288936169	140.123586510933	0
901	294.453757150416	146.347385521355	0
902	294.204506720373	149.374177532982	0
903	294.650910919182	154.935394795706	0
904	294.330558834707	159.255291944938	0
905	294.929745942853	164.460541031098	0
906	296.334883012918	170.339892944168	0
907	294.509643541141	175.709236645466	0
908	294.712317562866	181.474128829975	0
909	294.650280815754	183.559491833457	0
910	294.516476541276	191.220699162555	0
911	295.248161038244	195.702550848731	0
912	289.994730103048	69.0065478254193	0
913	290.103579797461	76.3274143615433	0
914	289.065218177125	79.2144675343719	0
915	291.273151878813	86.3079721673195	0
916	290.784519887658	89.5212561511186	0
917	291.149697337218	94.2404746661795	0
918	289.892875646980	100.355701141550	0
919	290.253338504194	106.274901102725	0
920	289.909039369374	110.410622779489	0
921	290.716305516467	116.437546277451	0
922	289.346210740759	120.906430274130	0
923	288.902481303116	124.947623870189	0
924	291.140330154373	130.259815591631	0
925	289.212112098720	135.929154150038	0
926	290.980562187033	139.654467325064	0
927	289.794833744974	145.476843333829	0
928	289.737166802133	150.330083283464	0
929	291.162752770146	155.141001994323	0
930	289.429956683426	159.107629259052	0
931	290.759186219513	165.091742219275	0
932	290.977860662559	170.239762689549	0
933	290.029863021234	174.199745015669	0
934	289.455681552623	181.495917706281	0
935	290.937025450605	184.444650989617	0
936	291.107367875712	189.107966594192	0
937	289.357470586098	194.285926831368	0
938	283.784388963543	70.9488499295848	0
939	284.833355572870	76.1316852216026	0
940	285.668193809993	80.4186426496958	0
941	284.664248142459	86.2334456029633	0
942	285.873196282952	90.1944515391506	0
943	285.423865697782	95.2143545773046	0
944	283.580596194334	100.710040165756	0
945	283.752827800371	103.842728255295	0
946	285.208428383932	109.549490035257	0
947	286.279335611235	114.959650064977	0
948	283.934119295470	118.840982152682	0
949	285.353490494795	125.705385358058	0
950	284.594625549080	130.133174097519	0
951	285.950473849129	133.888108055756	0
952	285.205349072750	138.676779844633	0
953	286.459039184573	143.814471362844	0
954	285.459275572431	148.706491229931	0
955	284.097612786732	154.580712854266	0
956	283.755530068496	159.830289739439	0
957	283.879237400166	164.492429946982	0
958	286.461056115289	168.948150016704	0
959	286.387798738820	176.122932925884	0
960	286.119828158061	180.223398514572	0
961	285.803202581622	186.484571381684	0
962	285.207167210052	189.300278372456	0
963	283.665270952134	194.188735919700	0
964	280.903593078303	70.0167023168425	0
965	279.924763387179	74.8377548971132	0
966	279.822480104213	80.2562115698347	0
967	281.271367027506	86.0153246699638	0
968	279.273533521618	89.6927000580704	0
969	278.961615820946	95.9010968446317	0
970	278.581294620750	99.3584051581882	0
971	279.206324414225	103.922528420239	0
972	280.915238663505	110.708080052723	0
973	278.670346050221	113.682462421060	0
974	281.153959094362	120.599340305873	0
975	279.620498035436	125.300253199225	0
976	279.098912881947	128.600785195567	0
977	279.419142043061	136.295823781444	0
978	278.805909145967	141.424865380323	0
979	279.146268939981	145.031992908170	0
980	279.493748130649	148.930433001440	0
981	280.418888557692	153.989153093670	0
982	280.328402359093	158.843314954300	0
983	279.447008543754	164.857888762561	0
984	278.732530152700	170.105874844664	0
985	280.018131685739	175.960199736733	0
986	280.147681328931	181.030393456848	0
987	280.719222160716	184.407709971344	0
988	281.307254540566	191.102860443613	0
989	278.518606993422	195.018750376578	0
990	273.984586887386	70.2194170386764	0
991	276.250600992392	73.9016001515538	0
992	273.750788665706	81.2824726992102	0
993	274.561859646721	83.5211971905650	0
994	274.327231418987	89.1006214700649	0
995	274.085672756328	94.0214468445085	0
996	274.573267359932	101.421026233125	0
997	274.357819169017	105.344310676406	0
998	273.768980623592	109.955869381815	0
999	273.873226159087	115.140209351712	0
1000	274.911230621531	120.593958990420	0
1001	275.069521457672	123.884122938039	0
1002	274.529727886478	129.577112706401	0
1003	275.248842485448	134.353736538315	0
1004	274.524392499967	141.159296902373	0
1005	275.995275585289	143.984484040029	0
1006	276.084352281657	149.732991684761	0
1007	274.283571805205	155.604103267960	0
1008	273.608185158358	159.673093516936	0
1009	274.604426754970	165.998687008250	0
1010	274.913206014281	171.075473011463	0
1011	274.495595927000	175.593070169269	0
1012	275.596579118044	179.441817760704	0
1013	274.400428518058	186.049050007222	0
1014	274.249493885145	191.115865340840	0
1015	275.754306510880	194.249723845327	0
1016	269.777201925935	71.3195087610926	0
1017	270.700313822227	73.5587808678613	0
1018	269.895397303171	78.9127114445989	0
1019	268.802527458628	83.9944244576549	0
1020	270.229886250634	88.5062035200488	0
1021	269.854220407758	95.0027023797388	0
1022	270.523581204687	101.122454949320	0
1023	269.358154862914	104.355508116652	0
1024	270.683355028626	109.318799666001	0
1025	271.135312571738	114.929628231710	0
1026	268.600689436519	118.791674029125	0
1027	270.734849184199	125.547685216795	0
1028	270.575828569159	131.148916482120	0
1029	271.125748281724	136.262382822315	0
1030	269.223526219220	141.390155580838	0
1031	270.978846385583	146.091645653622	0
1032	270.898208523229	151.192050290414	0
1033	270.905830846153	154.968520820967	0
1034	268.784755414542	159.193062489976	0
1035	270.398937061310	164.623222000301	0
1036	271.153039221874	169.054408599975	0
1037	269.383335440455	174.500351400458	0
1038	269.276133132892	180.067764984752	0
1039	270.176243241460	185.866982542655	0
1040	270.990457441672	190.309495863421	0
1041	270.721143441007	193.696679463505	0
1042	264.051936912882	70.5323128510684	0
1043	266.053633559118	73.6583974688659	0
1044	265.580319859820	79.2703549102880	0
1045	263.708516986618	86.4674604030854	0
1046	266.310583621642	90.9234091825485	0
1047	265.158309219587	94.2478045666872	0
1048	265.096614978020	99.7235303382057	0
1049	264.475563622189	104.036460769335	0
1050	265.697279750458	110.628094109783	0
1051	264.406495325483	116.097664956126	0
1052	264.133417538972	119.539296957464	0
1053	263.953173588258	124.387771796355	0
1054	263.798286044865	129.162845603246	0
1055	264.042473309537	136.244609752371	0
1056	266.016239037618	139.575247719880	0
1057	264.514297257572	144.973177462020	0
1058	265.754079556839	149.176368979586	0
1059	266.209923423872	155.590918892789	0
1060	265.047343673419	160.928446868481	0
1061	264.786478631585	165.168886730260	0
1062	264.186483392013	169.275198280702	0
1063	264.631415109192	174.189688113601	0
1064	266.486376253049	179.285831060356	0
1065	264.362963505756	185.358304149991	0
1066	263.894549436047	188.767656888970	0
1067	265.034967200931	194.441350591819	0
1068	260.700972098337	69.3274276539412	0
1069	259.449032098864	74.9199846270748	0
1070	258.690041354756	78.6968735450186	0
1071	261.100908334427	85.8438014740172	0
1072	260.476460449218	89.3470219508347	0
1073	258.936308993594	96.3058329907764	0
1074	260.448959398548	101.247581158862	0
1075	259.081274107306	105.226114342070	0
1076	261.200627628907	111.442052190019	0
1077	261.440837713069	114.283864217837	0
1078	260.118643001846	119.631682449795	0
1079	259.286837223880	125.847003345698	0
1080	259.849914748382	131.420122627127	0
1081	258.514744449476	135.481847142677	0
1082	259.657285610961	138.775374218331	0
1083	260.157430879450	145.841786750832	0
1084	261.175021289866	150.113347248454	0
1085	259.284451350450	155.723699367363	0
1086	260.657435419897	161.461902111830	0
1087	258.658421593911	164.040147738650	0
1088	260.822577032516	168.822861791254	0
1089	260.680412321216	175.141564780429	0
1090	259.674641068330	179.115822831140	0
1091	260.219374337602	185.257492311210	0
1092	259.639035566384	191.114090101047	0
1093	259.605304489102	195.435115717741	0
1094	255.680178860506	70.1008692681521	0
1095	256.065155625332	74.1608226840746	0
1096	255.492346438670	79.4011852761266	0
1097	255.435449966277	84.6016890968827	0
1098	255.257273362100	90.9858100781491	0
1099	254.481293775990	95.9769524144797	0
1100	254.200095399473	100.220330178997	0
1101	255.241327266956	103.527881884688	0
1102	255.809957203999	109.795244367901	0
1103	254.122978590095	115.449115639356	0
1104	255.732881003166	118.656835563395	0
1105	254.909112908175	125.642559714174	0
1106	256.456112767524	130.221094028648	0
1107	254.652825788140	133.794039414462	0
1108	256.454754764098	140.192383486184	0
1109	255.056440192014	143.962253060611	0
1110	255.662778447430	149.863837566518	0
1111	254.276278891257	155.678172471382	0
1112	256.393072396929	159.533682066747	0
1113	256.282284982314	164.392494208462	0
1114	253.982480298088	168.614174893847	0
1115	253.721901642034	175.124422488562	0
1116	254.112167343191	179.155294573074	0
1117	255.129158974209	186.411920569516	0
1118	254.906317433465	188.642117719063	0
1119	254.353391238870	195.046670653146	0
1120	251.221204502033	68.5104429662453	0
1121	249.536412476831	75.8141448747380	0
1122	250.121496813215	78.9658869491260	0
1123	248.723191428870	86.2484115767961	0
1124	249.831152090686	89.6217533203177	0
1125	250.572992631850	94.9702096488541	0
1126	248.697556724331	101.197520994409	0
1127	250.208300521302	104.254074387361	0
1128	249.850414218293	110.282916767147	0
1129	248.553357545654	115.952019810731	0
1130	250.801171889872	118.840210755700	0
1131	250.163974025534	125.107075493851	0
1132	248.556883241957	130.962030131396	0
1133	249.523093476570	135.424939072130	0
1134	250.352647931990	140.230637550989	0
1135	248.931961870146	145.533871177162	0
1136	248.543020891608	151.398957385007	0
1137	250.242189758316	153.663587040283	0
1138	250.362168873436	161.261136326325	0
1139	250.299051542899	164.394872726638	0
1140	249.506387450645	170.266348223336	0
1141	250.946711222280	174.086875457995	0
1142	249.673034513861	180.336361842200	0
1143	251.144025178752	185.409053472663	0
1144	248.512587458976	189.307473495511	0
1145	250.952856852929	194.862409827561	0
1146	244.536685512473	70.8022171553465	0
1147	244.421973728782	75.9382573194535	0
1148	244.386451250811	78.8860809909356	0
1149	244.247300821168	84.7967297335553	0
1150	245.967483601743	91.3593503981646	0
1151	244.254366495550	94.8646598593982	0
1152	244.714065552801	98.7533307676499	0
1153	245.459569626401	105.369836108663	0
1154	246.203064780392	110.964017190652	0
1155	246.438875268526	115.447456049105	0
1156	245.120521803231	118.937401692193	0
1157	243.621659355101	124.570478731162	0
1158	246.272856726853	129.933454611368	0
1159	244.464553037359	135.185149177313	0
1160	243.649996192992	139.046094846873	0
1161	244.220558571764	145.822881909972	0
1162	243.720326346135	150.208821175535	0
1163	245.308068202853	156.483951526646	0
1164	244.966631924688	161.474159665389	0
1165	246.152360360473	166.317249525978	0
1166	244.127899838636	168.841714452541	0
1167	245.522377537395	174.775443072555	0
1168	246.383511498919	179.135075869383	0
1169	246.029240290100	186.172550804987	0
1170	245.279581137921	190.110312040458	0
1171	245.302004314946	193.811504319766	0
1172	239.976873228768	69.2580873991090	0
1173	240.500319881358	76.1702012508983	0
1174	239.654282907679	79.2752972943639	0
1175	239.270990353378	86.0482595860537	0
1176	240.050114637572	89.1957816640485	0
1177	239.939602940979	95.6640112424771	0
1178	241.391004131836	98.9607104784847	0
1179	238.761513922388	103.718176637545	0
1180	239.115439663101	110.230827832624	0
1181	239.058928876381	114.534880167440	0
1182	240.977910922844	121.305771088594	0
1183	239.414096728671	123.622985474991	0
1184	240.170491461145	131.167227334479	0
1185	241.171547184724	134.496018529071	0
1186	241.130624394989	141.459116589579	0
1187	239.733019688436	144.253238908446	0
1188	238.696773386701	148.605370581147	0
1189	241.042039408599	156.107377339175	0
1190	239.208199696855	160.314973185321	0
1191	238.669748585774	164.940991691948	0
1192	241.022966151123	169.680965122829	0
1193	238.789801180160	176.380836880815	0
1194	239.049323051075	178.597049509383	0
1195	238.692063735092	184.633453252095	0
1196	240.188301364288	190.601919954402	0
1197	241.131803940180	194.129719386294	0
1198	234.415604337684	70.1009589488137	0
1199	235.456902510710	74.5799060798677	0
1200	234.170469271744	80.6395085747016	0
1201	233.605107072318	83.5208165665033	0
1202	235.433041015923	90.4187236495669	0
1203	235.118397466818	93.8787632919095	0
1204	236.488243645368	100.823625396013	0
1205	234.757703461573	105.112082588375	0
1206	236.352974521321	110.279518017058	0
1207	236.478013610251	113.857935959369	0
1208	234.097445435843	120.335491317270	0
1209	236.110765298379	124.967940345436	0
1210	235.594507149601	129.635962079364	0
1211	234.176609916388	133.534285703235	0
1212	235.300259966330	141.079025213152	0
1213	233.557678699367	146.173886912591	0
1214	235.639745474308	150.763249436342	0
1215	235.070287401374	155.899446462495	0
1216	235.693544795685	158.900685747054	0
1217	235.094330870152	164.323837766418	0
1218	236.098636874335	171.310979687453	0
1219	234.419915591631	176.486745121701	0
1220	233.516894004950	181.354989074710	0
1221	234.066207465190	184.998977548003	0
1222	236.233444722851	190.390521965409	0
1223	236.185846656189	193.554162474090	0
1224	231.020990608231	69.6164839945600	0
1225	229.273493165614	73.5274276071800	0
1226	229.126095416148	80.1401531466563	0
1227	229.544536096416	84.7674255581639	0
1228	229.794189884237	90.8370876337465	0
1229	230.292481977112	95.8079512024819	0
1230	229.632124964801	98.9448180617434	0
1231	231.395812860907	103.951148301732	0
1232	229.474138107968	110.109264170357	0
1233	230.233865543723	115.184369427831	0
1234	228.950046866526	119.436441865985	0
1235	230.415865074542	124.113697787842	0
1236	230.332455236202	130.357746311393	0
1237	229.519892954819	134.892160458222	0
1238	228.577553145741	140.345980201276	0
1239	230.692715760241	143.518487725732	0
1240	229.598330837916	149.952456629009	0
1241	229.798871268327	154.531784575521	0
1242	228.870718941082	158.868572198850	0
1243	231.245825983842	164.939844357288	0
1244	229.466222054939	169.809574319785	0
1245	228.554570525331	175.534002494810	0
1246	231.276526015055	180.485538116796	0
1247	230.451673549908	183.898589894877	0
1248	229.800436231833	189.176674934249	0
1249	230.741085034130	193.901924456525	0
1250	223.684667007854	70.1100247723694	0
1251	224.150491521947	73.6569486418414	0
1252	225.764994214214	79.2671702149142	0
1253	224.182028581628	84.8372407797366	0
1254	226.046562778178	89.1065957333943	0
1255	224.037149350765	96.1599339483727	0
1256	224.371706166647	100.218482287584	0
1257	226.476755240644	105.323533995727	0
1258	224.700159853768	110.074882465369	0
1259	226.316548021128	115.428962988872	0
1260	226.464943757532	119.373495141949	0
1261	224.370266759581	124.475171209490	0
1262	226.201626239889	130.898103622709	0
1263	225.999523582696	135.845770436381	0
1264	225.497105258852	140.389967120085	0
1265	225.466421314019	144.847103414901	0
1266	224.237383764090	148.535449306678	0
1267	223.834884802461	153.866981397555	0
1268	226.359618641573	160.770493079893	0
1269	225.896848553389	164.824473365157	0
1270	224.277394432031	170.634297230723	0
1271	225.001814840046	176.374667962147	0
1272	223.656751237618	179.266578643822	0
1273	224.741473958434	183.832579103089	0
1274	224.333528170413	189.669785857976	0
1275	224.320399948963	194.248127469818	0
1276	221.272628226154	69.2002597935758	0
1277	219.282372665827	75.0638477864475	0
1278	220.751146163375	79.6441041851378	0
1279	220.389510055052	84.3429802159918	0
1280	219.506583321327	90.0992151128621	0
1281	219.044456406120	95.4129444334476	0
1282	219.788723621638	99.1047215121847	0
1283	221.426858066495	104.887654886659	0
1284	220.522009032277	108.816384150183	0
1285	220.728662593674	114.561528946347	0
1286	218.938468780959	120.504347414088	0
1287	219.598563434147	124.910879353516	0
1288	218.547478854683	129.061835508019	0
1289	219.231505921700	133.588974341759	0
1290	221.041340476718	140.073025586441	0
1291	221.211602040640	144.651942380457	0
1292	219.485650090634	150.157582477448	0
1293	218.766476243121	156.329705482243	0
1294	220.332741415134	160.176288251387	0
1295	219.135964984585	163.806971811179	0
1296	219.889011823413	169.169925389710	0
1297	220.933833740348	175.786148623060	0
1298	218.570085283678	178.665282681707	0
1299	221.470687061886	185.444329852170	0
1300	219.787817251029	189.005503489537	0
1301	219.882572756597	195.046935049302	0
1302	215.499604700084	69.3458859284454	0
1303	214.434644474961	75.4489188312795	0
1304	214.691240321365	79.6614019751868	0
1305	215.875852764797	84.7331830324333	0
1306	215.608592387708	88.6996234705910	0
1307	215.738425921320	94.6387024814074	0
1308	215.222672490833	100.084197575670	0
1309	215.362621271049	104.860124526561	0
1310	214.098641398522	110.270969660234	0
1311	216.200731361297	116.401407156022	0
1312	213.793957727628	118.781565602620	0
1313	214.386176724226	123.674607114958	0
1314	216.193948460228	131.102513363297	0
1315	215.832065468706	135.587061963891	0
1316	214.027366523587	141.038668777445	0
1317	216.273153131744	145.299346410279	0
1318	216.024287561841	150.864532076911	0
1319	214.079647334885	154.581364779615	0
1320	214.894452027751	161.192988842159	0
1321	214.378644968486	163.882508683957	0
1322	215.541569197495	170.226320995610	0
1323	214.198283154773	175.663052303322	0
1324	215.547590131192	180.655997679073	0
1325	215.683783014985	185.633315214227	0
1326	213.774978151046	190.867364469814	0
1327	215.223869015826	194.973806663552	0
1328	209.166094277283	69.6020556317991	0
1329	208.765747827584	75.8571937839161	0
1330	209.073878907738	78.7629788130352	0
1331	211.485640402947	84.7580680719657	0
1332	208.510068189249	91.4981493186529	0
1333	209.450136023595	95.2418333121426	0
1334	210.599709496191	100.786030622645	0
1335	209.265911438384	104.619967747312	0
1336	209.440442587634	110.154520570106	0
1337	209.381988212738	116.220031970111	0
1338	210.232813405407	121.225239946657	0
1339	209.778389074366	124.857559014195	0
1340	210.086168784304	128.646084322894	0
1341	211.258444501668	135.746093341622	0
1342	208.613978860104	140.075122863489	0
1343	209.786347901095	144.182428582379	0
1344	208.831761002944	150.898668441697	0
1345	209.179622361979	154.472086767744	0
1346	208.993814160245	160.930145669863	0
1347	209.888172971776	166.495442367047	0
1348	209.537930447401	171.115318411204	0
1349	210.796382420107	174.485072415463	0
1350	210.895921213606	180.458891137848	0
1351	210.408930285588	184.259221609318	0
1352	209.266679287692	191.286836611986	0
1353	208.504597700166	194.819976869563	0
1354	206.048518493190	70.0493813489245	0
1355	205.524330141555	73.8138025598147	0
1356	203.561586101567	80.5993734724099	0
1357	204.503973737327	85.3198876876278	0
1358	205.797759986541	90.0729293386733	0
1359	205.047957469869	95.4585252207504	0
1360	203.558307531413	101.468015602042	0
1361	204.459903336980	105.886444168156	0
1362	204.876008071713	110.433015825425	0
1363	205.163602878390	116.151841311376	0
1364	205.024058921407	119.145311893115	0
1365	205.501715687972	124.773739488451	0
1366	205.184877361625	131.409815002261	0
1367	205.638649955783	135.474432713205	0
1368	206.412260180457	140.293349459508	0
1369	206.248087497012	144.432590019399	0
1370	204.650108735166	148.524551496988	0
1371	204.369540314031	156.454605702984	0
1372	204.326277380665	159.155244953198	0
1373	205.835906170494	165.697456140554	0
1374	204.663529786290	170.904110269210	0
1375	206.055972487911	175.301467441119	0
1376	206.055306056014	178.946872409291	0
1377	204.199740063037	183.995501837925	0
1378	204.368655883731	189.550761013225	0
1379	203.965809589556	195.609227000003	0
1380	201.447971706083	68.5118698730548	0
1381	200.994032847664	73.9580767114554	0
1382	200.299797058314	81.3584921373372	0
1383	199.733805295105	86.4774900109193	0
1384	199.020924564093	89.5835028376519	0
1385	198.717917365594	94.4869118312489	0
1386	201.406266205471	100.354586069087	0
1387	199.356477415170	105.027025921030	0
1388	200.972869158716	110.204377822805	0
1389	201.081319318001	116.220133382160	0
1390	200.100492545926	120.482763033683	0
1391	200.458139902261	125.858635812150	0
1392	201.386015870567	129.313271253937	0
1393	199.575213657056	134.046783520515	0
1394	200.945702095317	141.011340421869	0
1395	200.535514551795	143.647588608188	0
1396	199.225440428803	148.892764321269	0
1397	198.530325998523	154.394171055882	0
1398	198.851106965611	160.199364655159	0
1399	200.085614477320	164.832858307149	0
1400	199.837522649560	171.278192230375	0
1401	199.208307015309	176.497683747104	0
1402	200.863409268320	180.304314587135	0
1403	200.167167809703	185.933125439766	0
1404	201.473922604381	190.945421863971	0
1405	199.962571949809	193.685022381876	0
1406	194.678848425781	69.1183267009647	0
1407	195.884196456283	74.5478551599063	0
1408	196.443305341665	79.1326895581681	0
1409	194.355832466687	84.1409826181124	0
1410	194.843296975983	89.4876181925888	0
1411	196.141503949646	94.3240324270481	0
1412	195.886713248880	100.697643531942	0
1413	193.524427478908	105.622196274898	0
1414	193.611820917665	109.360545644906	0
1415	195.134013538928	113.519331601803	0
1416	195.078636190393	119.422695346340	0
1417	194.200006481240	124.520201977841	0
1418	194.624401919081	129.831795605131	0
1419	195.482540825746	134.097069282465	0
1420	193.873397155171	139.608260547616	0
1421	194.971983758023	145.741952314729	0
1422	193.765570383373	149.457048910551	0
1423	193.511679027645	156.434823495898	0
1424	194.162205061203	161.379260030581	0
1425	195.424930733541	166.042757150199	0
1426	195.208177215915	170.266500092507	0
1427	195.181751327135	173.828028389727	0
1428	193.594824939829	179.080088014933	0
1429	195.378259556756	184.982729591516	0
1430	195.432621384420	188.767213871740	0
1431	195.136599998758	196.289459472351	0
1432	191.038253237960	71.1035019406502	0
1433	190.896225969081	75.5680216941607	0
1434	191.130919477618	79.4604024578836	0
1435	190.633724462301	84.3822339755040	0
1436	189.002140156977	90.3028929520541	0
1437	191.238796167408	94.2888464652500	0
1438	190.810027477951	99.4237030473543	0
1439	189.505020956863	104.369137498475	0
1440	191.173348730327	111.194141613981	0
1441	191.026387821300	116.253518451750	0
1442	189.104486054119	120.051205766779	0
1443	190.799012406604	124.984315402668	0
1444	190.111033417844	131.141523728464	0
1445	189.666613495293	135.348913151220	0
1446	188.824809111038	138.934692994583	0
1447	189.055690101549	143.833494587210	0
1448	188.640445710670	148.942465112183	0
1449	189.868345868940	156.392340746531	0
1450	191.305648225760	159.972130637149	0
1451	190.096062907510	165.390578932021	0
1452	188.578720689985	169.684485617337	0
1453	190.377588721708	175.873825130282	0
1454	190.456853161440	180.568316373628	0
1455	190.288864794351	185.630655379130	0
1456	190.020144909343	188.848209506414	0
1457	188.704221055472	196.307452508649	0
1458	183.933426919998	69.4675091707630	0
1459	186.134306808981	76.4301284413859	0
1460	184.984253581121	80.0439616946366	0
1461	185.309710241756	85.0366598894765	0
1462	185.015438019603	88.8538325907984	0
1463	184.472710439280	95.4269788372664	0
1464	185.421958337058	99.4993777992833	0
1465	183.601356681160	106.452399451357	0
1466	183.680927301813	111.430866297610	0
1467	186.183311987356	116.341794055244	0
1468	184.660527407934	118.578315323431	0
1469	183.895001637066	124.590877719412	0
1470	185.880282998710	128.688129789991	0
1471	185.928564839968	133.962612539953	0
1472	184.217423727763	141.292165953903	0
1473	184.922817563052	144.506241762371	0
1474	183.882453735172	149.496538379343	0
1475	183.537289665254	154.941287933641	0
1476	184.726725163479	160.591975409631	0
1477	184.138533915377	164.548409403049	0
1478	185.861867108604	169.243219640580	0
1479	183.524554572583	176.062484742525	0
1480	186.037698659436	181.146609774728	0
1481	185.964483167451	186.106000760710	0
1482	185.612854048926	189.022622973260	0
1483	185.795384710186	194.165516678236	0
1484	180.800691845773	69.8108070595344	0
1485	180.961884789146	73.6385648990157	0
1486	180.311981704061	80.3795484631745	0
1487	178.750332772212	83.7758177614721	0
1488	180.040445727884	90.2278408100718	0
1489	180.091569529213	95.4737163107628	0
1490	180.122122010375	100.057733319807	0
1491	179.626469921295	103.709598695329	0
1492	180.880984047096	111.126628016326	0
1493	179.541883437893	114.489857378747	0
1494	180.050518878776	121.355990594929	0
1495	179.422537994134	126.229251167368	0
1496	181.497356339725	131.370372540302	0
1497	180.134271100087	134.221868148670	0
1498	180.009888480220	139.129145302771	0
1499	178.702862138670	145.008603783183	0
1500	179.811022586964	150.103490528648	0
1501	179.019134968654	153.637515757569	0
1502	178.633863115655	158.623937888151	0
1503	179.059165677697	165.790013929531	0
1504	179.688292255049	169.904518395984	0
1505	178.966104820622	175.539680773278	0
1506	180.517601497095	180.289725706243	0
1507	179.041817506380	185.086453831677	0
1508	181.113123344242	191.369342086114	0
1509	180.803696931739	194.712393425035	0
1510	174.902870248111	70.9199418510169	0
1511	174.761297333282	76.4940835000596	0
1512	176.239345140708	80.3773448384255	0
1513	174.411710322497	84.2509492097638	0
1514	174.909517252956	91.1187544919891	0
1515	176.031846268601	93.6694845546490	0
1516	174.046677574356	99.0972983823545	0
1517	174.637728580384	106.285705949320	0
1518	173.706089409440	109.855195394459	0
1519	176.120342896824	115.847822836086	0
1520	173.782892172439	119.287110966260	0
1521	175.063123507644	126.466284705674	0
1522	175.065939922490	130.301405685579	0
1523	175.112411849071	134.759940166413	0
1524	174.997335125063	141.304900009595	0
1525	175.156428168647	144.598545009405	0
1526	174.078218049049	150.257386303243	0
1527	174.736634735232	154.036328483893	0
1528	174.119997217796	160.296759324570	0
1529	174.038415038376	165.174479234425	0
1530	175.495278244218	170.246078884909	0
1531	175.312604845296	174.547287702978	0
1532	173.603231524332	179.080236204217	0
1533	176.451131987613	185.142791538150	0
1534	174.228097880991	190.895085782008	0
1535	174.293870680141	194.606372202055	0
1536	170.865330910297	69.9378436448089	0
1537	168.608068243623	76.1692933089898	0
1538	168.763768883819	80.9845686120241	0
1539	170.868281714234	86.1109090908449	0
1540	168.688502961257	91.3422920208131	0
1541	169.303759587725	94.3414343472940	0
1542	169.292506337878	98.6446193832977	0
1543	169.115697796455	103.976941551860	0
1544	169.471728877783	108.869978887297	0
1545	168.570884078884	115.569808466447	0
1546	169.139100219865	118.547123872659	0
1547	171.396685697862	125.906248468857	0
1548	168.841757934202	129.245468102604	0
1549	169.217627821680	136.229962047938	0
1550	169.168091516426	139.302609759137	0
1551	170.455525246278	146.357388447624	0
1552	171.328087931527	149.555924907090	0
1553	171.135094469208	155.879863085944	0
1554	168.877470911635	158.782726580812	0
1555	168.708394287118	165.502925563279	0
1556	168.619904185161	169.308736273396	0
1557	169.553601310255	175.917810432488	0
1558	170.747465802192	181.157242202648	0
1559	171.365175568087	183.568340865553	0
1560	169.705391413621	190.500669705318	0
1561	170.601212886850	195.654120154382	0
1562	165.043168926793	69.7936870248857	0
1563	165.030683847136	74.0488911389489	0
1564	163.778883604207	80.7934357292309	0
1565	165.305314658213	83.9791694652763	0
1566	163.531921828144	89.6875641372837	0
1567	166.183164290685	96.1408025199309	0
1568	163.669019408467	101.188912615708	0
1569	164.063984821499	104.974807525438	0
1570	164.205979919654	109.549092113315	0
1571	163.693744794786	114.522273941402	0
1572	163.959194476867	120.841318175485	0
1573	164.650718460699	126.236160184441	0
1574	164.040827091582	131.218871012162	0
1575	163.609614835921	134.633494337987	0
1576	163.995921329871	140.760423834331	0
1577	163.737167663586	144.836152887824	0
1578	165.954353064873	150.583394148103	0
1579	164.046231209372	155.739471226496	0
1580	166.043356142432	158.953310394962	0
1581	164.206125855893	165.500688395080	0
1582	164.261210651294	168.927019994024	0
1583	166.022632044051	175.519322052873	0
1584	164.236150085053	180.494453378396	0
1585	164.126234047999	183.565452350416	0
1586	165.822794992501	189.412652280880	0
1587	164.402614759406	193.870994910113	0
1588	160.843480453710	70.2640175993645	0
1589	161.184975031795	75.3405625392939	0
1590	159.061311195450	80.8724563918971	0
1591	161.008168181922	85.6349428528531	0
1592	161.105174598062	91.3245771061257	0
1593	160.702186842912	94.9460439335741	0
1594	159.746445985066	100.133424275188	0
1595	159.912203975373	104.908709315493	0
1596	160.423006995029	110.562999743397	0
1597	160.766983080723	114.002040740524	0
1598	161.222947119994	119.370660906073	0
1599	159.324421925506	125.198018282459	0
1600	159.595949558504	129.701823652809	0
1601	160.822106728932	133.833703471604	0
1602	160.411067949089	141.047158152900	0
1603	158.643684334166	144.932670883506	0
1604	159.376525821700	149.650372263258	0
1605	160.147180057450	154.153072129889	0
1606	161.211305226579	160.226027385477	0
1607	160.618945435824	164.911501824700	0
1608	161.457984042098	170.017075843885	0
1609	159.679614859040	175.022516687464	0
1610	160.187815834864	179.470419188025	0
1611	159.369192231308	183.836544193381	0
1612	159.219762813314	189.443212133418	0
1613	160.646596945058	193.697625350554	0
1614	155.051206070260	68.9158009116807	0
1615	153.576787045811	74.2620306467844	0
1616	156.217259704321	78.9380016806338	0
1617	154.159934350816	86.1535947798243	0
1618	154.304500518357	88.8424317013179	0
1619	155.916342965186	96.2966375411190	0
1620	153.691272316754	101.022171404400	0
1621	154.085360818343	104.886582153446	0
1622	154.790403784544	109.076094452122	0
1623	153.577939452619	114.256687305818	0
1624	155.423300497928	120.961408858500	0
1625	153.576406700631	124.760940870179	0
1626	155.210183983668	129.382233356099	0
1627	154.481840375516	136.147937416790	0
1628	156.449614925381	141.107003352202	0
1629	155.567783563660	145.953387553745	0
1630	154.176974702348	148.628607739375	0
1631	154.465308657190	155.550973193143	0
1632	154.577158489676	161.004868582145	0
1633	155.986542312663	164.285641838439	0
1634	154.402284126418	168.713057550634	0
1635	155.289397880460	175.302073829293	0
1636	155.052050551842	178.601650619681	0
1637	155.113149335472	185.111026229996	0
1638	154.589392043595	189.169249028832	0
1639	155.025527446886	195.525276434254	0
1640	150.048760192009	68.5569523582101	0
1641	150.571610477115	76.0385036846287	0
1642	151.463411238584	79.1485656663338	0
1643	150.703602543808	85.7882716927543	0
1644	150.623917517886	89.2116718119662	0
1645	150.377663830918	93.7160561992842	0
1646	149.834351636369	99.7906926815073	0
1647	149.783476669682	105.274134214252	0
1648	149.963985159469	111.412728770575	0
1649	149.842134347716	115.547818132963	0
1650	150.358262199663	119.699628901910	0
1651	151.091031995782	123.663446221349	0
1652	150.489672091305	130.414331252741	0
1653	150.492325186842	133.780260998778	0
1654	150.386522224945	139.453632055939	0
1655	148.756808133460	145.319759306818	0
1656	149.983716465855	149.703149946060	0
1657	149.699915741585	156.304088664864	0
1658	149.296041014833	161.388610148123	0
1659	151.215503129694	164.955351204377	0
1660	150.903715800032	171.386981048441	0
1661	148.894617294180	173.717784876640	0
1662	149.039271409267	179.082508561539	0
1663	148.509044571100	183.504919352107	0
1664	151.341103120364	191.122338512990	0
1665	148.900012838877	196.081058952430	0
1666	145.233316248522	68.5614443266560	0
1667	145.313654242745	73.5221645735462	0
1668	145.860291817631	79.4777925867452	0
1669	146.089420688996	85.9082306628447	0
1670	145.112137000372	90.0947195406306	0
1671	145.301444499246	96.3768676678637	0
1672	143.903150628483	98.8247926482086	0
1673	143.936483072514	105.962978686570	0
1674	144.910785697758	110.565980882908	0
1675	145.677026783058	115.937810466165	0
1676	145.730003114845	120.841829061154	0
1677	144.540289930705	124.821114782866	0
1678	143.674745308001	130.763774298601	0
1679	144.749988454702	136.230656283910	0
1680	144.921507221878	138.919787769415	0
1681	143.670524435569	145.967008867547	0
1682	145.384000121722	149.433927318586	0
1683	144.635160347502	154.314821890264	0
1684	144.491595996446	160.977598175165	0
1685	145.374450056074	164.208927297200	0
1686	144.495885838520	169.133078157908	0
1687	146.199921764014	175.896402355887	0
1688	145.868757195135	179.415525001541	0
1689	143.573885563036	184.629407730406	0
1690	146.042461213385	188.559296828947	0
1691	145.232779593177	195.284169021086	0
1692	138.779123130253	70.0754484455666	0
1693	140.673701972807	73.5559164193938	0
1694	139.869595856714	79.6571139518907	0
1695	139.985676788826	84.5370762046159	0
1696	139.036130377912	88.8506158452952	0
1697	140.955977073946	95.0668232853614	0
1698	140.886815615452	101.156526395796	0
1699	139.472008052456	106.417619561961	0
1700	139.391772545653	110.694574400007	0
1701	140.769767786109	115.090128371269	0
1702	140.412232242308	121.499304174663	0
1703	139.694243769305	124.537764573331	0
1704	141.274540014637	129.595820108730	0
1705	141.448274737183	133.532984013329	0
1706	140.527874064703	138.522862455834	0
1707	139.920752442989	144.125178665222	0
1708	138.832216998577	150.785577051289	0
1709	141.414248227802	155.877980909051	0
1710	139.894266808267	159.525543668946	0
1711	140.502553571426	163.671365870873	0
1712	138.621486932549	169.087963227919	0
1713	140.402329541137	175.251501854054	0
1714	140.631228443449	181.273760785274	0
1715	139.985077947510	184.610389896532	0
1716	140.755386558398	189.242048076220	0
1717	139.566364621163	193.901670652165	0
1718	135.201213174878	71.1511891687743	0
1719	135.003520250877	74.9467175842885	0
1720	135.828039273546	79.5223907335465	0
1721	135.467836872303	84.4694833606223	0
1722	135.775011389430	90.6397853050360	0
1723	135.875657242826	94.6704013861105	0
1724	133.549057790286	99.4933912432460	0
1725	135.682695818240	105.023248276672	0
1726	135.383087342033	108.599553742775	0
1727	135.995995810698	115.846360588035	0
1728	133.991756115216	120.623900156706	0
1729	136.448096152641	125.833847481508	0
1730	135.924738311826	129.263272914133	0
1731	135.390847949165	134.420368712746	0
1732	135.670886831565	140.954052741325	0
1733	134.227958113062	143.911477603974	0
1734	135.583537759703	150.592699749122	0
1735	135.322465135448	156.319570863514	0
1736	133.538228404520	159.687852678715	0
1737	136.429571357492	164.628697176705	0
1738	136.239858947373	168.667905652949	0
1739	134.939881344972	173.884158174298	0
1740	135.328552416734	178.805937906297	0
1741	134.404862311387	185.769109143572	0
1742	135.787567387734	191.098047580619	0
1743	134.496779364495	196.489784472407	0
1744	129.229777357387	68.7954342059781	0
1745	129.647821473927	74.0177172640107	0
1746	128.676914837230	79.9535673942975	0
1747	130.276042253058	86.3118068583074	0
1748	129.312382274841	90.0287879355964	0
1749	128.928405585003	94.1488754778258	0
1750	130.450399411012	98.6543960175164	0
1751	131.258250808711	105.449864061255	0
1752	131.272698865895	109.708988827301	0
1753	129.478205954928	114.162478317112	0
1754	131.293470388213	118.644016673853	0
1755	129.761169905213	124.899363224677	0
1756	130.266948022913	130.211309925046	0
1757	129.157888469179	135.688507629838	0
1758	131.446565722885	141.411334091363	0
1759	131.440542800464	145.008135679659	0
1760	129.227843420826	149.620986349389	0
1761	130.784722480902	155.765129118016	0
1762	128.620790197089	159.781921264977	0
1763	130.230557488063	165.356795016798	0
1764	130.602494371213	171.003375617505	0
1765	130.090540677246	173.803175903550	0
1766	129.969271247096	180.014825190393	0
1767	129.218324780864	185.945520096357	0
1768	129.640448871149	189.640409958671	0
1769	129.144606758176	193.906114338664	0
1770	125.220128073742	70.6805444092630	0
1771	126.430806830148	73.7959344000101	0
1772	123.913847294802	80.7814771951867	0
1773	123.826093358587	85.6104743566408	0
1774	125.298489093991	91.1337449837453	0
1775	124.899051034795	96.0383112592792	0
1776	126.221835450889	99.4834716326214	0
1777	125.565479366836	103.803558655478	0
1778	123.548559141449	110.578990216519	0
1779	124.052478637187	113.754634501214	0
1780	125.894020728564	120.031051849050	0
1781	126.172457404785	124.812146434055	0
1782	124.356694240371	129.347367871032	0
1783	125.896249707304	135.594075768956	0
1784	126.128560035850	140.209819889135	0
1785	124.067628438194	145.009016474808	0
1786	124.701112590097	148.653577772503	0
1787	125.596652784203	156.238476348092	0
1788	125.452446873033	159.333994392007	0
1789	123.902363903401	165.574105047309	0
1790	125.644998188344	168.648300197218	0
1791	126.203995219891	174.472722675020	0
1792	125.440252779785	178.561749600225	0
1793	123.941923007983	183.828642805372	0
1794	124.461886293016	189.144253481942	0
1795	124.949621265217	196.277848751932	0
1796	120.866164937503	70.5614029979228	0
1797	121.377996394644	74.5978405848026	0
1798	119.931896576164	81.4798431703609	0
1799	120.019398896748	83.6929468472632	0
1800	120.243599884458	90.0375664532771	0
1801	120.771199737447	95.9152175491407	0
1802	120.848052985012	100.690646927997	0
1803	119.171372986265	105.292363153995	0
1804	118.972512327995	108.837885544208	0
1805	120.258744789659	115.139787352905	0
1806	120.057129109735	121.164567163881	0
1807	121.043091144774	124.265609126167	0
1808	120.173870249644	129.686721755844	0
1809	119.269446412460	134.263791404324	0
1810	120.071354355882	139.765181845410	0
1811	119.263829678097	145.511153775513	0
1812	118.921665996851	151.269201655449	0
1813	118.589752274728	154.036533374392	0
1814	120.574131762995	161.194468836872	0
1815	120.217622239142	165.557005480675	0
1816	120.088752462912	170.663507811893	0
1817	119.083387019918	174.673784724675	0
1818	119.859514772448	180.972642102010	0
1819	119.128302266061	185.369373157036	0
1820	119.931912167249	190.994720083233	0
1821	120.673600021261	193.754496573307	0
1822	113.616609267626	68.5776717480866	0
1823	115.385293765497	73.5321290658024	0
1824	115.866147098720	80.9179393969883	0
1825	116.403244580623	83.7911012300725	0
1826	113.539071016438	89.5046524867822	0
1827	116.217892868385	94.7330280991566	0
1828	116.272951980855	101.475070809602	0
1829	114.247814948525	106.445127817048	0
1830	116.399159974309	109.156417619368	0
1831	115.056193106403	114.610120085738	0
1832	114.222516626315	119.075701096608	0
1833	114.168777958900	124.036740435664	0
1834	114.859468620687	130.354121737075	0
1835	116.410902959793	136.329906173643	0
1836	113.888699466584	138.977663969481	0
1837	113.983470485805	146.039834444476	0
1838	113.526120359916	150.722051779907	0
1839	115.489154055937	154.653175416434	0
1840	113.940149919595	159.281651490212	0
1841	114.101614595065	165.852482728754	0
1842	114.319414098013	169.472144736881	0
1843	114.150268204625	174.636524815913	0
1844	115.264859813029	181.355177360558	0
1845	113.925815978981	184.819220967924	0
1846	114.422995597611	189.985626979276	0
1847	114.987069053593	193.675870955779	0
1848	108.525793123985	69.4273853737325	0
1849	110.129272112931	73.8840571485635	0
1850	109.673710263382	78.5591359791314	0
1851	110.154686735721	83.9044748038666	0
1852	110.453052976428	89.4006524598958	0
1853	108.713186136724	94.1981444791340	0
1854	110.933248799354	100.439788177285	0
1855	108.715624109756	104.635278694175	0
1856	108.817057938607	110.735999621167	0
1857	111.445583950741	114.022495330773	0
1858	110.263763371686	120.925604698277	0
1859	109.477041502934	123.550656574644	0
1860	111.481962927507	130.284267629128	0
1861	109.764053029433	134.400297797618	0
1862	109.287750127908	138.980853831368	0
1863	111.072942386871	143.554659029128	0
1864	110.293781326680	150.973046440391	0
1865	108.506541574676	155.653835163475	0
1866	111.069424518910	160.809436457009	0
1867	108.526942062340	166.430745053594	0
1868	110.918264432479	169.426252516091	0
1869	108.538341581583	174.323943896133	0
1870	110.140396133402	181.152296200937	0
1871	109.691399130547	184.741407164834	0
1872	109.365599502047	189.932782098575	0
1873	110.059908309944	195.687038495323	0
1874	104.853774444227	68.9527875582835	0
1875	106.225041025984	74.7524819625230	0
1876	103.641198610830	79.2035887343896	0
1877	104.565757389480	84.0140147561875	0
1878	104.126477335309	91.3013849100612	0
1879	104.063568210740	95.2264564072429	0
1880	104.116847846046	99.4266095040957	0
1881	103.845103164356	103.870162035332	0
1882	104.544770825118	110.593961002530	0
1883	105.368303611311	116.378848523107	0
1884	104.127230013847	118.655399496962	0
1885	104.822314173918	125.632568612244	0
1886	104.433222092653	131.104209806537	0
1887	106.196077848169	135.725943773170	0
1888	106.098984021837	141.402227165427	0
1889	103.727670427397	146.324092371714	0
1890	104.737170257616	149.016725766645	0
1891	106.224246567668	155.632773529205	0
1892	103.772690036815	160.265259237005	0
1893	106.285782646084	164.609932369744	0
1894	106.137807593088	170.014053696240	0
1895	104.399470286364	175.996898942173	0
1896	103.517459841353	179.160673254123	0
1897	106.489186933235	186.370714009249	0
1898	105.246658957037	190.420741648310	0
1899	104.325925720168	195.228326067191	0
1900	100.207888153165	69.8320520417775	0
1901	100.104081588377	75.2988310348191	0
1902	99.2959687548612	79.4237882217407	0
1903	100.054095604968	86.1110434808001	0
1904	101.098127258984	89.5034235636707	0
1905	101.414390622863	94.4352819780371	0
1906	101.105250704798	100.776891156664	0
1907	98.6581374341425	104.277425338729	0
1908	99.2000400964125	108.891561458724	0
1909	101.449284550418	115.233983794577	0
1910	99.8323533016549	118.899861483311	0
1911	99.3576512220469	125.093360569838	0
1912	100.231207365263	130.125913226186	0
1913	101.208145777399	134.298640734884	0
1914	99.7108495932619	140.258604529995	0
1915	99.8677100653296	144.204311703120	0
1916	98.5267694808523	149.343149688312	0
1917	101.447072197223	155.198012605772	0
1918	101.197353366382	159.851069777311	0
1919	99.8585435934644	166.033643573692	0
1920	98.5063032418362	168.610763212589	0
1921	100.244373450664	174.086746590375	0
1922	99.8059368478497	178.563994176458	0
1923	100.613640317409	185.187901748617	0
1924	100.453199108034	188.661509978902	0
1925	98.8747545507078	194.508601315368	0
1926	94.7181988093863	69.8754432562852	0
1927	93.5345872148316	76.1256040676721	0
1928	94.0565485593616	80.5687578521472	0
1929	95.7994566461853	84.1953101714893	0
1930	93.9203737139542	89.9660584637879	0
1931	94.8414288430170	95.4706479955733	0
1932	94.5751647647369	99.1198372529814	0
1933	94.4437196642036	106.436005423170	0
1934	94.8427401447477	111.264047748259	0
1935	96.4512231802158	113.848239195310	0
1936	95.6263967405253	121.316428761892	0
1937	96.4848598950849	124.740045248345	0
1938	93.9006892768449	129.210904136600	0
1939	93.5496976504892	133.579161888484	0
1940	95.7232110023111	140.330273140068	0
1941	94.0693393540451	146.250933827279	0
1942	94.5654446083434	150.437840262989	0
1943	94.3465324887391	155.380281980420	0
1944	94.7304575205814	159.160755031263	0
1945	95.9506365425173	165.156935367507	0
1946	94.1247609083177	169.909724309574	0
1947	93.8983300319493	175.255445088610	0
1948	96.0116170559844	180.081272446526	0
1949	95.5433444389585	185.735728935355	0
1950	94.2334920926898	190.355352266893	0
1951	95.4271103537648	195.224140184236	0
1952	88.6865652055619	69.4763224404353	0
1953	90.6407679274748	75.2391513319148	0
1954	91.4923343515661	78.6424809759120	0
1955	90.6372905091010	83.9483602608560	0
1956	91.3799045493588	90.1405031888380	0
1957	90.8550736153940	96.0956594296350	0
1958	89.2472397299634	99.0046050252499	0
1959	88.5208337794154	104.808953654752	0
1960	90.1301577056454	109.116756767407	0
1961	91.4925130091204	115.602166811311	0
1962	90.3646391911831	119.257706951638	0
1963	89.2958239598621	123.752949997693	0
1964	90.3208309115362	128.778788124033	0
1965	91.3026374231566	136.463335002359	0
1966	90.1730663343784	141.447645114360	0
1967	89.5317841829921	146.151916519097	0
1968	89.8086773907279	150.782310798780	0
1969	90.7157510660504	153.855535510510	0
1970	89.2032247386559	161.224256747919	0
1971	89.0322686677450	164.814050816594	0
1972	88.9717164497371	170.979891387194	0
1973	90.6837183891941	173.770059063142	0
1974	90.5280176687037	179.388551448763	0
1975	88.6442113339108	184.523078947405	0
1976	90.5924041937144	189.273686812960	0
1977	88.5571873193742	195.796417994005	0
1978	85.9337569233339	70.0475448194625	0
1979	85.2349381034333	74.3432407914521	0
1980	86.1492739799286	79.9079097503921	0
1981	83.9682888959834	85.5944349273362	0
1982	85.1328878781057	89.6361988935936	0
1983	84.6619787152127	95.5453982020823	0
1984	84.6684682835351	99.7454225453767	0
1985	84.1488479926787	103.519566702042	0
1986	84.9816874319265	111.337732048906	0
1987	85.6492661060564	115.992049715470	0
1988	84.8092122693347	121.108914869696	0
1989	86.2282352561813	126.086395169042	0
1990	84.8592731578233	130.063760282215	0
1991	84.7861605883287	135.465800722002	0
1992	84.9919723169021	138.864110787494	0
1993	84.9189427898729	145.633470210302	0
1994	85.4477498843136	150.850054663558	0
1995	84.9210555527713	154.967757537380	0
1996	85.0006163186278	161.174347570497	0
1997	85.3521899603986	163.965826571680	0
1998	85.7058214473772	170.776336424699	0
1999	84.9241532352971	174.078285514562	0
2000	85.8732158034619	180.574519258788	0
2001	85.0660490566340	186.397267188216	0
2002	86.4766297468945	188.713434073986	0
2003	85.4602304605652	196.217638933491	0
2004	80.1063950116715	68.7614579816390	0
2005	80.8248181829165	75.0219078036374	0
2006	79.7102778758940	79.5619693787787	0
2007	78.5839301376269	84.1941290801250	0
2008	81.0775376627849	90.8133174614888	0
2009	81.1164044126760	95.1846711566070	0
2010	81.2913523664562	99.3716048161430	0
2011	80.3075806560106	103.771661522179	0
2012	79.1030202180271	110.072817766035	0
2013	79.2850189150625	114.529395312477	0
2014	78.8164488712718	120.779188706185	0
2015	78.7799395156026	123.737312912202	0
2016	80.6496997273906	130.113659676897	0
2017	79.1810425433141	135.551244614949	0
2018	80.8756649050422	140.780913575879	0
2019	79.4481548187580	144.776037348438	0
2020	80.9851692054241	149.242974693576	0
2021	81.1123544896524	154.075094762294	0
2022	80.4468121941178	159.456680721564	0
2023	81.1783451660501	164.695647087481	0
2024	80.3339096494147	169.502408475257	0
2025	78.6871726266056	174.265915207114	0
2026	80.6790871061536	180.263228518862	0
2027	80.8848357683517	185.449168247529	0
2028	79.2800730398167	189.922292911939	0
2029	79.7395637241591	194.403177875052	0
2030	76.3195661528139	70.3687024803104	0
2031	74.5737415620368	76.1730135103056	0
2032	73.6912132371583	81.1229954644072	0
2033	75.8181377402656	85.9937895451865	0
2034	74.0574489909863	90.8589142550010	0
2035	76.2345867321908	95.0919172142942	0
2036	75.0616889053717	98.5306589192211	0
2037	75.6625436363946	104.684106634855	0
2038	76.2385866720219	111.138791440168	0
2039	76.2791239516363	113.553832202224	0
2040	74.6261245540730	118.836130424356	0
2041	75.3126932687713	124.073806873889	0
2042	75.3073001608305	130.423794922721	0
2043	74.3971043158260	134.932543310774	0
2044	74.6411086459333	139.174487568360	0
2045	74.3489583725327	145.080126448441	0
2046	74.8958689533928	150.544304046426	0
2047	74.3704660219828	155.732637053914	0
2048	75.9871667545243	160.954811064722	0
2049	73.7085567184267	166.261200160442	0
2050	74.6459043779808	171.073778255507	0
2051	74.7183673584001	175.075505981117	0
2052	74.9337042161779	179.027344633573	0
2053	74.1480419316843	185.136692439896	0
2054	75.9551822100259	191.182947832754	0
2055	76.3038215161105	195.149104129062	0
2056	71.1126014444813	69.4474936033661	0
2057	69.9341004227293	75.2004897018973	0
2058	71.4253353899649	79.9791653437746	0
2059	69.0559791106579	84.1775861306394	0
2060	70.3196173256876	91.4917044883918	0
2061	69.8726057314987	96.4750415897691	0
2062	69.0867281278686	100.992493596698	0
2063	69.4143744441584	105.814535501343	0
2064	69.4535555401189	110.921942112895	0
2065	70.3156852536666	115.411988346030	0
2066	69.8960524868555	118.924450339009	0
2067	69.6128583310567	126.234308532343	0
2068	71.3159795712015	129.309039506832	0
2069	71.2373483535798	136.476446995161	0
2070	71.4004652088680	139.876258928155	0
2071	70.2254107307367	145.406800614941	0
2072	69.7857661732426	150.481450005194	0
2073	68.5165102863402	153.662277340360	0
2074	68.5757575234922	158.628745558940	0
2075	70.2902212317250	164.332272692070	0
2076	68.8956174571235	168.722738704522	0
2077	71.3115830618449	175.396591578842	0
2078	69.4314463461755	179.542171432348	0
2079	70.9937720286432	185.192149464929	0
2080	68.6001179270045	188.509913705291	0
2081	71.0792895912762	193.724753149583	0
2082	66.2153445208664	70.7524520860514	0
2083	64.0673952793956	73.6512492190583	0
2084	65.0442970150842	80.0455272569260	0
2085	64.3087338607075	84.0254982957469	0
2086	63.9348315318732	90.7887805281448	0
2087	64.3966513422431	95.2871371247813	0
2088	66.0731745017610	101.187392047782	0
2089	66.0729673737752	105.963874071484	0
2090	63.9175878497052	110.505567140352	0
2091	64.3808577094626	115.364424812832	0
2092	66.1091826747707	121.466023064822	0
2093	65.1129946272004	125.235615032857	0
2094	64.0894693014772	129.969609179190	0
2095	66.0309913050228	135.486124489067	0
2096	64.4648719062391	140.928337109013	0
2097	66.1552437737770	143.941919114867	0
2098	65.1282326437896	148.819319087500	0
2099	64.9182905248420	156.444030174811	0
2100	63.7524624325814	160.977966279043	0
2101	63.8142702138508	165.668098917441	0
2102	66.0281473887567	169.042468310780	0
2103	66.1611870207076	173.714381037926	0
2104	64.9586194635278	178.755247495108	0
2105	64.9526696121194	185.872489636415	0
2106	63.6717776183902	189.425364544342	0
2107	63.6824255945881	195.489436288890	0
2108	59.0791744098823	70.8856288327197	0
2109	59.5684589452471	75.3517602045217	0
2110	61.3011979927520	80.1871630426744	0
2111	60.2347985406705	86.0059190389264	0
2112	58.6671752422996	89.8659610598851	0
2113	59.2587301667173	94.0388740015903	0
2114	60.7725216611786	98.5307922368930	0
2115	59.2375192006331	106.226703079240	0
2116	61.4598724836242	110.479041286913	0
2117	59.5642125235115	114.619352056135	0
2118	61.2562440671529	120.356711083027	0
2119	61.3795387237239	123.988468548321	0
2120	61.3550874893633	128.921581714414	0
2121	60.3112114097293	133.896058690802	0
2122	59.2283847297369	141.377886987201	0
2123	59.0516751752215	145.332550104479	0
2124	58.9776917091047	149.460541664091	0
2125	60.7362675649162	154.359478462725	0
2126	59.7331254631959	158.803355444647	0
2127	59.1692041259317	165.613491738880	0
2128	60.5777641852279	171.095531021011	0
2129	59.8458556753378	173.531168950445	0
2130	60.4325479333542	180.527647607585	0
2131	60.9522404430334	184.012911806919	0
2132	61.1899257175005	190.208198108961	0
2133	61.1584104545561	195.772540197625	0
2134	54.4721540372169	68.9786132834728	0
2135	54.1087557827816	74.9977342997114	0
2136	53.6627863766104	78.7079963007335	0
2137	56.0661450153272	83.8712871479386	0
2138	55.9637120244310	90.4779047092439	0
2139	53.8395912269193	94.9549877160274	0
2140	56.3916401498721	99.9914491599798	0
2141	55.9059386236170	104.577532517513	0
2142	53.7367002846989	108.947055777164	0
2143	55.6051917094583	115.601694431876	0
2144	55.9003602773118	118.538995729778	0
2145	54.4392381441112	124.009370446103	0
2146	55.3780583845153	128.998395567761	0
2147	53.8488639244871	136.277830563606	0
2148	53.7471961828949	140.624954989825	0
2149	54.1295459246641	143.980656277935	0
2150	53.9615920070891	149.463523627865	0
2151	56.1351651248178	155.572280774836	0
2152	54.6835418838829	159.855932656315	0
2153	55.5441958700776	163.574495934700	0
2154	55.4667935335092	169.518288318432	0
2155	54.3415132414008	175.850225266390	0
2156	55.9830471242640	179.741700391347	0
2157	56.1218938209827	185.730506696528	0
2158	54.3671984455397	189.782106304159	0
2159	54.7072050357434	195.553822703388	0
2160	45.9409712978911	196.216205219933	0
2161	43.6498069290356	190.831196544362	0
2162	43.7898658505529	184.884981707069	0
2163	44.4470353375957	179.817160701619	0
2164	46.2100089058123	173.513878170091	0
2165	45.2282592656118	171.072646895738	0
2166	44.0122451584090	164.792149097186	0
2167	43.7408198261102	160.635695586510	0
2168	45.1406714784978	154.580140340569	0
2169	46.0004933104952	150.844315962539	0
2170	43.9274532189381	145.315142547362	0
2171	46.2087174854522	140.125883374126	0
2172	44.6750167942403	135.351203430690	0
2173	43.8307317308347	128.912635118771	0
2174	44.4093016412173	125.545400706277	0
2175	46.2905116669705	119.949900327506	0
2176	43.8036138499109	115.703377851751	0
2177	45.7301876182000	109.626849602654	0
2178	44.7805900780614	104.987144288544	0
2179	44.3705209480577	100.672968602889	0
2180	44.3062120067402	96.4628846649742	0
2181	46.4751626061437	90.9962189198985	0
2182	44.4447475508907	86.4891089120169	0
2183	44.2555642473627	81.4168065943899	0
2184	44.8344077346991	75.3287090606157	0
2185	46.1700467823883	69.2494188975763	0
2186	38.7304611734054	196.376438459521	0
2187	39.4470169724313	191.364297354644	0
2188	41.2576950872993	185.485352931817	0
2189	39.3298236160165	179.726689442818	0
2190	40.3712468043867	173.782144177973	0
2191	39.9753154044732	168.813667758914	0
2192	40.0192839352232	166.383679780265	0
2193	39.4878662523858	161.280661536035	0
2194	38.5464016541574	156.049901197297	0
2195	40.3485009126967	148.544051568546	0
2196	41.4490366965231	144.955048348845	0
2197	40.3083838267851	140.189852853317	0
2198	40.0334438380208	135.633725973768	0
2199	39.9818930093845	129.434961460061	0
2200	39.1298921971166	125.428619712868	0
2201	40.4156372757448	119.765997596355	0
2202	40.7131647393328	115.396509091817	0
2203	39.2545862615542	109.225250420631	0
2204	40.4642452747197	105.790243816631	0
2205	40.2856805999736	99.9402285871191	0
2206	40.1171506557868	94.5274556249374	0
2207	38.7599292412376	88.8974649068242	0
2208	41.4670783577587	85.3968268429354	0
2209	38.7345177987570	79.8736336749488	0
2210	38.7656345807706	73.6026973293426	0
2211	38.5465574875250	70.0362310738513	0
2212	36.3627454001055	193.507877860240	0
2213	35.1443000280584	188.549851906498	0
2214	35.3178530767149	185.280690046055	0
2215	33.5382731709584	180.633063622225	0
2216	35.1473904599087	174.199280608958	0
2217	35.0176212531299	170.807895529583	0
2218	35.9091939257894	164.227467843378	0
2219	35.0273957185506	160.504090000933	0
2220	35.7737118020127	153.933474246640	0
2221	36.4369352372102	150.081943282449	0
2222	36.2399759555138	144.130207067133	0
2223	34.4748018786700	140.022329252637	0
2224	35.1485212424562	135.010432736963	0
2225	36.0524144282760	130.085747021199	0
2226	35.6712662404027	125.943481988998	0
2227	35.6989709529202	120.834700360176	0
2228	36.3242221728025	115.311963960694	0
2229	35.5197190144182	111.294925951077	0
2230	34.9651342937573	105.464142777460	0
2231	34.5294558070030	98.7683364729616	0
2232	36.1050034153364	93.7193744155851	0
2233	34.5258515659606	90.8802055031054	0
2234	34.5515908977174	84.7723472278567	0
2235	34.1716105562181	79.2075063233707	0
2236	33.7036604006131	75.7602178950385	0
2237	36.3125097595868	70.1923453306640	0
2238	29.4003431841515	195.483112799446	0
2239	31.2655847744716	188.930713662187	0
2240	29.1646116217013	185.364339850620	0
2241	29.8532894004126	180.131036892479	0
2242	29.1896864105420	176.301186739703	0
2243	29.9273458053984	168.500636485535	0
2244	29.3142026895244	163.750670352683	0
2245	29.5612341482013	160.450447596121	0
2246	29.5909606789022	154.875334986136	0
2247	30.4712137792610	149.552000585883	0
2248	29.3389534299887	144.985320607487	0
2249	28.6799399174162	139.227509047579	0
2250	29.6069572405181	134.414749587874	0
2251	29.2874746877288	128.743454607980	0
2252	29.7617121224142	126.205031351470	0
2253	29.0998972525025	120.202904073332	0
2254	30.8454796982851	113.891560547260	0
2255	28.8993008420565	109.995149902260	0
2256	29.5266116370269	104.957075476993	0
2257	29.4417513983586	99.7829659278279	0
2258	31.1366931226094	94.6921427760921	0
2259	30.1452439829449	89.8436945005852	0
2260	28.6700233780166	85.7608669453682	0
2261	30.9381906521052	79.8421408017767	0
2262	30.4770067492985	73.5050876880744	0
2263	28.8515571926085	69.2510006168958	0
2264	24.3383381145715	194.964190044604	0
2265	25.0921342729907	190.372256497524	0
2266	25.6968188793986	184.335759565612	0
2267	25.9790657131608	179.487310060340	0
2268	24.1882477517679	173.839076987905	0
2269	26.2677547920483	170.807118629352	0
2270	24.6023617619391	164.912000479874	0
2271	23.6141496390254	160.313116699051	0
2272	25.4466731527382	155.154928551962	0
2273	25.9533845366522	150.569505229176	0
2274	24.7631643270085	145.058011725798	0
2275	25.9149970586215	138.934178318422	0
2276	24.1205988965388	134.628553704299	0
2277	24.4335225549549	129.113477935099	0
2278	26.1178164041588	123.593293032252	0
2279	25.2602073786465	119.176450276211	0
2280	25.7554198172940	114.236390345916	0
2281	25.7650239808030	109.037512203066	0
2282	23.5840707734650	105.979285107324	0
2283	25.4267396106303	100.306045723450	0
2284	25.5786652432400	95.6220612070321	0
2285	24.1965390475408	90.0918824452022	0
2286	24.3714295427997	84.6338037056264	0
2287	24.1168216430981	79.9768039312400	0
2288	26.0294824491468	74.4946477800144	0
2289	23.7859072625975	70.4227608075034	0
2290	19.0721200184857	196.279601488557	0
2291	20.7892353239314	190.421321010195	0
2292	19.1445743831075	185.368772801003	0
2293	18.6405847440069	180.696185806090	0
2294	19.0358613502176	175.251583888297	0
2295	19.8114267319371	171.161876684822	0
2296	20.6046988036005	165.439534268655	0
2297	19.8099739992066	159.286873870537	0
2298	19.4981504986182	153.843033733891	0
2299	19.9578839127816	151.264133497195	0
2300	18.5329441622295	143.593938448373	0
2301	18.6615747295594	139.565834999136	0
2302	19.5718801445246	135.189817551768	0
2303	20.8069013425799	129.909628701693	0
2304	20.3430348356696	125.068275740516	0
2305	20.2517857045708	119.873336520515	0
2306	20.6137211784015	115.682344410958	0
2307	20.0305470912042	110.512952185494	0
2308	20.2288976493651	106.481111508338	0
2309	21.3969259956955	101.410515079645	0
2310	18.9423053096214	94.8719438232349	0
2311	20.8262617983817	88.7288833220351	0
2312	20.5687901227190	86.1465984963097	0
2313	18.8547392037693	79.1217247505807	0
2314	20.7772197135688	76.3900204393848	0
2315	19.5005229166393	71.2745146649178	0
2316	15.5301405250335	194.673495188879	0
2317	14.6931388952866	188.591508826746	0
2318	13.9005530461832	185.461935301026	0
2319	15.3499399365237	180.876919701495	0
2320	15.8895398268021	176.369032674999	0
2321	15.2658527802608	170.166562862054	0
2322	15.1942626486859	165.463936774365	0
2323	14.0426199217976	159.169442021754	0
2324	15.0345865827234	155.002910232877	0
2325	16.3942470488931	150.380591635037	0
2326	15.1418517395809	144.542325320699	0
2327	15.1630767037935	140.249850973830	0
2328	14.0814411780573	133.962800944883	0
2329	14.3086253970702	128.738527071906	0
2330	16.2885315753325	125.262173160567	0
2331	13.8090151028661	119.587939465795	0
2332	14.0508022095095	114.138970512719	0
2333	14.2292290656731	108.710100566033	0
2334	15.7339699219700	104.931689734876	0
2335	14.2317790098676	100.674240391320	0
2336	14.7343612771127	94.2446193380044	0
2337	14.2941607763001	89.0633228036299	0
2338	14.9107243076565	83.6555686406610	0
2339	14.6527902169904	79.8084953031833	0
2340	14.1263666991028	74.1900330952715	0
2341	13.7321623634223	69.8193163845175	0
2342	11.3225976135652	195.735117589772	0
2343	10.0662397085406	189.144081536468	0
2344	9.34073388617282	185.337383868946	0
2345	9.75075876318537	179.496942950852	0
2346	9.29375333965760	173.828066746309	0
2347	10.0738775689324	170.951496974549	0
2348	9.71740313155269	163.714262340667	0
2349	10.1607897726610	160.375881635448	0
2350	9.31214074659728	155.831717314553	0
2351	10.8769434339299	148.538809225130	0
2352	8.59567223111300	144.251863157564	0
2353	10.5418764101474	141.431847927412	0
2354	11.1177608894039	135.518558037541	0
2355	11.4753659006353	129.409126188512	0
2356	10.8902863164161	125.216223508539	0
2357	10.4520238025938	119.260833823242	0
2358	10.1052978173452	113.669838846761	0
2359	9.36219325628195	109.069722972174	0
2360	8.79526876813113	104.671851112349	0
2361	10.2696642170733	101.266630954508	0
2362	11.2429497812786	94.1170432338373	0
2363	9.61363839090800	88.6760204955838	0
2364	9.35244680328601	84.6017223752101	0
2365	9.16820253963239	81.0116098220389	0
2366	8.65940555833422	76.4688946869020	0
2367	11.1947001340558	69.1020308103918	0
2368	4.09824080689040	195.659282928389	0
2369	5.64280834628258	191.457544702029	0
2370	5.69406610793498	186.418773253065	0
2371	4.18678161496493	178.760558648221	0
2372	5.56510705280930	173.719630150783	0
2373	5.78624351915786	169.912486496438	0
2374	4.55016293737687	165.510690519188	0
2375	4.23673558885151	158.846951790036	0
2376	4.16960083651081	153.582217820325	0
2377	4.24043085895526	149.046842316527	0
2378	5.69259108175749	146.018288480455	0
2379	5.91309467576141	139.024955843500	0
2380	5.83046870164907	134.493488637633	0
2381	3.98722351658027	129.693692492072	0
2382	4.54152120110781	125.502662359578	0
2383	3.59210044001855	119.785611559325	0
2384	3.60494916397273	115.279032138368	0
2385	4.94000028067050	109.083612114223	0
2386	3.57216627467413	104.621238727297	0
2387	6.13056164197703	99.6784213533824	0
2388	5.53508448851292	95.0309427225811	0
2389	5.95792223644599	90.9598380460782	0
2390	4.08777108481274	83.7593126355773	0
2391	4.87103413019411	79.1146210148818	0
2392	4.84691037381798	75.7767633370191	0
2393	4.18661339111958	71.1298020661483	0
2394	3.83257019436015	6.16105097297489	0
2395	5.25361136859489	11.3357348096065	0
2396	5.23639656104727	15.9064227892063	0
2397	5.72863902230522	21.1397609939222	0
2398	5.81822405925560	23.9369151214463	0
2399	5.08282370256004	31.4101825890708	0
2400	4.57420988188027	34.7718910513636	0
2401	4.51953223565159	38.9804126012204	0
2402	6.20554278037555	43.9530918041514	0
2403	5.52221498979609	50.1568907702881	0
2404	4.47725458223645	54.0633694182624	0
2405	6.07824669315964	59.3938469779911	0
2406	10.6105428616199	5.69082311230942	0
2407	11.2583069448605	11.3829767122661	0
2408	10.3234519303916	15.3947088809749	0
2409	9.45235255821572	19.1316032089366	0
2410	10.0256232328458	23.8956824805193	0
2411	11.0879812116901	28.6102228465090	0
2412	8.52345102659729	34.5518215455634	0
2413	10.2622069039835	39.0551999200561	0
2414	11.0463772878572	43.5792816631800	0
2415	8.95218846031166	50.4908179381097	0
2416	9.50630839291840	54.9722098998356	0
2417	9.12376086411715	61.0032832506630	0
2418	15.0190881213892	3.68277089304061	0
2419	15.9238794945208	9.51435228544193	0
2420	13.5681367855812	14.7291140278477	0
2421	16.3951769690508	19.4414543385556	0
2422	14.5396078655157	25.1842160308585	0
2423	15.2607312389927	29.8636284869040	0
2424	14.3817676975769	35.7596563125728	0
2425	13.8836972953471	40.5748593474433	0
2426	13.5051671694839	45.6512284719352	0
2427	14.0449752371551	49.9489013210080	0
2428	14.3126566538794	54.9057584642469	0
2429	13.8715851893572	60.0047287462233	0
2430	20.7145799976949	4.64241489705057	0
2431	20.9273746341479	11.2322963174454	0
2432	20.1017904350287	15.4407312162559	0
2433	21.2032565125895	21.0445811965381	0
2434	18.7798374562454	25.4290113203603	0
2435	18.7793594961997	28.9588373533635	0
2436	20.2928008557192	33.8469552084295	0
2437	20.8261053806706	39.4392545189159	0
2438	21.0666528716942	44.5053578111149	0
2439	20.9687008059940	50.6797238501333	0
2440	19.3839642751101	55.7526923553345	0
2441	20.5570427438953	59.8558863220129	0
2442	23.8759661859507	5.72012867029942	0
2443	25.4569720861298	10.9560743979879	0
2444	24.3184734751545	16.3825732366278	0
2445	26.3701278658546	20.3843326012235	0
2446	24.7458684946240	23.6450894795640	0
2447	25.2480714583313	28.8228722069418	0
2448	25.6047076023369	35.7992720608513	0
2449	24.3631213195975	39.4358364110572	0
2450	23.9025512464975	46.1894172453724	0
2451	26.0850232227302	50.9751961415368	0
2452	24.4222399510313	54.0953456245318	0
2453	26.0212957964445	61.1378687689716	0
2454	30.1281163775464	4.24137297592723	0
2455	28.9782064925758	10.9306782457388	0
2456	29.6877007373083	16.2868703470471	0
2457	28.7159748743669	19.0099504258687	0
2458	28.9255355130670	24.6305608121443	0
2459	30.3750307268033	30.4469381219543	0
2460	28.6469412003034	34.9251065694535	0
2461	28.8142404020607	38.8226717647746	0
2462	29.1054034991862	45.5754163879160	0
2463	30.1659224463936	49.3453233987479	0
2464	30.1451554584477	55.4759447056201	0
2465	29.7414934835491	60.9995672055951	0
2466	34.6482860062133	5.33286730154836	0
2467	34.4137685504991	8.69621184675815	0
2468	36.4117967289603	15.2024914583603	0
2469	35.9980396722483	21.3641020336581	0
2470	35.8001874280262	24.5213648519935	0
2471	34.0200808935503	30.9670980798253	0
2472	33.5506048430611	33.7305610364638	0
2473	34.0203686496438	40.1883085088618	0
2474	34.8121891693528	46.3478537330996	0
2475	33.8971298440884	50.0006244685763	0
2476	35.8862296579961	54.5341994494035	0
2477	35.6746515935052	60.0135215546389	0
2478	38.7662214878196	5.09391084865606	0
2479	38.7177059565976	11.2846017940971	0
2480	38.5602851727187	14.2289761102545	0
2481	39.8856977254768	20.4571198858147	0
2482	38.8778917205268	25.2506060616617	0
2483	40.7506962352469	29.2307366275322	0
2484	40.4327397004135	34.0515939434700	0
2485	40.9274334896165	38.6463494910260	0
2486	39.9853580437693	45.0840030796594	0
2487	41.4464045024906	50.4730320989600	0
2488	39.6781469905999	54.4899257199810	0
2489	39.9964694184506	59.0050264948268	0
2490	44.6097347088994	3.99637690479141	0
2491	44.2620018458365	8.63760140491254	0
2492	44.4307928231637	14.1874097233048	0
2493	45.9239937559894	20.2304410648000	0
2494	44.4763186317695	24.7169053024926	0
2495	44.9749861971495	28.9900254367066	0
2496	46.3987305452851	34.6069110195936	0
2497	43.5228700416378	40.3066502073518	0
2498	44.2714091353462	46.3886396538745	0
2499	46.2182816373120	51.4736410905142	0
2500	44.7984841794208	53.7098426805361	0
2501	45.0868934125567	59.1954753199176	0
$EndNodes
$Elements
2709
1 15 2 201 1 1
2 15 2 201 2 2
3 15 2 101 3 3
4 15 2 101 4 4
5 15 2 101 5 5
6 15 2 202 6 6
7 15 2 201 7 7
8 15 2 201 8 8
9 15 2 0 9 9
10 1 2 201 1 1 10
11 1 2 201 1 10 11
12 1 2 201 1 11 12
13 1 2 201 1 12 13
14 1 2 201 1 13 14
15 1 2 201 1 14 15
16 1 2 201 1 15 16
17 1 2 201 1 16 17
18 1 2 201 1 17 18
19 1 2 201 1 18 2
20 1 2 201 2 2 19
21 1 2 201 2 19 20
22 1 2 201 2 20 21
23 1 2 201 2 21 22
24 1 2 201 2 22 23
25 1 2 201 2 23 24
26 1 2 201 2 24 25
27 1 2 201 2 25 26
28 1 2 201 2 26 27
29 1 2 201 2 27 28
30 1 2 201 2 28 29
31 1 2 201 2 29 30
32 1 2 201 2 30 31
33 1 2 201 2 31 32
34 1 2 201 2 32 33
35 1 2 201 2 33 34
36 1 2 201 2 34 35
37 1 2 201 2 35 36
38 1 2 201 2 36 37
39 1 2 201 2 37 38
40 1 2 201 2 38 39
41 1 2 201 2 39 40
42 1 2 201 2 40 41
43 1 2 201 2 41 42
44 1 2 201 2 42 43
45 1 2 201 2 43 44
46 1 2 201 2 44 45
47 1 2 201 2 45 46
48 1 2 201 2 46 47
49 1 2 201 2 47 48
50 1 2 201 2 48 49
51 1 2 201 2 49 50
52 1 2 201 2 50 51
53 1 2 201 2 51 52
54 1 2 201 2 52 53
55 1 2 201 2 53 54
56 1 2 201 2 54 55
57 1 2 201 2 55 56
58 1 2 201 2 56 57
59 1 2 201 2 57 58
60 1 2 201 2 58 59
61 1 2 201 2 59 60
62 1 2 201 2 60 61
63 1 2 201 2 61 62
64 1 2 201 2 62 63
65 1 2 201 2 63 64
66 1 2 201 2 64 65
67 1 2 201 2 65 66
68 1 2 201 2 66 67
69 1 2 201 2 67 3
70 1 2 101 3 3 68
71 1 2 101 3 68 69
72 1 2 101 3 69 70
73 1 2 101 3 70 71
74 1 2 101 3 71 72
75 1 2 101 3 72 73
76 1 2 101 3 73 74
77 1 2 101 3 74 75
78 1 2 101 3 75 76
79 1 2 101 3 76 77
80 1 2 101 3 77 78
81 1 2 101 3 78 79
82 1 2 101 3 79 4
83 1 2 101 4 4 80
84 1 2 101 4 80 81
85 1 2 101 4 81 82
86 1 2 101 4 82 83
87 1 2 101 4 83 84
88 1 2 101 4 84 85
89 1 2 101 4 85 86
90 1 2 101 4 86 87
91 1 2 101 4 87 88
92 1 2 101 4 88 89
93 1 2 101 4 89 90
94 1 2 101 4 90 91
95 1 2 101 4 91 92
96 1 2 101 4 92 93
97 1 2 101 4 93 94
98 1 2 101 4 94 95
99 1 2 101 4 95 96
100 1 2 101 4 96 97
101 1 2 101 4 97 98
102 1 2 101 4 98 99
103 1 2 101 4 99 100
104 1 2 101 4 100 101
105 1 2 101 4 101 102
106 1 2 101 4 102 103
107 1 2 101 4 103 104
108 1 2 101 4 104 105
109 1 2 101 4 105 5
110 1 2 201 5 5 106
111 1 2 201 5 106 107
112 1 2 201 5 107 108
113 1 2 201 5 108 109
114 1 2 201 5 109 110
115 1 2 201 5 110 111
116 1 2 201 5 111 112
117 1 2 201 5 112 113
118 1 2 201 5 113 114
119 1 2 201 5 114 115
120 1 2 201 5 115 116
121 1 2 201 5 116 117
122 1 2 201 5 117 118
123 1 2 201 5 118 119
124 1 2 201 5 119 120
125 1 2 201 5 120 121
126 1 2 201 5 121 122
127 1 2 201 5 122 123
128 1 2 201 5 123 124
129 1 2 201 5 124 125
130 1 2 201 5 125 126
131 1 2 201 5 126 127
132 1 2 201 5 127 128
133 1 2 201 5 128 129
134 1 2 201 5 129 130
135 1 2 201 5 130 131
136 1 2 201 5 131 132
137 1 2 201 5 132 133
138 1 2 201 5 133 134
139 1 2 201 5 134 135
140 1 2 201 5 135 136
141 1 2 201 5 136 137
142 1 2 201 5 137 138
143 1 2 201 5 138 139
144 1 2 201 5 139 140
145 1 2 201 5 140 141
146 1 2 201 5 141 142
147 1 2 201 5 142 143
148 1 2 201 5 143 144
149 1 2 201 5 144 145
150 1 2 201 5 145 146
151 1 2 201 5 146 147
152 1 2 201 5 147 148
153 1 2 201 5 148 149
154 1 2 201 5 149 150
155 1 2 201 5 150 151
156 1 2 201 5 151 152
157 1 2 201 5 152 153
158 1 2 201 5 153 154
159 1 2 201 5 154 6
160 1 2 202 6 6 155
161 1 2 202 6 155 156
162 1 2 202 6 156 157
163 1 2 202 6 157 158
164 1 2 202 6 158 159
165 1 2 202 6 159 160
166 1 2 202 6 160 161
167 1 2 202 6 161 162
168 1 2 202 6 162 163
169 1 2 202 6 163 7
170 1 2 201 7 7 164
171 1 2 201 7 164 165
172 1 2 201 7 165 166
173 1 2 201 7 166 167
174 1 2 201 7 167 168
175 1 2 201 7 168 169
176 1 2 201 7 169 170
177 1 2 201 7 170 171
178 1 2 201 7 171 172
179 1 2 201 7 172 173
180 1 2 201 7 173 174
181 1 2 201 7 174 175
182 1 2 201 7 175 176
183 1 2 201 7 176 177
184 1 2 201 7 177 178
185 1 2 201 7 178 179
186 1 2 201 7 179 180
187 1 2 201 7 180 181
188 1 2 201 7 181 182
189 1 2 201 7 182 183
190 1 2 201 7 183 184
191 1 2 201 7 184 185
192 1 2 201 7 185 186
193 1 2 201 7 186 187
194 1 2 201 7 187 188
195 1 2 201 7 188 189
196 1 2 201 7 189 8
197 1 2 201 8 8 190
198 1 2 201 8 190 191
199 1 2 201 8 191 192
200 1 2 201 8 192 193
201 1 2 201 8 193 194
202 1 2 201 8 194 195
203 1 2 201 8 195 196
204 1 2 201 8 196 197
205 1 2 201 8 197 198
206 1 2 201 8 198 199
207 1 2 201 8 199 200
208 1 2 201 8 200 201
209 1 2 201 8 201 1
210 1 2 0 9 6 202
211 1 2 0 9 202 203
212 1 2 0 9 203 204
213 1 2 0 9 204 205
214 1 2 0 9 205 206
215 1 2 0 9 206 207
216 1 2 0 9 207 208
217 1 2 0 9 208 209
218 1 2 0 9 209 210
219 1 2 0 9 210 211
220 1 2 0 9 211 212
221 1 2 0 9 212 213
222 1 2 0 9 213 214
223 1 2 0 9 214 215
224 1 2 0 9 215 216
225 1 2 0 9 216 217
226 1 2 0 9 217 218
227 1 2 0 9 218 219
228 1 2 0 9 219 220
229 1 2 0 9 220 221
230 1 2 0 9 221 222
231 1 2 0 9 222 223
232 1 2 0 9 223 224
233 1 2 0 9 224 225
234 1 2 0 9 225 226
235 1 2 0 9 226 227
236 1 2 0 9 227 9
237 1 2 0 10 9 228
238 1 2 0 10 228 229
239 1 2 0 10 229 230
240 1 2 0 10 230 231
241 1 2 0 10 231 232
242 1 2 0 10 232 233
243 1 2 0 10 233 234
244 1 2 0 10 234 235
245 1 2 0 10 235 236
246 1 2 0 10 236 237
247 1 2 0 10 237 238
248 1 2 0 10 238 239
249 1 2 0 10 239 2
250 1 2 0 11 9 240
251 1 2 0 11 240 241
252 1 2 0 11 241 242
253 1 2 0 11 242 243
254 1 2 0 11 243 244
255 1 2 0 11 244 245
256 1 2 0 11 245 246
257 1 2 0 11 246 247
258 1 2 0 11 247 248
259 1 2 0 11 248 8
260 1 2 0 12 4 249
261 1 2 0 12 249 250
262 1 2 0 12 250 251
263 1 2 0 12 251 252
264 1 2 0 12 252 253
265 1 2 0 12 253 254
266 1 2 0 12 254 255
267 1 2 0 12 255 256
268 1 2 0 12 256 257
269 1 2 0 12 257 258
270 1 2 0 12 258 259
271 1 2 0 12 259 260
272 1 2 0 12 260 261
273 1 2 0 12 261 262
274 1 2 0 12 262 263
275 1 2 0 12 263 264
276 1 2 0 12 264 265
277 1 2 0 12 265 266
278 1 2 0 12 266 267
279 1 2 0 12 267 268
280 1 2 0 12 268 269
281 1 2 0 12 269 270
282 1 2 0 12 270 271
283 1 2 0 12 271 272
284 1 2 0 12 272 273
285 1 2 0 12 273 274
286 1 2 0 12 274 275
287 1 2 0 12 275 276
288 1 2 0 12 276 277
289 1 2 0 12 277 278
290 1 2 0 12 278 279
291 1 2 0 12 279 280
292 1 2 0 12 280 281
293 1 2 0 12 281 282
294 1 2 0 12 282 283
295 1 2 0 12 283 284
296 1 2 0 12 284 285
297 1 2 0 12 285 286
298 1 2 0 12 286 287
299 1 2 0 12 287 288
300 1 2 0 12 288 289
301 1 2 0 12 289 290
302 1 2 0 12 290 291
303 1 2 0 12 291 292
304 1 2 0 12 292 293
305 1 2 0 12 293 294
306 1 2 0 12 294 295
307 1 2 0 12 295 296
308 1 2 0 12 296 297
309 1 2 0 12 297 9
310 3 2 0 14 2 19 298 239
311 3 2 0 14 239 298 299 238
312 3 2 0 14 238 299 300 237
313 3 2 0 14 237 300 301 236
314 3 2 0 14 236 301 302 235
315 3 2 0 14 235 302 303 234
316 3 2 0 14 234 303 304 233
317 3 2 0 14 233 304 305 232
318 3 2 0 14 232 305 306 231
319 3 2 0 14 231 306 307 230
320 3 2 0 14 230 307 308 229
321 3 2 0 14 229 308 309 228
322 3 2 0 14 228 309 297 9
323 3 2 0 14 19 20 310 298
324 3 2 0 14 298 310 311 299
325 3 2 0 14 299 311 312 300
326 3 2 0 14 300 312 313 301
327 3 2 0 14 301 313 314 302
328 3 2 0 14 302 314 315 303
329 3 2 0 14 303 315 316 304
330 3 2 0 14 304 316 317 305
331 3 2 0 14 305 317 318 306
332 3 2 0 14 306 318 319 307
333 3 2 0 14 307 319 320 308
334 3 2 0 14 308 320 321 309
335 3 2 0 14 309 321 296 297
336 3 2 0 14 20 21 322 310
337 3 2 0 14 310 322 323 311
338 3 2 0 14 311 323 324 312
339 3 2 0 14 312 324 325 313
340 3 2 0 14 313 325 326 314
341 3 2 0 14 314 326 327 315
342 3 2 0 14 315 327 328 316
343 3 2 0 14 316 328 329 317
344 3 2 0 14 317 329 330 318
345 3 2 0 14 318 330 331 319
346 3 2 0 14 319 331 332 320
347 3 2 0 14 320 332 333 321
348 3 2 0 14 321 333 295 296
349 3 2 0 14 21 22 334 322
350 3 2 0 14 322 334 335 323
351 3 2 0 14 323 335 336 324
352 3 2 0 14 324 336 337 325
353 3 2 0 14 325 337 338 326
354 3 2 0 14 326 338 339 327
355 3 2 0 14 327 339 340 328
356 3 2 0 14 328 340 341 329
357 3 2 0 14 329 341 342 330
358 3 2 0 14 330 342 343 331
359 3 2 0 14 331 343 344 332
360 3 2 0 14 332 344 345 333
361 3 2 0 14 333 345 294 295
362 3 2 0 14 22 23 346 334
363 3 2 0 14 334 346 347 335
364 3 2 0 14 335 347 348 336
365 3 2 0 14 336 348 349 337
366 3 2 0 14 337 349 350 338
367 3 2 0 14 338 350 351 339
368 3 2 0 14 339 351 352 340
369 3 2 0 14 340 352 353 341
370 3 2 0 14 341 353 354 342
371 3 2 0 14 342 354 355 343
372 3 2 0 14 343 355 356 344
373 3 2 0 14 344 356 357 345
374 3 2 0 14 345 357 293 294
375 3 2 0 14 23 24 358 346
376 3 2 0 14 346 358 359 347
377 3 2 0 14 347 359 360 348
378 3 2 0 14 348 360 361 349
379 3 2 0 14 349 361 362 350
380 3 2 0 14 350 362 363 351
381 3 2 0 14 351 363 364 352
382 3 2 0 14 352 364 365 353
383 3 2 0 14 353 365 366 354
384 3 2 0 14 354 366 367 355
385 3 2 0 14 355 367 368 356
386 3 2 0 14 356 368 369 357
387 3 2 0 14 357 369 292 293
388 3 2 0 14 24 25 370 358
389 3 2 0 14 358 370 371 359
390 3 2 0 14 359 371 372 360
391 3 2 0 14 360 372 373 361
392 3 2 0 14 361 373 374 362
393 3 2 0 14 362 374 375 363
394 3 2 0 14 363 375 376 364
395 3 2 0 14 364 376 377 365
396 3 2 0 14 365 377 378 366
397 3 2 0 14 366 378 379 367
398 3 2 0 14 367 379 380 368
399 3 2 0 14 368 380 381 369
400 3 2 0 14 369 381 291 292
401 3 2 0 14 25 26 382 370
402 3 2 0 14 370 382 383 371
403 3 2 0 14 371 383 384 372
404 3 2 0 14 372 384 385 373
405 3 2 0 14 373 385 386 374
406 3 2 0 14 374 386 387 375
407 3 2 0 14 375 387 388 376
408 3 2 0 14 376 388 389 377
409 3 2 0 14 377 389 390 378
410 3 2 0 14 378 390 391 379
411 3 2 0 14 379 391 392 380
412 3 2 0 14 380 392 393 381
413 3 2 0 14 381 393 290 291
414 3 2 0 14 26 27 394 382
415 3 2 0 14 382 394 395 383
416 3 2 0 14 383 395 396 384
417 3 2 0 14 384 396 397 385
418 3 2 0 14 385 397 398 386
419 3 2 0 14 386 398 399 387
420 3 2 0 14 387 399 400 388
421 3 2 0 14 388 400 401 389
422 3 2 0 14 389 401 402 390
423 3 2 0 14 390 402 403 391
424 3 2 0 14 391 403 404 392
425 3 2 0 14 392 404 405 393
426 3 2 0 14 393 405 289 290
427 3 2 0 14 27 28 406 394
428 3 2 0 14 394 406 407 395
429 3 2 0 14 395 407 408 396
430 3 2 0 14 396 408 409 397
431 3 2 0 14 397 409 410 398
432 3 2 0 14 398 410 411 399
433 3 2 0 14 399 411 412 400
434 3 2 0 14 400 412 413 401
435 3 2 0 14 401 413 414 402
436 3 2 0 14 402 414 415 403
437 3 2 0 14 403 415 416 404
438 3 2 0 14 404 416 417 405
439 3 2 0 14 405 417 288 289
440 3 2 0 14 28 29 418 406
441 3 2 0 14 406 418 419 407
442 3 2 0 14 407 419 420 408
443 3 2 0 14 408 420 421 409
444 3 2 0 14 409 421 422 410
445 3 2 0 14 410 422 423 411
446 3 2 0 14 411 423 424 412
447 3 2 0 14 412 424 425 413
448 3 2 0 14 413 425 426 414
449 3 2 0 14 414 426 427 415
450 3 2 0 14 415 427 428 416
451 3 2 0 14 416 428 429 417
452 3 2 0 14 417 429 287 288
453 3 2 0 14 29 30 430 418
454 3 2 0 14 418 430 431 419
455 3 2 0 14 419 431 432 420
456 3 2 0 14 420 432 433 421
457 3 2 0 14 421 433 434 422
458 3 2 0 14 422 434 435 423
459 3 2 0 14 423 435 436 424
460 3 2 0 14 424 436 437 425
461 3 2 0 14 425 437 438 426
462 3 2 0 14 426 438 439 427
463 3 2 0 14 427 439 440 428
464 3 2 0 14 428 440 441 429
465 3 2 0 14 429 441 286 287
466 3 2 0 14 30 31 442 430
467 3 2 0 14 430 442 443 431
468 3 2 0 14 431 443 444 432
469 3 2 0 14 432 444 445 433
470 3 2 0 14 433 445 446 434
471 3 2 0 14 434 446 447 435
472 3 2 0 14 435 447 448 436
473 3 2 0 14 436 448 449 437
474 3 2 0 14 437 449 450 438
475 3 2 0 14 438 450 451 439
476 3 2 0 14 439 451 452 440
477 3 2 0 14 440 452 453 441
478 3 2 0 14 441 453 285 286
479 3 2 0 14 31 32 454 442
480 3 2 0 14 442 454 455 443
481 3 2 0 14 443 455 456 444
482 3 2 0 14 444 456 457 445
483 3 2 0 14 445 457 458 446
484 3 2 0 14 446 458 459 447
485 3 2 0 14 447 459 460 448
486 3 2 0 14 448 460 461 449
487 3 2 0 14 449 461 462 450
488 3 2 0 14 450 462 463 451
489 3 2 0 14 451 463 464 452
490 3 2 0 14 452 464 465 453
491 3 2 0 14 453 465 284 285
492 3 2 0 14 32 33 466 454
493 3 2 0 14 454 466 467 455
494 3 2 0 14 455 467 468 456
495 3 2 0 14 456 468 469 457
496 3 2 0 14 457 469 470 458
497 3 2 0 14 458 470 471 459
498 3 2 0 14 459 471 472 460
499 3 2 0 14 460 472 473 461
500 3 2 0 14 461 473 474 462
501 3 2 0 14 462 474 475 463
502 3 2 0 14 463 475 476 464
503 3 2 0 14 464 476 477 465
504 3 2 0 14 465 477 283 284
505 3 2 0 14 33 34 478 466
506 3 2 0 14 466 478 479 467
507 3 2 0 14 467 479 480 468
508 3 2 0 14 468 480 481 469
509 3 2 0 14 469 481 482 470
510 3 2 0 14 470 482 483 471
511 3 2 0 14 471 483 484 472
512 3 2 0 14 472 484 485 473
513 3 2 0 14 473 485 486 474
514 3 2 0 14 474 486 487 475
515 3 2 0 14 475 487 488 476
516 3 2 0 14 476 488 489 477
517 3 2 0 14 477 489 282 283
518 3 2 0 14 34 35 490 478
519 3 2 0 14 478 490 491 479
520 3 2 0 14 479 491 492 480
521 3 2 0 14 480 492 493 481
522 3 2 0 14 481 493 494 482
523 3 2 0 14 482 494 495 483
524 3 2 0 14 483 495 496 484
525 3 2 0 14 484 496 497 485
526 3 2 0 14 485 497 498 486
527 3 2 0 14 486 498 499 487
528 3 2 0 14 487 499 500 488
529 3 2 0 14 488 500 501 489
530 3 2 0 14 489 501 281 282
531 3 2 0 14 35 36 502 490
532 3 2 0 14 490 502 503 491
533 3 2 0 14 491 503 504 492
534 3 2 0 14 492 504 505 493
535 3 2 0 14 493 505 506 494
536 3 2 0 14 494 506 507 495
537 3 2 0 14 495 507 508 496
538 3 2 0 14 496 508 509 497
539 3 2 0 14 497 509 510 498
540 3 2 0 14 498 510 511 499
541 3 2 0 14 499 511 512 500
542 3 2 0 14 500 512 513 501
543 3 2 0 14 501 513 280 281
544 3 2 0 14 36 37 514 502
545 3 2 0 14 502 514 515 503
546 3 2 0 14 503 515 516 504
547 3 2 0 14 504 516 517 505
548 3 2 0 14 505 517 518 506
549 3 2 0 14 506 518 519 507
550 3 2 0 14 507 519 520 508
551 3 2 0 14 508 520 521 509
552 3 2 0 14 509 521 522 510
553 3 2 0 14 510 522 523 511
554 3 2 0 14 511 523 524 512
555 3 2 0 14 512 524 525 513
556 3 2 0 14 513 525 279 280
557 3 2 0 14 37 38 526 514
558 3 2 0 14 514 526 527 515
559 3 2 0 14 515 527 528 516
560 3 2 0 14 516 528 529 517
561 3 2 0 14 517 529 530 518
562 3 2 0 14 518 530 531 519
563 3 2 0 14 519 531 532 520
564 3 2 0 14 520 532 533 521
565 3 2 0 14 521 533 534 522
566 3 2 0 14 522 534 535 523
567 3 2 0 14 523 535 536 524
568 3 2 0 14 524 536 537 525
569 3 2 0 14 525 537 278 279
570 3 2 0 14 38 39 538 526
571 3 2 0 14 526 538 539 527
572 3 2 0 14 527 539 540 528
573 3 2 0 14 528 540 541 529
574 3 2 0 14 529 541 542 530
575 3 2 0 14 530 542 543 531
576 3 2 0 14 531 543 544 532
577 3 2 0 14 532 544 545 533
578 3 2 0 14 533 545 546 534
579 3 2 0 14 534 546 547 535
580 3 2 0 14 535 547 548 536
581 3 2 0 14 536 548 549 537
582 3 2 0 14 537 549 277 278
583 3 2 0 14 39 40 550 538
584 3 2 0 14 538 550 551 539
585 3 2 0 14 539 551 552 540
586 3 2 0 14 540 552 553 541
587 3 2 0 14 541 553 554 542
588 3 2 0 14 542 554 555 543
589 3 2 0 14 543 555 556 544
590 3 2 0 14 544 556 557 545
591 3 2 0 14 545 557 558 546
592 3 2 0 14 546 558 559 547
593 3 2 0 14 547 559 560 548
594 3 2 0 14 548 560 561 549
595 3 2 0 14 549 561 276 277
596 3 2 0 14 40 41 562 550
597 3 2 0 14 550 562 563 551
598 3 2 0 14 551 563 564 552
599 3 2 0 14 552 564 565 553
600 3 2 0 14 553 565 566 554
601 3 2 0 14 554 566 567 555
602 3 2 0 14 555 567 568 556
603 3 2 0 14 556 568 569 557
604 3 2 0 14 557 569 570 558
605 3 2 0 14 558 570 571 559
606 3 2 0 14 559 571 572 560
607 3 2 0 14 560 572 573 561
608 3 2 0 14 561 573 275 276
609 3 2 0 14 41 42 574 562
610 3 2 0 14 562 574 575 563
611 3 2 0 14 563 575 576 564
612 3 2 0 14 564 576 577 565
613 3 2 0 14 565 577 578 566
614 3 2 0 14 566 578 579 567
615 3 2 0 14 567 579 580 568
616 3 2 0 14 568 580 581 569
617 3 2 0 14 569 581 582 570
618 3 2 0 14 570 582 583 571
619 3 2 0 14 571 583 584 572
620 3 2 0 14 572 584 585 573
621 3 2 0 14 573 585 274 275
622 3 2 0 14 42 43 586 574
623 3 2 0 14 574 586 587 575
624 3 2 0 14 575 587 588 576
625 3 2 0 14 576 588 589 577
626 3 2 0 14 577 589 590 578
627 3 2 0 14 578 590 591 579
628 3 2 0 14 579 591 592 580
629 3 2 0 14 580 592 593 581
630 3 2 0 14 581 593 594 582
631 3 2 0 14 582 594 595 583
632 3 2 0 14 583 595 596 584
633 3 2 0 14 584 596 597 585
634 3 2 0 14 585 597 273 274
635 3 2 0 14 43 44 598 586
636 3 2 0 14 586 598 599 587
637 3 2 0 14 587 599 600 588
638 3 2 0 14 588 600 601 589
639 3 2 0 14 589 601 602 590
640 3 2 0 14 590 602 603 591
641 3 2 0 14 591 603 604 592
642 3 2 0 14 592 604 605 593
643 3 2 0 14 593 605 606 594
644 3 2 0 14 594 606 607 595
645 3 2 0 14 595 607 608 596
646 3 2 0 14 596 608 609 597
647 3 2 0 14 597 609 272 273
648 3 2 0 14 44 45 610 598
649 3 2 0 14 598 610 611 599
650 3 2 0 14 599 611 612 600
651 3 2 0 14 600 612 613 601
652 3 2 0 14 601 613 614 602
653 3 2 0 14 602 614 615 603
654 3 2 0 14 603 615 616 604
655 3 2 0 14 604 616 617 605
656 3 2 0 14 605 617 618 606
657 3 2 0 14 606 618 619 607
658 3 2 0 14 607 619 620 608
659 3 2 0 14 608 620 621 609
660 3 2 0 14 609 621 271 272
661 3 2 0 14 45 46 622 610
662 3 2 0 14 610 622 623 611
663 3 2 0 14 611 623 624 612
664 3 2 0 14 612 624 625 613
665 3 2 0 14 613 625 626 614
666 3 2 0 14 614 626 627 615
667 3 2 0 14 615 627 628 616
668 3 2 0 14 616 628 629 617
669 3 2 0 14 617 629 630 618
670 3 2 0 14 618 630 631 619
671 3 2 0 14 619 631 632 620
672 3 2 0 14 620 632 633 621
673 3 2 0 14 621 633 270 271
674 3 2 0 14 46 47 634 622
675 3 2 0 14 622 634 635 623
676 3 2 0 14 623 635 636 624
677 3 2 0 14 624 636 637 625
678 3 2 0 14 625 637 638 626
679 3 2 0 14 626 638 639 627
680 3 2 0 14 627 639 640 628
681 3 2 0 14 628 640 641 629
682 3 2 0 14 629 641 642 630
683 3 2 0 14 630 642 643 631
684 3 2 0 14 631 643 644 632
685 3 2 0 14 632 644 645 633
686 3 2 0 14 633 645 269 270
687 3 2 0 14 47 48 646 634
688 3 2 0 14 634 646 647 635
689 3 2 0 14 635 647 648 636
690 3 2 0 14 636 648 649 637
691 3 2 0 14 637 649 650 638
692 3 2 0 14 638 650 651 639
693 3 2 0 14 639 651 652 640
694 3 2 0 14 640 652 653 641
695 3 2 0 14 641 653 654 642
696 3 2 0 14 642 654 655 643
697 3 2 0 14 643 655 656 644
698 3 2 0 14 644 656 657 645
699 3 2 0 14 645 657 268 269
700 3 2 0 14 48 49 658 646
701 3 2 0 14 646 658 659 647
702 3 2 0 14 647 659 660 648
703 3 2 0 14 648 660 661 649
704 3 2 0 14 649 661 662 650
705 3 2 0 14 650 662 663 651
706 3 2 0 14 651 663 664 652
707 3 2 0 14 652 664 665 653
708 3 2 0 14 653 665 666 654
709 3 2 0 14 654 666 667 655
710 3 2 0 14 655 667 668 656
711 3 2 0 14 656 668 669 657
712 3 2 0 14 657 669 267 268
713 3 2 0 14 49 50 670 658
714 3 2 0 14 658 670 671 659
715 3 2 0 14 659 671 672 660
716 3 2 0 14 660 672 673 661
717 3 2 0 14 661 673 674 662
718 3 2 0 14 662 674 675 663
719 3 2 0 14 663 675 676 664
720 3 2 0 14 664 676 677 665
721 3 2 0 14 665 677 678 666
722 3 2 0 14 666 678 679 667
723 3 2 0 14 667 679 680 668
724 3 2 0 14 668 680 681 669
725 3 2 0 14 669 681 266 267
726 3 2 0 14 50 51 682 670
727 3 2 0 14 670 682 683 671
728 3 2 0 14 671 683 684 672
729 3 2 0 14 672 684 685 673
730 3 2 0 14 673 685 686 674
731 3 2 0 14 674 686 687 675
732 3 2 0 14 675 687 688 676
733 3 2 0 14 676 688 689 677
734 3 2 0 14 677 689 690 678
735 3 2 0 14 678 690 691 679
736 3 2 0 14 679 691 692 680
737 3 2 0 14 680 692 693 681
738 3 2 0 14 681 693 265 266
739 3 2 0 14 51 52 694 682
740 3 2 0 14 682 694 695 683
741 3 2 0 14 683 695 696 684
742 3 2 0 14 684 696 697 685
743 3 2 0 14 685 697 698 686
744 3 2 0 14 686 698 699 687
745 3 2 0 14 687 699 700 688
746 3 2 0 14 688 700 701 689
747 3 2 0 14 689 701 702 690
748 3 2 0 14 690 702 703 691
749 3 2 0 14 691 703 704 692
750 3 2 0 14 692 704 705 693
751 3 2 0 14 693 705 264 265
752 3 2 0 14 52 53 706 694
753 3 2 0 14 694 706 707 695
754 3 2 0 14 695 707 708 696
755 3 2 0 14 696 708 709 697
756 3 2 0 14 697 709 710 698
757 3 2 0 14 698 710 711 699
758 3 2 0 14 699 711 712 700
759 3 2 0 14 700 712 713 701
760 3 2 0 14 701 713 714 702
761 3 2 0 14 702 714 715 703
762 3 2 0 14 703 715 716 704
763 3 2 0 14 704 716 717 705
764 3 2 0 14 705 717 263 264
765 3 2 0 14 53 54 718 706
766 3 2 0 14 706 718 719 707
767 3 2 0 14 707 719 720 708
768 3 2 0 14 708 720 721 709
769 3 2 0 14 709 721 722 710
770 3 2 0 14 710 722 723 711
771 3 2 0 14 711 723 724 712
772 3 2 0 14 712 724 725 713
773 3 2 0 14 713 725 726 714
774 3 2 0 14 714 726 727 715
775 3 2 0 14 715 727 728 716
776 3 2 0 14 716 728 729 717
777 3 2 0 14 717 729 262 263
778 3 2 0 14 54 55 730 718
779 3 2 0 14 718 730 731 719
780 3 2 0 14 719 731 732 720
781 3 2 0 14 720 732 733 721
782 3 2 0 14 721 733 734 722
783 3 2 0 14 722 734 735 723
784 3 2 0 14 723 735 736 724
785 3 2 0 14 724 736 737 725
786 3 2 0 14 725 737 738 726
787 3 2 0 14 726 738 739 727
788 3 2 0 14 727 739 740 728
789 3 2 0 14 728 740 741 729
790 3 2 0 14 729 741 261 262
791 3 2 0 14 55 56 742 730
792 3 2 0 14 730 742 743 731
793 3 2 0 14 731 743 744 732
794 3 2 0 14 732 744 745 733
795 3 2 0 14 733 745 746 734
796 3 2 0 14 734 746 747 735
797 3 2 0 14 735 747 748 736
798 3 2 0 14 736 748 749 737
799 3 2 0 14 737 749 750 738
800 3 2 0 14 738 750 751 739
801 3 2 0 14 739 751 752 740
802 3 2 0 14 740 752 753 741
803 3 2 0 14 741 753 260 261
804 3 2 0 14 56 57 754 742
805 3 2 0 14 742 754 755 743
806 3 2 0 14 743 755 756 744
807 3 2 0 14 744 756 757 745
808 3 2 0 14 745 757 758 746
809 3 2 0 14 746 758 759 747
810 3 2 0 14 747 759 760 748
811 3 2 0 14 748 760 761 749
812 3 2 0 14 749 761 762 750
813 3 2 0 14 750 762 763 751
814 3 2 0 14 751 763 764 752
815 3 2 0 14 752 764 765 753
816 3 2 0 14 753 765 259 260
817 3 2 0 14 57 58 766 754
818 3 2 0 14 754 766 767 755
819 3 2 0 14 755 767 768 756
820 3 2 0 14 756 768 769 757
821 3 2 0 14 757 769 770 758
822 3 2 0 14 758 770 771 759
823 3 2 0 14 759 771 772 760
824 3 2 0 14 760 772 773 761
825 3 2 0 14 761 773 774 762
826 3 2 0 14 762 774 775 763
827 3 2 0 14 763 775 776 764
828 3 2 0 14 764 776 777 765
829 3 2 0 14 765 777 258 259
830 3 2 0 14 58 59 778 766
831 3 2 0 14 766 778 779 767
832 3 2 0 14 767 779 780 768
833 3 2 0 14 768 780 781 769
834 3 2 0 14 769 781 782 770
835 3 2 0 14 770 782 783 771
836 3 2 0 14 771 783 784 772
837 3 2 0 14 772 784 785 773
838 3 2 0 14 773 785 786 774
839 3 2 0 14 774 786 787 775
840 3 2 0 14 775 787 788 776
841 3 2 0 14 776 788 789 777
842 3 2 0 14 777 789 257 258
843 3 2 0 14 59 60 790 778
844 3 2 0 14 778 790 791 779
845 3 2 0 14 779 791 792 780
846 3 2 0 14 780 792 793 781
847 3 2 0 14 781 793 794 782
848 3 2 0 14 782 794 795 783
849 3 2 0 14 783 795 796 784
850 3 2 0 14 784 796 797 785
851 3 2 0 14 785 797 798 786
852 3 2 0 14 786 798 799 787
853 3 2 0 14 787 799 800 788
854 3 2 0 14 788 800 801 789
855 3 2 0 14 789 801 256 257
856 3 2 0 14 60 61 802 790
857 3 2 0 14 790 802 803 791
858 3 2 0 14 791 803 804 792
859 3 2 0 14 792 804 805 793
860 3 2 0 14 793 805 806 794
861 3 2 0 14 794 806 807 795
862 3 2 0 14 795 807 808 796
863 3 2 0 14 796 808 809 797
864 3 2 0 14 797 809 810 798
865 3 2 0 14 798 810 811 799
866 3 2 0 14 799 811 812 800
867 3 2 0 14 800 812 813 801
868 3 2 0 14 801 813 255 256
869 3 2 0 14 61 62 814 802
870 3 2 0 14 802 814 815 803
871 3 2 0 14 803 815 816 804
872 3 2 0 14 804 816 817 805
873 3 2 0 14 805 817 818 806
874 3 2 0 14 806 818 819 807
875 3 2 0 14 807 819 820 808
876 3 2 0 14 808 820 821 809
877 3 2 0 14 809 821 822 810
878 3 2 0 14 810 822 823 811
879 3 2 0 14 811 823 824 812
880 3 2 0 14 812 824 825 813
881 3 2 0 14 813 825 254 255
882 3 2 0 14 62 63 826 814
883 3 2 0 14 814 826 827 815
884 3 2 0 14 815 827 828 816
885 3 2 0 14 816 828 829 817
886 3 2 0 14 817 829 830 818
887 3 2 0 14 818 830 831 819
888 3 2 0 14 819 831 832 820
889 3 2 0 14 820 832 833 821
890 3 2 0 14 821 833 834 822
891 3 2 0 14 822 834 835 823
892 3 2 0 14 823 835 836 824
893 3 2 0 14 824 836 837 825
894 3 2 0 14 825 837 253 254
895 3 2 0 14 63 64 838 826
896 3 2 0 14 826 838 839 827
897 3 2 0 14 827 839 840 828
898 3 2 0 14 828 840 841 829
899 3 2 0 14 829 841 842 830
900 3 2 0 14 830 842 843 831
901 3 2 0 14 831 843 844 832
902 3 2 0 14 832 844 845 833
903 3 2 0 14 833 845 846 834
904 3 2 0 14 834 846 847 835
905 3 2 0 14 835 847 848 836
906 3 2 0 14 836 848 849 837
907 3 2 0 14 837 849 252 253
908 3 2 0 14 64 65 850 838
909 3 2 0 14 838 850 851 839
910 3 2 0 14 839 851 852 840
911 3 2 0 14 840 852 853 841
912 3 2 0 14 841 853 854 842
913 3 2 0 14 842 854 855 843
914 3 2 0 14 843 855 856 844
915 3 2 0 14 844 856 857 845
916 3 2 0 14 845 857 858 846
917 3 2 0 14 846 858 859 847
918 3 2 0 14 847 859 860 848
919 3 2 0 14 848 860 861 849
920 3 2 0 14 849 861 251 252
921 3 2 0 14 65 66 862 850
922 3 2 0 14 850 862 863 851
923 3 2 0 14 851 863 864 852
924 3 2 0 14 852 864 865 853
925 3 2 0 14 853 865 866 854
926 3 2 0 14 854 866 867 855
927 3 2 0 14 855 867 868 856
928 3 2 0 14 856 868 869 857
929 3 2 0 14 857 869 870 858
930 3 2 0 14 858 870 871 859
931 3 2 0 14 859 871 872 860
932 3 2 0 14 860 872 873 861
933 3 2 0 14 861 873 250 251
934 3 2 0 14 66 67 874 862
935 3 2 0 14 862 874 875 863
936 3 2 0 14 863 875 876 864
937 3 2 0 14 864 876 877 865
938 3 2 0 14 865 877 878 866
939 3 2 0 14 866 878 879 867
940 3 2 0 14 867 879 880 868
941 3 2 0 14 868 880 881 869
942 3 2 0 14 869 881 882 870
943 3 2 0 14 870 882 883 871
944 3 2 0 14 871 883 884 872
945 3 2 0 14 872 884 885 873
946 3 2 0 14 873 885 249 250
947 3 2 0 14 67 3 68 874
948 3 2 0 14 874 68 69 875
949 3 2 0 14 875 69 70 876
950 3 2 0 14 876 70 71 877
951 3 2 0 14 877 71 72 878
952 3 2 0 14 878 72 73 879
953 3 2 0 14 879 73 74 880
954 3 2 0 14 880 74 75 881
955 3 2 0 14 881 75 76 882
956 3 2 0 14 882 76 77 883
957 3 2 0 14 883 77 78 884
958 3 2 0 14 884 78 79 885
959 3 2 0 14 885 79 4 249
960 3 2 0 16 4 80 886 249
961 3 2 0 16 80 81 887 886
962 3 2 0 16 81 82 888 887
963 3 2 0 16 82 83 889 888
964 3 2 0 16 83 84 890 889
965 3 2 0 16 84 85 891 890
966 3 2 0 16 85 86 892 891
967 3 2 0 16 86 87 893 892
968 3 2 0 16 87 88 894 893
969 3 2 0 16 88 89 895 894
970 3 2 0 16 89 90 896 895
971 3 2 0 16 90 91 897 896
972 3 2 0 16 91 92 898 897
973 3 2 0 16 92 93 899 898
974 3 2 0 16 93 94 900 899
975 3 2 0 16 94 95 901 900
976 3 2 0 16 95 96 902 901
977 3 2 0 16 96 97 903 902
978 3 2 0 16 97 98 904 903
979 3 2 0 16 98 99 905 904
980 3 2 0 16 99 100 906 905
981 3 2 0 16 100 101 907 906
982 3 2 0 16 101 102 908 907
983 3 2 0 16 102 103 909 908
984 3 2 0 16 103 104 910 909
985 3 2 0 16 104 105 911 910
986 3 2 0 16 105 5 106 911
987 3 2 0 16 249 886 912 250
988 3 2 0 16 886 887 913 912
989 3 2 0 16 887 888 914 913
990 3 2 0 16 888 889 915 914
991 3 2 0 16 889 890 916 915
992 3 2 0 16 890 891 917 916
993 3 2 0 16 891 892 918 917
994 3 2 0 16 892 893 919 918
995 3 2 0 16 893 894 920 919
996 3 2 0 16 894 895 921 920
997 3 2 0 16 895 896 922 921
998 3 2 0 16 896 897 923 922
999 3 2 0 16 897 898 924 923
1000 3 2 0 16 898 899 925 924
1001 3 2 0 16 899 900 926 925
1002 3 2 0 16 900 901 927 926
1003 3 2 0 16 901 902 928 927
1004 3 2 0 16 902 903 929 928
1005 3 2 0 16 903 904 930 929
1006 3 2 0 16 904 905 931 930
1007 3 2 0 16 905 906 932 931
1008 3 2 0 16 906 907 933 932
1009 3 2 0 16 907 908 934 933
1010 3 2 0 16 908 909 935 934
1011 3 2 0 16 909 910 936 935
1012 3 2 0 16 910 911 937 936
1013 3 2 0 16 911 106 107 937
1014 3 2 0 16 250 912 938 251
1015 3 2 0 16 912 913 939 938
1016 3 2 0 16 913 914 940 939
1017 3 2 0 16 914 915 941 940
1018 3 2 0 16 915 916 942 941
1019 3 2 0 16 916 917 943 942
1020 3 2 0 16 917 918 944 943
1021 3 2 0 16 918 919 945 944
1022 3 2 0 16 919 920 946 945
1023 3 2 0 16 920 921 947 946
1024 3 2 0 16 921 922 948 947
1025 3 2 0 16 922 923 949 948
1026 3 2 0 16 923 924 950 949
1027 3 2 0 16 924 925 951 950
1028 3 2 0 16 925 926 952 951
1029 3 2 0 16 926 927 953 952
1030 3 2 0 16 927 928 954 953
1031 3 2 0 16 928 929 955 954
1032 3 2 0 16 929 930 956 955
1033 3 2 0 16 930 931 957 956
1034 3 2 0 16 931 932 958 957
1035 3 2 0 16 932 933 959 958
1036 3 2 0 16 933 934 960 959
1037 3 2 0 16 934 935 961 960
1038 3 2 0 16 935 936 962 961
1039 3 2 0 16 936 937 963 962
1040 3 2 0 16 937 107 108 963
1041 3 2 0 16 251 938 964 252
1042 3 2 0 16 938 939 965 964
1043 3 2 0 16 939 940 966 965
1044 3 2 0 16 940 941 967 966
1045 3 2 0 16 941 942 968 967
1046 3 2 0 16 942 943 969 968
1047 3 2 0 16 943 944 970 969
1048 3 2 0 16 944 945 971 970
1049 3 2 0 16 945 946 972 971
1050 3 2 0 16 946 947 973 972
1051 3 2 0 16 947 948 974 973
1052 3 2 0 16 948 949 975 974
1053 3 2 0 16 949 950 976 975
1054 3 2 0 16 950 951 977 976
1055 3 2 0 16 951 952 978 977
1056 3 2 0 16 952 953 979 978
1057 3 2 0 16 953 954 980 979
1058 3 2 0 16 954 955 981 980
1059 3 2 0 16 955 956 982 981
1060 3 2 0 16 956 957 983 982
1061 3 2 0 16 957 958 984 983
1062 3 2 0 16 958 959 985 984
1063 3 2 0 16 959 960 986 985
1064 3 2 0 16 960 961 987 986
1065 3 2 0 16 961 962 988 987
1066 3 2 0 16 962 963 989 988
1067 3 2 0 16 963 108 109 989
1068 3 2 0 16 252 964 990 253
1069 3 2 0 16 964 965 991 990
1070 3 2 0 16 965 966 992 991
1071 3 2 0 16 966 967 993 992
1072 3 2 0 16 967 968 994 993
1073 3 2 0 16 968 969 995 994
1074 3 2 0 16 969 970 996 995
1075 3 2 0 16 970 971 997 996
1076 3 2 0 16 971 972 998 997
1077 3 2 0 16 972 973 999 998
1078 3 2 0 16 973 974 1000 999
1079 3 2 0 16 974 975 1001 1000
1080 3 2 0 16 975 976 1002 1001
1081 3 2 0 16 976 977 1003 1002
1082 3 2 0 16 977 978 1004 1003
1083 3 2 0 16 978 979 1005 1004
1084 3 2 0 16 979 980 1006 1005
1085 3 2 0 16 980 981 1007 1006
1086 3 2 0 16 981 982 1008 1007
1087 3 2 0 16 982 983 1009 1008
1088 3 2 0 16 983 984 1010 1009
1089 3 2 0 16 984 985 1011 1010
1090 3 2 0 16 985 986 1012 1011
1091 3 2 0 16 986 987 1013 1012
1092 3 2 0 16 987 988 1014 1013
1093 3 2 0 16 988 989 1015 1014
1094 3 2 0 16 989 109 110 1015
1095 3 2 0 16 253 990 1016 254
1096 3 2 0 16 990 991 1017 1016
1097 3 2 0 16 991 992 1018 1017
1098 3 2 0 16 992 993 1019 1018
1099 3 2 0 16 993 994 1020 1019
1100 3 2 0 16 994 995 1021 1020
1101 3 2 0 16 995 996 1022 1021
1102 3 2 0 16 996 997 1023 1022
1103 3 2 0 16 997 998 1024 1023
1104 3 2 0 16 998 999 1025 1024
1105 3 2 0 16 999 1000 1026 1025
1106 3 2 0 16 1000 1001 1027 1026
1107 3 2 0 16 1001 1002 1028 1027
1108 3 2 0 16 1002 1003 1029 1028
1109 3 2 0 16 1003 1004 1030 1029
1110 3 2 0 16 1004 1005 1031 1030
1111 3 2 0 16 1005 1006 1032 1031
1112 3 2 0 16 1006 1007 1033 1032
1113 3 2 0 16 1007 1008 1034 1033
1114 3 2 0 16 1008 1009 1035 1034
1115 3 2 0 16 1009 1010 1036 1035
1116 3 2 0 16 1010 1011 1037 1036
1117 3 2 0 16 1011 1012 1038 1037
1118 3 2 0 16 1012 1013 1039 1038
1119 3 2 0 16 1013 1014 1040 1039
1120 3 2 0 16 1014 1015 1041 1040
1121 3 2 0 16 1015 110 111 1041
1122 3 2 0 16 254 1016 1042 255
1123 3 2 0 16 1016 1017 1043 1042
1124 3 2 0 16 1017 1018 1044 1043
1125 3 2 0 16 1018 1019 1045 1044
1126 3 2 0 16 1019 1020 1046 1045
1127 3 2 0 16 1020 1021 1047 1046
1128 3 2 0 16 1021 1022 1048 1047
1129 3 2 0 16 1022 1023 1049 1048
1130 3 2 0 16 1023 1024 1050 1049
1131 3 2 0 16 1024 1025 1051 1050
1132 3 2 0 16 1025 1026 1052 1051
1133 3 2 0 16 1026 1027 1053 1052
1134 3 2 0 16 1027 1028 1054 1053
1135 3 2 0 16 1028 1029 1055 1054
1136 3 2 0 16 1029 1030 1056 1055
1137 3 2 0 16 1030 1031 1057 1056
1138 3 2 0 16 1031 1032 1058 1057
1139 3 2 0 16 1032 1033 1059 1058
1140 3 2 0 16 1033 1034 1060 1059
1141 3 2 0 16 1034 1035 1061 1060
1142 3 2 0 16 1035 1036 1062 1061
1143 3 2 0 16 1036 1037 1063 1062
1144 3 2 0 16 1037 1038 1064 1063
1145 3 2 0 16 1038 1039 1065 1064
1146 3 2 0 16 1039 1040 1066 1065
1147 3 2 0 16 1040 1041 1067 1066
1148 3 2 0 16 1041 111 112 1067
1149 3 2 0 16 255 1042 1068 256
1150 3 2 0 16 1042 1043 1069 1068
1151 3 2 0 16 1043 1044 1070 1069
1152 3 2 0 16 1044 1045 1071 1070
1153 3 2 0 16 1045 1046 1072 1071
1154 3 2 0 16 1046 1047 1073 1072
1155 3 2 0 16 1047 1048 1074 1073
1156 3 2 0 16 1048 1049 1075 1074
1157 3 2 0 16 1049 1050 1076 1075
1158 3 2 0 16 1050 1051 1077 1076
1159 3 2 0 16 1051 1052 1078 1077
1160 3 2 0 16 1052 1053 1079 1078
1161 3 2 0 16 1053 1054 1080 1079
1162 3 2 0 16 1054 1055 1081 1080
1163 3 2 0 16 1055 1056 1082 1081
1164 3 2 0 16 1056 1057 1083 1082
1165 3 2 0 16 1057 1058 1084 1083
1166 3 2 0 16 1058 1059 1085 1084
1167 3 2 0 16 1059 1060 1086 1085
1168 3 2 0 16 1060 1061 1087 1086
1169 3 2 0 16 1061 1062 1088 1087
1170 3 2 0 16 1062 1063 1089 1088
1171 3 2 0 16 1063 1064 1090 1089
1172 3 2 0 16 1064 1065 1091 1090
1173 3 2 0 16 1065 1066 1092 1091
1174 3 2 0 16 1066 1067 1093 1092
1175 3 2 0 16 1067 112 113 1093
1176 3 2 0 16 256 1068 1094 257
1177 3 2 0 16 1068 1069 1095 1094
1178 3 2 0 16 1069 1070 1096 1095
1179 3 2 0 16 1070 1071 1097 1096
1180 3 2 0 16 1071 1072 1098 1097
1181 3 2 0 16 1072 1073 1099 1098
1182 3 2 0 16 1073 1074 1100 1099
1183 3 2 0 16 1074 1075 1101 1100
1184 3 2 0 16 1075 1076 1102 1101
1185 3 2 0 16 1076 1077 1103 1102
1186 3 2 0 16 1077 1078 1104 1103
1187 3 2 0 16 1078 1079 1105 1104
1188 3 2 0 16 1079 1080 1106 1105
1189 3 2 0 16 1080 1081 1107 1106
1190 3 2 0 16 1081 1082 1108 1107
1191 3 2 0 16 1082 1083 1109 1108
1192 3 2 0 16 1083 1084 1110 1109
1193 3 2 0 16 1084 1085 1111 1110
1194 3 2 0 16 1085 1086 1112 1111
1195 3 2 0 16 1086 1087 1113 1112
1196 3 2 0 16 1087 1088 1114 1113
1197 3 2 0 16 1088 1089 1115 1114
1198 3 2 0 16 1089 1090 1116 1115
1199 3 2 0 16 1090 1091 1117 1116
1200 3 2 0 16 1091 1092 1118 1117
1201 3 2 0 16 1092 1093 1119 1118
1202 3 2 0 16 1093 113 114 1119
1203 3 2 0 16 257 1094 1120 258
1204 3 2 0 16 1094 1095 1121 1120
1205 3 2 0 16 1095 1096 1122 1121
1206 3 2 0 16 1096 1097 1123 1122
1207 3 2 0 16 1097 1098 1124 1123
1208 3 2 0 16 1098 1099 1125 1124
1209 3 2 0 16 1099 1100 1126 1125
1210 3 2 0 16 1100 1101 1127 1126
1211 3 2 0 16 1101 1102 1128 1127
1212 3 2 0 16 1102 1103 1129 1128
1213 3 2 0 16 1103 1104 1130 1129
1214 3 2 0 16 1104 1105 1131 1130
1215 3 2 0 16 1105 1106 1132 1131
1216 3 2 0 16 1106 1107 1133 1132
1217 3 2 0 16 1107 1108 1134 1133
1218 3 2 0 16 1108 1109 1135 1134
1219 3 2 0 16 1109 1110 1136 1135
1220 3 2 0 16 1110 1111 1137 1136
1221 3 2 0 16 1111 1112 1138 1137
1222 3 2 0 16 1112 1113 1139 1138
1223 3 2 0 16 1113 1114 1140 1139
1224 3 2 0 16 1114 1115 1141 1140
1225 3 2 0 16 1115 1116 1142 1141
1226 3 2 0 16 1116 1117 1143 1142
1227 3 2 0 16 1117 1118 1144 1143
1228 3 2 0 16 1118 1119 1145 1144
1229 3 2 0 16 1119 114 115 1145
1230 3 2 0 16 258 1120 1146 259
1231 3 2 0 16 1120 1121 1147 1146
1232 3 2 0 16 1121 1122 1148 1147
1233 3 2 0 16 1122 1123 1149 1148
1234 3 2 0 16 1123 1124 1150 1149
1235 3 2 0 16 1124 1125 1151 1150
1236 3 2 0 16 1125 1126 1152 1151
1237 3 2 0 16 1126 1127 1153 1152
1238 3 2 0 16 1127 1128 1154 1153
1239 3 2 0 16 1128 1129 1155 1154
1240 3 2 0 16 1129 1130 1156 1155
1241 3 2 0 16 1130 1131 1157 1156
1242 3 2 0 16 1131 1132 1158 1157
1243 3 2 0 16 1132 1133 1159 1158
1244 3 2 0 16 1133 1134 1160 1159
1245 3 2 0 16 1134 1135 1161 1160
1246 3 2 0 16 1135 1136 1162 1161
1247 3 2 0 16 1136 1137 1163 1162
1248 3 2 0 16 1137 1138 1164 1163
1249 3 2 0 16 1138 1139 1165 1164
1250 3 2 0 16 1139 1140 1166 1165
1251 3 2 0 16 1140 1141 1167 1166
1252 3 2 0 16 1141 1142 1168 1167
1253 3 2 0 16 1142 1143 1169 1168
1254 3 2 0 16 1143 1144 1170 1169
1255 3 2 0 16 1144 1145 1171 1170
1256 3 2 0 16 1145 115 116 1171
1257 3 2 0 16 259 1146 1172 260
1258 3 2 0 16 1146 1147 1173 1172
1259 3 2 0 16 1147 1148 1174 1173
1260 3 2 0 16 1148 1149 1175 1174
1261 3 2 0 16 1149 1150 1176 1175
1262 3 2 0 16 1150 1151 1177 1176
1263 3 2 0 16 1151 1152 1178 1177
1264 3 2 0 16 1152 1153 1179 1178
1265 3 2 0 16 1153 1154 1180 1179
1266 3 2 0 16 1154 1155 1181 1180
1267 3 2 0 16 1155 1156 1182 1181
1268 3 2 0 16 1156 1157 1183 1182
1269 3 2 0 16 1157 1158 1184 1183
1270 3 2 0 16 1158 1159 1185 1184
1271 3 2 0 16 1159 1160 1186 1185
1272 3 2 0 16 1160 1161 1187 1186
1273 3 2 0 16 1161 1162 1188 1187
1274 3 2 0 16 1162 1163 1189 1188
1275 3 2 0 16 1163 1164 1190 1189
1276 3 2 0 16 1164 1165 1191 1190
1277 3 2 0 16 1165 1166 1192 1191
1278 3 2 0 16 1166 1167 1193 1192
1279 3 2 0 16 1167 1168 1194 1193
1280 3 2 0 16 1168 1169 1195 1194
1281 3 2 0 16 1169 1170 1196 1195
1282 3 2 0 16 1170 1171 1197 1196
1283 3 2 0 16 1171 116 117 1197
1284 3 2 0 16 260 1172 1198 261
1285 3 2 0 16 1172 1173 1199 1198
1286 3 2 0 16 1173 1174 1200 1199
1287 3 2 0 16 1174 1175 1201 1200
1288 3 2 0 16 1175 1176 1202 1201
1289 3 2 0 16 1176 1177 1203 1202
1290 3 2 0 16 1177 1178 1204 1203
1291 3 2 0 16 1178 1179 1205 1204
1292 3 2 0 16 1179 1180 1206 1205
1293 3 2 0 16 1180 1181 1207 1206
1294 3 2 0 16 1181 1182 1208 1207
1295 3 2 0 16 1182 1183 1209 1208
1296 3 2 0 16 1183 1184 1210 1209
1297 3 2 0 16 1184 1185 1211 1210
1298 3 2 0 16 1185 1186 1212 1211
1299 3 2 0 16 1186 1187 1213 1212
1300 3 2 0 16 1187 1188 1214 1213
1301 3 2 0 16 1188 1189 1215 1214
1302 3 2 0 16 1189 1190 1216 1215
1303 3 2 0 16 1190 1191 1217 1216
1304 3 2 0 16 1191 1192 1218 1217
1305 3 2 0 16 1192 1193 1219 1218
1306 3 2 0 16 1193 1194 1220 1219
1307 3 2 0 16 1194 1195 1221 1220
1308 3 2 0 16 1195 1196 1222 1221
1309 3 2 0 16 1196 1197 1223 1222
1310 3 2 0 16 1197 117 118 1223
1311 3 2 0 16 261 1198 1224 262
1312 3 2 0 16 1198 1199 1225 1224
1313 3 2 0 16 1199 1200 1226 1225
1314 3 2 0 16 1200 1201 1227 1226
1315 3 2 0 16 1201 1202 1228 1227
1316 3 2 0 16 1202 1203 1229 1228
1317 3 2 0 16 1203 1204 1230 1229
1318 3 2 0 16 1204 1205 1231 1230
1319 3 2 0 16 1205 1206 1232 1231
1320 3 2 0 16 1206 1207 1233 1232
1321 3 2 0 16 1207 1208 1234 1233
1322 3 2 0 16 1208 1209 1235 1234
1323 3 2 0 16 1209 1210 1236 1235
1324 3 2 0 16 1210 1211 1237 1236
1325 3 2 0 16 1211 1212 1238 1237
1326 3 2 0 16 1212 1213 1239 1238
1327 3 2 0 16 1213 1214 1240 1239
1328 3 2 0 16 1214 1215 1241 1240
1329 3 2 0 16 1215 1216 1242 1241
1330 3 2 0 16 1216 1217 1243 1242
1331 3 2 0 16 1217 1218 1244 1243
1332 3 2 0 16 1218 1219 1245 1244
1333 3 2 0 16 1219 1220 1246 1245
1334 3 2 0 16 1220 1221 1247 1246
1335 3 2 0 16 1221 1222 1248 1247
1336 3 2 0 16 1222 1223 1249 1248
1337 3 2 0 16 1223 118 119 1249
1338 3 2 0 16 262 1224 1250 263
1339 3 2 0 16 1224 1225 1251 1250
1340 3 2 0 16 1225 1226 1252 1251
1341 3 2 0 16 1226 1227 1253 1252
1342 3 2 0 16 1227 1228 1254 1253
1343 3 2 0 16 1228 1229 1255 1254
1344 3 2 0 16 1229 1230 1256 1255
1345 3 2 0 16 1230 1231 1257 1256
1346 3 2 0 16 1231 1232 1258 1257
1347 3 2 0 16 1232 1233 1259 1258
1348 3 2 0 16 1233 1234 1260 1259
1349 3 2 0 16 1234 1235 1261 1260
1350 3 2 0 16 1235 1236 1262 1261
1351 3 2 0 16 1236 1237 1263 1262
1352 3 2 0 16 1237 1238 1264 1263
1353 3 2 0 16 1238 1239 1265 1264
1354 3 2 0 16 1239 1240 1266 1265
1355 3 2 0 16 1240 1241 1267 1266
1356 3 2 0 16 1241 1242 1268 1267
1357 3 2 0 16 1242 1243 1269 1268
1358 3 2 0 16 1243 1244 1270 1269
1359 3 2 0 16 1244 1245 1271 1270
1360 3 2 0 16 1245 1246 1272 1271
1361 3 2 0 16 1246 1247 1273 1272
1362 3 2 0 16 1247 1248 1274 1273
1363 3 2 0 16 1248 1249 1275 1274
1364 3 2 0 16 1249 119 120 1275
1365 3 2 0 16 263 1250 1276 264
1366 3 2 0 16 1250 1251 1277 1276
1367 3 2 0 16 1251 1252 1278 1277
1368 3 2 0 16 1252 1253 1279 1278
1369 3 2 0 16 1253 1254 1280 1279
1370 3 2 0 16 1254 1255 1281 1280
1371 3 2 0 16 1255 1256 1282 1281
1372 3 2 0 16 1256 1257 1283 1282
1373 3 2 0 16 1257 1258 1284 1283
1374 3 2 0 16 1258 1259 1285 1284
1375 3 2 0 16 1259 1260 1286 1285
1376 3 2 0 16 1260 1261 1287 1286
1377 3 2 0 16 1261 1262 1288 1287
1378 3 2 0 16 1262 1263 1289 1288
1379 3 2 0 16 1263 1264 1290 1289
1380 3 2 0 16 1264 1265 1291 1290
1381 3 2 0 16 1265 1266 1292 1291
1382 3 2 0 16 1266 1267 1293 1292
1383 3 2 0 16 1267 1268 1294 1293
1384 3 2 0 16 1268 1269 1295 1294
1385 3 2 0 16 1269 1270 1296 1295
1386 3 2 0 16 1270 1271 1297 1296
1387 3 2 0 16 1271 1272 1298 1297
1388 3 2 0 16 1272 1273 1299 1298
1389 3 2 0 16 1273 1274 1300 1299
1390 3 2 0 16 1274 1275 1301 1300
1391 3 2 0 16 1275 120 121 1301
1392 3 2 0 16 264 1276 1302 265
1393 3 2 0 16 1276 1277 1303 1302
1394 3 2 0 16 1277 1278 1304 1303
1395 3 2 0 16 1278 1279 1305 1304
1396 3 2 0 16 1279 1280 1306 1305
1397 3 2 0 16 1280 1281 1307 1306
1398 3 2 0 16 1281 1282 1308 1307
1399 3 2 0 16 1282 1283 1309 1308
1400 3 2 0 16 1283 1284 1310 1309
1401 3 2 0 16 1284 1285 1311 1310
1402 3 2 0 16 1285 1286 1312 1311
1403 3 2 0 16 1286 1287 1313 1312
1404 3 2 0 16 1287 1288 1314 1313
1405 3 2 0 16 1288 1289 1315 1314
1406 3 2 0 16 1289 1290 1316 1315
1407 3 2 0 16 1290 1291 1317 1316
1408 3 2 0 16 1291 1292 1318 1317
1409 3 2 0 16 1292 1293 1319 1318
1410 3 2 0 16 1293 1294 1320 1319
1411 3 2 0 16 1294 1295 1321 1320
1412 3 2 0 16 1295 1296 1322 1321
1413 3 2 0 16 1296 1297 1323 1322
1414 3 2 0 16 1297 1298 1324 1323
1415 3 2 0 16 1298 1299 1325 1324
1416 3 2 0 16 1299 1300 1326 1325
1417 3 2 0 16 1300 1301 1327 1326
1418 3 2 0 16 1301 121 122 1327
1419 3 2 0 16 265 1302 1328 266
1420 3 2 0 16 1302 1303 1329 1328
1421 3 2 0 16 1303 1304 1330 1329
1422 3 2 0 16 1304 1305 1331 1330
1423 3 2 0 16 1305 1306 1332 1331
1424 3 2 0 16 1306 1307 1333 1332
1425 3 2 0 16 1307 1308 1334 1333
1426 3 2 0 16 1308 1309 1335 1334
1427 3 2 0 16 1309 1310 1336 1335
1428 3 2 0 16 1310 1311 1337 1336
1429 3 2 0 16 1311 1312 1338 1337
1430 3 2 0 16 1312 1313 1339 1338
1431 3 2 0 16 1313 1314 1340 1339
1432 3 2 0 16 1314 1315 1341 1340
1433 3 2 0 16 1315 1316 1342 1341
1434 3 2 0 16 1316 1317 1343 1342
1435 3 2 0 16 1317 1318 1344 1343
1436 3 2 0 16 1318 1319 1345 1344
1437 3 2 0 16 1319 1320 1346 1345
1438 3 2 0 16 1320 1321 1347 1346
1439 3 2 0 16 1321 1322 1348 1347
1440 3 2 0 16 1322 1323 1349 1348
1441 3 2 0 16 1323 1324 1350 1349
1442 3 2 0 16 1324 1325 1351 1350
1443 3 2 0 16 1325 1326 1352 1351
1444 3 2 0 16 1326 1327 1353 1352
1445 3 2 0 16 1327 122 123 1353
1446 3 2 0 16 266 1328 1354 267
1447 3 2 0 16 1328 1329 1355 1354
1448 3 2 0 16 1329 1330 1356 1355
1449 3 2 0 16 1330 1331 1357 1356
1450 3 2 0 16 1331 1332 1358 1357
1451 3 2 0 16 1332 1333 1359 1358
1452 3 2 0 16 1333 1334 1360 1359
1453 3 2 0 16 1334 1335 1361 1360
1454 3 2 0 16 1335 1336 1362 1361
1455 3 2 0 16 1336 1337 1363 1362
1456 3 2 0 16 1337 1338 1364 1363
1457 3 2 0 16 1338 1339 1365 1364
1458 3 2 0 16 1339 1340 1366 1365
1459 3 2 0 16 1340 1341 1367 1366
1460 3 2 0 16 1341 1342 1368 1367
1461 3 2 0 16 1342 1343 1369 1368
1462 3 2 0 16 1343 1344 1370 1369
1463 3 2 0 16 1344 1345 1371 1370
1464 3 2 0 16 1345 1346 1372 1371
1465 3 2 0 16 1346 1347 1373 1372
1466 3 2 0 16 1347 1348 1374 1373
1467 3 2 0 16 1348 1349 1375 1374
1468 3 2 0 16 1349 1350 1376 1375
1469 3 2 0 16 1350 1351 1377 1376
1470 3 2 0 16 1351 1352 1378 1377
1471 3 2 0 16 1352 1353 1379 1378
1472 3 2 0 16 1353 123 124 1379
1473 3 2 0 16 267 1354 1380 268
1474 3 2 0 16 1354 1355 1381 1380
1475 3 2 0 16 1355 1356 1382 1381
1476 3 2 0 16 1356 1357 1383 1382
1477 3 2 0 16 1357 1358 1384 1383
1478 3 2 0 16 1358 1359 1385 1384
1479 3 2 0 16 1359 1360 1386 1385
1480 3 2 0 16 1360 1361 1387 1386
1481 3 2 0 16 1361 1362 1388 1387
1482 3 2 0 16 1362 1363 1389 1388
1483 3 2 0 16 1363 1364 1390 1389
1484 3 2 0 16 1364 1365 1391 1390
1485 3 2 0 16 1365 1366 1392 1391
1486 3 2 0 16 1366 1367 1393 1392
1487 3 2 0 16 1367 1368 1394 1393
1488 3 2 0 16 1368 1369 1395 1394
1489 3 2 0 16 1369 1370 1396 1395
1490 3 2 0 16 1370 1371 1397 1396
1491 3 2 0 16 1371 1372 1398 1397
1492 3 2 0 16 1372 1373 1399 1398
1493 3 2 0 16 1373 1374 1400 1399
1494 3 2 0 16 1374 1375 1401 1400
1495 3 2 0 16 1375 1376 1402 1401
1496 3 2 0 16 1376 1377 1403 1402
1497 3 2 0 16 1377 1378 1404 1403
1498 3 2 0 16 1378 1379 1405 1404
1499 3 2 0 16 1379 124 125 1405
1500 3 2 0 16 268 1380 1406 269
1501 3 2 0 16 1380 1381 1407 1406
1502 3 2 0 16 1381 1382 1408 1407
1503 3 2 0 16 1382 1383 1409 1408
1504 3 2 0 16 1383 1384 1410 1409
1505 3 2 0 16 1384 1385 1411 1410
1506 3 2 0 16 1385 1386 1412 1411
1507 3 2 0 16 1386 1387 1413 1412
1508 3 2 0 16 1387 1388 1414 1413
1509 3 2 0 16 1388 1389 1415 1414
1510 3 2 0 16 1389 1390 1416 1415
1511 3 2 0 16 1390 1391 1417 1416
1512 3 2 0 16 1391 1392 1418 1417
1513 3 2 0 16 1392 1393 1419 1418
1514 3 2 0 16 1393 1394 1420 1419
1515 3 2 0 16 1394 1395 1421 1420
1516 3 2 0 16 1395 1396 1422 1421
1517 3 2 0 16 1396 1397 1423 1422
1518 3 2 0 16 1397 1398 1424 1423
1519 3 2 0 16 1398 1399 1425 1424
1520 3 2 0 16 1399 1400 1426 1425
1521 3 2 0 16 1400 1401 1427 1426
1522 3 2 0 16 1401 1402 1428 1427
1523 3 2 0 16 1402 1403 1429 1428
1524 3 2 0 16 1403 1404 1430 1429
1525 3 2 0 16 1404 1405 1431 1430
1526 3 2 0 16 1405 125 126 1431
1527 3 2 0 16 269 1406 1432 270
1528 3 2 0 16 1406 1407 1433 1432
1529 3 2 0 16 1407 1408 1434 1433
1530 3 2 0 16 1408 1409 1435 1434
1531 3 2 0 16 1409 1410 1436 1435
1532 3 2 0 16 1410 1411 1437 1436
1533 3 2 0 16 1411 1412 1438 1437
1534 3 2 0 16 1412 1413 1439 1438
1535 3 2 0 16 1413 1414 1440 1439
1536 3 2 0 16 1414 1415 1441 1440
1537 3 2 0 16 1415 1416 1442 1441
1538 3 2 0 16 1416 1417 1443 1442
1539 3 2 0 16 1417 1418 1444 1443
1540 3 2 0 16 1418 1419 1445 1444
1541 3 2 0 16 1419 1420 1446 1445
1542 3 2 0 16 1420 1421 1447 1446
1543 3 2 0 16 1421 1422 1448 1447
1544 3 2 0 16 1422 1423 1449 1448
1545 3 2 0 16 1423 1424 1450 1449
1546 3 2 0 16 1424 1425 1451 1450
1547 3 2 0 16 1425 1426 1452 1451
1548 3 2 0 16 1426 1427 1453 1452
1549 3 2 0 16 1427 1428 1454 1453
1550 3 2 0 16 1428 1429 1455 1454
1551 3 2 0 16 1429 1430 1456 1455
1552 3 2 0 16 1430 1431 1457 1456
1553 3 2 0 16 1431 126 127 1457
1554 3 2 0 16 270 1432 1458 271
1555 3 2 0 16 1432 1433 1459 1458
1556 3 2 0 16 1433 1434 1460 1459
1557 3 2 0 16 1434 1435 1461 1460
1558 3 2 0 16 1435 1436 1462 1461
1559 3 2 0 16 1436 1437 1463 1462
1560 3 2 0 16 1437 1438 1464 1463
1561 3 2 0 16 1438 1439 1465 1464
1562 3 2 0 16 1439 1440 1466 1465
1563 3 2 0 16 1440 1441 1467 1466
1564 3 2 0 16 1441 1442 1468 1467
1565 3 2 0 16 1442 1443 1469 1468
1566 3 2 0 16 1443 1444 1470 1469
1567 3 2 0 16 1444 1445 1471 1470
1568 3 2 0 16 1445 1446 1472 1471
1569 3 2 0 16 1446 1447 1473 1472
1570 3 2 0 16 1447 1448 1474 1473
1571 3 2 0 16 1448 1449 1475 1474
1572 3 2 0 16 1449 1450 1476 1475
1573 3 2 0 16 1450 1451 1477 1476
1574 3 2 0 16 1451 1452 1478 1477
1575 3 2 0 16 1452 1453 1479 1478
1576 3 2 0 16 1453 1454 1480 1479
1577 3 2 0 16 1454 1455 1481 1480
1578 3 2 0 16 1455 1456 1482 1481
1579 3 2 0 16 1456 1457 1483 1482
1580 3 2 0 16 1457 127 128 1483
1581 3 2 0 16 271 1458 1484 272
1582 3 2 0 16 1458 1459 1485 1484
1583 3 2 0 16 1459 1460 1486 1485
1584 3 2 0 16 1460 1461 1487 1486
1585 3 2 0 16 1461 1462 1488 1487
1586 3 2 0 16 1462 1463 1489 1488
1587 3 2 0 16 1463 1464 1490 1489
1588 3 2 0 16 1464 1465 1491 1490
1589 3 2 0 16 1465 1466 1492 1491
1590 3 2 0 16 1466 1467 1493 1492
1591 3 2 0 16 1467 1468 1494 1493
1592 3 2 0 16 1468 1469 1495 1494
1593 3 2 0 16 1469 1470 1496 1495
1594 3 2 0 16 1470 1471 1497 1496
1595 3 2 0 16 1471 1472 1498 1497
1596 3 2 0 16 1472 1473 1499 1498
1597 3 2 0 16 1473 1474 1500 1499
1598 3 2 0 16 1474 1475 1501 1500
1599 3 2 0 16 1475 1476 1502 1501
1600 3 2 0 16 1476 1477 1503 1502
1601 3 2 0 16 1477 1478 1504 1503
1602 3 2 0 16 1478 1479 1505 1504
1603 3 2 0 16 1479 1480 1506 1505
1604 3 2 0 16 1480 1481 1507 1506
1605 3 2 0 16 1481 1482 1508 1507
1606 3 2 0 16 1482 1483 1509 1508
1607 3 2 0 16 1483 128 129 1509
1608 3 2 0 16 272 1484 1510 273
1609 3 2 0 16 1484 1485 1511 1510
1610 3 2 0 16 1485 1486 1512 1511
1611 3 2 0 16 1486 1487 1513 1512
1612 3 2 0 16 1487 1488 1514 1513
1613 3 2 0 16 1488 1489 1515 1514
1614 3 2 0 16 1489 1490 1516 1515
1615 3 2 0 16 1490 1491 1517 1516
1616 3 2 0 16 1491 1492 1518 1517
1617 3 2 0 16 1492 1493 1519 1518
1618 3 2 0 16 1493 1494 1520 1519
1619 3 2 0 16 1494 1495 1521 1520
1620 3 2 0 16 1495 1496 1522 1521
1621 3 2 0 16 1496 1497 1523 1522
1622 3 2 0 16 1497 1498 1524 1523
1623 3 2 0 16 1498 1499 1525 1524
1624 3 2 0 16 1499 1500 1526 1525
1625 3 2 0 16 1500 1501 1527 1526
1626 3 2 0 16 1501 1502 1528 1527
1627 3 2 0 16 1502 1503 1529 1528
1628 3 2 0 16 1503 1504 1530 1529
1629 3 2 0 16 1504 1505 1531 1530
1630 3 2 0 16 1505 1506 1532 1531
1631 3 2 0 16 1506 1507 1533 1532
1632 3 2 0 16 1507 1508 1534 1533
1633 3 2 0 16 1508 1509 1535 1534
1634 3 2 0 16 1509 129 130 1535
1635 3 2 0 16 273 1510 1536 274
1636 3 2 0 16 1510 1511 1537 1536
1637 3 2 0 16 1511 1512 1538 1537
1638 3 2 0 16 1512 1513 1539 1538
1639 3 2 0 16 1513 1514 1540 1539
1640 3 2 0 16 1514 1515 1541 1540
1641 3 2 0 16 1515 1516 1542 1541
1642 3 2 0 16 1516 1517 1543 1542
1643 3 2 0 16 1517 1518 1544 1543
1644 3 2 0 16 1518 1519 1545 1544
1645 3 2 0 16 1519 1520 1546 1545
1646 3 2 0 16 1520 1521 1547 1546
1647 3 2 0 16 1521 1522 1548 1547
1648 3 2 0 16 1522 1523 1549 1548
1649 3 2 0 16 1523 1524 1550 1549
1650 3 2 0 16 1524 1525 1551 1550
1651 3 2 0 16 1525 1526 1552 1551
1652 3 2 0 16 1526 1527 1553 1552
1653 3 2 0 16 1527 1528 1554 1553
1654 3 2 0 16 1528 1529 1555 1554
1655 3 2 0 16 1529 1530 1556 1555
1656 3 2 0 16 1530 1531 1557 1556
1657 3 2 0 16 1531 1532 1558 1557
1658 3 2 0 16 1532 1533 1559 1558
1659 3 2 0 16 1533 1534 1560 1559
1660 3 2 0 16 1534 1535 1561 1560
1661 3 2 0 16 1535 130 131 1561
1662 3 2 0 16 274 1536 1562 275
1663 3 2 0 16 1536 1537 1563 1562
1664 3 2 0 16 1537 1538 1564 1563
1665 3 2 0 16 1538 1539 1565 1564
1666 3 2 0 16 1539 1540 1566 1565
1667 3 2 0 16 1540 1541 1567 1566
1668 3 2 0 16 1541 1542 1568 1567
1669 3 2 0 16 1542 1543 1569 1568
1670 3 2 0 16 1543 1544 1570 1569
1671 3 2 0 16 1544 1545 1571 1570
1672 3 2 0 16 1545 1546 1572 1571
1673 3 2 0 16 1546 1547 1573 1572
1674 3 2 0 16 1547 1548 1574 1573
1675 3 2 0 16 1548 1549 1575 1574
1676 3 2 0 16 1549 1550 1576 1575
1677 3 2 0 16 1550 1551 1577 1576
1678 3 2 0 16 1551 1552 1578 1577
1679 3 2 0 16 1552 1553 1579 1578
1680 3 2 0 16 1553 1554 1580 1579
1681 3 2 0 16 1554 1555 1581 1580
1682 3 2 0 16 1555 1556 1582 1581
1683 3 2 0 16 1556 1557 1583 1582
1684 3 2 0 16 1557 1558 1584 1583
1685 3 2 0 16 1558 1559 1585 1584
1686 3 2 0 16 1559 1560 1586 1585
1687 3 2 0 16 1560 1561 1587 1586
1688 3 2 0 16 1561 131 132 1587
1689 3 2 0 16 275 1562 1588 276
1690 3 2 0 16 1562 1563 1589 1588
1691 3 2 0 16 1563 1564 1590 1589
1692 3 2 0 16 1564 1565 1591 1590
1693 3 2 0 16 1565 1566 1592 1591
1694 3 2 0 16 1566 1567 1593 1592
1695 3 2 0 16 1567 1568 1594 1593
1696 3 2 0 16 1568 1569 1595 1594
1697 3 2 0 16 1569 1570 1596 1595
1698 3 2 0 16 1570 1571 1597 1596
1699 3 2 0 16 1571 1572 1598 1597
1700 3 2 0 16 1572 1573 1599 1598
1701 3 2 0 16 1573 1574 1600 1599
1702 3 2 0 16 1574 1575 1601 1600
1703 3 2 0 16 1575 1576 1602 1601
1704 3 2 0 16 1576 1577 1603 1602
1705 3 2 0 16 1577 1578 1604 1603
1706 3 2 0 16 1578 1579 1605 1604
1707 3 2 0 16 1579 1580 1606 1605
1708 3 2 0 16 1580 1581 1607 1606
1709 3 2 0 16 1581 1582 1608 1607
1710 3 2 0 16 1582 1583 1609 1608
1711 3 2 0 16 1583 1584 1610 1609
1712 3 2 0 16 1584 1585 1611 1610
1713 3 2 0 16 1585 1586 1612 1611
1714 3 2 0 16 1586 1587 1613 1612
1715 3 2 0 16 1587 132 133 1613
1716 3 2 0 16 276 1588 1614 277
1717 3 2 0 16 1588 1589 1615 1614
1718 3 2 0 16 1589 1590 1616 1615
1719 3 2 0 16 1590 1591 1617 1616
1720 3 2 0 16 1591 1592 1618 1617
1721 3 2 0 16 1592 1593 1619 1618
1722 3 2 0 16 1593 1594 1620 1619
1723 3 2 0 16 1594 1595 1621 1620
1724 3 2 0 16 1595 1596 1622 1621
1725 3 2 0 16 1596 1597 1623 1622
1726 3 2 0 16 1597 1598 1624 1623
1727 3 2 0 16 1598 1599 1625 1624
1728 3 2 0 16 1599 1600 1626 1625
1729 3 2 0 16 1600 1601 1627 1626
1730 3 2 0 16 1601 1602 1628 1627
1731 3 2 0 16 1602 1603 1629 1628
1732 3 2 0 16 1603 1604 1630 1629
1733 3 2 0 16 1604 1605 1631 1630
1734 3 2 0 16 1605 1606 1632 1631
1735 3 2 0 16 1606 1607 1633 1632
1736 3 2 0 16 1607 1608 1634 1633
1737 3 2 0 16 1608 1609 1635 1634
1738 3 2 0 16 1609 1610 1636 1635
1739 3 2 0 16 1610 1611 1637 1636
1740 3 2 0 16 1611 1612 1638 1637
1741 3 2 0 16 1612 1613 1639 1638
1742 3 2 0 16 1613 133 134 1639
1743 3 2 0 16 277 1614 1640 278
1744 3 2 0 16 1614 1615 1641 1640
1745 3 2 0 16 1615 1616 1642 1641
1746 3 2 0 16 1616 1617 1643 1642
1747 3 2 0 16 1617 1618 1644 1643
1748 3 2 0 16 1618 1619 1645 1644
1749 3 2 0 16 1619 1620 1646 1645
1750 3 2 0 16 1620 1621 1647 1646
1751 3 2 0 16 1621 1622 1648 1647
1752 3 2 0 16 1622 1623 1649 1648
1753 3 2 0 16 1623 1624 1650 1649
1754 3 2 0 16 1624 1625 1651 1650
1755 3 2 0 16 1625 1626 1652 1651
1756 3 2 0 16 1626 1627 1653 1652
1757 3 2 0 16 1627 1628 1654 1653
1758 3 2 0 16 1628 1629 1655 1654
1759 3 2 0 16 1629 1630 1656 1655
1760 3 2 0 16 1630 1631 1657 1656
1761 3 2 0 16 1631 1632 1658 1657
1762 3 2 0 16 1632 1633 1659 1658
1763 3 2 0 16 1633 1634 1660 1659
1764 3 2 0 16 1634 1635 1661 1660
1765 3 2 0 16 1635 1636 1662 1661
1766 3 2 0 16 1636 1637 1663 1662
1767 3 2 0 16 1637 1638 1664 1663
1768 3 2 0 16 1638 1639 1665 1664
1769 3 2 0 16 1639 134 135 1665
1770 3 2 0 16 278 1640 1666 279
1771 3 2 0 16 1640 1641 1667 1666
1772 3 2 0 16 1641 1642 1668 1667
1773 3 2 0 16 1642 1643 1669 1668
1774 3 2 0 16 1643 1644 1670 1669
1775 3 2 0 16 1644 1645 1671 1670
1776 3 2 0 16 1645 1646 1672 1671
1777 3 2 0 16 1646 1647 1673 1672
1778 3 2 0 16 1647 1648 1674 1673
1779 3 2 0 16 1648 1649 1675 1674
1780 3 2 0 16 1649 1650 1676 1675
1781 3 2 0 16 1650 1651 1677 1676
1782 3 2 0 16 1651 1652 1678 1677
1783 3 2 0 16 1652 1653 1679 1678
1784 3 2 0 16 1653 1654 1680 1679
1785 3 2 0 16 1654 1655 1681 1680
1786 3 2 0 16 1655 1656 1682 1681
1787 3 2 0 16 1656 1657 1683 1682
1788 3 2 0 16 1657 1658 1684 1683
1789 3 2 0 16 1658 1659 1685 1684
1790 3 2 0 16 1659 1660 1686 1685
1791 3 2 0 16 1660 1661 1687 1686
1792 3 2 0 16 1661 1662 1688 1687
1793 3 2 0 16 1662 1663 1689 1688
1794 3 2 0 16 1663 1664 1690 1689
1795 3 2 0 16 1664 1665 1691 1690
1796 3 2 0 16 1665 135 136 1691
1797 3 2 0 16 279 1666 1692 280
1798 3 2 0 16 1666 1667 1693 1692
1799 3 2 0 16 1667 1668 1694 1693
1800 3 2 0 16 1668 1669 1695 1694
1801 3 2 0 16 1669 1670 1696 1695
1802 3 2 0 16 1670 1671 1697 1696
1803 3 2 0 16 1671 1672 1698 1697
1804 3 2 0 16 1672 1673 1699 1698
1805 3 2 0 16 1673 1674 1700 1699
1806 3 2 0 16 1674 1675 1701 1700
1807 3 2 0 16 1675 1676 1702 1701
1808 3 2 0 16 1676 1677 1703 1702
1809 3 2 0 16 1677 1678 1704 1703
1810 3 2 0 16 1678 1679 1705 1704
1811 3 2 0 16 1679 1680 1706 1705
1812 3 2 0 16 1680 1681 1707 1706
1813 3 2 0 16 1681 1682 1708 1707
1814 3 2 0 16 1682 1683 1709 1708
1815 3 2 0 16 1683 1684 1710 1709
1816 3 2 0 16 1684 1685 1711 1710
1817 3 2 0 16 1685 1686 1712 1711
1818 3 2 0 16 1686 1687 1713 1712
1819 3 2 0 16 1687 1688 1714 1713
1820 3 2 0 16 1688 1689 1715 1714
1821 3 2 0 16 1689 1690 1716 1715
1822 3 2 0 16 1690 1691 1717 1716
1823 3 2 0 16 1691 136 137 1717
1824 3 2 0 16 280 1692 1718 281
1825 3 2 0 16 1692 1693 1719 1718
1826 3 2 0 16 1693 1694 1720 1719
1827 3 2 0 16 1694 1695 1721 1720
1828 3 2 0 16 1695 1696 1722 1721
1829 3 2 0 16 1696 1697 1723 1722
1830 3 2 0 16 1697 1698 1724 1723
1831 3 2 0 16 1698 1699 1725 1724
1832 3 2 0 16 1699 1700 1726 1725
1833 3 2 0 16 1700 1701 1727 1726
1834 3 2 0 16 1701 1702 1728 1727
1835 3 2 0 16 1702 1703 1729 1728
1836 3 2 0 16 1703 1704 1730 1729
1837 3 2 0 16 1704 1705 1731 1730
1838 3 2 0 16 1705 1706 1732 1731
1839 3 2 0 16 1706 1707 1733 1732
1840 3 2 0 16 1707 1708 1734 1733
1841 3 2 0 16 1708 1709 1735 1734
1842 3 2 0 16 1709 1710 1736 1735
1843 3 2 0 16 1710 1711 1737 1736
1844 3 2 0 16 1711 1712 1738 1737
1845 3 2 0 16 1712 1713 1739 1738
1846 3 2 0 16 1713 1714 1740 1739
1847 3 2 0 16 1714 1715 1741 1740
1848 3 2 0 16 1715 1716 1742 1741
1849 3 2 0 16 1716 1717 1743 1742
1850 3 2 0 16 1717 137 138 1743
1851 3 2 0 16 281 1718 1744 282
1852 3 2 0 16 1718 1719 1745 1744
1853 3 2 0 16 1719 1720 1746 1745
1854 3 2 0 16 1720 1721 1747 1746
1855 3 2 0 16 1721 1722 1748 1747
1856 3 2 0 16 1722 1723 1749 1748
1857 3 2 0 16 1723 1724 1750 1749
1858 3 2 0 16 1724 1725 1751 1750
1859 3 2 0 16 1725 1726 1752 1751
1860 3 2 0 16 1726 1727 1753 1752
1861 3 2 0 16 1727 1728 1754 1753
1862 3 2 0 16 1728 1729 1755 1754
1863 3 2 0 16 1729 1730 1756 1755
1864 3 2 0 16 1730 1731 1757 1756
1865 3 2 0 16 1731 1732 1758 1757
1866 3 2 0 16 1732 1733 1759 1758
1867 3 2 0 16 1733 1734 1760 1759
1868 3 2 0 16 1734 1735 1761 1760
1869 3 2 0 16 1735 1736 1762 1761
1870 3 2 0 16 1736 1737 1763 1762
1871 3 2 0 16 1737 1738 1764 1763
1872 3 2 0 16 1738 1739 1765 1764
1873 3 2 0 16 1739 1740 1766 1765
1874 3 2 0 16 1740 1741 1767 1766
1875 3 2 0 16 1741 1742 1768 1767
1876 3 2 0 16 1742 1743 1769 1768
1877 3 2 0 16 1743 138 139 1769
1878 3 2 0 16 282 1744 1770 283
1879 3 2 0 16 1744 1745 1771 1770
1880 3 2 0 16 1745 1746 1772 1771
1881 3 2 0 16 1746 1747 1773 1772
1882 3 2 0 16 1747 1748 1774 1773
1883 3 2 0 16 1748 1749 1775 1774
1884 3 2 0 16 1749 1750 1776 1775
1885 3 2 0 16 1750 1751 1777 1776
1886 3 2 0 16 1751 1752 1778 1777
1887 3 2 0 16 1752 1753 1779 1778
1888 3 2 0 16 1753 1754 1780 1779
1889 3 2 0 16 1754 1755 1781 1780
1890 3 2 0 16 1755 1756 1782 1781
1891 3 2 0 16 1756 1757 1783 1782
1892 3 2 0 16 1757 1758 1784 1783
1893 3 2 0 16 1758 1759 1785 1784
1894 3 2 0 16 1759 1760 1786 1785
1895 3 2 0 16 1760 1761 1787 1786
1896 3 2 0 16 1761 1762 1788 1787
1897 3 2 0 16 1762 1763 1789 1788
1898 3 2 0 16 1763 1764 1790 1789
1899 3 2 0 16 1764 1765 1791 1790
1900 3 2 0 16 1765 1766 1792 1791
1901 3 2 0 16 1766 1767 1793 1792
1902 3 2 0 16 1767 1768 1794 1793
1903 3 2 0 16 1768 1769 1795 1794
1904 3 2 0 16 1769 139 140 1795
1905 3 2 0 16 283 1770 1796 284
1906 3 2 0 16 1770 1771 1797 1796
1907 3 2 0 16 1771 1772 1798 1797
1908 3 2 0 16 1772 1773 1799 1798
1909 3 2 0 16 1773 1774 1800 1799
1910 3 2 0 16 1774 1775 1801 1800
1911 3 2 0 16 1775 1776 1802 1801
1912 3 2 0 16 1776 1777 1803 1802
1913 3 2 0 16 1777 1778 1804 1803
1914 3 2 0 16 1778 1779 1805 1804
1915 3 2 0 16 1779 1780 1806 1805
1916 3 2 0 16 1780 1781 1807 1806
1917 3 2 0 16 1781 1782 1808 1807
1918 3 2 0 16 1782 1783 1809 1808
1919 3 2 0 16 1783 1784 1810 1809
1920 3 2 0 16 1784 1785 1811 1810
1921 3 2 0 16 1785 1786 1812 1811
1922 3 2 0 16 1786 1787 1813 1812
1923 3 2 0 16 1787 1788 1814 1813
1924 3 2 0 16 1788 1789 1815 1814
1925 3 2 0 16 1789 1790 1816 1815
1926 3 2 0 16 1790 1791 1817 1816
1927 3 2 0 16 1791 1792 1818 1817
1928 3 2 0 16 1792 1793 1819 1818
1929 3 2 0 16 1793 1794 1820 1819
1930 3 2 0 16 1794 1795 1821 1820
1931 3 2 0 16 1795 140 141 1821
1932 3 2 0 16 284 1796 1822 285
1933 3 2 0 16 1796 1797 1823 1822
1934 3 2 0 16 1797 1798 1824 1823
1935 3 2 0 16 1798 1799 1825 1824
1936 3 2 0 16 1799 1800 1826 1825
1937 3 2 0 16 1800 1801 1827 1826
1938 3 2 0 16 1801 1802 1828 1827
1939 3 2 0 16 1802 1803 1829 1828
1940 3 2 0 16 1803 1804 1830 1829
1941 3 2 0 16 1804 1805 1831 1830
1942 3 2 0 16 1805 1806 1832 1831
1943 3 2 0 16 1806 1807 1833 1832
1944 3 2 0 16 1807 1808 1834 1833
1945 3 2 0 16 1808 1809 1835 1834
1946 3 2 0 16 1809 1810 1836 1835
1947 3 2 0 16 1810 1811 1837 1836
1948 3 2 0 16 1811 1812 1838 1837
1949 3 2 0 16 1812 1813 1839 1838
1950 3 2 0 16 1813 1814 1840 1839
1951 3 2 0 16 1814 1815 1841 1840
1952 3 2 0 16 1815 1816 1842 1841
1953 3 2 0 16 1816 1817 1843 1842
1954 3 2 0 16 1817 1818 1844 1843
1955 3 2 0 16 1818 1819 1845 1844
1956 3 2 0 16 1819 1820 1846 1845
1957 3 2 0 16 1820 1821 1847 1846
1958 3 2 0 16 1821 141 142 1847
1959 3 2 0 16 285 1822 1848 286
1960 3 2 0 16 1822 1823 1849 1848
1961 3 2 0 16 1823 1824 1850 1849
1962 3 2 0 16 1824 1825 1851 1850
1963 3 2 0 16 1825 1826 1852 1851
1964 3 2 0 16 1826 1827 1853 1852
1965 3 2 0 16 1827 1828 1854 1853
1966 3 2 0 16 1828 1829 1855 1854
1967 3 2 0 16 1829 1830 1856 1855
1968 3 2 0 16 1830 1831 1857 1856
1969 3 2 0 16 1831 1832 1858 1857
1970 3 2 0 16 1832 1833 1859 1858
1971 3 2 0 16 1833 1834 1860 1859
1972 3 2 0 16 1834 1835 1861 1860
1973 3 2 0 16 1835 1836 1862 1861
1974 3 2 0 16 1836 1837 1863 1862
1975 3 2 0 16 1837 1838 1864 1863
1976 3 2 0 16 1838 1839 1865 1864
1977 3 2 0 16 1839 1840 1866 1865
1978 3 2 0 16 1840 1841 1867 1866
1979 3 2 0 16 1841 1842 1868 1867
1980 3 2 0 16 1842 1843 1869 1868
1981 3 2 0 16 1843 1844 1870 1869
1982 3 2 0 16 1844 1845 1871 1870
1983 3 2 0 16 1845 1846 1872 1871
1984 3 2 0 16 1846 1847 1873 1872
1985 3 2 0 16 1847 142 143 1873
1986 3 2 0 16 286 1848 1874 287
1987 3 2 0 16 1848 1849 1875 1874
1988 3 2 0 16 1849 1850 1876 1875
1989 3 2 0 16 1850 1851 1877 1876
1990 3 2 0 16 1851 1852 1878 1877
1991 3 2 0 16 1852 1853 1879 1878
1992 3 2 0 16 1853 1854 1880 1879
1993 3 2 0 16 1854 1855 1881 1880
1994 3 2 0 16 1855 1856 1882 1881
1995 3 2 0 16 1856 1857 1883 1882
1996 3 2 0 16 1857 1858 1884 1883
1997 3 2 0 16 1858 1859 1885 1884
1998 3 2 0 16 1859 1860 1886 1885
1999 3 2 0 16 1860 1861 1887 1886
2000 3 2 0 16 1861 1862 1888 1887
2001 3 2 0 16 1862 1863 1889 1888
2002 3 2 0 16 1863 1864 1890 1889
2003 3 2 0 16 1864 1865 1891 1890
2004 3 2 0 16 1865 1866 1892 1891
2005 3 2 0 16 1866 1867 1893 1892
2006 3 2 0 16 1867 1868 1894 1893
2007 3 2 0 16 1868 1869 1895 1894
2008 3 2 0 16 1869 1870 1896 1895
2009 3 2 0 16 1870 1871 1897 1896
2010 3 2 0 16 1871 1872 1898 1897
2011 3 2 0 16 1872 1873 1899 1898
2012 3 2 0 16 1873 143 144 1899
2013 3 2 0 16 287 1874 1900 288
2014 3 2 0 16 1874 1875 1901 1900
2015 3 2 0 16 1875 1876 1902 1901
2016 3 2 0 16 1876 1877 1903 1902
2017 3 2 0 16 1877 1878 1904 1903
2018 3 2 0 16 1878 1879 1905 1904
2019 3 2 0 16 1879 1880 1906 1905
2020 3 2 0 16 1880 1881 1907 1906
2021 3 2 0 16 1881 1882 1908 1907
2022 3 2 0 16 1882 1883 1909 1908
2023 3 2 0 16 1883 1884 1910 1909
2024 3 2 0 16 1884 1885 1911 1910
2025 3 2 0 16 1885 1886 1912 1911
2026 3 2 0 16 1886 1887 1913 1912
2027 3 2 0 16 1887 1888 1914 1913
2028 3 2 0 16 1888 1889 1915 1914
2029 3 2 0 16 1889 1890 1916 1915
2030 3 2 0 16 1890 1891 1917 1916
2031 3 2 0 16 1891 1892 1918 1917
2032 3 2 0 16 1892 1893 1919 1918
2033 3 2 0 16 1893 1894 1920 1919
2034 3 2 0 16 1894 1895 1921 1920
2035 3 2 0 16 1895 1896 1922 1921
2036 3 2 0 16 1896 1897 1923 1922
2037 3 2 0 16 1897 1898 1924 1923
2038 3 2 0 16 1898 1899 1925 1924
2039 3 2 0 16 1899 144 145 1925
2040 3 2 0 16 288 1900 1926 289
2041 3 2 0 16 1900 1901 1927 1926
2042 3 2 0 16 1901 1902 1928 1927
2043 3 2 0 16 1902 1903 1929 1928
2044 3 2 0 16 1903 1904 1930 1929
2045 3 2 0 16 1904 1905 1931 1930
2046 3 2 0 16 1905 1906 1932 1931
2047 3 2 0 16 1906 1907 1933 1932
2048 3 2 0 16 1907 1908 1934 1933
2049 3 2 0 16 1908 1909 1935 1934
2050 3 2 0 16 1909 1910 1936 1935
2051 3 2 0 16 1910 1911 1937 1936
2052 3 2 0 16 1911 1912 1938 1937
2053 3 2 0 16 1912 1913 1939 1938
2054 3 2 0 16 1913 1914 1940 1939
2055 3 2 0 16 1914 1915 1941 1940
2056 3 2 0 16 1915 1916 1942 1941
2057 3 2 0 16 1916 1917 1943 1942
2058 3 2 0 16 1917 1918 1944 1943
2059 3 2 0 16 1918 1919 1945 1944
2060 3 2 0 16 1919 1920 1946 1945
2061 3 2 0 16 1920 1921 1947 1946
2062 3 2 0 16 1921 1922 1948 1947
2063 3 2 0 16 1922 1923 1949 1948
2064 3 2 0 16 1923 1924 1950 1949
2065 3 2 0 16 1924 1925 1951 1950
2066 3 2 0 16 1925 145 146 1951
2067 3 2 0 16 289 1926 1952 290
2068 3 2 0 16 1926 1927 1953 1952
2069 3 2 0 16 1927 1928 1954 1953
2070 3 2 0 16 1928 1929 1955 1954
2071 3 2 0 16 1929 1930 1956 1955
2072 3 2 0 16 1930 1931 1957 1956
2073 3 2 0 16 1931 1932 1958 1957
2074 3 2 0 16 1932 1933 1959 1958
2075 3 2 0 16 1933 1934 1960 1959
2076 3 2 0 16 1934 1935 1961 1960
2077 3 2 0 16 1935 1936 1962 1961
2078 3 2 0 16 1936 1937 1963 1962
2079 3 2 0 16 1937 1938 1964 1963
2080 3 2 0 16 1938 1939 1965 1964
2081 3 2 0 16 1939 1940 1966 1965
2082 3 2 0 16 1940 1941 1967 1966
2083 3 2 0 16 1941 1942 1968 1967
2084 3 2 0 16 1942 1943 1969 1968
2085 3 2 0 16 1943 1944 1970 1969
2086 3 2 0 16 1944 1945 1971 1970
2087 3 2 0 16 1945 1946 1972 1971
2088 3 2 0 16 1946 1947 1973 1972
2089 3 2 0 16 1947 1948 1974 1973
2090 3 2 0 16 1948 1949 1975 1974
2091 3 2 0 16 1949 1950 1976 1975
2092 3 2 0 16 1950 1951 1977 1976
2093 3 2 0 16 1951 146 147 1977
2094 3 2 0 16 290 1952 1978 291
2095 3 2 0 16 1952 1953 1979 1978
2096 3 2 0 16 1953 1954 1980 1979
2097 3 2 0 16 1954 1955 1981 1980
2098 3 2 0 16 1955 1956 1982 1981
2099 3 2 0 16 1956 1957 1983 1982
2100 3 2 0 16 1957 1958 1984 1983
2101 3 2 0 16 1958 1959 1985 1984
2102 3 2 0 16 1959 1960 1986 1985
2103 3 2 0 16 1960 1961 1987 1986
2104 3 2 0 16 1961 1962 1988 1987
2105 3 2 0 16 1962 1963 1989 1988
2106 3 2 0 16 1963 1964 1990 1989
2107 3 2 0 16 1964 1965 1991 1990
2108 3 2 0 16 1965 1966 1992 1991
2109 3 2 0 16 1966 1967 1993 1992
2110 3 2 0 16 1967 1968 1994 1993
2111 3 2 0 16 1968 1969 1995 1994
2112 3 2 0 16 1969 1970 1996 1995
2113 3 2 0 16 1970 1971 1997 1996
2114 3 2 0 16 1971 1972 1998 1997
2115 3 2 0 16 1972 1973 1999 1998
2116 3 2 0 16 1973 1974 2000 1999
2117 3 2 0 16 1974 1975 2001 2000
2118 3 2 0 16 1975 1976 2002 2001
2119 3 2 0 16 1976 1977 2003 2002
2120 3 2 0 16 1977 147 148 2003
2121 3 2 0 16 291 1978 2004 292
2122 3 2 0 16 1978 1979 2005 2004
2123 3 2 0 16 1979 1980 2006 2005
2124 3 2 0 16 1980 1981 2007 2006
2125 3 2 0 16 1981 1982 2008 2007
2126 3 2 0 16 1982 1983 2009 2008
2127 3 2 0 16 1983 1984 2010 2009
2128 3 2 0 16 1984 1985 2011 2010
2129 3 2 0 16 1985 1986 2012 2011
2130 3 2 0 16 1986 1987 2013 2012
2131 3 2 0 16 1987 1988 2014 2013
2132 3 2 0 16 1988 1989 2015 2014
2133 3 2 0 16 1989 1990 2016 2015
2134 3 2 0 16 1990 1991 2017 2016
2135 3 2 0 16 1991 1992 2018 2017
2136 3 2 0 16 1992 1993 2019 2018
2137 3 2 0 16 1993 1994 2020 2019
2138 3 2 0 16 1994 1995 2021 2020
2139 3 2 0 16 1995 1996 2022 2021
2140 3 2 0 16 1996 1997 2023 2022
2141 3 2 0 16 1997 1998 2024 2023
2142 3 2 0 16 1998 1999 2025 2024
2143 3 2 0 16 1999 2000 2026 2025
2144 3 2 0 16 2000 2001 2027 2026
2145 3 2 0 16 2001 2002 2028 2027
2146 3 2 0 16 2002 2003 2029 2028
2147 3 2 0 16 2003 148 149 2029
2148 3 2 0 16 292 2004 2030 293
2149 3 2 0 16 2004 2005 2031 2030
2150 3 2 0 16 2005 2006 2032 2031
2151 3 2 0 16 2006 2007 2033 2032
2152 3 2 0 16 2007 2008 2034 2033
2153 3 2 0 16 2008 2009 2035 2034
2154 3 2 0 16 2009 2010 2036 2035
2155 3 2 0 16 2010 2011 2037 2036
2156 3 2 0 16 2011 2012 2038 2037
2157 3 2 0 16 2012 2013 2039 2038
2158 3 2 0 16 2013 2014 2040 2039
2159 3 2 0 16 2014 2015 2041 2040
2160 3 2 0 16 2015 2016 2042 2041
2161 3 2 0 16 2016 2017 2043 2042
2162 3 2 0 16 2017 2018 2044 2043
2163 3 2 0 16 2018 2019 2045 2044
2164 3 2 0 16 2019 2020 2046 2045
2165 3 2 0 16 2020 2021 2047 2046
2166 3 2 0 16 2021 2022 2048 2047
2167 3 2 0 16 2022 2023 2049 2048
2168 3 2 0 16 2023 2024 2050 2049
2169 3 2 0 16 2024 2025 2051 2050
2170 3 2 0 16 2025 2026 2052 2051
2171 3 2 0 16 2026 2027 2053 2052
2172 3 2 0 16 2027 2028 2054 2053
2173 3 2 0 16 2028 2029 2055 2054
2174 3 2 0 16 2029 149 150 2055
2175 3 2 0 16 293 2030 2056 294
2176 3 2 0 16 2030 2031 2057 2056
2177 3 2 0 16 2031 2032 2058 2057
2178 3 2 0 16 2032 2033 2059 2058
2179 3 2 0 16 2033 2034 2060 2059
2180 3 2 0 16 2034 2035 2061 2060
2181 3 2 0 16 2035 2036 2062 2061
2182 3 2 0 16 2036 2037 2063 2062
2183 3 2 0 16 2037 2038 2064 2063
2184 3 2 0 16 2038 2039 2065 2064
2185 3 2 0 16 2039 2040 2066 2065
2186 3 2 0 16 2040 2041 2067 2066
2187 3 2 0 16 2041 2042 2068 2067
2188 3 2 0 16 2042 2043 2069 2068
2189 3 2 0 16 2043 2044 2070 2069
2190 3 2 0 16 2044 2045 2071 2070
2191 3 2 0 16 2045 2046 2072 2071
2192 3 2 0 16 2046 2047 2073 2072
2193 3 2 0 16 2047 2048 2074 2073
2194 3 2 0 16 2048 2049 2075 2074
2195 3 2 0 16 2049 2050 2076 2075
2196 3 2 0 16 2050 2051 2077 2076
2197 3 2 0 16 2051 2052 2078 2077
2198 3 2 0 16 2052 2053 2079 2078
2199 3 2 0 16 2053 2054 2080 2079
2200 3 2 0 16 2054 2055 2081 2080
2201 3 2 0 16 2055 150 151 2081
2202 3 2 0 16 294 2056 2082 295
2203 3 2 0 16 2056 2057 2083 2082
2204 3 2 0 16 2057 2058 2084 2083
2205 3 2 0 16 2058 2059 2085 2084
2206 3 2 0 16 2059 2060 2086 2085
2207 3 2 0 16 2060 2061 2087 2086
2208 3 2 0 16 2061 2062 2088 2087
2209 3 2 0 16 2062 2063 2089 2088
2210 3 2 0 16 2063 2064 2090 2089
2211 3 2 0 16 2064 2065 2091 2090
2212 3 2 0 16 2065 2066 2092 2091
2213 3 2 0 16 2066 2067 2093 2092
2214 3 2 0 16 2067 2068 2094 2093
2215 3 2 0 16 2068 2069 2095 2094
2216 3 2 0 16 2069 2070 2096 2095
2217 3 2 0 16 2070 2071 2097 2096
2218 3 2 0 16 2071 2072 2098 2097
2219 3 2 0 16 2072 2073 2099 2098
2220 3 2 0 16 2073 2074 2100 2099
2221 3 2 0 16 2074 2075 2101 2100
2222 3 2 0 16 2075 2076 2102 2101
2223 3 2 0 16 2076 2077 2103 2102
2224 3 2 0 16 2077 2078 2104 2103
2225 3 2 0 16 2078 2079 2105 2104
2226 3 2 0 16 2079 2080 2106 2105
2227 3 2 0 16 2080 2081 2107 2106
2228 3 2 0 16 2081 151 152 2107
2229 3 2 0 16 295 2082 2108 296
2230 3 2 0 16 2082 2083 2109 2108
2231 3 2 0 16 2083 2084 2110 2109
2232 3 2 0 16 2084 2085 2111 2110
2233 3 2 0 16 2085 2086 2112 2111
2234 3 2 0 16 2086 2087 2113 2112
2235 3 2 0 16 2087 2088 2114 2113
2236 3 2 0 16 2088 2089 2115 2114
2237 3 2 0 16 2089 2090 2116 2115
2238 3 2 0 16 2090 2091 2117 2116
2239 3 2 0 16 2091 2092 2118 2117
2240 3 2 0 16 2092 2093 2119 2118
2241 3 2 0 16 2093 2094 2120 2119
2242 3 2 0 16 2094 2095 2121 2120
2243 3 2 0 16 2095 2096 2122 2121
2244 3 2 0 16 2096 2097 2123 2122
2245 3 2 0 16 2097 2098 2124 2123
2246 3 2 0 16 2098 2099 2125 2124
2247 3 2 0 16 2099 2100 2126 2125
2248 3 2 0 16 2100 2101 2127 2126
2249 3 2 0 16 2101 2102 2128 2127
2250 3 2 0 16 2102 2103 2129 2128
2251 3 2 0 16 2103 2104 2130 2129
2252 3 2 0 16 2104 2105 2131 2130
2253 3 2 0 16 2105 2106 2132 2131
2254 3 2 0 16 2106 2107 2133 2132
2255 3 2 0 16 2107 152 153 2133
2256 3 2 0 16 296 2108 2134 297
2257 3 2 0 16 2108 2109 2135 2134
2258 3 2 0 16 2109 2110 2136 2135
2259 3 2 0 16 2110 2111 2137 2136
2260 3 2 0 16 2111 2112 2138 2137
2261 3 2 0 16 2112 2113 2139 2138
2262 3 2 0 16 2113 2114 2140 2139
2263 3 2 0 16 2114 2115 2141 2140
2264 3 2 0 16 2115 2116 2142 2141
2265 3 2 0 16 2116 2117 2143 2142
2266 3 2 0 16 2117 2118 2144 2143
2267 3 2 0 16 2118 2119 2145 2144
2268 3 2 0 16 2119 2120 2146 2145
2269 3 2 0 16 2120 2121 2147 2146
2270 3 2 0 16 2121 2122 2148 2147
2271 3 2 0 16 2122 2123 2149 2148
2272 3 2 0 16 2123 2124 2150 2149
2273 3 2 0 16 2124 2125 2151 2150
2274 3 2 0 16 2125 2126 2152 2151
2275 3 2 0 16 2126 2127 2153 2152
2276 3 2 0 16 2127 2128 2154 2153
2277 3 2 0 16 2128 2129 2155 2154
2278 3 2 0 16 2129 2130 2156 2155
2279 3 2 0 16 2130 2131 2157 2156
2280 3 2 0 16 2131 2132 2158 2157
2281 3 2 0 16 2132 2133 2159 2158
2282 3 2 0 16 2133 153 154 2159
2283 3 2 0 16 297 2134 227 9
2284 3 2 0 16 2134 2135 226 227
2285 3 2 0 16 2135 2136 225 226
2286 3 2 0 16 2136 2137 224 225
2287 3 2 0 16 2137 2138 223 224
2288 3 2 0 16 2138 2139 222 223
2289 3 2 0 16 2139 2140 221 222
2290 3 2 0 16 2140 2141 220 221
2291 3 2 0 16 2141 2142 219 220
2292 3 2 0 16 2142 2143 218 219
2293 3 2 0 16 2143 2144 217 218
2294 3 2 0 16 2144 2145 216 217
2295 3 2 0 16 2145 2146 215 216
2296 3 2 0 16 2146 2147 214 215
2297 3 2 0 16 2147 2148 213 214
2298 3 2 0 16 2148 2149 212 213
2299 3 2 0 16 2149 2150 211 212
2300 3 2 0 16 2150 2151 210 211
2301 3 2 0 16 2151 2152 209 210
2302 3 2 0 16 2152 2153 208 209
2303 3 2 0 16 2153 2154 207 208
2304 3 2 0 16 2154 2155 206 207
2305 3 2 0 16 2155 2156 205 206
2306 3 2 0 16 2156 2157 204 205
2307 3 2 0 16 2157 2158 203 204
2308 3 2 0 16 2158 2159 202 203
2309 3 2 0 16 2159 154 6 202
2310 3 2 0 18 6 155 2160 202
2311 3 2 0 18 202 2160 2161 203
2312 3 2 0 18 203 2161 2162 204
2313 3 2 0 18 204 2162 2163 205
2314 3 2 0 18 205 2163 2164 206
2315 3 2 0 18 206 2164 2165 207
2316 3 2 0 18 207 2165 2166 208
2317 3 2 0 18 208 2166 2167 209
2318 3 2 0 18 209 2167 2168 210
2319 3 2 0 18 210 2168 2169 211
2320 3 2 0 18 211 2169 2170 212
2321 3 2 0 18 212 2170 2171 213
2322 3 2 0 18 213 2171 2172 214
2323 3 2 0 18 214 2172 2173 215
2324 3 2 0 18 215 2173 2174 216
2325 3 2 0 18 216 2174 2175 217
2326 3 2 0 18 217 2175 2176 218
2327 3 2 0 18 218 2176 2177 219
2328 3 2 0 18 219 2177 2178 220
2329 3 2 0 18 220 2178 2179 221
2330 3 2 0 18 221 2179 2180 222
2331 3 2 0 18 222 2180 2181 223
2332 3 2 0 18 223 2181 2182 224
2333 3 2 0 18 224 2182 2183 225
2334 3 2 0 18 225 2183 2184 226
2335 3 2 0 18 226 2184 2185 227
2336 3 2 0 18 227 2185 240 9
2337 3 2 0 18 155 156 2186 2160
2338 3 2 0 18 2160 2186 2187 2161
2339 3 2 0 18 2161 2187 2188 2162
2340 3 2 0 18 2162 2188 2189 2163
2341 3 2 0 18 2163 2189 2190 2164
2342 3 2 0 18 2164 2190 2191 2165
2343 3 2 0 18 2165 2191 2192 2166
2344 3 2 0 18 2166 2192 2193 2167
2345 3 2 0 18 2167 2193 2194 2168
2346 3 2 0 18 2168 2194 2195 2169
2347 3 2 0 18 2169 2195 2196 2170
2348 3 2 0 18 2170 2196 2197 2171
2349 3 2 0 18 2171 2197 2198 2172
2350 3 2 0 18 2172 2198 2199 2173
2351 3 2 0 18 2173 2199 2200 2174
2352 3 2 0 18 2174 2200 2201 2175
2353 3 2 0 18 2175 2201 2202 2176
2354 3 2 0 18 2176 2202 2203 2177
2355 3 2 0 18 2177 2203 2204 2178
2356 3 2 0 18 2178 2204 2205 2179
2357 3 2 0 18 2179 2205 2206 2180
2358 3 2 0 18 2180 2206 2207 2181
2359 3 2 0 18 2181 2207 2208 2182
2360 3 2 0 18 2182 2208 2209 2183
2361 3 2 0 18 2183 2209 2210 2184
2362 3 2 0 18 2184 2210 2211 2185
2363 3 2 0 18 2185 2211 241 240
2364 3 2 0 18 156 157 2212 2186
2365 3 2 0 18 2186 2212 2213 2187
2366 3 2 0 18 2187 2213 2214 2188
2367 3 2 0 18 2188 2214 2215 2189
2368 3 2 0 18 2189 2215 2216 2190
2369 3 2 0 18 2190 2216 2217 2191
2370 3 2 0 18 2191 2217 2218 2192
2371 3 2 0 18 2192 2218 2219 2193
2372 3 2 0 18 2193 2219 2220 2194
2373 3 2 0 18 2194 2220 2221 2195
2374 3 2 0 18 2195 2221 2222 2196
2375 3 2 0 18 2196 2222 2223 2197
2376 3 2 0 18 2197 2223 2224 2198
2377 3 2 0 18 2198 2224 2225 2199
2378 3 2 0 18 2199 2225 2226 2200
2379 3 2 0 18 2200 2226 2227 2201
2380 3 2 0 18 2201 2227 2228 2202
2381 3 2 0 18 2202 2228 2229 2203
2382 3 2 0 18 2203 2229 2230 2204
2383 3 2 0 18 2204 2230 2231 2205
2384 3 2 0 18 2205 2231 2232 2206
2385 3 2 0 18 2206 2232 2233 2207
2386 3 2 0 18 2207 2233 2234 2208
2387 3 2 0 18 2208 2234 2235 2209
2388 3 2 0 18 2209 2235 2236 2210
2389 3 2 0 18 2210 2236 2237 2211
2390 3 2 0 18 2211 2237 242 241
2391 3 2 0 18 157 158 2238 2212
2392 3 2 0 18 2212 2238 2239 2213
2393 3 2 0 18 2213 2239 2240 2214
2394 3 2 0 18 2214 2240 2241 2215
2395 3 2 0 18 2215 2241 2242 2216
2396 3 2 0 18 2216 2242 2243 2217
2397 3 2 0 18 2217 2243 2244 2218
2398 3 2 0 18 2218 2244 2245 2219
2399 3 2 0 18 2219 2245 2246 2220
2400 3 2 0 18 2220 2246 2247 2221
2401 3 2 0 18 2221 2247 2248 2222
2402 3 2 0 18 2222 2248 2249 2223
2403 3 2 0 18 2223 2249 2250 2224
2404 3 2 0 18 2224 2250 2251 2225
2405 3 2 0 18 2225 2251 2252 2226
2406 3 2 0 18 2226 2252 2253 2227
2407 3 2 0 18 2227 2253 2254 2228
2408 3 2 0 18 2228 2254 2255 2229
2409 3 2 0 18 2229 2255 2256 2230
2410 3 2 0 18 2230 2256 2257 2231
2411 3 2 0 18 2231 2257 2258 2232
2412 3 2 0 18 2232 2258 2259 2233
2413 3 2 0 18 2233 2259 2260 2234
2414 3 2 0 18 2234 2260 2261 2235
2415 3 2 0 18 2235 2261 2262 2236
2416 3 2 0 18 2236 2262 2263 2237
2417 3 2 0 18 2237 2263 243 242
2418 3 2 0 18 158 159 2264 2238
2419 3 2 0 18 2238 2264 2265 2239
2420 3 2 0 18 2239 2265 2266 2240
2421 3 2 0 18 2240 2266 2267 2241
2422 3 2 0 18 2241 2267 2268 2242
2423 3 2 0 18 2242 2268 2269 2243
2424 3 2 0 18 2243 2269 2270 2244
2425 3 2 0 18 2244 2270 2271 2245
2426 3 2 0 18 2245 2271 2272 2246
2427 3 2 0 18 2246 2272 2273 2247
2428 3 2 0 18 2247 2273 2274 2248
2429 3 2 0 18 2248 2274 2275 2249
2430 3 2 0 18 2249 2275 2276 2250
2431 3 2 0 18 2250 2276 2277 2251
2432 3 2 0 18 2251 2277 2278 2252
2433 3 2 0 18 2252 2278 2279 2253
2434 3 2 0 18 2253 2279 2280 2254
2435 3 2 0 18 2254 2280 2281 2255
2436 3 2 0 18 2255 2281 2282 2256
2437 3 2 0 18 2256 2282 2283 2257
2438 3 2 0 18 2257 2283 2284 2258
2439 3 2 0 18 2258 2284 2285 2259
2440 3 2 0 18 2259 2285 2286 2260
2441 3 2 0 18 2260 2286 2287 2261
2442 3 2 0 18 2261 2287 2288 2262
2443 3 2 0 18 2262 2288 2289 2263
2444 3 2 0 18 2263 2289 244 243
2445 3 2 0 18 159 160 2290 2264
2446 3 2 0 18 2264 2290 2291 2265
2447 3 2 0 18 2265 2291 2292 2266
2448 3 2 0 18 2266 2292 2293 2267
2449 3 2 0 18 2267 2293 2294 2268
2450 3 2 0 18 2268 2294 2295 2269
2451 3 2 0 18 2269 2295 2296 2270
2452 3 2 0 18 2270 2296 2297 2271
2453 3 2 0 18 2271 2297 2298 2272
2454 3 2 0 18 2272 2298 2299 2273
2455 3 2 0 18 2273 2299 2300 2274
2456 3 2 0 18 2274 2300 2301 2275
2457 3 2 0 18 2275 2301 2302 2276
2458 3 2 0 18 2276 2302 2303 2277
2459 3 2 0 18 2277 2303 2304 2278
2460 3 2 0 18 2278 2304 2305 2279
2461 3 2 0 18 2279 2305 2306 2280
2462 3 2 0 18 2280 2306 2307 2281
2463 3 2 0 18 2281 2307 2308 2282
2464 3 2 0 18 2282 2308 2309 2283
2465 3 2 0 18 2283 2309 2310 2284
2466 3 2 0 18 2284 2310 2311 2285
2467 3 2 0 18 2285 2311 2312 2286
2468 3 2 0 18 2286 2312 2313 2287
2469 3 2 0 18 2287 2313 2314 2288
2470 3 2 0 18 2288 2314 2315 2289
2471 3 2 0 18 2289 2315 245 244
2472 3 2 0 18 160 161 2316 2290
2473 3 2 0 18 2290 2316 2317 2291
2474 3 2 0 18 2291 2317 2318 2292
2475 3 2 0 18 2292 2318 2319 2293
2476 3 2 0 18 2293 2319 2320 2294
2477 3 2 0 18 2294 2320 2321 2295
2478 3 2 0 18 2295 2321 2322 2296
2479 3 2 0 18 2296 2322 2323 2297
2480 3 2 0 18 2297 2323 2324 2298
2481 3 2 0 18 2298 2324 2325 2299
2482 3 2 0 18 2299 2325 2326 2300
2483 3 2 0 18 2300 2326 2327 2301
2484 3 2 0 18 2301 2327 2328 2302
2485 3 2 0 18 2302 2328 2329 2303
2486 3 2 0 18 2303 2329 2330 2304
2487 3 2 0 18 2304 2330 2331 2305
2488 3 2 0 18 2305 2331 2332 2306
2489 3 2 0 18 2306 2332 2333 2307
2490 3 2 0 18 2307 2333 2334 2308
2491 3 2 0 18 2308 2334 2335 2309
2492 3 2 0 18 2309 2335 2336 2310
2493 3 2 0 18 2310 2336 2337 2311
2494 3 2 0 18 2311 2337 2338 2312
2495 3 2 0 18 2312 2338 2339 2313
2496 3 2 0 18 2313 2339 2340 2314
2497 3 2 0 18 2314 2340 2341 2315
2498 3 2 0 18 2315 2341 246 245
2499 3 2 0 18 161 162 2342 2316
2500 3 2 0 18 2316 2342 2343 2317
2501 3 2 0 18 2317 2343 2344 2318
2502 3 2 0 18 2318 2344 2345 2319
2503 3 2 0 18 2319 2345 2346 2320
2504 3 2 0 18 2320 2346 2347 2321
2505 3 2 0 18 2321 2347 2348 2322
2506 3 2 0 18 2322 2348 2349 2323
2507 3 2 0 18 2323 2349 2350 2324
2508 3 2 0 18 2324 2350 2351 2325
2509 3 2 0 18 2325 2351 2352 2326
2510 3 2 0 18 2326 2352 2353 2327
2511 3 2 0 18 2327 2353 2354 2328
2512 3 2 0 18 2328 2354 2355 2329
2513 3 2 0 18 2329 2355 2356 2330
2514 3 2 0 18 2330 2356 2357 2331
2515 3 2 0 18 2331 2357 2358 2332
2516 3 2 0 18 2332 2358 2359 2333
2517 3 2 0 18 2333 2359 2360 2334
2518 3 2 0 18 2334 2360 2361 2335
2519 3 2 0 18 2335 2361 2362 2336
2520 3 2 0 18 2336 2362 2363 2337
2521 3 2 0 18 2337 2363 2364 2338
2522 3 2 0 18 2338 2364 2365 2339
2523 3 2 0 18 2339 2365 2366 2340
2524 3 2 0 18 2340 2366 2367 2341
2525 3 2 0 18 2341 2367 247 246
2526 3 2 0 18 162 163 2368 2342
2527 3 2 0 18 2342 2368 2369 2343
2528 3 2 0 18 2343 2369 2370 2344
2529 3 2 0 18 2344 2370 2371 2345
2530 3 2 0 18 2345 2371 2372 2346
2531 3 2 0 18 2346 2372 2373 2347
2532 3 2 0 18 2347 2373 2374 2348
2533 3 2 0 18 2348 2374 2375 2349
2534 3 2 0 18 2349 2375 2376 2350
2535 3 2 0 18 2350 2376 2377 2351
2536 3 2 0 18 2351 2377 2378 2352
2537 3 2 0 18 2352 2378 2379 2353
2538 3 2 0 18 2353 2379 2380 2354
2539 3 2 0 18 2354 2380 2381 2355
2540 3 2 0 18 2355 2381 2382 2356
2541 3 2 0 18 2356 2382 2383 2357
2542 3 2 0 18 2357 2383 2384 2358
2543 3 2 0 18 2358 2384 2385 2359
2544 3 2 0 18 2359 2385 2386 2360
2545 3 2 0 18 2360 2386 2387 2361
2546 3 2 0 18 2361 2387 2388 2362
2547 3 2 0 18 2362 2388 2389 2363
2548 3 2 0 18 2363 2389 2390 2364
2549 3 2 0 18 2364 2390 2391 2365
2550 3 2 0 18 2365 2391 2392 2366
2551 3 2 0 18 2366 2392 2393 2367
2552 3 2 0 18 2367 2393 248 247
2553 3 2 0 18 163 7 164 2368
2554 3 2 0 18 2368 164 165 2369
2555 3 2 0 18 2369 165 166 2370
2556 3 2 0 18 2370 166 167 2371
2557 3 2 0 18 2371 167 168 2372
2558 3 2 0 18 2372 168 169 2373
2559 3 2 0 18 2373 169 170 2374
2560 3 2 0 18 2374 170 171 2375
2561 3 2 0 18 2375 171 172 2376
2562 3 2 0 18 2376 172 173 2377
2563 3 2 0 18 2377 173 174 2378
2564 3 2 0 18 2378 174 175 2379
2565 3 2 0 18 2379 175 176 2380
2566 3 2 0 18 2380 176 177 2381
2567 3 2 0 18 2381 177 178 2382
2568 3 2 0 18 2382 178 179 2383
2569 3 2 0 18 2383 179 180 2384
2570 3 2 0 18 2384 180 181 2385
2571 3 2 0 18 2385 181 182 2386
2572 3 2 0 18 2386 182 183 2387
2573 3 2 0 18 2387 183 184 2388
2574 3 2 0 18 2388 184 185 2389
2575 3 2 0 18 2389 185 186 2390
2576 3 2 0 18 2390 186 187 2391
2577 3 2 0 18 2391 187 188 2392
2578 3 2 0 18 2392 188 189 2393
2579 3 2 0 18 2393 189 8 248
2580 3 2 0 20 1 10 2394 201
2581 3 2 0 20 201 2394 2395 200
2582 3 2 0 20 200 2395 2396 199
2583 3 2 0 20 199 2396 2397 198
2584 3 2 0 20 198 2397 2398 197
2585 3 2 0 20 197 2398 2399 196
2586 3 2 0 20 196 2399 2400 195
2587 3 2 0 20 195 2400 2401 194
2588 3 2 0 20 194 2401 2402 193
2589 3 2 0 20 193 2402 2403 192
2590 3 2 0 20 192 2403 2404 191
2591 3 2 0 20 191 2404 2405 190
2592 3 2 0 20 190 2405 248 8
2593 3 2 0 20 10 11 2406 2394
2594 3 2 0 20 2394 2406 2407 2395
2595 3 2 0 20 2395 2407 2408 2396
2596 3 2 0 20 2396 2408 2409 2397
2597 3 2 0 20 2397 2409 2410 2398
2598 3 2 0 20 2398 2410 2411 2399
2599 3 2 0 20 2399 2411 2412 2400
2600 3 2 0 20 2400 2412 2413 2401
2601 3 2 0 20 2401 2413 2414 2402
2602 3 2 0 20 2402 2414 2415 2403
2603 3 2 0 20 2403 2415 2416 2404
2604 3 2 0 20 2404 2416 2417 2405
2605 3 2 0 20 2405 2417 247 248
2606 3 2 0 20 11 12 2418 2406
2607 3 2 0 20 2406 2418 2419 2407
2608 3 2 0 20 2407 2419 2420 2408
2609 3 2 0 20 2408 2420 2421 2409
2610 3 2 0 20 2409 2421 2422 2410
2611 3 2 0 20 2410 2422 2423 2411
2612 3 2 0 20 2411 2423 2424 2412
2613 3 2 0 20 2412 2424 2425 2413
2614 3 2 0 20 2413 2425 2426 2414
2615 3 2 0 20 2414 2426 2427 2415
2616 3 2 0 20 2415 2427 2428 2416
2617 3 2 0 20 2416 2428 2429 2417
2618 3 2 0 20 2417 2429 246 247
2619 3 2 0 20 12 13 2430 2418
2620 3 2 0 20 2418 2430 2431 2419
2621 3 2 0 20 2419 2431 2432 2420
2622 3 2 0 20 2420 2432 2433 2421
2623 3 2 0 20 2421 2433 2434 2422
2624 3 2 0 20 2422 2434 2435 2423
2625 3 2 0 20 2423 2435 2436 2424
2626 3 2 0 20 2424 2436 2437 2425
2627 3 2 0 20 2425 2437 2438 2426
2628 3 2 0 20 2426 2438 2439 2427
2629 3 2 0 20 2427 2439 2440 2428
2630 3 2 0 20 2428 2440 2441 2429
2631 3 2 0 20 2429 2441 245 246
2632 3 2 0 20 13 14 2442 2430
2633 3 2 0 20 2430 2442 2443 2431
2634 3 2 0 20 2431 2443 2444 2432
2635 3 2 0 20 2432 2444 2445 2433
2636 3 2 0 20 2433 2445 2446 2434
2637 3 2 0 20 2434 2446 2447 2435
2638 3 2 0 20 2435 2447 2448 2436
2639 3 2 0 20 2436 2448 2449 2437
2640 3 2 0 20 2437 2449 2450 2438
2641 3 2 0 20 2438 2450 2451 2439
2642 3 2 0 20 2439 2451 2452 2440
2643 3 2 0 20 2440 2452 2453 2441
2644 3 2 0 20 2441 2453 244 245
2645 3 2 0 20 14 15 2454 2442
2646 3 2 0 20 2442 2454 2455 2443
2647 3 2 0 20 2443 2455 2456 2444
2648 3 2 0 20 2444 2456 2457 2445
2649 3 2 0 20 2445 2457 2458 2446
2650 3 2 0 20 2446 2458 2459 2447
2651 3 2 0 20 2447 2459 2460 2448
2652 3 2 0 20 2448 2460 2461 2449
2653 3 2 0 20 2449 2461 2462 2450
2654 3 2 0 20 2450 2462 2463 2451
2655 3 2 0 20 2451 2463 2464 2452
2656 3 2 0 20 2452 2464 2465 2453
2657 3 2 0 20 2453 2465 243 244
2658 3 2 0 20 15 16 2466 2454
2659 3 2 0 20 2454 2466 2467 2455
2660 3 2 0 20 2455 2467 2468 2456
2661 3 2 0 20 2456 2468 2469 2457
2662 3 2 0 20 2457 2469 2470 2458
2663 3 2 0 20 2458 2470 2471 2459
2664 3 2 0 20 2459 2471 2472 2460
2665 3 2 0 20 2460 2472 2473 2461
2666 3 2 0 20 2461 2473 2474 2462
2667 3 2 0 20 2462 2474 2475 2463
2668 3 2 0 20 2463 2475 2476 2464
2669 3 2 0 20 2464 2476 2477 2465
2670 3 2 0 20 2465 2477 242 243
2671 3 2 0 20 16 17 2478 2466
2672 3 2 0 20 2466 2478 2479 2467
2673 3 2 0 20 2467 2479 2480 2468
2674 3 2 0 20 2468 2480 2481 2469
2675 3 2 0 20 2469 2481 2482 2470
2676 3 2 0 20 2470 2482 2483 2471
2677 3 2 0 20 2471 2483 2484 2472
2678 3 2 0 20 2472 2484 2485 2473
2679 3 2 0 20 2473 2485 2486 2474
2680 3 2 0 20 2474 2486 2487 2475
2681 3 2 0 20 2475 2487 2488 2476
2682 3 2 0 20 2476 2488 2489 2477
2683 3 2 0 20 2477 2489 241 242
2684 3 2 0 20 17 18 2490 2478
2685 3 2 0 20 2478 2490 2491 2479
2686 3 2 0 20 2479 2491 2492 2480
2687 3 2 0 20 2480 2492 2493 2481
2688 3 2 0 20 2481 2493 2494 2482
2689 3 2 0 20 2482 2494 2495 2483
2690 3 2 0 20 2483 2495 2496 2484
2691 3 2 0 20 2484 2496 2497 2485
2692 3 2 0 20 2485 2497 2498 2486
2693 3 2 0 20 2486 2498 2499 2487
2694 3 2 0 20 2487 2499 2500 2488
2695 3 2 0 20 2488 2500 2501 2489
2696 3 2 0 20 2489 2501 240 241
2697 3 2 0 20 18 2 239 2490
2698 3 2 0 20 2490 239 238 2491
2699 3 2 0 20 2491 238 237 2492
2700 3 2 0 20 2492 237 236 2493
2701 3 2 0 20 2493 236 235 2494
2702 3 2 0 20 2494 235 234 2495
2703 3 2 0 20 2495 234 233 2496
2704 3 2 0 20 2496 233 232 2497
2705 3 2 0 20 2497 232 231 2498
2706 3 2 0 20 2498 231 230 2499
2707 3 2 0 20 2499 230 229 2500
2708 3 2 0 20 2500 229 228 2501
2709 3 2 0 20 2501 228 9 240
$EndElements
